ISO-10303-21;
HEADER;
/* Generated by software containing ST-Developer
 * from STEP Tools, Inc. (www.steptools.com) 
 */
/* OPTION: using custom renumber hook */

FILE_DESCRIPTION(
/* description */ ('STEP AP242 Edition 2',
'CAx-IF Rec.Pracs.---Representation and Presentation of Product Manufa
cturing Information (PMI)---4.0---2014-10-13',
'CAx-IF Rec.Pracs.---3D Tessellated Geometry---0.4---2014-09-14','2;1',
'CAx-IF Rec.Pracs.---User Defined Attributes---1.5---2016-08-15'),
/* implementation_level */ '2;1');

FILE_NAME(
/* name */ 'BodyFinalPart1',
/* time_stamp */ '2026-05-18T00:10:06Z',
/* author */ (''),
/* organization */ (''),
/* preprocessor_version */ 'ST-DEVELOPER v20',
/* originating_system */ 'ONSHAPE BY PTC INC, 1.215',
/* authorisation */ '  ');

FILE_SCHEMA (('AP242_MANAGED_MODEL_BASED_3D_ENGINEERING_MIM_LF { 1 0 10303 442 3 1 4 }'));
ENDSEC;

DATA;
#10=SHAPE_REPRESENTATION_RELATIONSHIP('','',#5530,#11);
#11=ADVANCED_BREP_SHAPE_REPRESENTATION('',(#5528),#12730);
#12=B_SPLINE_SURFACE_WITH_KNOTS('',3,1,((#8084,#8085),(#8086,#8087),(#8088,
#8089),(#8090,#8091),(#8092,#8093),(#8094,#8095),(#8096,#8097)),
 .SURF_OF_LINEAR_EXTRUSION.,.F.,.F.,.F.,(4,1,1,1,4),(2,2),(0.620197631869063,
0.652850011428748,0.685502390988433,0.718154770548118,0.750807150107803),
(0.,1.),.UNSPECIFIED.);
#13=B_SPLINE_SURFACE_WITH_KNOTS('',3,1,((#8115,#8116),(#8117,#8118),(#8119,
#8120),(#8121,#8122),(#8123,#8124),(#8125,#8126),(#8127,#8128),(#8129,#8130),
(#8131,#8132),(#8133,#8134),(#8135,#8136)),.SURF_OF_LINEAR_EXTRUSION.,.F.,
 .F.,.F.,(4,1,1,1,1,1,1,1,4),(2,2),(0.782387740392522,0.809589272843457,
0.836790805294392,0.863992337745326,0.891193870196261,0.918395402647196,
0.94559693509813,0.972798467549065,1.),(0.,1.),.UNSPECIFIED.);
#14=B_SPLINE_SURFACE_WITH_KNOTS('',3,1,((#8149,#8150),(#8151,#8152),(#8153,
#8154),(#8155,#8156),(#8157,#8158),(#8159,#8160),(#8161,#8162),(#8163,#8164),
(#8165,#8166),(#8167,#8168),(#8169,#8170),(#8171,#8172),(#8173,#8174),(#8175,
#8176),(#8177,#8178),(#8179,#8180),(#8181,#8182),(#8183,#8184),(#8185,#8186),
(#8187,#8188)),.SURF_OF_LINEAR_EXTRUSION.,.F.,.F.,.F.,(4,1,1,1,1,1,1,1,
1,1,1,1,1,1,1,1,1,4),(2,2),(0.,0.0569640564385591,0.113928112877118,0.170892169315677,
0.227856225754236,0.284820282192795,0.341784338631354,0.398748395069913,
0.427230423289193,0.455712451508473,0.512676507947032,0.569640564385591,
0.62660462082415,0.683568677262709,0.740532733701268,0.797496790139827,
0.854460846578386,0.911424903016945),(0.,1.),.UNSPECIFIED.);
#15=B_SPLINE_SURFACE_WITH_KNOTS('',3,1,((#8204,#8205),(#8206,#8207),(#8208,
#8209),(#8210,#8211)),.SURF_OF_LINEAR_EXTRUSION.,.F.,.F.,.F.,(4,4),(2,2),
(0.911424903016945,1.),(0.,1.),.PIECEWISE_BEZIER_KNOTS.);
#16=B_SPLINE_SURFACE_WITH_KNOTS('',3,1,((#8218,#8219),(#8220,#8221),(#8222,
#8223),(#8224,#8225),(#8226,#8227),(#8228,#8229),(#8230,#8231),(#8232,#8233),
(#8234,#8235),(#8236,#8237)),.SURF_OF_LINEAR_EXTRUSION.,.F.,.F.,.F.,(4,
1,1,1,1,1,1,4),(2,2),(0.,0.0457382327959004,0.0686073491938506,0.0914764655918007,
0.114345581989751,0.137214698387701,0.160083814785651,0.182952931183601),
(0.,1.),.UNSPECIFIED.);
#17=B_SPLINE_SURFACE_WITH_KNOTS('',3,1,((#8250,#8251),(#8252,#8253),(#8254,
#8255),(#8256,#8257)),.SURF_OF_LINEAR_EXTRUSION.,.F.,.F.,.F.,(4,4),(2,2),
(0.182952931183601,0.215835952429471),(0.,1.),.PIECEWISE_BEZIER_KNOTS.);
#18=B_SPLINE_SURFACE_WITH_KNOTS('',3,1,((#8271,#8272),(#8273,#8274),(#8275,
#8276),(#8277,#8278),(#8279,#8280),(#8281,#8282),(#8283,#8284),(#8285,#8286),
(#8287,#8288),(#8289,#8290),(#8291,#8292)),.SURF_OF_LINEAR_EXTRUSION.,.F.,
 .F.,.F.,(4,1,1,1,1,1,1,1,4),(2,2),(0.215835952429471,0.239078990368682,
0.262322028307893,0.285565066247103,0.308808104186314,0.332051142125525,
0.355294180064736,0.378537218003947,0.401780255943157),(0.,1.),
 .UNSPECIFIED.);
#19=B_SPLINE_SURFACE_WITH_KNOTS('',3,1,((#8312,#8313),(#8314,#8315),(#8316,
#8317),(#8318,#8319),(#8320,#8321)),.SURF_OF_LINEAR_EXTRUSION.,.F.,.F.,
 .F.,(4,1,4),(2,2),(0.,0.5,1.),(0.,1.),.UNSPECIFIED.);
#20=B_SPLINE_SURFACE_WITH_KNOTS('',3,1,((#8338,#8339),(#8340,#8341),(#8342,
#8343),(#8344,#8345),(#8346,#8347),(#8348,#8349),(#8350,#8351),(#8352,#8353),
(#8354,#8355),(#8356,#8357),(#8358,#8359),(#8360,#8361),(#8362,#8363),(#8364,
#8365),(#8366,#8367),(#8368,#8369),(#8370,#8371),(#8372,#8373),(#8374,#8375),
(#8376,#8377),(#8378,#8379),(#8380,#8381),(#8382,#8383),(#8384,#8385),(#8386,
#8387),(#8388,#8389),(#8390,#8391),(#8392,#8393),(#8394,#8395),(#8396,#8397),
(#8398,#8399),(#8400,#8401),(#8402,#8403),(#8404,#8405),(#8406,#8407),(#8408,
#8409),(#8410,#8411),(#8412,#8413),(#8414,#8415),(#8416,#8417),(#8418,#8419),
(#8420,#8421),(#8422,#8423),(#8424,#8425),(#8426,#8427),(#8428,#8429),(#8430,
#8431),(#8432,#8433)),.SURF_OF_LINEAR_EXTRUSION.,.F.,.F.,.F.,(4,1,1,1,1,
1,1,1,1,1,1,1,1,1,1,1,1,1,1,1,1,1,1,1,1,1,1,1,1,1,1,1,1,1,1,1,1,1,1,1,1,
1,1,1,1,4),(2,2),(0.,0.03125,0.0625,0.09375,0.125,0.15625,0.171875,0.1875,
0.21875,0.25,0.265625,0.28125,0.3125,0.328125,0.34375,0.359375,0.375,0.40625,
0.4375,0.453125,0.46875,0.484375,0.5,0.515625,0.53125,0.546875,0.5625,0.578125,
0.59375,0.609375,0.625,0.65625,0.6875,0.71875,0.75,0.78125,0.8125,0.84375,
0.859375,0.875,0.890625,0.90625,0.921875,0.9375,0.96875,1.),(0.,1.),
 .UNSPECIFIED.);
#21=B_SPLINE_SURFACE_WITH_KNOTS('',3,1,((#8496,#8497),(#8498,#8499),(#8500,
#8501),(#8502,#8503),(#8504,#8505),(#8506,#8507)),
 .SURF_OF_LINEAR_EXTRUSION.,.F.,.F.,.F.,(4,1,1,4),(2,2),(0.432912644191774,
0.515359837926249,0.556583434793486,0.597807031660723),(0.,1.),
 .UNSPECIFIED.);
#22=B_SPLINE_SURFACE_WITH_KNOTS('',3,1,((#8550,#8551),(#8552,#8553),(#8554,
#8555),(#8556,#8557),(#8558,#8559),(#8560,#8561),(#8562,#8563)),
 .SURF_OF_LINEAR_EXTRUSION.,.F.,.F.,.F.,(4,1,1,1,4),(2,2),(0.720222062122377,
0.750831288761928,0.781440515401478,0.812049742041029,0.842658968680579),
(0.,1.),.UNSPECIFIED.);
#23=B_SPLINE_SURFACE_WITH_KNOTS('',3,1,((#8581,#8582),(#8583,#8584),(#8585,
#8586),(#8587,#8588),(#8589,#8590),(#8591,#8592)),
 .SURF_OF_LINEAR_EXTRUSION.,.F.,.F.,.F.,(4,1,1,4),(2,2),(0.546473282540404,
0.582822189882345,0.619171097224286,0.691868911908167),(0.,1.),
 .UNSPECIFIED.);
#24=B_SPLINE_SURFACE_WITH_KNOTS('',3,1,((#8610,#8611),(#8612,#8613),(#8614,
#8615),(#8616,#8617),(#8618,#8619),(#8620,#8621),(#8622,#8623),(#8624,#8625),
(#8626,#8627),(#8628,#8629)),.SURF_OF_LINEAR_EXTRUSION.,.F.,.F.,.F.,(4,
1,1,1,1,1,1,4),(2,2),(0.307223055720021,0.360166976538629,0.386638936947933,
0.413110897357237,0.439582857766541,0.466054818175845,0.492526778585149,
0.518998738994453),(0.,1.),.UNSPECIFIED.);
#25=B_SPLINE_SURFACE_WITH_KNOTS('',3,1,((#8649,#8650),(#8651,#8652),(#8653,
#8654),(#8655,#8656),(#8657,#8658),(#8659,#8660),(#8661,#8662),(#8663,#8664),
(#8665,#8666),(#8667,#8668),(#8669,#8670),(#8671,#8672),(#8673,#8674),(#8675,
#8676)),.SURF_OF_LINEAR_EXTRUSION.,.F.,.F.,.F.,(4,1,1,1,1,1,1,1,1,1,1,4),
(2,2),(0.00243275150250663,0.0186310445317717,0.0348293375610367,0.0672259236195667,
0.0834242166488317,0.0996225096780967,0.115820802707362,0.132019095736627,
0.164415681795157,0.196812267853687,0.229208853912217,0.261605439970747),
(0.,1.),.UNSPECIFIED.);
#26=B_SPLINE_SURFACE_WITH_KNOTS('',3,1,((#8691,#8692),(#8693,#8694),(#8695,
#8696),(#8697,#8698),(#8699,#8700),(#8701,#8702),(#8703,#8704)),
 .SURF_OF_LINEAR_EXTRUSION.,.F.,.F.,.F.,(4,1,1,1,4),(2,2),(0.776182116737009,
0.831212206441532,0.886242296146055,0.941272385850577,0.9963024755551),
(0.,1.),.UNSPECIFIED.);
#27=B_SPLINE_SURFACE_WITH_KNOTS('',3,1,((#8721,#8722),(#8723,#8724),(#8725,
#8726),(#8727,#8728),(#8729,#8730),(#8731,#8732),(#8733,#8734)),
 .SURF_OF_LINEAR_EXTRUSION.,.F.,.F.,.F.,(4,1,1,1,4),(2,2),(0.493501359422944,
0.553006872720779,0.612512386018614,0.67201789931645,0.731523412614285),
(0.,1.),.UNSPECIFIED.);
#28=B_SPLINE_SURFACE_WITH_KNOTS('',3,1,((#8752,#8753),(#8754,#8755),(#8756,
#8757),(#8758,#8759),(#8760,#8761),(#8762,#8763),(#8764,#8765)),
 .SURF_OF_LINEAR_EXTRUSION.,.F.,.F.,.F.,(4,1,1,1,4),(2,2),(0.145173969055288,
0.222452156793978,0.299730344532668,0.377008532271359,0.454286720010049),
(0.,1.),.UNSPECIFIED.);
#29=B_SPLINE_SURFACE_WITH_KNOTS('',3,1,((#8778,#8779),(#8780,#8781),(#8782,
#8783),(#8784,#8785)),.SURF_OF_LINEAR_EXTRUSION.,.F.,.F.,.F.,(4,4),(2,2),
(0.0647793038661131,0.145173969055288),(0.,1.),.PIECEWISE_BEZIER_KNOTS.);
#30=B_SPLINE_SURFACE_WITH_KNOTS('',3,1,((#8799,#8800),(#8801,#8802),(#8803,
#8804),(#8805,#8806)),.SURF_OF_LINEAR_EXTRUSION.,.F.,.F.,.F.,(4,4),(2,2),
(0.,0.0647793038661131),(0.,1.),.PIECEWISE_BEZIER_KNOTS.);
#31=B_SPLINE_SURFACE_WITH_KNOTS('',3,1,((#8815,#8816),(#8817,#8818),(#8819,
#8820),(#8821,#8822),(#8823,#8824),(#8825,#8826),(#8827,#8828)),
 .SURF_OF_LINEAR_EXTRUSION.,.F.,.F.,.F.,(4,1,1,1,4),(2,2),(0.,0.25,0.5,
0.75,1.),(0.,1.),.UNSPECIFIED.);
#32=B_SPLINE_SURFACE_WITH_KNOTS('',3,1,((#8837,#8838),(#8839,#8840),(#8841,
#8842),(#8843,#8844),(#8845,#8846),(#8847,#8848),(#8849,#8850)),
 .SURF_OF_LINEAR_EXTRUSION.,.F.,.F.,.F.,(4,1,1,1,4),(2,2),(0.634011089258264,
0.725508316943698,0.817005544629132,0.908502772314566,1.),(0.,1.),
 .UNSPECIFIED.);
#33=B_SPLINE_SURFACE_WITH_KNOTS('',3,1,((#8887,#8888),(#8889,#8890),(#8891,
#8892),(#8893,#8894),(#8895,#8896),(#8897,#8898),(#8899,#8900),(#8901,#8902),
(#8903,#8904),(#8905,#8906),(#8907,#8908)),.SURF_OF_LINEAR_EXTRUSION.,.F.,
 .F.,.F.,(4,1,1,1,1,1,1,1,4),(2,2),(0.778561491469759,0.806241305036039,
0.833921118602319,0.861600932168599,0.889280745734879,0.91696055930116,
0.94464037286744,0.97232018643372,1.),(0.,1.),.UNSPECIFIED.);
#34=B_SPLINE_SURFACE_WITH_KNOTS('',3,1,((#8929,#8930),(#8931,#8932),(#8933,
#8934),(#8935,#8936),(#8937,#8938)),.SURF_OF_LINEAR_EXTRUSION.,.F.,.F.,
 .F.,(4,1,4),(2,2),(0.588089102766921,0.660886117200449,0.733683131633976),
(0.,1.),.UNSPECIFIED.);
#35=B_SPLINE_SURFACE_WITH_KNOTS('',3,1,((#8956,#8957),(#8958,#8959),(#8960,
#8961),(#8962,#8963),(#8964,#8965),(#8966,#8967),(#8968,#8969)),
 .SURF_OF_LINEAR_EXTRUSION.,.F.,.F.,.F.,(4,1,1,1,4),(2,2),(0.384953845831596,
0.426200120484565,0.467446395137534,0.508692669790503,0.549938944443472),
(0.,1.),.UNSPECIFIED.);
#36=B_SPLINE_SURFACE_WITH_KNOTS('',3,1,((#8981,#8982),(#8983,#8984),(#8985,
#8986),(#8987,#8988)),.SURF_OF_LINEAR_EXTRUSION.,.F.,.F.,.F.,(4,4),(2,2),
(0.348905542706787,0.384953845831596),(0.,1.),.PIECEWISE_BEZIER_KNOTS.);
#37=B_SPLINE_SURFACE_WITH_KNOTS('',3,1,((#9002,#9003),(#9004,#9005),(#9006,
#9007),(#9008,#9009),(#9010,#9011),(#9012,#9013),(#9014,#9015)),
 .SURF_OF_LINEAR_EXTRUSION.,.F.,.F.,.F.,(4,1,1,1,4),(2,2),(0.202409745932226,
0.239033695125867,0.275657644319507,0.312281593513147,0.348905542706787),
(0.,1.),.UNSPECIFIED.);
#38=B_SPLINE_SURFACE_WITH_KNOTS('',3,1,((#9027,#9028),(#9029,#9030),(#9031,
#9032),(#9033,#9034)),.SURF_OF_LINEAR_EXTRUSION.,.F.,.F.,.F.,(4,4),(2,2),
(0.145270625745788,0.202409745932226),(0.,1.),.PIECEWISE_BEZIER_KNOTS.);
#39=B_SPLINE_SURFACE_WITH_KNOTS('',3,1,((#9048,#9049),(#9050,#9051),(#9052,
#9053),(#9054,#9055),(#9056,#9057),(#9058,#9059),(#9060,#9061),(#9062,#9063),
(#9064,#9065),(#9066,#9067),(#9068,#9069)),.SURF_OF_LINEAR_EXTRUSION.,.F.,
 .F.,.F.,(4,1,1,1,1,1,1,1,4),(2,2),(0.,0.0181588282182235,0.036317656436447,
0.0544764846546705,0.072635312872894,0.0907941410911175,0.108952969309341,
0.127111797527565,0.145270625745788),(0.,1.),.UNSPECIFIED.);
#40=B_SPLINE_SURFACE_WITH_KNOTS('',3,1,((#9081,#9082),(#9083,#9084),(#9085,
#9086),(#9087,#9088),(#9089,#9090),(#9091,#9092),(#9093,#9094),(#9095,#9096),
(#9097,#9098),(#9099,#9100),(#9101,#9102),(#9103,#9104),(#9105,#9106),(#9107,
#9108),(#9109,#9110),(#9111,#9112),(#9113,#9114)),
 .SURF_OF_LINEAR_EXTRUSION.,.F.,.F.,.F.,(4,1,1,1,1,1,1,1,1,1,1,1,1,1,4),
(2,2),(0.68346863872179,0.723035058881566,0.742818268961454,0.762601479041342,
0.782384689121231,0.802167899201119,0.821951109281007,0.841734319360895,
0.861517529440783,0.881300739520671,0.901083949600559,0.920867159680448,
0.940650369760336,0.960433579840224,1.),(0.,1.),.UNSPECIFIED.);
#41=B_SPLINE_SURFACE_WITH_KNOTS('',3,1,((#9135,#9136),(#9137,#9138),(#9139,
#9140),(#9141,#9142),(#9143,#9144)),.SURF_OF_LINEAR_EXTRUSION.,.F.,.F.,
 .F.,(4,1,4),(2,2),(0.538502002781292,0.597659210257676,0.656816417734059),
(0.,1.),.UNSPECIFIED.);
#42=B_SPLINE_SURFACE_WITH_KNOTS('',3,1,((#9161,#9162),(#9163,#9164),(#9165,
#9166),(#9167,#9168)),.SURF_OF_LINEAR_EXTRUSION.,.F.,.F.,.F.,(4,4),(2,2),
(0.391421284341653,0.51340294848309),(0.,1.),.PIECEWISE_BEZIER_KNOTS.);
#43=B_SPLINE_SURFACE_WITH_KNOTS('',3,1,((#9186,#9187),(#9188,#9189),(#9190,
#9191),(#9192,#9193),(#9194,#9195)),.SURF_OF_LINEAR_EXTRUSION.,.F.,.F.,
 .F.,(4,1,4),(2,2),(0.23291511299113,0.299366831025496,0.365818549059863),
(0.,1.),.UNSPECIFIED.);
#44=B_SPLINE_SURFACE_WITH_KNOTS('',3,1,((#9213,#9214),(#9215,#9216),(#9217,
#9218),(#9219,#9220),(#9221,#9222),(#9223,#9224),(#9225,#9226),(#9227,#9228)),
 .SURF_OF_LINEAR_EXTRUSION.,.F.,.F.,.F.,(4,1,1,1,1,4),(2,2),(0.,0.0241353047426999,
0.0482706094853999,0.0965412189707997,0.1448118284562,0.193082437941599),
(0.,1.),.UNSPECIFIED.);
#45=B_SPLINE_SURFACE_WITH_KNOTS('',3,1,((#9278,#9279),(#9280,#9281),(#9282,
#9283),(#9284,#9285),(#9286,#9287),(#9288,#9289),(#9290,#9291),(#9292,#9293),
(#9294,#9295),(#9296,#9297),(#9298,#9299),(#9300,#9301),(#9302,#9303),(#9304,
#9305),(#9306,#9307),(#9308,#9309),(#9310,#9311),(#9312,#9313),(#9314,#9315),
(#9316,#9317),(#9318,#9319),(#9320,#9321),(#9322,#9323),(#9324,#9325),(#9326,
#9327),(#9328,#9329),(#9330,#9331),(#9332,#9333),(#9334,#9335),(#9336,#9337),
(#9338,#9339),(#9340,#9341),(#9342,#9343),(#9344,#9345),(#9346,#9347),(#9348,
#9349),(#9350,#9351)),.SURF_OF_LINEAR_EXTRUSION.,.F.,.F.,.F.,(4,1,1,1,1,
1,1,1,1,1,1,1,1,1,1,1,1,1,1,1,1,1,1,1,1,1,1,1,1,1,1,1,1,1,4),(2,2),(0.,
0.03125,0.0625,0.09375,0.125,0.15625,0.1875,0.21875,0.25,0.28125,0.3125,
0.34375,0.375,0.40625,0.4375,0.46875,0.5,0.53125,0.5625,0.59375,0.625,0.65625,
0.6875,0.71875,0.75,0.78125,0.8125,0.84375,0.875,0.90625,0.921875,0.9375,
0.953125,0.96875,1.),(0.,1.),.UNSPECIFIED.);
#46=B_SPLINE_SURFACE_WITH_KNOTS('',3,1,((#9376,#9377),(#9378,#9379),(#9380,
#9381),(#9382,#9383),(#9384,#9385),(#9386,#9387)),
 .SURF_OF_LINEAR_EXTRUSION.,.F.,.F.,.F.,(4,1,1,4),(2,2),(0.,0.352087882233042,
0.528131823349563,0.704175764466084),(0.,1.),.UNSPECIFIED.);
#47=B_SPLINE_SURFACE_WITH_KNOTS('',3,1,((#9404,#9405),(#9406,#9407),(#9408,
#9409),(#9410,#9411),(#9412,#9413)),.SURF_OF_LINEAR_EXTRUSION.,.F.,.F.,
 .F.,(4,1,4),(2,2),(0.,0.5,1.),(0.,1.),.UNSPECIFIED.);
#48=B_SPLINE_SURFACE_WITH_KNOTS('',3,1,((#9422,#9423),(#9424,#9425),(#9426,
#9427),(#9428,#9429),(#9430,#9431)),.SURF_OF_LINEAR_EXTRUSION.,.F.,.F.,
 .F.,(4,1,4),(2,2),(0.,0.097697875324963,0.195395750649926),(0.,1.),
 .UNSPECIFIED.);
#49=B_SPLINE_SURFACE_WITH_KNOTS('',3,1,((#9449,#9450),(#9451,#9452),(#9453,
#9454),(#9455,#9456),(#9457,#9458),(#9459,#9460),(#9461,#9462)),
 .SURF_OF_LINEAR_EXTRUSION.,.F.,.F.,.F.,(4,1,1,1,4),(2,2),(0.252700847368711,
0.308774662579374,0.364848477790037,0.420922293000701,0.476996108211364),
(0.,1.),.UNSPECIFIED.);
#50=B_SPLINE_SURFACE_WITH_KNOTS('',3,1,((#9481,#9482),(#9483,#9484),(#9485,
#9486),(#9487,#9488),(#9489,#9490),(#9491,#9492),(#9493,#9494)),
 .SURF_OF_LINEAR_EXTRUSION.,.F.,.F.,.F.,(4,1,1,1,4),(2,2),(0.51390708300644,
0.560417853651042,0.606928624295644,0.653439394940246,0.699950165584848),
(0.,1.),.UNSPECIFIED.);
#51=B_SPLINE_SURFACE_WITH_KNOTS('',3,1,((#9512,#9513),(#9514,#9515),(#9516,
#9517),(#9518,#9519),(#9520,#9521),(#9522,#9523),(#9524,#9525),(#9526,#9527),
(#9528,#9529),(#9530,#9531),(#9532,#9533)),.SURF_OF_LINEAR_EXTRUSION.,.F.,
 .F.,.F.,(4,1,1,1,1,1,1,1,4),(2,2),(0.755961601886672,0.816971201415004,
0.84747600117917,0.877980800943336,0.908485600707502,0.923738000589585,
0.938990400471668,0.969495200235834,1.),(0.,1.),.UNSPECIFIED.);
#52=B_SPLINE_SURFACE_WITH_KNOTS('',3,1,((#9706,#9707),(#9708,#9709),(#9710,
#9711),(#9712,#9713),(#9714,#9715),(#9716,#9717),(#9718,#9719),(#9720,#9721),
(#9722,#9723),(#9724,#9725),(#9726,#9727),(#9728,#9729),(#9730,#9731),(#9732,
#9733),(#9734,#9735),(#9736,#9737),(#9738,#9739),(#9740,#9741)),
 .SURF_OF_LINEAR_EXTRUSION.,.F.,.F.,.F.,(4,1,1,1,1,1,1,1,1,1,1,1,1,1,1,
4),(2,2),(0.,0.125,0.25,0.3125,0.375,0.4375,0.5,0.5625,0.625,0.6875,0.71875,
0.75,0.8125,0.875,0.9375,1.),(0.,1.),.UNSPECIFIED.);
#53=B_SPLINE_SURFACE_WITH_KNOTS('',3,1,((#9756,#9757),(#9758,#9759),(#9760,
#9761),(#9762,#9763)),.SURF_OF_LINEAR_EXTRUSION.,.F.,.F.,.F.,(4,4),(2,2),
(0.963709750003257,1.),(0.,1.),.PIECEWISE_BEZIER_KNOTS.);
#54=B_SPLINE_SURFACE_WITH_KNOTS('',3,1,((#9770,#9771),(#9772,#9773),(#9774,
#9775),(#9776,#9777),(#9778,#9779),(#9780,#9781),(#9782,#9783),(#9784,#9785),
(#9786,#9787),(#9788,#9789),(#9790,#9791),(#9792,#9793),(#9794,#9795),(#9796,
#9797),(#9798,#9799)),.SURF_OF_LINEAR_EXTRUSION.,.F.,.F.,.F.,(4,1,1,1,1,
1,1,1,1,1,1,1,4),(2,2),(0.,0.0789145902534619,0.118371885380193,0.157829180506924,
0.236743770760386,0.276201065887117,0.315658361013847,0.355115656140578,
0.394572951267309,0.473487541520771,0.512944836647502,0.552402131774233,
0.631316722027695),(0.,1.),.UNSPECIFIED.);
#55=B_SPLINE_SURFACE_WITH_KNOTS('',3,1,((#9855,#9856),(#9857,#9858),(#9859,
#9860),(#9861,#9862),(#9863,#9864),(#9865,#9866),(#9867,#9868),(#9869,#9870),
(#9871,#9872),(#9873,#9874),(#9875,#9876),(#9877,#9878),(#9879,#9880),(#9881,
#9882),(#9883,#9884),(#9885,#9886)),.SURF_OF_LINEAR_EXTRUSION.,.F.,.F.,
 .F.,(4,1,1,1,1,1,1,1,1,1,1,1,1,4),(2,2),(0.,0.125,0.25,0.3125,0.375,0.4375,
0.5,0.5625,0.625,0.6875,0.75,0.8125,0.875,1.),(0.,1.),.UNSPECIFIED.);
#56=B_SPLINE_SURFACE_WITH_KNOTS('',3,1,((#9904,#9905),(#9906,#9907),(#9908,
#9909),(#9910,#9911),(#9912,#9913),(#9914,#9915),(#9916,#9917),(#9918,#9919),
(#9920,#9921),(#9922,#9923),(#9924,#9925),(#9926,#9927),(#9928,#9929),(#9930,
#9931),(#9932,#9933),(#9934,#9935),(#9936,#9937)),
 .SURF_OF_LINEAR_EXTRUSION.,.F.,.F.,.F.,(4,1,1,1,1,1,1,1,1,1,1,1,1,1,4),
(2,2),(0.,0.0625,0.125,0.1875,0.25,0.3125,0.375,0.4375,0.5,0.5625,0.625,
0.75,0.8125,0.875,1.),(0.,1.),.UNSPECIFIED.);
#57=B_SPLINE_SURFACE_WITH_KNOTS('',3,1,((#9950,#9951),(#9952,#9953),(#9954,
#9955),(#9956,#9957)),.SURF_OF_LINEAR_EXTRUSION.,.F.,.F.,.F.,(4,4),(2,2),
(0.09148968154193,0.196203638321659),(0.,1.),.PIECEWISE_BEZIER_KNOTS.);
#58=B_SPLINE_SURFACE_WITH_KNOTS('',3,1,((#9974,#9975),(#9976,#9977),(#9978,
#9979),(#9980,#9981)),.SURF_OF_LINEAR_EXTRUSION.,.F.,.F.,.F.,(4,4),(2,2),
(0.441934950457939,0.529855392064163),(0.,1.),.PIECEWISE_BEZIER_KNOTS.);
#59=B_SPLINE_SURFACE_WITH_KNOTS('',3,1,((#10005,#10006),(#10007,#10008),
(#10009,#10010),(#10011,#10012),(#10013,#10014)),
 .SURF_OF_LINEAR_EXTRUSION.,.F.,.F.,.F.,(4,1,4),(2,2),(0.54902773936812,
0.682041236084076,0.815054732800031),(0.,1.),.UNSPECIFIED.);
#60=B_SPLINE_SURFACE_WITH_KNOTS('',3,1,((#10031,#10032),(#10033,#10034),
(#10035,#10036),(#10037,#10038),(#10039,#10040),(#10041,#10042),(#10043,
#10044),(#10045,#10046),(#10047,#10048)),.SURF_OF_LINEAR_EXTRUSION.,.F.,
 .F.,.F.,(4,1,1,1,1,1,4),(2,2),(0.,0.0405646793565273,0.0811293587130545,
0.121694038069582,0.162258717426109,0.243388076139164,0.324517434852218),
(0.,1.),.UNSPECIFIED.);
#61=B_SPLINE_SURFACE_WITH_KNOTS('',3,1,((#10061,#10062),(#10063,#10064),
(#10065,#10066),(#10067,#10068),(#10069,#10070),(#10071,#10072),(#10073,
#10074),(#10075,#10076),(#10077,#10078)),.SURF_OF_LINEAR_EXTRUSION.,.F.,
 .F.,.F.,(4,1,1,1,1,1,4),(2,2),(0.,0.25,0.5,0.625,0.75,0.875,1.),(0.,1.),
 .UNSPECIFIED.);
#62=B_SPLINE_SURFACE_WITH_KNOTS('',3,1,((#10087,#10088),(#10089,#10090),
(#10091,#10092),(#10093,#10094),(#10095,#10096),(#10097,#10098),(#10099,
#10100),(#10101,#10102),(#10103,#10104),(#10105,#10106)),
 .SURF_OF_LINEAR_EXTRUSION.,.F.,.F.,.F.,(4,1,1,1,1,1,1,4),(2,2),(0.,0.0740966871431015,
0.111145030714652,0.148193374286203,0.185241717857754,0.222290061429304,
0.259338405000855,0.296386748572406),(0.,1.),.UNSPECIFIED.);
#63=B_SPLINE_SURFACE_WITH_KNOTS('',3,1,((#10115,#10116),(#10117,#10118),
(#10119,#10120),(#10121,#10122),(#10123,#10124),(#10125,#10126),(#10127,
#10128),(#10129,#10130),(#10131,#10132)),.SURF_OF_LINEAR_EXTRUSION.,.F.,
 .F.,.F.,(4,1,1,1,1,1,4),(2,2),(0.703151710757556,0.777363783068167,0.814469819223473,
0.851575855378778,0.925787927689389,0.962893963844695,1.),(0.,1.),
 .UNSPECIFIED.);
#64=B_SPLINE_SURFACE_WITH_KNOTS('',3,1,((#10142,#10143),(#10144,#10145),
(#10146,#10147),(#10148,#10149),(#10150,#10151),(#10152,#10153),(#10154,
#10155),(#10156,#10157),(#10158,#10159),(#10160,#10161)),
 .SURF_OF_LINEAR_EXTRUSION.,.F.,.F.,.F.,(4,1,1,1,1,1,1,4),(2,2),(0.,0.0431905423585684,
0.0863810847171367,0.129571627075705,0.172762169434273,0.215952711792842,
0.25914325415141,0.345524338868547),(0.,1.),.UNSPECIFIED.);
#65=B_SPLINE_SURFACE_WITH_KNOTS('',3,1,((#10170,#10171),(#10172,#10173),
(#10174,#10175),(#10176,#10177),(#10178,#10179),(#10180,#10181),(#10182,
#10183),(#10184,#10185),(#10186,#10187)),.SURF_OF_LINEAR_EXTRUSION.,.F.,
 .F.,.F.,(4,1,1,1,1,1,4),(2,2),(0.734612289629751,0.800959217222313,0.867306144814876,
0.900479608611157,0.933653072407438,0.966826536203719,1.),(0.,1.),
 .UNSPECIFIED.);
#66=B_SPLINE_SURFACE_WITH_KNOTS('',3,1,((#10196,#10197),(#10198,#10199),
(#10200,#10201),(#10202,#10203),(#10204,#10205),(#10206,#10207),(#10208,
#10209)),.SURF_OF_LINEAR_EXTRUSION.,.F.,.F.,.F.,(4,1,1,1,4),(2,2),(0.760994882175006,
0.820746161631255,0.880497441087503,0.940248720543752,1.),(0.,1.),
 .UNSPECIFIED.);
#67=B_SPLINE_SURFACE_WITH_KNOTS('',3,1,((#10217,#10218),(#10219,#10220),
(#10221,#10222),(#10223,#10224),(#10225,#10226),(#10227,#10228),(#10229,
#10230),(#10231,#10232)),.SURF_OF_LINEAR_EXTRUSION.,.F.,.F.,.F.,(4,1,1,
1,1,4),(2,2),(0.,0.0758300690185885,0.113745103527883,0.151660138037177,
0.227490207055766,0.303320276074354),(0.,1.),.UNSPECIFIED.);
#68=B_SPLINE_SURFACE_WITH_KNOTS('',3,1,((#10241,#10242),(#10243,#10244),
(#10245,#10246),(#10247,#10248),(#10249,#10250),(#10251,#10252),(#10253,
#10254),(#10255,#10256)),.SURF_OF_LINEAR_EXTRUSION.,.F.,.F.,.F.,(4,1,1,
1,1,4),(2,2),(0.536764555623555,0.579266000935405,0.621767446247256,0.706770336870957,
0.791773227494658,0.876776118118359),(0.,1.),.UNSPECIFIED.);
#69=B_SPLINE_SURFACE_WITH_KNOTS('',3,1,((#10264,#10265),(#10266,#10267),
(#10268,#10269),(#10270,#10271),(#10272,#10273),(#10274,#10275),(#10276,
#10277),(#10278,#10279)),.SURF_OF_LINEAR_EXTRUSION.,.F.,.F.,.F.,(4,1,1,
1,1,4),(2,2),(0.409810520194716,0.490241985503078,0.570673450811441,0.610889183465622,
0.651104916119803,0.731536381428166),(0.,1.),.UNSPECIFIED.);
#70=B_SPLINE_SURFACE_WITH_KNOTS('',3,1,((#10288,#10289),(#10290,#10291),
(#10292,#10293),(#10294,#10295),(#10296,#10297),(#10298,#10299),(#10300,
#10301),(#10302,#10303),(#10304,#10305),(#10306,#10307)),
 .SURF_OF_LINEAR_EXTRUSION.,.F.,.F.,.F.,(4,1,1,1,1,1,1,4),(2,2),(0.372339554062453,
0.414736647592925,0.457133741123397,0.499530834653869,0.541927928184341,
0.626722115245284,0.669119208775756,0.711516302306228),(0.,1.),
 .UNSPECIFIED.);
#71=B_SPLINE_SURFACE_WITH_KNOTS('',3,1,((#10315,#10316),(#10317,#10318),
(#10319,#10320),(#10321,#10322),(#10323,#10324),(#10325,#10326)),
 .SURF_OF_LINEAR_EXTRUSION.,.F.,.F.,.F.,(4,1,1,4),(2,2),(0.3531454439011,
0.497775390495283,0.570090363792374,0.642405337089466),(0.,1.),
 .UNSPECIFIED.);
#72=B_SPLINE_SURFACE_WITH_KNOTS('',3,1,((#10334,#10335),(#10336,#10337),
(#10338,#10339),(#10340,#10341),(#10342,#10343),(#10344,#10345)),
 .SURF_OF_LINEAR_EXTRUSION.,.F.,.F.,.F.,(4,1,1,4),(2,2),(0.337922708544581,
0.420511101548165,0.503099494551749,0.668276280558917),(0.,1.),
 .UNSPECIFIED.);
#73=B_SPLINE_SURFACE_WITH_KNOTS('',3,1,((#10353,#10354),(#10355,#10356),
(#10357,#10358),(#10359,#10360),(#10361,#10362)),
 .SURF_OF_LINEAR_EXTRUSION.,.F.,.F.,.F.,(4,1,4),(2,2),(0.439092368751961,
0.618049942951977,0.797007517151994),(0.,1.),.UNSPECIFIED.);
#74=B_SPLINE_SURFACE_WITH_KNOTS('',3,1,((#10371,#10372),(#10373,#10374),
(#10375,#10376),(#10377,#10378),(#10379,#10380)),
 .SURF_OF_LINEAR_EXTRUSION.,.F.,.F.,.F.,(4,1,4),(2,2),(0.387389557220472,
0.536940155260094,0.686490753299716),(0.,1.),.UNSPECIFIED.);
#75=B_SPLINE_SURFACE_WITH_KNOTS('',3,1,((#10388,#10389),(#10390,#10391),
(#10392,#10393),(#10394,#10395),(#10396,#10397),(#10398,#10399)),
 .SURF_OF_LINEAR_EXTRUSION.,.F.,.F.,.F.,(4,1,1,4),(2,2),(0.390342411986429,
0.579383228316385,0.673903636481363,0.768424044646341),(0.,1.),
 .UNSPECIFIED.);
#76=B_SPLINE_SURFACE_WITH_KNOTS('',3,1,((#10407,#10408),(#10409,#10410),
(#10411,#10412),(#10413,#10414),(#10415,#10416),(#10417,#10418)),
 .SURF_OF_LINEAR_EXTRUSION.,.F.,.F.,.F.,(4,1,1,4),(2,2),(0.,0.0656619824680307,
0.131323964936061,0.262647929872123),(0.,1.),.UNSPECIFIED.);
#77=B_SPLINE_SURFACE_WITH_KNOTS('',3,1,((#10429,#10430),(#10431,#10432),
(#10433,#10434),(#10435,#10436),(#10437,#10438),(#10439,#10440),(#10441,
#10442),(#10443,#10444),(#10445,#10446),(#10447,#10448)),
 .SURF_OF_LINEAR_EXTRUSION.,.F.,.F.,.F.,(4,1,1,1,1,1,1,4),(2,2),(0.,0.0669096067209713,
0.100364410081457,0.133819213441943,0.167274016802428,0.200728820162914,
0.234183623523399,0.267638426883885),(0.,1.),.UNSPECIFIED.);
#78=B_SPLINE_SURFACE_WITH_KNOTS('',3,1,((#10456,#10457),(#10458,#10459),
(#10460,#10461),(#10462,#10463)),.SURF_OF_LINEAR_EXTRUSION.,.F.,.F.,.F.,
(4,4),(2,2),(0.866490664014014,1.),(0.,1.),.PIECEWISE_BEZIER_KNOTS.);
#79=B_SPLINE_SURFACE_WITH_KNOTS('',3,1,((#10469,#10470),(#10471,#10472),
(#10473,#10474),(#10475,#10476)),.SURF_OF_LINEAR_EXTRUSION.,.F.,.F.,.F.,
(4,4),(2,2),(0.836148188462405,0.998529184239335),(0.,1.),
 .PIECEWISE_BEZIER_KNOTS.);
#80=B_SPLINE_SURFACE_WITH_KNOTS('',3,1,((#10481,#10482),(#10483,#10484),
(#10485,#10486),(#10487,#10488),(#10489,#10490),(#10491,#10492),(#10493,
#10494),(#10495,#10496),(#10497,#10498),(#10499,#10500),(#10501,#10502)),
 .SURF_OF_LINEAR_EXTRUSION.,.F.,.F.,.F.,(4,1,1,1,1,1,1,1,4),(2,2),(0.00168540887958625,
0.0415079500624408,0.0813304912452954,0.12115303242815,0.160975573611005,
0.200798114793859,0.240620655976714,0.280443197159568,0.320265738342423),
(0.,1.),.UNSPECIFIED.);
#81=B_SPLINE_SURFACE_WITH_KNOTS('',3,1,((#10513,#10514),(#10515,#10516),
(#10517,#10518),(#10519,#10520),(#10521,#10522),(#10523,#10524),(#10525,
#10526),(#10527,#10528),(#10529,#10530)),.SURF_OF_LINEAR_EXTRUSION.,.F.,
 .F.,.F.,(4,1,1,1,1,1,4),(2,2),(0.00200428188074773,0.101097877065411,0.150644674657743,
0.200191472250074,0.249738269842406,0.299285067434738,0.398378662619401),
(0.,1.),.UNSPECIFIED.);
#82=B_SPLINE_SURFACE_WITH_KNOTS('',3,1,((#10539,#10540),(#10541,#10542),
(#10543,#10544),(#10545,#10546),(#10547,#10548)),
 .SURF_OF_LINEAR_EXTRUSION.,.F.,.F.,.F.,(4,1,4),(2,2),(0.810294196077504,
0.904582172639689,0.998870149201874),(0.,1.),.UNSPECIFIED.);
#83=B_SPLINE_SURFACE_WITH_KNOTS('',3,1,((#10558,#10559),(#10560,#10561),
(#10562,#10563),(#10564,#10565),(#10566,#10567),(#10568,#10569),(#10570,
#10571),(#10572,#10573),(#10574,#10575),(#10576,#10577)),
 .SURF_OF_LINEAR_EXTRUSION.,.F.,.F.,.F.,(4,1,1,1,1,1,1,4),(2,2),(0.,0.24986366085825,
0.374795491287376,0.499727321716501,0.624659152145626,0.749590982574751,
0.874522813003877,0.999454643433002),(0.,1.),.UNSPECIFIED.);
#84=B_SPLINE_SURFACE_WITH_KNOTS('',3,1,((#10578,#10579),(#10580,#10581),
(#10582,#10583),(#10584,#10585),(#10586,#10587),(#10588,#10589),(#10590,
#10591),(#10592,#10593)),.SURF_OF_LINEAR_EXTRUSION.,.F.,.F.,.F.,(4,1,1,
1,1,4),(2,2),(0.,0.0915248106858478,0.293837760780255,0.527843018518348,
0.786082445012957,1.),(0.,1.),.UNSPECIFIED.);
#85=B_SPLINE_SURFACE_WITH_KNOTS('',3,1,((#10598,#10599),(#10600,#10601),
(#10602,#10603),(#10604,#10605),(#10606,#10607),(#10608,#10609),(#10610,
#10611),(#10612,#10613),(#10614,#10615),(#10616,#10617),(#10618,#10619),
(#10620,#10621),(#10622,#10623),(#10624,#10625),(#10626,#10627),(#10628,
#10629),(#10630,#10631),(#10632,#10633),(#10634,#10635)),
 .SURF_OF_LINEAR_EXTRUSION.,.F.,.F.,.F.,(4,1,1,1,1,1,1,1,1,1,1,1,1,1,1,
1,4),(2,2),(0.,0.0625,0.125,0.1875,0.25,0.375,0.4375,0.5,0.5625,0.625,0.75,
0.8125,0.875,0.90625,0.9375,0.96875,1.),(0.,1.),.UNSPECIFIED.);
#86=B_SPLINE_SURFACE_WITH_KNOTS('',3,1,((#10658,#10659),(#10660,#10661),
(#10662,#10663),(#10664,#10665),(#10666,#10667)),
 .SURF_OF_LINEAR_EXTRUSION.,.F.,.F.,.F.,(4,1,4),(2,2),(0.,0.319952976251518,
1.),(0.,1.),.UNSPECIFIED.);
#87=B_SPLINE_SURFACE_WITH_KNOTS('',3,1,((#10675,#10676),(#10677,#10678),
(#10679,#10680),(#10681,#10682),(#10683,#10684),(#10685,#10686),(#10687,
#10688),(#10689,#10690),(#10691,#10692),(#10693,#10694),(#10695,#10696),
(#10697,#10698),(#10699,#10700),(#10701,#10702),(#10703,#10704),(#10705,
#10706),(#10707,#10708),(#10709,#10710),(#10711,#10712),(#10713,#10714),
(#10715,#10716),(#10717,#10718),(#10719,#10720),(#10721,#10722)),
 .SURF_OF_LINEAR_EXTRUSION.,.F.,.F.,.F.,(4,1,1,1,1,1,1,1,1,1,1,1,1,1,1,
1,1,1,1,1,1,4),(2,2),(0.,0.00569824785832407,0.0134055451237036,0.0231909502676999,
0.0394445155881212,0.0827146845047384,0.149925690521508,0.231065181297179,
0.282549624575812,0.330075462881088,0.393039789312275,0.477792927421947,
0.562168428050544,0.648733119300792,0.716203613352947,0.774329963255071,
0.822347742429149,0.859959258709847,0.890046867310446,0.910971567335084,
0.951119150567934,1.),(0.,1.),.UNSPECIFIED.);
#88=B_SPLINE_SURFACE_WITH_KNOTS('',3,1,((#10757,#10758),(#10759,#10760),
(#10761,#10762),(#10763,#10764),(#10765,#10766),(#10767,#10768),(#10769,
#10770),(#10771,#10772),(#10773,#10774),(#10775,#10776),(#10777,#10778),
(#10779,#10780),(#10781,#10782),(#10783,#10784),(#10785,#10786),(#10787,
#10788),(#10789,#10790),(#10791,#10792),(#10793,#10794),(#10795,#10796),
(#10797,#10798),(#10799,#10800),(#10801,#10802)),
 .SURF_OF_LINEAR_EXTRUSION.,.F.,.F.,.F.,(4,1,1,1,1,1,1,1,1,1,1,1,1,1,1,
1,1,1,1,1,4),(2,2),(0.,0.029149283532886,0.0640446628816591,0.0990903685482591,
0.149388356105874,0.207513573326397,0.271217430043298,0.31588971916969,
0.361375311091117,0.407873623275354,0.451187906321832,0.499310777562677,
0.565421913922424,0.638912237907163,0.708337029016564,0.778772400943018,
0.856782632366193,0.873435681920859,0.890693440645447,0.918431535046504,
1.),(0.,1.),.UNSPECIFIED.);
#89=B_SPLINE_SURFACE_WITH_KNOTS('',3,1,((#10828,#10829),(#10830,#10831),
(#10832,#10833),(#10834,#10835),(#10836,#10837),(#10838,#10839),(#10840,
#10841),(#10842,#10843)),.SURF_OF_LINEAR_EXTRUSION.,.F.,.F.,.F.,(4,1,1,
1,1,4),(2,2),(0.,0.25,0.5,0.625,0.75,1.),(0.,1.),.UNSPECIFIED.);
#90=B_SPLINE_SURFACE_WITH_KNOTS('',3,1,((#10852,#10853),(#10854,#10855),
(#10856,#10857),(#10858,#10859),(#10860,#10861),(#10862,#10863),(#10864,
#10865),(#10866,#10867),(#10868,#10869),(#10870,#10871),(#10872,#10873),
(#10874,#10875),(#10876,#10877),(#10878,#10879),(#10880,#10881),(#10882,
#10883)),.SURF_OF_LINEAR_EXTRUSION.,.F.,.F.,.F.,(4,1,1,1,1,1,1,1,1,1,1,
1,1,4),(2,2),(0.,0.0625,0.125,0.1875,0.25,0.3125,0.375,0.4375,0.5,0.5625,
0.625,0.75,0.875,1.),(0.,1.),.UNSPECIFIED.);
#91=B_SPLINE_SURFACE_WITH_KNOTS('',3,1,((#11311,#11312),(#11313,#11314),
(#11315,#11316),(#11317,#11318),(#11319,#11320),(#11321,#11322),(#11323,
#11324),(#11325,#11326),(#11327,#11328),(#11329,#11330),(#11331,#11332),
(#11333,#11334),(#11335,#11336),(#11337,#11338),(#11339,#11340),(#11341,
#11342),(#11343,#11344),(#11345,#11346),(#11347,#11348),(#11349,#11350),
(#11351,#11352),(#11353,#11354),(#11355,#11356),(#11357,#11358)),
 .SURF_OF_LINEAR_EXTRUSION.,.F.,.F.,.F.,(4,1,1,1,1,1,1,1,1,1,1,1,1,1,1,
1,1,1,1,1,1,4),(2,2),(0.,0.0625,0.125,0.1875,0.25,0.3125,0.375,0.40625,
0.4375,0.46875,0.5,0.53125,0.5625,0.59375,0.625,0.65625,0.6875,0.75,0.8125,
0.875,0.9375,1.),(0.,1.),.UNSPECIFIED.);
#92=B_SPLINE_SURFACE_WITH_KNOTS('',3,1,((#11384,#11385),(#11386,#11387),
(#11388,#11389),(#11390,#11391),(#11392,#11393),(#11394,#11395),(#11396,
#11397),(#11398,#11399),(#11400,#11401),(#11402,#11403)),
 .SURF_OF_LINEAR_EXTRUSION.,.F.,.F.,.F.,(4,1,1,1,1,1,1,4),(2,2),(0.,0.125,
0.25,0.5,0.625,0.75,0.875,1.),(0.,1.),.UNSPECIFIED.);
#93=B_SPLINE_SURFACE_WITH_KNOTS('',3,1,((#11421,#11422),(#11423,#11424),
(#11425,#11426),(#11427,#11428),(#11429,#11430),(#11431,#11432),(#11433,
#11434),(#11435,#11436),(#11437,#11438),(#11439,#11440),(#11441,#11442),
(#11443,#11444),(#11445,#11446),(#11447,#11448),(#11449,#11450)),
 .SURF_OF_LINEAR_EXTRUSION.,.F.,.F.,.F.,(4,1,1,1,1,1,1,1,1,1,1,1,4),(2,
2),(0.,0.0656217016087634,0.132375905096381,0.223711568444337,0.28192115080861,
0.355340078889038,0.422528956234222,0.501278363187388,0.571788405258616,
0.65774096834105,0.756133793098236,0.877306645722933,1.),(0.,1.),
 .UNSPECIFIED.);
#94=B_SPLINE_SURFACE_WITH_KNOTS('',3,1,((#11466,#11467),(#11468,#11469),
(#11470,#11471),(#11472,#11473),(#11474,#11475),(#11476,#11477),(#11478,
#11479),(#11480,#11481),(#11482,#11483),(#11484,#11485),(#11486,#11487)),
 .SURF_OF_LINEAR_EXTRUSION.,.F.,.F.,.F.,(4,1,1,1,1,1,1,1,4),(2,2),(0.,0.127817708369251,
0.318875442655004,0.508550486209055,0.732884617991401,0.821057812086433,
0.881582075436128,0.944362264034339,1.),(0.,1.),.UNSPECIFIED.);
#95=B_SPLINE_SURFACE_WITH_KNOTS('',3,1,((#11511,#11512),(#11513,#11514),
(#11515,#11516),(#11517,#11518),(#11519,#11520),(#11521,#11522),(#11523,
#11524),(#11525,#11526),(#11527,#11528),(#11529,#11530),(#11531,#11532),
(#11533,#11534)),.SURF_OF_LINEAR_EXTRUSION.,.F.,.F.,.F.,(4,1,1,1,1,1,1,
1,1,4),(2,2),(0.,0.125,0.25,0.375,0.5,0.625,0.6875,0.75,0.875,1.),(0.,1.),
 .UNSPECIFIED.);
#96=B_SPLINE_SURFACE_WITH_KNOTS('',3,1,((#11552,#11553),(#11554,#11555),
(#11556,#11557),(#11558,#11559),(#11560,#11561),(#11562,#11563),(#11564,
#11565)),.SURF_OF_LINEAR_EXTRUSION.,.F.,.F.,.F.,(4,1,1,1,4),(2,2),(0.,0.240309586508264,
0.506858588313268,0.748676529428151,1.),(0.,1.),.UNSPECIFIED.);
#97=B_SPLINE_SURFACE_WITH_KNOTS('',3,1,((#11593,#11594),(#11595,#11596),
(#11597,#11598),(#11599,#11600),(#11601,#11602),(#11603,#11604),(#11605,
#11606),(#11607,#11608),(#11609,#11610),(#11611,#11612),(#11613,#11614)),
 .SURF_OF_LINEAR_EXTRUSION.,.F.,.F.,.F.,(4,1,1,1,1,1,1,1,4),(2,2),(0.,0.101372409148324,
0.260005282054029,0.387649783236979,0.479542476534623,0.590774056364057,
0.71094624878383,0.844996615733169,1.),(0.,1.),.UNSPECIFIED.);
#98=B_SPLINE_SURFACE_WITH_KNOTS('',3,1,((#11637,#11638),(#11639,#11640),
(#11641,#11642),(#11643,#11644),(#11645,#11646),(#11647,#11648),(#11649,
#11650),(#11651,#11652),(#11653,#11654),(#11655,#11656),(#11657,#11658)),
 .SURF_OF_LINEAR_EXTRUSION.,.F.,.F.,.F.,(4,1,1,1,1,1,1,1,4),(2,2),(0.,0.125,
0.25,0.375,0.5,0.625,0.75,0.875,1.),(0.,1.),.UNSPECIFIED.);
#99=B_SPLINE_SURFACE_WITH_KNOTS('',3,1,((#11681,#11682),(#11683,#11684),
(#11685,#11686),(#11687,#11688),(#11689,#11690),(#11691,#11692),(#11693,
#11694),(#11695,#11696),(#11697,#11698),(#11699,#11700),(#11701,#11702),
(#11703,#11704)),.SURF_OF_LINEAR_EXTRUSION.,.F.,.F.,.F.,(4,1,1,1,1,1,1,
1,1,4),(2,2),(0.,0.0613603082191846,0.16380525405629,0.268622268713318,
0.411007827557134,0.523776958110938,0.635058220113284,0.757531058371336,
0.887326937425319,1.),(0.,1.),.UNSPECIFIED.);
#100=B_SPLINE_SURFACE_WITH_KNOTS('',3,1,((#11725,#11726),(#11727,#11728),
(#11729,#11730),(#11731,#11732),(#11733,#11734),(#11735,#11736),(#11737,
#11738),(#11739,#11740),(#11741,#11742),(#11743,#11744),(#11745,#11746),
(#11747,#11748),(#11749,#11750),(#11751,#11752),(#11753,#11754),(#11755,
#11756),(#11757,#11758),(#11759,#11760),(#11761,#11762),(#11763,#11764),
(#11765,#11766),(#11767,#11768)),.SURF_OF_LINEAR_EXTRUSION.,.F.,.F.,.F.,
(4,1,1,1,1,1,1,1,1,1,1,1,1,1,1,1,1,1,1,4),(2,2),(0.,0.0625,0.125,0.1875,
0.25,0.3125,0.375,0.4375,0.5,0.5625,0.625,0.65625,0.6875,0.75,0.78125,0.8125,
0.84375,0.875,0.9375,1.),(0.,1.),.UNSPECIFIED.);
#101=B_SPLINE_SURFACE_WITH_KNOTS('',3,1,((#11795,#11796),(#11797,#11798),
(#11799,#11800),(#11801,#11802),(#11803,#11804),(#11805,#11806),(#11807,
#11808),(#11809,#11810),(#11811,#11812),(#11813,#11814),(#11815,#11816),
(#11817,#11818),(#11819,#11820)),.SURF_OF_LINEAR_EXTRUSION.,.F.,.F.,.F.,
(4,1,1,1,1,1,1,1,1,1,4),(2,2),(0.,0.0716783728234488,0.201462204742673,
0.351985429895752,0.453312238503597,0.531131505749847,0.608074752221663,
0.687191601236581,0.794711152589731,0.901206841852244,1.),(0.,1.),
 .UNSPECIFIED.);
#102=B_SPLINE_SURFACE_WITH_KNOTS('',3,1,((#11840,#11841),(#11842,#11843),
(#11844,#11845),(#11846,#11847),(#11848,#11849),(#11850,#11851),(#11852,
#11853),(#11854,#11855),(#11856,#11857),(#11858,#11859),(#11860,#11861),
(#11862,#11863),(#11864,#11865),(#11866,#11867)),
 .SURF_OF_LINEAR_EXTRUSION.,.F.,.F.,.F.,(4,1,1,1,1,1,1,1,1,1,1,4),(2,2),
(0.,0.08623849645613,0.228781198885112,0.318429721310933,0.398429855580078,
0.47016064642521,0.540608256899536,0.617589901528134,0.706482375945767,
0.820387815025198,0.927564722627483,1.),(0.,1.),.UNSPECIFIED.);
#103=B_SPLINE_SURFACE_WITH_KNOTS('',3,1,((#11892,#11893),(#11894,#11895),
(#11896,#11897),(#11898,#11899),(#11900,#11901),(#11902,#11903),(#11904,
#11905)),.SURF_OF_LINEAR_EXTRUSION.,.F.,.F.,.F.,(4,1,1,1,4),(2,2),(0.,0.25,
0.5,0.75,1.),(0.,1.),.UNSPECIFIED.);
#104=B_SPLINE_SURFACE_WITH_KNOTS('',3,1,((#11914,#11915),(#11916,#11917),
(#11918,#11919),(#11920,#11921),(#11922,#11923),(#11924,#11925),(#11926,
#11927)),.SURF_OF_LINEAR_EXTRUSION.,.F.,.F.,.F.,(4,1,1,1,4),(2,2),(0.,0.25,
0.5,0.75,1.),(0.,1.),.UNSPECIFIED.);
#105=B_SPLINE_SURFACE_WITH_KNOTS('',3,1,((#11943,#11944),(#11945,#11946),
(#11947,#11948),(#11949,#11950),(#11951,#11952),(#11953,#11954),(#11955,
#11956),(#11957,#11958),(#11959,#11960)),.SURF_OF_LINEAR_EXTRUSION.,.F.,
 .F.,.F.,(4,1,1,1,1,1,4),(2,2),(0.,0.105964566538178,0.245128948267405,
0.415049699364738,0.603262256384388,0.804375097798541,1.),(0.,1.),
 .UNSPECIFIED.);
#106=B_SPLINE_SURFACE_WITH_KNOTS('',3,1,((#11976,#11977),(#11978,#11979),
(#11980,#11981),(#11982,#11983),(#11984,#11985),(#11986,#11987),(#11988,
#11989),(#11990,#11991),(#11992,#11993),(#11994,#11995)),
 .SURF_OF_LINEAR_EXTRUSION.,.F.,.F.,.F.,(4,1,1,1,1,1,1,4),(2,2),(0.,0.125,
0.25,0.5,0.625,0.75,0.875,1.),(0.,1.),.UNSPECIFIED.);
#107=B_SPLINE_SURFACE_WITH_KNOTS('',3,1,((#12007,#12008),(#12009,#12010),
(#12011,#12012),(#12013,#12014),(#12015,#12016),(#12017,#12018),(#12019,
#12020),(#12021,#12022),(#12023,#12024),(#12025,#12026),(#12027,#12028),
(#12029,#12030),(#12031,#12032),(#12033,#12034),(#12035,#12036),(#12037,
#12038),(#12039,#12040),(#12041,#12042),(#12043,#12044),(#12045,#12046),
(#12047,#12048),(#12049,#12050),(#12051,#12052),(#12053,#12054)),
 .SURF_OF_LINEAR_EXTRUSION.,.F.,.F.,.F.,(4,1,1,1,1,1,1,1,1,1,1,1,1,1,1,
1,1,1,1,1,1,4),(2,2),(0.,0.03125,0.0625,0.09375,0.125,0.15625,0.1875,0.25,
0.3125,0.375,0.4375,0.5,0.53125,0.5625,0.59375,0.625,0.6875,0.71875,0.75,
0.8125,0.875,1.),(0.,1.),.UNSPECIFIED.);
#108=B_SPLINE_SURFACE_WITH_KNOTS('',3,1,((#12081,#12082),(#12083,#12084),
(#12085,#12086),(#12087,#12088),(#12089,#12090),(#12091,#12092),(#12093,
#12094),(#12095,#12096),(#12097,#12098)),.SURF_OF_LINEAR_EXTRUSION.,.F.,
 .F.,.F.,(4,1,1,1,1,1,4),(2,2),(0.,0.25,0.5,0.625,0.75,0.875,1.),(0.,1.),
 .UNSPECIFIED.);
#109=B_SPLINE_SURFACE_WITH_KNOTS('',3,1,((#12110,#12111),(#12112,#12113),
(#12114,#12115),(#12116,#12117),(#12118,#12119),(#12120,#12121),(#12122,
#12123),(#12124,#12125),(#12126,#12127),(#12128,#12129),(#12130,#12131),
(#12132,#12133)),.SURF_OF_LINEAR_EXTRUSION.,.F.,.F.,.F.,(4,1,1,1,1,1,1,
1,1,4),(2,2),(0.,0.0780900470606613,0.162188599472051,0.248203801308767,
0.338816588291665,0.45084908022658,0.595863425878086,0.773519222141865,
0.924991767676232,1.),(0.,1.),.UNSPECIFIED.);
#110=B_SPLINE_SURFACE_WITH_KNOTS('',3,1,((#12147,#12148),(#12149,#12150),
(#12151,#12152),(#12153,#12154),(#12155,#12156),(#12157,#12158),(#12159,
#12160),(#12161,#12162),(#12163,#12164),(#12165,#12166),(#12167,#12168),
(#12169,#12170),(#12171,#12172),(#12173,#12174),(#12175,#12176),(#12177,
#12178),(#12179,#12180),(#12181,#12182),(#12183,#12184),(#12185,#12186),
(#12187,#12188),(#12189,#12190),(#12191,#12192),(#12193,#12194),(#12195,
#12196)),.SURF_OF_LINEAR_EXTRUSION.,.F.,.F.,.F.,(4,1,1,1,1,1,1,1,1,1,1,
1,1,1,1,1,1,1,1,1,1,1,4),(2,2),(0.,0.0399960230350982,0.08706933045798,
0.122542904180695,0.167441425836844,0.208298069356039,0.247300516584871,
0.287275873833545,0.336133888694727,0.393546624619138,0.434331012213747,
0.498791094311678,0.546962847334605,0.603513594399132,0.665337986257357,
0.721772887813688,0.76527818122314,0.798771323658224,0.841326384132074,
0.877785484729249,0.90960092080019,0.955996324886127,1.),(0.,1.),
 .UNSPECIFIED.);
#111=B_SPLINE_SURFACE_WITH_KNOTS('',3,1,((#12226,#12227),(#12228,#12229),
(#12230,#12231),(#12232,#12233),(#12234,#12235),(#12236,#12237),(#12238,
#12239),(#12240,#12241),(#12242,#12243),(#12244,#12245),(#12246,#12247),
(#12248,#12249),(#12250,#12251),(#12252,#12253),(#12254,#12255),(#12256,
#12257),(#12258,#12259),(#12260,#12261),(#12262,#12263),(#12264,#12265),
(#12266,#12267),(#12268,#12269),(#12270,#12271),(#12272,#12273),(#12274,
#12275),(#12276,#12277),(#12278,#12279),(#12280,#12281),(#12282,#12283),
(#12284,#12285),(#12286,#12287),(#12288,#12289)),
 .SURF_OF_LINEAR_EXTRUSION.,.F.,.F.,.F.,(4,1,1,1,1,1,1,1,1,1,1,1,1,1,1,
1,1,1,1,1,1,1,1,1,1,1,1,1,1,4),(2,2),(0.,0.03125,0.0625,0.078125,0.09375,
0.125,0.15625,0.1875,0.21875,0.25,0.28125,0.3125,0.375,0.4375,0.5,0.53125,
0.5625,0.59375,0.625,0.6875,0.71875,0.75,0.78125,0.8125,0.84375,0.875,0.90625,
0.9375,0.96875,1.),(0.,1.),.UNSPECIFIED.);
#112=B_SPLINE_SURFACE_WITH_KNOTS('',3,1,((#12320,#12321),(#12322,#12323),
(#12324,#12325),(#12326,#12327),(#12328,#12329),(#12330,#12331),(#12332,
#12333),(#12334,#12335),(#12336,#12337),(#12338,#12339),(#12340,#12341),
(#12342,#12343),(#12344,#12345),(#12346,#12347),(#12348,#12349),(#12350,
#12351),(#12352,#12353),(#12354,#12355),(#12356,#12357),(#12358,#12359),
(#12360,#12361),(#12362,#12363),(#12364,#12365),(#12366,#12367),(#12368,
#12369),(#12370,#12371),(#12372,#12373),(#12374,#12375),(#12376,#12377),
(#12378,#12379),(#12380,#12381),(#12382,#12383),(#12384,#12385),(#12386,
#12387),(#12388,#12389),(#12390,#12391),(#12392,#12393),(#12394,#12395),
(#12396,#12397),(#12398,#12399),(#12400,#12401),(#12402,#12403),(#12404,
#12405),(#12406,#12407),(#12408,#12409),(#12410,#12411),(#12412,#12413),
(#12414,#12415)),.SURF_OF_LINEAR_EXTRUSION.,.F.,.F.,.F.,(4,1,1,1,1,1,1,
1,1,1,1,1,1,1,1,1,1,1,1,1,1,1,1,1,1,1,1,1,1,1,1,1,1,1,1,1,1,1,1,1,1,1,1,
1,1,4),(2,2),(0.,0.015625,0.03125,0.046875,0.0625,0.09375,0.125,0.15625,
0.1875,0.21875,0.25,0.265625,0.28125,0.3125,0.34375,0.359375,0.375,0.390625,
0.40625,0.421875,0.4375,0.46875,0.5,0.53125,0.5625,0.59375,0.625,0.65625,
0.6875,0.71875,0.75,0.765625,0.78125,0.796875,0.8125,0.828125,0.84375,0.875,
0.890625,0.90625,0.921875,0.9375,0.953125,0.96875,0.984375,1.),(0.,1.),
 .UNSPECIFIED.);
#113=B_SPLINE_SURFACE_WITH_KNOTS('',3,1,((#12462,#12463),(#12464,#12465),
(#12466,#12467),(#12468,#12469),(#12470,#12471),(#12472,#12473),(#12474,
#12475),(#12476,#12477),(#12478,#12479),(#12480,#12481),(#12482,#12483),
(#12484,#12485),(#12486,#12487),(#12488,#12489),(#12490,#12491),(#12492,
#12493),(#12494,#12495),(#12496,#12497),(#12498,#12499),(#12500,#12501),
(#12502,#12503),(#12504,#12505),(#12506,#12507),(#12508,#12509),(#12510,
#12511),(#12512,#12513),(#12514,#12515),(#12516,#12517),(#12518,#12519),
(#12520,#12521)),.SURF_OF_LINEAR_EXTRUSION.,.T.,.F.,.F.,(1,3,1,1,1,1,1,
1,1,1,1,1,1,1,1,1,1,1,1,1,1,1,1,1,1,1,1,1,3,1),(2,2),(-0.0373421774873808,
0.,0.0216856050785286,0.0468152565707047,0.0716115385426796,0.101196851558889,
0.136813541842731,0.181549725627462,0.224276876002507,0.281198015640909,
0.323888661365126,0.357076130060468,0.404010298390251,0.442898487880628,
0.475386920731532,0.50132041996298,0.531889135224719,0.573937634702191,
0.599070602297279,0.631399258876906,0.672487521449566,0.70246521646306,
0.739495327145351,0.76655554387562,0.811341157684393,0.856907616897379,
0.913245890195266,0.962657822512619,1.,1.02168560507853),(0.,1.),
 .UNSPECIFIED.);
#114=B_SPLINE_SURFACE_WITH_KNOTS('',3,1,((#12554,#12555),(#12556,#12557),
(#12558,#12559),(#12560,#12561),(#12562,#12563),(#12564,#12565),(#12566,
#12567),(#12568,#12569),(#12570,#12571),(#12572,#12573),(#12574,#12575),
(#12576,#12577)),.SURF_OF_LINEAR_EXTRUSION.,.F.,.F.,.F.,(4,1,1,1,1,1,1,
1,1,4),(2,2),(0.,0.0542625483527049,0.149796643311248,0.268636522277944,
0.43295594606312,0.614410748639823,0.729268234261758,0.82355688038813,0.909323969297541,
1.),(0.,1.),.UNSPECIFIED.);
#115=B_SPLINE_SURFACE_WITH_KNOTS('',3,1,((#12594,#12595),(#12596,#12597),
(#12598,#12599),(#12600,#12601),(#12602,#12603),(#12604,#12605),(#12606,
#12607),(#12608,#12609),(#12610,#12611),(#12612,#12613),(#12614,#12615),
(#12616,#12617),(#12618,#12619),(#12620,#12621),(#12622,#12623),(#12624,
#12625),(#12626,#12627),(#12628,#12629),(#12630,#12631),(#12632,#12633),
(#12634,#12635),(#12636,#12637),(#12638,#12639),(#12640,#12641),(#12642,
#12643),(#12644,#12645),(#12646,#12647),(#12648,#12649),(#12650,#12651),
(#12652,#12653),(#12654,#12655),(#12656,#12657),(#12658,#12659)),
 .SURF_OF_LINEAR_EXTRUSION.,.F.,.F.,.F.,(4,1,1,1,1,1,1,1,1,1,1,1,1,1,1,
1,1,1,1,1,1,1,1,1,1,1,1,1,1,1,4),(2,2),(0.,0.0625,0.09375,0.125,0.15625,
0.1875,0.21875,0.25,0.28125,0.3125,0.34375,0.375,0.40625,0.4375,0.46875,
0.5,0.5625,0.59375,0.625,0.65625,0.6875,0.71875,0.75,0.78125,0.8125,0.84375,
0.875,0.90625,0.9375,0.96875,1.),(0.,1.),.UNSPECIFIED.);
#116=ELLIPSE('',#5657,0.00849113670195075,0.00600414034193136);
#117=ELLIPSE('',#5660,0.00849113670195075,0.00600414034193136);
#118=ELLIPSE('',#5664,0.0024528272,0.0012264136);
#119=ELLIPSE('',#5665,0.00245282720000001,0.0012264136);
#120=SPHERICAL_SURFACE('',#5635,0.001165098);
#121=SPHERICAL_SURFACE('',#5636,0.001165098);
#122=CYLINDRICAL_SURFACE('',#5547,0.00382721491717452);
#123=CYLINDRICAL_SURFACE('',#5549,0.00382721491717452);
#124=CYLINDRICAL_SURFACE('',#5571,0.001165098);
#125=CYLINDRICAL_SURFACE('',#5573,0.001165098);
#126=CYLINDRICAL_SURFACE('',#5590,0.0008763);
#127=CYLINDRICAL_SURFACE('',#5593,0.0032639);
#128=CYLINDRICAL_SURFACE('',#5596,0.0008763);
#129=CYLINDRICAL_SURFACE('',#5599,0.0008763);
#130=CYLINDRICAL_SURFACE('',#5602,0.0008763);
#131=CYLINDRICAL_SURFACE('',#5605,0.0032639);
#132=CYLINDRICAL_SURFACE('',#5624,0.00249514681444863);
#133=CYLINDRICAL_SURFACE('',#5625,0.0012715748);
#134=CYLINDRICAL_SURFACE('',#5626,0.0012715748);
#135=CYLINDRICAL_SURFACE('',#5627,0.0024951436);
#136=CYLINDRICAL_SURFACE('',#5628,0.0024951436);
#137=CYLINDRICAL_SURFACE('',#5629,0.0024951436);
#138=CYLINDRICAL_SURFACE('',#5630,0.00127157181529026);
#139=CYLINDRICAL_SURFACE('',#5631,0.001165098);
#140=CYLINDRICAL_SURFACE('',#5633,0.001165098);
#141=CYLINDRICAL_SURFACE('',#5637,0.00382721491717452);
#142=CYLINDRICAL_SURFACE('',#5640,0.00382721491717452);
#143=CYLINDRICAL_SURFACE('',#5643,0.0024150066);
#144=CYLINDRICAL_SURFACE('',#5646,0.002413);
#145=CYLINDRICAL_SURFACE('',#5649,0.002413);
#146=CYLINDRICAL_SURFACE('',#5652,0.002413);
#147=CYLINDRICAL_SURFACE('',#5655,0.00600414034193136);
#148=CYLINDRICAL_SURFACE('',#5659,0.00600414034193136);
#149=CYLINDRICAL_SURFACE('',#5663,0.0012264136);
#150=CYLINDRICAL_SURFACE('',#5672,0.0316240215405381);
#151=CYLINDRICAL_SURFACE('',#5675,0.0113073896270932);
#152=CYLINDRICAL_SURFACE('',#5678,0.0109917510625065);
#153=CYLINDRICAL_SURFACE('',#5689,0.000410642732968579);
#154=CYLINDRICAL_SURFACE('',#5690,0.012564179163259);
#155=CYLINDRICAL_SURFACE('',#5693,0.00829640601581531);
#156=CYLINDRICAL_SURFACE('',#5696,0.0183671423962139);
#157=CYLINDRICAL_SURFACE('',#5699,0.0111430951808739);
#158=CYLINDRICAL_SURFACE('',#5702,0.213215353592324);
#159=CYLINDRICAL_SURFACE('',#5705,0.0188893021972013);
#160=CYLINDRICAL_SURFACE('',#5708,0.0628417344721257);
#161=CYLINDRICAL_SURFACE('',#5717,0.0267906181945095);
#162=CYLINDRICAL_SURFACE('',#5720,0.0158156516330735);
#163=CYLINDRICAL_SURFACE('',#5723,0.0198223167490977);
#164=CYLINDRICAL_SURFACE('',#5726,0.0254200999450012);
#165=CYLINDRICAL_SURFACE('',#5729,0.0259680993112026);
#166=CYLINDRICAL_SURFACE('',#5732,0.0474135714385824);
#167=CYLINDRICAL_SURFACE('',#5743,0.000487398335695118);
#168=CYLINDRICAL_SURFACE('',#5746,0.000402549621861927);
#169=CYLINDRICAL_SURFACE('',#5749,0.000534688249560829);
#170=CYLINDRICAL_SURFACE('',#5752,0.000386195915857238);
#171=CYLINDRICAL_SURFACE('',#5755,0.000532433017571637);
#172=CYLINDRICAL_SURFACE('',#5758,0.000574585751775807);
#173=CYLINDRICAL_SURFACE('',#5761,0.000493015402769215);
#174=CYLINDRICAL_SURFACE('',#5762,0.01264723059103);
#175=CYLINDRICAL_SURFACE('',#5765,0.0285444685204019);
#176=CYLINDRICAL_SURFACE('',#5768,0.0253250668273391);
#177=CYLINDRICAL_SURFACE('',#5771,0.00968647099572394);
#178=CYLINDRICAL_SURFACE('',#5782,0.000327690502690118);
#179=CYLINDRICAL_SURFACE('',#5785,0.000389858375926328);
#180=CYLINDRICAL_SURFACE('',#5788,0.000322405248880386);
#181=CYLINDRICAL_SURFACE('',#5791,0.000493812643277113);
#182=CYLINDRICAL_SURFACE('',#5794,0.000536127955012977);
#183=CYLINDRICAL_SURFACE('',#5797,0.000361294303631057);
#184=CYLINDRICAL_SURFACE('',#5800,0.000290367716647463);
#185=CYLINDRICAL_SURFACE('',#5808,0.000505799547790307);
#186=CYLINDRICAL_SURFACE('',#5811,0.000510619193149473);
#187=CYLINDRICAL_SURFACE('',#5814,0.00037640036150541);
#188=CYLINDRICAL_SURFACE('',#5817,0.000259299535371859);
#189=CYLINDRICAL_SURFACE('',#5821,0.00643861991815736);
#190=CYLINDRICAL_SURFACE('',#5826,0.00367191673172853);
#191=CYLINDRICAL_SURFACE('',#5830,0.107503133606078);
#192=CYLINDRICAL_SURFACE('',#5834,0.00133750269591186);
#193=CYLINDRICAL_SURFACE('',#5855,0.0939516444730936);
#194=CYLINDRICAL_SURFACE('',#5864,0.000377458899190547);
#195=CYLINDRICAL_SURFACE('',#5911,0.00171403843140757);
#196=CYLINDRICAL_SURFACE('',#5912,0.00171403843140757);
#197=CYLINDRICAL_SURFACE('',#5913,0.00193137084989848);
#198=CYLINDRICAL_SURFACE('',#5914,0.00193137084989848);
#199=CIRCLE('',#5533,0.00193137084989848);
#200=CIRCLE('',#5534,0.00193137084989848);
#201=CIRCLE('',#5535,0.00171403843140757);
#202=CIRCLE('',#5536,0.00171403843140757);
#203=CIRCLE('',#5538,0.00171403843140757);
#204=CIRCLE('',#5539,0.00193137084989848);
#205=CIRCLE('',#5540,0.00193137084989848);
#206=CIRCLE('',#5541,0.00171403843140757);
#207=CIRCLE('',#5543,0.00382721491717452);
#208=CIRCLE('',#5544,0.00382721491717452);
#209=CIRCLE('',#5548,0.00382721491717452);
#210=CIRCLE('',#5550,0.00382721491717452);
#211=CIRCLE('',#5551,0.00382721491717452);
#212=CIRCLE('',#5554,0.00382721491717452);
#213=CIRCLE('',#5559,0.0939516444730936);
#214=CIRCLE('',#5567,0.002413);
#215=CIRCLE('',#5568,0.002413);
#216=CIRCLE('',#5569,0.002413);
#217=CIRCLE('',#5570,0.0024150066);
#218=CIRCLE('',#5572,0.001165098);
#219=CIRCLE('',#5574,0.001165098);
#220=CIRCLE('',#5576,0.001165098);
#221=CIRCLE('',#5578,0.00600414034193136);
#222=CIRCLE('',#5579,0.00127157181529026);
#223=CIRCLE('',#5580,0.0024951436);
#224=CIRCLE('',#5581,0.0024951436);
#225=CIRCLE('',#5582,0.0024951436);
#226=CIRCLE('',#5583,0.0012715748);
#227=CIRCLE('',#5584,0.0012715748);
#228=CIRCLE('',#5585,0.00249514681444863);
#229=CIRCLE('',#5587,0.001165098);
#230=CIRCLE('',#5589,0.00600414034193136);
#231=CIRCLE('',#5591,0.0008763);
#232=CIRCLE('',#5592,0.0008763);
#233=CIRCLE('',#5594,0.0032639);
#234=CIRCLE('',#5595,0.0032639);
#235=CIRCLE('',#5597,0.0008763);
#236=CIRCLE('',#5598,0.0008763);
#237=CIRCLE('',#5600,0.0008763);
#238=CIRCLE('',#5601,0.0008763);
#239=CIRCLE('',#5603,0.0008763);
#240=CIRCLE('',#5604,0.0008763);
#241=CIRCLE('',#5606,0.0032639);
#242=CIRCLE('',#5607,0.0032639);
#243=CIRCLE('',#5609,0.001165098);
#244=CIRCLE('',#5612,0.00127157181529026);
#245=CIRCLE('',#5613,0.0024951436);
#246=CIRCLE('',#5614,0.0024951436);
#247=CIRCLE('',#5615,0.0024951436);
#248=CIRCLE('',#5616,0.0012715748);
#249=CIRCLE('',#5617,0.0012715748);
#250=CIRCLE('',#5618,0.00249514681444863);
#251=CIRCLE('',#5622,0.001165098);
#252=CIRCLE('',#5632,0.001165098);
#253=CIRCLE('',#5634,0.001165098);
#254=CIRCLE('',#5638,0.00382721491717452);
#255=CIRCLE('',#5641,0.00382721491717452);
#256=CIRCLE('',#5644,0.0024150066);
#257=CIRCLE('',#5647,0.002413);
#258=CIRCLE('',#5650,0.002413);
#259=CIRCLE('',#5653,0.002413);
#260=CIRCLE('',#5656,0.00600414034193136);
#261=CIRCLE('',#5661,0.00600414034193136);
#262=CIRCLE('',#5673,0.0316240215405381);
#263=CIRCLE('',#5674,0.0316240215405381);
#264=CIRCLE('',#5676,0.0113073896270932);
#265=CIRCLE('',#5677,0.0113073896270932);
#266=CIRCLE('',#5679,0.0109917510625065);
#267=CIRCLE('',#5680,0.0109917510625065);
#268=CIRCLE('',#5682,0.000410642732968579);
#269=CIRCLE('',#5683,0.000505799547790307);
#270=CIRCLE('',#5684,0.000493812643277113);
#271=CIRCLE('',#5685,0.000536127955012977);
#272=CIRCLE('',#5686,0.000361294303631057);
#273=CIRCLE('',#5688,0.000410642732968579);
#274=CIRCLE('',#5691,0.012564179163259);
#275=CIRCLE('',#5692,0.012564179163259);
#276=CIRCLE('',#5694,0.00829640601581531);
#277=CIRCLE('',#5695,0.00829640601581531);
#278=CIRCLE('',#5697,0.0183671423962139);
#279=CIRCLE('',#5698,0.0183671423962139);
#280=CIRCLE('',#5700,0.0111430951808739);
#281=CIRCLE('',#5701,0.0111430951808739);
#282=CIRCLE('',#5703,0.213215353592324);
#283=CIRCLE('',#5704,0.213215353592324);
#284=CIRCLE('',#5706,0.0188893021972013);
#285=CIRCLE('',#5707,0.0188893021972013);
#286=CIRCLE('',#5709,0.0628417344721257);
#287=CIRCLE('',#5710,0.0628417344721257);
#288=CIRCLE('',#5712,0.000510619193149473);
#289=CIRCLE('',#5713,0.000534688249560829);
#290=CIRCLE('',#5714,0.000487398335695118);
#291=CIRCLE('',#5715,0.000402549621861927);
#292=CIRCLE('',#5716,0.000377458899190547);
#293=CIRCLE('',#5718,0.0267906181945095);
#294=CIRCLE('',#5719,0.0267906181945095);
#295=CIRCLE('',#5721,0.0158156516330735);
#296=CIRCLE('',#5722,0.0158156516330735);
#297=CIRCLE('',#5724,0.0198223167490977);
#298=CIRCLE('',#5725,0.0198223167490977);
#299=CIRCLE('',#5727,0.0254200999450012);
#300=CIRCLE('',#5728,0.0254200999450012);
#301=CIRCLE('',#5730,0.0259680993112026);
#302=CIRCLE('',#5731,0.0259680993112026);
#303=CIRCLE('',#5733,0.0474135714385824);
#304=CIRCLE('',#5734,0.0474135714385824);
#305=CIRCLE('',#5736,0.000386195915857238);
#306=CIRCLE('',#5737,0.000532433017571637);
#307=CIRCLE('',#5738,0.000574585751775807);
#308=CIRCLE('',#5739,0.000493015402769215);
#309=CIRCLE('',#5740,0.00037640036150541);
#310=CIRCLE('',#5742,0.000487398335695118);
#311=CIRCLE('',#5745,0.000402549621861927);
#312=CIRCLE('',#5748,0.000534688249560829);
#313=CIRCLE('',#5751,0.000386195915857238);
#314=CIRCLE('',#5754,0.000532433017571637);
#315=CIRCLE('',#5757,0.000574585751775807);
#316=CIRCLE('',#5760,0.000493015402769215);
#317=CIRCLE('',#5763,0.01264723059103);
#318=CIRCLE('',#5764,0.01264723059103);
#319=CIRCLE('',#5766,0.0285444685204019);
#320=CIRCLE('',#5767,0.0285444685204019);
#321=CIRCLE('',#5769,0.0253250668273391);
#322=CIRCLE('',#5770,0.0253250668273391);
#323=CIRCLE('',#5772,0.00968647099572394);
#324=CIRCLE('',#5773,0.00968647099572394);
#325=CIRCLE('',#5775,0.000290367716647463);
#326=CIRCLE('',#5776,0.000322405248880386);
#327=CIRCLE('',#5777,0.000389858375926328);
#328=CIRCLE('',#5778,0.000327690502690118);
#329=CIRCLE('',#5779,0.000259299535371859);
#330=CIRCLE('',#5781,0.000327690502690118);
#331=CIRCLE('',#5784,0.000389858375926328);
#332=CIRCLE('',#5787,0.000322405248880386);
#333=CIRCLE('',#5790,0.000493812643277113);
#334=CIRCLE('',#5793,0.000536127955012977);
#335=CIRCLE('',#5796,0.000361294303631057);
#336=CIRCLE('',#5799,0.000290367716647463);
#337=CIRCLE('',#5802,0.00133750269591186);
#338=CIRCLE('',#5803,0.107503133606078);
#339=CIRCLE('',#5804,0.00367191673172853);
#340=CIRCLE('',#5805,0.00643861991815736);
#341=CIRCLE('',#5807,0.000505799547790307);
#342=CIRCLE('',#5810,0.000510619193149473);
#343=CIRCLE('',#5813,0.00037640036150541);
#344=CIRCLE('',#5816,0.000259299535371859);
#345=CIRCLE('',#5822,0.00643861991815736);
#346=CIRCLE('',#5827,0.00367191673172853);
#347=CIRCLE('',#5831,0.107503133606078);
#348=CIRCLE('',#5835,0.00133750269591186);
#349=CIRCLE('',#5856,0.0939516444730936);
#350=CIRCLE('',#5863,0.000377458899190547);
#351=LINE('',#7138,#746);
#352=LINE('',#7140,#747);
#353=LINE('',#7173,#748);
#354=LINE('',#7174,#749);
#355=LINE('',#7177,#750);
#356=LINE('',#7181,#751);
#357=LINE('',#7185,#752);
#358=LINE('',#7187,#753);
#359=LINE('',#7189,#754);
#360=LINE('',#7191,#755);
#361=LINE('',#7193,#756);
#362=LINE('',#7201,#757);
#363=LINE('',#7204,#758);
#364=LINE('',#7206,#759);
#365=LINE('',#7208,#760);
#366=LINE('',#7210,#761);
#367=LINE('',#7212,#762);
#368=LINE('',#7214,#763);
#369=LINE('',#7218,#764);
#370=LINE('',#7224,#765);
#371=LINE('',#7227,#766);
#372=LINE('',#7229,#767);
#373=LINE('',#7231,#768);
#374=LINE('',#7233,#769);
#375=LINE('',#7235,#770);
#376=LINE('',#7237,#771);
#377=LINE('',#7239,#772);
#378=LINE('',#7241,#773);
#379=LINE('',#7243,#774);
#380=LINE('',#7247,#775);
#381=LINE('',#7251,#776);
#382=LINE('',#7253,#777);
#383=LINE('',#7255,#778);
#384=LINE('',#7257,#779);
#385=LINE('',#7259,#780);
#386=LINE('',#7261,#781);
#387=LINE('',#7263,#782);
#388=LINE('',#7265,#783);
#389=LINE('',#7266,#784);
#390=LINE('',#7271,#785);
#391=LINE('',#7272,#786);
#392=LINE('',#7274,#787);
#393=LINE('',#7279,#788);
#394=LINE('',#7283,#789);
#395=LINE('',#7284,#790);
#396=LINE('',#7286,#791);
#397=LINE('',#7290,#792);
#398=LINE('',#7292,#793);
#399=LINE('',#7294,#794);
#400=LINE('',#7296,#795);
#401=LINE('',#7298,#796);
#402=LINE('',#7300,#797);
#403=LINE('',#7302,#798);
#404=LINE('',#7304,#799);
#405=LINE('',#7306,#800);
#406=LINE('',#7308,#801);
#407=LINE('',#7310,#802);
#408=LINE('',#7312,#803);
#409=LINE('',#7314,#804);
#410=LINE('',#7317,#805);
#411=LINE('',#7319,#806);
#412=LINE('',#7321,#807);
#413=LINE('',#7323,#808);
#414=LINE('',#7325,#809);
#415=LINE('',#7342,#810);
#416=LINE('',#7509,#811);
#417=LINE('',#7831,#812);
#418=LINE('',#7834,#813);
#419=LINE('',#7836,#814);
#420=LINE('',#7838,#815);
#421=LINE('',#7840,#816);
#422=LINE('',#7842,#817);
#423=LINE('',#7844,#818);
#424=LINE('',#7846,#819);
#425=LINE('',#7848,#820);
#426=LINE('',#7849,#821);
#427=LINE('',#7851,#822);
#428=LINE('',#7853,#823);
#429=LINE('',#7869,#824);
#430=LINE('',#7873,#825);
#431=LINE('',#7875,#826);
#432=LINE('',#7877,#827);
#433=LINE('',#7880,#828);
#434=LINE('',#7882,#829);
#435=LINE('',#7885,#830);
#436=LINE('',#7886,#831);
#437=LINE('',#7888,#832);
#438=LINE('',#7890,#833);
#439=LINE('',#7891,#834);
#440=LINE('',#7895,#835);
#441=LINE('',#7911,#836);
#442=LINE('',#7914,#837);
#443=LINE('',#7915,#838);
#444=LINE('',#7918,#839);
#445=LINE('',#7920,#840);
#446=LINE('',#7922,#841);
#447=LINE('',#7924,#842);
#448=LINE('',#7928,#843);
#449=LINE('',#7929,#844);
#450=LINE('',#7931,#845);
#451=LINE('',#7933,#846);
#452=LINE('',#7965,#847);
#453=LINE('',#7967,#848);
#454=LINE('',#7970,#849);
#455=LINE('',#7972,#850);
#456=LINE('',#7973,#851);
#457=LINE('',#7975,#852);
#458=LINE('',#7991,#853);
#459=LINE('',#7993,#854);
#460=LINE('',#7996,#855);
#461=LINE('',#7998,#856);
#462=LINE('',#8000,#857);
#463=LINE('',#8002,#858);
#464=LINE('',#8017,#859);
#465=LINE('',#8021,#860);
#466=LINE('',#8023,#861);
#467=LINE('',#8027,#862);
#468=LINE('',#8058,#863);
#469=LINE('',#8060,#864);
#470=LINE('',#8062,#865);
#471=LINE('',#8064,#866);
#472=LINE('',#8065,#867);
#473=LINE('',#8067,#868);
#474=LINE('',#8068,#869);
#475=LINE('',#8070,#870);
#476=LINE('',#8072,#871);
#477=LINE('',#8074,#872);
#478=LINE('',#8076,#873);
#479=LINE('',#8081,#874);
#480=LINE('',#8098,#875);
#481=LINE('',#8100,#876);
#482=LINE('',#8108,#877);
#483=LINE('',#8112,#878);
#484=LINE('',#8137,#879);
#485=LINE('',#8148,#880);
#486=LINE('',#8189,#881);
#487=LINE('',#8212,#882);
#488=LINE('',#8238,#883);
#489=LINE('',#8240,#884);
#490=LINE('',#8264,#885);
#491=LINE('',#8293,#886);
#492=LINE('',#8295,#887);
#493=LINE('',#8305,#888);
#494=LINE('',#8309,#889);
#495=LINE('',#8329,#890);
#496=LINE('',#8337,#891);
#497=LINE('',#8508,#892);
#498=LINE('',#8516,#893);
#499=LINE('',#8536,#894);
#500=LINE('',#8540,#895);
#501=LINE('',#8545,#896);
#502=LINE('',#8549,#897);
#503=LINE('',#8564,#898);
#504=LINE('',#8566,#899);
#505=LINE('',#8574,#900);
#506=LINE('',#8578,#901);
#507=LINE('',#8593,#902);
#508=LINE('',#8595,#903);
#509=LINE('',#8603,#904);
#510=LINE('',#8607,#905);
#511=LINE('',#8630,#906);
#512=LINE('',#8632,#907);
#513=LINE('',#8642,#908);
#514=LINE('',#8646,#909);
#515=LINE('',#8677,#910);
#516=LINE('',#8690,#911);
#517=LINE('',#8705,#912);
#518=LINE('',#8707,#913);
#519=LINE('',#8718,#914);
#520=LINE('',#8735,#915);
#521=LINE('',#8737,#916);
#522=LINE('',#8745,#917);
#523=LINE('',#8749,#918);
#524=LINE('',#8766,#919);
#525=LINE('',#8768,#920);
#526=LINE('',#8777,#921);
#527=LINE('',#8792,#922);
#528=LINE('',#8807,#923);
#529=LINE('',#8814,#924);
#530=LINE('',#8829,#925);
#531=LINE('',#8851,#926);
#532=LINE('',#8868,#927);
#533=LINE('',#8909,#928);
#534=LINE('',#8911,#929);
#535=LINE('',#8922,#930);
#536=LINE('',#8926,#931);
#537=LINE('',#8939,#932);
#538=LINE('',#8941,#933);
#539=LINE('',#8949,#934);
#540=LINE('',#8953,#935);
#541=LINE('',#8970,#936);
#542=LINE('',#8972,#937);
#543=LINE('',#8980,#938);
#544=LINE('',#8995,#939);
#545=LINE('',#9016,#940);
#546=LINE('',#9018,#941);
#547=LINE('',#9026,#942);
#548=LINE('',#9041,#943);
#549=LINE('',#9070,#944);
#550=LINE('',#9080,#945);
#551=LINE('',#9115,#946);
#552=LINE('',#9117,#947);
#553=LINE('',#9132,#948);
#554=LINE('',#9145,#949);
#555=LINE('',#9147,#950);
#556=LINE('',#9154,#951);
#557=LINE('',#9158,#952);
#558=LINE('',#9169,#953);
#559=LINE('',#9171,#954);
#560=LINE('',#9179,#955);
#561=LINE('',#9183,#956);
#562=LINE('',#9196,#957);
#563=LINE('',#9198,#958);
#564=LINE('',#9206,#959);
#565=LINE('',#9210,#960);
#566=LINE('',#9238,#961);
#567=LINE('',#9352,#962);
#568=LINE('',#9375,#963);
#569=LINE('',#9388,#964);
#570=LINE('',#9390,#965);
#571=LINE('',#9401,#966);
#572=LINE('',#9414,#967);
#573=LINE('',#9421,#968);
#574=LINE('',#9432,#969);
#575=LINE('',#9434,#970);
#576=LINE('',#9446,#971);
#577=LINE('',#9463,#972);
#578=LINE('',#9465,#973);
#579=LINE('',#9474,#974);
#580=LINE('',#9478,#975);
#581=LINE('',#9495,#976);
#582=LINE('',#9497,#977);
#583=LINE('',#9505,#978);
#584=LINE('',#9509,#979);
#585=LINE('',#9542,#980);
#586=LINE('',#9583,#981);
#587=LINE('',#9586,#982);
#588=LINE('',#9588,#983);
#589=LINE('',#9598,#984);
#590=LINE('',#9600,#985);
#591=LINE('',#9602,#986);
#592=LINE('',#9604,#987);
#593=LINE('',#9622,#988);
#594=LINE('',#9642,#989);
#595=LINE('',#9645,#990);
#596=LINE('',#9649,#991);
#597=LINE('',#9651,#992);
#598=LINE('',#9655,#993);
#599=LINE('',#9657,#994);
#600=LINE('',#9659,#995);
#601=LINE('',#9674,#996);
#602=LINE('',#9742,#997);
#603=LINE('',#9755,#998);
#604=LINE('',#9764,#999);
#605=LINE('',#9800,#1000);
#606=LINE('',#9812,#1001);
#607=LINE('',#9815,#1002);
#608=LINE('',#9817,#1003);
#609=LINE('',#9819,#1004);
#610=LINE('',#9821,#1005);
#611=LINE('',#9825,#1006);
#612=LINE('',#9827,#1007);
#613=LINE('',#9829,#1008);
#614=LINE('',#9831,#1009);
#615=LINE('',#9833,#1010);
#616=LINE('',#9835,#1011);
#617=LINE('',#9837,#1012);
#618=LINE('',#9841,#1013);
#619=LINE('',#9843,#1014);
#620=LINE('',#9845,#1015);
#621=LINE('',#9847,#1016);
#622=LINE('',#9849,#1017);
#623=LINE('',#9853,#1018);
#624=LINE('',#9887,#1019);
#625=LINE('',#9899,#1020);
#626=LINE('',#9901,#1021);
#627=LINE('',#9938,#1022);
#628=LINE('',#9958,#1023);
#629=LINE('',#9966,#1024);
#630=LINE('',#9969,#1025);
#631=LINE('',#9971,#1026);
#632=LINE('',#9973,#1027);
#633=LINE('',#9982,#1028);
#634=LINE('',#9990,#1029);
#635=LINE('',#9992,#1030);
#636=LINE('',#9994,#1031);
#637=LINE('',#9996,#1032);
#638=LINE('',#9998,#1033);
#639=LINE('',#10000,#1034);
#640=LINE('',#10002,#1035);
#641=LINE('',#10004,#1036);
#642=LINE('',#10015,#1037);
#643=LINE('',#10025,#1038);
#644=LINE('',#10027,#1039);
#645=LINE('',#10029,#1040);
#646=LINE('',#10058,#1041);
#647=LINE('',#10060,#1042);
#648=LINE('',#10263,#1043);
#649=LINE('',#10531,#1044);
#650=LINE('',#10556,#1045);
#651=LINE('',#10557,#1046);
#652=LINE('',#10636,#1047);
#653=LINE('',#10653,#1048);
#654=LINE('',#10655,#1049);
#655=LINE('',#10657,#1050);
#656=LINE('',#10668,#1051);
#657=LINE('',#10723,#1052);
#658=LINE('',#10750,#1053);
#659=LINE('',#10752,#1054);
#660=LINE('',#10754,#1055);
#661=LINE('',#10756,#1056);
#662=LINE('',#10803,#1057);
#663=LINE('',#10844,#1058);
#664=LINE('',#10917,#1059);
#665=LINE('',#10927,#1060);
#666=LINE('',#10929,#1061);
#667=LINE('',#10946,#1062);
#668=LINE('',#10962,#1063);
#669=LINE('',#11019,#1064);
#670=LINE('',#11166,#1065);
#671=LINE('',#11200,#1066);
#672=LINE('',#11233,#1067);
#673=LINE('',#11295,#1068);
#674=LINE('',#11297,#1069);
#675=LINE('',#11300,#1070);
#676=LINE('',#11302,#1071);
#677=LINE('',#11304,#1072);
#678=LINE('',#11306,#1073);
#679=LINE('',#11308,#1074);
#680=LINE('',#11310,#1075);
#681=LINE('',#11359,#1076);
#682=LINE('',#11383,#1077);
#683=LINE('',#11404,#1078);
#684=LINE('',#11418,#1079);
#685=LINE('',#11420,#1080);
#686=LINE('',#11535,#1081);
#687=LINE('',#11551,#1082);
#688=LINE('',#11566,#1083);
#689=LINE('',#11576,#1084);
#690=LINE('',#11579,#1085);
#691=LINE('',#11581,#1086);
#692=LINE('',#11583,#1087);
#693=LINE('',#11585,#1088);
#694=LINE('',#11588,#1089);
#695=LINE('',#11590,#1090);
#696=LINE('',#11592,#1091);
#697=LINE('',#11720,#1092);
#698=LINE('',#11722,#1093);
#699=LINE('',#11724,#1094);
#700=LINE('',#11769,#1095);
#701=LINE('',#11792,#1096);
#702=LINE('',#11794,#1097);
#703=LINE('',#11821,#1098);
#704=LINE('',#11837,#1099);
#705=LINE('',#11839,#1100);
#706=LINE('',#11868,#1101);
#707=LINE('',#11885,#1102);
#708=LINE('',#11887,#1103);
#709=LINE('',#11889,#1104);
#710=LINE('',#11891,#1105);
#711=LINE('',#11928,#1106);
#712=LINE('',#11938,#1107);
#713=LINE('',#11940,#1108);
#714=LINE('',#11942,#1109);
#715=LINE('',#11961,#1110);
#716=LINE('',#11973,#1111);
#717=LINE('',#11975,#1112);
#718=LINE('',#11996,#1113);
#719=LINE('',#12055,#1114);
#720=LINE('',#12078,#1115);
#721=LINE('',#12080,#1116);
#722=LINE('',#12099,#1117);
#723=LINE('',#12197,#1118);
#724=LINE('',#12225,#1119);
#725=LINE('',#12416,#1120);
#726=LINE('',#12458,#1121);
#727=LINE('',#12460,#1122);
#728=LINE('',#12578,#1123);
#729=LINE('',#12593,#1124);
#730=LINE('',#12689,#1125);
#731=LINE('',#12691,#1126);
#732=LINE('',#12693,#1127);
#733=LINE('',#12695,#1128);
#734=LINE('',#12697,#1129);
#735=LINE('',#12700,#1130);
#736=LINE('',#12702,#1131);
#737=LINE('',#12704,#1132);
#738=LINE('',#12706,#1133);
#739=LINE('',#12708,#1134);
#740=LINE('',#12711,#1135);
#741=LINE('',#12714,#1136);
#742=LINE('',#12717,#1137);
#743=LINE('',#12719,#1138);
#744=LINE('',#12721,#1139);
#745=LINE('',#12722,#1140);
#746=VECTOR('',#5919,1.);
#747=VECTOR('',#5920,1.);
#748=VECTOR('',#5921,1.);
#749=VECTOR('',#5922,1.);
#750=VECTOR('',#5923,1.);
#751=VECTOR('',#5926,1.);
#752=VECTOR('',#5929,1.);
#753=VECTOR('',#5930,1.);
#754=VECTOR('',#5931,1.);
#755=VECTOR('',#5932,1.);
#756=VECTOR('',#5933,1.);
#757=VECTOR('',#5942,1.);
#758=VECTOR('',#5943,1.);
#759=VECTOR('',#5944,1.);
#760=VECTOR('',#5945,1.);
#761=VECTOR('',#5946,1.);
#762=VECTOR('',#5947,1.);
#763=VECTOR('',#5948,1.);
#764=VECTOR('',#5951,1.);
#765=VECTOR('',#5958,1.);
#766=VECTOR('',#5959,1.);
#767=VECTOR('',#5960,1.);
#768=VECTOR('',#5961,1.);
#769=VECTOR('',#5962,1.);
#770=VECTOR('',#5963,1.);
#771=VECTOR('',#5964,1.);
#772=VECTOR('',#5965,1.);
#773=VECTOR('',#5966,1.);
#774=VECTOR('',#5967,1.);
#775=VECTOR('',#5970,1.);
#776=VECTOR('',#5973,1.);
#777=VECTOR('',#5974,1.);
#778=VECTOR('',#5977,1.);
#779=VECTOR('',#5978,1.);
#780=VECTOR('',#5979,1.);
#781=VECTOR('',#5980,1.);
#782=VECTOR('',#5981,1.);
#783=VECTOR('',#5984,1.);
#784=VECTOR('',#5985,1.);
#785=VECTOR('',#5990,1.);
#786=VECTOR('',#5991,1.);
#787=VECTOR('',#5994,1.);
#788=VECTOR('',#5997,1.);
#789=VECTOR('',#6002,1.);
#790=VECTOR('',#6003,1.);
#791=VECTOR('',#6006,1.);
#792=VECTOR('',#6009,1.);
#793=VECTOR('',#6010,1.);
#794=VECTOR('',#6011,1.);
#795=VECTOR('',#6012,1.);
#796=VECTOR('',#6013,1.);
#797=VECTOR('',#6014,1.);
#798=VECTOR('',#6015,1.);
#799=VECTOR('',#6016,1.);
#800=VECTOR('',#6017,1.);
#801=VECTOR('',#6018,1.);
#802=VECTOR('',#6019,1.);
#803=VECTOR('',#6020,1.);
#804=VECTOR('',#6023,1.);
#805=VECTOR('',#6024,1.);
#806=VECTOR('',#6025,1.);
#807=VECTOR('',#6026,1.);
#808=VECTOR('',#6027,1.);
#809=VECTOR('',#6028,1.);
#810=VECTOR('',#6029,1.);
#811=VECTOR('',#6030,1.);
#812=VECTOR('',#6061,1.);
#813=VECTOR('',#6062,1.);
#814=VECTOR('',#6063,1.);
#815=VECTOR('',#6064,1.);
#816=VECTOR('',#6065,1.);
#817=VECTOR('',#6066,1.);
#818=VECTOR('',#6067,1.);
#819=VECTOR('',#6068,1.);
#820=VECTOR('',#6069,1.);
#821=VECTOR('',#6070,1.);
#822=VECTOR('',#6071,1.);
#823=VECTOR('',#6074,1.);
#824=VECTOR('',#6079,1.);
#825=VECTOR('',#6084,1.);
#826=VECTOR('',#6085,1.);
#827=VECTOR('',#6086,1.);
#828=VECTOR('',#6089,1.);
#829=VECTOR('',#6092,1.);
#830=VECTOR('',#6093,1.);
#831=VECTOR('',#6094,1.);
#832=VECTOR('',#6095,1.);
#833=VECTOR('',#6096,1.);
#834=VECTOR('',#6097,1.);
#835=VECTOR('',#6100,1.);
#836=VECTOR('',#6117,1.);
#837=VECTOR('',#6118,1.);
#838=VECTOR('',#6119,1.);
#839=VECTOR('',#6122,1.);
#840=VECTOR('',#6125,1.);
#841=VECTOR('',#6126,1.);
#842=VECTOR('',#6127,1.);
#843=VECTOR('',#6130,1.);
#844=VECTOR('',#6131,1.);
#845=VECTOR('',#6132,1.);
#846=VECTOR('',#6133,1.);
#847=VECTOR('',#6172,1.);
#848=VECTOR('',#6173,1.);
#849=VECTOR('',#6178,1.);
#850=VECTOR('',#6179,1.);
#851=VECTOR('',#6180,1.);
#852=VECTOR('',#6181,1.);
#853=VECTOR('',#6198,1.);
#854=VECTOR('',#6201,1.);
#855=VECTOR('',#6206,1.);
#856=VECTOR('',#6207,1.);
#857=VECTOR('',#6210,1.);
#858=VECTOR('',#6213,1.);
#859=VECTOR('',#6242,1.);
#860=VECTOR('',#6247,1.);
#861=VECTOR('',#6250,1.);
#862=VECTOR('',#6255,1.);
#863=VECTOR('',#6304,1.);
#864=VECTOR('',#6305,1.);
#865=VECTOR('',#6308,1.);
#866=VECTOR('',#6309,1.);
#867=VECTOR('',#6310,1.);
#868=VECTOR('',#6313,1.);
#869=VECTOR('',#6314,1.);
#870=VECTOR('',#6317,1.);
#871=VECTOR('',#6320,1.);
#872=VECTOR('',#6323,1.);
#873=VECTOR('',#6326,1.);
#874=VECTOR('',#6329,1.);
#875=VECTOR('',#6332,1.);
#876=VECTOR('',#6333,1.);
#877=VECTOR('',#6334,1.);
#878=VECTOR('',#6339,1.);
#879=VECTOR('',#6342,1.);
#880=VECTOR('',#6343,1.);
#881=VECTOR('',#6344,1.);
#882=VECTOR('',#6345,1.);
#883=VECTOR('',#6346,1.);
#884=VECTOR('',#6347,1.);
#885=VECTOR('',#6348,1.);
#886=VECTOR('',#6349,1.);
#887=VECTOR('',#6350,1.);
#888=VECTOR('',#6351,1.);
#889=VECTOR('',#6356,1.);
#890=VECTOR('',#6359,1.);
#891=VECTOR('',#6360,1.);
#892=VECTOR('',#6361,1.);
#893=VECTOR('',#6362,1.);
#894=VECTOR('',#6385,1.);
#895=VECTOR('',#6388,1.);
#896=VECTOR('',#6393,1.);
#897=VECTOR('',#6396,1.);
#898=VECTOR('',#6397,1.);
#899=VECTOR('',#6398,1.);
#900=VECTOR('',#6399,1.);
#901=VECTOR('',#6404,1.);
#902=VECTOR('',#6407,1.);
#903=VECTOR('',#6408,1.);
#904=VECTOR('',#6409,1.);
#905=VECTOR('',#6414,1.);
#906=VECTOR('',#6417,1.);
#907=VECTOR('',#6418,1.);
#908=VECTOR('',#6419,1.);
#909=VECTOR('',#6424,1.);
#910=VECTOR('',#6427,1.);
#911=VECTOR('',#6428,1.);
#912=VECTOR('',#6429,1.);
#913=VECTOR('',#6430,1.);
#914=VECTOR('',#6435,1.);
#915=VECTOR('',#6438,1.);
#916=VECTOR('',#6439,1.);
#917=VECTOR('',#6440,1.);
#918=VECTOR('',#6445,1.);
#919=VECTOR('',#6448,1.);
#920=VECTOR('',#6449,1.);
#921=VECTOR('',#6450,1.);
#922=VECTOR('',#6451,1.);
#923=VECTOR('',#6452,1.);
#924=VECTOR('',#6453,1.);
#925=VECTOR('',#6454,1.);
#926=VECTOR('',#6455,1.);
#927=VECTOR('',#6458,1.);
#928=VECTOR('',#6469,1.);
#929=VECTOR('',#6470,1.);
#930=VECTOR('',#6471,1.);
#931=VECTOR('',#6476,1.);
#932=VECTOR('',#6479,1.);
#933=VECTOR('',#6480,1.);
#934=VECTOR('',#6481,1.);
#935=VECTOR('',#6486,1.);
#936=VECTOR('',#6489,1.);
#937=VECTOR('',#6490,1.);
#938=VECTOR('',#6491,1.);
#939=VECTOR('',#6492,1.);
#940=VECTOR('',#6493,1.);
#941=VECTOR('',#6494,1.);
#942=VECTOR('',#6495,1.);
#943=VECTOR('',#6496,1.);
#944=VECTOR('',#6497,1.);
#945=VECTOR('',#6498,1.);
#946=VECTOR('',#6499,1.);
#947=VECTOR('',#6500,1.);
#948=VECTOR('',#6505,1.);
#949=VECTOR('',#6508,1.);
#950=VECTOR('',#6509,1.);
#951=VECTOR('',#6510,1.);
#952=VECTOR('',#6515,1.);
#953=VECTOR('',#6518,1.);
#954=VECTOR('',#6519,1.);
#955=VECTOR('',#6520,1.);
#956=VECTOR('',#6525,1.);
#957=VECTOR('',#6528,1.);
#958=VECTOR('',#6529,1.);
#959=VECTOR('',#6530,1.);
#960=VECTOR('',#6535,1.);
#961=VECTOR('',#6538,1.);
#962=VECTOR('',#6593,1.);
#963=VECTOR('',#6594,1.);
#964=VECTOR('',#6595,1.);
#965=VECTOR('',#6596,1.);
#966=VECTOR('',#6601,1.);
#967=VECTOR('',#6604,1.);
#968=VECTOR('',#6605,1.);
#969=VECTOR('',#6606,1.);
#970=VECTOR('',#6607,1.);
#971=VECTOR('',#6612,1.);
#972=VECTOR('',#6615,1.);
#973=VECTOR('',#6616,1.);
#974=VECTOR('',#6617,1.);
#975=VECTOR('',#6622,1.);
#976=VECTOR('',#6625,1.);
#977=VECTOR('',#6626,1.);
#978=VECTOR('',#6627,1.);
#979=VECTOR('',#6632,1.);
#980=VECTOR('',#6635,1.);
#981=VECTOR('',#6692,1.);
#982=VECTOR('',#6693,1.);
#983=VECTOR('',#6694,1.);
#984=VECTOR('',#6695,1.);
#985=VECTOR('',#6696,1.);
#986=VECTOR('',#6697,1.);
#987=VECTOR('',#6698,1.);
#988=VECTOR('',#6699,1.);
#989=VECTOR('',#6702,1.);
#990=VECTOR('',#6703,1.);
#991=VECTOR('',#6706,1.);
#992=VECTOR('',#6707,1.);
#993=VECTOR('',#6710,1.);
#994=VECTOR('',#6711,1.);
#995=VECTOR('',#6712,1.);
#996=VECTOR('',#6715,1.);
#997=VECTOR('',#6740,1.);
#998=VECTOR('',#6741,1.);
#999=VECTOR('',#6742,1.);
#1000=VECTOR('',#6743,1.);
#1001=VECTOR('',#6746,1.);
#1002=VECTOR('',#6751,1.);
#1003=VECTOR('',#6752,1.);
#1004=VECTOR('',#6753,1.);
#1005=VECTOR('',#6756,1.);
#1006=VECTOR('',#6761,1.);
#1007=VECTOR('',#6762,1.);
#1008=VECTOR('',#6765,1.);
#1009=VECTOR('',#6766,1.);
#1010=VECTOR('',#6769,1.);
#1011=VECTOR('',#6770,1.);
#1012=VECTOR('',#6773,1.);
#1013=VECTOR('',#6778,1.);
#1014=VECTOR('',#6779,1.);
#1015=VECTOR('',#6782,1.);
#1016=VECTOR('',#6783,1.);
#1017=VECTOR('',#6786,1.);
#1018=VECTOR('',#6791,1.);
#1019=VECTOR('',#6794,1.);
#1020=VECTOR('',#6795,1.);
#1021=VECTOR('',#6798,1.);
#1022=VECTOR('',#6801,1.);
#1023=VECTOR('',#6802,1.);
#1024=VECTOR('',#6805,1.);
#1025=VECTOR('',#6810,1.);
#1026=VECTOR('',#6811,1.);
#1027=VECTOR('',#6812,1.);
#1028=VECTOR('',#6813,1.);
#1029=VECTOR('',#6816,1.);
#1030=VECTOR('',#6817,1.);
#1031=VECTOR('',#6820,1.);
#1032=VECTOR('',#6821,1.);
#1033=VECTOR('',#6824,1.);
#1034=VECTOR('',#6825,1.);
#1035=VECTOR('',#6828,1.);
#1036=VECTOR('',#6829,1.);
#1037=VECTOR('',#6830,1.);
#1038=VECTOR('',#6833,1.);
#1039=VECTOR('',#6834,1.);
#1040=VECTOR('',#6837,1.);
#1041=VECTOR('',#6842,1.);
#1042=VECTOR('',#6843,1.);
#1043=VECTOR('',#6852,1.);
#1044=VECTOR('',#6871,1.);
#1045=VECTOR('',#6876,1.);
#1046=VECTOR('',#6877,1.);
#1047=VECTOR('',#6884,1.);
#1048=VECTOR('',#6885,1.);
#1049=VECTOR('',#6888,1.);
#1050=VECTOR('',#6889,1.);
#1051=VECTOR('',#6890,1.);
#1052=VECTOR('',#6891,1.);
#1053=VECTOR('',#6894,1.);
#1054=VECTOR('',#6895,1.);
#1055=VECTOR('',#6898,1.);
#1056=VECTOR('',#6899,1.);
#1057=VECTOR('',#6900,1.);
#1058=VECTOR('',#6901,1.);
#1059=VECTOR('',#6904,1.);
#1060=VECTOR('',#6905,1.);
#1061=VECTOR('',#6906,1.);
#1062=VECTOR('',#6907,1.);
#1063=VECTOR('',#6908,1.);
#1064=VECTOR('',#6909,1.);
#1065=VECTOR('',#6910,1.);
#1066=VECTOR('',#6911,1.);
#1067=VECTOR('',#6912,1.);
#1068=VECTOR('',#6913,1.);
#1069=VECTOR('',#6916,1.);
#1070=VECTOR('',#6917,1.);
#1071=VECTOR('',#6918,1.);
#1072=VECTOR('',#6919,1.);
#1073=VECTOR('',#6922,1.);
#1074=VECTOR('',#6923,1.);
#1075=VECTOR('',#6924,1.);
#1076=VECTOR('',#6925,1.);
#1077=VECTOR('',#6926,1.);
#1078=VECTOR('',#6927,1.);
#1079=VECTOR('',#6930,1.);
#1080=VECTOR('',#6931,1.);
#1081=VECTOR('',#6934,1.);
#1082=VECTOR('',#6935,1.);
#1083=VECTOR('',#6936,1.);
#1084=VECTOR('',#6939,1.);
#1085=VECTOR('',#6940,1.);
#1086=VECTOR('',#6941,1.);
#1087=VECTOR('',#6942,1.);
#1088=VECTOR('',#6945,1.);
#1089=VECTOR('',#6946,1.);
#1090=VECTOR('',#6947,1.);
#1091=VECTOR('',#6948,1.);
#1092=VECTOR('',#6955,1.);
#1093=VECTOR('',#6956,1.);
#1094=VECTOR('',#6957,1.);
#1095=VECTOR('',#6958,1.);
#1096=VECTOR('',#6961,1.);
#1097=VECTOR('',#6962,1.);
#1098=VECTOR('',#6963,1.);
#1099=VECTOR('',#6966,1.);
#1100=VECTOR('',#6967,1.);
#1101=VECTOR('',#6968,1.);
#1102=VECTOR('',#6971,1.);
#1103=VECTOR('',#6972,1.);
#1104=VECTOR('',#6975,1.);
#1105=VECTOR('',#6976,1.);
#1106=VECTOR('',#6979,1.);
#1107=VECTOR('',#6980,1.);
#1108=VECTOR('',#6983,1.);
#1109=VECTOR('',#6984,1.);
#1110=VECTOR('',#6985,1.);
#1111=VECTOR('',#6988,1.);
#1112=VECTOR('',#6989,1.);
#1113=VECTOR('',#6990,1.);
#1114=VECTOR('',#6991,1.);
#1115=VECTOR('',#6994,1.);
#1116=VECTOR('',#6995,1.);
#1117=VECTOR('',#6996,1.);
#1118=VECTOR('',#6999,1.);
#1119=VECTOR('',#7000,1.);
#1120=VECTOR('',#7003,1.);
#1121=VECTOR('',#7004,1.);
#1122=VECTOR('',#7007,1.);
#1123=VECTOR('',#7012,1.);
#1124=VECTOR('',#7013,1.);
#1125=VECTOR('',#7022,1.);
#1126=VECTOR('',#7023,1.);
#1127=VECTOR('',#7026,1.);
#1128=VECTOR('',#7027,1.);
#1129=VECTOR('',#7030,1.);
#1130=VECTOR('',#7035,1.);
#1131=VECTOR('',#7036,1.);
#1132=VECTOR('',#7039,1.);
#1133=VECTOR('',#7040,1.);
#1134=VECTOR('',#7043,1.);
#1135=VECTOR('',#7048,1.);
#1136=VECTOR('',#7053,1.);
#1137=VECTOR('',#7058,1.);
#1138=VECTOR('',#7061,1.);
#1139=VECTOR('',#7064,1.);
#1140=VECTOR('',#7065,1.);
#1141=ORIENTED_EDGE('',*,*,#2663,.T.);
#1142=ORIENTED_EDGE('',*,*,#2664,.T.);
#1143=ORIENTED_EDGE('',*,*,#2665,.T.);
#1144=ORIENTED_EDGE('',*,*,#2666,.T.);
#1145=ORIENTED_EDGE('',*,*,#2667,.T.);
#1146=ORIENTED_EDGE('',*,*,#2668,.T.);
#1147=ORIENTED_EDGE('',*,*,#2669,.T.);
#1148=ORIENTED_EDGE('',*,*,#2670,.T.);
#1149=ORIENTED_EDGE('',*,*,#2671,.F.);
#1150=ORIENTED_EDGE('',*,*,#2672,.T.);
#1151=ORIENTED_EDGE('',*,*,#2673,.T.);
#1152=ORIENTED_EDGE('',*,*,#2674,.T.);
#1153=ORIENTED_EDGE('',*,*,#2675,.F.);
#1154=ORIENTED_EDGE('',*,*,#2676,.T.);
#1155=ORIENTED_EDGE('',*,*,#2677,.T.);
#1156=ORIENTED_EDGE('',*,*,#2678,.T.);
#1157=ORIENTED_EDGE('',*,*,#2679,.T.);
#1158=ORIENTED_EDGE('',*,*,#2680,.T.);
#1159=ORIENTED_EDGE('',*,*,#2681,.T.);
#1160=ORIENTED_EDGE('',*,*,#2682,.F.);
#1161=ORIENTED_EDGE('',*,*,#2683,.T.);
#1162=ORIENTED_EDGE('',*,*,#2684,.T.);
#1163=ORIENTED_EDGE('',*,*,#2685,.F.);
#1164=ORIENTED_EDGE('',*,*,#2686,.F.);
#1165=ORIENTED_EDGE('',*,*,#2687,.T.);
#1166=ORIENTED_EDGE('',*,*,#2688,.T.);
#1167=ORIENTED_EDGE('',*,*,#2689,.F.);
#1168=ORIENTED_EDGE('',*,*,#2690,.F.);
#1169=ORIENTED_EDGE('',*,*,#2691,.F.);
#1170=ORIENTED_EDGE('',*,*,#2692,.T.);
#1171=ORIENTED_EDGE('',*,*,#2693,.T.);
#1172=ORIENTED_EDGE('',*,*,#2694,.T.);
#1173=ORIENTED_EDGE('',*,*,#2695,.F.);
#1174=ORIENTED_EDGE('',*,*,#2696,.F.);
#1175=ORIENTED_EDGE('',*,*,#2697,.T.);
#1176=ORIENTED_EDGE('',*,*,#2698,.T.);
#1177=ORIENTED_EDGE('',*,*,#2699,.F.);
#1178=ORIENTED_EDGE('',*,*,#2700,.F.);
#1179=ORIENTED_EDGE('',*,*,#2701,.F.);
#1180=ORIENTED_EDGE('',*,*,#2702,.T.);
#1181=ORIENTED_EDGE('',*,*,#2703,.T.);
#1182=ORIENTED_EDGE('',*,*,#2704,.T.);
#1183=ORIENTED_EDGE('',*,*,#2705,.T.);
#1184=ORIENTED_EDGE('',*,*,#2706,.F.);
#1185=ORIENTED_EDGE('',*,*,#2707,.F.);
#1186=ORIENTED_EDGE('',*,*,#2708,.F.);
#1187=ORIENTED_EDGE('',*,*,#2709,.T.);
#1188=ORIENTED_EDGE('',*,*,#2710,.F.);
#1189=ORIENTED_EDGE('',*,*,#2711,.F.);
#1190=ORIENTED_EDGE('',*,*,#2712,.F.);
#1191=ORIENTED_EDGE('',*,*,#2713,.T.);
#1192=ORIENTED_EDGE('',*,*,#2714,.F.);
#1193=ORIENTED_EDGE('',*,*,#2715,.F.);
#1194=ORIENTED_EDGE('',*,*,#2686,.T.);
#1195=ORIENTED_EDGE('',*,*,#2712,.T.);
#1196=ORIENTED_EDGE('',*,*,#2716,.T.);
#1197=ORIENTED_EDGE('',*,*,#2710,.T.);
#1198=ORIENTED_EDGE('',*,*,#2717,.F.);
#1199=ORIENTED_EDGE('',*,*,#2718,.F.);
#1200=ORIENTED_EDGE('',*,*,#2719,.T.);
#1201=ORIENTED_EDGE('',*,*,#2706,.T.);
#1202=ORIENTED_EDGE('',*,*,#2720,.F.);
#1203=ORIENTED_EDGE('',*,*,#2721,.F.);
#1204=ORIENTED_EDGE('',*,*,#2722,.F.);
#1205=ORIENTED_EDGE('',*,*,#2723,.F.);
#1206=ORIENTED_EDGE('',*,*,#2724,.T.);
#1207=ORIENTED_EDGE('',*,*,#2725,.F.);
#1208=ORIENTED_EDGE('',*,*,#2672,.F.);
#1209=ORIENTED_EDGE('',*,*,#2726,.F.);
#1210=ORIENTED_EDGE('',*,*,#2697,.F.);
#1211=ORIENTED_EDGE('',*,*,#2727,.F.);
#1212=ORIENTED_EDGE('',*,*,#2728,.T.);
#1213=ORIENTED_EDGE('',*,*,#2729,.F.);
#1214=ORIENTED_EDGE('',*,*,#2730,.T.);
#1215=ORIENTED_EDGE('',*,*,#2731,.T.);
#1216=ORIENTED_EDGE('',*,*,#2732,.T.);
#1217=ORIENTED_EDGE('',*,*,#2733,.T.);
#1218=ORIENTED_EDGE('',*,*,#2734,.T.);
#1219=ORIENTED_EDGE('',*,*,#2735,.T.);
#1220=ORIENTED_EDGE('',*,*,#2736,.T.);
#1221=ORIENTED_EDGE('',*,*,#2737,.T.);
#1222=ORIENTED_EDGE('',*,*,#2738,.F.);
#1223=ORIENTED_EDGE('',*,*,#2739,.F.);
#1224=ORIENTED_EDGE('',*,*,#2740,.F.);
#1225=ORIENTED_EDGE('',*,*,#2722,.T.);
#1226=ORIENTED_EDGE('',*,*,#2741,.T.);
#1227=ORIENTED_EDGE('',*,*,#2742,.T.);
#1228=ORIENTED_EDGE('',*,*,#2743,.T.);
#1229=ORIENTED_EDGE('',*,*,#2744,.T.);
#1230=ORIENTED_EDGE('',*,*,#2745,.T.);
#1231=ORIENTED_EDGE('',*,*,#2746,.T.);
#1232=ORIENTED_EDGE('',*,*,#2747,.F.);
#1233=ORIENTED_EDGE('',*,*,#2748,.T.);
#1234=ORIENTED_EDGE('',*,*,#2749,.T.);
#1235=ORIENTED_EDGE('',*,*,#2750,.T.);
#1236=ORIENTED_EDGE('',*,*,#2751,.F.);
#1237=ORIENTED_EDGE('',*,*,#2752,.F.);
#1238=ORIENTED_EDGE('',*,*,#2753,.F.);
#1239=ORIENTED_EDGE('',*,*,#2754,.F.);
#1240=ORIENTED_EDGE('',*,*,#2755,.F.);
#1241=ORIENTED_EDGE('',*,*,#2756,.T.);
#1242=ORIENTED_EDGE('',*,*,#2757,.T.);
#1243=ORIENTED_EDGE('',*,*,#2758,.T.);
#1244=ORIENTED_EDGE('',*,*,#2759,.T.);
#1245=ORIENTED_EDGE('',*,*,#2760,.T.);
#1246=ORIENTED_EDGE('',*,*,#2761,.T.);
#1247=ORIENTED_EDGE('',*,*,#2762,.T.);
#1248=ORIENTED_EDGE('',*,*,#2763,.F.);
#1249=ORIENTED_EDGE('',*,*,#2764,.F.);
#1250=ORIENTED_EDGE('',*,*,#2765,.F.);
#1251=ORIENTED_EDGE('',*,*,#2766,.F.);
#1252=ORIENTED_EDGE('',*,*,#2767,.F.);
#1253=ORIENTED_EDGE('',*,*,#2768,.T.);
#1254=ORIENTED_EDGE('',*,*,#2769,.T.);
#1255=ORIENTED_EDGE('',*,*,#2770,.F.);
#1256=ORIENTED_EDGE('',*,*,#2771,.T.);
#1257=ORIENTED_EDGE('',*,*,#2772,.F.);
#1258=ORIENTED_EDGE('',*,*,#2773,.T.);
#1259=ORIENTED_EDGE('',*,*,#2774,.F.);
#1260=ORIENTED_EDGE('',*,*,#2775,.T.);
#1261=ORIENTED_EDGE('',*,*,#2776,.F.);
#1262=ORIENTED_EDGE('',*,*,#2777,.T.);
#1263=ORIENTED_EDGE('',*,*,#2778,.F.);
#1264=ORIENTED_EDGE('',*,*,#2779,.F.);
#1265=ORIENTED_EDGE('',*,*,#2780,.F.);
#1266=ORIENTED_EDGE('',*,*,#2781,.T.);
#1267=ORIENTED_EDGE('',*,*,#2782,.F.);
#1268=ORIENTED_EDGE('',*,*,#2783,.T.);
#1269=ORIENTED_EDGE('',*,*,#2784,.T.);
#1270=ORIENTED_EDGE('',*,*,#2785,.F.);
#1271=ORIENTED_EDGE('',*,*,#2786,.F.);
#1272=ORIENTED_EDGE('',*,*,#2787,.T.);
#1273=ORIENTED_EDGE('',*,*,#2788,.T.);
#1274=ORIENTED_EDGE('',*,*,#2789,.T.);
#1275=ORIENTED_EDGE('',*,*,#2790,.F.);
#1276=ORIENTED_EDGE('',*,*,#2791,.T.);
#1277=ORIENTED_EDGE('',*,*,#2792,.T.);
#1278=ORIENTED_EDGE('',*,*,#2793,.F.);
#1279=ORIENTED_EDGE('',*,*,#2794,.F.);
#1280=ORIENTED_EDGE('',*,*,#2795,.F.);
#1281=ORIENTED_EDGE('',*,*,#2796,.T.);
#1282=ORIENTED_EDGE('',*,*,#2797,.F.);
#1283=ORIENTED_EDGE('',*,*,#2798,.F.);
#1284=ORIENTED_EDGE('',*,*,#2799,.F.);
#1285=ORIENTED_EDGE('',*,*,#2800,.T.);
#1286=ORIENTED_EDGE('',*,*,#2801,.F.);
#1287=ORIENTED_EDGE('',*,*,#2802,.F.);
#1288=ORIENTED_EDGE('',*,*,#2803,.F.);
#1289=ORIENTED_EDGE('',*,*,#2804,.T.);
#1290=ORIENTED_EDGE('',*,*,#2805,.T.);
#1291=ORIENTED_EDGE('',*,*,#2806,.T.);
#1292=ORIENTED_EDGE('',*,*,#2807,.F.);
#1293=ORIENTED_EDGE('',*,*,#2808,.F.);
#1294=ORIENTED_EDGE('',*,*,#2809,.F.);
#1295=ORIENTED_EDGE('',*,*,#2810,.F.);
#1296=ORIENTED_EDGE('',*,*,#2811,.F.);
#1297=ORIENTED_EDGE('',*,*,#2812,.F.);
#1298=ORIENTED_EDGE('',*,*,#2813,.T.);
#1299=ORIENTED_EDGE('',*,*,#2814,.T.);
#1300=ORIENTED_EDGE('',*,*,#2815,.T.);
#1301=ORIENTED_EDGE('',*,*,#2816,.T.);
#1302=ORIENTED_EDGE('',*,*,#2817,.F.);
#1303=ORIENTED_EDGE('',*,*,#2818,.T.);
#1304=ORIENTED_EDGE('',*,*,#2819,.T.);
#1305=ORIENTED_EDGE('',*,*,#2820,.F.);
#1306=ORIENTED_EDGE('',*,*,#2821,.F.);
#1307=ORIENTED_EDGE('',*,*,#2714,.T.);
#1308=ORIENTED_EDGE('',*,*,#2822,.T.);
#1309=ORIENTED_EDGE('',*,*,#2823,.T.);
#1310=ORIENTED_EDGE('',*,*,#2824,.F.);
#1311=ORIENTED_EDGE('',*,*,#2825,.T.);
#1312=ORIENTED_EDGE('',*,*,#2813,.F.);
#1313=ORIENTED_EDGE('',*,*,#2826,.T.);
#1314=ORIENTED_EDGE('',*,*,#2815,.F.);
#1315=ORIENTED_EDGE('',*,*,#2827,.T.);
#1316=ORIENTED_EDGE('',*,*,#2828,.F.);
#1317=ORIENTED_EDGE('',*,*,#2829,.T.);
#1318=ORIENTED_EDGE('',*,*,#2830,.T.);
#1319=ORIENTED_EDGE('',*,*,#2831,.T.);
#1320=ORIENTED_EDGE('',*,*,#2832,.T.);
#1321=ORIENTED_EDGE('',*,*,#2824,.T.);
#1322=ORIENTED_EDGE('',*,*,#2833,.F.);
#1323=ORIENTED_EDGE('',*,*,#2834,.T.);
#1324=ORIENTED_EDGE('',*,*,#2835,.T.);
#1325=ORIENTED_EDGE('',*,*,#2836,.T.);
#1326=ORIENTED_EDGE('',*,*,#2702,.F.);
#1327=ORIENTED_EDGE('',*,*,#2837,.T.);
#1328=ORIENTED_EDGE('',*,*,#2838,.F.);
#1329=ORIENTED_EDGE('',*,*,#2839,.T.);
#1330=ORIENTED_EDGE('',*,*,#2698,.F.);
#1331=ORIENTED_EDGE('',*,*,#2840,.T.);
#1332=ORIENTED_EDGE('',*,*,#2841,.T.);
#1333=ORIENTED_EDGE('',*,*,#2842,.T.);
#1334=ORIENTED_EDGE('',*,*,#2843,.T.);
#1335=ORIENTED_EDGE('',*,*,#2844,.T.);
#1336=ORIENTED_EDGE('',*,*,#2845,.T.);
#1337=ORIENTED_EDGE('',*,*,#2846,.T.);
#1338=ORIENTED_EDGE('',*,*,#2847,.T.);
#1339=ORIENTED_EDGE('',*,*,#2848,.T.);
#1340=ORIENTED_EDGE('',*,*,#2849,.T.);
#1341=ORIENTED_EDGE('',*,*,#2850,.T.);
#1342=ORIENTED_EDGE('',*,*,#2851,.T.);
#1343=ORIENTED_EDGE('',*,*,#2852,.F.);
#1344=ORIENTED_EDGE('',*,*,#2853,.F.);
#1345=ORIENTED_EDGE('',*,*,#2828,.T.);
#1346=ORIENTED_EDGE('',*,*,#2854,.T.);
#1347=ORIENTED_EDGE('',*,*,#2732,.F.);
#1348=ORIENTED_EDGE('',*,*,#2855,.T.);
#1349=ORIENTED_EDGE('',*,*,#2856,.T.);
#1350=ORIENTED_EDGE('',*,*,#2857,.T.);
#1351=ORIENTED_EDGE('',*,*,#2858,.F.);
#1352=ORIENTED_EDGE('',*,*,#2859,.T.);
#1353=ORIENTED_EDGE('',*,*,#2736,.F.);
#1354=ORIENTED_EDGE('',*,*,#2860,.F.);
#1355=ORIENTED_EDGE('',*,*,#2861,.T.);
#1356=ORIENTED_EDGE('',*,*,#2862,.F.);
#1357=ORIENTED_EDGE('',*,*,#2863,.T.);
#1358=ORIENTED_EDGE('',*,*,#2864,.F.);
#1359=ORIENTED_EDGE('',*,*,#2865,.T.);
#1360=ORIENTED_EDGE('',*,*,#2866,.F.);
#1361=ORIENTED_EDGE('',*,*,#2867,.T.);
#1362=ORIENTED_EDGE('',*,*,#2868,.F.);
#1363=ORIENTED_EDGE('',*,*,#2869,.F.);
#1364=ORIENTED_EDGE('',*,*,#2870,.F.);
#1365=ORIENTED_EDGE('',*,*,#2871,.F.);
#1366=ORIENTED_EDGE('',*,*,#2872,.F.);
#1367=ORIENTED_EDGE('',*,*,#2873,.F.);
#1368=ORIENTED_EDGE('',*,*,#2874,.F.);
#1369=ORIENTED_EDGE('',*,*,#2709,.F.);
#1370=ORIENTED_EDGE('',*,*,#2875,.T.);
#1371=ORIENTED_EDGE('',*,*,#2876,.T.);
#1372=ORIENTED_EDGE('',*,*,#2720,.T.);
#1373=ORIENTED_EDGE('',*,*,#2705,.F.);
#1374=ORIENTED_EDGE('',*,*,#2877,.T.);
#1375=ORIENTED_EDGE('',*,*,#2822,.F.);
#1376=ORIENTED_EDGE('',*,*,#2713,.F.);
#1377=ORIENTED_EDGE('',*,*,#2717,.T.);
#1378=ORIENTED_EDGE('',*,*,#2878,.F.);
#1379=ORIENTED_EDGE('',*,*,#2690,.T.);
#1380=ORIENTED_EDGE('',*,*,#2879,.T.);
#1381=ORIENTED_EDGE('',*,*,#2818,.F.);
#1382=ORIENTED_EDGE('',*,*,#2880,.F.);
#1383=ORIENTED_EDGE('',*,*,#2881,.F.);
#1384=ORIENTED_EDGE('',*,*,#2882,.F.);
#1385=ORIENTED_EDGE('',*,*,#2883,.F.);
#1386=ORIENTED_EDGE('',*,*,#2884,.F.);
#1387=ORIENTED_EDGE('',*,*,#2885,.F.);
#1388=ORIENTED_EDGE('',*,*,#2886,.F.);
#1389=ORIENTED_EDGE('',*,*,#2887,.F.);
#1390=ORIENTED_EDGE('',*,*,#2888,.F.);
#1391=ORIENTED_EDGE('',*,*,#2873,.T.);
#1392=ORIENTED_EDGE('',*,*,#2871,.T.);
#1393=ORIENTED_EDGE('',*,*,#2869,.T.);
#1394=ORIENTED_EDGE('',*,*,#2821,.T.);
#1395=ORIENTED_EDGE('',*,*,#2889,.F.);
#1396=ORIENTED_EDGE('',*,*,#2687,.F.);
#1397=ORIENTED_EDGE('',*,*,#2715,.T.);
#1398=ORIENTED_EDGE('',*,*,#2820,.T.);
#1399=ORIENTED_EDGE('',*,*,#2890,.F.);
#1400=ORIENTED_EDGE('',*,*,#2688,.F.);
#1401=ORIENTED_EDGE('',*,*,#2889,.T.);
#1402=ORIENTED_EDGE('',*,*,#2867,.F.);
#1403=ORIENTED_EDGE('',*,*,#2865,.F.);
#1404=ORIENTED_EDGE('',*,*,#2863,.F.);
#1405=ORIENTED_EDGE('',*,*,#2819,.F.);
#1406=ORIENTED_EDGE('',*,*,#2879,.F.);
#1407=ORIENTED_EDGE('',*,*,#2689,.T.);
#1408=ORIENTED_EDGE('',*,*,#2890,.T.);
#1409=ORIENTED_EDGE('',*,*,#2891,.F.);
#1410=ORIENTED_EDGE('',*,*,#2723,.T.);
#1411=ORIENTED_EDGE('',*,*,#2740,.T.);
#1412=ORIENTED_EDGE('',*,*,#2892,.F.);
#1413=ORIENTED_EDGE('',*,*,#2880,.T.);
#1414=ORIENTED_EDGE('',*,*,#2817,.T.);
#1415=ORIENTED_EDGE('',*,*,#2893,.T.);
#1416=ORIENTED_EDGE('',*,*,#2729,.T.);
#1417=ORIENTED_EDGE('',*,*,#2894,.T.);
#1418=ORIENTED_EDGE('',*,*,#2739,.T.);
#1419=ORIENTED_EDGE('',*,*,#2895,.T.);
#1420=ORIENTED_EDGE('',*,*,#2881,.T.);
#1421=ORIENTED_EDGE('',*,*,#2892,.T.);
#1422=ORIENTED_EDGE('',*,*,#2849,.F.);
#1423=ORIENTED_EDGE('',*,*,#2888,.T.);
#1424=ORIENTED_EDGE('',*,*,#2848,.F.);
#1425=ORIENTED_EDGE('',*,*,#2887,.T.);
#1426=ORIENTED_EDGE('',*,*,#2847,.F.);
#1427=ORIENTED_EDGE('',*,*,#2886,.T.);
#1428=ORIENTED_EDGE('',*,*,#2846,.F.);
#1429=ORIENTED_EDGE('',*,*,#2885,.T.);
#1430=ORIENTED_EDGE('',*,*,#2845,.F.);
#1431=ORIENTED_EDGE('',*,*,#2884,.T.);
#1432=ORIENTED_EDGE('',*,*,#2844,.F.);
#1433=ORIENTED_EDGE('',*,*,#2883,.T.);
#1434=ORIENTED_EDGE('',*,*,#2843,.F.);
#1435=ORIENTED_EDGE('',*,*,#2882,.T.);
#1436=ORIENTED_EDGE('',*,*,#2834,.F.);
#1437=ORIENTED_EDGE('',*,*,#2896,.T.);
#1438=ORIENTED_EDGE('',*,*,#2823,.F.);
#1439=ORIENTED_EDGE('',*,*,#2877,.F.);
#1440=ORIENTED_EDGE('',*,*,#2704,.F.);
#1441=ORIENTED_EDGE('',*,*,#2816,.F.);
#1442=ORIENTED_EDGE('',*,*,#2897,.T.);
#1443=ORIENTED_EDGE('',*,*,#2852,.T.);
#1444=ORIENTED_EDGE('',*,*,#2730,.F.);
#1445=ORIENTED_EDGE('',*,*,#2893,.F.);
#1446=ORIENTED_EDGE('',*,*,#2826,.F.);
#1447=ORIENTED_EDGE('',*,*,#2896,.F.);
#1448=ORIENTED_EDGE('',*,*,#2833,.T.);
#1449=ORIENTED_EDGE('',*,*,#2853,.T.);
#1450=ORIENTED_EDGE('',*,*,#2897,.F.);
#1451=ORIENTED_EDGE('',*,*,#2829,.F.);
#1452=ORIENTED_EDGE('',*,*,#2708,.T.);
#1453=ORIENTED_EDGE('',*,*,#2898,.T.);
#1454=ORIENTED_EDGE('',*,*,#2899,.F.);
#1455=ORIENTED_EDGE('',*,*,#2875,.F.);
#1456=ORIENTED_EDGE('',*,*,#2899,.T.);
#1457=ORIENTED_EDGE('',*,*,#2900,.T.);
#1458=ORIENTED_EDGE('',*,*,#2718,.T.);
#1459=ORIENTED_EDGE('',*,*,#2876,.F.);
#1460=ORIENTED_EDGE('',*,*,#2901,.F.);
#1461=ORIENTED_EDGE('',*,*,#2902,.T.);
#1462=ORIENTED_EDGE('',*,*,#2894,.F.);
#1463=ORIENTED_EDGE('',*,*,#2728,.F.);
#1464=ORIENTED_EDGE('',*,*,#2902,.F.);
#1465=ORIENTED_EDGE('',*,*,#2903,.T.);
#1466=ORIENTED_EDGE('',*,*,#2724,.F.);
#1467=ORIENTED_EDGE('',*,*,#2891,.T.);
#1468=ORIENTED_EDGE('',*,*,#2904,.F.);
#1469=ORIENTED_EDGE('',*,*,#2812,.T.);
#1470=ORIENTED_EDGE('',*,*,#2904,.T.);
#1471=ORIENTED_EDGE('',*,*,#2905,.F.);
#1472=ORIENTED_EDGE('',*,*,#2811,.T.);
#1473=ORIENTED_EDGE('',*,*,#2905,.T.);
#1474=ORIENTED_EDGE('',*,*,#2906,.F.);
#1475=ORIENTED_EDGE('',*,*,#2810,.T.);
#1476=ORIENTED_EDGE('',*,*,#2906,.T.);
#1477=ORIENTED_EDGE('',*,*,#2907,.F.);
#1478=ORIENTED_EDGE('',*,*,#2809,.T.);
#1479=ORIENTED_EDGE('',*,*,#2907,.T.);
#1480=ORIENTED_EDGE('',*,*,#2908,.F.);
#1481=ORIENTED_EDGE('',*,*,#2841,.F.);
#1482=ORIENTED_EDGE('',*,*,#2909,.T.);
#1483=ORIENTED_EDGE('',*,*,#2908,.T.);
#1484=ORIENTED_EDGE('',*,*,#2874,.T.);
#1485=ORIENTED_EDGE('',*,*,#2872,.T.);
#1486=ORIENTED_EDGE('',*,*,#2870,.T.);
#1487=ORIENTED_EDGE('',*,*,#2858,.T.);
#1488=ORIENTED_EDGE('',*,*,#2910,.T.);
#1489=ORIENTED_EDGE('',*,*,#2911,.F.);
#1490=ORIENTED_EDGE('',*,*,#2911,.T.);
#1491=ORIENTED_EDGE('',*,*,#2868,.T.);
#1492=ORIENTED_EDGE('',*,*,#2866,.T.);
#1493=ORIENTED_EDGE('',*,*,#2864,.T.);
#1494=ORIENTED_EDGE('',*,*,#2744,.F.);
#1495=ORIENTED_EDGE('',*,*,#2912,.T.);
#1496=ORIENTED_EDGE('',*,*,#2854,.F.);
#1497=ORIENTED_EDGE('',*,*,#2827,.F.);
#1498=ORIENTED_EDGE('',*,*,#2814,.F.);
#1499=ORIENTED_EDGE('',*,*,#2825,.F.);
#1500=ORIENTED_EDGE('',*,*,#2832,.F.);
#1501=ORIENTED_EDGE('',*,*,#2913,.T.);
#1502=ORIENTED_EDGE('',*,*,#2914,.F.);
#1503=ORIENTED_EDGE('',*,*,#2915,.T.);
#1504=ORIENTED_EDGE('',*,*,#2842,.F.);
#1505=ORIENTED_EDGE('',*,*,#2909,.F.);
#1506=ORIENTED_EDGE('',*,*,#2840,.F.);
#1507=ORIENTED_EDGE('',*,*,#2726,.T.);
#1508=ORIENTED_EDGE('',*,*,#2681,.F.);
#1509=ORIENTED_EDGE('',*,*,#2916,.F.);
#1510=ORIENTED_EDGE('',*,*,#2917,.T.);
#1511=ORIENTED_EDGE('',*,*,#2741,.F.);
#1512=ORIENTED_EDGE('',*,*,#2918,.T.);
#1513=ORIENTED_EDGE('',*,*,#2914,.T.);
#1514=ORIENTED_EDGE('',*,*,#2680,.F.);
#1515=ORIENTED_EDGE('',*,*,#2857,.F.);
#1516=ORIENTED_EDGE('',*,*,#2919,.T.);
#1517=ORIENTED_EDGE('',*,*,#2916,.T.);
#1518=ORIENTED_EDGE('',*,*,#2679,.F.);
#1519=ORIENTED_EDGE('',*,*,#2920,.T.);
#1520=ORIENTED_EDGE('',*,*,#2859,.F.);
#1521=ORIENTED_EDGE('',*,*,#2910,.F.);
#1522=ORIENTED_EDGE('',*,*,#2921,.F.);
#1523=ORIENTED_EDGE('',*,*,#2737,.F.);
#1524=ORIENTED_EDGE('',*,*,#2920,.F.);
#1525=ORIENTED_EDGE('',*,*,#2678,.F.);
#1526=ORIENTED_EDGE('',*,*,#2746,.F.);
#1527=ORIENTED_EDGE('',*,*,#2922,.T.);
#1528=ORIENTED_EDGE('',*,*,#2835,.F.);
#1529=ORIENTED_EDGE('',*,*,#2915,.F.);
#1530=ORIENTED_EDGE('',*,*,#2918,.F.);
#1531=ORIENTED_EDGE('',*,*,#2856,.F.);
#1532=ORIENTED_EDGE('',*,*,#2923,.T.);
#1533=ORIENTED_EDGE('',*,*,#2742,.F.);
#1534=ORIENTED_EDGE('',*,*,#2917,.F.);
#1535=ORIENTED_EDGE('',*,*,#2919,.F.);
#1536=ORIENTED_EDGE('',*,*,#2924,.T.);
#1537=ORIENTED_EDGE('',*,*,#2925,.T.);
#1538=ORIENTED_EDGE('',*,*,#2926,.F.);
#1539=ORIENTED_EDGE('',*,*,#2927,.F.);
#1540=ORIENTED_EDGE('',*,*,#2785,.T.);
#1541=ORIENTED_EDGE('',*,*,#2928,.F.);
#1542=ORIENTED_EDGE('',*,*,#2929,.F.);
#1543=ORIENTED_EDGE('',*,*,#2930,.F.);
#1544=ORIENTED_EDGE('',*,*,#2926,.T.);
#1545=ORIENTED_EDGE('',*,*,#2931,.T.);
#1546=ORIENTED_EDGE('',*,*,#2929,.T.);
#1547=ORIENTED_EDGE('',*,*,#2932,.T.);
#1548=ORIENTED_EDGE('',*,*,#2933,.F.);
#1549=ORIENTED_EDGE('',*,*,#2934,.F.);
#1550=ORIENTED_EDGE('',*,*,#2755,.T.);
#1551=ORIENTED_EDGE('',*,*,#2935,.F.);
#1552=ORIENTED_EDGE('',*,*,#2936,.F.);
#1553=ORIENTED_EDGE('',*,*,#2933,.T.);
#1554=ORIENTED_EDGE('',*,*,#2937,.T.);
#1555=ORIENTED_EDGE('',*,*,#2754,.T.);
#1556=ORIENTED_EDGE('',*,*,#2938,.F.);
#1557=ORIENTED_EDGE('',*,*,#2939,.F.);
#1558=ORIENTED_EDGE('',*,*,#2935,.T.);
#1559=ORIENTED_EDGE('',*,*,#2753,.T.);
#1560=ORIENTED_EDGE('',*,*,#2940,.F.);
#1561=ORIENTED_EDGE('',*,*,#2941,.F.);
#1562=ORIENTED_EDGE('',*,*,#2938,.T.);
#1563=ORIENTED_EDGE('',*,*,#2752,.T.);
#1564=ORIENTED_EDGE('',*,*,#2942,.F.);
#1565=ORIENTED_EDGE('',*,*,#2943,.F.);
#1566=ORIENTED_EDGE('',*,*,#2944,.F.);
#1567=ORIENTED_EDGE('',*,*,#2940,.T.);
#1568=ORIENTED_EDGE('',*,*,#2943,.T.);
#1569=ORIENTED_EDGE('',*,*,#2945,.T.);
#1570=ORIENTED_EDGE('',*,*,#2946,.F.);
#1571=ORIENTED_EDGE('',*,*,#2947,.F.);
#1572=ORIENTED_EDGE('',*,*,#2808,.T.);
#1573=ORIENTED_EDGE('',*,*,#2948,.F.);
#1574=ORIENTED_EDGE('',*,*,#2949,.F.);
#1575=ORIENTED_EDGE('',*,*,#2950,.F.);
#1576=ORIENTED_EDGE('',*,*,#2946,.T.);
#1577=ORIENTED_EDGE('',*,*,#2951,.T.);
#1578=ORIENTED_EDGE('',*,*,#2949,.T.);
#1579=ORIENTED_EDGE('',*,*,#2952,.T.);
#1580=ORIENTED_EDGE('',*,*,#2953,.F.);
#1581=ORIENTED_EDGE('',*,*,#2954,.F.);
#1582=ORIENTED_EDGE('',*,*,#2955,.F.);
#1583=ORIENTED_EDGE('',*,*,#2956,.F.);
#1584=ORIENTED_EDGE('',*,*,#2957,.T.);
#1585=ORIENTED_EDGE('',*,*,#2958,.T.);
#1586=ORIENTED_EDGE('',*,*,#2959,.F.);
#1587=ORIENTED_EDGE('',*,*,#2958,.F.);
#1588=ORIENTED_EDGE('',*,*,#2960,.T.);
#1589=ORIENTED_EDGE('',*,*,#2956,.T.);
#1590=ORIENTED_EDGE('',*,*,#2779,.T.);
#1591=ORIENTED_EDGE('',*,*,#2961,.F.);
#1592=ORIENTED_EDGE('',*,*,#2924,.F.);
#1593=ORIENTED_EDGE('',*,*,#2962,.F.);
#1594=ORIENTED_EDGE('',*,*,#2953,.T.);
#1595=ORIENTED_EDGE('',*,*,#2963,.T.);
#1596=ORIENTED_EDGE('',*,*,#2964,.F.);
#1597=ORIENTED_EDGE('',*,*,#2965,.F.);
#1598=ORIENTED_EDGE('',*,*,#2966,.F.);
#1599=ORIENTED_EDGE('',*,*,#2967,.F.);
#1600=ORIENTED_EDGE('',*,*,#2968,.F.);
#1601=ORIENTED_EDGE('',*,*,#2957,.F.);
#1602=ORIENTED_EDGE('',*,*,#2960,.F.);
#1603=ORIENTED_EDGE('',*,*,#2927,.T.);
#1604=ORIENTED_EDGE('',*,*,#2930,.T.);
#1605=ORIENTED_EDGE('',*,*,#2934,.T.);
#1606=ORIENTED_EDGE('',*,*,#2936,.T.);
#1607=ORIENTED_EDGE('',*,*,#2939,.T.);
#1608=ORIENTED_EDGE('',*,*,#2941,.T.);
#1609=ORIENTED_EDGE('',*,*,#2944,.T.);
#1610=ORIENTED_EDGE('',*,*,#2947,.T.);
#1611=ORIENTED_EDGE('',*,*,#2950,.T.);
#1612=ORIENTED_EDGE('',*,*,#2954,.T.);
#1613=ORIENTED_EDGE('',*,*,#2962,.T.);
#1614=ORIENTED_EDGE('',*,*,#2969,.T.);
#1615=ORIENTED_EDGE('',*,*,#2969,.F.);
#1616=ORIENTED_EDGE('',*,*,#2964,.T.);
#1617=ORIENTED_EDGE('',*,*,#2970,.F.);
#1618=ORIENTED_EDGE('',*,*,#2971,.F.);
#1619=ORIENTED_EDGE('',*,*,#2972,.T.);
#1620=ORIENTED_EDGE('',*,*,#2973,.T.);
#1621=ORIENTED_EDGE('',*,*,#2974,.F.);
#1622=ORIENTED_EDGE('',*,*,#2975,.F.);
#1623=ORIENTED_EDGE('',*,*,#2976,.T.);
#1624=ORIENTED_EDGE('',*,*,#2977,.T.);
#1625=ORIENTED_EDGE('',*,*,#2775,.F.);
#1626=ORIENTED_EDGE('',*,*,#2978,.F.);
#1627=ORIENTED_EDGE('',*,*,#2979,.F.);
#1628=ORIENTED_EDGE('',*,*,#2980,.T.);
#1629=ORIENTED_EDGE('',*,*,#2975,.T.);
#1630=ORIENTED_EDGE('',*,*,#2981,.T.);
#1631=ORIENTED_EDGE('',*,*,#2982,.F.);
#1632=ORIENTED_EDGE('',*,*,#2983,.F.);
#1633=ORIENTED_EDGE('',*,*,#2984,.T.);
#1634=ORIENTED_EDGE('',*,*,#2979,.T.);
#1635=ORIENTED_EDGE('',*,*,#2773,.F.);
#1636=ORIENTED_EDGE('',*,*,#2985,.F.);
#1637=ORIENTED_EDGE('',*,*,#2986,.F.);
#1638=ORIENTED_EDGE('',*,*,#2987,.T.);
#1639=ORIENTED_EDGE('',*,*,#2983,.T.);
#1640=ORIENTED_EDGE('',*,*,#2988,.T.);
#1641=ORIENTED_EDGE('',*,*,#2989,.F.);
#1642=ORIENTED_EDGE('',*,*,#2990,.F.);
#1643=ORIENTED_EDGE('',*,*,#2991,.T.);
#1644=ORIENTED_EDGE('',*,*,#2986,.T.);
#1645=ORIENTED_EDGE('',*,*,#2789,.F.);
#1646=ORIENTED_EDGE('',*,*,#2992,.F.);
#1647=ORIENTED_EDGE('',*,*,#2993,.F.);
#1648=ORIENTED_EDGE('',*,*,#2994,.T.);
#1649=ORIENTED_EDGE('',*,*,#2990,.T.);
#1650=ORIENTED_EDGE('',*,*,#2995,.T.);
#1651=ORIENTED_EDGE('',*,*,#2996,.F.);
#1652=ORIENTED_EDGE('',*,*,#2997,.F.);
#1653=ORIENTED_EDGE('',*,*,#2998,.T.);
#1654=ORIENTED_EDGE('',*,*,#2993,.T.);
#1655=ORIENTED_EDGE('',*,*,#2758,.F.);
#1656=ORIENTED_EDGE('',*,*,#2999,.F.);
#1657=ORIENTED_EDGE('',*,*,#3000,.T.);
#1658=ORIENTED_EDGE('',*,*,#2997,.T.);
#1659=ORIENTED_EDGE('',*,*,#3001,.T.);
#1660=ORIENTED_EDGE('',*,*,#2757,.F.);
#1661=ORIENTED_EDGE('',*,*,#3002,.F.);
#1662=ORIENTED_EDGE('',*,*,#3003,.F.);
#1663=ORIENTED_EDGE('',*,*,#3004,.T.);
#1664=ORIENTED_EDGE('',*,*,#2999,.T.);
#1665=ORIENTED_EDGE('',*,*,#3005,.F.);
#1666=ORIENTED_EDGE('',*,*,#3006,.F.);
#1667=ORIENTED_EDGE('',*,*,#3007,.T.);
#1668=ORIENTED_EDGE('',*,*,#3003,.T.);
#1669=ORIENTED_EDGE('',*,*,#2783,.F.);
#1670=ORIENTED_EDGE('',*,*,#3008,.F.);
#1671=ORIENTED_EDGE('',*,*,#3009,.F.);
#1672=ORIENTED_EDGE('',*,*,#3010,.T.);
#1673=ORIENTED_EDGE('',*,*,#3006,.T.);
#1674=ORIENTED_EDGE('',*,*,#3011,.T.);
#1675=ORIENTED_EDGE('',*,*,#3012,.F.);
#1676=ORIENTED_EDGE('',*,*,#3013,.F.);
#1677=ORIENTED_EDGE('',*,*,#3014,.T.);
#1678=ORIENTED_EDGE('',*,*,#3009,.T.);
#1679=ORIENTED_EDGE('',*,*,#2781,.F.);
#1680=ORIENTED_EDGE('',*,*,#3015,.F.);
#1681=ORIENTED_EDGE('',*,*,#3016,.F.);
#1682=ORIENTED_EDGE('',*,*,#3017,.T.);
#1683=ORIENTED_EDGE('',*,*,#3013,.T.);
#1684=ORIENTED_EDGE('',*,*,#3018,.T.);
#1685=ORIENTED_EDGE('',*,*,#3019,.F.);
#1686=ORIENTED_EDGE('',*,*,#3020,.F.);
#1687=ORIENTED_EDGE('',*,*,#3021,.T.);
#1688=ORIENTED_EDGE('',*,*,#3016,.T.);
#1689=ORIENTED_EDGE('',*,*,#2806,.F.);
#1690=ORIENTED_EDGE('',*,*,#3022,.F.);
#1691=ORIENTED_EDGE('',*,*,#3023,.T.);
#1692=ORIENTED_EDGE('',*,*,#3020,.T.);
#1693=ORIENTED_EDGE('',*,*,#3024,.T.);
#1694=ORIENTED_EDGE('',*,*,#2805,.F.);
#1695=ORIENTED_EDGE('',*,*,#3025,.F.);
#1696=ORIENTED_EDGE('',*,*,#3026,.T.);
#1697=ORIENTED_EDGE('',*,*,#3022,.T.);
#1698=ORIENTED_EDGE('',*,*,#2804,.F.);
#1699=ORIENTED_EDGE('',*,*,#3027,.F.);
#1700=ORIENTED_EDGE('',*,*,#2973,.F.);
#1701=ORIENTED_EDGE('',*,*,#3028,.T.);
#1702=ORIENTED_EDGE('',*,*,#3025,.T.);
#1703=ORIENTED_EDGE('',*,*,#2972,.F.);
#1704=ORIENTED_EDGE('',*,*,#3029,.F.);
#1705=ORIENTED_EDGE('',*,*,#3030,.F.);
#1706=ORIENTED_EDGE('',*,*,#3031,.F.);
#1707=ORIENTED_EDGE('',*,*,#2976,.F.);
#1708=ORIENTED_EDGE('',*,*,#2980,.F.);
#1709=ORIENTED_EDGE('',*,*,#2984,.F.);
#1710=ORIENTED_EDGE('',*,*,#2987,.F.);
#1711=ORIENTED_EDGE('',*,*,#2991,.F.);
#1712=ORIENTED_EDGE('',*,*,#2994,.F.);
#1713=ORIENTED_EDGE('',*,*,#2998,.F.);
#1714=ORIENTED_EDGE('',*,*,#3000,.F.);
#1715=ORIENTED_EDGE('',*,*,#3004,.F.);
#1716=ORIENTED_EDGE('',*,*,#3007,.F.);
#1717=ORIENTED_EDGE('',*,*,#3010,.F.);
#1718=ORIENTED_EDGE('',*,*,#3014,.F.);
#1719=ORIENTED_EDGE('',*,*,#3017,.F.);
#1720=ORIENTED_EDGE('',*,*,#3021,.F.);
#1721=ORIENTED_EDGE('',*,*,#3023,.F.);
#1722=ORIENTED_EDGE('',*,*,#3026,.F.);
#1723=ORIENTED_EDGE('',*,*,#3028,.F.);
#1724=ORIENTED_EDGE('',*,*,#3032,.F.);
#1725=ORIENTED_EDGE('',*,*,#3033,.F.);
#1726=ORIENTED_EDGE('',*,*,#3034,.F.);
#1727=ORIENTED_EDGE('',*,*,#3035,.F.);
#1728=ORIENTED_EDGE('',*,*,#3036,.T.);
#1729=ORIENTED_EDGE('',*,*,#2768,.F.);
#1730=ORIENTED_EDGE('',*,*,#3037,.F.);
#1731=ORIENTED_EDGE('',*,*,#3038,.F.);
#1732=ORIENTED_EDGE('',*,*,#3039,.T.);
#1733=ORIENTED_EDGE('',*,*,#3040,.T.);
#1734=ORIENTED_EDGE('',*,*,#3041,.F.);
#1735=ORIENTED_EDGE('',*,*,#3042,.F.);
#1736=ORIENTED_EDGE('',*,*,#3043,.T.);
#1737=ORIENTED_EDGE('',*,*,#3038,.T.);
#1738=ORIENTED_EDGE('',*,*,#2800,.F.);
#1739=ORIENTED_EDGE('',*,*,#3044,.F.);
#1740=ORIENTED_EDGE('',*,*,#3045,.F.);
#1741=ORIENTED_EDGE('',*,*,#3046,.T.);
#1742=ORIENTED_EDGE('',*,*,#3042,.T.);
#1743=ORIENTED_EDGE('',*,*,#3047,.T.);
#1744=ORIENTED_EDGE('',*,*,#3048,.F.);
#1745=ORIENTED_EDGE('',*,*,#3049,.F.);
#1746=ORIENTED_EDGE('',*,*,#3050,.T.);
#1747=ORIENTED_EDGE('',*,*,#3045,.T.);
#1748=ORIENTED_EDGE('',*,*,#2796,.F.);
#1749=ORIENTED_EDGE('',*,*,#3051,.F.);
#1750=ORIENTED_EDGE('',*,*,#3052,.F.);
#1751=ORIENTED_EDGE('',*,*,#3053,.T.);
#1752=ORIENTED_EDGE('',*,*,#3049,.T.);
#1753=ORIENTED_EDGE('',*,*,#3054,.T.);
#1754=ORIENTED_EDGE('',*,*,#3055,.F.);
#1755=ORIENTED_EDGE('',*,*,#3056,.F.);
#1756=ORIENTED_EDGE('',*,*,#3057,.T.);
#1757=ORIENTED_EDGE('',*,*,#3052,.T.);
#1758=ORIENTED_EDGE('',*,*,#2792,.F.);
#1759=ORIENTED_EDGE('',*,*,#3058,.F.);
#1760=ORIENTED_EDGE('',*,*,#3059,.F.);
#1761=ORIENTED_EDGE('',*,*,#3060,.T.);
#1762=ORIENTED_EDGE('',*,*,#3056,.T.);
#1763=ORIENTED_EDGE('',*,*,#3061,.T.);
#1764=ORIENTED_EDGE('',*,*,#3062,.F.);
#1765=ORIENTED_EDGE('',*,*,#3063,.F.);
#1766=ORIENTED_EDGE('',*,*,#3064,.T.);
#1767=ORIENTED_EDGE('',*,*,#3059,.T.);
#1768=ORIENTED_EDGE('',*,*,#2761,.F.);
#1769=ORIENTED_EDGE('',*,*,#3065,.F.);
#1770=ORIENTED_EDGE('',*,*,#3066,.T.);
#1771=ORIENTED_EDGE('',*,*,#3063,.T.);
#1772=ORIENTED_EDGE('',*,*,#3067,.T.);
#1773=ORIENTED_EDGE('',*,*,#2760,.F.);
#1774=ORIENTED_EDGE('',*,*,#3068,.F.);
#1775=ORIENTED_EDGE('',*,*,#3069,.F.);
#1776=ORIENTED_EDGE('',*,*,#3070,.T.);
#1777=ORIENTED_EDGE('',*,*,#3065,.T.);
#1778=ORIENTED_EDGE('',*,*,#3071,.F.);
#1779=ORIENTED_EDGE('',*,*,#3072,.F.);
#1780=ORIENTED_EDGE('',*,*,#3073,.T.);
#1781=ORIENTED_EDGE('',*,*,#3069,.T.);
#1782=ORIENTED_EDGE('',*,*,#2787,.F.);
#1783=ORIENTED_EDGE('',*,*,#3074,.F.);
#1784=ORIENTED_EDGE('',*,*,#3075,.F.);
#1785=ORIENTED_EDGE('',*,*,#3076,.T.);
#1786=ORIENTED_EDGE('',*,*,#3072,.T.);
#1787=ORIENTED_EDGE('',*,*,#3077,.T.);
#1788=ORIENTED_EDGE('',*,*,#3078,.F.);
#1789=ORIENTED_EDGE('',*,*,#3079,.F.);
#1790=ORIENTED_EDGE('',*,*,#3080,.T.);
#1791=ORIENTED_EDGE('',*,*,#3075,.T.);
#1792=ORIENTED_EDGE('',*,*,#2771,.F.);
#1793=ORIENTED_EDGE('',*,*,#3081,.F.);
#1794=ORIENTED_EDGE('',*,*,#3082,.F.);
#1795=ORIENTED_EDGE('',*,*,#3083,.T.);
#1796=ORIENTED_EDGE('',*,*,#3079,.T.);
#1797=ORIENTED_EDGE('',*,*,#3084,.T.);
#1798=ORIENTED_EDGE('',*,*,#3085,.F.);
#1799=ORIENTED_EDGE('',*,*,#3086,.F.);
#1800=ORIENTED_EDGE('',*,*,#3087,.T.);
#1801=ORIENTED_EDGE('',*,*,#3082,.T.);
#1802=ORIENTED_EDGE('',*,*,#2777,.F.);
#1803=ORIENTED_EDGE('',*,*,#3088,.F.);
#1804=ORIENTED_EDGE('',*,*,#3089,.F.);
#1805=ORIENTED_EDGE('',*,*,#3090,.T.);
#1806=ORIENTED_EDGE('',*,*,#3086,.T.);
#1807=ORIENTED_EDGE('',*,*,#3091,.T.);
#1808=ORIENTED_EDGE('',*,*,#3092,.F.);
#1809=ORIENTED_EDGE('',*,*,#3093,.F.);
#1810=ORIENTED_EDGE('',*,*,#3094,.T.);
#1811=ORIENTED_EDGE('',*,*,#3089,.T.);
#1812=ORIENTED_EDGE('',*,*,#2769,.F.);
#1813=ORIENTED_EDGE('',*,*,#3040,.F.);
#1814=ORIENTED_EDGE('',*,*,#3095,.T.);
#1815=ORIENTED_EDGE('',*,*,#3093,.T.);
#1816=ORIENTED_EDGE('',*,*,#3096,.T.);
#1817=ORIENTED_EDGE('',*,*,#3039,.F.);
#1818=ORIENTED_EDGE('',*,*,#3043,.F.);
#1819=ORIENTED_EDGE('',*,*,#3046,.F.);
#1820=ORIENTED_EDGE('',*,*,#3050,.F.);
#1821=ORIENTED_EDGE('',*,*,#3053,.F.);
#1822=ORIENTED_EDGE('',*,*,#3057,.F.);
#1823=ORIENTED_EDGE('',*,*,#3060,.F.);
#1824=ORIENTED_EDGE('',*,*,#3064,.F.);
#1825=ORIENTED_EDGE('',*,*,#3066,.F.);
#1826=ORIENTED_EDGE('',*,*,#3070,.F.);
#1827=ORIENTED_EDGE('',*,*,#3073,.F.);
#1828=ORIENTED_EDGE('',*,*,#3076,.F.);
#1829=ORIENTED_EDGE('',*,*,#3080,.F.);
#1830=ORIENTED_EDGE('',*,*,#3083,.F.);
#1831=ORIENTED_EDGE('',*,*,#3087,.F.);
#1832=ORIENTED_EDGE('',*,*,#3090,.F.);
#1833=ORIENTED_EDGE('',*,*,#3094,.F.);
#1834=ORIENTED_EDGE('',*,*,#3095,.F.);
#1835=ORIENTED_EDGE('',*,*,#3097,.F.);
#1836=ORIENTED_EDGE('',*,*,#3098,.F.);
#1837=ORIENTED_EDGE('',*,*,#3099,.F.);
#1838=ORIENTED_EDGE('',*,*,#3100,.F.);
#1839=ORIENTED_EDGE('',*,*,#3101,.F.);
#1840=ORIENTED_EDGE('',*,*,#3102,.T.);
#1841=ORIENTED_EDGE('',*,*,#3102,.F.);
#1842=ORIENTED_EDGE('',*,*,#3034,.T.);
#1843=ORIENTED_EDGE('',*,*,#3103,.T.);
#1844=ORIENTED_EDGE('',*,*,#3103,.F.);
#1845=ORIENTED_EDGE('',*,*,#3035,.T.);
#1846=ORIENTED_EDGE('',*,*,#3104,.T.);
#1847=ORIENTED_EDGE('',*,*,#3104,.F.);
#1848=ORIENTED_EDGE('',*,*,#3033,.T.);
#1849=ORIENTED_EDGE('',*,*,#3105,.T.);
#1850=ORIENTED_EDGE('',*,*,#3105,.F.);
#1851=ORIENTED_EDGE('',*,*,#3097,.T.);
#1852=ORIENTED_EDGE('',*,*,#3106,.T.);
#1853=ORIENTED_EDGE('',*,*,#3106,.F.);
#1854=ORIENTED_EDGE('',*,*,#3098,.T.);
#1855=ORIENTED_EDGE('',*,*,#3107,.T.);
#1856=ORIENTED_EDGE('',*,*,#3107,.F.);
#1857=ORIENTED_EDGE('',*,*,#3099,.T.);
#1858=ORIENTED_EDGE('',*,*,#3108,.T.);
#1859=ORIENTED_EDGE('',*,*,#3108,.F.);
#1860=ORIENTED_EDGE('',*,*,#3100,.T.);
#1861=ORIENTED_EDGE('',*,*,#2764,.T.);
#1862=ORIENTED_EDGE('',*,*,#3109,.F.);
#1863=ORIENTED_EDGE('',*,*,#3110,.F.);
#1864=ORIENTED_EDGE('',*,*,#3111,.T.);
#1865=ORIENTED_EDGE('',*,*,#2763,.T.);
#1866=ORIENTED_EDGE('',*,*,#3112,.F.);
#1867=ORIENTED_EDGE('',*,*,#3113,.F.);
#1868=ORIENTED_EDGE('',*,*,#3114,.F.);
#1869=ORIENTED_EDGE('',*,*,#3109,.T.);
#1870=ORIENTED_EDGE('',*,*,#3113,.T.);
#1871=ORIENTED_EDGE('',*,*,#3115,.T.);
#1872=ORIENTED_EDGE('',*,*,#3116,.F.);
#1873=ORIENTED_EDGE('',*,*,#3117,.F.);
#1874=ORIENTED_EDGE('',*,*,#2790,.T.);
#1875=ORIENTED_EDGE('',*,*,#3118,.F.);
#1876=ORIENTED_EDGE('',*,*,#3119,.F.);
#1877=ORIENTED_EDGE('',*,*,#3116,.T.);
#1878=ORIENTED_EDGE('',*,*,#3120,.T.);
#1879=ORIENTED_EDGE('',*,*,#2794,.T.);
#1880=ORIENTED_EDGE('',*,*,#3121,.F.);
#1881=ORIENTED_EDGE('',*,*,#3122,.F.);
#1882=ORIENTED_EDGE('',*,*,#3123,.F.);
#1883=ORIENTED_EDGE('',*,*,#3118,.T.);
#1884=ORIENTED_EDGE('',*,*,#3122,.T.);
#1885=ORIENTED_EDGE('',*,*,#3124,.T.);
#1886=ORIENTED_EDGE('',*,*,#3125,.F.);
#1887=ORIENTED_EDGE('',*,*,#3126,.F.);
#1888=ORIENTED_EDGE('',*,*,#2798,.T.);
#1889=ORIENTED_EDGE('',*,*,#3127,.F.);
#1890=ORIENTED_EDGE('',*,*,#3128,.F.);
#1891=ORIENTED_EDGE('',*,*,#3129,.F.);
#1892=ORIENTED_EDGE('',*,*,#3125,.T.);
#1893=ORIENTED_EDGE('',*,*,#3130,.T.);
#1894=ORIENTED_EDGE('',*,*,#3128,.T.);
#1895=ORIENTED_EDGE('',*,*,#3131,.T.);
#1896=ORIENTED_EDGE('',*,*,#3132,.F.);
#1897=ORIENTED_EDGE('',*,*,#3133,.F.);
#1898=ORIENTED_EDGE('',*,*,#2802,.T.);
#1899=ORIENTED_EDGE('',*,*,#3134,.F.);
#1900=ORIENTED_EDGE('',*,*,#3135,.F.);
#1901=ORIENTED_EDGE('',*,*,#3136,.F.);
#1902=ORIENTED_EDGE('',*,*,#3132,.T.);
#1903=ORIENTED_EDGE('',*,*,#3137,.T.);
#1904=ORIENTED_EDGE('',*,*,#3135,.T.);
#1905=ORIENTED_EDGE('',*,*,#3138,.T.);
#1906=ORIENTED_EDGE('',*,*,#3139,.F.);
#1907=ORIENTED_EDGE('',*,*,#3140,.F.);
#1908=ORIENTED_EDGE('',*,*,#2765,.T.);
#1909=ORIENTED_EDGE('',*,*,#3111,.F.);
#1910=ORIENTED_EDGE('',*,*,#3141,.F.);
#1911=ORIENTED_EDGE('',*,*,#3139,.T.);
#1912=ORIENTED_EDGE('',*,*,#3142,.T.);
#1913=ORIENTED_EDGE('',*,*,#3143,.F.);
#1914=ORIENTED_EDGE('',*,*,#3144,.F.);
#1915=ORIENTED_EDGE('',*,*,#3145,.F.);
#1916=ORIENTED_EDGE('',*,*,#3146,.F.);
#1917=ORIENTED_EDGE('',*,*,#3147,.F.);
#1918=ORIENTED_EDGE('',*,*,#3110,.T.);
#1919=ORIENTED_EDGE('',*,*,#3114,.T.);
#1920=ORIENTED_EDGE('',*,*,#3117,.T.);
#1921=ORIENTED_EDGE('',*,*,#3119,.T.);
#1922=ORIENTED_EDGE('',*,*,#3123,.T.);
#1923=ORIENTED_EDGE('',*,*,#3126,.T.);
#1924=ORIENTED_EDGE('',*,*,#3129,.T.);
#1925=ORIENTED_EDGE('',*,*,#3133,.T.);
#1926=ORIENTED_EDGE('',*,*,#3136,.T.);
#1927=ORIENTED_EDGE('',*,*,#3140,.T.);
#1928=ORIENTED_EDGE('',*,*,#3141,.T.);
#1929=ORIENTED_EDGE('',*,*,#3148,.T.);
#1930=ORIENTED_EDGE('',*,*,#3148,.F.);
#1931=ORIENTED_EDGE('',*,*,#3146,.T.);
#1932=ORIENTED_EDGE('',*,*,#3149,.T.);
#1933=ORIENTED_EDGE('',*,*,#3149,.F.);
#1934=ORIENTED_EDGE('',*,*,#3145,.T.);
#1935=ORIENTED_EDGE('',*,*,#3150,.T.);
#1936=ORIENTED_EDGE('',*,*,#3150,.F.);
#1937=ORIENTED_EDGE('',*,*,#3144,.T.);
#1938=ORIENTED_EDGE('',*,*,#3151,.T.);
#1939=ORIENTED_EDGE('',*,*,#3151,.F.);
#1940=ORIENTED_EDGE('',*,*,#2966,.T.);
#1941=ORIENTED_EDGE('',*,*,#3152,.T.);
#1942=ORIENTED_EDGE('',*,*,#3152,.F.);
#1943=ORIENTED_EDGE('',*,*,#2967,.T.);
#1944=ORIENTED_EDGE('',*,*,#3153,.T.);
#1945=ORIENTED_EDGE('',*,*,#3153,.F.);
#1946=ORIENTED_EDGE('',*,*,#2968,.T.);
#1947=ORIENTED_EDGE('',*,*,#3154,.T.);
#1948=ORIENTED_EDGE('',*,*,#3154,.F.);
#1949=ORIENTED_EDGE('',*,*,#3143,.T.);
#1950=ORIENTED_EDGE('',*,*,#3155,.F.);
#1951=ORIENTED_EDGE('',*,*,#3156,.F.);
#1952=ORIENTED_EDGE('',*,*,#3157,.T.);
#1953=ORIENTED_EDGE('',*,*,#3158,.F.);
#1954=ORIENTED_EDGE('',*,*,#3159,.F.);
#1955=ORIENTED_EDGE('',*,*,#3160,.T.);
#1956=ORIENTED_EDGE('',*,*,#3161,.T.);
#1957=ORIENTED_EDGE('',*,*,#3162,.T.);
#1958=ORIENTED_EDGE('',*,*,#3163,.F.);
#1959=ORIENTED_EDGE('',*,*,#3164,.F.);
#1960=ORIENTED_EDGE('',*,*,#3165,.T.);
#1961=ORIENTED_EDGE('',*,*,#3166,.F.);
#1962=ORIENTED_EDGE('',*,*,#3167,.T.);
#1963=ORIENTED_EDGE('',*,*,#3168,.F.);
#1964=ORIENTED_EDGE('',*,*,#3169,.F.);
#1965=ORIENTED_EDGE('',*,*,#3170,.F.);
#1966=ORIENTED_EDGE('',*,*,#3171,.F.);
#1967=ORIENTED_EDGE('',*,*,#3172,.F.);
#1968=ORIENTED_EDGE('',*,*,#3173,.F.);
#1969=ORIENTED_EDGE('',*,*,#3174,.F.);
#1970=ORIENTED_EDGE('',*,*,#3175,.T.);
#1971=ORIENTED_EDGE('',*,*,#3176,.T.);
#1972=ORIENTED_EDGE('',*,*,#3177,.T.);
#1973=ORIENTED_EDGE('',*,*,#3178,.F.);
#1974=ORIENTED_EDGE('',*,*,#3179,.F.);
#1975=ORIENTED_EDGE('',*,*,#3180,.T.);
#1976=ORIENTED_EDGE('',*,*,#3181,.F.);
#1977=ORIENTED_EDGE('',*,*,#3182,.F.);
#1978=ORIENTED_EDGE('',*,*,#2959,.T.);
#1979=ORIENTED_EDGE('',*,*,#2955,.T.);
#1980=ORIENTED_EDGE('',*,*,#3183,.T.);
#1981=ORIENTED_EDGE('',*,*,#3183,.F.);
#1982=ORIENTED_EDGE('',*,*,#2965,.T.);
#1983=ORIENTED_EDGE('',*,*,#3184,.T.);
#1984=ORIENTED_EDGE('',*,*,#3184,.F.);
#1985=ORIENTED_EDGE('',*,*,#3032,.T.);
#1986=ORIENTED_EDGE('',*,*,#3185,.T.);
#1987=ORIENTED_EDGE('',*,*,#3185,.F.);
#1988=ORIENTED_EDGE('',*,*,#3101,.T.);
#1989=ORIENTED_EDGE('',*,*,#3186,.T.);
#1990=ORIENTED_EDGE('',*,*,#3186,.F.);
#1991=ORIENTED_EDGE('',*,*,#3147,.T.);
#1992=ORIENTED_EDGE('',*,*,#3179,.T.);
#1993=ORIENTED_EDGE('',*,*,#3187,.F.);
#1994=ORIENTED_EDGE('',*,*,#3188,.F.);
#1995=ORIENTED_EDGE('',*,*,#3189,.T.);
#1996=ORIENTED_EDGE('',*,*,#3182,.T.);
#1997=ORIENTED_EDGE('',*,*,#3190,.F.);
#1998=ORIENTED_EDGE('',*,*,#3191,.F.);
#1999=ORIENTED_EDGE('',*,*,#3187,.T.);
#2000=ORIENTED_EDGE('',*,*,#3181,.T.);
#2001=ORIENTED_EDGE('',*,*,#3192,.F.);
#2002=ORIENTED_EDGE('',*,*,#3193,.F.);
#2003=ORIENTED_EDGE('',*,*,#3190,.T.);
#2004=ORIENTED_EDGE('',*,*,#3180,.F.);
#2005=ORIENTED_EDGE('',*,*,#3189,.F.);
#2006=ORIENTED_EDGE('',*,*,#3194,.T.);
#2007=ORIENTED_EDGE('',*,*,#3192,.T.);
#2008=ORIENTED_EDGE('',*,*,#3188,.T.);
#2009=ORIENTED_EDGE('',*,*,#3191,.T.);
#2010=ORIENTED_EDGE('',*,*,#3193,.T.);
#2011=ORIENTED_EDGE('',*,*,#3194,.F.);
#2012=ORIENTED_EDGE('',*,*,#3169,.T.);
#2013=ORIENTED_EDGE('',*,*,#3195,.F.);
#2014=ORIENTED_EDGE('',*,*,#3196,.F.);
#2015=ORIENTED_EDGE('',*,*,#3197,.T.);
#2016=ORIENTED_EDGE('',*,*,#3178,.T.);
#2017=ORIENTED_EDGE('',*,*,#3198,.F.);
#2018=ORIENTED_EDGE('',*,*,#3199,.F.);
#2019=ORIENTED_EDGE('',*,*,#3195,.T.);
#2020=ORIENTED_EDGE('',*,*,#3177,.F.);
#2021=ORIENTED_EDGE('',*,*,#3200,.F.);
#2022=ORIENTED_EDGE('',*,*,#3201,.T.);
#2023=ORIENTED_EDGE('',*,*,#3198,.T.);
#2024=ORIENTED_EDGE('',*,*,#3176,.F.);
#2025=ORIENTED_EDGE('',*,*,#3202,.F.);
#2026=ORIENTED_EDGE('',*,*,#3203,.T.);
#2027=ORIENTED_EDGE('',*,*,#3200,.T.);
#2028=ORIENTED_EDGE('',*,*,#3175,.F.);
#2029=ORIENTED_EDGE('',*,*,#3204,.F.);
#2030=ORIENTED_EDGE('',*,*,#3205,.T.);
#2031=ORIENTED_EDGE('',*,*,#3202,.T.);
#2032=ORIENTED_EDGE('',*,*,#3174,.T.);
#2033=ORIENTED_EDGE('',*,*,#3206,.F.);
#2034=ORIENTED_EDGE('',*,*,#3207,.F.);
#2035=ORIENTED_EDGE('',*,*,#3204,.T.);
#2036=ORIENTED_EDGE('',*,*,#3173,.T.);
#2037=ORIENTED_EDGE('',*,*,#3208,.F.);
#2038=ORIENTED_EDGE('',*,*,#3209,.F.);
#2039=ORIENTED_EDGE('',*,*,#3206,.T.);
#2040=ORIENTED_EDGE('',*,*,#3172,.T.);
#2041=ORIENTED_EDGE('',*,*,#3210,.F.);
#2042=ORIENTED_EDGE('',*,*,#3211,.F.);
#2043=ORIENTED_EDGE('',*,*,#3208,.T.);
#2044=ORIENTED_EDGE('',*,*,#3171,.T.);
#2045=ORIENTED_EDGE('',*,*,#3212,.F.);
#2046=ORIENTED_EDGE('',*,*,#3213,.F.);
#2047=ORIENTED_EDGE('',*,*,#3210,.T.);
#2048=ORIENTED_EDGE('',*,*,#3170,.T.);
#2049=ORIENTED_EDGE('',*,*,#3197,.F.);
#2050=ORIENTED_EDGE('',*,*,#3214,.F.);
#2051=ORIENTED_EDGE('',*,*,#3212,.T.);
#2052=ORIENTED_EDGE('',*,*,#3196,.T.);
#2053=ORIENTED_EDGE('',*,*,#3199,.T.);
#2054=ORIENTED_EDGE('',*,*,#3201,.F.);
#2055=ORIENTED_EDGE('',*,*,#3203,.F.);
#2056=ORIENTED_EDGE('',*,*,#3205,.F.);
#2057=ORIENTED_EDGE('',*,*,#3207,.T.);
#2058=ORIENTED_EDGE('',*,*,#3209,.T.);
#2059=ORIENTED_EDGE('',*,*,#3211,.T.);
#2060=ORIENTED_EDGE('',*,*,#3213,.T.);
#2061=ORIENTED_EDGE('',*,*,#3214,.T.);
#2062=ORIENTED_EDGE('',*,*,#3164,.T.);
#2063=ORIENTED_EDGE('',*,*,#3215,.F.);
#2064=ORIENTED_EDGE('',*,*,#3216,.F.);
#2065=ORIENTED_EDGE('',*,*,#3217,.T.);
#2066=ORIENTED_EDGE('',*,*,#3168,.T.);
#2067=ORIENTED_EDGE('',*,*,#3218,.F.);
#2068=ORIENTED_EDGE('',*,*,#3219,.F.);
#2069=ORIENTED_EDGE('',*,*,#3215,.T.);
#2070=ORIENTED_EDGE('',*,*,#3167,.F.);
#2071=ORIENTED_EDGE('',*,*,#3220,.F.);
#2072=ORIENTED_EDGE('',*,*,#3221,.T.);
#2073=ORIENTED_EDGE('',*,*,#3218,.T.);
#2074=ORIENTED_EDGE('',*,*,#3166,.T.);
#2075=ORIENTED_EDGE('',*,*,#3222,.F.);
#2076=ORIENTED_EDGE('',*,*,#3223,.F.);
#2077=ORIENTED_EDGE('',*,*,#3220,.T.);
#2078=ORIENTED_EDGE('',*,*,#3165,.F.);
#2079=ORIENTED_EDGE('',*,*,#3217,.F.);
#2080=ORIENTED_EDGE('',*,*,#3224,.T.);
#2081=ORIENTED_EDGE('',*,*,#3222,.T.);
#2082=ORIENTED_EDGE('',*,*,#3216,.T.);
#2083=ORIENTED_EDGE('',*,*,#3219,.T.);
#2084=ORIENTED_EDGE('',*,*,#3221,.F.);
#2085=ORIENTED_EDGE('',*,*,#3223,.T.);
#2086=ORIENTED_EDGE('',*,*,#3224,.F.);
#2087=ORIENTED_EDGE('',*,*,#3155,.T.);
#2088=ORIENTED_EDGE('',*,*,#3225,.F.);
#2089=ORIENTED_EDGE('',*,*,#3226,.F.);
#2090=ORIENTED_EDGE('',*,*,#3227,.T.);
#2091=ORIENTED_EDGE('',*,*,#3163,.T.);
#2092=ORIENTED_EDGE('',*,*,#3228,.F.);
#2093=ORIENTED_EDGE('',*,*,#3229,.F.);
#2094=ORIENTED_EDGE('',*,*,#3225,.T.);
#2095=ORIENTED_EDGE('',*,*,#3162,.F.);
#2096=ORIENTED_EDGE('',*,*,#3230,.F.);
#2097=ORIENTED_EDGE('',*,*,#3231,.T.);
#2098=ORIENTED_EDGE('',*,*,#3228,.T.);
#2099=ORIENTED_EDGE('',*,*,#3161,.F.);
#2100=ORIENTED_EDGE('',*,*,#3232,.F.);
#2101=ORIENTED_EDGE('',*,*,#3233,.T.);
#2102=ORIENTED_EDGE('',*,*,#3230,.T.);
#2103=ORIENTED_EDGE('',*,*,#3160,.F.);
#2104=ORIENTED_EDGE('',*,*,#3234,.F.);
#2105=ORIENTED_EDGE('',*,*,#3235,.T.);
#2106=ORIENTED_EDGE('',*,*,#3232,.T.);
#2107=ORIENTED_EDGE('',*,*,#3159,.T.);
#2108=ORIENTED_EDGE('',*,*,#3236,.F.);
#2109=ORIENTED_EDGE('',*,*,#3237,.F.);
#2110=ORIENTED_EDGE('',*,*,#3234,.T.);
#2111=ORIENTED_EDGE('',*,*,#3158,.T.);
#2112=ORIENTED_EDGE('',*,*,#3238,.F.);
#2113=ORIENTED_EDGE('',*,*,#3239,.F.);
#2114=ORIENTED_EDGE('',*,*,#3236,.T.);
#2115=ORIENTED_EDGE('',*,*,#3157,.F.);
#2116=ORIENTED_EDGE('',*,*,#3240,.F.);
#2117=ORIENTED_EDGE('',*,*,#3241,.T.);
#2118=ORIENTED_EDGE('',*,*,#3238,.T.);
#2119=ORIENTED_EDGE('',*,*,#3156,.T.);
#2120=ORIENTED_EDGE('',*,*,#3227,.F.);
#2121=ORIENTED_EDGE('',*,*,#3242,.F.);
#2122=ORIENTED_EDGE('',*,*,#3240,.T.);
#2123=ORIENTED_EDGE('',*,*,#3226,.T.);
#2124=ORIENTED_EDGE('',*,*,#3229,.T.);
#2125=ORIENTED_EDGE('',*,*,#3231,.F.);
#2126=ORIENTED_EDGE('',*,*,#3233,.F.);
#2127=ORIENTED_EDGE('',*,*,#3235,.F.);
#2128=ORIENTED_EDGE('',*,*,#3237,.T.);
#2129=ORIENTED_EDGE('',*,*,#3239,.T.);
#2130=ORIENTED_EDGE('',*,*,#3241,.F.);
#2131=ORIENTED_EDGE('',*,*,#3242,.T.);
#2132=ORIENTED_EDGE('',*,*,#2801,.T.);
#2133=ORIENTED_EDGE('',*,*,#3047,.F.);
#2134=ORIENTED_EDGE('',*,*,#3243,.F.);
#2135=ORIENTED_EDGE('',*,*,#3134,.T.);
#2136=ORIENTED_EDGE('',*,*,#2767,.T.);
#2137=ORIENTED_EDGE('',*,*,#3244,.F.);
#2138=ORIENTED_EDGE('',*,*,#3245,.F.);
#2139=ORIENTED_EDGE('',*,*,#3037,.T.);
#2140=ORIENTED_EDGE('',*,*,#2766,.T.);
#2141=ORIENTED_EDGE('',*,*,#3142,.F.);
#2142=ORIENTED_EDGE('',*,*,#3246,.F.);
#2143=ORIENTED_EDGE('',*,*,#3244,.T.);
#2144=ORIENTED_EDGE('',*,*,#3138,.F.);
#2145=ORIENTED_EDGE('',*,*,#3243,.T.);
#2146=ORIENTED_EDGE('',*,*,#3041,.T.);
#2147=ORIENTED_EDGE('',*,*,#3245,.T.);
#2148=ORIENTED_EDGE('',*,*,#3246,.T.);
#2149=ORIENTED_EDGE('',*,*,#2797,.T.);
#2150=ORIENTED_EDGE('',*,*,#3054,.F.);
#2151=ORIENTED_EDGE('',*,*,#3247,.F.);
#2152=ORIENTED_EDGE('',*,*,#3127,.T.);
#2153=ORIENTED_EDGE('',*,*,#2799,.T.);
#2154=ORIENTED_EDGE('',*,*,#3137,.F.);
#2155=ORIENTED_EDGE('',*,*,#3248,.F.);
#2156=ORIENTED_EDGE('',*,*,#3044,.T.);
#2157=ORIENTED_EDGE('',*,*,#3247,.T.);
#2158=ORIENTED_EDGE('',*,*,#3048,.T.);
#2159=ORIENTED_EDGE('',*,*,#3248,.T.);
#2160=ORIENTED_EDGE('',*,*,#3131,.F.);
#2161=ORIENTED_EDGE('',*,*,#2793,.T.);
#2162=ORIENTED_EDGE('',*,*,#3061,.F.);
#2163=ORIENTED_EDGE('',*,*,#3249,.F.);
#2164=ORIENTED_EDGE('',*,*,#3121,.T.);
#2165=ORIENTED_EDGE('',*,*,#2795,.T.);
#2166=ORIENTED_EDGE('',*,*,#3130,.F.);
#2167=ORIENTED_EDGE('',*,*,#3250,.F.);
#2168=ORIENTED_EDGE('',*,*,#3051,.T.);
#2169=ORIENTED_EDGE('',*,*,#3124,.F.);
#2170=ORIENTED_EDGE('',*,*,#3249,.T.);
#2171=ORIENTED_EDGE('',*,*,#3055,.T.);
#2172=ORIENTED_EDGE('',*,*,#3250,.T.);
#2173=ORIENTED_EDGE('',*,*,#2762,.F.);
#2174=ORIENTED_EDGE('',*,*,#3067,.F.);
#2175=ORIENTED_EDGE('',*,*,#3251,.T.);
#2176=ORIENTED_EDGE('',*,*,#3112,.T.);
#2177=ORIENTED_EDGE('',*,*,#2791,.F.);
#2178=ORIENTED_EDGE('',*,*,#3120,.F.);
#2179=ORIENTED_EDGE('',*,*,#3252,.T.);
#2180=ORIENTED_EDGE('',*,*,#3058,.T.);
#2181=ORIENTED_EDGE('',*,*,#3251,.F.);
#2182=ORIENTED_EDGE('',*,*,#3062,.T.);
#2183=ORIENTED_EDGE('',*,*,#3252,.F.);
#2184=ORIENTED_EDGE('',*,*,#3115,.F.);
#2185=ORIENTED_EDGE('',*,*,#2747,.T.);
#2186=ORIENTED_EDGE('',*,*,#3096,.F.);
#2187=ORIENTED_EDGE('',*,*,#3253,.F.);
#2188=ORIENTED_EDGE('',*,*,#3254,.T.);
#2189=ORIENTED_EDGE('',*,*,#2776,.T.);
#2190=ORIENTED_EDGE('',*,*,#2981,.F.);
#2191=ORIENTED_EDGE('',*,*,#3255,.F.);
#2192=ORIENTED_EDGE('',*,*,#3088,.T.);
#2193=ORIENTED_EDGE('',*,*,#2974,.T.);
#2194=ORIENTED_EDGE('',*,*,#3253,.T.);
#2195=ORIENTED_EDGE('',*,*,#3092,.T.);
#2196=ORIENTED_EDGE('',*,*,#3255,.T.);
#2197=ORIENTED_EDGE('',*,*,#2770,.T.);
#2198=ORIENTED_EDGE('',*,*,#2988,.F.);
#2199=ORIENTED_EDGE('',*,*,#3256,.F.);
#2200=ORIENTED_EDGE('',*,*,#3081,.T.);
#2201=ORIENTED_EDGE('',*,*,#2774,.T.);
#2202=ORIENTED_EDGE('',*,*,#3091,.F.);
#2203=ORIENTED_EDGE('',*,*,#3257,.F.);
#2204=ORIENTED_EDGE('',*,*,#2978,.T.);
#2205=ORIENTED_EDGE('',*,*,#3256,.T.);
#2206=ORIENTED_EDGE('',*,*,#2982,.T.);
#2207=ORIENTED_EDGE('',*,*,#3257,.T.);
#2208=ORIENTED_EDGE('',*,*,#3085,.T.);
#2209=ORIENTED_EDGE('',*,*,#2772,.T.);
#2210=ORIENTED_EDGE('',*,*,#3084,.F.);
#2211=ORIENTED_EDGE('',*,*,#3258,.F.);
#2212=ORIENTED_EDGE('',*,*,#2985,.T.);
#2213=ORIENTED_EDGE('',*,*,#2786,.T.);
#2214=ORIENTED_EDGE('',*,*,#2995,.F.);
#2215=ORIENTED_EDGE('',*,*,#3259,.F.);
#2216=ORIENTED_EDGE('',*,*,#3074,.T.);
#2217=ORIENTED_EDGE('',*,*,#2989,.T.);
#2218=ORIENTED_EDGE('',*,*,#3258,.T.);
#2219=ORIENTED_EDGE('',*,*,#3078,.T.);
#2220=ORIENTED_EDGE('',*,*,#3259,.T.);
#2221=ORIENTED_EDGE('',*,*,#2759,.F.);
#2222=ORIENTED_EDGE('',*,*,#3001,.F.);
#2223=ORIENTED_EDGE('',*,*,#3260,.T.);
#2224=ORIENTED_EDGE('',*,*,#3068,.T.);
#2225=ORIENTED_EDGE('',*,*,#2788,.F.);
#2226=ORIENTED_EDGE('',*,*,#3077,.F.);
#2227=ORIENTED_EDGE('',*,*,#3261,.T.);
#2228=ORIENTED_EDGE('',*,*,#2992,.T.);
#2229=ORIENTED_EDGE('',*,*,#3260,.F.);
#2230=ORIENTED_EDGE('',*,*,#2996,.T.);
#2231=ORIENTED_EDGE('',*,*,#3261,.F.);
#2232=ORIENTED_EDGE('',*,*,#3071,.T.);
#2233=ORIENTED_EDGE('',*,*,#2807,.T.);
#2234=ORIENTED_EDGE('',*,*,#3024,.F.);
#2235=ORIENTED_EDGE('',*,*,#3262,.F.);
#2236=ORIENTED_EDGE('',*,*,#2948,.T.);
#2237=ORIENTED_EDGE('',*,*,#2780,.T.);
#2238=ORIENTED_EDGE('',*,*,#2963,.F.);
#2239=ORIENTED_EDGE('',*,*,#3263,.F.);
#2240=ORIENTED_EDGE('',*,*,#3015,.T.);
#2241=ORIENTED_EDGE('',*,*,#3262,.T.);
#2242=ORIENTED_EDGE('',*,*,#3019,.T.);
#2243=ORIENTED_EDGE('',*,*,#3263,.T.);
#2244=ORIENTED_EDGE('',*,*,#2952,.F.);
#2245=ORIENTED_EDGE('',*,*,#2778,.T.);
#2246=ORIENTED_EDGE('',*,*,#3018,.F.);
#2247=ORIENTED_EDGE('',*,*,#3264,.F.);
#2248=ORIENTED_EDGE('',*,*,#2961,.T.);
#2249=ORIENTED_EDGE('',*,*,#2782,.T.);
#2250=ORIENTED_EDGE('',*,*,#2931,.F.);
#2251=ORIENTED_EDGE('',*,*,#3265,.F.);
#2252=ORIENTED_EDGE('',*,*,#3008,.T.);
#2253=ORIENTED_EDGE('',*,*,#2925,.F.);
#2254=ORIENTED_EDGE('',*,*,#3264,.T.);
#2255=ORIENTED_EDGE('',*,*,#3012,.T.);
#2256=ORIENTED_EDGE('',*,*,#3265,.T.);
#2257=ORIENTED_EDGE('',*,*,#2784,.F.);
#2258=ORIENTED_EDGE('',*,*,#3011,.F.);
#2259=ORIENTED_EDGE('',*,*,#3266,.T.);
#2260=ORIENTED_EDGE('',*,*,#2928,.T.);
#2261=ORIENTED_EDGE('',*,*,#2756,.F.);
#2262=ORIENTED_EDGE('',*,*,#2937,.F.);
#2263=ORIENTED_EDGE('',*,*,#3267,.T.);
#2264=ORIENTED_EDGE('',*,*,#3002,.T.);
#2265=ORIENTED_EDGE('',*,*,#3266,.F.);
#2266=ORIENTED_EDGE('',*,*,#3005,.T.);
#2267=ORIENTED_EDGE('',*,*,#3267,.F.);
#2268=ORIENTED_EDGE('',*,*,#2932,.F.);
#2269=ORIENTED_EDGE('',*,*,#2751,.T.);
#2270=ORIENTED_EDGE('',*,*,#3268,.F.);
#2271=ORIENTED_EDGE('',*,*,#3269,.F.);
#2272=ORIENTED_EDGE('',*,*,#2942,.T.);
#2273=ORIENTED_EDGE('',*,*,#2803,.T.);
#2274=ORIENTED_EDGE('',*,*,#2951,.F.);
#2275=ORIENTED_EDGE('',*,*,#3270,.F.);
#2276=ORIENTED_EDGE('',*,*,#3027,.T.);
#2277=ORIENTED_EDGE('',*,*,#2945,.F.);
#2278=ORIENTED_EDGE('',*,*,#3269,.T.);
#2279=ORIENTED_EDGE('',*,*,#2970,.T.);
#2280=ORIENTED_EDGE('',*,*,#3270,.T.);
#2281=ORIENTED_EDGE('',*,*,#2749,.F.);
#2282=ORIENTED_EDGE('',*,*,#3271,.F.);
#2283=ORIENTED_EDGE('',*,*,#3030,.T.);
#2284=ORIENTED_EDGE('',*,*,#3272,.T.);
#2285=ORIENTED_EDGE('',*,*,#2748,.F.);
#2286=ORIENTED_EDGE('',*,*,#3254,.F.);
#2287=ORIENTED_EDGE('',*,*,#2977,.F.);
#2288=ORIENTED_EDGE('',*,*,#3031,.T.);
#2289=ORIENTED_EDGE('',*,*,#3271,.T.);
#2290=ORIENTED_EDGE('',*,*,#2750,.F.);
#2291=ORIENTED_EDGE('',*,*,#3272,.F.);
#2292=ORIENTED_EDGE('',*,*,#3029,.T.);
#2293=ORIENTED_EDGE('',*,*,#2971,.T.);
#2294=ORIENTED_EDGE('',*,*,#3268,.T.);
#2295=ORIENTED_EDGE('',*,*,#3273,.T.);
#2296=ORIENTED_EDGE('',*,*,#3273,.F.);
#2297=ORIENTED_EDGE('',*,*,#3036,.F.);
#2298=ORIENTED_EDGE('',*,*,#2663,.F.);
#2299=ORIENTED_EDGE('',*,*,#3274,.F.);
#2300=ORIENTED_EDGE('',*,*,#3275,.T.);
#2301=ORIENTED_EDGE('',*,*,#3276,.T.);
#2302=ORIENTED_EDGE('',*,*,#2671,.T.);
#2303=ORIENTED_EDGE('',*,*,#3277,.F.);
#2304=ORIENTED_EDGE('',*,*,#3278,.F.);
#2305=ORIENTED_EDGE('',*,*,#3274,.T.);
#2306=ORIENTED_EDGE('',*,*,#2670,.F.);
#2307=ORIENTED_EDGE('',*,*,#3279,.F.);
#2308=ORIENTED_EDGE('',*,*,#3280,.T.);
#2309=ORIENTED_EDGE('',*,*,#3277,.T.);
#2310=ORIENTED_EDGE('',*,*,#2669,.F.);
#2311=ORIENTED_EDGE('',*,*,#3281,.F.);
#2312=ORIENTED_EDGE('',*,*,#3282,.T.);
#2313=ORIENTED_EDGE('',*,*,#3279,.T.);
#2314=ORIENTED_EDGE('',*,*,#2668,.F.);
#2315=ORIENTED_EDGE('',*,*,#3283,.F.);
#2316=ORIENTED_EDGE('',*,*,#3284,.T.);
#2317=ORIENTED_EDGE('',*,*,#3281,.T.);
#2318=ORIENTED_EDGE('',*,*,#2667,.F.);
#2319=ORIENTED_EDGE('',*,*,#3285,.F.);
#2320=ORIENTED_EDGE('',*,*,#3286,.T.);
#2321=ORIENTED_EDGE('',*,*,#3283,.T.);
#2322=ORIENTED_EDGE('',*,*,#2666,.F.);
#2323=ORIENTED_EDGE('',*,*,#3287,.F.);
#2324=ORIENTED_EDGE('',*,*,#3288,.T.);
#2325=ORIENTED_EDGE('',*,*,#3285,.T.);
#2326=ORIENTED_EDGE('',*,*,#2665,.F.);
#2327=ORIENTED_EDGE('',*,*,#3289,.F.);
#2328=ORIENTED_EDGE('',*,*,#3290,.T.);
#2329=ORIENTED_EDGE('',*,*,#3287,.T.);
#2330=ORIENTED_EDGE('',*,*,#2664,.F.);
#2331=ORIENTED_EDGE('',*,*,#3276,.F.);
#2332=ORIENTED_EDGE('',*,*,#3291,.T.);
#2333=ORIENTED_EDGE('',*,*,#3289,.T.);
#2334=ORIENTED_EDGE('',*,*,#3275,.F.);
#2335=ORIENTED_EDGE('',*,*,#3278,.T.);
#2336=ORIENTED_EDGE('',*,*,#3280,.F.);
#2337=ORIENTED_EDGE('',*,*,#3282,.F.);
#2338=ORIENTED_EDGE('',*,*,#3284,.F.);
#2339=ORIENTED_EDGE('',*,*,#3286,.F.);
#2340=ORIENTED_EDGE('',*,*,#3288,.F.);
#2341=ORIENTED_EDGE('',*,*,#3290,.F.);
#2342=ORIENTED_EDGE('',*,*,#3291,.F.);
#2343=ORIENTED_EDGE('',*,*,#3292,.F.);
#2344=ORIENTED_EDGE('',*,*,#3293,.T.);
#2345=ORIENTED_EDGE('',*,*,#3294,.F.);
#2346=ORIENTED_EDGE('',*,*,#3295,.F.);
#2347=ORIENTED_EDGE('',*,*,#3296,.F.);
#2348=ORIENTED_EDGE('',*,*,#3297,.F.);
#2349=ORIENTED_EDGE('',*,*,#3298,.F.);
#2350=ORIENTED_EDGE('',*,*,#3299,.F.);
#2351=ORIENTED_EDGE('',*,*,#3300,.F.);
#2352=ORIENTED_EDGE('',*,*,#3301,.T.);
#2353=ORIENTED_EDGE('',*,*,#3302,.T.);
#2354=ORIENTED_EDGE('',*,*,#3303,.F.);
#2355=ORIENTED_EDGE('',*,*,#3304,.T.);
#2356=ORIENTED_EDGE('',*,*,#3305,.T.);
#2357=ORIENTED_EDGE('',*,*,#3306,.F.);
#2358=ORIENTED_EDGE('',*,*,#3307,.T.);
#2359=ORIENTED_EDGE('',*,*,#3308,.F.);
#2360=ORIENTED_EDGE('',*,*,#3309,.F.);
#2361=ORIENTED_EDGE('',*,*,#3310,.F.);
#2362=ORIENTED_EDGE('',*,*,#3311,.F.);
#2363=ORIENTED_EDGE('',*,*,#3312,.F.);
#2364=ORIENTED_EDGE('',*,*,#3313,.F.);
#2365=ORIENTED_EDGE('',*,*,#3314,.F.);
#2366=ORIENTED_EDGE('',*,*,#3315,.F.);
#2367=ORIENTED_EDGE('',*,*,#3316,.F.);
#2368=ORIENTED_EDGE('',*,*,#3317,.F.);
#2369=ORIENTED_EDGE('',*,*,#3318,.F.);
#2370=ORIENTED_EDGE('',*,*,#3319,.F.);
#2371=ORIENTED_EDGE('',*,*,#3320,.T.);
#2372=ORIENTED_EDGE('',*,*,#3321,.T.);
#2373=ORIENTED_EDGE('',*,*,#3322,.T.);
#2374=ORIENTED_EDGE('',*,*,#3323,.T.);
#2375=ORIENTED_EDGE('',*,*,#3324,.F.);
#2376=ORIENTED_EDGE('',*,*,#3325,.F.);
#2377=ORIENTED_EDGE('',*,*,#3326,.T.);
#2378=ORIENTED_EDGE('',*,*,#3327,.T.);
#2379=ORIENTED_EDGE('',*,*,#3328,.T.);
#2380=ORIENTED_EDGE('',*,*,#3329,.F.);
#2381=ORIENTED_EDGE('',*,*,#3330,.F.);
#2382=ORIENTED_EDGE('',*,*,#3325,.T.);
#2383=ORIENTED_EDGE('',*,*,#3331,.F.);
#2384=ORIENTED_EDGE('',*,*,#3332,.T.);
#2385=ORIENTED_EDGE('',*,*,#3333,.T.);
#2386=ORIENTED_EDGE('',*,*,#3321,.F.);
#2387=ORIENTED_EDGE('',*,*,#3334,.F.);
#2388=ORIENTED_EDGE('',*,*,#3335,.T.);
#2389=ORIENTED_EDGE('',*,*,#3331,.T.);
#2390=ORIENTED_EDGE('',*,*,#3320,.F.);
#2391=ORIENTED_EDGE('',*,*,#3336,.F.);
#2392=ORIENTED_EDGE('',*,*,#3337,.T.);
#2393=ORIENTED_EDGE('',*,*,#3334,.T.);
#2394=ORIENTED_EDGE('',*,*,#3323,.F.);
#2395=ORIENTED_EDGE('',*,*,#3333,.F.);
#2396=ORIENTED_EDGE('',*,*,#3338,.T.);
#2397=ORIENTED_EDGE('',*,*,#3336,.T.);
#2398=ORIENTED_EDGE('',*,*,#3322,.F.);
#2399=ORIENTED_EDGE('',*,*,#3339,.F.);
#2400=ORIENTED_EDGE('',*,*,#3327,.F.);
#2401=ORIENTED_EDGE('',*,*,#3340,.T.);
#2402=ORIENTED_EDGE('',*,*,#3329,.T.);
#2403=ORIENTED_EDGE('',*,*,#3332,.F.);
#2404=ORIENTED_EDGE('',*,*,#3335,.F.);
#2405=ORIENTED_EDGE('',*,*,#3337,.F.);
#2406=ORIENTED_EDGE('',*,*,#3338,.F.);
#2407=ORIENTED_EDGE('',*,*,#3326,.F.);
#2408=ORIENTED_EDGE('',*,*,#3330,.T.);
#2409=ORIENTED_EDGE('',*,*,#3340,.F.);
#2410=ORIENTED_EDGE('',*,*,#3341,.F.);
#2411=ORIENTED_EDGE('',*,*,#3342,.T.);
#2412=ORIENTED_EDGE('',*,*,#3343,.T.);
#2413=ORIENTED_EDGE('',*,*,#3307,.F.);
#2414=ORIENTED_EDGE('',*,*,#3306,.T.);
#2415=ORIENTED_EDGE('',*,*,#3344,.F.);
#2416=ORIENTED_EDGE('',*,*,#3345,.F.);
#2417=ORIENTED_EDGE('',*,*,#3341,.T.);
#2418=ORIENTED_EDGE('',*,*,#3346,.F.);
#2419=ORIENTED_EDGE('',*,*,#3347,.F.);
#2420=ORIENTED_EDGE('',*,*,#3348,.T.);
#2421=ORIENTED_EDGE('',*,*,#3349,.T.);
#2422=ORIENTED_EDGE('',*,*,#3350,.F.);
#2423=ORIENTED_EDGE('',*,*,#3351,.F.);
#2424=ORIENTED_EDGE('',*,*,#3352,.T.);
#2425=ORIENTED_EDGE('',*,*,#3353,.T.);
#2426=ORIENTED_EDGE('',*,*,#3354,.T.);
#2427=ORIENTED_EDGE('',*,*,#3349,.F.);
#2428=ORIENTED_EDGE('',*,*,#3355,.F.);
#2429=ORIENTED_EDGE('',*,*,#3347,.T.);
#2430=ORIENTED_EDGE('',*,*,#3356,.T.);
#2431=ORIENTED_EDGE('',*,*,#3353,.F.);
#2432=ORIENTED_EDGE('',*,*,#3357,.F.);
#2433=ORIENTED_EDGE('',*,*,#3351,.T.);
#2434=ORIENTED_EDGE('',*,*,#3308,.T.);
#2435=ORIENTED_EDGE('',*,*,#3343,.F.);
#2436=ORIENTED_EDGE('',*,*,#3358,.F.);
#2437=ORIENTED_EDGE('',*,*,#3344,.T.);
#2438=ORIENTED_EDGE('',*,*,#3352,.F.);
#2439=ORIENTED_EDGE('',*,*,#3357,.T.);
#2440=ORIENTED_EDGE('',*,*,#3348,.F.);
#2441=ORIENTED_EDGE('',*,*,#3355,.T.);
#2442=ORIENTED_EDGE('',*,*,#3342,.F.);
#2443=ORIENTED_EDGE('',*,*,#3345,.T.);
#2444=ORIENTED_EDGE('',*,*,#3358,.T.);
#2445=ORIENTED_EDGE('',*,*,#3346,.T.);
#2446=ORIENTED_EDGE('',*,*,#3354,.F.);
#2447=ORIENTED_EDGE('',*,*,#3359,.F.);
#2448=ORIENTED_EDGE('',*,*,#3360,.T.);
#2449=ORIENTED_EDGE('',*,*,#3361,.T.);
#2450=ORIENTED_EDGE('',*,*,#3293,.F.);
#2451=ORIENTED_EDGE('',*,*,#3292,.T.);
#2452=ORIENTED_EDGE('',*,*,#3362,.F.);
#2453=ORIENTED_EDGE('',*,*,#3363,.F.);
#2454=ORIENTED_EDGE('',*,*,#3359,.T.);
#2455=ORIENTED_EDGE('',*,*,#3300,.T.);
#2456=ORIENTED_EDGE('',*,*,#3364,.F.);
#2457=ORIENTED_EDGE('',*,*,#3365,.F.);
#2458=ORIENTED_EDGE('',*,*,#3362,.T.);
#2459=ORIENTED_EDGE('',*,*,#3299,.T.);
#2460=ORIENTED_EDGE('',*,*,#3366,.F.);
#2461=ORIENTED_EDGE('',*,*,#3367,.F.);
#2462=ORIENTED_EDGE('',*,*,#3364,.T.);
#2463=ORIENTED_EDGE('',*,*,#3298,.T.);
#2464=ORIENTED_EDGE('',*,*,#3368,.F.);
#2465=ORIENTED_EDGE('',*,*,#3369,.F.);
#2466=ORIENTED_EDGE('',*,*,#3366,.T.);
#2467=ORIENTED_EDGE('',*,*,#3297,.T.);
#2468=ORIENTED_EDGE('',*,*,#3370,.F.);
#2469=ORIENTED_EDGE('',*,*,#3371,.F.);
#2470=ORIENTED_EDGE('',*,*,#3368,.T.);
#2471=ORIENTED_EDGE('',*,*,#3296,.T.);
#2472=ORIENTED_EDGE('',*,*,#3372,.F.);
#2473=ORIENTED_EDGE('',*,*,#3373,.F.);
#2474=ORIENTED_EDGE('',*,*,#3370,.T.);
#2475=ORIENTED_EDGE('',*,*,#3295,.T.);
#2476=ORIENTED_EDGE('',*,*,#3374,.F.);
#2477=ORIENTED_EDGE('',*,*,#3375,.F.);
#2478=ORIENTED_EDGE('',*,*,#3372,.T.);
#2479=ORIENTED_EDGE('',*,*,#3294,.T.);
#2480=ORIENTED_EDGE('',*,*,#3361,.F.);
#2481=ORIENTED_EDGE('',*,*,#3376,.F.);
#2482=ORIENTED_EDGE('',*,*,#3374,.T.);
#2483=ORIENTED_EDGE('',*,*,#3360,.F.);
#2484=ORIENTED_EDGE('',*,*,#3363,.T.);
#2485=ORIENTED_EDGE('',*,*,#3365,.T.);
#2486=ORIENTED_EDGE('',*,*,#3367,.T.);
#2487=ORIENTED_EDGE('',*,*,#3369,.T.);
#2488=ORIENTED_EDGE('',*,*,#3371,.T.);
#2489=ORIENTED_EDGE('',*,*,#3373,.T.);
#2490=ORIENTED_EDGE('',*,*,#3375,.T.);
#2491=ORIENTED_EDGE('',*,*,#3376,.T.);
#2492=ORIENTED_EDGE('',*,*,#3312,.T.);
#2493=ORIENTED_EDGE('',*,*,#3377,.F.);
#2494=ORIENTED_EDGE('',*,*,#3378,.F.);
#2495=ORIENTED_EDGE('',*,*,#3379,.T.);
#2496=ORIENTED_EDGE('',*,*,#3311,.T.);
#2497=ORIENTED_EDGE('',*,*,#3380,.F.);
#2498=ORIENTED_EDGE('',*,*,#3381,.F.);
#2499=ORIENTED_EDGE('',*,*,#3377,.T.);
#2500=ORIENTED_EDGE('',*,*,#3319,.T.);
#2501=ORIENTED_EDGE('',*,*,#3382,.F.);
#2502=ORIENTED_EDGE('',*,*,#3383,.F.);
#2503=ORIENTED_EDGE('',*,*,#3380,.T.);
#2504=ORIENTED_EDGE('',*,*,#3318,.T.);
#2505=ORIENTED_EDGE('',*,*,#3384,.F.);
#2506=ORIENTED_EDGE('',*,*,#3385,.F.);
#2507=ORIENTED_EDGE('',*,*,#3382,.T.);
#2508=ORIENTED_EDGE('',*,*,#3317,.T.);
#2509=ORIENTED_EDGE('',*,*,#3386,.F.);
#2510=ORIENTED_EDGE('',*,*,#3387,.F.);
#2511=ORIENTED_EDGE('',*,*,#3384,.T.);
#2512=ORIENTED_EDGE('',*,*,#3316,.T.);
#2513=ORIENTED_EDGE('',*,*,#3388,.F.);
#2514=ORIENTED_EDGE('',*,*,#3389,.F.);
#2515=ORIENTED_EDGE('',*,*,#3386,.T.);
#2516=ORIENTED_EDGE('',*,*,#3315,.T.);
#2517=ORIENTED_EDGE('',*,*,#3390,.F.);
#2518=ORIENTED_EDGE('',*,*,#3391,.F.);
#2519=ORIENTED_EDGE('',*,*,#3388,.T.);
#2520=ORIENTED_EDGE('',*,*,#3314,.T.);
#2521=ORIENTED_EDGE('',*,*,#3392,.F.);
#2522=ORIENTED_EDGE('',*,*,#3393,.F.);
#2523=ORIENTED_EDGE('',*,*,#3390,.T.);
#2524=ORIENTED_EDGE('',*,*,#3313,.T.);
#2525=ORIENTED_EDGE('',*,*,#3379,.F.);
#2526=ORIENTED_EDGE('',*,*,#3394,.F.);
#2527=ORIENTED_EDGE('',*,*,#3392,.T.);
#2528=ORIENTED_EDGE('',*,*,#3378,.T.);
#2529=ORIENTED_EDGE('',*,*,#3381,.T.);
#2530=ORIENTED_EDGE('',*,*,#3383,.T.);
#2531=ORIENTED_EDGE('',*,*,#3385,.T.);
#2532=ORIENTED_EDGE('',*,*,#3387,.T.);
#2533=ORIENTED_EDGE('',*,*,#3389,.T.);
#2534=ORIENTED_EDGE('',*,*,#3391,.T.);
#2535=ORIENTED_EDGE('',*,*,#3393,.T.);
#2536=ORIENTED_EDGE('',*,*,#3394,.T.);
#2537=ORIENTED_EDGE('',*,*,#3395,.F.);
#2538=ORIENTED_EDGE('',*,*,#3396,.T.);
#2539=ORIENTED_EDGE('',*,*,#3397,.T.);
#2540=ORIENTED_EDGE('',*,*,#3302,.F.);
#2541=ORIENTED_EDGE('',*,*,#3397,.F.);
#2542=ORIENTED_EDGE('',*,*,#3398,.T.);
#2543=ORIENTED_EDGE('',*,*,#3395,.T.);
#2544=ORIENTED_EDGE('',*,*,#3301,.F.);
#2545=ORIENTED_EDGE('',*,*,#3396,.F.);
#2546=ORIENTED_EDGE('',*,*,#3398,.F.);
#2547=ORIENTED_EDGE('',*,*,#3399,.F.);
#2548=ORIENTED_EDGE('',*,*,#3400,.T.);
#2549=ORIENTED_EDGE('',*,*,#3401,.T.);
#2550=ORIENTED_EDGE('',*,*,#3304,.F.);
#2551=ORIENTED_EDGE('',*,*,#3303,.T.);
#2552=ORIENTED_EDGE('',*,*,#3401,.F.);
#2553=ORIENTED_EDGE('',*,*,#3402,.F.);
#2554=ORIENTED_EDGE('',*,*,#3399,.T.);
#2555=ORIENTED_EDGE('',*,*,#3400,.F.);
#2556=ORIENTED_EDGE('',*,*,#3402,.T.);
#2557=ORIENTED_EDGE('',*,*,#3305,.F.);
#2558=ORIENTED_EDGE('',*,*,#3403,.T.);
#2559=ORIENTED_EDGE('',*,*,#3403,.F.);
#2560=ORIENTED_EDGE('',*,*,#3310,.T.);
#2561=ORIENTED_EDGE('',*,*,#3404,.F.);
#2562=ORIENTED_EDGE('',*,*,#3405,.F.);
#2563=ORIENTED_EDGE('',*,*,#3406,.T.);
#2564=ORIENTED_EDGE('',*,*,#3309,.T.);
#2565=ORIENTED_EDGE('',*,*,#3406,.F.);
#2566=ORIENTED_EDGE('',*,*,#3407,.F.);
#2567=ORIENTED_EDGE('',*,*,#3404,.T.);
#2568=ORIENTED_EDGE('',*,*,#3405,.T.);
#2569=ORIENTED_EDGE('',*,*,#3407,.T.);
#2570=ORIENTED_EDGE('',*,*,#3324,.T.);
#2571=ORIENTED_EDGE('',*,*,#3339,.T.);
#2572=ORIENTED_EDGE('',*,*,#3328,.F.);
#2573=ORIENTED_EDGE('',*,*,#3350,.T.);
#2574=ORIENTED_EDGE('',*,*,#3356,.F.);
#2575=ORIENTED_EDGE('',*,*,#2733,.F.);
#2576=ORIENTED_EDGE('',*,*,#2862,.T.);
#2577=ORIENTED_EDGE('',*,*,#3408,.F.);
#2578=ORIENTED_EDGE('',*,*,#3409,.F.);
#2579=ORIENTED_EDGE('',*,*,#2735,.F.);
#2580=ORIENTED_EDGE('',*,*,#3410,.F.);
#2581=ORIENTED_EDGE('',*,*,#3411,.T.);
#2582=ORIENTED_EDGE('',*,*,#2860,.T.);
#2583=ORIENTED_EDGE('',*,*,#2861,.F.);
#2584=ORIENTED_EDGE('',*,*,#3411,.F.);
#2585=ORIENTED_EDGE('',*,*,#3412,.T.);
#2586=ORIENTED_EDGE('',*,*,#3408,.T.);
#2587=ORIENTED_EDGE('',*,*,#2734,.F.);
#2588=ORIENTED_EDGE('',*,*,#3409,.T.);
#2589=ORIENTED_EDGE('',*,*,#3412,.F.);
#2590=ORIENTED_EDGE('',*,*,#3410,.T.);
#2591=ORIENTED_EDGE('',*,*,#2837,.F.);
#2592=ORIENTED_EDGE('',*,*,#2701,.T.);
#2593=ORIENTED_EDGE('',*,*,#3413,.T.);
#2594=ORIENTED_EDGE('',*,*,#3414,.T.);
#2595=ORIENTED_EDGE('',*,*,#3415,.T.);
#2596=ORIENTED_EDGE('',*,*,#2699,.T.);
#2597=ORIENTED_EDGE('',*,*,#2839,.F.);
#2598=ORIENTED_EDGE('',*,*,#3416,.F.);
#2599=ORIENTED_EDGE('',*,*,#2838,.T.);
#2600=ORIENTED_EDGE('',*,*,#3414,.F.);
#2601=ORIENTED_EDGE('',*,*,#3417,.F.);
#2602=ORIENTED_EDGE('',*,*,#3416,.T.);
#2603=ORIENTED_EDGE('',*,*,#3413,.F.);
#2604=ORIENTED_EDGE('',*,*,#2700,.T.);
#2605=ORIENTED_EDGE('',*,*,#3415,.F.);
#2606=ORIENTED_EDGE('',*,*,#3417,.T.);
#2607=ORIENTED_EDGE('',*,*,#2743,.F.);
#2608=ORIENTED_EDGE('',*,*,#2923,.F.);
#2609=ORIENTED_EDGE('',*,*,#3418,.F.);
#2610=ORIENTED_EDGE('',*,*,#2850,.F.);
#2611=ORIENTED_EDGE('',*,*,#2912,.F.);
#2612=ORIENTED_EDGE('',*,*,#2731,.F.);
#2613=ORIENTED_EDGE('',*,*,#2851,.F.);
#2614=ORIENTED_EDGE('',*,*,#3418,.T.);
#2615=ORIENTED_EDGE('',*,*,#2855,.F.);
#2616=ORIENTED_EDGE('',*,*,#2703,.F.);
#2617=ORIENTED_EDGE('',*,*,#2836,.F.);
#2618=ORIENTED_EDGE('',*,*,#3419,.F.);
#2619=ORIENTED_EDGE('',*,*,#2830,.F.);
#2620=ORIENTED_EDGE('',*,*,#3419,.T.);
#2621=ORIENTED_EDGE('',*,*,#2922,.F.);
#2622=ORIENTED_EDGE('',*,*,#2745,.F.);
#2623=ORIENTED_EDGE('',*,*,#2913,.F.);
#2624=ORIENTED_EDGE('',*,*,#2831,.F.);
#2625=ORIENTED_EDGE('',*,*,#2685,.T.);
#2626=ORIENTED_EDGE('',*,*,#3420,.T.);
#2627=ORIENTED_EDGE('',*,*,#2673,.F.);
#2628=ORIENTED_EDGE('',*,*,#2725,.T.);
#2629=ORIENTED_EDGE('',*,*,#2696,.T.);
#2630=ORIENTED_EDGE('',*,*,#2716,.F.);
#2631=ORIENTED_EDGE('',*,*,#2711,.T.);
#2632=ORIENTED_EDGE('',*,*,#2677,.F.);
#2633=ORIENTED_EDGE('',*,*,#3421,.T.);
#2634=ORIENTED_EDGE('',*,*,#2691,.T.);
#2635=ORIENTED_EDGE('',*,*,#2878,.T.);
#2636=ORIENTED_EDGE('',*,*,#2895,.F.);
#2637=ORIENTED_EDGE('',*,*,#2738,.T.);
#2638=ORIENTED_EDGE('',*,*,#2921,.T.);
#2639=ORIENTED_EDGE('',*,*,#2675,.T.);
#2640=ORIENTED_EDGE('',*,*,#3422,.T.);
#2641=ORIENTED_EDGE('',*,*,#2693,.F.);
#2642=ORIENTED_EDGE('',*,*,#3423,.T.);
#2643=ORIENTED_EDGE('',*,*,#2727,.T.);
#2644=ORIENTED_EDGE('',*,*,#2721,.T.);
#2645=ORIENTED_EDGE('',*,*,#2903,.F.);
#2646=ORIENTED_EDGE('',*,*,#2901,.T.);
#2647=ORIENTED_EDGE('',*,*,#2707,.T.);
#2648=ORIENTED_EDGE('',*,*,#2719,.F.);
#2649=ORIENTED_EDGE('',*,*,#2900,.F.);
#2650=ORIENTED_EDGE('',*,*,#2898,.F.);
#2651=ORIENTED_EDGE('',*,*,#2684,.F.);
#2652=ORIENTED_EDGE('',*,*,#2682,.T.);
#2653=ORIENTED_EDGE('',*,*,#2695,.T.);
#2654=ORIENTED_EDGE('',*,*,#2683,.F.);
#2655=ORIENTED_EDGE('',*,*,#2674,.F.);
#2656=ORIENTED_EDGE('',*,*,#3420,.F.);
#2657=ORIENTED_EDGE('',*,*,#2694,.F.);
#2658=ORIENTED_EDGE('',*,*,#3422,.F.);
#2659=ORIENTED_EDGE('',*,*,#2676,.F.);
#2660=ORIENTED_EDGE('',*,*,#3423,.F.);
#2661=ORIENTED_EDGE('',*,*,#2692,.F.);
#2662=ORIENTED_EDGE('',*,*,#3421,.F.);
#2663=EDGE_CURVE('',#3424,#3425,#3940,.T.);
#2664=EDGE_CURVE('',#3425,#3426,#3941,.T.);
#2665=EDGE_CURVE('',#3426,#3427,#3942,.T.);
#2666=EDGE_CURVE('',#3427,#3428,#3943,.T.);
#2667=EDGE_CURVE('',#3428,#3429,#351,.T.);
#2668=EDGE_CURVE('',#3429,#3430,#352,.T.);
#2669=EDGE_CURVE('',#3430,#3431,#3944,.T.);
#2670=EDGE_CURVE('',#3431,#3432,#3945,.T.);
#2671=EDGE_CURVE('',#3424,#3432,#353,.T.);
#2672=EDGE_CURVE('',#3433,#3434,#354,.T.);
#2673=EDGE_CURVE('',#3434,#3435,#355,.T.);
#2674=EDGE_CURVE('',#3435,#3436,#199,.T.);
#2675=EDGE_CURVE('',#3437,#3436,#356,.T.);
#2676=EDGE_CURVE('',#3437,#3438,#200,.T.);
#2677=EDGE_CURVE('',#3438,#3439,#357,.T.);
#2678=EDGE_CURVE('',#3439,#3440,#358,.T.);
#2679=EDGE_CURVE('',#3440,#3441,#359,.T.);
#2680=EDGE_CURVE('',#3441,#3442,#360,.T.);
#2681=EDGE_CURVE('',#3442,#3433,#361,.T.);
#2682=EDGE_CURVE('',#3443,#3443,#201,.F.);
#2683=EDGE_CURVE('',#3444,#3444,#202,.T.);
#2684=EDGE_CURVE('',#3445,#3445,#203,.T.);
#2685=EDGE_CURVE('',#3446,#3447,#362,.T.);
#2686=EDGE_CURVE('',#3448,#3446,#363,.T.);
#2687=EDGE_CURVE('',#3448,#3449,#364,.T.);
#2688=EDGE_CURVE('',#3449,#3450,#365,.T.);
#2689=EDGE_CURVE('',#3451,#3450,#366,.T.);
#2690=EDGE_CURVE('',#3452,#3451,#367,.T.);
#2691=EDGE_CURVE('',#3453,#3452,#368,.T.);
#2692=EDGE_CURVE('',#3453,#3454,#204,.F.);
#2693=EDGE_CURVE('',#3454,#3455,#369,.T.);
#2694=EDGE_CURVE('',#3455,#3447,#205,.F.);
#2695=EDGE_CURVE('',#3456,#3456,#206,.T.);
#2696=EDGE_CURVE('',#3457,#3458,#370,.T.);
#2697=EDGE_CURVE('',#3457,#3459,#371,.T.);
#2698=EDGE_CURVE('',#3459,#3460,#372,.T.);
#2699=EDGE_CURVE('',#3461,#3460,#373,.T.);
#2700=EDGE_CURVE('',#3462,#3461,#374,.T.);
#2701=EDGE_CURVE('',#3463,#3462,#375,.T.);
#2702=EDGE_CURVE('',#3463,#3464,#376,.T.);
#2703=EDGE_CURVE('',#3464,#3465,#377,.F.);
#2704=EDGE_CURVE('',#3465,#3466,#378,.T.);
#2705=EDGE_CURVE('',#3466,#3467,#379,.T.);
#2706=EDGE_CURVE('',#3468,#3467,#207,.T.);
#2707=EDGE_CURVE('',#3469,#3468,#380,.T.);
#2708=EDGE_CURVE('',#3470,#3469,#208,.T.);
#2709=EDGE_CURVE('',#3470,#3471,#381,.T.);
#2710=EDGE_CURVE('',#3458,#3471,#382,.T.);
#2711=EDGE_CURVE('',#3472,#3446,#383,.T.);
#2712=EDGE_CURVE('',#3473,#3472,#384,.T.);
#2713=EDGE_CURVE('',#3473,#3474,#385,.T.);
#2714=EDGE_CURVE('',#3475,#3474,#386,.T.);
#2715=EDGE_CURVE('',#3448,#3475,#387,.T.);
#2716=EDGE_CURVE('',#3472,#3458,#388,.T.);
#2717=EDGE_CURVE('',#3473,#3471,#389,.T.);
#2718=EDGE_CURVE('',#3476,#3477,#209,.T.);
#2719=EDGE_CURVE('',#3476,#3468,#390,.T.);
#2720=EDGE_CURVE('',#3477,#3467,#391,.T.);
#2721=EDGE_CURVE('',#3478,#3479,#392,.F.);
#2722=EDGE_CURVE('',#3480,#3478,#210,.T.);
#2723=EDGE_CURVE('',#3481,#3480,#393,.T.);
#2724=EDGE_CURVE('',#3481,#3479,#211,.T.);
#2725=EDGE_CURVE('',#3434,#3457,#394,.T.);
#2726=EDGE_CURVE('',#3459,#3433,#395,.F.);
#2727=EDGE_CURVE('',#3482,#3478,#396,.T.);
#2728=EDGE_CURVE('',#3482,#3483,#212,.T.);
#2729=EDGE_CURVE('',#3484,#3483,#397,.T.);
#2730=EDGE_CURVE('',#3484,#3485,#398,.T.);
#2731=EDGE_CURVE('',#3485,#3486,#399,.T.);
#2732=EDGE_CURVE('',#3486,#3487,#400,.T.);
#2733=EDGE_CURVE('',#3487,#3488,#401,.T.);
#2734=EDGE_CURVE('',#3488,#3489,#402,.T.);
#2735=EDGE_CURVE('',#3489,#3490,#403,.T.);
#2736=EDGE_CURVE('',#3490,#3491,#404,.T.);
#2737=EDGE_CURVE('',#3491,#3492,#405,.T.);
#2738=EDGE_CURVE('',#3493,#3492,#406,.T.);
#2739=EDGE_CURVE('',#3494,#3493,#407,.T.);
#2740=EDGE_CURVE('',#3480,#3494,#408,.T.);
#2741=EDGE_CURVE('',#3495,#3496,#409,.T.);
#2742=EDGE_CURVE('',#3496,#3497,#410,.T.);
#2743=EDGE_CURVE('',#3497,#3498,#411,.F.);
#2744=EDGE_CURVE('',#3498,#3499,#412,.F.);
#2745=EDGE_CURVE('',#3499,#3500,#413,.T.);
#2746=EDGE_CURVE('',#3500,#3495,#414,.T.);
#2747=EDGE_CURVE('',#3501,#3502,#3946,.T.);
#2748=EDGE_CURVE('',#3501,#3503,#3947,.T.);
#2749=EDGE_CURVE('',#3503,#3504,#415,.T.);
#2750=EDGE_CURVE('',#3504,#3505,#3948,.T.);
#2751=EDGE_CURVE('',#3506,#3505,#3949,.T.);
#2752=EDGE_CURVE('',#3507,#3506,#3950,.T.);
#2753=EDGE_CURVE('',#3508,#3507,#3951,.T.);
#2754=EDGE_CURVE('',#3509,#3508,#3952,.T.);
#2755=EDGE_CURVE('',#3510,#3509,#3953,.T.);
#2756=EDGE_CURVE('',#3510,#3511,#3954,.T.);
#2757=EDGE_CURVE('',#3511,#3512,#3955,.T.);
#2758=EDGE_CURVE('',#3512,#3513,#3956,.T.);
#2759=EDGE_CURVE('',#3513,#3514,#3957,.T.);
#2760=EDGE_CURVE('',#3514,#3515,#3958,.T.);
#2761=EDGE_CURVE('',#3515,#3516,#3959,.T.);
#2762=EDGE_CURVE('',#3516,#3517,#3960,.T.);
#2763=EDGE_CURVE('',#3518,#3517,#3961,.T.);
#2764=EDGE_CURVE('',#3519,#3518,#3962,.T.);
#2765=EDGE_CURVE('',#3520,#3519,#3963,.T.);
#2766=EDGE_CURVE('',#3521,#3520,#3964,.T.);
#2767=EDGE_CURVE('',#3522,#3521,#416,.T.);
#2768=EDGE_CURVE('',#3522,#3523,#3965,.T.);
#2769=EDGE_CURVE('',#3523,#3502,#3966,.T.);
#2770=EDGE_CURVE('',#3524,#3525,#3967,.T.);
#2771=EDGE_CURVE('',#3524,#3526,#3968,.T.);
#2772=EDGE_CURVE('',#3527,#3526,#3969,.T.);
#2773=EDGE_CURVE('',#3527,#3525,#3970,.T.);
#2774=EDGE_CURVE('',#3528,#3529,#3971,.T.);
#2775=EDGE_CURVE('',#3528,#3530,#3972,.T.);
#2776=EDGE_CURVE('',#3531,#3530,#3973,.T.);
#2777=EDGE_CURVE('',#3531,#3529,#3974,.T.);
#2778=EDGE_CURVE('',#3532,#3533,#3975,.T.);
#2779=EDGE_CURVE('',#3534,#3532,#3976,.T.);
#2780=EDGE_CURVE('',#3535,#3534,#213,.F.);
#2781=EDGE_CURVE('',#3535,#3533,#3977,.T.);
#2782=EDGE_CURVE('',#3536,#3537,#3978,.T.);
#2783=EDGE_CURVE('',#3536,#3538,#3979,.T.);
#2784=EDGE_CURVE('',#3538,#3539,#3980,.T.);
#2785=EDGE_CURVE('',#3537,#3539,#3981,.T.);
#2786=EDGE_CURVE('',#3540,#3541,#3982,.T.);
#2787=EDGE_CURVE('',#3540,#3542,#3983,.T.);
#2788=EDGE_CURVE('',#3542,#3543,#3984,.T.);
#2789=EDGE_CURVE('',#3543,#3541,#3985,.T.);
#2790=EDGE_CURVE('',#3544,#3545,#3986,.T.);
#2791=EDGE_CURVE('',#3544,#3546,#3987,.T.);
#2792=EDGE_CURVE('',#3546,#3547,#3988,.T.);
#2793=EDGE_CURVE('',#3548,#3547,#3989,.T.);
#2794=EDGE_CURVE('',#3545,#3548,#3990,.T.);
#2795=EDGE_CURVE('',#3549,#3550,#3991,.T.);
#2796=EDGE_CURVE('',#3549,#3551,#3992,.T.);
#2797=EDGE_CURVE('',#3552,#3551,#3993,.T.);
#2798=EDGE_CURVE('',#3550,#3552,#3994,.T.);
#2799=EDGE_CURVE('',#3553,#3554,#3995,.T.);
#2800=EDGE_CURVE('',#3553,#3555,#3996,.T.);
#2801=EDGE_CURVE('',#3556,#3555,#3997,.T.);
#2802=EDGE_CURVE('',#3554,#3556,#3998,.T.);
#2803=EDGE_CURVE('',#3557,#3558,#3999,.T.);
#2804=EDGE_CURVE('',#3557,#3559,#4000,.T.);
#2805=EDGE_CURVE('',#3559,#3560,#4001,.T.);
#2806=EDGE_CURVE('',#3560,#3561,#4002,.T.);
#2807=EDGE_CURVE('',#3562,#3561,#4003,.T.);
#2808=EDGE_CURVE('',#3558,#3562,#4004,.T.);
#2809=EDGE_CURVE('',#3563,#3563,#214,.T.);
#2810=EDGE_CURVE('',#3564,#3564,#215,.T.);
#2811=EDGE_CURVE('',#3565,#3565,#216,.T.);
#2812=EDGE_CURVE('',#3566,#3566,#217,.T.);
#2813=EDGE_CURVE('',#3567,#3568,#417,.T.);
#2814=EDGE_CURVE('',#3568,#3569,#418,.T.);
#2815=EDGE_CURVE('',#3569,#3570,#419,.F.);
#2816=EDGE_CURVE('',#3570,#3571,#420,.F.);
#2817=EDGE_CURVE('',#3572,#3571,#421,.T.);
#2818=EDGE_CURVE('',#3572,#3573,#422,.T.);
#2819=EDGE_CURVE('',#3573,#3574,#423,.T.);
#2820=EDGE_CURVE('',#3575,#3574,#424,.T.);
#2821=EDGE_CURVE('',#3475,#3575,#425,.T.);
#2822=EDGE_CURVE('',#3474,#3576,#426,.T.);
#2823=EDGE_CURVE('',#3576,#3567,#427,.F.);
#2824=EDGE_CURVE('',#3577,#3578,#428,.F.);
#2825=EDGE_CURVE('',#3577,#3568,#4005,.T.);
#2826=EDGE_CURVE('',#3567,#3578,#218,.F.);
#2827=EDGE_CURVE('',#3569,#3579,#4006,.F.);
#2828=EDGE_CURVE('',#3580,#3579,#429,.T.);
#2829=EDGE_CURVE('',#3580,#3570,#219,.T.);
#2830=EDGE_CURVE('',#3465,#3581,#430,.T.);
#2831=EDGE_CURVE('',#3581,#3582,#431,.T.);
#2832=EDGE_CURVE('',#3582,#3577,#432,.F.);
#2833=EDGE_CURVE('',#3583,#3578,#220,.T.);
#2834=EDGE_CURVE('',#3583,#3465,#433,.T.);
#2835=EDGE_CURVE('',#3584,#3585,#434,.T.);
#2836=EDGE_CURVE('',#3585,#3464,#435,.T.);
#2837=EDGE_CURVE('',#3463,#3586,#436,.T.);
#2838=EDGE_CURVE('',#3587,#3586,#437,.T.);
#2839=EDGE_CURVE('',#3587,#3460,#438,.T.);
#2840=EDGE_CURVE('',#3459,#3588,#439,.T.);
#2841=EDGE_CURVE('',#3588,#3589,#221,.T.);
#2842=EDGE_CURVE('',#3589,#3584,#440,.T.);
#2843=EDGE_CURVE('',#3590,#3590,#222,.T.);
#2844=EDGE_CURVE('',#3591,#3591,#223,.T.);
#2845=EDGE_CURVE('',#3592,#3592,#224,.T.);
#2846=EDGE_CURVE('',#3593,#3593,#225,.T.);
#2847=EDGE_CURVE('',#3594,#3594,#226,.T.);
#2848=EDGE_CURVE('',#3595,#3595,#227,.T.);
#2849=EDGE_CURVE('',#3596,#3596,#228,.T.);
#2850=EDGE_CURVE('',#3597,#3598,#441,.T.);
#2851=EDGE_CURVE('',#3598,#3485,#442,.T.);
#2852=EDGE_CURVE('',#3599,#3485,#443,.F.);
#2853=EDGE_CURVE('',#3580,#3599,#229,.T.);
#2854=EDGE_CURVE('',#3579,#3597,#444,.F.);
#2855=EDGE_CURVE('',#3486,#3600,#445,.T.);
#2856=EDGE_CURVE('',#3600,#3601,#446,.T.);
#2857=EDGE_CURVE('',#3601,#3602,#447,.T.);
#2858=EDGE_CURVE('',#3603,#3602,#230,.T.);
#2859=EDGE_CURVE('',#3603,#3491,#448,.T.);
#2860=EDGE_CURVE('',#3604,#3490,#449,.T.);
#2861=EDGE_CURVE('',#3604,#3605,#450,.T.);
#2862=EDGE_CURVE('',#3487,#3605,#451,.T.);
#2863=EDGE_CURVE('',#3606,#3606,#231,.T.);
#2864=EDGE_CURVE('',#3607,#3607,#232,.F.);
#2865=EDGE_CURVE('',#3608,#3608,#233,.T.);
#2866=EDGE_CURVE('',#3609,#3609,#234,.F.);
#2867=EDGE_CURVE('',#3610,#3610,#235,.T.);
#2868=EDGE_CURVE('',#3611,#3611,#236,.F.);
#2869=EDGE_CURVE('',#3612,#3612,#237,.T.);
#2870=EDGE_CURVE('',#3613,#3613,#238,.F.);
#2871=EDGE_CURVE('',#3614,#3614,#239,.T.);
#2872=EDGE_CURVE('',#3615,#3615,#240,.F.);
#2873=EDGE_CURVE('',#3616,#3616,#241,.T.);
#2874=EDGE_CURVE('',#3617,#3617,#242,.F.);
#2875=EDGE_CURVE('',#3470,#3618,#452,.F.);
#2876=EDGE_CURVE('',#3618,#3477,#453,.T.);
#2877=EDGE_CURVE('',#3466,#3576,#243,.T.);
#2878=EDGE_CURVE('',#3452,#3619,#454,.T.);
#2879=EDGE_CURVE('',#3451,#3573,#455,.T.);
#2880=EDGE_CURVE('',#3620,#3572,#456,.T.);
#2881=EDGE_CURVE('',#3619,#3620,#457,.T.);
#2882=EDGE_CURVE('',#3621,#3621,#244,.T.);
#2883=EDGE_CURVE('',#3622,#3622,#245,.T.);
#2884=EDGE_CURVE('',#3623,#3623,#246,.T.);
#2885=EDGE_CURVE('',#3624,#3624,#247,.T.);
#2886=EDGE_CURVE('',#3625,#3625,#248,.T.);
#2887=EDGE_CURVE('',#3626,#3626,#249,.T.);
#2888=EDGE_CURVE('',#3627,#3627,#250,.T.);
#2889=EDGE_CURVE('',#3449,#3575,#458,.T.);
#2890=EDGE_CURVE('',#3450,#3574,#459,.T.);
#2891=EDGE_CURVE('',#3481,#3628,#460,.T.);
#2892=EDGE_CURVE('',#3620,#3494,#461,.T.);
#2893=EDGE_CURVE('',#3571,#3484,#251,.F.);
#2894=EDGE_CURVE('',#3483,#3628,#462,.F.);
#2895=EDGE_CURVE('',#3493,#3619,#463,.T.);
#2896=EDGE_CURVE('',#3583,#3567,#252,.T.);
#2897=EDGE_CURVE('',#3570,#3599,#253,.F.);
#2898=EDGE_CURVE('',#3469,#3629,#464,.F.);
#2899=EDGE_CURVE('',#3618,#3629,#254,.T.);
#2900=EDGE_CURVE('',#3629,#3476,#465,.T.);
#2901=EDGE_CURVE('',#3630,#3482,#466,.T.);
#2902=EDGE_CURVE('',#3630,#3628,#255,.T.);
#2903=EDGE_CURVE('',#3630,#3479,#467,.T.);
#2904=EDGE_CURVE('',#3631,#3631,#256,.T.);
#2905=EDGE_CURVE('',#3632,#3632,#257,.T.);
#2906=EDGE_CURVE('',#3633,#3633,#258,.T.);
#2907=EDGE_CURVE('',#3634,#3634,#259,.T.);
#2908=EDGE_CURVE('',#3635,#3635,#260,.T.);
#2909=EDGE_CURVE('',#3588,#3589,#116,.F.);
#2910=EDGE_CURVE('',#3602,#3603,#117,.T.);
#2911=EDGE_CURVE('',#3636,#3636,#261,.T.);
#2912=EDGE_CURVE('',#3498,#3597,#118,.F.);
#2913=EDGE_CURVE('',#3582,#3499,#119,.T.);
#2914=EDGE_CURVE('',#3637,#3442,#468,.T.);
#2915=EDGE_CURVE('',#3637,#3584,#469,.F.);
#2916=EDGE_CURVE('',#3638,#3441,#470,.F.);
#2917=EDGE_CURVE('',#3638,#3496,#471,.F.);
#2918=EDGE_CURVE('',#3495,#3637,#472,.T.);
#2919=EDGE_CURVE('',#3601,#3638,#473,.F.);
#2920=EDGE_CURVE('',#3440,#3491,#474,.T.);
#2921=EDGE_CURVE('',#3492,#3439,#475,.T.);
#2922=EDGE_CURVE('',#3500,#3585,#476,.T.);
#2923=EDGE_CURVE('',#3600,#3497,#477,.F.);
#2924=EDGE_CURVE('',#3639,#3640,#478,.T.);
#2925=EDGE_CURVE('',#3640,#3641,#262,.T.);
#2926=EDGE_CURVE('',#3642,#3641,#479,.T.);
#2927=EDGE_CURVE('',#3639,#3642,#263,.T.);
#2928=EDGE_CURVE('',#3643,#3539,#480,.T.);
#2929=EDGE_CURVE('',#3644,#3643,#481,.T.);
#2930=EDGE_CURVE('',#3642,#3644,#4007,.T.);
#2931=EDGE_CURVE('',#3641,#3537,#482,.T.);
#2932=EDGE_CURVE('',#3643,#3645,#264,.T.);
#2933=EDGE_CURVE('',#3646,#3645,#483,.T.);
#2934=EDGE_CURVE('',#3644,#3646,#265,.T.);
#2935=EDGE_CURVE('',#3647,#3509,#484,.T.);
#2936=EDGE_CURVE('',#3646,#3647,#4008,.T.);
#2937=EDGE_CURVE('',#3645,#3510,#485,.T.);
#2938=EDGE_CURVE('',#3648,#3508,#486,.T.);
#2939=EDGE_CURVE('',#3647,#3648,#4009,.T.);
#2940=EDGE_CURVE('',#3649,#3507,#487,.T.);
#2941=EDGE_CURVE('',#3648,#3649,#4010,.T.);
#2942=EDGE_CURVE('',#3650,#3506,#488,.T.);
#2943=EDGE_CURVE('',#3651,#3650,#489,.T.);
#2944=EDGE_CURVE('',#3649,#3651,#4011,.T.);
#2945=EDGE_CURVE('',#3650,#3652,#4012,.T.);
#2946=EDGE_CURVE('',#3653,#3652,#490,.T.);
#2947=EDGE_CURVE('',#3651,#3653,#4013,.T.);
#2948=EDGE_CURVE('',#3654,#3562,#491,.T.);
#2949=EDGE_CURVE('',#3655,#3654,#492,.T.);
#2950=EDGE_CURVE('',#3653,#3655,#4014,.T.);
#2951=EDGE_CURVE('',#3652,#3558,#493,.T.);
#2952=EDGE_CURVE('',#3654,#3656,#266,.T.);
#2953=EDGE_CURVE('',#3657,#3656,#494,.T.);
#2954=EDGE_CURVE('',#3655,#3657,#267,.T.);
#2955=EDGE_CURVE('',#3658,#3659,#4015,.T.);
#2956=EDGE_CURVE('',#3660,#3658,#495,.T.);
#2957=EDGE_CURVE('',#3660,#3661,#4016,.T.);
#2958=EDGE_CURVE('',#3661,#3659,#496,.T.);
#2959=EDGE_CURVE('',#3659,#3658,#4017,.T.);
#2960=EDGE_CURVE('',#3661,#3660,#4018,.T.);
#2961=EDGE_CURVE('',#3640,#3532,#497,.T.);
#2962=EDGE_CURVE('',#3657,#3639,#4019,.T.);
#2963=EDGE_CURVE('',#3656,#3534,#498,.T.);
#2964=EDGE_CURVE('',#3662,#3662,#268,.T.);
#2965=EDGE_CURVE('',#3663,#3663,#269,.T.);
#2966=EDGE_CURVE('',#3664,#3664,#270,.T.);
#2967=EDGE_CURVE('',#3665,#3665,#271,.T.);
#2968=EDGE_CURVE('',#3666,#3666,#272,.T.);
#2969=EDGE_CURVE('',#3667,#3667,#273,.T.);
#2970=EDGE_CURVE('',#3668,#3669,#274,.T.);
#2971=EDGE_CURVE('',#3670,#3668,#499,.T.);
#2972=EDGE_CURVE('',#3670,#3671,#275,.T.);
#2973=EDGE_CURVE('',#3671,#3669,#500,.T.);
#2974=EDGE_CURVE('',#3672,#3673,#276,.F.);
#2975=EDGE_CURVE('',#3674,#3672,#501,.T.);
#2976=EDGE_CURVE('',#3674,#3675,#277,.F.);
#2977=EDGE_CURVE('',#3675,#3673,#502,.T.);
#2978=EDGE_CURVE('',#3676,#3528,#503,.T.);
#2979=EDGE_CURVE('',#3677,#3676,#504,.T.);
#2980=EDGE_CURVE('',#3677,#3674,#4020,.T.);
#2981=EDGE_CURVE('',#3672,#3530,#505,.T.);
#2982=EDGE_CURVE('',#3678,#3676,#278,.F.);
#2983=EDGE_CURVE('',#3679,#3678,#506,.T.);
#2984=EDGE_CURVE('',#3679,#3677,#279,.F.);
#2985=EDGE_CURVE('',#3680,#3527,#507,.T.);
#2986=EDGE_CURVE('',#3681,#3680,#508,.T.);
#2987=EDGE_CURVE('',#3681,#3679,#4021,.T.);
#2988=EDGE_CURVE('',#3678,#3525,#509,.T.);
#2989=EDGE_CURVE('',#3682,#3680,#280,.F.);
#2990=EDGE_CURVE('',#3683,#3682,#510,.T.);
#2991=EDGE_CURVE('',#3683,#3681,#281,.F.);
#2992=EDGE_CURVE('',#3684,#3543,#511,.T.);
#2993=EDGE_CURVE('',#3685,#3684,#512,.T.);
#2994=EDGE_CURVE('',#3685,#3683,#4022,.T.);
#2995=EDGE_CURVE('',#3682,#3541,#513,.T.);
#2996=EDGE_CURVE('',#3686,#3684,#282,.F.);
#2997=EDGE_CURVE('',#3687,#3686,#514,.T.);
#2998=EDGE_CURVE('',#3687,#3685,#283,.F.);
#2999=EDGE_CURVE('',#3688,#3512,#515,.T.);
#3000=EDGE_CURVE('',#3688,#3687,#4023,.T.);
#3001=EDGE_CURVE('',#3686,#3513,#516,.T.);
#3002=EDGE_CURVE('',#3689,#3511,#517,.T.);
#3003=EDGE_CURVE('',#3690,#3689,#518,.T.);
#3004=EDGE_CURVE('',#3690,#3688,#4024,.T.);
#3005=EDGE_CURVE('',#3691,#3689,#284,.T.);
#3006=EDGE_CURVE('',#3692,#3691,#519,.T.);
#3007=EDGE_CURVE('',#3692,#3690,#285,.T.);
#3008=EDGE_CURVE('',#3693,#3536,#520,.T.);
#3009=EDGE_CURVE('',#3694,#3693,#521,.T.);
#3010=EDGE_CURVE('',#3694,#3692,#4025,.T.);
#3011=EDGE_CURVE('',#3691,#3538,#522,.T.);
#3012=EDGE_CURVE('',#3695,#3693,#286,.T.);
#3013=EDGE_CURVE('',#3696,#3695,#523,.T.);
#3014=EDGE_CURVE('',#3696,#3694,#287,.T.);
#3015=EDGE_CURVE('',#3697,#3535,#524,.T.);
#3016=EDGE_CURVE('',#3698,#3697,#525,.T.);
#3017=EDGE_CURVE('',#3698,#3696,#4026,.T.);
#3018=EDGE_CURVE('',#3695,#3533,#526,.T.);
#3019=EDGE_CURVE('',#3699,#3697,#4027,.T.);
#3020=EDGE_CURVE('',#3700,#3699,#527,.T.);
#3021=EDGE_CURVE('',#3700,#3698,#4028,.T.);
#3022=EDGE_CURVE('',#3701,#3560,#528,.T.);
#3023=EDGE_CURVE('',#3701,#3700,#4029,.T.);
#3024=EDGE_CURVE('',#3699,#3561,#529,.T.);
#3025=EDGE_CURVE('',#3702,#3559,#530,.T.);
#3026=EDGE_CURVE('',#3702,#3701,#4030,.T.);
#3027=EDGE_CURVE('',#3669,#3557,#531,.T.);
#3028=EDGE_CURVE('',#3671,#3702,#4031,.T.);
#3029=EDGE_CURVE('',#3703,#3670,#4032,.T.);
#3030=EDGE_CURVE('',#3704,#3703,#532,.T.);
#3031=EDGE_CURVE('',#3675,#3704,#4033,.T.);
#3032=EDGE_CURVE('',#3705,#3705,#288,.T.);
#3033=EDGE_CURVE('',#3706,#3706,#289,.T.);
#3034=EDGE_CURVE('',#3707,#3707,#290,.T.);
#3035=EDGE_CURVE('',#3708,#3708,#291,.T.);
#3036=EDGE_CURVE('',#3709,#3709,#292,.F.);
#3037=EDGE_CURVE('',#3710,#3522,#533,.T.);
#3038=EDGE_CURVE('',#3711,#3710,#534,.T.);
#3039=EDGE_CURVE('',#3711,#3712,#4034,.T.);
#3040=EDGE_CURVE('',#3712,#3523,#535,.T.);
#3041=EDGE_CURVE('',#3713,#3710,#293,.F.);
#3042=EDGE_CURVE('',#3714,#3713,#536,.T.);
#3043=EDGE_CURVE('',#3714,#3711,#294,.F.);
#3044=EDGE_CURVE('',#3715,#3553,#537,.T.);
#3045=EDGE_CURVE('',#3716,#3715,#538,.T.);
#3046=EDGE_CURVE('',#3716,#3714,#4035,.T.);
#3047=EDGE_CURVE('',#3713,#3555,#539,.T.);
#3048=EDGE_CURVE('',#3717,#3715,#295,.F.);
#3049=EDGE_CURVE('',#3718,#3717,#540,.T.);
#3050=EDGE_CURVE('',#3718,#3716,#296,.F.);
#3051=EDGE_CURVE('',#3719,#3549,#541,.T.);
#3052=EDGE_CURVE('',#3720,#3719,#542,.T.);
#3053=EDGE_CURVE('',#3720,#3718,#4036,.T.);
#3054=EDGE_CURVE('',#3717,#3551,#543,.T.);
#3055=EDGE_CURVE('',#3721,#3719,#4037,.T.);
#3056=EDGE_CURVE('',#3722,#3721,#544,.T.);
#3057=EDGE_CURVE('',#3722,#3720,#4038,.T.);
#3058=EDGE_CURVE('',#3723,#3546,#545,.T.);
#3059=EDGE_CURVE('',#3724,#3723,#546,.T.);
#3060=EDGE_CURVE('',#3724,#3722,#4039,.T.);
#3061=EDGE_CURVE('',#3721,#3547,#547,.T.);
#3062=EDGE_CURVE('',#3725,#3723,#4040,.T.);
#3063=EDGE_CURVE('',#3726,#3725,#548,.T.);
#3064=EDGE_CURVE('',#3726,#3724,#4041,.T.);
#3065=EDGE_CURVE('',#3727,#3515,#549,.T.);
#3066=EDGE_CURVE('',#3727,#3726,#4042,.T.);
#3067=EDGE_CURVE('',#3725,#3516,#550,.T.);
#3068=EDGE_CURVE('',#3728,#3514,#551,.T.);
#3069=EDGE_CURVE('',#3729,#3728,#552,.T.);
#3070=EDGE_CURVE('',#3729,#3727,#4043,.T.);
#3071=EDGE_CURVE('',#3730,#3728,#297,.T.);
#3072=EDGE_CURVE('',#3731,#3730,#553,.T.);
#3073=EDGE_CURVE('',#3731,#3729,#298,.T.);
#3074=EDGE_CURVE('',#3732,#3540,#554,.T.);
#3075=EDGE_CURVE('',#3733,#3732,#555,.T.);
#3076=EDGE_CURVE('',#3733,#3731,#4044,.T.);
#3077=EDGE_CURVE('',#3730,#3542,#556,.T.);
#3078=EDGE_CURVE('',#3734,#3732,#299,.T.);
#3079=EDGE_CURVE('',#3735,#3734,#557,.T.);
#3080=EDGE_CURVE('',#3735,#3733,#300,.T.);
#3081=EDGE_CURVE('',#3736,#3524,#558,.T.);
#3082=EDGE_CURVE('',#3737,#3736,#559,.T.);
#3083=EDGE_CURVE('',#3737,#3735,#4045,.T.);
#3084=EDGE_CURVE('',#3734,#3526,#560,.T.);
#3085=EDGE_CURVE('',#3738,#3736,#301,.T.);
#3086=EDGE_CURVE('',#3739,#3738,#561,.T.);
#3087=EDGE_CURVE('',#3739,#3737,#302,.T.);
#3088=EDGE_CURVE('',#3740,#3531,#562,.T.);
#3089=EDGE_CURVE('',#3741,#3740,#563,.T.);
#3090=EDGE_CURVE('',#3741,#3739,#4046,.T.);
#3091=EDGE_CURVE('',#3738,#3529,#564,.T.);
#3092=EDGE_CURVE('',#3742,#3740,#303,.T.);
#3093=EDGE_CURVE('',#3743,#3742,#565,.T.);
#3094=EDGE_CURVE('',#3743,#3741,#304,.T.);
#3095=EDGE_CURVE('',#3712,#3743,#4047,.T.);
#3096=EDGE_CURVE('',#3742,#3502,#566,.T.);
#3097=EDGE_CURVE('',#3744,#3744,#305,.T.);
#3098=EDGE_CURVE('',#3745,#3745,#306,.T.);
#3099=EDGE_CURVE('',#3746,#3746,#307,.T.);
#3100=EDGE_CURVE('',#3747,#3747,#308,.T.);
#3101=EDGE_CURVE('',#3748,#3748,#309,.T.);
#3102=EDGE_CURVE('',#3749,#3749,#310,.T.);
#3103=EDGE_CURVE('',#3750,#3750,#311,.T.);
#3104=EDGE_CURVE('',#3751,#3751,#312,.T.);
#3105=EDGE_CURVE('',#3752,#3752,#313,.T.);
#3106=EDGE_CURVE('',#3753,#3753,#314,.T.);
#3107=EDGE_CURVE('',#3754,#3754,#315,.T.);
#3108=EDGE_CURVE('',#3755,#3755,#316,.T.);
#3109=EDGE_CURVE('',#3756,#3518,#567,.T.);
#3110=EDGE_CURVE('',#3757,#3756,#4048,.T.);
#3111=EDGE_CURVE('',#3757,#3519,#568,.T.);
#3112=EDGE_CURVE('',#3758,#3517,#569,.T.);
#3113=EDGE_CURVE('',#3759,#3758,#570,.T.);
#3114=EDGE_CURVE('',#3756,#3759,#4049,.T.);
#3115=EDGE_CURVE('',#3758,#3760,#317,.F.);
#3116=EDGE_CURVE('',#3761,#3760,#571,.T.);
#3117=EDGE_CURVE('',#3759,#3761,#318,.F.);
#3118=EDGE_CURVE('',#3762,#3545,#572,.T.);
#3119=EDGE_CURVE('',#3761,#3762,#4050,.T.);
#3120=EDGE_CURVE('',#3760,#3544,#573,.T.);
#3121=EDGE_CURVE('',#3763,#3548,#574,.T.);
#3122=EDGE_CURVE('',#3764,#3763,#575,.T.);
#3123=EDGE_CURVE('',#3762,#3764,#4051,.T.);
#3124=EDGE_CURVE('',#3763,#3765,#319,.F.);
#3125=EDGE_CURVE('',#3766,#3765,#576,.T.);
#3126=EDGE_CURVE('',#3764,#3766,#320,.F.);
#3127=EDGE_CURVE('',#3767,#3552,#577,.T.);
#3128=EDGE_CURVE('',#3768,#3767,#578,.T.);
#3129=EDGE_CURVE('',#3766,#3768,#4052,.T.);
#3130=EDGE_CURVE('',#3765,#3550,#579,.T.);
#3131=EDGE_CURVE('',#3767,#3769,#321,.F.);
#3132=EDGE_CURVE('',#3770,#3769,#580,.T.);
#3133=EDGE_CURVE('',#3768,#3770,#322,.F.);
#3134=EDGE_CURVE('',#3771,#3556,#581,.T.);
#3135=EDGE_CURVE('',#3772,#3771,#582,.T.);
#3136=EDGE_CURVE('',#3770,#3772,#4053,.T.);
#3137=EDGE_CURVE('',#3769,#3554,#583,.T.);
#3138=EDGE_CURVE('',#3771,#3773,#323,.F.);
#3139=EDGE_CURVE('',#3774,#3773,#584,.T.);
#3140=EDGE_CURVE('',#3772,#3774,#324,.F.);
#3141=EDGE_CURVE('',#3774,#3757,#4054,.T.);
#3142=EDGE_CURVE('',#3773,#3520,#585,.T.);
#3143=EDGE_CURVE('',#3775,#3775,#325,.T.);
#3144=EDGE_CURVE('',#3776,#3776,#326,.T.);
#3145=EDGE_CURVE('',#3777,#3777,#327,.T.);
#3146=EDGE_CURVE('',#3778,#3778,#328,.T.);
#3147=EDGE_CURVE('',#3779,#3779,#329,.T.);
#3148=EDGE_CURVE('',#3780,#3780,#330,.T.);
#3149=EDGE_CURVE('',#3781,#3781,#331,.T.);
#3150=EDGE_CURVE('',#3782,#3782,#332,.T.);
#3151=EDGE_CURVE('',#3783,#3783,#333,.T.);
#3152=EDGE_CURVE('',#3784,#3784,#334,.T.);
#3153=EDGE_CURVE('',#3785,#3785,#335,.T.);
#3154=EDGE_CURVE('',#3786,#3786,#336,.T.);
#3155=EDGE_CURVE('',#3787,#3788,#586,.T.);
#3156=EDGE_CURVE('',#3789,#3787,#587,.T.);
#3157=EDGE_CURVE('',#3789,#3790,#588,.T.);
#3158=EDGE_CURVE('',#3791,#3790,#4055,.T.);
#3159=EDGE_CURVE('',#3792,#3791,#589,.T.);
#3160=EDGE_CURVE('',#3792,#3793,#590,.T.);
#3161=EDGE_CURVE('',#3793,#3794,#591,.T.);
#3162=EDGE_CURVE('',#3794,#3795,#592,.T.);
#3163=EDGE_CURVE('',#3788,#3795,#4056,.T.);
#3164=EDGE_CURVE('',#3796,#3797,#4057,.T.);
#3165=EDGE_CURVE('',#3796,#3798,#593,.T.);
#3166=EDGE_CURVE('',#3799,#3798,#4058,.T.);
#3167=EDGE_CURVE('',#3799,#3800,#4059,.T.);
#3168=EDGE_CURVE('',#3797,#3800,#337,.T.);
#3169=EDGE_CURVE('',#3801,#3802,#594,.T.);
#3170=EDGE_CURVE('',#3803,#3801,#595,.T.);
#3171=EDGE_CURVE('',#3804,#3803,#338,.T.);
#3172=EDGE_CURVE('',#3805,#3804,#596,.T.);
#3173=EDGE_CURVE('',#3806,#3805,#597,.T.);
#3174=EDGE_CURVE('',#3807,#3806,#339,.T.);
#3175=EDGE_CURVE('',#3807,#3808,#598,.T.);
#3176=EDGE_CURVE('',#3808,#3809,#599,.T.);
#3177=EDGE_CURVE('',#3809,#3810,#600,.T.);
#3178=EDGE_CURVE('',#3802,#3810,#340,.T.);
#3179=EDGE_CURVE('',#3811,#3812,#4060,.T.);
#3180=EDGE_CURVE('',#3811,#3813,#601,.T.);
#3181=EDGE_CURVE('',#3814,#3813,#4061,.T.);
#3182=EDGE_CURVE('',#3812,#3814,#4062,.T.);
#3183=EDGE_CURVE('',#3815,#3815,#341,.T.);
#3184=EDGE_CURVE('',#3816,#3816,#342,.T.);
#3185=EDGE_CURVE('',#3817,#3817,#343,.T.);
#3186=EDGE_CURVE('',#3818,#3818,#344,.T.);
#3187=EDGE_CURVE('',#3819,#3812,#602,.T.);
#3188=EDGE_CURVE('',#3820,#3819,#4063,.T.);
#3189=EDGE_CURVE('',#3820,#3811,#603,.T.);
#3190=EDGE_CURVE('',#3821,#3814,#604,.T.);
#3191=EDGE_CURVE('',#3819,#3821,#4064,.T.);
#3192=EDGE_CURVE('',#3822,#3813,#605,.T.);
#3193=EDGE_CURVE('',#3821,#3822,#4065,.T.);
#3194=EDGE_CURVE('',#3820,#3822,#606,.T.);
#3195=EDGE_CURVE('',#3823,#3802,#607,.T.);
#3196=EDGE_CURVE('',#3824,#3823,#608,.T.);
#3197=EDGE_CURVE('',#3824,#3801,#609,.T.);
#3198=EDGE_CURVE('',#3825,#3810,#610,.T.);
#3199=EDGE_CURVE('',#3823,#3825,#345,.T.);
#3200=EDGE_CURVE('',#3826,#3809,#611,.T.);
#3201=EDGE_CURVE('',#3826,#3825,#612,.T.);
#3202=EDGE_CURVE('',#3827,#3808,#613,.T.);
#3203=EDGE_CURVE('',#3827,#3826,#614,.T.);
#3204=EDGE_CURVE('',#3828,#3807,#615,.T.);
#3205=EDGE_CURVE('',#3828,#3827,#616,.T.);
#3206=EDGE_CURVE('',#3829,#3806,#617,.T.);
#3207=EDGE_CURVE('',#3828,#3829,#346,.T.);
#3208=EDGE_CURVE('',#3830,#3805,#618,.T.);
#3209=EDGE_CURVE('',#3829,#3830,#619,.T.);
#3210=EDGE_CURVE('',#3831,#3804,#620,.T.);
#3211=EDGE_CURVE('',#3830,#3831,#621,.T.);
#3212=EDGE_CURVE('',#3832,#3803,#622,.T.);
#3213=EDGE_CURVE('',#3831,#3832,#347,.T.);
#3214=EDGE_CURVE('',#3832,#3824,#623,.T.);
#3215=EDGE_CURVE('',#3833,#3797,#624,.T.);
#3216=EDGE_CURVE('',#3834,#3833,#4066,.T.);
#3217=EDGE_CURVE('',#3834,#3796,#625,.T.);
#3218=EDGE_CURVE('',#3835,#3800,#626,.T.);
#3219=EDGE_CURVE('',#3833,#3835,#348,.T.);
#3220=EDGE_CURVE('',#3836,#3799,#627,.T.);
#3221=EDGE_CURVE('',#3836,#3835,#4067,.T.);
#3222=EDGE_CURVE('',#3837,#3798,#628,.T.);
#3223=EDGE_CURVE('',#3836,#3837,#4068,.T.);
#3224=EDGE_CURVE('',#3834,#3837,#629,.T.);
#3225=EDGE_CURVE('',#3838,#3788,#630,.T.);
#3226=EDGE_CURVE('',#3839,#3838,#631,.T.);
#3227=EDGE_CURVE('',#3839,#3787,#632,.T.);
#3228=EDGE_CURVE('',#3840,#3795,#633,.T.);
#3229=EDGE_CURVE('',#3838,#3840,#4069,.T.);
#3230=EDGE_CURVE('',#3841,#3794,#634,.T.);
#3231=EDGE_CURVE('',#3841,#3840,#635,.T.);
#3232=EDGE_CURVE('',#3842,#3793,#636,.T.);
#3233=EDGE_CURVE('',#3842,#3841,#637,.T.);
#3234=EDGE_CURVE('',#3843,#3792,#638,.T.);
#3235=EDGE_CURVE('',#3843,#3842,#639,.T.);
#3236=EDGE_CURVE('',#3844,#3791,#640,.T.);
#3237=EDGE_CURVE('',#3843,#3844,#641,.T.);
#3238=EDGE_CURVE('',#3845,#3790,#642,.T.);
#3239=EDGE_CURVE('',#3844,#3845,#4070,.T.);
#3240=EDGE_CURVE('',#3846,#3789,#643,.T.);
#3241=EDGE_CURVE('',#3846,#3845,#644,.T.);
#3242=EDGE_CURVE('',#3846,#3839,#645,.T.);
#3243=EDGE_CURVE('',#3771,#3713,#4071,.T.);
#3244=EDGE_CURVE('',#3847,#3521,#646,.T.);
#3245=EDGE_CURVE('',#3710,#3847,#647,.T.);
#3246=EDGE_CURVE('',#3847,#3773,#4072,.T.);
#3247=EDGE_CURVE('',#3767,#3717,#4073,.T.);
#3248=EDGE_CURVE('',#3715,#3769,#4074,.T.);
#3249=EDGE_CURVE('',#3763,#3721,#4075,.T.);
#3250=EDGE_CURVE('',#3719,#3765,#4076,.T.);
#3251=EDGE_CURVE('',#3725,#3758,#4077,.T.);
#3252=EDGE_CURVE('',#3760,#3723,#4078,.T.);
#3253=EDGE_CURVE('',#3673,#3742,#4079,.T.);
#3254=EDGE_CURVE('',#3673,#3501,#648,.T.);
#3255=EDGE_CURVE('',#3740,#3672,#4080,.T.);
#3256=EDGE_CURVE('',#3736,#3678,#4081,.T.);
#3257=EDGE_CURVE('',#3676,#3738,#4082,.T.);
#3258=EDGE_CURVE('',#3680,#3734,#4083,.T.);
#3259=EDGE_CURVE('',#3732,#3682,#4084,.T.);
#3260=EDGE_CURVE('',#3686,#3728,#4085,.T.);
#3261=EDGE_CURVE('',#3730,#3684,#4086,.T.);
#3262=EDGE_CURVE('',#3654,#3699,#4087,.T.);
#3263=EDGE_CURVE('',#3697,#3656,#349,.F.);
#3264=EDGE_CURVE('',#3640,#3695,#4088,.T.);
#3265=EDGE_CURVE('',#3693,#3641,#4089,.T.);
#3266=EDGE_CURVE('',#3691,#3643,#4090,.T.);
#3267=EDGE_CURVE('',#3645,#3689,#4091,.T.);
#3268=EDGE_CURVE('',#3668,#3505,#649,.T.);
#3269=EDGE_CURVE('',#3650,#3668,#4092,.T.);
#3270=EDGE_CURVE('',#3669,#3652,#4093,.T.);
#3271=EDGE_CURVE('',#3704,#3503,#650,.T.);
#3272=EDGE_CURVE('',#3703,#3504,#651,.T.);
#3273=EDGE_CURVE('',#3848,#3848,#350,.T.);
#3274=EDGE_CURVE('',#3849,#3424,#652,.T.);
#3275=EDGE_CURVE('',#3849,#3850,#4094,.T.);
#3276=EDGE_CURVE('',#3850,#3425,#653,.T.);
#3277=EDGE_CURVE('',#3851,#3432,#654,.T.);
#3278=EDGE_CURVE('',#3849,#3851,#655,.T.);
#3279=EDGE_CURVE('',#3852,#3431,#656,.T.);
#3280=EDGE_CURVE('',#3852,#3851,#4095,.T.);
#3281=EDGE_CURVE('',#3853,#3430,#657,.T.);
#3282=EDGE_CURVE('',#3853,#3852,#4096,.T.);
#3283=EDGE_CURVE('',#3854,#3429,#658,.T.);
#3284=EDGE_CURVE('',#3854,#3853,#659,.T.);
#3285=EDGE_CURVE('',#3855,#3428,#660,.T.);
#3286=EDGE_CURVE('',#3855,#3854,#661,.T.);
#3287=EDGE_CURVE('',#3856,#3427,#662,.T.);
#3288=EDGE_CURVE('',#3856,#3855,#4097,.T.);
#3289=EDGE_CURVE('',#3857,#3426,#663,.T.);
#3290=EDGE_CURVE('',#3857,#3856,#4098,.T.);
#3291=EDGE_CURVE('',#3850,#3857,#4099,.T.);
#3292=EDGE_CURVE('',#3858,#3859,#4100,.T.);
#3293=EDGE_CURVE('',#3858,#3860,#664,.T.);
#3294=EDGE_CURVE('',#3861,#3860,#4101,.T.);
#3295=EDGE_CURVE('',#3862,#3861,#665,.T.);
#3296=EDGE_CURVE('',#3863,#3862,#666,.T.);
#3297=EDGE_CURVE('',#3864,#3863,#4102,.T.);
#3298=EDGE_CURVE('',#3865,#3864,#667,.T.);
#3299=EDGE_CURVE('',#3866,#3865,#4103,.T.);
#3300=EDGE_CURVE('',#3859,#3866,#668,.T.);
#3301=EDGE_CURVE('',#3867,#3868,#4104,.T.);
#3302=EDGE_CURVE('',#3868,#3867,#4105,.T.);
#3303=EDGE_CURVE('',#3869,#3870,#669,.T.);
#3304=EDGE_CURVE('',#3869,#3870,#4106,.T.);
#3305=EDGE_CURVE('',#3871,#3871,#4107,.T.);
#3306=EDGE_CURVE('',#3872,#3873,#4108,.T.);
#3307=EDGE_CURVE('',#3872,#3874,#4109,.T.);
#3308=EDGE_CURVE('',#3873,#3874,#4110,.T.);
#3309=EDGE_CURVE('',#3875,#3876,#4111,.T.);
#3310=EDGE_CURVE('',#3876,#3875,#4112,.T.);
#3311=EDGE_CURVE('',#3877,#3878,#670,.T.);
#3312=EDGE_CURVE('',#3879,#3877,#4113,.T.);
#3313=EDGE_CURVE('',#3880,#3879,#4114,.T.);
#3314=EDGE_CURVE('',#3881,#3880,#4115,.T.);
#3315=EDGE_CURVE('',#3882,#3881,#671,.T.);
#3316=EDGE_CURVE('',#3883,#3882,#4116,.T.);
#3317=EDGE_CURVE('',#3884,#3883,#4117,.T.);
#3318=EDGE_CURVE('',#3885,#3884,#672,.T.);
#3319=EDGE_CURVE('',#3878,#3885,#4118,.T.);
#3320=EDGE_CURVE('',#3886,#3887,#4119,.T.);
#3321=EDGE_CURVE('',#3887,#3888,#4120,.T.);
#3322=EDGE_CURVE('',#3888,#3889,#4121,.T.);
#3323=EDGE_CURVE('',#3889,#3886,#673,.T.);
#3324=EDGE_CURVE('',#3890,#3891,#674,.T.);
#3325=EDGE_CURVE('',#3892,#3890,#675,.T.);
#3326=EDGE_CURVE('',#3892,#3893,#676,.T.);
#3327=EDGE_CURVE('',#3893,#3891,#677,.T.);
#3328=EDGE_CURVE('',#3890,#3894,#678,.T.);
#3329=EDGE_CURVE('',#3895,#3894,#679,.T.);
#3330=EDGE_CURVE('',#3892,#3895,#680,.T.);
#3331=EDGE_CURVE('',#3896,#3887,#681,.T.);
#3332=EDGE_CURVE('',#3896,#3897,#4122,.T.);
#3333=EDGE_CURVE('',#3897,#3888,#682,.T.);
#3334=EDGE_CURVE('',#3898,#3886,#683,.T.);
#3335=EDGE_CURVE('',#3898,#3896,#4123,.T.);
#3336=EDGE_CURVE('',#3899,#3889,#684,.T.);
#3337=EDGE_CURVE('',#3899,#3898,#685,.T.);
#3338=EDGE_CURVE('',#3897,#3899,#4124,.T.);
#3339=EDGE_CURVE('',#3891,#3894,#4125,.T.);
#3340=EDGE_CURVE('',#3893,#3895,#4126,.T.);
#3341=EDGE_CURVE('',#3900,#3872,#686,.T.);
#3342=EDGE_CURVE('',#3900,#3901,#4127,.T.);
#3343=EDGE_CURVE('',#3901,#3874,#687,.T.);
#3344=EDGE_CURVE('',#3902,#3873,#688,.T.);
#3345=EDGE_CURVE('',#3900,#3902,#4128,.T.);
#3346=EDGE_CURVE('',#3903,#3904,#689,.T.);
#3347=EDGE_CURVE('',#3905,#3903,#690,.T.);
#3348=EDGE_CURVE('',#3905,#3906,#691,.T.);
#3349=EDGE_CURVE('',#3906,#3904,#692,.T.);
#3350=EDGE_CURVE('',#3907,#3908,#693,.T.);
#3351=EDGE_CURVE('',#3909,#3907,#694,.T.);
#3352=EDGE_CURVE('',#3909,#3910,#695,.T.);
#3353=EDGE_CURVE('',#3910,#3908,#696,.T.);
#3354=EDGE_CURVE('',#3903,#3904,#4129,.T.);
#3355=EDGE_CURVE('',#3905,#3906,#4130,.T.);
#3356=EDGE_CURVE('',#3907,#3908,#4131,.T.);
#3357=EDGE_CURVE('',#3909,#3910,#4132,.T.);
#3358=EDGE_CURVE('',#3902,#3901,#4133,.T.);
#3359=EDGE_CURVE('',#3911,#3858,#697,.T.);
#3360=EDGE_CURVE('',#3911,#3912,#698,.T.);
#3361=EDGE_CURVE('',#3912,#3860,#699,.T.);
#3362=EDGE_CURVE('',#3913,#3859,#700,.T.);
#3363=EDGE_CURVE('',#3911,#3913,#4134,.T.);
#3364=EDGE_CURVE('',#3914,#3866,#701,.T.);
#3365=EDGE_CURVE('',#3913,#3914,#702,.T.);
#3366=EDGE_CURVE('',#3915,#3865,#703,.T.);
#3367=EDGE_CURVE('',#3914,#3915,#4135,.T.);
#3368=EDGE_CURVE('',#3916,#3864,#704,.T.);
#3369=EDGE_CURVE('',#3915,#3916,#705,.T.);
#3370=EDGE_CURVE('',#3917,#3863,#706,.T.);
#3371=EDGE_CURVE('',#3916,#3917,#4136,.T.);
#3372=EDGE_CURVE('',#3918,#3862,#707,.T.);
#3373=EDGE_CURVE('',#3917,#3918,#708,.T.);
#3374=EDGE_CURVE('',#3919,#3861,#709,.T.);
#3375=EDGE_CURVE('',#3918,#3919,#710,.T.);
#3376=EDGE_CURVE('',#3919,#3912,#4137,.T.);
#3377=EDGE_CURVE('',#3920,#3877,#711,.T.);
#3378=EDGE_CURVE('',#3921,#3920,#4138,.T.);
#3379=EDGE_CURVE('',#3921,#3879,#712,.T.);
#3380=EDGE_CURVE('',#3922,#3878,#713,.T.);
#3381=EDGE_CURVE('',#3920,#3922,#714,.T.);
#3382=EDGE_CURVE('',#3923,#3885,#715,.T.);
#3383=EDGE_CURVE('',#3922,#3923,#4139,.T.);
#3384=EDGE_CURVE('',#3924,#3884,#716,.T.);
#3385=EDGE_CURVE('',#3923,#3924,#717,.T.);
#3386=EDGE_CURVE('',#3925,#3883,#718,.T.);
#3387=EDGE_CURVE('',#3924,#3925,#4140,.T.);
#3388=EDGE_CURVE('',#3926,#3882,#719,.T.);
#3389=EDGE_CURVE('',#3925,#3926,#4141,.T.);
#3390=EDGE_CURVE('',#3927,#3881,#720,.T.);
#3391=EDGE_CURVE('',#3926,#3927,#721,.T.);
#3392=EDGE_CURVE('',#3928,#3880,#722,.T.);
#3393=EDGE_CURVE('',#3927,#3928,#4142,.T.);
#3394=EDGE_CURVE('',#3928,#3921,#4143,.T.);
#3395=EDGE_CURVE('',#3929,#3868,#723,.T.);
#3396=EDGE_CURVE('',#3929,#3930,#4144,.T.);
#3397=EDGE_CURVE('',#3930,#3867,#724,.T.);
#3398=EDGE_CURVE('',#3930,#3929,#4145,.T.);
#3399=EDGE_CURVE('',#3931,#3869,#725,.T.);
#3400=EDGE_CURVE('',#3931,#3932,#4146,.T.);
#3401=EDGE_CURVE('',#3932,#3870,#726,.T.);
#3402=EDGE_CURVE('',#3931,#3932,#727,.T.);
#3403=EDGE_CURVE('',#3933,#3933,#4147,.T.);
#3404=EDGE_CURVE('',#3934,#3875,#728,.T.);
#3405=EDGE_CURVE('',#3935,#3934,#4148,.T.);
#3406=EDGE_CURVE('',#3935,#3876,#729,.T.);
#3407=EDGE_CURVE('',#3934,#3935,#4149,.T.);
#3408=EDGE_CURVE('',#3936,#3605,#730,.T.);
#3409=EDGE_CURVE('',#3488,#3936,#731,.T.);
#3410=EDGE_CURVE('',#3937,#3489,#732,.T.);
#3411=EDGE_CURVE('',#3937,#3604,#733,.T.);
#3412=EDGE_CURVE('',#3937,#3936,#734,.T.);
#3413=EDGE_CURVE('',#3462,#3938,#735,.T.);
#3414=EDGE_CURVE('',#3938,#3586,#736,.T.);
#3415=EDGE_CURVE('',#3939,#3461,#737,.T.);
#3416=EDGE_CURVE('',#3939,#3587,#738,.T.);
#3417=EDGE_CURVE('',#3939,#3938,#739,.T.);
#3418=EDGE_CURVE('',#3598,#3600,#740,.T.);
#3419=EDGE_CURVE('',#3581,#3585,#741,.T.);
#3420=EDGE_CURVE('',#3447,#3435,#742,.F.);
#3421=EDGE_CURVE('',#3438,#3453,#743,.T.);
#3422=EDGE_CURVE('',#3436,#3455,#744,.T.);
#3423=EDGE_CURVE('',#3454,#3437,#745,.F.);
#3424=VERTEX_POINT('',#7094);
#3425=VERTEX_POINT('',#7095);
#3426=VERTEX_POINT('',#7106);
#3427=VERTEX_POINT('',#7113);
#3428=VERTEX_POINT('',#7137);
#3429=VERTEX_POINT('',#7139);
#3430=VERTEX_POINT('',#7141);
#3431=VERTEX_POINT('',#7166);
#3432=VERTEX_POINT('',#7172);
#3433=VERTEX_POINT('',#7175);
#3434=VERTEX_POINT('',#7176);
#3435=VERTEX_POINT('',#7178);
#3436=VERTEX_POINT('',#7180);
#3437=VERTEX_POINT('',#7182);
#3438=VERTEX_POINT('',#7184);
#3439=VERTEX_POINT('',#7186);
#3440=VERTEX_POINT('',#7188);
#3441=VERTEX_POINT('',#7190);
#3442=VERTEX_POINT('',#7192);
#3443=VERTEX_POINT('',#7195);
#3444=VERTEX_POINT('',#7197);
#3445=VERTEX_POINT('',#7200);
#3446=VERTEX_POINT('',#7202);
#3447=VERTEX_POINT('',#7203);
#3448=VERTEX_POINT('',#7205);
#3449=VERTEX_POINT('',#7207);
#3450=VERTEX_POINT('',#7209);
#3451=VERTEX_POINT('',#7211);
#3452=VERTEX_POINT('',#7213);
#3453=VERTEX_POINT('',#7215);
#3454=VERTEX_POINT('',#7217);
#3455=VERTEX_POINT('',#7219);
#3456=VERTEX_POINT('',#7222);
#3457=VERTEX_POINT('',#7225);
#3458=VERTEX_POINT('',#7226);
#3459=VERTEX_POINT('',#7228);
#3460=VERTEX_POINT('',#7230);
#3461=VERTEX_POINT('',#7232);
#3462=VERTEX_POINT('',#7234);
#3463=VERTEX_POINT('',#7236);
#3464=VERTEX_POINT('',#7238);
#3465=VERTEX_POINT('',#7240);
#3466=VERTEX_POINT('',#7242);
#3467=VERTEX_POINT('',#7244);
#3468=VERTEX_POINT('',#7246);
#3469=VERTEX_POINT('',#7248);
#3470=VERTEX_POINT('',#7250);
#3471=VERTEX_POINT('',#7252);
#3472=VERTEX_POINT('',#7256);
#3473=VERTEX_POINT('',#7258);
#3474=VERTEX_POINT('',#7260);
#3475=VERTEX_POINT('',#7262);
#3476=VERTEX_POINT('',#7269);
#3477=VERTEX_POINT('',#7270);
#3478=VERTEX_POINT('',#7275);
#3479=VERTEX_POINT('',#7276);
#3480=VERTEX_POINT('',#7278);
#3481=VERTEX_POINT('',#7280);
#3482=VERTEX_POINT('',#7287);
#3483=VERTEX_POINT('',#7289);
#3484=VERTEX_POINT('',#7291);
#3485=VERTEX_POINT('',#7293);
#3486=VERTEX_POINT('',#7295);
#3487=VERTEX_POINT('',#7297);
#3488=VERTEX_POINT('',#7299);
#3489=VERTEX_POINT('',#7301);
#3490=VERTEX_POINT('',#7303);
#3491=VERTEX_POINT('',#7305);
#3492=VERTEX_POINT('',#7307);
#3493=VERTEX_POINT('',#7309);
#3494=VERTEX_POINT('',#7311);
#3495=VERTEX_POINT('',#7315);
#3496=VERTEX_POINT('',#7316);
#3497=VERTEX_POINT('',#7318);
#3498=VERTEX_POINT('',#7320);
#3499=VERTEX_POINT('',#7322);
#3500=VERTEX_POINT('',#7324);
#3501=VERTEX_POINT('',#7332);
#3502=VERTEX_POINT('',#7333);
#3503=VERTEX_POINT('',#7341);
#3504=VERTEX_POINT('',#7343);
#3505=VERTEX_POINT('',#7352);
#3506=VERTEX_POINT('',#7360);
#3507=VERTEX_POINT('',#7369);
#3508=VERTEX_POINT('',#7374);
#3509=VERTEX_POINT('',#7388);
#3510=VERTEX_POINT('',#7398);
#3511=VERTEX_POINT('',#7408);
#3512=VERTEX_POINT('',#7415);
#3513=VERTEX_POINT('',#7427);
#3514=VERTEX_POINT('',#7435);
#3515=VERTEX_POINT('',#7446);
#3516=VERTEX_POINT('',#7455);
#3517=VERTEX_POINT('',#7463);
#3518=VERTEX_POINT('',#7470);
#3519=VERTEX_POINT('',#7491);
#3520=VERTEX_POINT('',#7500);
#3521=VERTEX_POINT('',#7508);
#3522=VERTEX_POINT('',#7510);
#3523=VERTEX_POINT('',#7519);
#3524=VERTEX_POINT('',#7537);
#3525=VERTEX_POINT('',#7538);
#3526=VERTEX_POINT('',#7545);
#3527=VERTEX_POINT('',#7553);
#3528=VERTEX_POINT('',#7567);
#3529=VERTEX_POINT('',#7568);
#3530=VERTEX_POINT('',#7575);
#3531=VERTEX_POINT('',#7583);
#3532=VERTEX_POINT('',#7598);
#3533=VERTEX_POINT('',#7599);
#3534=VERTEX_POINT('',#7607);
#3535=VERTEX_POINT('',#7609);
#3536=VERTEX_POINT('',#7622);
#3537=VERTEX_POINT('',#7623);
#3538=VERTEX_POINT('',#7630);
#3539=VERTEX_POINT('',#7635);
#3540=VERTEX_POINT('',#7650);
#3541=VERTEX_POINT('',#7651);
#3542=VERTEX_POINT('',#7657);
#3543=VERTEX_POINT('',#7664);
#3544=VERTEX_POINT('',#7679);
#3545=VERTEX_POINT('',#7680);
#3546=VERTEX_POINT('',#7688);
#3547=VERTEX_POINT('',#7695);
#3548=VERTEX_POINT('',#7704);
#3549=VERTEX_POINT('',#7720);
#3550=VERTEX_POINT('',#7721);
#3551=VERTEX_POINT('',#7728);
#3552=VERTEX_POINT('',#7737);
#3553=VERTEX_POINT('',#7754);
#3554=VERTEX_POINT('',#7755);
#3555=VERTEX_POINT('',#7762);
#3556=VERTEX_POINT('',#7771);
#3557=VERTEX_POINT('',#7784);
#3558=VERTEX_POINT('',#7785);
#3559=VERTEX_POINT('',#7792);
#3560=VERTEX_POINT('',#7799);
#3561=VERTEX_POINT('',#7805);
#3562=VERTEX_POINT('',#7813);
#3563=VERTEX_POINT('',#7824);
#3564=VERTEX_POINT('',#7826);
#3565=VERTEX_POINT('',#7828);
#3566=VERTEX_POINT('',#7830);
#3567=VERTEX_POINT('',#7832);
#3568=VERTEX_POINT('',#7833);
#3569=VERTEX_POINT('',#7835);
#3570=VERTEX_POINT('',#7837);
#3571=VERTEX_POINT('',#7839);
#3572=VERTEX_POINT('',#7841);
#3573=VERTEX_POINT('',#7843);
#3574=VERTEX_POINT('',#7845);
#3575=VERTEX_POINT('',#7847);
#3576=VERTEX_POINT('',#7850);
#3577=VERTEX_POINT('',#7854);
#3578=VERTEX_POINT('',#7855);
#3579=VERTEX_POINT('',#7868);
#3580=VERTEX_POINT('',#7870);
#3581=VERTEX_POINT('',#7874);
#3582=VERTEX_POINT('',#7876);
#3583=VERTEX_POINT('',#7879);
#3584=VERTEX_POINT('',#7883);
#3585=VERTEX_POINT('',#7884);
#3586=VERTEX_POINT('',#7887);
#3587=VERTEX_POINT('',#7889);
#3588=VERTEX_POINT('',#7892);
#3589=VERTEX_POINT('',#7894);
#3590=VERTEX_POINT('',#7897);
#3591=VERTEX_POINT('',#7899);
#3592=VERTEX_POINT('',#7901);
#3593=VERTEX_POINT('',#7903);
#3594=VERTEX_POINT('',#7905);
#3595=VERTEX_POINT('',#7907);
#3596=VERTEX_POINT('',#7909);
#3597=VERTEX_POINT('',#7912);
#3598=VERTEX_POINT('',#7913);
#3599=VERTEX_POINT('',#7916);
#3600=VERTEX_POINT('',#7921);
#3601=VERTEX_POINT('',#7923);
#3602=VERTEX_POINT('',#7925);
#3603=VERTEX_POINT('',#7927);
#3604=VERTEX_POINT('',#7930);
#3605=VERTEX_POINT('',#7932);
#3606=VERTEX_POINT('',#7936);
#3607=VERTEX_POINT('',#7938);
#3608=VERTEX_POINT('',#7941);
#3609=VERTEX_POINT('',#7943);
#3610=VERTEX_POINT('',#7946);
#3611=VERTEX_POINT('',#7948);
#3612=VERTEX_POINT('',#7951);
#3613=VERTEX_POINT('',#7953);
#3614=VERTEX_POINT('',#7956);
#3615=VERTEX_POINT('',#7958);
#3616=VERTEX_POINT('',#7961);
#3617=VERTEX_POINT('',#7963);
#3618=VERTEX_POINT('',#7966);
#3619=VERTEX_POINT('',#7971);
#3620=VERTEX_POINT('',#7974);
#3621=VERTEX_POINT('',#7978);
#3622=VERTEX_POINT('',#7980);
#3623=VERTEX_POINT('',#7982);
#3624=VERTEX_POINT('',#7984);
#3625=VERTEX_POINT('',#7986);
#3626=VERTEX_POINT('',#7988);
#3627=VERTEX_POINT('',#7990);
#3628=VERTEX_POINT('',#7997);
#3629=VERTEX_POINT('',#8018);
#3630=VERTEX_POINT('',#8024);
#3631=VERTEX_POINT('',#8030);
#3632=VERTEX_POINT('',#8034);
#3633=VERTEX_POINT('',#8038);
#3634=VERTEX_POINT('',#8042);
#3635=VERTEX_POINT('',#8046);
#3636=VERTEX_POINT('',#8052);
#3637=VERTEX_POINT('',#8059);
#3638=VERTEX_POINT('',#8063);
#3639=VERTEX_POINT('',#8077);
#3640=VERTEX_POINT('',#8078);
#3641=VERTEX_POINT('',#8080);
#3642=VERTEX_POINT('',#8082);
#3643=VERTEX_POINT('',#8099);
#3644=VERTEX_POINT('',#8101);
#3645=VERTEX_POINT('',#8111);
#3646=VERTEX_POINT('',#8113);
#3647=VERTEX_POINT('',#8138);
#3648=VERTEX_POINT('',#8190);
#3649=VERTEX_POINT('',#8213);
#3650=VERTEX_POINT('',#8239);
#3651=VERTEX_POINT('',#8241);
#3652=VERTEX_POINT('',#8263);
#3653=VERTEX_POINT('',#8265);
#3654=VERTEX_POINT('',#8294);
#3655=VERTEX_POINT('',#8296);
#3656=VERTEX_POINT('',#8308);
#3657=VERTEX_POINT('',#8310);
#3658=VERTEX_POINT('',#8327);
#3659=VERTEX_POINT('',#8328);
#3660=VERTEX_POINT('',#8330);
#3661=VERTEX_POINT('',#8336);
#3662=VERTEX_POINT('',#8519);
#3663=VERTEX_POINT('',#8521);
#3664=VERTEX_POINT('',#8523);
#3665=VERTEX_POINT('',#8525);
#3666=VERTEX_POINT('',#8527);
#3667=VERTEX_POINT('',#8530);
#3668=VERTEX_POINT('',#8534);
#3669=VERTEX_POINT('',#8535);
#3670=VERTEX_POINT('',#8537);
#3671=VERTEX_POINT('',#8539);
#3672=VERTEX_POINT('',#8543);
#3673=VERTEX_POINT('',#8544);
#3674=VERTEX_POINT('',#8546);
#3675=VERTEX_POINT('',#8548);
#3676=VERTEX_POINT('',#8565);
#3677=VERTEX_POINT('',#8567);
#3678=VERTEX_POINT('',#8577);
#3679=VERTEX_POINT('',#8579);
#3680=VERTEX_POINT('',#8594);
#3681=VERTEX_POINT('',#8596);
#3682=VERTEX_POINT('',#8606);
#3683=VERTEX_POINT('',#8608);
#3684=VERTEX_POINT('',#8631);
#3685=VERTEX_POINT('',#8633);
#3686=VERTEX_POINT('',#8645);
#3687=VERTEX_POINT('',#8647);
#3688=VERTEX_POINT('',#8678);
#3689=VERTEX_POINT('',#8706);
#3690=VERTEX_POINT('',#8708);
#3691=VERTEX_POINT('',#8717);
#3692=VERTEX_POINT('',#8719);
#3693=VERTEX_POINT('',#8736);
#3694=VERTEX_POINT('',#8738);
#3695=VERTEX_POINT('',#8748);
#3696=VERTEX_POINT('',#8750);
#3697=VERTEX_POINT('',#8767);
#3698=VERTEX_POINT('',#8769);
#3699=VERTEX_POINT('',#8791);
#3700=VERTEX_POINT('',#8793);
#3701=VERTEX_POINT('',#8808);
#3702=VERTEX_POINT('',#8830);
#3703=VERTEX_POINT('',#8867);
#3704=VERTEX_POINT('',#8869);
#3705=VERTEX_POINT('',#8878);
#3706=VERTEX_POINT('',#8880);
#3707=VERTEX_POINT('',#8882);
#3708=VERTEX_POINT('',#8884);
#3709=VERTEX_POINT('',#8886);
#3710=VERTEX_POINT('',#8910);
#3711=VERTEX_POINT('',#8912);
#3712=VERTEX_POINT('',#8921);
#3713=VERTEX_POINT('',#8925);
#3714=VERTEX_POINT('',#8927);
#3715=VERTEX_POINT('',#8940);
#3716=VERTEX_POINT('',#8942);
#3717=VERTEX_POINT('',#8952);
#3718=VERTEX_POINT('',#8954);
#3719=VERTEX_POINT('',#8971);
#3720=VERTEX_POINT('',#8973);
#3721=VERTEX_POINT('',#8994);
#3722=VERTEX_POINT('',#8996);
#3723=VERTEX_POINT('',#9017);
#3724=VERTEX_POINT('',#9019);
#3725=VERTEX_POINT('',#9040);
#3726=VERTEX_POINT('',#9042);
#3727=VERTEX_POINT('',#9071);
#3728=VERTEX_POINT('',#9116);
#3729=VERTEX_POINT('',#9118);
#3730=VERTEX_POINT('',#9131);
#3731=VERTEX_POINT('',#9133);
#3732=VERTEX_POINT('',#9146);
#3733=VERTEX_POINT('',#9148);
#3734=VERTEX_POINT('',#9157);
#3735=VERTEX_POINT('',#9159);
#3736=VERTEX_POINT('',#9170);
#3737=VERTEX_POINT('',#9172);
#3738=VERTEX_POINT('',#9182);
#3739=VERTEX_POINT('',#9184);
#3740=VERTEX_POINT('',#9197);
#3741=VERTEX_POINT('',#9199);
#3742=VERTEX_POINT('',#9209);
#3743=VERTEX_POINT('',#9211);
#3744=VERTEX_POINT('',#9241);
#3745=VERTEX_POINT('',#9243);
#3746=VERTEX_POINT('',#9245);
#3747=VERTEX_POINT('',#9247);
#3748=VERTEX_POINT('',#9249);
#3749=VERTEX_POINT('',#9252);
#3750=VERTEX_POINT('',#9256);
#3751=VERTEX_POINT('',#9260);
#3752=VERTEX_POINT('',#9264);
#3753=VERTEX_POINT('',#9268);
#3754=VERTEX_POINT('',#9272);
#3755=VERTEX_POINT('',#9276);
#3756=VERTEX_POINT('',#9353);
#3757=VERTEX_POINT('',#9374);
#3758=VERTEX_POINT('',#9389);
#3759=VERTEX_POINT('',#9391);
#3760=VERTEX_POINT('',#9400);
#3761=VERTEX_POINT('',#9402);
#3762=VERTEX_POINT('',#9415);
#3763=VERTEX_POINT('',#9433);
#3764=VERTEX_POINT('',#9435);
#3765=VERTEX_POINT('',#9445);
#3766=VERTEX_POINT('',#9447);
#3767=VERTEX_POINT('',#9464);
#3768=VERTEX_POINT('',#9466);
#3769=VERTEX_POINT('',#9477);
#3770=VERTEX_POINT('',#9479);
#3771=VERTEX_POINT('',#9496);
#3772=VERTEX_POINT('',#9498);
#3773=VERTEX_POINT('',#9508);
#3774=VERTEX_POINT('',#9510);
#3775=VERTEX_POINT('',#9545);
#3776=VERTEX_POINT('',#9547);
#3777=VERTEX_POINT('',#9549);
#3778=VERTEX_POINT('',#9551);
#3779=VERTEX_POINT('',#9553);
#3780=VERTEX_POINT('',#9556);
#3781=VERTEX_POINT('',#9560);
#3782=VERTEX_POINT('',#9564);
#3783=VERTEX_POINT('',#9568);
#3784=VERTEX_POINT('',#9572);
#3785=VERTEX_POINT('',#9576);
#3786=VERTEX_POINT('',#9580);
#3787=VERTEX_POINT('',#9584);
#3788=VERTEX_POINT('',#9585);
#3789=VERTEX_POINT('',#9587);
#3790=VERTEX_POINT('',#9589);
#3791=VERTEX_POINT('',#9597);
#3792=VERTEX_POINT('',#9599);
#3793=VERTEX_POINT('',#9601);
#3794=VERTEX_POINT('',#9603);
#3795=VERTEX_POINT('',#9605);
#3796=VERTEX_POINT('',#9620);
#3797=VERTEX_POINT('',#9621);
#3798=VERTEX_POINT('',#9623);
#3799=VERTEX_POINT('',#9629);
#3800=VERTEX_POINT('',#9640);
#3801=VERTEX_POINT('',#9643);
#3802=VERTEX_POINT('',#9644);
#3803=VERTEX_POINT('',#9646);
#3804=VERTEX_POINT('',#9648);
#3805=VERTEX_POINT('',#9650);
#3806=VERTEX_POINT('',#9652);
#3807=VERTEX_POINT('',#9654);
#3808=VERTEX_POINT('',#9656);
#3809=VERTEX_POINT('',#9658);
#3810=VERTEX_POINT('',#9660);
#3811=VERTEX_POINT('',#9672);
#3812=VERTEX_POINT('',#9673);
#3813=VERTEX_POINT('',#9675);
#3814=VERTEX_POINT('',#9685);
#3815=VERTEX_POINT('',#9692);
#3816=VERTEX_POINT('',#9696);
#3817=VERTEX_POINT('',#9700);
#3818=VERTEX_POINT('',#9704);
#3819=VERTEX_POINT('',#9743);
#3820=VERTEX_POINT('',#9754);
#3821=VERTEX_POINT('',#9765);
#3822=VERTEX_POINT('',#9801);
#3823=VERTEX_POINT('',#9816);
#3824=VERTEX_POINT('',#9818);
#3825=VERTEX_POINT('',#9822);
#3826=VERTEX_POINT('',#9826);
#3827=VERTEX_POINT('',#9830);
#3828=VERTEX_POINT('',#9834);
#3829=VERTEX_POINT('',#9838);
#3830=VERTEX_POINT('',#9842);
#3831=VERTEX_POINT('',#9846);
#3832=VERTEX_POINT('',#9850);
#3833=VERTEX_POINT('',#9888);
#3834=VERTEX_POINT('',#9898);
#3835=VERTEX_POINT('',#9902);
#3836=VERTEX_POINT('',#9939);
#3837=VERTEX_POINT('',#9959);
#3838=VERTEX_POINT('',#9970);
#3839=VERTEX_POINT('',#9972);
#3840=VERTEX_POINT('',#9983);
#3841=VERTEX_POINT('',#9991);
#3842=VERTEX_POINT('',#9995);
#3843=VERTEX_POINT('',#9999);
#3844=VERTEX_POINT('',#10003);
#3845=VERTEX_POINT('',#10016);
#3846=VERTEX_POINT('',#10026);
#3847=VERTEX_POINT('',#10059);
#3848=VERTEX_POINT('',#10596);
#3849=VERTEX_POINT('',#10637);
#3850=VERTEX_POINT('',#10652);
#3851=VERTEX_POINT('',#10656);
#3852=VERTEX_POINT('',#10669);
#3853=VERTEX_POINT('',#10724);
#3854=VERTEX_POINT('',#10751);
#3855=VERTEX_POINT('',#10755);
#3856=VERTEX_POINT('',#10804);
#3857=VERTEX_POINT('',#10845);
#3858=VERTEX_POINT('',#10915);
#3859=VERTEX_POINT('',#10916);
#3860=VERTEX_POINT('',#10918);
#3861=VERTEX_POINT('',#10926);
#3862=VERTEX_POINT('',#10928);
#3863=VERTEX_POINT('',#10930);
#3864=VERTEX_POINT('',#10945);
#3865=VERTEX_POINT('',#10947);
#3866=VERTEX_POINT('',#10961);
#3867=VERTEX_POINT('',#10992);
#3868=VERTEX_POINT('',#10993);
#3869=VERTEX_POINT('',#11020);
#3870=VERTEX_POINT('',#11021);
#3871=VERTEX_POINT('',#11091);
#3872=VERTEX_POINT('',#11099);
#3873=VERTEX_POINT('',#11100);
#3874=VERTEX_POINT('',#11114);
#3875=VERTEX_POINT('',#11152);
#3876=VERTEX_POINT('',#11153);
#3877=VERTEX_POINT('',#11167);
#3878=VERTEX_POINT('',#11168);
#3879=VERTEX_POINT('',#11176);
#3880=VERTEX_POINT('',#11189);
#3881=VERTEX_POINT('',#11199);
#3882=VERTEX_POINT('',#11201);
#3883=VERTEX_POINT('',#11222);
#3884=VERTEX_POINT('',#11232);
#3885=VERTEX_POINT('',#11234);
#3886=VERTEX_POINT('',#11255);
#3887=VERTEX_POINT('',#11256);
#3888=VERTEX_POINT('',#11278);
#3889=VERTEX_POINT('',#11294);
#3890=VERTEX_POINT('',#11298);
#3891=VERTEX_POINT('',#11299);
#3892=VERTEX_POINT('',#11301);
#3893=VERTEX_POINT('',#11303);
#3894=VERTEX_POINT('',#11307);
#3895=VERTEX_POINT('',#11309);
#3896=VERTEX_POINT('',#11360);
#3897=VERTEX_POINT('',#11382);
#3898=VERTEX_POINT('',#11405);
#3899=VERTEX_POINT('',#11419);
#3900=VERTEX_POINT('',#11536);
#3901=VERTEX_POINT('',#11550);
#3902=VERTEX_POINT('',#11567);
#3903=VERTEX_POINT('',#11577);
#3904=VERTEX_POINT('',#11578);
#3905=VERTEX_POINT('',#11580);
#3906=VERTEX_POINT('',#11582);
#3907=VERTEX_POINT('',#11586);
#3908=VERTEX_POINT('',#11587);
#3909=VERTEX_POINT('',#11589);
#3910=VERTEX_POINT('',#11591);
#3911=VERTEX_POINT('',#11721);
#3912=VERTEX_POINT('',#11723);
#3913=VERTEX_POINT('',#11770);
#3914=VERTEX_POINT('',#11793);
#3915=VERTEX_POINT('',#11822);
#3916=VERTEX_POINT('',#11838);
#3917=VERTEX_POINT('',#11869);
#3918=VERTEX_POINT('',#11886);
#3919=VERTEX_POINT('',#11890);
#3920=VERTEX_POINT('',#11929);
#3921=VERTEX_POINT('',#11937);
#3922=VERTEX_POINT('',#11941);
#3923=VERTEX_POINT('',#11962);
#3924=VERTEX_POINT('',#11974);
#3925=VERTEX_POINT('',#11997);
#3926=VERTEX_POINT('',#12056);
#3927=VERTEX_POINT('',#12079);
#3928=VERTEX_POINT('',#12100);
#3929=VERTEX_POINT('',#12198);
#3930=VERTEX_POINT('',#12224);
#3931=VERTEX_POINT('',#12417);
#3932=VERTEX_POINT('',#12457);
#3933=VERTEX_POINT('',#12552);
#3934=VERTEX_POINT('',#12579);
#3935=VERTEX_POINT('',#12592);
#3936=VERTEX_POINT('',#12690);
#3937=VERTEX_POINT('',#12694);
#3938=VERTEX_POINT('',#12701);
#3939=VERTEX_POINT('',#12705);
#3940=B_SPLINE_CURVE_WITH_KNOTS('',3,(#7080,#7081,#7082,#7083,#7084,#7085,
#7086,#7087,#7088,#7089,#7090,#7091,#7092,#7093),.UNSPECIFIED.,.F.,.F.,
(4,1,1,1,1,1,1,1,1,1,1,4),(0.,0.0861618792742387,0.158329174194993,0.256432565046165,
0.41347807968717,0.597298697676443,0.781964701135028,0.875011865004506,
0.912633293665582,0.948403974685355,0.976544486043996,1.),.UNSPECIFIED.);
#3941=B_SPLINE_CURVE_WITH_KNOTS('',3,(#7096,#7097,#7098,#7099,#7100,#7101,
#7102,#7103,#7104,#7105),.UNSPECIFIED.,.F.,.F.,(4,1,1,1,1,1,1,4),(0.,0.0591258891849158,
0.155770228063934,0.321817113747803,0.438538096834036,0.622921925035492,
0.798859291917578,1.),.UNSPECIFIED.);
#3942=B_SPLINE_CURVE_WITH_KNOTS('',3,(#7107,#7108,#7109,#7110,#7111,#7112),
 .UNSPECIFIED.,.F.,.F.,(4,1,1,4),(0.,0.220367336255928,0.601543772609792,
1.),.UNSPECIFIED.);
#3943=B_SPLINE_CURVE_WITH_KNOTS('',3,(#7114,#7115,#7116,#7117,#7118,#7119,
#7120,#7121,#7122,#7123,#7124,#7125,#7126,#7127,#7128,#7129,#7130,#7131,
#7132,#7133,#7134,#7135,#7136),.UNSPECIFIED.,.F.,.F.,(4,1,1,1,1,1,1,1,1,
1,1,1,1,1,1,1,1,1,1,1,4),(0.,0.029149283532886,0.0640446628816591,0.0990903685482591,
0.149388356105874,0.207513573326397,0.271217430043298,0.31588971916969,
0.361375311091117,0.407873623275354,0.451187906321832,0.499310777562677,
0.565421913922424,0.638912237907163,0.708337029016564,0.778772400943018,
0.856782632366193,0.873435681920859,0.890693440645447,0.918431535046504,
1.),.UNSPECIFIED.);
#3944=B_SPLINE_CURVE_WITH_KNOTS('',3,(#7142,#7143,#7144,#7145,#7146,#7147,
#7148,#7149,#7150,#7151,#7152,#7153,#7154,#7155,#7156,#7157,#7158,#7159,
#7160,#7161,#7162,#7163,#7164,#7165),.UNSPECIFIED.,.F.,.F.,(4,1,1,1,1,1,
1,1,1,1,1,1,1,1,1,1,1,1,1,1,1,4),(0.,0.00569824785832407,0.0134055451237036,
0.0231909502676999,0.0394445155881212,0.0827146845047384,0.149925690521508,
0.231065181297179,0.282549624575812,0.330075462881088,0.393039789312275,
0.477792927421947,0.562168428050544,0.648733119300792,0.716203613352947,
0.774329963255071,0.822347742429149,0.859959258709847,0.890046867310446,
0.910971567335084,0.951119150567934,1.),.UNSPECIFIED.);
#3945=B_SPLINE_CURVE_WITH_KNOTS('',3,(#7167,#7168,#7169,#7170,#7171),
 .UNSPECIFIED.,.F.,.F.,(4,1,4),(0.,0.319952976251518,1.),.UNSPECIFIED.);
#3946=B_SPLINE_CURVE_WITH_KNOTS('',3,(#7326,#7327,#7328,#7329,#7330,#7331),
 .UNSPECIFIED.,.F.,.F.,(4,1,1,4),(0.536764555623555,0.567478108895594,0.838842930365332,
0.876776118118359),.UNSPECIFIED.);
#3947=B_SPLINE_CURVE_WITH_KNOTS('',3,(#7334,#7335,#7336,#7337,#7338,#7339,
#7340),.UNSPECIFIED.,.F.,.F.,(4,1,1,1,4),(0.,0.28486088597984,0.641624563413193,
0.828834336343511,0.999454643433002),.UNSPECIFIED.);
#3948=B_SPLINE_CURVE_WITH_KNOTS('',3,(#7344,#7345,#7346,#7347,#7348,#7349,
#7350,#7351),.UNSPECIFIED.,.F.,.F.,(4,1,1,1,1,4),(0.,0.0915248106858478,
0.293837760780255,0.527843018518348,0.786082445012957,1.),.UNSPECIFIED.);
#3949=B_SPLINE_CURVE_WITH_KNOTS('',3,(#7353,#7354,#7355,#7356,#7357,#7358,
#7359),.UNSPECIFIED.,.F.,.F.,(4,1,1,1,4),(0.00200428188074773,0.0860411990110478,
0.17646397209036,0.277630527020679,0.398378662619401),.UNSPECIFIED.);
#3950=B_SPLINE_CURVE_WITH_KNOTS('',3,(#7361,#7362,#7363,#7364,#7365,#7366,
#7367,#7368),.UNSPECIFIED.,.F.,.F.,(4,1,1,1,1,4),(0.,0.0348482283041062,
0.0731102857822868,0.119079748034648,0.161913126690053,0.182952931183601),
 .UNSPECIFIED.);
#3951=B_SPLINE_CURVE_WITH_KNOTS('',3,(#7370,#7371,#7372,#7373),
 .UNSPECIFIED.,.F.,.F.,(4,4),(0.911424903016945,1.),
 .PIECEWISE_BEZIER_KNOTS.);
#3952=B_SPLINE_CURVE_WITH_KNOTS('',3,(#7375,#7376,#7377,#7378,#7379,#7380,
#7381,#7382,#7383,#7384,#7385,#7386,#7387),.UNSPECIFIED.,.F.,.F.,(4,1,1,
1,1,1,1,1,1,1,4),(0.,0.0496237898224337,0.114261357068281,0.186734985063783,
0.289090203309708,0.423208897012105,0.506274203670107,0.584883172247564,
0.690350503454409,0.815726750535417,0.911424903016945),.UNSPECIFIED.);
#3953=B_SPLINE_CURVE_WITH_KNOTS('',3,(#7389,#7390,#7391,#7392,#7393,#7394,
#7395,#7396,#7397),.UNSPECIFIED.,.F.,.F.,(4,1,1,1,1,1,4),(0.782387740392522,
0.785310945675727,0.827786152365892,0.879712073771242,0.921624694095247,
0.945004318010202,1.),.UNSPECIFIED.);
#3954=B_SPLINE_CURVE_WITH_KNOTS('',3,(#7399,#7400,#7401,#7402,#7403,#7404,
#7405,#7406,#7407),.UNSPECIFIED.,.F.,.F.,(4,1,1,1,1,1,4),(0.00168540887958625,
0.045577699032924,0.102712288431179,0.178418572974447,0.243022350195208,
0.288392216676889,0.320265738342423),.UNSPECIFIED.);
#3955=B_SPLINE_CURVE_WITH_KNOTS('',3,(#7409,#7410,#7411,#7412,#7413,#7414),
 .UNSPECIFIED.,.F.,.F.,(4,1,1,4),(0.776182116737009,0.874569339695663,0.957840352398199,
0.9963024755551),.UNSPECIFIED.);
#3956=B_SPLINE_CURVE_WITH_KNOTS('',3,(#7416,#7417,#7418,#7419,#7420,#7421,
#7422,#7423,#7424,#7425,#7426),.UNSPECIFIED.,.F.,.F.,(4,1,1,1,1,1,1,1,4),
(0.00243275150250663,0.013552584564076,0.0417743866875055,0.0900278151447518,
0.122300130048506,0.156897005136655,0.203362541642237,0.250934547123675,
0.261605439970747),.UNSPECIFIED.);
#3957=B_SPLINE_CURVE_WITH_KNOTS('',3,(#7428,#7429,#7430,#7431,#7432,#7433,
#7434),.UNSPECIFIED.,.F.,.F.,(4,1,1,1,4),(0.387389557220472,0.399679236984095,
0.534662306194211,0.664027733092569,0.686490753299716),.UNSPECIFIED.);
#3958=B_SPLINE_CURVE_WITH_KNOTS('',3,(#7436,#7437,#7438,#7439,#7440,#7441,
#7442,#7443,#7444,#7445),.UNSPECIFIED.,.F.,.F.,(4,1,1,1,1,1,1,4),(0.68346863872179,
0.733295210445503,0.780381562708512,0.829731052871541,0.865892179717097,
0.910164816190891,0.941587775950956,1.),.UNSPECIFIED.);
#3959=B_SPLINE_CURVE_WITH_KNOTS('',3,(#7447,#7448,#7449,#7450,#7451,#7452,
#7453,#7454),.UNSPECIFIED.,.F.,.F.,(4,1,1,1,1,4),(0.,0.0293310351825295,
0.0635281002599383,0.0898188433040796,0.134633984945803,0.145270625745788),
 .UNSPECIFIED.);
#3960=B_SPLINE_CURVE_WITH_KNOTS('',3,(#7456,#7457,#7458,#7459,#7460,#7461,
#7462),.UNSPECIFIED.,.F.,.F.,(4,1,1,1,4),(0.760994882175006,0.776778649245241,
0.875587500578878,0.954094210777582,1.),.UNSPECIFIED.);
#3961=B_SPLINE_CURVE_WITH_KNOTS('',3,(#7464,#7465,#7466,#7467,#7468,#7469),
 .UNSPECIFIED.,.F.,.F.,(4,1,1,4),(0.,0.31656482104852,0.604877778638668,
0.704175764466084),.UNSPECIFIED.);
#3962=B_SPLINE_CURVE_WITH_KNOTS('',3,(#7471,#7472,#7473,#7474,#7475,#7476,
#7477,#7478,#7479,#7480,#7481,#7482,#7483,#7484,#7485,#7486,#7487,#7488,
#7489,#7490),.UNSPECIFIED.,.F.,.F.,(4,1,1,1,1,1,1,1,1,1,1,1,1,1,1,1,1,4),
(0.,0.0640865410917574,0.104534690068721,0.167101291108268,0.236495201660582,
0.289800297711601,0.350303391237711,0.412856948064644,0.475493379897318,
0.534117680081508,0.604637702447519,0.6697395300218,0.748410687919445,0.813312166214309,
0.864232166372301,0.914370185021626,0.962018491425915,1.),.UNSPECIFIED.);
#3963=B_SPLINE_CURVE_WITH_KNOTS('',3,(#7492,#7493,#7494,#7495,#7496,#7497,
#7498,#7499),.UNSPECIFIED.,.F.,.F.,(4,1,1,1,1,4),(0.755961601886672,0.849236243602192,
0.900458851939189,0.930743184618498,0.965914502695391,1.),.UNSPECIFIED.);
#3964=B_SPLINE_CURVE_WITH_KNOTS('',3,(#7501,#7502,#7503,#7504,#7505,#7506,
#7507),.UNSPECIFIED.,.F.,.F.,(4,1,1,1,4),(0.,0.276902198047921,0.567173527207592,
0.823107648650046,1.),.UNSPECIFIED.);
#3965=B_SPLINE_CURVE_WITH_KNOTS('',3,(#7511,#7512,#7513,#7514,#7515,#7516,
#7517,#7518),.UNSPECIFIED.,.F.,.F.,(4,1,1,1,1,4),(0.778561491469759,0.785939675381696,
0.86440506105404,0.906293866239606,0.95466582807757,1.),.UNSPECIFIED.);
#3966=B_SPLINE_CURVE_WITH_KNOTS('',3,(#7520,#7521,#7522,#7523,#7524,#7525,
#7526,#7527,#7528),.UNSPECIFIED.,.F.,.F.,(4,1,1,1,1,1,4),(0.,0.0235766987189956,
0.0592464888006503,0.104089321434268,0.143890996796708,0.191039405204996,
0.193082437941599),.UNSPECIFIED.);
#3967=B_SPLINE_CURVE_WITH_KNOTS('',3,(#7530,#7531,#7532,#7533,#7534,#7535,
#7536),.UNSPECIFIED.,.F.,.F.,(4,1,1,1,4),(0.372339554062453,0.39443802334071,
0.514256621456887,0.650763651835745,0.711516302306228),.UNSPECIFIED.);
#3968=B_SPLINE_CURVE_WITH_KNOTS('',3,(#7539,#7540,#7541,#7542,#7543,#7544),
 .UNSPECIFIED.,.F.,.F.,(4,1,1,4),(0.391421284341653,0.405157105138195,0.495630367495686,
0.51340294848309),.UNSPECIFIED.);
#3969=B_SPLINE_CURVE_WITH_KNOTS('',3,(#7546,#7547,#7548,#7549,#7550,#7551,
#7552),.UNSPECIFIED.,.F.,.F.,(4,1,1,1,4),(0.337922708544581,0.37933202478543,
0.524242353800824,0.647269198060553,0.668276280558917),.UNSPECIFIED.);
#3970=B_SPLINE_CURVE_WITH_KNOTS('',3,(#7554,#7555,#7556,#7557,#7558,#7559),
 .UNSPECIFIED.,.F.,.F.,(4,1,1,4),(0.546473282540404,0.604268880469983,0.683573929809904,
0.691868911908167),.UNSPECIFIED.);
#3971=B_SPLINE_CURVE_WITH_KNOTS('',3,(#7561,#7562,#7563,#7564,#7565,#7566),
 .UNSPECIFIED.,.F.,.F.,(4,1,1,4),(0.3531454439011,0.374499647887189,0.542375890839891,
0.642405337089466),.UNSPECIFIED.);
#3972=B_SPLINE_CURVE_WITH_KNOTS('',3,(#7569,#7570,#7571,#7572,#7573,#7574),
 .UNSPECIFIED.,.F.,.F.,(4,1,1,4),(0.720222062122377,0.751860763889887,0.837537040562377,
0.842658968680579),.UNSPECIFIED.);
#3973=B_SPLINE_CURVE_WITH_KNOTS('',3,(#7576,#7577,#7578,#7579,#7580,#7581,
#7582),.UNSPECIFIED.,.F.,.F.,(4,1,1,1,4),(0.409810520194716,0.433200924104112,
0.61093380390458,0.731225994419751,0.731536381428166),.UNSPECIFIED.);
#3974=B_SPLINE_CURVE_WITH_KNOTS('',3,(#7584,#7585,#7586,#7587,#7588,#7589),
 .UNSPECIFIED.,.F.,.F.,(4,1,1,4),(0.23291511299113,0.254223031572498,0.327084354751342,
0.365818549059863),.UNSPECIFIED.);
#3975=B_SPLINE_CURVE_WITH_KNOTS('',3,(#7591,#7592,#7593,#7594,#7595,#7596,
#7597),.UNSPECIFIED.,.F.,.F.,(4,1,1,1,4),(0.,0.0642185367147375,0.1570095774578,
0.233040460337755,0.267638426883885),.UNSPECIFIED.);
#3976=B_SPLINE_CURVE_WITH_KNOTS('',3,(#7600,#7601,#7602,#7603,#7604,#7605,
#7606),.UNSPECIFIED.,.F.,.F.,(4,1,1,1,4),(0.432912644191774,0.447577510636002,
0.515007599005836,0.574461457318487,0.597807031660723),.UNSPECIFIED.);
#3977=B_SPLINE_CURVE_WITH_KNOTS('',3,(#7610,#7611,#7612,#7613,#7614,#7615,
#7616),.UNSPECIFIED.,.F.,.F.,(4,1,1,1,4),(0.145173969055288,0.187096082701078,
0.28636888297114,0.39244754813896,0.454286720010049),.UNSPECIFIED.);
#3978=B_SPLINE_CURVE_WITH_KNOTS('',3,(#7618,#7619,#7620,#7621),
 .UNSPECIFIED.,.F.,.F.,(4,4),(0.866490664014014,1.),
 .PIECEWISE_BEZIER_KNOTS.);
#3979=B_SPLINE_CURVE_WITH_KNOTS('',3,(#7624,#7625,#7626,#7627,#7628,#7629),
 .UNSPECIFIED.,.F.,.F.,(4,1,1,4),(0.493501359422944,0.519879561060457,0.6335285773229,
0.731523412614285),.UNSPECIFIED.);
#3980=B_SPLINE_CURVE_WITH_KNOTS('',3,(#7631,#7632,#7633,#7634),
 .UNSPECIFIED.,.F.,.F.,(4,4),(0.836148188462405,0.998529184239335),
 .PIECEWISE_BEZIER_KNOTS.);
#3981=B_SPLINE_CURVE_WITH_KNOTS('',3,(#7636,#7637,#7638,#7639,#7640,#7641),
 .UNSPECIFIED.,.F.,.F.,(4,1,1,4),(0.620197631869063,0.650657319179867,0.719620042453945,
0.750807150107803),.UNSPECIFIED.);
#3982=B_SPLINE_CURVE_WITH_KNOTS('',3,(#7643,#7644,#7645,#7646,#7647,#7648,
#7649),.UNSPECIFIED.,.F.,.F.,(4,1,1,1,4),(0.439092368751961,0.471023382559946,
0.633009664514603,0.794783947853826,0.797007517151994),.UNSPECIFIED.);
#3983=B_SPLINE_CURVE_WITH_KNOTS('',3,(#7652,#7653,#7654,#7655,#7656),
 .UNSPECIFIED.,.F.,.F.,(4,1,4),(0.538502002781292,0.575925890879793,0.656816417734059),
 .UNSPECIFIED.);
#3984=B_SPLINE_CURVE_WITH_KNOTS('',3,(#7658,#7659,#7660,#7661,#7662,#7663),
 .UNSPECIFIED.,.F.,.F.,(4,1,1,4),(0.390342411986429,0.448687222457356,0.614754950867998,
0.768424044646341),.UNSPECIFIED.);
#3985=B_SPLINE_CURVE_WITH_KNOTS('',3,(#7665,#7666,#7667,#7668,#7669,#7670,
#7671,#7672),.UNSPECIFIED.,.F.,.F.,(4,1,1,1,1,4),(0.307223055720021,0.333759301184723,
0.377237006061034,0.427639987070136,0.473767454526404,0.518998738994453),
 .UNSPECIFIED.);
#3986=B_SPLINE_CURVE_WITH_KNOTS('',3,(#7674,#7675,#7676,#7677,#7678),
 .UNSPECIFIED.,.F.,.F.,(4,1,4),(0.,0.51949133038891,1.),.UNSPECIFIED.);
#3987=B_SPLINE_CURVE_WITH_KNOTS('',3,(#7681,#7682,#7683,#7684,#7685,#7686,
#7687),.UNSPECIFIED.,.F.,.F.,(4,1,1,1,4),(0.,0.0690700409060196,0.141603520171563,
0.287390411879336,0.303320276074354),.UNSPECIFIED.);
#3988=B_SPLINE_CURVE_WITH_KNOTS('',3,(#7689,#7690,#7691,#7692,#7693,#7694),
 .UNSPECIFIED.,.F.,.F.,(4,1,1,4),(0.202409745932226,0.232395637799999,0.308825519954526,
0.348905542706787),.UNSPECIFIED.);
#3989=B_SPLINE_CURVE_WITH_KNOTS('',3,(#7696,#7697,#7698,#7699,#7700,#7701,
#7702,#7703),.UNSPECIFIED.,.F.,.F.,(4,1,1,1,1,4),(0.,0.0647287514591939,
0.141715368913949,0.252180977568827,0.338479718565683,0.345524338868547),
 .UNSPECIFIED.);
#3990=B_SPLINE_CURVE_WITH_KNOTS('',3,(#7705,#7706,#7707,#7708,#7709,#7710,
#7711),.UNSPECIFIED.,.F.,.F.,(4,1,1,1,4),(0.,0.0452365355936281,0.0950048939597755,
0.148991899948086,0.195395750649926),.UNSPECIFIED.);
#3991=B_SPLINE_CURVE_WITH_KNOTS('',3,(#7713,#7714,#7715,#7716,#7717,#7718,
#7719),.UNSPECIFIED.,.F.,.F.,(4,1,1,1,4),(0.734612289629751,0.787390880178073,
0.89014917607554,0.961325844274194,1.),.UNSPECIFIED.);
#3992=B_SPLINE_CURVE_WITH_KNOTS('',3,(#7722,#7723,#7724,#7725,#7726,#7727),
 .UNSPECIFIED.,.F.,.F.,(4,1,1,4),(0.384953845831596,0.442054264640673,0.516732738187259,
0.549938944443472),.UNSPECIFIED.);
#3993=B_SPLINE_CURVE_WITH_KNOTS('',3,(#7729,#7730,#7731,#7732,#7733,#7734,
#7735,#7736),.UNSPECIFIED.,.F.,.F.,(4,1,1,1,1,4),(0.,0.0650945882224804,
0.131676202114541,0.215494422520354,0.286190710447245,0.296386748572406),
 .UNSPECIFIED.);
#3994=B_SPLINE_CURVE_WITH_KNOTS('',3,(#7738,#7739,#7740,#7741,#7742,#7743,
#7744),.UNSPECIFIED.,.F.,.F.,(4,1,1,1,4),(0.252700847368711,0.29950346206119,
0.379427871727473,0.455250036619861,0.476996108211364),.UNSPECIFIED.);
#3995=B_SPLINE_CURVE_WITH_KNOTS('',3,(#7746,#7747,#7748,#7749,#7750,#7751,
#7752,#7753),.UNSPECIFIED.,.F.,.F.,(4,1,1,1,1,4),(0.703151710757556,0.718001958203622,
0.827100940154307,0.920174198822233,0.977208422703914,1.),.UNSPECIFIED.);
#3996=B_SPLINE_CURVE_WITH_KNOTS('',3,(#7756,#7757,#7758,#7759,#7760,#7761),
 .UNSPECIFIED.,.F.,.F.,(4,1,1,4),(0.588089102766921,0.655507387473683,0.717488421702451,
0.733683131633976),.UNSPECIFIED.);
#3997=B_SPLINE_CURVE_WITH_KNOTS('',3,(#7763,#7764,#7765,#7766,#7767,#7768,
#7769,#7770),.UNSPECIFIED.,.F.,.F.,(4,1,1,1,1,4),(0.,0.0512197098343061,
0.1402103290756,0.232803819521256,0.309938423158224,0.324517434852218),
 .UNSPECIFIED.);
#3998=B_SPLINE_CURVE_WITH_KNOTS('',3,(#7772,#7773,#7774,#7775,#7776,#7777),
 .UNSPECIFIED.,.F.,.F.,(4,1,1,4),(0.51390708300644,0.565480627927736,0.637934147636228,
0.699950165584848),.UNSPECIFIED.);
#3999=B_SPLINE_CURVE_WITH_KNOTS('',3,(#7779,#7780,#7781,#7782,#7783),
 .UNSPECIFIED.,.F.,.F.,(4,1,4),(0.810294196077504,0.868698401025724,0.998870149201874),
 .UNSPECIFIED.);
#4000=B_SPLINE_CURVE_WITH_KNOTS('',3,(#7786,#7787,#7788,#7789,#7790,#7791),
 .UNSPECIFIED.,.F.,.F.,(4,1,1,4),(0.634011089258264,0.723012875151841,0.836840031025934,
1.),.UNSPECIFIED.);
#4001=B_SPLINE_CURVE_WITH_KNOTS('',3,(#7793,#7794,#7795,#7796,#7797,#7798),
 .UNSPECIFIED.,.F.,.F.,(4,1,1,4),(0.,0.246543681267683,0.612242877456606,
1.),.UNSPECIFIED.);
#4002=B_SPLINE_CURVE_WITH_KNOTS('',3,(#7800,#7801,#7802,#7803,#7804),
 .UNSPECIFIED.,.F.,.F.,(4,1,4),(0.,0.0499617271734245,0.0647793038661131),
 .UNSPECIFIED.);
#4003=B_SPLINE_CURVE_WITH_KNOTS('',3,(#7806,#7807,#7808,#7809,#7810,#7811,
#7812),.UNSPECIFIED.,.F.,.F.,(4,1,1,1,4),(0.,0.058679682429448,0.138114791512154,
0.252237148508999,0.262647929872123),.UNSPECIFIED.);
#4004=B_SPLINE_CURVE_WITH_KNOTS('',3,(#7814,#7815,#7816,#7817,#7818,#7819,
#7820,#7821),.UNSPECIFIED.,.F.,.F.,(4,1,1,1,1,4),(0.215835952429471,0.251197330990726,
0.289236417092856,0.344167351712695,0.391713181259406,0.401780255943157),
 .UNSPECIFIED.);
#4005=B_SPLINE_CURVE_WITH_KNOTS('',3,(#7856,#7857,#7858,#7859,#7860),
 .UNSPECIFIED.,.F.,.F.,(4,1,4),(0.,0.00112217890674523,0.00224435781349045),
 .UNSPECIFIED.);
#4006=B_SPLINE_CURVE_WITH_KNOTS('',3,(#7863,#7864,#7865,#7866,#7867),
 .UNSPECIFIED.,.F.,.F.,(4,1,4),(0.,0.00112217890674523,0.00224435781349046),
 .UNSPECIFIED.);
#4007=B_SPLINE_CURVE_WITH_KNOTS('',3,(#8102,#8103,#8104,#8105,#8106,#8107),
 .UNSPECIFIED.,.F.,.F.,(4,1,1,4),(0.620197631869063,0.650657319179867,0.719620042453945,
0.750807150107803),.UNSPECIFIED.);
#4008=B_SPLINE_CURVE_WITH_KNOTS('',3,(#8139,#8140,#8141,#8142,#8143,#8144,
#8145,#8146,#8147),.UNSPECIFIED.,.F.,.F.,(4,1,1,1,1,1,4),(0.782387740392522,
0.785310945675727,0.827786152365892,0.879712073771242,0.921624694095247,
0.945004318010202,1.),.UNSPECIFIED.);
#4009=B_SPLINE_CURVE_WITH_KNOTS('',3,(#8191,#8192,#8193,#8194,#8195,#8196,
#8197,#8198,#8199,#8200,#8201,#8202,#8203),.UNSPECIFIED.,.F.,.F.,(4,1,1,
1,1,1,1,1,1,1,4),(0.,0.0496237898224337,0.114261357068281,0.186734985063783,
0.289090203309708,0.423208897012105,0.506274203670107,0.584883172247564,
0.690350503454409,0.815726750535417,0.911424903016945),.UNSPECIFIED.);
#4010=B_SPLINE_CURVE_WITH_KNOTS('',3,(#8214,#8215,#8216,#8217),
 .UNSPECIFIED.,.F.,.F.,(4,4),(0.911424903016945,1.),
 .PIECEWISE_BEZIER_KNOTS.);
#4011=B_SPLINE_CURVE_WITH_KNOTS('',3,(#8242,#8243,#8244,#8245,#8246,#8247,
#8248,#8249),.UNSPECIFIED.,.F.,.F.,(4,1,1,1,1,4),(0.,0.0348482283041062,
0.0731102857822868,0.119079748034648,0.161913126690053,0.182952931183601),
 .UNSPECIFIED.);
#4012=B_SPLINE_CURVE_WITH_KNOTS('',3,(#8258,#8259,#8260,#8261,#8262),
 .UNSPECIFIED.,.F.,.F.,(4,1,4),(0.182952931183601,0.190706164600032,0.215835952429471),
 .UNSPECIFIED.);
#4013=B_SPLINE_CURVE_WITH_KNOTS('',3,(#8266,#8267,#8268,#8269,#8270),
 .UNSPECIFIED.,.F.,.F.,(4,1,4),(0.182952931183601,0.190706164600032,0.215835952429471),
 .UNSPECIFIED.);
#4014=B_SPLINE_CURVE_WITH_KNOTS('',3,(#8297,#8298,#8299,#8300,#8301,#8302,
#8303,#8304),.UNSPECIFIED.,.F.,.F.,(4,1,1,1,1,4),(0.215835952429471,0.251197330990726,
0.289236417092856,0.344167351712695,0.391713181259406,0.401780255943157),
 .UNSPECIFIED.);
#4015=B_SPLINE_CURVE_WITH_KNOTS('',3,(#8322,#8323,#8324,#8325,#8326),
 .UNSPECIFIED.,.F.,.F.,(4,1,4),(0.,0.465090383449752,1.),.UNSPECIFIED.);
#4016=B_SPLINE_CURVE_WITH_KNOTS('',3,(#8331,#8332,#8333,#8334,#8335),
 .UNSPECIFIED.,.F.,.F.,(4,1,4),(0.,0.465090383449752,1.),.UNSPECIFIED.);
#4017=B_SPLINE_CURVE_WITH_KNOTS('',3,(#8434,#8435,#8436,#8437,#8438,#8439,
#8440,#8441,#8442,#8443,#8444,#8445,#8446,#8447,#8448,#8449,#8450,#8451,
#8452,#8453,#8454,#8455,#8456,#8457,#8458,#8459,#8460,#8461,#8462,#8463,
#8464),.UNSPECIFIED.,.F.,.F.,(4,1,1,1,1,1,1,1,1,1,1,1,1,1,1,1,1,1,1,1,1,
1,1,1,1,1,1,1,4),(0.,0.0213968705165309,0.0501363572623007,0.0884112009388188,
0.129824297510789,0.172332471641472,0.222542430616492,0.268980514408669,
0.318553071522285,0.347947654549939,0.379128802275217,0.408445802690201,
0.434910937565719,0.454590904083081,0.475936220258083,0.514569291940678,
0.549388080290306,0.588889771954226,0.621502027192551,0.663666331879527,
0.722324475549333,0.779109612212278,0.817167450986305,0.861992683766267,
0.901245109303058,0.922356538654642,0.94473366621504,0.972314892520704,
1.),.UNSPECIFIED.);
#4018=B_SPLINE_CURVE_WITH_KNOTS('',3,(#8465,#8466,#8467,#8468,#8469,#8470,
#8471,#8472,#8473,#8474,#8475,#8476,#8477,#8478,#8479,#8480,#8481,#8482,
#8483,#8484,#8485,#8486,#8487,#8488,#8489,#8490,#8491,#8492,#8493,#8494,
#8495),.UNSPECIFIED.,.F.,.F.,(4,1,1,1,1,1,1,1,1,1,1,1,1,1,1,1,1,1,1,1,1,
1,1,1,1,1,1,1,4),(0.,0.0213968705165309,0.0501363572623007,0.0884112009388188,
0.129824297510789,0.172332471641472,0.222542430616492,0.268980514408669,
0.318553071522285,0.347947654549939,0.379128802275217,0.408445802690201,
0.434910937565719,0.454590904083081,0.475936220258083,0.514569291940678,
0.549388080290306,0.588889771954226,0.621502027192551,0.663666331879527,
0.722324475549333,0.779109612212278,0.817167450986305,0.861992683766267,
0.901245109303058,0.922356538654642,0.94473366621504,0.972314892520704,
1.),.UNSPECIFIED.);
#4019=B_SPLINE_CURVE_WITH_KNOTS('',3,(#8509,#8510,#8511,#8512,#8513,#8514,
#8515),.UNSPECIFIED.,.F.,.F.,(4,1,1,1,4),(0.432912644191774,0.447577510636002,
0.515007599005836,0.574461457318487,0.597807031660723),.UNSPECIFIED.);
#4020=B_SPLINE_CURVE_WITH_KNOTS('',3,(#8568,#8569,#8570,#8571,#8572,#8573),
 .UNSPECIFIED.,.F.,.F.,(4,1,1,4),(0.720222062122377,0.751860763889887,0.837537040562377,
0.842658968680579),.UNSPECIFIED.);
#4021=B_SPLINE_CURVE_WITH_KNOTS('',3,(#8597,#8598,#8599,#8600,#8601,#8602),
 .UNSPECIFIED.,.F.,.F.,(4,1,1,4),(0.546473282540404,0.604268880469983,0.683573929809904,
0.691868911908167),.UNSPECIFIED.);
#4022=B_SPLINE_CURVE_WITH_KNOTS('',3,(#8634,#8635,#8636,#8637,#8638,#8639,
#8640,#8641),.UNSPECIFIED.,.F.,.F.,(4,1,1,1,1,4),(0.307223055720021,0.333759301184723,
0.377237006061034,0.427639987070136,0.473767454526404,0.518998738994453),
 .UNSPECIFIED.);
#4023=B_SPLINE_CURVE_WITH_KNOTS('',3,(#8679,#8680,#8681,#8682,#8683,#8684,
#8685,#8686,#8687,#8688,#8689),.UNSPECIFIED.,.F.,.F.,(4,1,1,1,1,1,1,1,4),
(0.00243275150250663,0.013552584564076,0.0417743866875055,0.0900278151447518,
0.122300130048506,0.156897005136655,0.203362541642237,0.250934547123675,
0.261605439970747),.UNSPECIFIED.);
#4024=B_SPLINE_CURVE_WITH_KNOTS('',3,(#8709,#8710,#8711,#8712,#8713,#8714),
 .UNSPECIFIED.,.F.,.F.,(4,1,1,4),(0.776182116737009,0.874569339695663,0.957840352398199,
0.9963024755551),.UNSPECIFIED.);
#4025=B_SPLINE_CURVE_WITH_KNOTS('',3,(#8739,#8740,#8741,#8742,#8743,#8744),
 .UNSPECIFIED.,.F.,.F.,(4,1,1,4),(0.493501359422944,0.519879561060457,0.6335285773229,
0.731523412614285),.UNSPECIFIED.);
#4026=B_SPLINE_CURVE_WITH_KNOTS('',3,(#8770,#8771,#8772,#8773,#8774,#8775,
#8776),.UNSPECIFIED.,.F.,.F.,(4,1,1,1,4),(0.145173969055288,0.187096082701078,
0.28636888297114,0.39244754813896,0.454286720010049),.UNSPECIFIED.);
#4027=B_SPLINE_CURVE_WITH_KNOTS('',3,(#8786,#8787,#8788,#8789,#8790),
 .UNSPECIFIED.,.F.,.F.,(4,1,4),(0.0647793038661131,0.112949786758767,0.145173969055288),
 .UNSPECIFIED.);
#4028=B_SPLINE_CURVE_WITH_KNOTS('',3,(#8794,#8795,#8796,#8797,#8798),
 .UNSPECIFIED.,.F.,.F.,(4,1,4),(0.0647793038661131,0.112949786758767,0.145173969055288),
 .UNSPECIFIED.);
#4029=B_SPLINE_CURVE_WITH_KNOTS('',3,(#8809,#8810,#8811,#8812,#8813),
 .UNSPECIFIED.,.F.,.F.,(4,1,4),(0.,0.0499617271734245,0.0647793038661131),
 .UNSPECIFIED.);
#4030=B_SPLINE_CURVE_WITH_KNOTS('',3,(#8831,#8832,#8833,#8834,#8835,#8836),
 .UNSPECIFIED.,.F.,.F.,(4,1,1,4),(0.,0.246543681267683,0.612242877456606,
1.),.UNSPECIFIED.);
#4031=B_SPLINE_CURVE_WITH_KNOTS('',3,(#8852,#8853,#8854,#8855,#8856,#8857),
 .UNSPECIFIED.,.F.,.F.,(4,1,1,4),(0.634011089258264,0.723012875151841,0.836840031025934,
1.),.UNSPECIFIED.);
#4032=B_SPLINE_CURVE_WITH_KNOTS('',3,(#8859,#8860,#8861,#8862,#8863,#8864,
#8865,#8866),.UNSPECIFIED.,.F.,.F.,(4,1,1,1,1,4),(0.,0.0915248106858478,
0.293837760780255,0.527843018518348,0.786082445012957,1.),.UNSPECIFIED.);
#4033=B_SPLINE_CURVE_WITH_KNOTS('',3,(#8870,#8871,#8872,#8873,#8874,#8875,
#8876),.UNSPECIFIED.,.F.,.F.,(4,1,1,1,4),(0.,0.28486088597984,0.641624563413193,
0.828834336343511,0.999454643433002),.UNSPECIFIED.);
#4034=B_SPLINE_CURVE_WITH_KNOTS('',3,(#8913,#8914,#8915,#8916,#8917,#8918,
#8919,#8920),.UNSPECIFIED.,.F.,.F.,(4,1,1,1,1,4),(0.778561491469759,0.785939675381696,
0.86440506105404,0.906293866239606,0.95466582807757,1.),.UNSPECIFIED.);
#4035=B_SPLINE_CURVE_WITH_KNOTS('',3,(#8943,#8944,#8945,#8946,#8947,#8948),
 .UNSPECIFIED.,.F.,.F.,(4,1,1,4),(0.588089102766921,0.655507387473683,0.717488421702451,
0.733683131633976),.UNSPECIFIED.);
#4036=B_SPLINE_CURVE_WITH_KNOTS('',3,(#8974,#8975,#8976,#8977,#8978,#8979),
 .UNSPECIFIED.,.F.,.F.,(4,1,1,4),(0.384953845831596,0.442054264640673,0.516732738187259,
0.549938944443472),.UNSPECIFIED.);
#4037=B_SPLINE_CURVE_WITH_KNOTS('',3,(#8989,#8990,#8991,#8992,#8993),
 .UNSPECIFIED.,.F.,.F.,(4,1,4),(0.348905542706787,0.376245899730454,0.384953845831596),
 .UNSPECIFIED.);
#4038=B_SPLINE_CURVE_WITH_KNOTS('',3,(#8997,#8998,#8999,#9000,#9001),
 .UNSPECIFIED.,.F.,.F.,(4,1,4),(0.348905542706787,0.376245899730454,0.384953845831596),
 .UNSPECIFIED.);
#4039=B_SPLINE_CURVE_WITH_KNOTS('',3,(#9020,#9021,#9022,#9023,#9024,#9025),
 .UNSPECIFIED.,.F.,.F.,(4,1,1,4),(0.202409745932226,0.232395637799999,0.308825519954526,
0.348905542706787),.UNSPECIFIED.);
#4040=B_SPLINE_CURVE_WITH_KNOTS('',3,(#9035,#9036,#9037,#9038,#9039),
 .UNSPECIFIED.,.F.,.F.,(4,1,4),(0.145270625745788,0.181821896989766,0.202409745932226),
 .UNSPECIFIED.);
#4041=B_SPLINE_CURVE_WITH_KNOTS('',3,(#9043,#9044,#9045,#9046,#9047),
 .UNSPECIFIED.,.F.,.F.,(4,1,4),(0.145270625745788,0.181821896989766,0.202409745932226),
 .UNSPECIFIED.);
#4042=B_SPLINE_CURVE_WITH_KNOTS('',3,(#9072,#9073,#9074,#9075,#9076,#9077,
#9078,#9079),.UNSPECIFIED.,.F.,.F.,(4,1,1,1,1,4),(0.,0.0293310351825295,
0.0635281002599383,0.0898188433040796,0.134633984945803,0.145270625745788),
 .UNSPECIFIED.);
#4043=B_SPLINE_CURVE_WITH_KNOTS('',3,(#9119,#9120,#9121,#9122,#9123,#9124,
#9125,#9126,#9127,#9128),.UNSPECIFIED.,.F.,.F.,(4,1,1,1,1,1,1,4),(0.68346863872179,
0.733295210445503,0.780381562708512,0.829731052871541,0.865892179717097,
0.910164816190891,0.941587775950956,1.),.UNSPECIFIED.);
#4044=B_SPLINE_CURVE_WITH_KNOTS('',3,(#9149,#9150,#9151,#9152,#9153),
 .UNSPECIFIED.,.F.,.F.,(4,1,4),(0.538502002781292,0.575925890879793,0.656816417734059),
 .UNSPECIFIED.);
#4045=B_SPLINE_CURVE_WITH_KNOTS('',3,(#9173,#9174,#9175,#9176,#9177,#9178),
 .UNSPECIFIED.,.F.,.F.,(4,1,1,4),(0.391421284341653,0.405157105138195,0.495630367495686,
0.51340294848309),.UNSPECIFIED.);
#4046=B_SPLINE_CURVE_WITH_KNOTS('',3,(#9200,#9201,#9202,#9203,#9204,#9205),
 .UNSPECIFIED.,.F.,.F.,(4,1,1,4),(0.23291511299113,0.254223031572498,0.327084354751342,
0.365818549059863),.UNSPECIFIED.);
#4047=B_SPLINE_CURVE_WITH_KNOTS('',3,(#9229,#9230,#9231,#9232,#9233,#9234,
#9235,#9236,#9237),.UNSPECIFIED.,.F.,.F.,(4,1,1,1,1,1,4),(0.,0.0235766987189956,
0.0592464888006503,0.104089321434268,0.143890996796708,0.191039405204996,
0.193082437941599),.UNSPECIFIED.);
#4048=B_SPLINE_CURVE_WITH_KNOTS('',3,(#9354,#9355,#9356,#9357,#9358,#9359,
#9360,#9361,#9362,#9363,#9364,#9365,#9366,#9367,#9368,#9369,#9370,#9371,
#9372,#9373),.UNSPECIFIED.,.F.,.F.,(4,1,1,1,1,1,1,1,1,1,1,1,1,1,1,1,1,4),
(0.,0.0640865410917574,0.104534690068721,0.167101291108268,0.236495201660582,
0.289800297711601,0.350303391237711,0.412856948064644,0.475493379897318,
0.534117680081508,0.604637702447519,0.6697395300218,0.748410687919445,0.813312166214309,
0.864232166372301,0.914370185021626,0.962018491425915,1.),.UNSPECIFIED.);
#4049=B_SPLINE_CURVE_WITH_KNOTS('',3,(#9392,#9393,#9394,#9395,#9396,#9397),
 .UNSPECIFIED.,.F.,.F.,(4,1,1,4),(0.,0.31656482104852,0.604877778638668,
0.704175764466084),.UNSPECIFIED.);
#4050=B_SPLINE_CURVE_WITH_KNOTS('',3,(#9416,#9417,#9418,#9419,#9420),
 .UNSPECIFIED.,.F.,.F.,(4,1,4),(0.,0.51949133038891,1.),.UNSPECIFIED.);
#4051=B_SPLINE_CURVE_WITH_KNOTS('',3,(#9436,#9437,#9438,#9439,#9440,#9441,
#9442),.UNSPECIFIED.,.F.,.F.,(4,1,1,1,4),(0.,0.0452365355936281,0.0950048939597755,
0.148991899948086,0.195395750649926),.UNSPECIFIED.);
#4052=B_SPLINE_CURVE_WITH_KNOTS('',3,(#9467,#9468,#9469,#9470,#9471,#9472,
#9473),.UNSPECIFIED.,.F.,.F.,(4,1,1,1,4),(0.252700847368711,0.29950346206119,
0.379427871727473,0.455250036619861,0.476996108211364),.UNSPECIFIED.);
#4053=B_SPLINE_CURVE_WITH_KNOTS('',3,(#9499,#9500,#9501,#9502,#9503,#9504),
 .UNSPECIFIED.,.F.,.F.,(4,1,1,4),(0.51390708300644,0.565480627927736,0.637934147636228,
0.699950165584848),.UNSPECIFIED.);
#4054=B_SPLINE_CURVE_WITH_KNOTS('',3,(#9534,#9535,#9536,#9537,#9538,#9539,
#9540,#9541),.UNSPECIFIED.,.F.,.F.,(4,1,1,1,1,4),(0.755961601886672,0.849236243602192,
0.900458851939189,0.930743184618498,0.965914502695391,1.),.UNSPECIFIED.);
#4055=B_SPLINE_CURVE_WITH_KNOTS('',3,(#9590,#9591,#9592,#9593,#9594,#9595,
#9596),.UNSPECIFIED.,.F.,.F.,(4,1,1,1,4),(0.54902773936812,0.572884452456513,
0.672904448587173,0.767448868482885,0.815054732800031),.UNSPECIFIED.);
#4056=B_SPLINE_CURVE_WITH_KNOTS('',3,(#9606,#9607,#9608,#9609,#9610),
 .UNSPECIFIED.,.F.,.F.,(4,1,4),(0.441934950457939,0.52319255680236,0.529855392064163),
 .UNSPECIFIED.);
#4057=B_SPLINE_CURVE_WITH_KNOTS('',3,(#9611,#9612,#9613,#9614,#9615,#9616,
#9617,#9618,#9619),.UNSPECIFIED.,.F.,.F.,(4,1,1,1,1,1,4),(0.,0.298486034470022,
0.454769436041687,0.606197961461813,0.708839468605962,0.847850560372793,
1.),.UNSPECIFIED.);
#4058=B_SPLINE_CURVE_WITH_KNOTS('',3,(#9624,#9625,#9626,#9627,#9628),
 .UNSPECIFIED.,.F.,.F.,(4,1,4),(0.09148968154193,0.157006874035201,0.196203638321659),
 .UNSPECIFIED.);
#4059=B_SPLINE_CURVE_WITH_KNOTS('',3,(#9630,#9631,#9632,#9633,#9634,#9635,
#9636,#9637,#9638,#9639),.UNSPECIFIED.,.F.,.F.,(4,1,1,1,1,1,1,4),(0.,0.0766215906106612,
0.169495222668556,0.292053584490541,0.416773792240334,0.627402853749796,
0.801404684240062,1.),.UNSPECIFIED.);
#4060=B_SPLINE_CURVE_WITH_KNOTS('',3,(#9662,#9663,#9664,#9665,#9666,#9667,
#9668,#9669,#9670,#9671),.UNSPECIFIED.,.F.,.F.,(4,1,1,1,1,1,1,4),(0.,0.130190615964118,
0.259088172665441,0.38876379565912,0.51607394366254,0.722094871831237,0.810614205755593,
1.),.UNSPECIFIED.);
#4061=B_SPLINE_CURVE_WITH_KNOTS('',3,(#9676,#9677,#9678,#9679,#9680,#9681,
#9682,#9683,#9684),.UNSPECIFIED.,.F.,.F.,(4,1,1,1,1,1,4),(0.,0.0657920445829841,
0.144421807475756,0.275019608684186,0.373777274778708,0.523052770975849,
0.631316722027695),.UNSPECIFIED.);
#4062=B_SPLINE_CURVE_WITH_KNOTS('',3,(#9686,#9687,#9688,#9689),
 .UNSPECIFIED.,.F.,.F.,(4,4),(0.963709750003257,1.),
 .PIECEWISE_BEZIER_KNOTS.);
#4063=B_SPLINE_CURVE_WITH_KNOTS('',3,(#9744,#9745,#9746,#9747,#9748,#9749,
#9750,#9751,#9752,#9753),.UNSPECIFIED.,.F.,.F.,(4,1,1,1,1,1,1,4),(0.,0.130190615964118,
0.259088172665441,0.38876379565912,0.51607394366254,0.722094871831237,0.810614205755593,
1.),.UNSPECIFIED.);
#4064=B_SPLINE_CURVE_WITH_KNOTS('',3,(#9766,#9767,#9768,#9769),
 .UNSPECIFIED.,.F.,.F.,(4,4),(0.963709750003257,1.),
 .PIECEWISE_BEZIER_KNOTS.);
#4065=B_SPLINE_CURVE_WITH_KNOTS('',3,(#9802,#9803,#9804,#9805,#9806,#9807,
#9808,#9809,#9810),.UNSPECIFIED.,.F.,.F.,(4,1,1,1,1,1,4),(0.,0.0657920445829841,
0.144421807475756,0.275019608684186,0.373777274778708,0.523052770975849,
0.631316722027695),.UNSPECIFIED.);
#4066=B_SPLINE_CURVE_WITH_KNOTS('',3,(#9889,#9890,#9891,#9892,#9893,#9894,
#9895,#9896,#9897),.UNSPECIFIED.,.F.,.F.,(4,1,1,1,1,1,4),(0.,0.298486034470022,
0.454769436041687,0.606197961461813,0.708839468605962,0.847850560372793,
1.),.UNSPECIFIED.);
#4067=B_SPLINE_CURVE_WITH_KNOTS('',3,(#9940,#9941,#9942,#9943,#9944,#9945,
#9946,#9947,#9948,#9949),.UNSPECIFIED.,.F.,.F.,(4,1,1,1,1,1,1,4),(0.,0.0766215906106612,
0.169495222668556,0.292053584490541,0.416773792240334,0.627402853749796,
0.801404684240062,1.),.UNSPECIFIED.);
#4068=B_SPLINE_CURVE_WITH_KNOTS('',3,(#9960,#9961,#9962,#9963,#9964),
 .UNSPECIFIED.,.F.,.F.,(4,1,4),(0.09148968154193,0.157006874035201,0.196203638321659),
 .UNSPECIFIED.);
#4069=B_SPLINE_CURVE_WITH_KNOTS('',3,(#9984,#9985,#9986,#9987,#9988),
 .UNSPECIFIED.,.F.,.F.,(4,1,4),(0.441934950457939,0.52319255680236,0.529855392064163),
 .UNSPECIFIED.);
#4070=B_SPLINE_CURVE_WITH_KNOTS('',3,(#10017,#10018,#10019,#10020,#10021,
#10022,#10023),.UNSPECIFIED.,.F.,.F.,(4,1,1,1,4),(0.54902773936812,0.572884452456513,
0.672904448587173,0.767448868482885,0.815054732800031),.UNSPECIFIED.);
#4071=B_SPLINE_CURVE_WITH_KNOTS('',3,(#10049,#10050,#10051,#10052,#10053,
#10054,#10055,#10056),.UNSPECIFIED.,.F.,.F.,(4,1,1,1,1,4),(0.,0.0512197098343061,
0.1402103290756,0.232803819521256,0.309938423158224,0.324517434852218),
 .UNSPECIFIED.);
#4072=B_SPLINE_CURVE_WITH_KNOTS('',3,(#10079,#10080,#10081,#10082,#10083,
#10084,#10085),.UNSPECIFIED.,.F.,.F.,(4,1,1,1,4),(0.,0.276902198047921,
0.567173527207592,0.823107648650046,1.),.UNSPECIFIED.);
#4073=B_SPLINE_CURVE_WITH_KNOTS('',3,(#10107,#10108,#10109,#10110,#10111,
#10112,#10113,#10114),.UNSPECIFIED.,.F.,.F.,(4,1,1,1,1,4),(0.,0.0650945882224804,
0.131676202114541,0.215494422520354,0.286190710447245,0.296386748572406),
 .UNSPECIFIED.);
#4074=B_SPLINE_CURVE_WITH_KNOTS('',3,(#10133,#10134,#10135,#10136,#10137,
#10138,#10139,#10140),.UNSPECIFIED.,.F.,.F.,(4,1,1,1,1,4),(0.703151710757556,
0.718001958203622,0.827100940154307,0.920174198822233,0.977208422703914,
1.),.UNSPECIFIED.);
#4075=B_SPLINE_CURVE_WITH_KNOTS('',3,(#10162,#10163,#10164,#10165,#10166,
#10167,#10168,#10169),.UNSPECIFIED.,.F.,.F.,(4,1,1,1,1,4),(0.,0.0647287514591939,
0.141715368913949,0.252180977568827,0.338479718565683,0.345524338868547),
 .UNSPECIFIED.);
#4076=B_SPLINE_CURVE_WITH_KNOTS('',3,(#10188,#10189,#10190,#10191,#10192,
#10193,#10194),.UNSPECIFIED.,.F.,.F.,(4,1,1,1,4),(0.734612289629751,0.787390880178073,
0.89014917607554,0.961325844274194,1.),.UNSPECIFIED.);
#4077=B_SPLINE_CURVE_WITH_KNOTS('',3,(#10210,#10211,#10212,#10213,#10214,
#10215,#10216),.UNSPECIFIED.,.F.,.F.,(4,1,1,1,4),(0.760994882175006,0.776778649245241,
0.875587500578878,0.954094210777582,1.),.UNSPECIFIED.);
#4078=B_SPLINE_CURVE_WITH_KNOTS('',3,(#10233,#10234,#10235,#10236,#10237,
#10238,#10239),.UNSPECIFIED.,.F.,.F.,(4,1,1,1,4),(0.,0.0690700409060196,
0.141603520171563,0.287390411879336,0.303320276074354),.UNSPECIFIED.);
#4079=B_SPLINE_CURVE_WITH_KNOTS('',3,(#10257,#10258,#10259,#10260,#10261,
#10262),.UNSPECIFIED.,.F.,.F.,(4,1,1,4),(0.536764555623555,0.567478108895594,
0.838842930365332,0.876776118118359),.UNSPECIFIED.);
#4080=B_SPLINE_CURVE_WITH_KNOTS('',3,(#10280,#10281,#10282,#10283,#10284,
#10285,#10286),.UNSPECIFIED.,.F.,.F.,(4,1,1,1,4),(0.409810520194716,0.433200924104112,
0.61093380390458,0.731225994419751,0.731536381428166),.UNSPECIFIED.);
#4081=B_SPLINE_CURVE_WITH_KNOTS('',3,(#10308,#10309,#10310,#10311,#10312,
#10313,#10314),.UNSPECIFIED.,.F.,.F.,(4,1,1,1,4),(0.372339554062453,0.39443802334071,
0.514256621456887,0.650763651835745,0.711516302306228),.UNSPECIFIED.);
#4082=B_SPLINE_CURVE_WITH_KNOTS('',3,(#10327,#10328,#10329,#10330,#10331,
#10332),.UNSPECIFIED.,.F.,.F.,(4,1,1,4),(0.3531454439011,0.374499647887189,
0.542375890839891,0.642405337089466),.UNSPECIFIED.);
#4083=B_SPLINE_CURVE_WITH_KNOTS('',3,(#10346,#10347,#10348,#10349,#10350,
#10351,#10352),.UNSPECIFIED.,.F.,.F.,(4,1,1,1,4),(0.337922708544581,0.37933202478543,
0.524242353800824,0.647269198060553,0.668276280558917),.UNSPECIFIED.);
#4084=B_SPLINE_CURVE_WITH_KNOTS('',3,(#10363,#10364,#10365,#10366,#10367,
#10368,#10369),.UNSPECIFIED.,.F.,.F.,(4,1,1,1,4),(0.439092368751961,0.471023382559946,
0.633009664514603,0.794783947853826,0.797007517151994),.UNSPECIFIED.);
#4085=B_SPLINE_CURVE_WITH_KNOTS('',3,(#10381,#10382,#10383,#10384,#10385,
#10386,#10387),.UNSPECIFIED.,.F.,.F.,(4,1,1,1,4),(0.387389557220472,0.399679236984095,
0.534662306194211,0.664027733092569,0.686490753299716),.UNSPECIFIED.);
#4086=B_SPLINE_CURVE_WITH_KNOTS('',3,(#10400,#10401,#10402,#10403,#10404,
#10405),.UNSPECIFIED.,.F.,.F.,(4,1,1,4),(0.390342411986429,0.448687222457356,
0.614754950867998,0.768424044646341),.UNSPECIFIED.);
#4087=B_SPLINE_CURVE_WITH_KNOTS('',3,(#10419,#10420,#10421,#10422,#10423,
#10424,#10425),.UNSPECIFIED.,.F.,.F.,(4,1,1,1,4),(0.,0.058679682429448,
0.138114791512154,0.252237148508999,0.262647929872123),.UNSPECIFIED.);
#4088=B_SPLINE_CURVE_WITH_KNOTS('',3,(#10449,#10450,#10451,#10452,#10453,
#10454,#10455),.UNSPECIFIED.,.F.,.F.,(4,1,1,1,4),(0.,0.0642185367147375,
0.1570095774578,0.233040460337755,0.267638426883885),.UNSPECIFIED.);
#4089=B_SPLINE_CURVE_WITH_KNOTS('',3,(#10464,#10465,#10466,#10467),
 .UNSPECIFIED.,.F.,.F.,(4,4),(0.866490664014014,1.),
 .PIECEWISE_BEZIER_KNOTS.);
#4090=B_SPLINE_CURVE_WITH_KNOTS('',3,(#10477,#10478,#10479,#10480),
 .UNSPECIFIED.,.F.,.F.,(4,4),(0.836148188462405,0.998529184239335),
 .PIECEWISE_BEZIER_KNOTS.);
#4091=B_SPLINE_CURVE_WITH_KNOTS('',3,(#10503,#10504,#10505,#10506,#10507,
#10508,#10509,#10510,#10511),.UNSPECIFIED.,.F.,.F.,(4,1,1,1,1,1,4),(0.00168540887958625,
0.045577699032924,0.102712288431179,0.178418572974447,0.243022350195208,
0.288392216676889,0.320265738342423),.UNSPECIFIED.);
#4092=B_SPLINE_CURVE_WITH_KNOTS('',3,(#10532,#10533,#10534,#10535,#10536,
#10537,#10538),.UNSPECIFIED.,.F.,.F.,(4,1,1,1,4),(0.00200428188074773,0.0860411990110478,
0.17646397209036,0.277630527020679,0.398378662619401),.UNSPECIFIED.);
#4093=B_SPLINE_CURVE_WITH_KNOTS('',3,(#10549,#10550,#10551,#10552,#10553),
 .UNSPECIFIED.,.F.,.F.,(4,1,4),(0.810294196077504,0.868698401025724,0.998870149201874),
 .UNSPECIFIED.);
#4094=B_SPLINE_CURVE_WITH_KNOTS('',3,(#10638,#10639,#10640,#10641,#10642,
#10643,#10644,#10645,#10646,#10647,#10648,#10649,#10650,#10651),
 .UNSPECIFIED.,.F.,.F.,(4,1,1,1,1,1,1,1,1,1,1,4),(0.,0.0861618792742387,
0.158329174194993,0.256432565046165,0.41347807968717,0.597298697676443,
0.781964701135028,0.875011865004506,0.912633293665582,0.948403974685355,
0.976544486043996,1.),.UNSPECIFIED.);
#4095=B_SPLINE_CURVE_WITH_KNOTS('',3,(#10670,#10671,#10672,#10673,#10674),
 .UNSPECIFIED.,.F.,.F.,(4,1,4),(0.,0.319952976251518,1.),.UNSPECIFIED.);
#4096=B_SPLINE_CURVE_WITH_KNOTS('',3,(#10725,#10726,#10727,#10728,#10729,
#10730,#10731,#10732,#10733,#10734,#10735,#10736,#10737,#10738,#10739,#10740,
#10741,#10742,#10743,#10744,#10745,#10746,#10747,#10748),.UNSPECIFIED.,
 .F.,.F.,(4,1,1,1,1,1,1,1,1,1,1,1,1,1,1,1,1,1,1,1,1,4),(0.,0.00569824785832407,
0.0134055451237036,0.0231909502676999,0.0394445155881212,0.0827146845047384,
0.149925690521508,0.231065181297179,0.282549624575812,0.330075462881088,
0.393039789312275,0.477792927421947,0.562168428050544,0.648733119300792,
0.716203613352947,0.774329963255071,0.822347742429149,0.859959258709847,
0.890046867310446,0.910971567335084,0.951119150567934,1.),.UNSPECIFIED.);
#4097=B_SPLINE_CURVE_WITH_KNOTS('',3,(#10805,#10806,#10807,#10808,#10809,
#10810,#10811,#10812,#10813,#10814,#10815,#10816,#10817,#10818,#10819,#10820,
#10821,#10822,#10823,#10824,#10825,#10826,#10827),.UNSPECIFIED.,.F.,.F.,
(4,1,1,1,1,1,1,1,1,1,1,1,1,1,1,1,1,1,1,1,4),(0.,0.029149283532886,0.0640446628816591,
0.0990903685482591,0.149388356105874,0.207513573326397,0.271217430043298,
0.31588971916969,0.361375311091117,0.407873623275354,0.451187906321832,
0.499310777562677,0.565421913922424,0.638912237907163,0.708337029016564,
0.778772400943018,0.856782632366193,0.873435681920859,0.890693440645447,
0.918431535046504,1.),.UNSPECIFIED.);
#4098=B_SPLINE_CURVE_WITH_KNOTS('',3,(#10846,#10847,#10848,#10849,#10850,
#10851),.UNSPECIFIED.,.F.,.F.,(4,1,1,4),(0.,0.220367336255928,0.601543772609792,
1.),.UNSPECIFIED.);
#4099=B_SPLINE_CURVE_WITH_KNOTS('',3,(#10884,#10885,#10886,#10887,#10888,
#10889,#10890,#10891,#10892,#10893),.UNSPECIFIED.,.F.,.F.,(4,1,1,1,1,1,
1,4),(0.,0.0591258891849158,0.155770228063934,0.321817113747803,0.438538096834036,
0.622921925035492,0.798859291917578,1.),.UNSPECIFIED.);
#4100=B_SPLINE_CURVE_WITH_KNOTS('',3,(#10895,#10896,#10897,#10898,#10899,
#10900,#10901,#10902,#10903,#10904,#10905,#10906,#10907,#10908,#10909,#10910,
#10911,#10912,#10913,#10914),.UNSPECIFIED.,.F.,.F.,(4,1,1,1,1,1,1,1,1,1,
1,1,1,1,1,1,1,4),(0.,0.043045132139023,0.0929087133657547,0.151699934460331,
0.214065933009342,0.287273402106376,0.369684980396328,0.429701914316342,
0.493260864119867,0.545270792188181,0.599840860973006,0.657314163860827,
0.69350237280519,0.730310639438902,0.774383336142649,0.836187558350978,
0.920884769896484,1.),.UNSPECIFIED.);
#4101=B_SPLINE_CURVE_WITH_KNOTS('',3,(#10919,#10920,#10921,#10922,#10923,
#10924,#10925),.UNSPECIFIED.,.F.,.F.,(4,1,1,1,4),(0.,0.189625745842092,
0.480475473757239,0.770336076005841,1.),.UNSPECIFIED.);
#4102=B_SPLINE_CURVE_WITH_KNOTS('',3,(#10931,#10932,#10933,#10934,#10935,
#10936,#10937,#10938,#10939,#10940,#10941,#10942,#10943,#10944),
 .UNSPECIFIED.,.F.,.F.,(4,1,1,1,1,1,1,1,1,1,1,4),(0.,0.08623849645613,0.228781198885112,
0.318429721310933,0.398429855580078,0.47016064642521,0.540608256899536,
0.617589901528134,0.706482375945767,0.820387815025198,0.927564722627483,
1.),.UNSPECIFIED.);
#4103=B_SPLINE_CURVE_WITH_KNOTS('',3,(#10948,#10949,#10950,#10951,#10952,
#10953,#10954,#10955,#10956,#10957,#10958,#10959,#10960),.UNSPECIFIED.,
 .F.,.F.,(4,1,1,1,1,1,1,1,1,1,4),(0.,0.0716783728234488,0.201462204742673,
0.351985429895752,0.453312238503597,0.531131505749847,0.608074752221663,
0.687191601236581,0.794711152589731,0.901206841852244,1.),.UNSPECIFIED.);
#4104=B_SPLINE_CURVE_WITH_KNOTS('',3,(#10963,#10964,#10965,#10966,#10967,
#10968,#10969,#10970,#10971,#10972,#10973,#10974,#10975,#10976,#10977,#10978,
#10979,#10980,#10981,#10982,#10983,#10984,#10985,#10986,#10987,#10988,#10989,
#10990,#10991),.UNSPECIFIED.,.F.,.F.,(4,1,1,1,1,1,1,1,1,1,1,1,1,1,1,1,1,
1,1,1,1,1,1,1,1,1,4),(0.,0.0225283662603692,0.0465572502585444,0.0809144186122593,
0.109722676356904,0.13208761094381,0.154027487059664,0.184141622839462,
0.223459017292316,0.259470627823827,0.298402110931201,0.337265014369084,
0.379043446365316,0.420888327743379,0.466637199205296,0.517653181529584,
0.576357844825246,0.629027407418508,0.689698928471576,0.737638920369895,
0.787558140215233,0.826649530949426,0.87130236881723,0.913048671611351,
0.943768164487868,0.973411290655867,1.),.UNSPECIFIED.);
#4105=B_SPLINE_CURVE_WITH_KNOTS('',3,(#10994,#10995,#10996,#10997,#10998,
#10999,#11000,#11001,#11002,#11003,#11004,#11005,#11006,#11007,#11008,#11009,
#11010,#11011,#11012,#11013,#11014,#11015,#11016,#11017,#11018),
 .UNSPECIFIED.,.F.,.F.,(4,1,1,1,1,1,1,1,1,1,1,1,1,1,1,1,1,1,1,1,1,1,4),
(0.,0.0399960230350982,0.08706933045798,0.122542904180695,0.167441425836844,
0.208298069356039,0.247300516584871,0.287275873833545,0.336133888694727,
0.393546624619138,0.434331012213747,0.498791094311678,0.546962847334605,
0.603513594399132,0.665337986257357,0.721772887813688,0.76527818122314,
0.798771323658224,0.841326384132074,0.877785484729249,0.90960092080019,
0.955996324886127,1.),.UNSPECIFIED.);
#4106=B_SPLINE_CURVE_WITH_KNOTS('',3,(#11022,#11023,#11024,#11025,#11026,
#11027,#11028,#11029,#11030,#11031,#11032,#11033,#11034,#11035,#11036,#11037,
#11038,#11039,#11040,#11041,#11042,#11043,#11044,#11045,#11046,#11047,#11048,
#11049,#11050,#11051,#11052,#11053,#11054,#11055,#11056,#11057,#11058,#11059,
#11060),.UNSPECIFIED.,.F.,.F.,(4,1,1,1,1,1,1,1,1,1,1,1,1,1,1,1,1,1,1,1,
1,1,1,1,1,1,1,1,1,1,1,1,1,1,1,1,4),(0.,0.0195970564334382,0.0449046609313526,
0.0639922943002924,0.086715995357333,0.114266598057982,0.144666515602988,
0.177530484805565,0.208484942945467,0.242937921259914,0.268885686052316,
0.288675515694811,0.311953555900632,0.338733016259014,0.366345869257196,
0.381033855727594,0.400392666215254,0.424202280168167,0.446530783176478,
0.471878471263281,0.500723472683616,0.533794623237407,0.559731054791423,
0.587297494143167,0.616524191069086,0.65274082052959,0.690404332991652,
0.726141309389662,0.770912581678281,0.800192934309614,0.832390510334336,
0.867652824160548,0.897843124466884,0.932623662734515,0.962439896441023,
0.980437039308808,1.),.UNSPECIFIED.);
#4107=B_SPLINE_CURVE_WITH_KNOTS('',3,(#11061,#11062,#11063,#11064,#11065,
#11066,#11067,#11068,#11069,#11070,#11071,#11072,#11073,#11074,#11075,#11076,
#11077,#11078,#11079,#11080,#11081,#11082,#11083,#11084,#11085,#11086,#11087,
#11088,#11089,#11090),.UNSPECIFIED.,.T.,.F.,(1,3,1,1,1,1,1,1,1,1,1,1,1,
1,1,1,1,1,1,1,1,1,1,1,1,1,1,1,3,1),(-0.0373421774873808,0.,0.0216856050785286,
0.0468152565707047,0.0716115385426796,0.101196851558889,0.136813541842731,
0.181549725627462,0.224276876002507,0.281198015640909,0.323888661365126,
0.357076130060468,0.404010298390251,0.442898487880628,0.475386920731532,
0.50132041996298,0.531889135224719,0.573937634702191,0.599070602297279,
0.631399258876906,0.672487521449566,0.70246521646306,0.739495327145351,
0.76655554387562,0.811341157684393,0.856907616897379,0.913245890195266,
0.962657822512619,1.,1.02168560507853),.UNSPECIFIED.);
#4108=B_SPLINE_CURVE_WITH_KNOTS('',3,(#11092,#11093,#11094,#11095,#11096,
#11097,#11098),.UNSPECIFIED.,.F.,.F.,(4,1,1,1,4),(0.,0.240309586508264,
0.506858588313268,0.748676529428151,1.),.UNSPECIFIED.);
#4109=B_SPLINE_CURVE_WITH_KNOTS('',3,(#11101,#11102,#11103,#11104,#11105,
#11106,#11107,#11108,#11109,#11110,#11111,#11112,#11113),.UNSPECIFIED.,
 .F.,.F.,(4,1,1,1,1,1,1,1,1,1,4),(0.,0.0613742821170151,0.131858225802538,
0.224710929430393,0.339729518006252,0.46134630785397,0.574124081097246,
0.673927010745287,0.795942804748379,0.906060454394207,1.),.UNSPECIFIED.);
#4110=B_SPLINE_CURVE_WITH_KNOTS('',3,(#11115,#11116,#11117,#11118,#11119,
#11120,#11121,#11122,#11123,#11124,#11125,#11126),.UNSPECIFIED.,.F.,.F.,
(4,1,1,1,1,1,1,1,1,4),(0.,0.0613603082191846,0.16380525405629,0.268622268713318,
0.411007827557134,0.523776958110938,0.635058220113284,0.757531058371336,
0.887326937425319,1.),.UNSPECIFIED.);
#4111=B_SPLINE_CURVE_WITH_KNOTS('',3,(#11127,#11128,#11129,#11130,#11131,
#11132,#11133,#11134,#11135,#11136,#11137,#11138,#11139,#11140,#11141,#11142,
#11143,#11144,#11145,#11146,#11147,#11148,#11149,#11150,#11151),
 .UNSPECIFIED.,.F.,.F.,(4,1,1,1,1,1,1,1,1,1,1,1,1,1,1,1,1,1,1,1,1,1,4),
(0.,0.0366911323828261,0.0853225378107611,0.145849414647877,0.195248253694553,
0.237994164951122,0.283308706219493,0.329277617807229,0.367439115680337,
0.41322985412641,0.455882412673592,0.499415819085365,0.560080145373623,
0.619645528337833,0.667506484161137,0.695929604775534,0.731446633431812,
0.776546226771758,0.826311427722702,0.88155036726226,0.927502240466553,
0.96175622318839,1.),.UNSPECIFIED.);
#4112=B_SPLINE_CURVE_WITH_KNOTS('',3,(#11154,#11155,#11156,#11157,#11158,
#11159,#11160,#11161,#11162,#11163,#11164,#11165),.UNSPECIFIED.,.F.,.F.,
(4,1,1,1,1,1,1,1,1,4),(0.,0.0542625483527049,0.149796643311248,0.268636522277944,
0.43295594606312,0.614410748639823,0.729268234261758,0.82355688038813,0.909323969297541,
1.),.UNSPECIFIED.);
#4113=B_SPLINE_CURVE_WITH_KNOTS('',3,(#11169,#11170,#11171,#11172,#11173,
#11174,#11175),.UNSPECIFIED.,.F.,.F.,(4,1,1,1,4),(0.,0.194143084834623,
0.470394449225887,0.792304306966796,1.),.UNSPECIFIED.);
#4114=B_SPLINE_CURVE_WITH_KNOTS('',3,(#11177,#11178,#11179,#11180,#11181,
#11182,#11183,#11184,#11185,#11186,#11187,#11188),.UNSPECIFIED.,.F.,.F.,
(4,1,1,1,1,1,1,1,1,4),(0.,0.0780900470606613,0.162188599472051,0.248203801308767,
0.338816588291665,0.45084908022658,0.595863425878086,0.773519222141865,
0.924991767676232,1.),.UNSPECIFIED.);
#4115=B_SPLINE_CURVE_WITH_KNOTS('',3,(#11190,#11191,#11192,#11193,#11194,
#11195,#11196,#11197,#11198),.UNSPECIFIED.,.F.,.F.,(4,1,1,1,1,1,4),(0.,
0.116174667452623,0.254256256215654,0.467258946269944,0.685959862028719,
0.836730263997416,1.),.UNSPECIFIED.);
#4116=B_SPLINE_CURVE_WITH_KNOTS('',3,(#11202,#11203,#11204,#11205,#11206,
#11207,#11208,#11209,#11210,#11211,#11212,#11213,#11214,#11215,#11216,#11217,
#11218,#11219,#11220,#11221),.UNSPECIFIED.,.F.,.F.,(4,1,1,1,1,1,1,1,1,1,
1,1,1,1,1,1,1,4),(0.,0.040609199289766,0.0910190895737794,0.145461981409318,
0.226255036728139,0.310300898912732,0.393026128533148,0.504827312243055,
0.551340390896091,0.593428409713878,0.628846809025199,0.66965880586784,
0.72889676656309,0.787115093243643,0.853941985137249,0.91234763687845,0.957430407347804,
1.),.UNSPECIFIED.);
#4117=B_SPLINE_CURVE_WITH_KNOTS('',3,(#11223,#11224,#11225,#11226,#11227,
#11228,#11229,#11230,#11231),.UNSPECIFIED.,.F.,.F.,(4,1,1,1,1,1,4),(0.,
0.115744672750133,0.312818553265255,0.544434363312665,0.73176894603532,
0.917009886764873,1.),.UNSPECIFIED.);
#4118=B_SPLINE_CURVE_WITH_KNOTS('',3,(#11235,#11236,#11237,#11238,#11239,
#11240,#11241,#11242,#11243),.UNSPECIFIED.,.F.,.F.,(4,1,1,1,1,1,4),(0.,
0.105964566538178,0.245128948267405,0.415049699364738,0.603262256384388,
0.804375097798541,1.),.UNSPECIFIED.);
#4119=B_SPLINE_CURVE_WITH_KNOTS('',3,(#11244,#11245,#11246,#11247,#11248,
#11249,#11250,#11251,#11252,#11253,#11254),.UNSPECIFIED.,.F.,.F.,(4,1,1,
1,1,1,1,1,4),(0.,0.110276845250625,0.273429845552412,0.447029030824844,
0.580052031758717,0.682353206499795,0.792922354335339,0.892643099215036,
1.),.UNSPECIFIED.);
#4120=B_SPLINE_CURVE_WITH_KNOTS('',3,(#11257,#11258,#11259,#11260,#11261,
#11262,#11263,#11264,#11265,#11266,#11267,#11268,#11269,#11270,#11271,#11272,
#11273,#11274,#11275,#11276,#11277),.UNSPECIFIED.,.F.,.F.,(4,1,1,1,1,1,
1,1,1,1,1,1,1,1,1,1,1,1,4),(0.,0.0649431274098071,0.121552555843847,0.186646289221846,
0.253121800989921,0.310323602094343,0.394114921841385,0.446741441457128,
0.479512260844479,0.510649619337332,0.537729774042445,0.564565843878662,
0.604340753564351,0.640084064080679,0.680865468359344,0.741491615529828,
0.819144976788019,0.920010301360688,1.),.UNSPECIFIED.);
#4121=B_SPLINE_CURVE_WITH_KNOTS('',3,(#11279,#11280,#11281,#11282,#11283,
#11284,#11285,#11286,#11287,#11288,#11289,#11290,#11291,#11292,#11293),
 .UNSPECIFIED.,.F.,.F.,(4,1,1,1,1,1,1,1,1,1,1,1,4),(0.,0.0656217016087634,
0.132375905096381,0.223711568444337,0.28192115080861,0.355340078889038,
0.422528956234222,0.501278363187388,0.571788405258616,0.65774096834105,
0.756133793098236,0.877306645722933,1.),.UNSPECIFIED.);
#4122=B_SPLINE_CURVE_WITH_KNOTS('',3,(#11361,#11362,#11363,#11364,#11365,
#11366,#11367,#11368,#11369,#11370,#11371,#11372,#11373,#11374,#11375,#11376,
#11377,#11378,#11379,#11380,#11381),.UNSPECIFIED.,.F.,.F.,(4,1,1,1,1,1,
1,1,1,1,1,1,1,1,1,1,1,1,4),(0.,0.0649431274098071,0.121552555843847,0.186646289221846,
0.253121800989921,0.310323602094343,0.394114921841385,0.446741441457128,
0.479512260844479,0.510649619337332,0.537729774042445,0.564565843878662,
0.604340753564351,0.640084064080679,0.680865468359344,0.741491615529828,
0.819144976788019,0.920010301360688,1.),.UNSPECIFIED.);
#4123=B_SPLINE_CURVE_WITH_KNOTS('',3,(#11406,#11407,#11408,#11409,#11410,
#11411,#11412,#11413,#11414,#11415,#11416),.UNSPECIFIED.,.F.,.F.,(4,1,1,
1,1,1,1,1,4),(0.,0.110276845250625,0.273429845552412,0.447029030824844,
0.580052031758717,0.682353206499795,0.792922354335339,0.892643099215036,
1.),.UNSPECIFIED.);
#4124=B_SPLINE_CURVE_WITH_KNOTS('',3,(#11451,#11452,#11453,#11454,#11455,
#11456,#11457,#11458,#11459,#11460,#11461,#11462,#11463,#11464,#11465),
 .UNSPECIFIED.,.F.,.F.,(4,1,1,1,1,1,1,1,1,1,1,1,4),(0.,0.0656217016087634,
0.132375905096381,0.223711568444337,0.28192115080861,0.355340078889038,
0.422528956234222,0.501278363187388,0.571788405258616,0.65774096834105,
0.756133793098236,0.877306645722933,1.),.UNSPECIFIED.);
#4125=B_SPLINE_CURVE_WITH_KNOTS('',3,(#11488,#11489,#11490,#11491,#11492,
#11493,#11494,#11495,#11496,#11497,#11498),.UNSPECIFIED.,.F.,.F.,(4,1,1,
1,1,1,1,1,4),(0.,0.127817708369251,0.318875442655004,0.508550486209055,
0.732884617991401,0.821057812086433,0.881582075436128,0.944362264034339,
1.),.UNSPECIFIED.);
#4126=B_SPLINE_CURVE_WITH_KNOTS('',3,(#11499,#11500,#11501,#11502,#11503,
#11504,#11505,#11506,#11507,#11508,#11509),.UNSPECIFIED.,.F.,.F.,(4,1,1,
1,1,1,1,1,4),(0.,0.127817708369251,0.318875442655004,0.508550486209055,
0.732884617991401,0.821057812086433,0.881582075436128,0.944362264034339,
1.),.UNSPECIFIED.);
#4127=B_SPLINE_CURVE_WITH_KNOTS('',3,(#11537,#11538,#11539,#11540,#11541,
#11542,#11543,#11544,#11545,#11546,#11547,#11548,#11549),.UNSPECIFIED.,
 .F.,.F.,(4,1,1,1,1,1,1,1,1,1,4),(0.,0.0613742821170151,0.131858225802538,
0.224710929430393,0.339729518006252,0.46134630785397,0.574124081097246,
0.673927010745287,0.795942804748379,0.906060454394207,1.),.UNSPECIFIED.);
#4128=B_SPLINE_CURVE_WITH_KNOTS('',3,(#11568,#11569,#11570,#11571,#11572,
#11573,#11574),.UNSPECIFIED.,.F.,.F.,(4,1,1,1,4),(0.,0.240309586508264,
0.506858588313268,0.748676529428151,1.),.UNSPECIFIED.);
#4129=B_SPLINE_CURVE_WITH_KNOTS('',3,(#11615,#11616,#11617,#11618,#11619,
#11620,#11621,#11622,#11623,#11624,#11625),.UNSPECIFIED.,.F.,.F.,(4,1,1,
1,1,1,1,1,4),(0.,0.101372409148324,0.260005282054029,0.387649783236979,
0.479542476534623,0.590774056364057,0.71094624878383,0.844996615733169,
1.),.UNSPECIFIED.);
#4130=B_SPLINE_CURVE_WITH_KNOTS('',3,(#11626,#11627,#11628,#11629,#11630,
#11631,#11632,#11633,#11634,#11635,#11636),.UNSPECIFIED.,.F.,.F.,(4,1,1,
1,1,1,1,1,4),(0.,0.101372409148324,0.260005282054029,0.387649783236979,
0.479542476534623,0.590774056364057,0.71094624878383,0.844996615733169,
1.),.UNSPECIFIED.);
#4131=B_SPLINE_CURVE_WITH_KNOTS('',3,(#11659,#11660,#11661,#11662,#11663,
#11664,#11665,#11666,#11667,#11668,#11669),.UNSPECIFIED.,.F.,.F.,(4,1,1,
1,1,1,1,1,4),(0.,0.0964993951341317,0.234162381264549,0.354421914950957,
0.469302594050736,0.595366006903522,0.710016550461183,0.828370656659337,
1.),.UNSPECIFIED.);
#4132=B_SPLINE_CURVE_WITH_KNOTS('',3,(#11670,#11671,#11672,#11673,#11674,
#11675,#11676,#11677,#11678,#11679,#11680),.UNSPECIFIED.,.F.,.F.,(4,1,1,
1,1,1,1,1,4),(0.,0.0964993951341317,0.234162381264549,0.354421914950957,
0.469302594050736,0.595366006903522,0.710016550461183,0.828370656659337,
1.),.UNSPECIFIED.);
#4133=B_SPLINE_CURVE_WITH_KNOTS('',3,(#11705,#11706,#11707,#11708,#11709,
#11710,#11711,#11712,#11713,#11714,#11715,#11716),.UNSPECIFIED.,.F.,.F.,
(4,1,1,1,1,1,1,1,1,4),(0.,0.0613603082191846,0.16380525405629,0.268622268713318,
0.411007827557134,0.523776958110938,0.635058220113284,0.757531058371336,
0.887326937425319,1.),.UNSPECIFIED.);
#4134=B_SPLINE_CURVE_WITH_KNOTS('',3,(#11771,#11772,#11773,#11774,#11775,
#11776,#11777,#11778,#11779,#11780,#11781,#11782,#11783,#11784,#11785,#11786,
#11787,#11788,#11789,#11790),.UNSPECIFIED.,.F.,.F.,(4,1,1,1,1,1,1,1,1,1,
1,1,1,1,1,1,1,4),(0.,0.043045132139023,0.0929087133657547,0.151699934460331,
0.214065933009342,0.287273402106376,0.369684980396328,0.429701914316342,
0.493260864119867,0.545270792188181,0.599840860973006,0.657314163860827,
0.69350237280519,0.730310639438902,0.774383336142649,0.836187558350978,
0.920884769896484,1.),.UNSPECIFIED.);
#4135=B_SPLINE_CURVE_WITH_KNOTS('',3,(#11823,#11824,#11825,#11826,#11827,
#11828,#11829,#11830,#11831,#11832,#11833,#11834,#11835),.UNSPECIFIED.,
 .F.,.F.,(4,1,1,1,1,1,1,1,1,1,4),(0.,0.0716783728234488,0.201462204742673,
0.351985429895752,0.453312238503597,0.531131505749847,0.608074752221663,
0.687191601236581,0.794711152589731,0.901206841852244,1.),.UNSPECIFIED.);
#4136=B_SPLINE_CURVE_WITH_KNOTS('',3,(#11870,#11871,#11872,#11873,#11874,
#11875,#11876,#11877,#11878,#11879,#11880,#11881,#11882,#11883),
 .UNSPECIFIED.,.F.,.F.,(4,1,1,1,1,1,1,1,1,1,1,4),(0.,0.08623849645613,0.228781198885112,
0.318429721310933,0.398429855580078,0.47016064642521,0.540608256899536,
0.617589901528134,0.706482375945767,0.820387815025198,0.927564722627483,
1.),.UNSPECIFIED.);
#4137=B_SPLINE_CURVE_WITH_KNOTS('',3,(#11906,#11907,#11908,#11909,#11910,
#11911,#11912),.UNSPECIFIED.,.F.,.F.,(4,1,1,1,4),(0.,0.189625745842092,
0.480475473757239,0.770336076005841,1.),.UNSPECIFIED.);
#4138=B_SPLINE_CURVE_WITH_KNOTS('',3,(#11930,#11931,#11932,#11933,#11934,
#11935,#11936),.UNSPECIFIED.,.F.,.F.,(4,1,1,1,4),(0.,0.194143084834623,
0.470394449225887,0.792304306966796,1.),.UNSPECIFIED.);
#4139=B_SPLINE_CURVE_WITH_KNOTS('',3,(#11963,#11964,#11965,#11966,#11967,
#11968,#11969,#11970,#11971),.UNSPECIFIED.,.F.,.F.,(4,1,1,1,1,1,4),(0.,
0.105964566538178,0.245128948267405,0.415049699364738,0.603262256384388,
0.804375097798541,1.),.UNSPECIFIED.);
#4140=B_SPLINE_CURVE_WITH_KNOTS('',3,(#11998,#11999,#12000,#12001,#12002,
#12003,#12004,#12005,#12006),.UNSPECIFIED.,.F.,.F.,(4,1,1,1,1,1,4),(0.,
0.115744672750133,0.312818553265255,0.544434363312665,0.73176894603532,
0.917009886764873,1.),.UNSPECIFIED.);
#4141=B_SPLINE_CURVE_WITH_KNOTS('',3,(#12057,#12058,#12059,#12060,#12061,
#12062,#12063,#12064,#12065,#12066,#12067,#12068,#12069,#12070,#12071,#12072,
#12073,#12074,#12075,#12076),.UNSPECIFIED.,.F.,.F.,(4,1,1,1,1,1,1,1,1,1,
1,1,1,1,1,1,1,4),(0.,0.040609199289766,0.0910190895737794,0.145461981409318,
0.226255036728139,0.310300898912732,0.393026128533148,0.504827312243055,
0.551340390896091,0.593428409713878,0.628846809025199,0.66965880586784,
0.72889676656309,0.787115093243643,0.853941985137249,0.91234763687845,0.957430407347804,
1.),.UNSPECIFIED.);
#4142=B_SPLINE_CURVE_WITH_KNOTS('',3,(#12101,#12102,#12103,#12104,#12105,
#12106,#12107,#12108,#12109),.UNSPECIFIED.,.F.,.F.,(4,1,1,1,1,1,4),(0.,
0.116174667452623,0.254256256215654,0.467258946269944,0.685959862028719,
0.836730263997416,1.),.UNSPECIFIED.);
#4143=B_SPLINE_CURVE_WITH_KNOTS('',3,(#12134,#12135,#12136,#12137,#12138,
#12139,#12140,#12141,#12142,#12143,#12144,#12145),.UNSPECIFIED.,.F.,.F.,
(4,1,1,1,1,1,1,1,1,4),(0.,0.0780900470606613,0.162188599472051,0.248203801308767,
0.338816588291665,0.45084908022658,0.595863425878086,0.773519222141865,
0.924991767676232,1.),.UNSPECIFIED.);
#4144=B_SPLINE_CURVE_WITH_KNOTS('',3,(#12199,#12200,#12201,#12202,#12203,
#12204,#12205,#12206,#12207,#12208,#12209,#12210,#12211,#12212,#12213,#12214,
#12215,#12216,#12217,#12218,#12219,#12220,#12221,#12222,#12223),
 .UNSPECIFIED.,.F.,.F.,(4,1,1,1,1,1,1,1,1,1,1,1,1,1,1,1,1,1,1,1,1,1,4),
(0.,0.0399960230350982,0.08706933045798,0.122542904180695,0.167441425836844,
0.208298069356039,0.247300516584871,0.287275873833545,0.336133888694727,
0.393546624619138,0.434331012213747,0.498791094311678,0.546962847334605,
0.603513594399132,0.665337986257357,0.721772887813688,0.76527818122314,
0.798771323658224,0.841326384132074,0.877785484729249,0.90960092080019,
0.955996324886127,1.),.UNSPECIFIED.);
#4145=B_SPLINE_CURVE_WITH_KNOTS('',3,(#12290,#12291,#12292,#12293,#12294,
#12295,#12296,#12297,#12298,#12299,#12300,#12301,#12302,#12303,#12304,#12305,
#12306,#12307,#12308,#12309,#12310,#12311,#12312,#12313,#12314,#12315,#12316,
#12317,#12318),.UNSPECIFIED.,.F.,.F.,(4,1,1,1,1,1,1,1,1,1,1,1,1,1,1,1,1,
1,1,1,1,1,1,1,1,1,4),(0.,0.0225283662603692,0.0465572502585444,0.0809144186122593,
0.109722676356904,0.13208761094381,0.154027487059664,0.184141622839462,
0.223459017292316,0.259470627823827,0.298402110931201,0.337265014369084,
0.379043446365316,0.420888327743379,0.466637199205296,0.517653181529584,
0.576357844825246,0.629027407418508,0.689698928471576,0.737638920369895,
0.787558140215233,0.826649530949426,0.87130236881723,0.913048671611351,
0.943768164487868,0.973411290655867,1.),.UNSPECIFIED.);
#4146=B_SPLINE_CURVE_WITH_KNOTS('',3,(#12418,#12419,#12420,#12421,#12422,
#12423,#12424,#12425,#12426,#12427,#12428,#12429,#12430,#12431,#12432,#12433,
#12434,#12435,#12436,#12437,#12438,#12439,#12440,#12441,#12442,#12443,#12444,
#12445,#12446,#12447,#12448,#12449,#12450,#12451,#12452,#12453,#12454,#12455,
#12456),.UNSPECIFIED.,.F.,.F.,(4,1,1,1,1,1,1,1,1,1,1,1,1,1,1,1,1,1,1,1,
1,1,1,1,1,1,1,1,1,1,1,1,1,1,1,1,4),(0.,0.0195970564334382,0.0449046609313526,
0.0639922943002924,0.086715995357333,0.114266598057982,0.144666515602988,
0.177530484805565,0.208484942945467,0.242937921259914,0.268885686052316,
0.288675515694811,0.311953555900632,0.338733016259014,0.366345869257196,
0.381033855727594,0.400392666215254,0.424202280168167,0.446530783176478,
0.471878471263281,0.500723472683616,0.533794623237407,0.559731054791423,
0.587297494143167,0.616524191069086,0.65274082052959,0.690404332991652,
0.726141309389662,0.770912581678281,0.800192934309614,0.832390510334336,
0.867652824160548,0.897843124466884,0.932623662734515,0.962439896441023,
0.980437039308808,1.),.UNSPECIFIED.);
#4147=B_SPLINE_CURVE_WITH_KNOTS('',3,(#12522,#12523,#12524,#12525,#12526,
#12527,#12528,#12529,#12530,#12531,#12532,#12533,#12534,#12535,#12536,#12537,
#12538,#12539,#12540,#12541,#12542,#12543,#12544,#12545,#12546,#12547,#12548,
#12549,#12550,#12551),.UNSPECIFIED.,.T.,.F.,(1,3,1,1,1,1,1,1,1,1,1,1,1,
1,1,1,1,1,1,1,1,1,1,1,1,1,1,1,3,1),(-0.0373421774873808,0.,0.0216856050785286,
0.0468152565707047,0.0716115385426796,0.101196851558889,0.136813541842731,
0.181549725627462,0.224276876002507,0.281198015640909,0.323888661365126,
0.357076130060468,0.404010298390251,0.442898487880628,0.475386920731532,
0.50132041996298,0.531889135224719,0.573937634702191,0.599070602297279,
0.631399258876906,0.672487521449566,0.70246521646306,0.739495327145351,
0.76655554387562,0.811341157684393,0.856907616897379,0.913245890195266,
0.962657822512619,1.,1.02168560507853),.UNSPECIFIED.);
#4148=B_SPLINE_CURVE_WITH_KNOTS('',3,(#12580,#12581,#12582,#12583,#12584,
#12585,#12586,#12587,#12588,#12589,#12590,#12591),.UNSPECIFIED.,.F.,.F.,
(4,1,1,1,1,1,1,1,1,4),(0.,0.0542625483527049,0.149796643311248,0.268636522277944,
0.43295594606312,0.614410748639823,0.729268234261758,0.82355688038813,0.909323969297541,
1.),.UNSPECIFIED.);
#4149=B_SPLINE_CURVE_WITH_KNOTS('',3,(#12660,#12661,#12662,#12663,#12664,
#12665,#12666,#12667,#12668,#12669,#12670,#12671,#12672,#12673,#12674,#12675,
#12676,#12677,#12678,#12679,#12680,#12681,#12682,#12683,#12684),
 .UNSPECIFIED.,.F.,.F.,(4,1,1,1,1,1,1,1,1,1,1,1,1,1,1,1,1,1,1,1,1,1,4),
(0.,0.0366911323828261,0.0853225378107611,0.145849414647877,0.195248253694553,
0.237994164951122,0.283308706219493,0.329277617807229,0.367439115680337,
0.41322985412641,0.455882412673592,0.499415819085365,0.560080145373623,
0.619645528337833,0.667506484161137,0.695929604775534,0.731446633431812,
0.776546226771758,0.826311427722702,0.88155036726226,0.927502240466553,
0.96175622318839,1.),.UNSPECIFIED.);
#4150=EDGE_LOOP('',(#1141,#1142,#1143,#1144,#1145,#1146,#1147,#1148,#1149));
#4151=EDGE_LOOP('',(#1150,#1151,#1152,#1153,#1154,#1155,#1156,#1157,#1158,
#1159));
#4152=EDGE_LOOP('',(#1160));
#4153=EDGE_LOOP('',(#1161));
#4154=EDGE_LOOP('',(#1162));
#4155=EDGE_LOOP('',(#1163,#1164,#1165,#1166,#1167,#1168,#1169,#1170,#1171,
#1172));
#4156=EDGE_LOOP('',(#1173));
#4157=EDGE_LOOP('',(#1174,#1175,#1176,#1177,#1178,#1179,#1180,#1181,#1182,
#1183,#1184,#1185,#1186,#1187,#1188));
#4158=EDGE_LOOP('',(#1189,#1190,#1191,#1192,#1193,#1194));
#4159=EDGE_LOOP('',(#1195,#1196,#1197,#1198));
#4160=EDGE_LOOP('',(#1199,#1200,#1201,#1202));
#4161=EDGE_LOOP('',(#1203,#1204,#1205,#1206));
#4162=EDGE_LOOP('',(#1207,#1208,#1209,#1210));
#4163=EDGE_LOOP('',(#1211,#1212,#1213,#1214,#1215,#1216,#1217,#1218,#1219,
#1220,#1221,#1222,#1223,#1224,#1225));
#4164=EDGE_LOOP('',(#1226,#1227,#1228,#1229,#1230,#1231));
#4165=EDGE_LOOP('',(#1232,#1233,#1234,#1235,#1236,#1237,#1238,#1239,#1240,
#1241,#1242,#1243,#1244,#1245,#1246,#1247,#1248,#1249,#1250,#1251,#1252,
#1253,#1254));
#4166=EDGE_LOOP('',(#1255,#1256,#1257,#1258));
#4167=EDGE_LOOP('',(#1259,#1260,#1261,#1262));
#4168=EDGE_LOOP('',(#1263,#1264,#1265,#1266));
#4169=EDGE_LOOP('',(#1267,#1268,#1269,#1270));
#4170=EDGE_LOOP('',(#1271,#1272,#1273,#1274));
#4171=EDGE_LOOP('',(#1275,#1276,#1277,#1278,#1279));
#4172=EDGE_LOOP('',(#1280,#1281,#1282,#1283));
#4173=EDGE_LOOP('',(#1284,#1285,#1286,#1287));
#4174=EDGE_LOOP('',(#1288,#1289,#1290,#1291,#1292,#1293));
#4175=EDGE_LOOP('',(#1294));
#4176=EDGE_LOOP('',(#1295));
#4177=EDGE_LOOP('',(#1296));
#4178=EDGE_LOOP('',(#1297));
#4179=EDGE_LOOP('',(#1298,#1299,#1300,#1301,#1302,#1303,#1304,#1305,#1306,
#1307,#1308,#1309));
#4180=EDGE_LOOP('',(#1310,#1311,#1312,#1313));
#4181=EDGE_LOOP('',(#1314,#1315,#1316,#1317));
#4182=EDGE_LOOP('',(#1318,#1319,#1320,#1321,#1322,#1323));
#4183=EDGE_LOOP('',(#1324,#1325,#1326,#1327,#1328,#1329,#1330,#1331,#1332,
#1333));
#4184=EDGE_LOOP('',(#1334));
#4185=EDGE_LOOP('',(#1335));
#4186=EDGE_LOOP('',(#1336));
#4187=EDGE_LOOP('',(#1337));
#4188=EDGE_LOOP('',(#1338));
#4189=EDGE_LOOP('',(#1339));
#4190=EDGE_LOOP('',(#1340));
#4191=EDGE_LOOP('',(#1341,#1342,#1343,#1344,#1345,#1346));
#4192=EDGE_LOOP('',(#1347,#1348,#1349,#1350,#1351,#1352,#1353,#1354,#1355,
#1356));
#4193=EDGE_LOOP('',(#1357));
#4194=EDGE_LOOP('',(#1358));
#4195=EDGE_LOOP('',(#1359));
#4196=EDGE_LOOP('',(#1360));
#4197=EDGE_LOOP('',(#1361));
#4198=EDGE_LOOP('',(#1362));
#4199=EDGE_LOOP('',(#1363));
#4200=EDGE_LOOP('',(#1364));
#4201=EDGE_LOOP('',(#1365));
#4202=EDGE_LOOP('',(#1366));
#4203=EDGE_LOOP('',(#1367));
#4204=EDGE_LOOP('',(#1368));
#4205=EDGE_LOOP('',(#1369,#1370,#1371,#1372,#1373,#1374,#1375,#1376,#1377));
#4206=EDGE_LOOP('',(#1378,#1379,#1380,#1381,#1382,#1383));
#4207=EDGE_LOOP('',(#1384));
#4208=EDGE_LOOP('',(#1385));
#4209=EDGE_LOOP('',(#1386));
#4210=EDGE_LOOP('',(#1387));
#4211=EDGE_LOOP('',(#1388));
#4212=EDGE_LOOP('',(#1389));
#4213=EDGE_LOOP('',(#1390));
#4214=EDGE_LOOP('',(#1391));
#4215=EDGE_LOOP('',(#1392));
#4216=EDGE_LOOP('',(#1393));
#4217=EDGE_LOOP('',(#1394,#1395,#1396,#1397));
#4218=EDGE_LOOP('',(#1398,#1399,#1400,#1401));
#4219=EDGE_LOOP('',(#1402));
#4220=EDGE_LOOP('',(#1403));
#4221=EDGE_LOOP('',(#1404));
#4222=EDGE_LOOP('',(#1405,#1406,#1407,#1408));
#4223=EDGE_LOOP('',(#1409,#1410,#1411,#1412,#1413,#1414,#1415,#1416,#1417));
#4224=EDGE_LOOP('',(#1418,#1419,#1420,#1421));
#4225=EDGE_LOOP('',(#1422));
#4226=EDGE_LOOP('',(#1423));
#4227=EDGE_LOOP('',(#1424));
#4228=EDGE_LOOP('',(#1425));
#4229=EDGE_LOOP('',(#1426));
#4230=EDGE_LOOP('',(#1427));
#4231=EDGE_LOOP('',(#1428));
#4232=EDGE_LOOP('',(#1429));
#4233=EDGE_LOOP('',(#1430));
#4234=EDGE_LOOP('',(#1431));
#4235=EDGE_LOOP('',(#1432));
#4236=EDGE_LOOP('',(#1433));
#4237=EDGE_LOOP('',(#1434));
#4238=EDGE_LOOP('',(#1435));
#4239=EDGE_LOOP('',(#1436,#1437,#1438,#1439,#1440));
#4240=EDGE_LOOP('',(#1441,#1442,#1443,#1444,#1445));
#4241=EDGE_LOOP('',(#1446,#1447,#1448));
#4242=EDGE_LOOP('',(#1449,#1450,#1451));
#4243=EDGE_LOOP('',(#1452,#1453,#1454,#1455));
#4244=EDGE_LOOP('',(#1456,#1457,#1458,#1459));
#4245=EDGE_LOOP('',(#1460,#1461,#1462,#1463));
#4246=EDGE_LOOP('',(#1464,#1465,#1466,#1467));
#4247=EDGE_LOOP('',(#1468));
#4248=EDGE_LOOP('',(#1469));
#4249=EDGE_LOOP('',(#1470));
#4250=EDGE_LOOP('',(#1471));
#4251=EDGE_LOOP('',(#1472));
#4252=EDGE_LOOP('',(#1473));
#4253=EDGE_LOOP('',(#1474));
#4254=EDGE_LOOP('',(#1475));
#4255=EDGE_LOOP('',(#1476));
#4256=EDGE_LOOP('',(#1477));
#4257=EDGE_LOOP('',(#1478));
#4258=EDGE_LOOP('',(#1479));
#4259=EDGE_LOOP('',(#1480));
#4260=EDGE_LOOP('',(#1481,#1482));
#4261=EDGE_LOOP('',(#1483));
#4262=EDGE_LOOP('',(#1484));
#4263=EDGE_LOOP('',(#1485));
#4264=EDGE_LOOP('',(#1486));
#4265=EDGE_LOOP('',(#1487,#1488));
#4266=EDGE_LOOP('',(#1489));
#4267=EDGE_LOOP('',(#1490));
#4268=EDGE_LOOP('',(#1491));
#4269=EDGE_LOOP('',(#1492));
#4270=EDGE_LOOP('',(#1493));
#4271=EDGE_LOOP('',(#1494,#1495,#1496,#1497,#1498,#1499,#1500,#1501));
#4272=EDGE_LOOP('',(#1502,#1503,#1504,#1505,#1506,#1507,#1508));
#4273=EDGE_LOOP('',(#1509,#1510,#1511,#1512,#1513,#1514));
#4274=EDGE_LOOP('',(#1515,#1516,#1517,#1518,#1519,#1520,#1521));
#4275=EDGE_LOOP('',(#1522,#1523,#1524,#1525));
#4276=EDGE_LOOP('',(#1526,#1527,#1528,#1529,#1530));
#4277=EDGE_LOOP('',(#1531,#1532,#1533,#1534,#1535));
#4278=EDGE_LOOP('',(#1536,#1537,#1538,#1539));
#4279=EDGE_LOOP('',(#1540,#1541,#1542,#1543,#1544,#1545));
#4280=EDGE_LOOP('',(#1546,#1547,#1548,#1549));
#4281=EDGE_LOOP('',(#1550,#1551,#1552,#1553,#1554));
#4282=EDGE_LOOP('',(#1555,#1556,#1557,#1558));
#4283=EDGE_LOOP('',(#1559,#1560,#1561,#1562));
#4284=EDGE_LOOP('',(#1563,#1564,#1565,#1566,#1567));
#4285=EDGE_LOOP('',(#1568,#1569,#1570,#1571));
#4286=EDGE_LOOP('',(#1572,#1573,#1574,#1575,#1576,#1577));
#4287=EDGE_LOOP('',(#1578,#1579,#1580,#1581));
#4288=EDGE_LOOP('',(#1582,#1583,#1584,#1585));
#4289=EDGE_LOOP('',(#1586,#1587,#1588,#1589));
#4290=EDGE_LOOP('',(#1590,#1591,#1592,#1593,#1594,#1595));
#4291=EDGE_LOOP('',(#1596));
#4292=EDGE_LOOP('',(#1597));
#4293=EDGE_LOOP('',(#1598));
#4294=EDGE_LOOP('',(#1599));
#4295=EDGE_LOOP('',(#1600));
#4296=EDGE_LOOP('',(#1601,#1602));
#4297=EDGE_LOOP('',(#1603,#1604,#1605,#1606,#1607,#1608,#1609,#1610,#1611,
#1612,#1613));
#4298=EDGE_LOOP('',(#1614));
#4299=EDGE_LOOP('',(#1615));
#4300=EDGE_LOOP('',(#1616));
#4301=EDGE_LOOP('',(#1617,#1618,#1619,#1620));
#4302=EDGE_LOOP('',(#1621,#1622,#1623,#1624));
#4303=EDGE_LOOP('',(#1625,#1626,#1627,#1628,#1629,#1630));
#4304=EDGE_LOOP('',(#1631,#1632,#1633,#1634));
#4305=EDGE_LOOP('',(#1635,#1636,#1637,#1638,#1639,#1640));
#4306=EDGE_LOOP('',(#1641,#1642,#1643,#1644));
#4307=EDGE_LOOP('',(#1645,#1646,#1647,#1648,#1649,#1650));
#4308=EDGE_LOOP('',(#1651,#1652,#1653,#1654));
#4309=EDGE_LOOP('',(#1655,#1656,#1657,#1658,#1659));
#4310=EDGE_LOOP('',(#1660,#1661,#1662,#1663,#1664));
#4311=EDGE_LOOP('',(#1665,#1666,#1667,#1668));
#4312=EDGE_LOOP('',(#1669,#1670,#1671,#1672,#1673,#1674));
#4313=EDGE_LOOP('',(#1675,#1676,#1677,#1678));
#4314=EDGE_LOOP('',(#1679,#1680,#1681,#1682,#1683,#1684));
#4315=EDGE_LOOP('',(#1685,#1686,#1687,#1688));
#4316=EDGE_LOOP('',(#1689,#1690,#1691,#1692,#1693));
#4317=EDGE_LOOP('',(#1694,#1695,#1696,#1697));
#4318=EDGE_LOOP('',(#1698,#1699,#1700,#1701,#1702));
#4319=EDGE_LOOP('',(#1703,#1704,#1705,#1706,#1707,#1708,#1709,#1710,#1711,
#1712,#1713,#1714,#1715,#1716,#1717,#1718,#1719,#1720,#1721,#1722,#1723));
#4320=EDGE_LOOP('',(#1724));
#4321=EDGE_LOOP('',(#1725));
#4322=EDGE_LOOP('',(#1726));
#4323=EDGE_LOOP('',(#1727));
#4324=EDGE_LOOP('',(#1728));
#4325=EDGE_LOOP('',(#1729,#1730,#1731,#1732,#1733));
#4326=EDGE_LOOP('',(#1734,#1735,#1736,#1737));
#4327=EDGE_LOOP('',(#1738,#1739,#1740,#1741,#1742,#1743));
#4328=EDGE_LOOP('',(#1744,#1745,#1746,#1747));
#4329=EDGE_LOOP('',(#1748,#1749,#1750,#1751,#1752,#1753));
#4330=EDGE_LOOP('',(#1754,#1755,#1756,#1757));
#4331=EDGE_LOOP('',(#1758,#1759,#1760,#1761,#1762,#1763));
#4332=EDGE_LOOP('',(#1764,#1765,#1766,#1767));
#4333=EDGE_LOOP('',(#1768,#1769,#1770,#1771,#1772));
#4334=EDGE_LOOP('',(#1773,#1774,#1775,#1776,#1777));
#4335=EDGE_LOOP('',(#1778,#1779,#1780,#1781));
#4336=EDGE_LOOP('',(#1782,#1783,#1784,#1785,#1786,#1787));
#4337=EDGE_LOOP('',(#1788,#1789,#1790,#1791));
#4338=EDGE_LOOP('',(#1792,#1793,#1794,#1795,#1796,#1797));
#4339=EDGE_LOOP('',(#1798,#1799,#1800,#1801));
#4340=EDGE_LOOP('',(#1802,#1803,#1804,#1805,#1806,#1807));
#4341=EDGE_LOOP('',(#1808,#1809,#1810,#1811));
#4342=EDGE_LOOP('',(#1812,#1813,#1814,#1815,#1816));
#4343=EDGE_LOOP('',(#1817,#1818,#1819,#1820,#1821,#1822,#1823,#1824,#1825,
#1826,#1827,#1828,#1829,#1830,#1831,#1832,#1833,#1834));
#4344=EDGE_LOOP('',(#1835));
#4345=EDGE_LOOP('',(#1836));
#4346=EDGE_LOOP('',(#1837));
#4347=EDGE_LOOP('',(#1838));
#4348=EDGE_LOOP('',(#1839));
#4349=EDGE_LOOP('',(#1840));
#4350=EDGE_LOOP('',(#1841));
#4351=EDGE_LOOP('',(#1842));
#4352=EDGE_LOOP('',(#1843));
#4353=EDGE_LOOP('',(#1844));
#4354=EDGE_LOOP('',(#1845));
#4355=EDGE_LOOP('',(#1846));
#4356=EDGE_LOOP('',(#1847));
#4357=EDGE_LOOP('',(#1848));
#4358=EDGE_LOOP('',(#1849));
#4359=EDGE_LOOP('',(#1850));
#4360=EDGE_LOOP('',(#1851));
#4361=EDGE_LOOP('',(#1852));
#4362=EDGE_LOOP('',(#1853));
#4363=EDGE_LOOP('',(#1854));
#4364=EDGE_LOOP('',(#1855));
#4365=EDGE_LOOP('',(#1856));
#4366=EDGE_LOOP('',(#1857));
#4367=EDGE_LOOP('',(#1858));
#4368=EDGE_LOOP('',(#1859));
#4369=EDGE_LOOP('',(#1860));
#4370=EDGE_LOOP('',(#1861,#1862,#1863,#1864));
#4371=EDGE_LOOP('',(#1865,#1866,#1867,#1868,#1869));
#4372=EDGE_LOOP('',(#1870,#1871,#1872,#1873));
#4373=EDGE_LOOP('',(#1874,#1875,#1876,#1877,#1878));
#4374=EDGE_LOOP('',(#1879,#1880,#1881,#1882,#1883));
#4375=EDGE_LOOP('',(#1884,#1885,#1886,#1887));
#4376=EDGE_LOOP('',(#1888,#1889,#1890,#1891,#1892,#1893));
#4377=EDGE_LOOP('',(#1894,#1895,#1896,#1897));
#4378=EDGE_LOOP('',(#1898,#1899,#1900,#1901,#1902,#1903));
#4379=EDGE_LOOP('',(#1904,#1905,#1906,#1907));
#4380=EDGE_LOOP('',(#1908,#1909,#1910,#1911,#1912));
#4381=EDGE_LOOP('',(#1913));
#4382=EDGE_LOOP('',(#1914));
#4383=EDGE_LOOP('',(#1915));
#4384=EDGE_LOOP('',(#1916));
#4385=EDGE_LOOP('',(#1917));
#4386=EDGE_LOOP('',(#1918,#1919,#1920,#1921,#1922,#1923,#1924,#1925,#1926,
#1927,#1928));
#4387=EDGE_LOOP('',(#1929));
#4388=EDGE_LOOP('',(#1930));
#4389=EDGE_LOOP('',(#1931));
#4390=EDGE_LOOP('',(#1932));
#4391=EDGE_LOOP('',(#1933));
#4392=EDGE_LOOP('',(#1934));
#4393=EDGE_LOOP('',(#1935));
#4394=EDGE_LOOP('',(#1936));
#4395=EDGE_LOOP('',(#1937));
#4396=EDGE_LOOP('',(#1938));
#4397=EDGE_LOOP('',(#1939));
#4398=EDGE_LOOP('',(#1940));
#4399=EDGE_LOOP('',(#1941));
#4400=EDGE_LOOP('',(#1942));
#4401=EDGE_LOOP('',(#1943));
#4402=EDGE_LOOP('',(#1944));
#4403=EDGE_LOOP('',(#1945));
#4404=EDGE_LOOP('',(#1946));
#4405=EDGE_LOOP('',(#1947));
#4406=EDGE_LOOP('',(#1948));
#4407=EDGE_LOOP('',(#1949));
#4408=EDGE_LOOP('',(#1950,#1951,#1952,#1953,#1954,#1955,#1956,#1957,#1958));
#4409=EDGE_LOOP('',(#1959,#1960,#1961,#1962,#1963));
#4410=EDGE_LOOP('',(#1964,#1965,#1966,#1967,#1968,#1969,#1970,#1971,#1972,
#1973));
#4411=EDGE_LOOP('',(#1974,#1975,#1976,#1977));
#4412=EDGE_LOOP('',(#1978,#1979));
#4413=EDGE_LOOP('',(#1980));
#4414=EDGE_LOOP('',(#1981));
#4415=EDGE_LOOP('',(#1982));
#4416=EDGE_LOOP('',(#1983));
#4417=EDGE_LOOP('',(#1984));
#4418=EDGE_LOOP('',(#1985));
#4419=EDGE_LOOP('',(#1986));
#4420=EDGE_LOOP('',(#1987));
#4421=EDGE_LOOP('',(#1988));
#4422=EDGE_LOOP('',(#1989));
#4423=EDGE_LOOP('',(#1990));
#4424=EDGE_LOOP('',(#1991));
#4425=EDGE_LOOP('',(#1992,#1993,#1994,#1995));
#4426=EDGE_LOOP('',(#1996,#1997,#1998,#1999));
#4427=EDGE_LOOP('',(#2000,#2001,#2002,#2003));
#4428=EDGE_LOOP('',(#2004,#2005,#2006,#2007));
#4429=EDGE_LOOP('',(#2008,#2009,#2010,#2011));
#4430=EDGE_LOOP('',(#2012,#2013,#2014,#2015));
#4431=EDGE_LOOP('',(#2016,#2017,#2018,#2019));
#4432=EDGE_LOOP('',(#2020,#2021,#2022,#2023));
#4433=EDGE_LOOP('',(#2024,#2025,#2026,#2027));
#4434=EDGE_LOOP('',(#2028,#2029,#2030,#2031));
#4435=EDGE_LOOP('',(#2032,#2033,#2034,#2035));
#4436=EDGE_LOOP('',(#2036,#2037,#2038,#2039));
#4437=EDGE_LOOP('',(#2040,#2041,#2042,#2043));
#4438=EDGE_LOOP('',(#2044,#2045,#2046,#2047));
#4439=EDGE_LOOP('',(#2048,#2049,#2050,#2051));
#4440=EDGE_LOOP('',(#2052,#2053,#2054,#2055,#2056,#2057,#2058,#2059,#2060,
#2061));
#4441=EDGE_LOOP('',(#2062,#2063,#2064,#2065));
#4442=EDGE_LOOP('',(#2066,#2067,#2068,#2069));
#4443=EDGE_LOOP('',(#2070,#2071,#2072,#2073));
#4444=EDGE_LOOP('',(#2074,#2075,#2076,#2077));
#4445=EDGE_LOOP('',(#2078,#2079,#2080,#2081));
#4446=EDGE_LOOP('',(#2082,#2083,#2084,#2085,#2086));
#4447=EDGE_LOOP('',(#2087,#2088,#2089,#2090));
#4448=EDGE_LOOP('',(#2091,#2092,#2093,#2094));
#4449=EDGE_LOOP('',(#2095,#2096,#2097,#2098));
#4450=EDGE_LOOP('',(#2099,#2100,#2101,#2102));
#4451=EDGE_LOOP('',(#2103,#2104,#2105,#2106));
#4452=EDGE_LOOP('',(#2107,#2108,#2109,#2110));
#4453=EDGE_LOOP('',(#2111,#2112,#2113,#2114));
#4454=EDGE_LOOP('',(#2115,#2116,#2117,#2118));
#4455=EDGE_LOOP('',(#2119,#2120,#2121,#2122));
#4456=EDGE_LOOP('',(#2123,#2124,#2125,#2126,#2127,#2128,#2129,#2130,#2131));
#4457=EDGE_LOOP('',(#2132,#2133,#2134,#2135));
#4458=EDGE_LOOP('',(#2136,#2137,#2138,#2139));
#4459=EDGE_LOOP('',(#2140,#2141,#2142,#2143));
#4460=EDGE_LOOP('',(#2144,#2145,#2146,#2147,#2148));
#4461=EDGE_LOOP('',(#2149,#2150,#2151,#2152));
#4462=EDGE_LOOP('',(#2153,#2154,#2155,#2156));
#4463=EDGE_LOOP('',(#2157,#2158,#2159,#2160));
#4464=EDGE_LOOP('',(#2161,#2162,#2163,#2164));
#4465=EDGE_LOOP('',(#2165,#2166,#2167,#2168));
#4466=EDGE_LOOP('',(#2169,#2170,#2171,#2172));
#4467=EDGE_LOOP('',(#2173,#2174,#2175,#2176));
#4468=EDGE_LOOP('',(#2177,#2178,#2179,#2180));
#4469=EDGE_LOOP('',(#2181,#2182,#2183,#2184));
#4470=EDGE_LOOP('',(#2185,#2186,#2187,#2188));
#4471=EDGE_LOOP('',(#2189,#2190,#2191,#2192));
#4472=EDGE_LOOP('',(#2193,#2194,#2195,#2196));
#4473=EDGE_LOOP('',(#2197,#2198,#2199,#2200));
#4474=EDGE_LOOP('',(#2201,#2202,#2203,#2204));
#4475=EDGE_LOOP('',(#2205,#2206,#2207,#2208));
#4476=EDGE_LOOP('',(#2209,#2210,#2211,#2212));
#4477=EDGE_LOOP('',(#2213,#2214,#2215,#2216));
#4478=EDGE_LOOP('',(#2217,#2218,#2219,#2220));
#4479=EDGE_LOOP('',(#2221,#2222,#2223,#2224));
#4480=EDGE_LOOP('',(#2225,#2226,#2227,#2228));
#4481=EDGE_LOOP('',(#2229,#2230,#2231,#2232));
#4482=EDGE_LOOP('',(#2233,#2234,#2235,#2236));
#4483=EDGE_LOOP('',(#2237,#2238,#2239,#2240));
#4484=EDGE_LOOP('',(#2241,#2242,#2243,#2244));
#4485=EDGE_LOOP('',(#2245,#2246,#2247,#2248));
#4486=EDGE_LOOP('',(#2249,#2250,#2251,#2252));
#4487=EDGE_LOOP('',(#2253,#2254,#2255,#2256));
#4488=EDGE_LOOP('',(#2257,#2258,#2259,#2260));
#4489=EDGE_LOOP('',(#2261,#2262,#2263,#2264));
#4490=EDGE_LOOP('',(#2265,#2266,#2267,#2268));
#4491=EDGE_LOOP('',(#2269,#2270,#2271,#2272));
#4492=EDGE_LOOP('',(#2273,#2274,#2275,#2276));
#4493=EDGE_LOOP('',(#2277,#2278,#2279,#2280));
#4494=EDGE_LOOP('',(#2281,#2282,#2283,#2284));
#4495=EDGE_LOOP('',(#2285,#2286,#2287,#2288,#2289));
#4496=EDGE_LOOP('',(#2290,#2291,#2292,#2293,#2294));
#4497=EDGE_LOOP('',(#2295));
#4498=EDGE_LOOP('',(#2296));
#4499=EDGE_LOOP('',(#2297));
#4500=EDGE_LOOP('',(#2298,#2299,#2300,#2301));
#4501=EDGE_LOOP('',(#2302,#2303,#2304,#2305));
#4502=EDGE_LOOP('',(#2306,#2307,#2308,#2309));
#4503=EDGE_LOOP('',(#2310,#2311,#2312,#2313));
#4504=EDGE_LOOP('',(#2314,#2315,#2316,#2317));
#4505=EDGE_LOOP('',(#2318,#2319,#2320,#2321));
#4506=EDGE_LOOP('',(#2322,#2323,#2324,#2325));
#4507=EDGE_LOOP('',(#2326,#2327,#2328,#2329));
#4508=EDGE_LOOP('',(#2330,#2331,#2332,#2333));
#4509=EDGE_LOOP('',(#2334,#2335,#2336,#2337,#2338,#2339,#2340,#2341,#2342));
#4510=EDGE_LOOP('',(#2343,#2344,#2345,#2346,#2347,#2348,#2349,#2350,#2351));
#4511=EDGE_LOOP('',(#2352,#2353));
#4512=EDGE_LOOP('',(#2354,#2355));
#4513=EDGE_LOOP('',(#2356));
#4514=EDGE_LOOP('',(#2357,#2358,#2359));
#4515=EDGE_LOOP('',(#2360,#2361));
#4516=EDGE_LOOP('',(#2362,#2363,#2364,#2365,#2366,#2367,#2368,#2369,#2370));
#4517=EDGE_LOOP('',(#2371,#2372,#2373,#2374));
#4518=EDGE_LOOP('',(#2375,#2376,#2377,#2378));
#4519=EDGE_LOOP('',(#2379,#2380,#2381,#2382));
#4520=EDGE_LOOP('',(#2383,#2384,#2385,#2386));
#4521=EDGE_LOOP('',(#2387,#2388,#2389,#2390));
#4522=EDGE_LOOP('',(#2391,#2392,#2393,#2394));
#4523=EDGE_LOOP('',(#2395,#2396,#2397,#2398));
#4524=EDGE_LOOP('',(#2399,#2400,#2401,#2402));
#4525=EDGE_LOOP('',(#2403,#2404,#2405,#2406));
#4526=EDGE_LOOP('',(#2407,#2408,#2409));
#4527=EDGE_LOOP('',(#2410,#2411,#2412,#2413));
#4528=EDGE_LOOP('',(#2414,#2415,#2416,#2417));
#4529=EDGE_LOOP('',(#2418,#2419,#2420,#2421));
#4530=EDGE_LOOP('',(#2422,#2423,#2424,#2425));
#4531=EDGE_LOOP('',(#2426,#2427,#2428,#2429));
#4532=EDGE_LOOP('',(#2430,#2431,#2432,#2433));
#4533=EDGE_LOOP('',(#2434,#2435,#2436,#2437));
#4534=EDGE_LOOP('',(#2438,#2439));
#4535=EDGE_LOOP('',(#2440,#2441));
#4536=EDGE_LOOP('',(#2442,#2443,#2444));
#4537=EDGE_LOOP('',(#2445,#2446));
#4538=EDGE_LOOP('',(#2447,#2448,#2449,#2450));
#4539=EDGE_LOOP('',(#2451,#2452,#2453,#2454));
#4540=EDGE_LOOP('',(#2455,#2456,#2457,#2458));
#4541=EDGE_LOOP('',(#2459,#2460,#2461,#2462));
#4542=EDGE_LOOP('',(#2463,#2464,#2465,#2466));
#4543=EDGE_LOOP('',(#2467,#2468,#2469,#2470));
#4544=EDGE_LOOP('',(#2471,#2472,#2473,#2474));
#4545=EDGE_LOOP('',(#2475,#2476,#2477,#2478));
#4546=EDGE_LOOP('',(#2479,#2480,#2481,#2482));
#4547=EDGE_LOOP('',(#2483,#2484,#2485,#2486,#2487,#2488,#2489,#2490,#2491));
#4548=EDGE_LOOP('',(#2492,#2493,#2494,#2495));
#4549=EDGE_LOOP('',(#2496,#2497,#2498,#2499));
#4550=EDGE_LOOP('',(#2500,#2501,#2502,#2503));
#4551=EDGE_LOOP('',(#2504,#2505,#2506,#2507));
#4552=EDGE_LOOP('',(#2508,#2509,#2510,#2511));
#4553=EDGE_LOOP('',(#2512,#2513,#2514,#2515));
#4554=EDGE_LOOP('',(#2516,#2517,#2518,#2519));
#4555=EDGE_LOOP('',(#2520,#2521,#2522,#2523));
#4556=EDGE_LOOP('',(#2524,#2525,#2526,#2527));
#4557=EDGE_LOOP('',(#2528,#2529,#2530,#2531,#2532,#2533,#2534,#2535,#2536));
#4558=EDGE_LOOP('',(#2537,#2538,#2539,#2540));
#4559=EDGE_LOOP('',(#2541,#2542,#2543,#2544));
#4560=EDGE_LOOP('',(#2545,#2546));
#4561=EDGE_LOOP('',(#2547,#2548,#2549,#2550));
#4562=EDGE_LOOP('',(#2551,#2552,#2553,#2554));
#4563=EDGE_LOOP('',(#2555,#2556));
#4564=EDGE_LOOP('',(#2557));
#4565=EDGE_LOOP('',(#2558));
#4566=EDGE_LOOP('',(#2559));
#4567=EDGE_LOOP('',(#2560,#2561,#2562,#2563));
#4568=EDGE_LOOP('',(#2564,#2565,#2566,#2567));
#4569=EDGE_LOOP('',(#2568,#2569));
#4570=EDGE_LOOP('',(#2570,#2571,#2572));
#4571=EDGE_LOOP('',(#2573,#2574));
#4572=EDGE_LOOP('',(#2575,#2576,#2577,#2578));
#4573=EDGE_LOOP('',(#2579,#2580,#2581,#2582));
#4574=EDGE_LOOP('',(#2583,#2584,#2585,#2586));
#4575=EDGE_LOOP('',(#2587,#2588,#2589,#2590));
#4576=EDGE_LOOP('',(#2591,#2592,#2593,#2594));
#4577=EDGE_LOOP('',(#2595,#2596,#2597,#2598));
#4578=EDGE_LOOP('',(#2599,#2600,#2601,#2602));
#4579=EDGE_LOOP('',(#2603,#2604,#2605,#2606));
#4580=EDGE_LOOP('',(#2607,#2608,#2609,#2610,#2611));
#4581=EDGE_LOOP('',(#2612,#2613,#2614,#2615));
#4582=EDGE_LOOP('',(#2616,#2617,#2618,#2619));
#4583=EDGE_LOOP('',(#2620,#2621,#2622,#2623,#2624));
#4584=EDGE_LOOP('',(#2625,#2626,#2627,#2628,#2629,#2630,#2631));
#4585=EDGE_LOOP('',(#2632,#2633,#2634,#2635,#2636,#2637,#2638));
#4586=EDGE_LOOP('',(#2639,#2640,#2641,#2642));
#4587=EDGE_LOOP('',(#2643,#2644,#2645,#2646));
#4588=EDGE_LOOP('',(#2647,#2648,#2649,#2650));
#4589=EDGE_LOOP('',(#2651));
#4590=EDGE_LOOP('',(#2652));
#4591=EDGE_LOOP('',(#2653));
#4592=EDGE_LOOP('',(#2654));
#4593=EDGE_LOOP('',(#2655,#2656,#2657,#2658));
#4594=EDGE_LOOP('',(#2659,#2660,#2661,#2662));
#4595=FACE_BOUND('',#4150,.T.);
#4596=FACE_BOUND('',#4151,.T.);
#4597=FACE_BOUND('',#4152,.T.);
#4598=FACE_BOUND('',#4153,.T.);
#4599=FACE_BOUND('',#4154,.T.);
#4600=FACE_BOUND('',#4155,.T.);
#4601=FACE_BOUND('',#4156,.T.);
#4602=FACE_BOUND('',#4157,.T.);
#4603=FACE_BOUND('',#4158,.T.);
#4604=FACE_BOUND('',#4159,.T.);
#4605=FACE_BOUND('',#4160,.T.);
#4606=FACE_BOUND('',#4161,.T.);
#4607=FACE_BOUND('',#4162,.T.);
#4608=FACE_BOUND('',#4163,.T.);
#4609=FACE_BOUND('',#4164,.T.);
#4610=FACE_BOUND('',#4165,.T.);
#4611=FACE_BOUND('',#4166,.T.);
#4612=FACE_BOUND('',#4167,.T.);
#4613=FACE_BOUND('',#4168,.T.);
#4614=FACE_BOUND('',#4169,.T.);
#4615=FACE_BOUND('',#4170,.T.);
#4616=FACE_BOUND('',#4171,.T.);
#4617=FACE_BOUND('',#4172,.T.);
#4618=FACE_BOUND('',#4173,.T.);
#4619=FACE_BOUND('',#4174,.T.);
#4620=FACE_BOUND('',#4175,.T.);
#4621=FACE_BOUND('',#4176,.T.);
#4622=FACE_BOUND('',#4177,.T.);
#4623=FACE_BOUND('',#4178,.T.);
#4624=FACE_BOUND('',#4179,.T.);
#4625=FACE_BOUND('',#4180,.T.);
#4626=FACE_BOUND('',#4181,.T.);
#4627=FACE_BOUND('',#4182,.T.);
#4628=FACE_BOUND('',#4183,.T.);
#4629=FACE_BOUND('',#4184,.T.);
#4630=FACE_BOUND('',#4185,.T.);
#4631=FACE_BOUND('',#4186,.T.);
#4632=FACE_BOUND('',#4187,.T.);
#4633=FACE_BOUND('',#4188,.T.);
#4634=FACE_BOUND('',#4189,.T.);
#4635=FACE_BOUND('',#4190,.T.);
#4636=FACE_BOUND('',#4191,.T.);
#4637=FACE_BOUND('',#4192,.T.);
#4638=FACE_BOUND('',#4193,.T.);
#4639=FACE_BOUND('',#4194,.T.);
#4640=FACE_BOUND('',#4195,.T.);
#4641=FACE_BOUND('',#4196,.T.);
#4642=FACE_BOUND('',#4197,.T.);
#4643=FACE_BOUND('',#4198,.T.);
#4644=FACE_BOUND('',#4199,.T.);
#4645=FACE_BOUND('',#4200,.T.);
#4646=FACE_BOUND('',#4201,.T.);
#4647=FACE_BOUND('',#4202,.T.);
#4648=FACE_BOUND('',#4203,.T.);
#4649=FACE_BOUND('',#4204,.T.);
#4650=FACE_BOUND('',#4205,.T.);
#4651=FACE_BOUND('',#4206,.T.);
#4652=FACE_BOUND('',#4207,.T.);
#4653=FACE_BOUND('',#4208,.T.);
#4654=FACE_BOUND('',#4209,.T.);
#4655=FACE_BOUND('',#4210,.T.);
#4656=FACE_BOUND('',#4211,.T.);
#4657=FACE_BOUND('',#4212,.T.);
#4658=FACE_BOUND('',#4213,.T.);
#4659=FACE_BOUND('',#4214,.T.);
#4660=FACE_BOUND('',#4215,.T.);
#4661=FACE_BOUND('',#4216,.T.);
#4662=FACE_BOUND('',#4217,.T.);
#4663=FACE_BOUND('',#4218,.T.);
#4664=FACE_BOUND('',#4219,.T.);
#4665=FACE_BOUND('',#4220,.T.);
#4666=FACE_BOUND('',#4221,.T.);
#4667=FACE_BOUND('',#4222,.T.);
#4668=FACE_BOUND('',#4223,.T.);
#4669=FACE_BOUND('',#4224,.T.);
#4670=FACE_BOUND('',#4225,.T.);
#4671=FACE_BOUND('',#4226,.T.);
#4672=FACE_BOUND('',#4227,.T.);
#4673=FACE_BOUND('',#4228,.T.);
#4674=FACE_BOUND('',#4229,.T.);
#4675=FACE_BOUND('',#4230,.T.);
#4676=FACE_BOUND('',#4231,.T.);
#4677=FACE_BOUND('',#4232,.T.);
#4678=FACE_BOUND('',#4233,.T.);
#4679=FACE_BOUND('',#4234,.T.);
#4680=FACE_BOUND('',#4235,.T.);
#4681=FACE_BOUND('',#4236,.T.);
#4682=FACE_BOUND('',#4237,.T.);
#4683=FACE_BOUND('',#4238,.T.);
#4684=FACE_BOUND('',#4239,.T.);
#4685=FACE_BOUND('',#4240,.T.);
#4686=FACE_BOUND('',#4241,.T.);
#4687=FACE_BOUND('',#4242,.T.);
#4688=FACE_BOUND('',#4243,.T.);
#4689=FACE_BOUND('',#4244,.T.);
#4690=FACE_BOUND('',#4245,.T.);
#4691=FACE_BOUND('',#4246,.T.);
#4692=FACE_BOUND('',#4247,.T.);
#4693=FACE_BOUND('',#4248,.T.);
#4694=FACE_BOUND('',#4249,.T.);
#4695=FACE_BOUND('',#4250,.T.);
#4696=FACE_BOUND('',#4251,.T.);
#4697=FACE_BOUND('',#4252,.T.);
#4698=FACE_BOUND('',#4253,.T.);
#4699=FACE_BOUND('',#4254,.T.);
#4700=FACE_BOUND('',#4255,.T.);
#4701=FACE_BOUND('',#4256,.T.);
#4702=FACE_BOUND('',#4257,.T.);
#4703=FACE_BOUND('',#4258,.T.);
#4704=FACE_BOUND('',#4259,.T.);
#4705=FACE_BOUND('',#4260,.T.);
#4706=FACE_BOUND('',#4261,.T.);
#4707=FACE_BOUND('',#4262,.T.);
#4708=FACE_BOUND('',#4263,.T.);
#4709=FACE_BOUND('',#4264,.T.);
#4710=FACE_BOUND('',#4265,.T.);
#4711=FACE_BOUND('',#4266,.T.);
#4712=FACE_BOUND('',#4267,.T.);
#4713=FACE_BOUND('',#4268,.T.);
#4714=FACE_BOUND('',#4269,.T.);
#4715=FACE_BOUND('',#4270,.T.);
#4716=FACE_BOUND('',#4271,.T.);
#4717=FACE_BOUND('',#4272,.T.);
#4718=FACE_BOUND('',#4273,.T.);
#4719=FACE_BOUND('',#4274,.T.);
#4720=FACE_BOUND('',#4275,.T.);
#4721=FACE_BOUND('',#4276,.T.);
#4722=FACE_BOUND('',#4277,.T.);
#4723=FACE_BOUND('',#4278,.T.);
#4724=FACE_BOUND('',#4279,.T.);
#4725=FACE_BOUND('',#4280,.T.);
#4726=FACE_BOUND('',#4281,.T.);
#4727=FACE_BOUND('',#4282,.T.);
#4728=FACE_BOUND('',#4283,.T.);
#4729=FACE_BOUND('',#4284,.T.);
#4730=FACE_BOUND('',#4285,.T.);
#4731=FACE_BOUND('',#4286,.T.);
#4732=FACE_BOUND('',#4287,.T.);
#4733=FACE_BOUND('',#4288,.T.);
#4734=FACE_BOUND('',#4289,.T.);
#4735=FACE_BOUND('',#4290,.T.);
#4736=FACE_BOUND('',#4291,.T.);
#4737=FACE_BOUND('',#4292,.T.);
#4738=FACE_BOUND('',#4293,.T.);
#4739=FACE_BOUND('',#4294,.T.);
#4740=FACE_BOUND('',#4295,.T.);
#4741=FACE_BOUND('',#4296,.T.);
#4742=FACE_BOUND('',#4297,.T.);
#4743=FACE_BOUND('',#4298,.T.);
#4744=FACE_BOUND('',#4299,.T.);
#4745=FACE_BOUND('',#4300,.T.);
#4746=FACE_BOUND('',#4301,.T.);
#4747=FACE_BOUND('',#4302,.T.);
#4748=FACE_BOUND('',#4303,.T.);
#4749=FACE_BOUND('',#4304,.T.);
#4750=FACE_BOUND('',#4305,.T.);
#4751=FACE_BOUND('',#4306,.T.);
#4752=FACE_BOUND('',#4307,.T.);
#4753=FACE_BOUND('',#4308,.T.);
#4754=FACE_BOUND('',#4309,.T.);
#4755=FACE_BOUND('',#4310,.T.);
#4756=FACE_BOUND('',#4311,.T.);
#4757=FACE_BOUND('',#4312,.T.);
#4758=FACE_BOUND('',#4313,.T.);
#4759=FACE_BOUND('',#4314,.T.);
#4760=FACE_BOUND('',#4315,.T.);
#4761=FACE_BOUND('',#4316,.T.);
#4762=FACE_BOUND('',#4317,.T.);
#4763=FACE_BOUND('',#4318,.T.);
#4764=FACE_BOUND('',#4319,.T.);
#4765=FACE_BOUND('',#4320,.T.);
#4766=FACE_BOUND('',#4321,.T.);
#4767=FACE_BOUND('',#4322,.T.);
#4768=FACE_BOUND('',#4323,.T.);
#4769=FACE_BOUND('',#4324,.T.);
#4770=FACE_BOUND('',#4325,.T.);
#4771=FACE_BOUND('',#4326,.T.);
#4772=FACE_BOUND('',#4327,.T.);
#4773=FACE_BOUND('',#4328,.T.);
#4774=FACE_BOUND('',#4329,.T.);
#4775=FACE_BOUND('',#4330,.T.);
#4776=FACE_BOUND('',#4331,.T.);
#4777=FACE_BOUND('',#4332,.T.);
#4778=FACE_BOUND('',#4333,.T.);
#4779=FACE_BOUND('',#4334,.T.);
#4780=FACE_BOUND('',#4335,.T.);
#4781=FACE_BOUND('',#4336,.T.);
#4782=FACE_BOUND('',#4337,.T.);
#4783=FACE_BOUND('',#4338,.T.);
#4784=FACE_BOUND('',#4339,.T.);
#4785=FACE_BOUND('',#4340,.T.);
#4786=FACE_BOUND('',#4341,.T.);
#4787=FACE_BOUND('',#4342,.T.);
#4788=FACE_BOUND('',#4343,.T.);
#4789=FACE_BOUND('',#4344,.T.);
#4790=FACE_BOUND('',#4345,.T.);
#4791=FACE_BOUND('',#4346,.T.);
#4792=FACE_BOUND('',#4347,.T.);
#4793=FACE_BOUND('',#4348,.T.);
#4794=FACE_BOUND('',#4349,.T.);
#4795=FACE_BOUND('',#4350,.T.);
#4796=FACE_BOUND('',#4351,.T.);
#4797=FACE_BOUND('',#4352,.T.);
#4798=FACE_BOUND('',#4353,.T.);
#4799=FACE_BOUND('',#4354,.T.);
#4800=FACE_BOUND('',#4355,.T.);
#4801=FACE_BOUND('',#4356,.T.);
#4802=FACE_BOUND('',#4357,.T.);
#4803=FACE_BOUND('',#4358,.T.);
#4804=FACE_BOUND('',#4359,.T.);
#4805=FACE_BOUND('',#4360,.T.);
#4806=FACE_BOUND('',#4361,.T.);
#4807=FACE_BOUND('',#4362,.T.);
#4808=FACE_BOUND('',#4363,.T.);
#4809=FACE_BOUND('',#4364,.T.);
#4810=FACE_BOUND('',#4365,.T.);
#4811=FACE_BOUND('',#4366,.T.);
#4812=FACE_BOUND('',#4367,.T.);
#4813=FACE_BOUND('',#4368,.T.);
#4814=FACE_BOUND('',#4369,.T.);
#4815=FACE_BOUND('',#4370,.T.);
#4816=FACE_BOUND('',#4371,.T.);
#4817=FACE_BOUND('',#4372,.T.);
#4818=FACE_BOUND('',#4373,.T.);
#4819=FACE_BOUND('',#4374,.T.);
#4820=FACE_BOUND('',#4375,.T.);
#4821=FACE_BOUND('',#4376,.T.);
#4822=FACE_BOUND('',#4377,.T.);
#4823=FACE_BOUND('',#4378,.T.);
#4824=FACE_BOUND('',#4379,.T.);
#4825=FACE_BOUND('',#4380,.T.);
#4826=FACE_BOUND('',#4381,.T.);
#4827=FACE_BOUND('',#4382,.T.);
#4828=FACE_BOUND('',#4383,.T.);
#4829=FACE_BOUND('',#4384,.T.);
#4830=FACE_BOUND('',#4385,.T.);
#4831=FACE_BOUND('',#4386,.T.);
#4832=FACE_BOUND('',#4387,.T.);
#4833=FACE_BOUND('',#4388,.T.);
#4834=FACE_BOUND('',#4389,.T.);
#4835=FACE_BOUND('',#4390,.T.);
#4836=FACE_BOUND('',#4391,.T.);
#4837=FACE_BOUND('',#4392,.T.);
#4838=FACE_BOUND('',#4393,.T.);
#4839=FACE_BOUND('',#4394,.T.);
#4840=FACE_BOUND('',#4395,.T.);
#4841=FACE_BOUND('',#4396,.T.);
#4842=FACE_BOUND('',#4397,.T.);
#4843=FACE_BOUND('',#4398,.T.);
#4844=FACE_BOUND('',#4399,.T.);
#4845=FACE_BOUND('',#4400,.T.);
#4846=FACE_BOUND('',#4401,.T.);
#4847=FACE_BOUND('',#4402,.T.);
#4848=FACE_BOUND('',#4403,.T.);
#4849=FACE_BOUND('',#4404,.T.);
#4850=FACE_BOUND('',#4405,.T.);
#4851=FACE_BOUND('',#4406,.T.);
#4852=FACE_BOUND('',#4407,.T.);
#4853=FACE_BOUND('',#4408,.T.);
#4854=FACE_BOUND('',#4409,.T.);
#4855=FACE_BOUND('',#4410,.T.);
#4856=FACE_BOUND('',#4411,.T.);
#4857=FACE_BOUND('',#4412,.T.);
#4858=FACE_BOUND('',#4413,.T.);
#4859=FACE_BOUND('',#4414,.T.);
#4860=FACE_BOUND('',#4415,.T.);
#4861=FACE_BOUND('',#4416,.T.);
#4862=FACE_BOUND('',#4417,.T.);
#4863=FACE_BOUND('',#4418,.T.);
#4864=FACE_BOUND('',#4419,.T.);
#4865=FACE_BOUND('',#4420,.T.);
#4866=FACE_BOUND('',#4421,.T.);
#4867=FACE_BOUND('',#4422,.T.);
#4868=FACE_BOUND('',#4423,.T.);
#4869=FACE_BOUND('',#4424,.T.);
#4870=FACE_BOUND('',#4425,.T.);
#4871=FACE_BOUND('',#4426,.T.);
#4872=FACE_BOUND('',#4427,.T.);
#4873=FACE_BOUND('',#4428,.T.);
#4874=FACE_BOUND('',#4429,.T.);
#4875=FACE_BOUND('',#4430,.T.);
#4876=FACE_BOUND('',#4431,.T.);
#4877=FACE_BOUND('',#4432,.T.);
#4878=FACE_BOUND('',#4433,.T.);
#4879=FACE_BOUND('',#4434,.T.);
#4880=FACE_BOUND('',#4435,.T.);
#4881=FACE_BOUND('',#4436,.T.);
#4882=FACE_BOUND('',#4437,.T.);
#4883=FACE_BOUND('',#4438,.T.);
#4884=FACE_BOUND('',#4439,.T.);
#4885=FACE_BOUND('',#4440,.T.);
#4886=FACE_BOUND('',#4441,.T.);
#4887=FACE_BOUND('',#4442,.T.);
#4888=FACE_BOUND('',#4443,.T.);
#4889=FACE_BOUND('',#4444,.T.);
#4890=FACE_BOUND('',#4445,.T.);
#4891=FACE_BOUND('',#4446,.T.);
#4892=FACE_BOUND('',#4447,.T.);
#4893=FACE_BOUND('',#4448,.T.);
#4894=FACE_BOUND('',#4449,.T.);
#4895=FACE_BOUND('',#4450,.T.);
#4896=FACE_BOUND('',#4451,.T.);
#4897=FACE_BOUND('',#4452,.T.);
#4898=FACE_BOUND('',#4453,.T.);
#4899=FACE_BOUND('',#4454,.T.);
#4900=FACE_BOUND('',#4455,.T.);
#4901=FACE_BOUND('',#4456,.T.);
#4902=FACE_BOUND('',#4457,.T.);
#4903=FACE_BOUND('',#4458,.T.);
#4904=FACE_BOUND('',#4459,.T.);
#4905=FACE_BOUND('',#4460,.T.);
#4906=FACE_BOUND('',#4461,.T.);
#4907=FACE_BOUND('',#4462,.T.);
#4908=FACE_BOUND('',#4463,.T.);
#4909=FACE_BOUND('',#4464,.T.);
#4910=FACE_BOUND('',#4465,.T.);
#4911=FACE_BOUND('',#4466,.T.);
#4912=FACE_BOUND('',#4467,.T.);
#4913=FACE_BOUND('',#4468,.T.);
#4914=FACE_BOUND('',#4469,.T.);
#4915=FACE_BOUND('',#4470,.T.);
#4916=FACE_BOUND('',#4471,.T.);
#4917=FACE_BOUND('',#4472,.T.);
#4918=FACE_BOUND('',#4473,.T.);
#4919=FACE_BOUND('',#4474,.T.);
#4920=FACE_BOUND('',#4475,.T.);
#4921=FACE_BOUND('',#4476,.T.);
#4922=FACE_BOUND('',#4477,.T.);
#4923=FACE_BOUND('',#4478,.T.);
#4924=FACE_BOUND('',#4479,.T.);
#4925=FACE_BOUND('',#4480,.T.);
#4926=FACE_BOUND('',#4481,.T.);
#4927=FACE_BOUND('',#4482,.T.);
#4928=FACE_BOUND('',#4483,.T.);
#4929=FACE_BOUND('',#4484,.T.);
#4930=FACE_BOUND('',#4485,.T.);
#4931=FACE_BOUND('',#4486,.T.);
#4932=FACE_BOUND('',#4487,.T.);
#4933=FACE_BOUND('',#4488,.T.);
#4934=FACE_BOUND('',#4489,.T.);
#4935=FACE_BOUND('',#4490,.T.);
#4936=FACE_BOUND('',#4491,.T.);
#4937=FACE_BOUND('',#4492,.T.);
#4938=FACE_BOUND('',#4493,.T.);
#4939=FACE_BOUND('',#4494,.T.);
#4940=FACE_BOUND('',#4495,.T.);
#4941=FACE_BOUND('',#4496,.T.);
#4942=FACE_BOUND('',#4497,.T.);
#4943=FACE_BOUND('',#4498,.T.);
#4944=FACE_BOUND('',#4499,.T.);
#4945=FACE_BOUND('',#4500,.T.);
#4946=FACE_BOUND('',#4501,.T.);
#4947=FACE_BOUND('',#4502,.T.);
#4948=FACE_BOUND('',#4503,.T.);
#4949=FACE_BOUND('',#4504,.T.);
#4950=FACE_BOUND('',#4505,.T.);
#4951=FACE_BOUND('',#4506,.T.);
#4952=FACE_BOUND('',#4507,.T.);
#4953=FACE_BOUND('',#4508,.T.);
#4954=FACE_BOUND('',#4509,.T.);
#4955=FACE_BOUND('',#4510,.T.);
#4956=FACE_BOUND('',#4511,.T.);
#4957=FACE_BOUND('',#4512,.T.);
#4958=FACE_BOUND('',#4513,.T.);
#4959=FACE_BOUND('',#4514,.T.);
#4960=FACE_BOUND('',#4515,.T.);
#4961=FACE_BOUND('',#4516,.T.);
#4962=FACE_BOUND('',#4517,.T.);
#4963=FACE_BOUND('',#4518,.T.);
#4964=FACE_BOUND('',#4519,.T.);
#4965=FACE_BOUND('',#4520,.T.);
#4966=FACE_BOUND('',#4521,.T.);
#4967=FACE_BOUND('',#4522,.T.);
#4968=FACE_BOUND('',#4523,.T.);
#4969=FACE_BOUND('',#4524,.T.);
#4970=FACE_BOUND('',#4525,.T.);
#4971=FACE_BOUND('',#4526,.T.);
#4972=FACE_BOUND('',#4527,.T.);
#4973=FACE_BOUND('',#4528,.T.);
#4974=FACE_BOUND('',#4529,.T.);
#4975=FACE_BOUND('',#4530,.T.);
#4976=FACE_BOUND('',#4531,.T.);
#4977=FACE_BOUND('',#4532,.T.);
#4978=FACE_BOUND('',#4533,.T.);
#4979=FACE_BOUND('',#4534,.T.);
#4980=FACE_BOUND('',#4535,.T.);
#4981=FACE_BOUND('',#4536,.T.);
#4982=FACE_BOUND('',#4537,.T.);
#4983=FACE_BOUND('',#4538,.T.);
#4984=FACE_BOUND('',#4539,.T.);
#4985=FACE_BOUND('',#4540,.T.);
#4986=FACE_BOUND('',#4541,.T.);
#4987=FACE_BOUND('',#4542,.T.);
#4988=FACE_BOUND('',#4543,.T.);
#4989=FACE_BOUND('',#4544,.T.);
#4990=FACE_BOUND('',#4545,.T.);
#4991=FACE_BOUND('',#4546,.T.);
#4992=FACE_BOUND('',#4547,.T.);
#4993=FACE_BOUND('',#4548,.T.);
#4994=FACE_BOUND('',#4549,.T.);
#4995=FACE_BOUND('',#4550,.T.);
#4996=FACE_BOUND('',#4551,.T.);
#4997=FACE_BOUND('',#4552,.T.);
#4998=FACE_BOUND('',#4553,.T.);
#4999=FACE_BOUND('',#4554,.T.);
#5000=FACE_BOUND('',#4555,.T.);
#5001=FACE_BOUND('',#4556,.T.);
#5002=FACE_BOUND('',#4557,.T.);
#5003=FACE_BOUND('',#4558,.T.);
#5004=FACE_BOUND('',#4559,.T.);
#5005=FACE_BOUND('',#4560,.T.);
#5006=FACE_BOUND('',#4561,.T.);
#5007=FACE_BOUND('',#4562,.T.);
#5008=FACE_BOUND('',#4563,.T.);
#5009=FACE_BOUND('',#4564,.T.);
#5010=FACE_BOUND('',#4565,.T.);
#5011=FACE_BOUND('',#4566,.T.);
#5012=FACE_BOUND('',#4567,.T.);
#5013=FACE_BOUND('',#4568,.T.);
#5014=FACE_BOUND('',#4569,.T.);
#5015=FACE_BOUND('',#4570,.T.);
#5016=FACE_BOUND('',#4571,.T.);
#5017=FACE_BOUND('',#4572,.T.);
#5018=FACE_BOUND('',#4573,.T.);
#5019=FACE_BOUND('',#4574,.T.);
#5020=FACE_BOUND('',#4575,.T.);
#5021=FACE_BOUND('',#4576,.T.);
#5022=FACE_BOUND('',#4577,.T.);
#5023=FACE_BOUND('',#4578,.T.);
#5024=FACE_BOUND('',#4579,.T.);
#5025=FACE_BOUND('',#4580,.T.);
#5026=FACE_BOUND('',#4581,.T.);
#5027=FACE_BOUND('',#4582,.T.);
#5028=FACE_BOUND('',#4583,.T.);
#5029=FACE_BOUND('',#4584,.T.);
#5030=FACE_BOUND('',#4585,.T.);
#5031=FACE_BOUND('',#4586,.T.);
#5032=FACE_BOUND('',#4587,.T.);
#5033=FACE_BOUND('',#4588,.T.);
#5034=FACE_BOUND('',#4589,.T.);
#5035=FACE_BOUND('',#4590,.T.);
#5036=FACE_BOUND('',#4591,.T.);
#5037=FACE_BOUND('',#4592,.T.);
#5038=FACE_BOUND('',#4593,.T.);
#5039=FACE_BOUND('',#4594,.T.);
#5040=PLANE('',#5532);
#5041=PLANE('',#5537);
#5042=PLANE('',#5542);
#5043=PLANE('',#5545);
#5044=PLANE('',#5546);
#5045=PLANE('',#5552);
#5046=PLANE('',#5553);
#5047=PLANE('',#5555);
#5048=PLANE('',#5556);
#5049=PLANE('',#5557);
#5050=PLANE('',#5558);
#5051=PLANE('',#5560);
#5052=PLANE('',#5561);
#5053=PLANE('',#5562);
#5054=PLANE('',#5563);
#5055=PLANE('',#5564);
#5056=PLANE('',#5565);
#5057=PLANE('',#5566);
#5058=PLANE('',#5575);
#5059=PLANE('',#5577);
#5060=PLANE('',#5586);
#5061=PLANE('',#5588);
#5062=PLANE('',#5608);
#5063=PLANE('',#5610);
#5064=PLANE('',#5611);
#5065=PLANE('',#5619);
#5066=PLANE('',#5620);
#5067=PLANE('',#5621);
#5068=PLANE('',#5623);
#5069=PLANE('',#5639);
#5070=PLANE('',#5642);
#5071=PLANE('',#5645);
#5072=PLANE('',#5648);
#5073=PLANE('',#5651);
#5074=PLANE('',#5654);
#5075=PLANE('',#5658);
#5076=PLANE('',#5662);
#5077=PLANE('',#5666);
#5078=PLANE('',#5667);
#5079=PLANE('',#5668);
#5080=PLANE('',#5669);
#5081=PLANE('',#5670);
#5082=PLANE('',#5671);
#5083=PLANE('',#5681);
#5084=PLANE('',#5687);
#5085=PLANE('',#5711);
#5086=PLANE('',#5735);
#5087=PLANE('',#5741);
#5088=PLANE('',#5744);
#5089=PLANE('',#5747);
#5090=PLANE('',#5750);
#5091=PLANE('',#5753);
#5092=PLANE('',#5756);
#5093=PLANE('',#5759);
#5094=PLANE('',#5774);
#5095=PLANE('',#5780);
#5096=PLANE('',#5783);
#5097=PLANE('',#5786);
#5098=PLANE('',#5789);
#5099=PLANE('',#5792);
#5100=PLANE('',#5795);
#5101=PLANE('',#5798);
#5102=PLANE('',#5801);
#5103=PLANE('',#5806);
#5104=PLANE('',#5809);
#5105=PLANE('',#5812);
#5106=PLANE('',#5815);
#5107=PLANE('',#5818);
#5108=PLANE('',#5819);
#5109=PLANE('',#5820);
#5110=PLANE('',#5823);
#5111=PLANE('',#5824);
#5112=PLANE('',#5825);
#5113=PLANE('',#5828);
#5114=PLANE('',#5829);
#5115=PLANE('',#5832);
#5116=PLANE('',#5833);
#5117=PLANE('',#5836);
#5118=PLANE('',#5837);
#5119=PLANE('',#5838);
#5120=PLANE('',#5839);
#5121=PLANE('',#5840);
#5122=PLANE('',#5841);
#5123=PLANE('',#5842);
#5124=PLANE('',#5843);
#5125=PLANE('',#5844);
#5126=PLANE('',#5845);
#5127=PLANE('',#5846);
#5128=PLANE('',#5847);
#5129=PLANE('',#5848);
#5130=PLANE('',#5849);
#5131=PLANE('',#5850);
#5132=PLANE('',#5851);
#5133=PLANE('',#5852);
#5134=PLANE('',#5853);
#5135=PLANE('',#5854);
#5136=PLANE('',#5857);
#5137=PLANE('',#5858);
#5138=PLANE('',#5859);
#5139=PLANE('',#5860);
#5140=PLANE('',#5861);
#5141=PLANE('',#5862);
#5142=PLANE('',#5865);
#5143=PLANE('',#5866);
#5144=PLANE('',#5867);
#5145=PLANE('',#5868);
#5146=PLANE('',#5869);
#5147=PLANE('',#5870);
#5148=PLANE('',#5871);
#5149=PLANE('',#5872);
#5150=PLANE('',#5873);
#5151=PLANE('',#5874);
#5152=PLANE('',#5875);
#5153=PLANE('',#5876);
#5154=PLANE('',#5877);
#5155=PLANE('',#5878);
#5156=PLANE('',#5879);
#5157=PLANE('',#5880);
#5158=PLANE('',#5881);
#5159=PLANE('',#5882);
#5160=PLANE('',#5883);
#5161=PLANE('',#5884);
#5162=PLANE('',#5885);
#5163=PLANE('',#5886);
#5164=PLANE('',#5887);
#5165=PLANE('',#5888);
#5166=PLANE('',#5889);
#5167=PLANE('',#5890);
#5168=PLANE('',#5891);
#5169=PLANE('',#5892);
#5170=PLANE('',#5893);
#5171=PLANE('',#5894);
#5172=PLANE('',#5895);
#5173=PLANE('',#5896);
#5174=PLANE('',#5897);
#5175=PLANE('',#5898);
#5176=PLANE('',#5899);
#5177=PLANE('',#5900);
#5178=PLANE('',#5901);
#5179=PLANE('',#5902);
#5180=PLANE('',#5903);
#5181=PLANE('',#5904);
#5182=PLANE('',#5905);
#5183=PLANE('',#5906);
#5184=PLANE('',#5907);
#5185=PLANE('',#5908);
#5186=PLANE('',#5909);
#5187=PLANE('',#5910);
#5188=ADVANCED_FACE('',(#4595,#4596,#4597,#4598),#5040,.F.);
#5189=ADVANCED_FACE('',(#4599,#4600,#4601),#5041,.T.);
#5190=ADVANCED_FACE('',(#4602),#5042,.T.);
#5191=ADVANCED_FACE('',(#4603),#5043,.T.);
#5192=ADVANCED_FACE('',(#4604),#5044,.F.);
#5193=ADVANCED_FACE('',(#4605),#122,.T.);
#5194=ADVANCED_FACE('',(#4606),#123,.T.);
#5195=ADVANCED_FACE('',(#4607),#5045,.T.);
#5196=ADVANCED_FACE('',(#4608),#5046,.T.);
#5197=ADVANCED_FACE('',(#4609,#4610),#5047,.T.);
#5198=ADVANCED_FACE('',(#4611),#5048,.T.);
#5199=ADVANCED_FACE('',(#4612),#5049,.T.);
#5200=ADVANCED_FACE('',(#4613),#5050,.T.);
#5201=ADVANCED_FACE('',(#4614),#5051,.T.);
#5202=ADVANCED_FACE('',(#4615),#5052,.T.);
#5203=ADVANCED_FACE('',(#4616),#5053,.T.);
#5204=ADVANCED_FACE('',(#4617),#5054,.T.);
#5205=ADVANCED_FACE('',(#4618),#5055,.T.);
#5206=ADVANCED_FACE('',(#4619),#5056,.T.);
#5207=ADVANCED_FACE('',(#4620,#4621,#4622,#4623,#4624),#5057,.T.);
#5208=ADVANCED_FACE('',(#4625),#124,.T.);
#5209=ADVANCED_FACE('',(#4626),#125,.T.);
#5210=ADVANCED_FACE('',(#4627),#5058,.F.);
#5211=ADVANCED_FACE('',(#4628,#4629,#4630,#4631,#4632,#4633,#4634,#4635),
#5059,.F.);
#5212=ADVANCED_FACE('',(#4636),#5060,.F.);
#5213=ADVANCED_FACE('',(#4637),#5061,.T.);
#5214=ADVANCED_FACE('',(#4638,#4639),#126,.F.);
#5215=ADVANCED_FACE('',(#4640,#4641),#127,.F.);
#5216=ADVANCED_FACE('',(#4642,#4643),#128,.F.);
#5217=ADVANCED_FACE('',(#4644,#4645),#129,.F.);
#5218=ADVANCED_FACE('',(#4646,#4647),#130,.F.);
#5219=ADVANCED_FACE('',(#4648,#4649),#131,.F.);
#5220=ADVANCED_FACE('',(#4650),#5062,.T.);
#5221=ADVANCED_FACE('',(#4651),#5063,.T.);
#5222=ADVANCED_FACE('',(#4652,#4653,#4654,#4655,#4656,#4657,#4658,#4659,
#4660,#4661,#4662),#5064,.F.);
#5223=ADVANCED_FACE('',(#4663),#5065,.F.);
#5224=ADVANCED_FACE('',(#4664,#4665,#4666,#4667),#5066,.T.);
#5225=ADVANCED_FACE('',(#4668),#5067,.F.);
#5226=ADVANCED_FACE('',(#4669),#5068,.F.);
#5227=ADVANCED_FACE('',(#4670,#4671),#132,.F.);
#5228=ADVANCED_FACE('',(#4672,#4673),#133,.F.);
#5229=ADVANCED_FACE('',(#4674,#4675),#134,.F.);
#5230=ADVANCED_FACE('',(#4676,#4677),#135,.F.);
#5231=ADVANCED_FACE('',(#4678,#4679),#136,.F.);
#5232=ADVANCED_FACE('',(#4680,#4681),#137,.F.);
#5233=ADVANCED_FACE('',(#4682,#4683),#138,.F.);
#5234=ADVANCED_FACE('',(#4684),#139,.T.);
#5235=ADVANCED_FACE('',(#4685),#140,.T.);
#5236=ADVANCED_FACE('',(#4686),#120,.T.);
#5237=ADVANCED_FACE('',(#4687),#121,.T.);
#5238=ADVANCED_FACE('',(#4688),#141,.T.);
#5239=ADVANCED_FACE('',(#4689),#5069,.F.);
#5240=ADVANCED_FACE('',(#4690),#142,.T.);
#5241=ADVANCED_FACE('',(#4691),#5070,.F.);
#5242=ADVANCED_FACE('',(#4692,#4693),#143,.F.);
#5243=ADVANCED_FACE('',(#4694),#5071,.T.);
#5244=ADVANCED_FACE('',(#4695,#4696),#144,.F.);
#5245=ADVANCED_FACE('',(#4697),#5072,.T.);
#5246=ADVANCED_FACE('',(#4698,#4699),#145,.F.);
#5247=ADVANCED_FACE('',(#4700),#5073,.T.);
#5248=ADVANCED_FACE('',(#4701,#4702),#146,.F.);
#5249=ADVANCED_FACE('',(#4703),#5074,.T.);
#5250=ADVANCED_FACE('',(#4704,#4705),#147,.F.);
#5251=ADVANCED_FACE('',(#4706,#4707,#4708,#4709),#5075,.T.);
#5252=ADVANCED_FACE('',(#4710,#4711),#148,.F.);
#5253=ADVANCED_FACE('',(#4712,#4713,#4714,#4715),#5076,.T.);
#5254=ADVANCED_FACE('',(#4716),#149,.T.);
#5255=ADVANCED_FACE('',(#4717),#5077,.F.);
#5256=ADVANCED_FACE('',(#4718),#5078,.T.);
#5257=ADVANCED_FACE('',(#4719),#5079,.T.);
#5258=ADVANCED_FACE('',(#4720),#5080,.T.);
#5259=ADVANCED_FACE('',(#4721),#5081,.T.);
#5260=ADVANCED_FACE('',(#4722),#5082,.F.);
#5261=ADVANCED_FACE('',(#4723),#150,.F.);
#5262=ADVANCED_FACE('',(#4724),#12,.F.);
#5263=ADVANCED_FACE('',(#4725),#151,.F.);
#5264=ADVANCED_FACE('',(#4726),#13,.F.);
#5265=ADVANCED_FACE('',(#4727),#14,.F.);
#5266=ADVANCED_FACE('',(#4728),#15,.F.);
#5267=ADVANCED_FACE('',(#4729),#16,.F.);
#5268=ADVANCED_FACE('',(#4730),#17,.F.);
#5269=ADVANCED_FACE('',(#4731),#18,.F.);
#5270=ADVANCED_FACE('',(#4732),#152,.F.);
#5271=ADVANCED_FACE('',(#4733),#19,.T.);
#5272=ADVANCED_FACE('',(#4734),#20,.T.);
#5273=ADVANCED_FACE('',(#4735),#21,.F.);
#5274=ADVANCED_FACE('',(#4736,#4737,#4738,#4739,#4740,#4741,#4742),#5083,
 .T.);
#5275=ADVANCED_FACE('',(#4743),#5084,.T.);
#5276=ADVANCED_FACE('',(#4744,#4745),#153,.F.);
#5277=ADVANCED_FACE('',(#4746),#154,.T.);
#5278=ADVANCED_FACE('',(#4747),#155,.F.);
#5279=ADVANCED_FACE('',(#4748),#22,.T.);
#5280=ADVANCED_FACE('',(#4749),#156,.F.);
#5281=ADVANCED_FACE('',(#4750),#23,.T.);
#5282=ADVANCED_FACE('',(#4751),#157,.F.);
#5283=ADVANCED_FACE('',(#4752),#24,.T.);
#5284=ADVANCED_FACE('',(#4753),#158,.F.);
#5285=ADVANCED_FACE('',(#4754),#25,.T.);
#5286=ADVANCED_FACE('',(#4755),#26,.T.);
#5287=ADVANCED_FACE('',(#4756),#159,.T.);
#5288=ADVANCED_FACE('',(#4757),#27,.T.);
#5289=ADVANCED_FACE('',(#4758),#160,.T.);
#5290=ADVANCED_FACE('',(#4759),#28,.T.);
#5291=ADVANCED_FACE('',(#4760),#29,.T.);
#5292=ADVANCED_FACE('',(#4761),#30,.T.);
#5293=ADVANCED_FACE('',(#4762),#31,.T.);
#5294=ADVANCED_FACE('',(#4763),#32,.T.);
#5295=ADVANCED_FACE('',(#4764,#4765,#4766,#4767,#4768,#4769),#5085,.T.);
#5296=ADVANCED_FACE('',(#4770),#33,.T.);
#5297=ADVANCED_FACE('',(#4771),#161,.F.);
#5298=ADVANCED_FACE('',(#4772),#34,.T.);
#5299=ADVANCED_FACE('',(#4773),#162,.F.);
#5300=ADVANCED_FACE('',(#4774),#35,.T.);
#5301=ADVANCED_FACE('',(#4775),#36,.T.);
#5302=ADVANCED_FACE('',(#4776),#37,.T.);
#5303=ADVANCED_FACE('',(#4777),#38,.T.);
#5304=ADVANCED_FACE('',(#4778),#39,.T.);
#5305=ADVANCED_FACE('',(#4779),#40,.T.);
#5306=ADVANCED_FACE('',(#4780),#163,.T.);
#5307=ADVANCED_FACE('',(#4781),#41,.T.);
#5308=ADVANCED_FACE('',(#4782),#164,.T.);
#5309=ADVANCED_FACE('',(#4783),#42,.T.);
#5310=ADVANCED_FACE('',(#4784),#165,.T.);
#5311=ADVANCED_FACE('',(#4785),#43,.T.);
#5312=ADVANCED_FACE('',(#4786),#166,.T.);
#5313=ADVANCED_FACE('',(#4787),#44,.T.);
#5314=ADVANCED_FACE('',(#4788,#4789,#4790,#4791,#4792,#4793),#5086,.T.);
#5315=ADVANCED_FACE('',(#4794),#5087,.T.);
#5316=ADVANCED_FACE('',(#4795,#4796),#167,.F.);
#5317=ADVANCED_FACE('',(#4797),#5088,.T.);
#5318=ADVANCED_FACE('',(#4798,#4799),#168,.F.);
#5319=ADVANCED_FACE('',(#4800),#5089,.T.);
#5320=ADVANCED_FACE('',(#4801,#4802),#169,.F.);
#5321=ADVANCED_FACE('',(#4803),#5090,.T.);
#5322=ADVANCED_FACE('',(#4804,#4805),#170,.F.);
#5323=ADVANCED_FACE('',(#4806),#5091,.T.);
#5324=ADVANCED_FACE('',(#4807,#4808),#171,.F.);
#5325=ADVANCED_FACE('',(#4809),#5092,.T.);
#5326=ADVANCED_FACE('',(#4810,#4811),#172,.F.);
#5327=ADVANCED_FACE('',(#4812),#5093,.T.);
#5328=ADVANCED_FACE('',(#4813,#4814),#173,.F.);
#5329=ADVANCED_FACE('',(#4815),#45,.F.);
#5330=ADVANCED_FACE('',(#4816),#46,.F.);
#5331=ADVANCED_FACE('',(#4817),#174,.T.);
#5332=ADVANCED_FACE('',(#4818),#47,.F.);
#5333=ADVANCED_FACE('',(#4819),#48,.F.);
#5334=ADVANCED_FACE('',(#4820),#175,.T.);
#5335=ADVANCED_FACE('',(#4821),#49,.F.);
#5336=ADVANCED_FACE('',(#4822),#176,.T.);
#5337=ADVANCED_FACE('',(#4823),#50,.F.);
#5338=ADVANCED_FACE('',(#4824),#177,.T.);
#5339=ADVANCED_FACE('',(#4825),#51,.F.);
#5340=ADVANCED_FACE('',(#4826,#4827,#4828,#4829,#4830,#4831),#5094,.T.);
#5341=ADVANCED_FACE('',(#4832),#5095,.T.);
#5342=ADVANCED_FACE('',(#4833,#4834),#178,.F.);
#5343=ADVANCED_FACE('',(#4835),#5096,.T.);
#5344=ADVANCED_FACE('',(#4836,#4837),#179,.F.);
#5345=ADVANCED_FACE('',(#4838),#5097,.T.);
#5346=ADVANCED_FACE('',(#4839,#4840),#180,.F.);
#5347=ADVANCED_FACE('',(#4841),#5098,.T.);
#5348=ADVANCED_FACE('',(#4842,#4843),#181,.F.);
#5349=ADVANCED_FACE('',(#4844),#5099,.T.);
#5350=ADVANCED_FACE('',(#4845,#4846),#182,.F.);
#5351=ADVANCED_FACE('',(#4847),#5100,.T.);
#5352=ADVANCED_FACE('',(#4848,#4849),#183,.F.);
#5353=ADVANCED_FACE('',(#4850),#5101,.T.);
#5354=ADVANCED_FACE('',(#4851,#4852),#184,.F.);
#5355=ADVANCED_FACE('',(#4853,#4854,#4855,#4856,#4857),#5102,.T.);
#5356=ADVANCED_FACE('',(#4858),#5103,.T.);
#5357=ADVANCED_FACE('',(#4859,#4860),#185,.F.);
#5358=ADVANCED_FACE('',(#4861),#5104,.T.);
#5359=ADVANCED_FACE('',(#4862,#4863),#186,.F.);
#5360=ADVANCED_FACE('',(#4864),#5105,.T.);
#5361=ADVANCED_FACE('',(#4865,#4866),#187,.F.);
#5362=ADVANCED_FACE('',(#4867),#5106,.T.);
#5363=ADVANCED_FACE('',(#4868,#4869),#188,.F.);
#5364=ADVANCED_FACE('',(#4870),#52,.F.);
#5365=ADVANCED_FACE('',(#4871),#53,.F.);
#5366=ADVANCED_FACE('',(#4872),#54,.F.);
#5367=ADVANCED_FACE('',(#4873),#5107,.T.);
#5368=ADVANCED_FACE('',(#4874),#5108,.T.);
#5369=ADVANCED_FACE('',(#4875),#5109,.F.);
#5370=ADVANCED_FACE('',(#4876),#189,.F.);
#5371=ADVANCED_FACE('',(#4877),#5110,.T.);
#5372=ADVANCED_FACE('',(#4878),#5111,.T.);
#5373=ADVANCED_FACE('',(#4879),#5112,.T.);
#5374=ADVANCED_FACE('',(#4880),#190,.F.);
#5375=ADVANCED_FACE('',(#4881),#5113,.F.);
#5376=ADVANCED_FACE('',(#4882),#5114,.F.);
#5377=ADVANCED_FACE('',(#4883),#191,.F.);
#5378=ADVANCED_FACE('',(#4884),#5115,.F.);
#5379=ADVANCED_FACE('',(#4885),#5116,.T.);
#5380=ADVANCED_FACE('',(#4886),#55,.F.);
#5381=ADVANCED_FACE('',(#4887),#192,.F.);
#5382=ADVANCED_FACE('',(#4888),#56,.T.);
#5383=ADVANCED_FACE('',(#4889),#57,.F.);
#5384=ADVANCED_FACE('',(#4890),#5117,.T.);
#5385=ADVANCED_FACE('',(#4891),#5118,.T.);
#5386=ADVANCED_FACE('',(#4892),#5119,.F.);
#5387=ADVANCED_FACE('',(#4893),#58,.F.);
#5388=ADVANCED_FACE('',(#4894),#5120,.T.);
#5389=ADVANCED_FACE('',(#4895),#5121,.T.);
#5390=ADVANCED_FACE('',(#4896),#5122,.T.);
#5391=ADVANCED_FACE('',(#4897),#5123,.F.);
#5392=ADVANCED_FACE('',(#4898),#59,.F.);
#5393=ADVANCED_FACE('',(#4899),#5124,.T.);
#5394=ADVANCED_FACE('',(#4900),#5125,.F.);
#5395=ADVANCED_FACE('',(#4901),#5126,.T.);
#5396=ADVANCED_FACE('',(#4902),#60,.F.);
#5397=ADVANCED_FACE('',(#4903),#5127,.F.);
#5398=ADVANCED_FACE('',(#4904),#61,.F.);
#5399=ADVANCED_FACE('',(#4905),#5128,.T.);
#5400=ADVANCED_FACE('',(#4906),#62,.F.);
#5401=ADVANCED_FACE('',(#4907),#63,.F.);
#5402=ADVANCED_FACE('',(#4908),#5129,.T.);
#5403=ADVANCED_FACE('',(#4909),#64,.F.);
#5404=ADVANCED_FACE('',(#4910),#65,.F.);
#5405=ADVANCED_FACE('',(#4911),#5130,.T.);
#5406=ADVANCED_FACE('',(#4912),#66,.T.);
#5407=ADVANCED_FACE('',(#4913),#67,.T.);
#5408=ADVANCED_FACE('',(#4914),#5131,.T.);
#5409=ADVANCED_FACE('',(#4915),#68,.F.);
#5410=ADVANCED_FACE('',(#4916),#69,.F.);
#5411=ADVANCED_FACE('',(#4917),#5132,.T.);
#5412=ADVANCED_FACE('',(#4918),#70,.F.);
#5413=ADVANCED_FACE('',(#4919),#71,.F.);
#5414=ADVANCED_FACE('',(#4920),#5133,.T.);
#5415=ADVANCED_FACE('',(#4921),#72,.F.);
#5416=ADVANCED_FACE('',(#4922),#73,.F.);
#5417=ADVANCED_FACE('',(#4923),#5134,.T.);
#5418=ADVANCED_FACE('',(#4924),#74,.T.);
#5419=ADVANCED_FACE('',(#4925),#75,.T.);
#5420=ADVANCED_FACE('',(#4926),#5135,.T.);
#5421=ADVANCED_FACE('',(#4927),#76,.F.);
#5422=ADVANCED_FACE('',(#4928),#193,.T.);
#5423=ADVANCED_FACE('',(#4929),#5136,.T.);
#5424=ADVANCED_FACE('',(#4930),#77,.F.);
#5425=ADVANCED_FACE('',(#4931),#78,.F.);
#5426=ADVANCED_FACE('',(#4932),#5137,.T.);
#5427=ADVANCED_FACE('',(#4933),#79,.T.);
#5428=ADVANCED_FACE('',(#4934),#80,.T.);
#5429=ADVANCED_FACE('',(#4935),#5138,.T.);
#5430=ADVANCED_FACE('',(#4936),#81,.F.);
#5431=ADVANCED_FACE('',(#4937),#82,.F.);
#5432=ADVANCED_FACE('',(#4938),#5139,.T.);
#5433=ADVANCED_FACE('',(#4939),#5140,.T.);
#5434=ADVANCED_FACE('',(#4940),#83,.T.);
#5435=ADVANCED_FACE('',(#4941),#84,.T.);
#5436=ADVANCED_FACE('',(#4942),#5141,.T.);
#5437=ADVANCED_FACE('',(#4943,#4944),#194,.F.);
#5438=ADVANCED_FACE('',(#4945),#85,.T.);
#5439=ADVANCED_FACE('',(#4946),#5142,.F.);
#5440=ADVANCED_FACE('',(#4947),#86,.T.);
#5441=ADVANCED_FACE('',(#4948),#87,.T.);
#5442=ADVANCED_FACE('',(#4949),#5143,.T.);
#5443=ADVANCED_FACE('',(#4950),#5144,.T.);
#5444=ADVANCED_FACE('',(#4951),#88,.T.);
#5445=ADVANCED_FACE('',(#4952),#89,.T.);
#5446=ADVANCED_FACE('',(#4953),#90,.T.);
#5447=ADVANCED_FACE('',(#4954,#4955,#4956,#4957,#4958,#4959,#4960,#4961,
#4962),#5145,.T.);
#5448=ADVANCED_FACE('',(#4963),#5146,.T.);
#5449=ADVANCED_FACE('',(#4964),#5147,.F.);
#5450=ADVANCED_FACE('',(#4965),#91,.T.);
#5451=ADVANCED_FACE('',(#4966),#92,.T.);
#5452=ADVANCED_FACE('',(#4967),#5148,.T.);
#5453=ADVANCED_FACE('',(#4968),#93,.T.);
#5454=ADVANCED_FACE('',(#4969),#94,.T.);
#5455=ADVANCED_FACE('',(#4970,#4971),#5149,.T.);
#5456=ADVANCED_FACE('',(#4972),#95,.T.);
#5457=ADVANCED_FACE('',(#4973),#96,.F.);
#5458=ADVANCED_FACE('',(#4974),#5150,.T.);
#5459=ADVANCED_FACE('',(#4975),#5151,.T.);
#5460=ADVANCED_FACE('',(#4976),#97,.F.);
#5461=ADVANCED_FACE('',(#4977),#98,.F.);
#5462=ADVANCED_FACE('',(#4978),#99,.F.);
#5463=ADVANCED_FACE('',(#4979,#4980,#4981),#5152,.T.);
#5464=ADVANCED_FACE('',(#4982),#5153,.F.);
#5465=ADVANCED_FACE('',(#4983),#5154,.T.);
#5466=ADVANCED_FACE('',(#4984),#100,.F.);
#5467=ADVANCED_FACE('',(#4985),#5155,.F.);
#5468=ADVANCED_FACE('',(#4986),#101,.F.);
#5469=ADVANCED_FACE('',(#4987),#5156,.F.);
#5470=ADVANCED_FACE('',(#4988),#102,.F.);
#5471=ADVANCED_FACE('',(#4989),#5157,.F.);
#5472=ADVANCED_FACE('',(#4990),#5158,.F.);
#5473=ADVANCED_FACE('',(#4991),#103,.F.);
#5474=ADVANCED_FACE('',(#4992),#5159,.T.);
#5475=ADVANCED_FACE('',(#4993),#104,.F.);
#5476=ADVANCED_FACE('',(#4994),#5160,.F.);
#5477=ADVANCED_FACE('',(#4995),#105,.F.);
#5478=ADVANCED_FACE('',(#4996),#5161,.F.);
#5479=ADVANCED_FACE('',(#4997),#106,.F.);
#5480=ADVANCED_FACE('',(#4998),#107,.F.);
#5481=ADVANCED_FACE('',(#4999),#5162,.F.);
#5482=ADVANCED_FACE('',(#5000),#108,.F.);
#5483=ADVANCED_FACE('',(#5001),#109,.F.);
#5484=ADVANCED_FACE('',(#5002),#5163,.T.);
#5485=ADVANCED_FACE('',(#5003),#110,.T.);
#5486=ADVANCED_FACE('',(#5004),#111,.T.);
#5487=ADVANCED_FACE('',(#5005),#5164,.T.);
#5488=ADVANCED_FACE('',(#5006),#112,.T.);
#5489=ADVANCED_FACE('',(#5007),#5165,.F.);
#5490=ADVANCED_FACE('',(#5008),#5166,.T.);
#5491=ADVANCED_FACE('',(#5009,#5010),#113,.T.);
#5492=ADVANCED_FACE('',(#5011),#5167,.T.);
#5493=ADVANCED_FACE('',(#5012),#114,.F.);
#5494=ADVANCED_FACE('',(#5013),#115,.F.);
#5495=ADVANCED_FACE('',(#5014),#5168,.T.);
#5496=ADVANCED_FACE('',(#5015),#5169,.F.);
#5497=ADVANCED_FACE('',(#5016),#5170,.F.);
#5498=ADVANCED_FACE('',(#5017),#5171,.F.);
#5499=ADVANCED_FACE('',(#5018),#5172,.F.);
#5500=ADVANCED_FACE('',(#5019),#5173,.T.);
#5501=ADVANCED_FACE('',(#5020),#5174,.F.);
#5502=ADVANCED_FACE('',(#5021),#5175,.T.);
#5503=ADVANCED_FACE('',(#5022),#5176,.T.);
#5504=ADVANCED_FACE('',(#5023),#5177,.F.);
#5505=ADVANCED_FACE('',(#5024),#5178,.T.);
#5506=ADVANCED_FACE('',(#5025),#5179,.T.);
#5507=ADVANCED_FACE('',(#5026),#5180,.F.);
#5508=ADVANCED_FACE('',(#5027),#5181,.T.);
#5509=ADVANCED_FACE('',(#5028),#5182,.F.);
#5510=ADVANCED_FACE('',(#5029),#5183,.F.);
#5511=ADVANCED_FACE('',(#5030),#5184,.F.);
#5512=ADVANCED_FACE('',(#5031),#5185,.T.);
#5513=ADVANCED_FACE('',(#5032),#5186,.F.);
#5514=ADVANCED_FACE('',(#5033),#5187,.F.);
#5515=ADVANCED_FACE('',(#5034,#5035),#195,.F.);
#5516=ADVANCED_FACE('',(#5036,#5037),#196,.F.);
#5517=ADVANCED_FACE('',(#5038),#197,.F.);
#5518=ADVANCED_FACE('',(#5039),#198,.F.);
#5519=CLOSED_SHELL('',(#5188,#5189,#5190,#5191,#5192,#5193,#5194,#5195,
#5196,#5197,#5198,#5199,#5200,#5201,#5202,#5203,#5204,#5205,#5206,#5207,
#5208,#5209,#5210,#5211,#5212,#5213,#5214,#5215,#5216,#5217,#5218,#5219,
#5220,#5221,#5222,#5223,#5224,#5225,#5226,#5227,#5228,#5229,#5230,#5231,
#5232,#5233,#5234,#5235,#5236,#5237,#5238,#5239,#5240,#5241,#5242,#5243,
#5244,#5245,#5246,#5247,#5248,#5249,#5250,#5251,#5252,#5253,#5254,#5255,
#5256,#5257,#5258,#5259,#5260,#5261,#5262,#5263,#5264,#5265,#5266,#5267,
#5268,#5269,#5270,#5271,#5272,#5273,#5274,#5275,#5276,#5277,#5278,#5279,
#5280,#5281,#5282,#5283,#5284,#5285,#5286,#5287,#5288,#5289,#5290,#5291,
#5292,#5293,#5294,#5295,#5296,#5297,#5298,#5299,#5300,#5301,#5302,#5303,
#5304,#5305,#5306,#5307,#5308,#5309,#5310,#5311,#5312,#5313,#5314,#5315,
#5316,#5317,#5318,#5319,#5320,#5321,#5322,#5323,#5324,#5325,#5326,#5327,
#5328,#5329,#5330,#5331,#5332,#5333,#5334,#5335,#5336,#5337,#5338,#5339,
#5340,#5341,#5342,#5343,#5344,#5345,#5346,#5347,#5348,#5349,#5350,#5351,
#5352,#5353,#5354,#5355,#5356,#5357,#5358,#5359,#5360,#5361,#5362,#5363,
#5364,#5365,#5366,#5367,#5368,#5369,#5370,#5371,#5372,#5373,#5374,#5375,
#5376,#5377,#5378,#5379,#5380,#5381,#5382,#5383,#5384,#5385,#5386,#5387,
#5388,#5389,#5390,#5391,#5392,#5393,#5394,#5395,#5396,#5397,#5398,#5399,
#5400,#5401,#5402,#5403,#5404,#5405,#5406,#5407,#5408,#5409,#5410,#5411,
#5412,#5413,#5414,#5415,#5416,#5417,#5418,#5419,#5420,#5421,#5422,#5423,
#5424,#5425,#5426,#5427,#5428,#5429,#5430,#5431,#5432,#5433,#5434,#5435,
#5436,#5437,#5438,#5439,#5440,#5441,#5442,#5443,#5444,#5445,#5446,#5447,
#5448,#5449,#5450,#5451,#5452,#5453,#5454,#5455,#5456,#5457,#5458,#5459,
#5460,#5461,#5462,#5463,#5464,#5465,#5466,#5467,#5468,#5469,#5470,#5471,
#5472,#5473,#5474,#5475,#5476,#5477,#5478,#5479,#5480,#5481,#5482,#5483,
#5484,#5485,#5486,#5487,#5488,#5489,#5490,#5491,#5492,#5493,#5494,#5495,
#5496,#5497,#5498,#5499,#5500,#5501,#5502,#5503,#5504,#5505,#5506,#5507,
#5508,#5509,#5510,#5511,#5512,#5513,#5514,#5515,#5516,#5517,#5518));
#5520=STYLED_ITEM('',(#5521),#5528);
#5521=PRESENTATION_STYLE_ASSIGNMENT((#5522));
#5522=SURFACE_STYLE_USAGE(.BOTH.,#5523);
#5523=SURFACE_SIDE_STYLE('',(#5524));
#5524=SURFACE_STYLE_FILL_AREA(#5525);
#5525=FILL_AREA_STYLE('',(#5526));
#5526=FILL_AREA_STYLE_COLOUR('',#5527);
#5527=COLOUR_RGB('',0.4,0.4,0.4);
#5528=MANIFOLD_SOLID_BREP('Body',#5519);
#5529=SHAPE_DEFINITION_REPRESENTATION(#12735,#5530);
#5530=SHAPE_REPRESENTATION('Body',(#5531),#12730);
#5531=AXIS2_PLACEMENT_3D('',#7078,#5915,#5916);
#5532=AXIS2_PLACEMENT_3D('',#7079,#5917,#5918);
#5533=AXIS2_PLACEMENT_3D('',#7179,#5924,#5925);
#5534=AXIS2_PLACEMENT_3D('',#7183,#5927,#5928);
#5535=AXIS2_PLACEMENT_3D('',#7194,#5934,#5935);
#5536=AXIS2_PLACEMENT_3D('',#7196,#5936,#5937);
#5537=AXIS2_PLACEMENT_3D('',#7198,#5938,#5939);
#5538=AXIS2_PLACEMENT_3D('',#7199,#5940,#5941);
#5539=AXIS2_PLACEMENT_3D('',#7216,#5949,#5950);
#5540=AXIS2_PLACEMENT_3D('',#7220,#5952,#5953);
#5541=AXIS2_PLACEMENT_3D('',#7221,#5954,#5955);
#5542=AXIS2_PLACEMENT_3D('',#7223,#5956,#5957);
#5543=AXIS2_PLACEMENT_3D('',#7245,#5968,#5969);
#5544=AXIS2_PLACEMENT_3D('',#7249,#5971,#5972);
#5545=AXIS2_PLACEMENT_3D('',#7254,#5975,#5976);
#5546=AXIS2_PLACEMENT_3D('',#7264,#5982,#5983);
#5547=AXIS2_PLACEMENT_3D('',#7267,#5986,#5987);
#5548=AXIS2_PLACEMENT_3D('',#7268,#5988,#5989);
#5549=AXIS2_PLACEMENT_3D('',#7273,#5992,#5993);
#5550=AXIS2_PLACEMENT_3D('',#7277,#5995,#5996);
#5551=AXIS2_PLACEMENT_3D('',#7281,#5998,#5999);
#5552=AXIS2_PLACEMENT_3D('',#7282,#6000,#6001);
#5553=AXIS2_PLACEMENT_3D('',#7285,#6004,#6005);
#5554=AXIS2_PLACEMENT_3D('',#7288,#6007,#6008);
#5555=AXIS2_PLACEMENT_3D('',#7313,#6021,#6022);
#5556=AXIS2_PLACEMENT_3D('',#7529,#6031,#6032);
#5557=AXIS2_PLACEMENT_3D('',#7560,#6033,#6034);
#5558=AXIS2_PLACEMENT_3D('',#7590,#6035,#6036);
#5559=AXIS2_PLACEMENT_3D('',#7608,#6037,#6038);
#5560=AXIS2_PLACEMENT_3D('',#7617,#6039,#6040);
#5561=AXIS2_PLACEMENT_3D('',#7642,#6041,#6042);
#5562=AXIS2_PLACEMENT_3D('',#7673,#6043,#6044);
#5563=AXIS2_PLACEMENT_3D('',#7712,#6045,#6046);
#5564=AXIS2_PLACEMENT_3D('',#7745,#6047,#6048);
#5565=AXIS2_PLACEMENT_3D('',#7778,#6049,#6050);
#5566=AXIS2_PLACEMENT_3D('',#7822,#6051,#6052);
#5567=AXIS2_PLACEMENT_3D('',#7823,#6053,#6054);
#5568=AXIS2_PLACEMENT_3D('',#7825,#6055,#6056);
#5569=AXIS2_PLACEMENT_3D('',#7827,#6057,#6058);
#5570=AXIS2_PLACEMENT_3D('',#7829,#6059,#6060);
#5571=AXIS2_PLACEMENT_3D('',#7852,#6072,#6073);
#5572=AXIS2_PLACEMENT_3D('',#7861,#6075,#6076);
#5573=AXIS2_PLACEMENT_3D('',#7862,#6077,#6078);
#5574=AXIS2_PLACEMENT_3D('',#7871,#6080,#6081);
#5575=AXIS2_PLACEMENT_3D('',#7872,#6082,#6083);
#5576=AXIS2_PLACEMENT_3D('',#7878,#6087,#6088);
#5577=AXIS2_PLACEMENT_3D('',#7881,#6090,#6091);
#5578=AXIS2_PLACEMENT_3D('',#7893,#6098,#6099);
#5579=AXIS2_PLACEMENT_3D('',#7896,#6101,#6102);
#5580=AXIS2_PLACEMENT_3D('',#7898,#6103,#6104);
#5581=AXIS2_PLACEMENT_3D('',#7900,#6105,#6106);
#5582=AXIS2_PLACEMENT_3D('',#7902,#6107,#6108);
#5583=AXIS2_PLACEMENT_3D('',#7904,#6109,#6110);
#5584=AXIS2_PLACEMENT_3D('',#7906,#6111,#6112);
#5585=AXIS2_PLACEMENT_3D('',#7908,#6113,#6114);
#5586=AXIS2_PLACEMENT_3D('',#7910,#6115,#6116);
#5587=AXIS2_PLACEMENT_3D('',#7917,#6120,#6121);
#5588=AXIS2_PLACEMENT_3D('',#7919,#6123,#6124);
#5589=AXIS2_PLACEMENT_3D('',#7926,#6128,#6129);
#5590=AXIS2_PLACEMENT_3D('',#7934,#6134,#6135);
#5591=AXIS2_PLACEMENT_3D('',#7935,#6136,#6137);
#5592=AXIS2_PLACEMENT_3D('',#7937,#6138,#6139);
#5593=AXIS2_PLACEMENT_3D('',#7939,#6140,#6141);
#5594=AXIS2_PLACEMENT_3D('',#7940,#6142,#6143);
#5595=AXIS2_PLACEMENT_3D('',#7942,#6144,#6145);
#5596=AXIS2_PLACEMENT_3D('',#7944,#6146,#6147);
#5597=AXIS2_PLACEMENT_3D('',#7945,#6148,#6149);
#5598=AXIS2_PLACEMENT_3D('',#7947,#6150,#6151);
#5599=AXIS2_PLACEMENT_3D('',#7949,#6152,#6153);
#5600=AXIS2_PLACEMENT_3D('',#7950,#6154,#6155);
#5601=AXIS2_PLACEMENT_3D('',#7952,#6156,#6157);
#5602=AXIS2_PLACEMENT_3D('',#7954,#6158,#6159);
#5603=AXIS2_PLACEMENT_3D('',#7955,#6160,#6161);
#5604=AXIS2_PLACEMENT_3D('',#7957,#6162,#6163);
#5605=AXIS2_PLACEMENT_3D('',#7959,#6164,#6165);
#5606=AXIS2_PLACEMENT_3D('',#7960,#6166,#6167);
#5607=AXIS2_PLACEMENT_3D('',#7962,#6168,#6169);
#5608=AXIS2_PLACEMENT_3D('',#7964,#6170,#6171);
#5609=AXIS2_PLACEMENT_3D('',#7968,#6174,#6175);
#5610=AXIS2_PLACEMENT_3D('',#7969,#6176,#6177);
#5611=AXIS2_PLACEMENT_3D('',#7976,#6182,#6183);
#5612=AXIS2_PLACEMENT_3D('',#7977,#6184,#6185);
#5613=AXIS2_PLACEMENT_3D('',#7979,#6186,#6187);
#5614=AXIS2_PLACEMENT_3D('',#7981,#6188,#6189);
#5615=AXIS2_PLACEMENT_3D('',#7983,#6190,#6191);
#5616=AXIS2_PLACEMENT_3D('',#7985,#6192,#6193);
#5617=AXIS2_PLACEMENT_3D('',#7987,#6194,#6195);
#5618=AXIS2_PLACEMENT_3D('',#7989,#6196,#6197);
#5619=AXIS2_PLACEMENT_3D('',#7992,#6199,#6200);
#5620=AXIS2_PLACEMENT_3D('',#7994,#6202,#6203);
#5621=AXIS2_PLACEMENT_3D('',#7995,#6204,#6205);
#5622=AXIS2_PLACEMENT_3D('',#7999,#6208,#6209);
#5623=AXIS2_PLACEMENT_3D('',#8001,#6211,#6212);
#5624=AXIS2_PLACEMENT_3D('',#8003,#6214,#6215);
#5625=AXIS2_PLACEMENT_3D('',#8004,#6216,#6217);
#5626=AXIS2_PLACEMENT_3D('',#8005,#6218,#6219);
#5627=AXIS2_PLACEMENT_3D('',#8006,#6220,#6221);
#5628=AXIS2_PLACEMENT_3D('',#8007,#6222,#6223);
#5629=AXIS2_PLACEMENT_3D('',#8008,#6224,#6225);
#5630=AXIS2_PLACEMENT_3D('',#8009,#6226,#6227);
#5631=AXIS2_PLACEMENT_3D('',#8010,#6228,#6229);
#5632=AXIS2_PLACEMENT_3D('',#8011,#6230,#6231);
#5633=AXIS2_PLACEMENT_3D('',#8012,#6232,#6233);
#5634=AXIS2_PLACEMENT_3D('',#8013,#6234,#6235);
#5635=AXIS2_PLACEMENT_3D('',#8014,#6236,#6237);
#5636=AXIS2_PLACEMENT_3D('',#8015,#6238,#6239);
#5637=AXIS2_PLACEMENT_3D('',#8016,#6240,#6241);
#5638=AXIS2_PLACEMENT_3D('',#8019,#6243,#6244);
#5639=AXIS2_PLACEMENT_3D('',#8020,#6245,#6246);
#5640=AXIS2_PLACEMENT_3D('',#8022,#6248,#6249);
#5641=AXIS2_PLACEMENT_3D('',#8025,#6251,#6252);
#5642=AXIS2_PLACEMENT_3D('',#8026,#6253,#6254);
#5643=AXIS2_PLACEMENT_3D('',#8028,#6256,#6257);
#5644=AXIS2_PLACEMENT_3D('',#8029,#6258,#6259);
#5645=AXIS2_PLACEMENT_3D('',#8031,#6260,#6261);
#5646=AXIS2_PLACEMENT_3D('',#8032,#6262,#6263);
#5647=AXIS2_PLACEMENT_3D('',#8033,#6264,#6265);
#5648=AXIS2_PLACEMENT_3D('',#8035,#6266,#6267);
#5649=AXIS2_PLACEMENT_3D('',#8036,#6268,#6269);
#5650=AXIS2_PLACEMENT_3D('',#8037,#6270,#6271);
#5651=AXIS2_PLACEMENT_3D('',#8039,#6272,#6273);
#5652=AXIS2_PLACEMENT_3D('',#8040,#6274,#6275);
#5653=AXIS2_PLACEMENT_3D('',#8041,#6276,#6277);
#5654=AXIS2_PLACEMENT_3D('',#8043,#6278,#6279);
#5655=AXIS2_PLACEMENT_3D('',#8044,#6280,#6281);
#5656=AXIS2_PLACEMENT_3D('',#8045,#6282,#6283);
#5657=AXIS2_PLACEMENT_3D('',#8047,#6284,#6285);
#5658=AXIS2_PLACEMENT_3D('',#8048,#6286,#6287);
#5659=AXIS2_PLACEMENT_3D('',#8049,#6288,#6289);
#5660=AXIS2_PLACEMENT_3D('',#8050,#6290,#6291);
#5661=AXIS2_PLACEMENT_3D('',#8051,#6292,#6293);
#5662=AXIS2_PLACEMENT_3D('',#8053,#6294,#6295);
#5663=AXIS2_PLACEMENT_3D('',#8054,#6296,#6297);
#5664=AXIS2_PLACEMENT_3D('',#8055,#6298,#6299);
#5665=AXIS2_PLACEMENT_3D('',#8056,#6300,#6301);
#5666=AXIS2_PLACEMENT_3D('',#8057,#6302,#6303);
#5667=AXIS2_PLACEMENT_3D('',#8061,#6306,#6307);
#5668=AXIS2_PLACEMENT_3D('',#8066,#6311,#6312);
#5669=AXIS2_PLACEMENT_3D('',#8069,#6315,#6316);
#5670=AXIS2_PLACEMENT_3D('',#8071,#6318,#6319);
#5671=AXIS2_PLACEMENT_3D('',#8073,#6321,#6322);
#5672=AXIS2_PLACEMENT_3D('',#8075,#6324,#6325);
#5673=AXIS2_PLACEMENT_3D('',#8079,#6327,#6328);
#5674=AXIS2_PLACEMENT_3D('',#8083,#6330,#6331);
#5675=AXIS2_PLACEMENT_3D('',#8109,#6335,#6336);
#5676=AXIS2_PLACEMENT_3D('',#8110,#6337,#6338);
#5677=AXIS2_PLACEMENT_3D('',#8114,#6340,#6341);
#5678=AXIS2_PLACEMENT_3D('',#8306,#6352,#6353);
#5679=AXIS2_PLACEMENT_3D('',#8307,#6354,#6355);
#5680=AXIS2_PLACEMENT_3D('',#8311,#6357,#6358);
#5681=AXIS2_PLACEMENT_3D('',#8517,#6363,#6364);
#5682=AXIS2_PLACEMENT_3D('',#8518,#6365,#6366);
#5683=AXIS2_PLACEMENT_3D('',#8520,#6367,#6368);
#5684=AXIS2_PLACEMENT_3D('',#8522,#6369,#6370);
#5685=AXIS2_PLACEMENT_3D('',#8524,#6371,#6372);
#5686=AXIS2_PLACEMENT_3D('',#8526,#6373,#6374);
#5687=AXIS2_PLACEMENT_3D('',#8528,#6375,#6376);
#5688=AXIS2_PLACEMENT_3D('',#8529,#6377,#6378);
#5689=AXIS2_PLACEMENT_3D('',#8531,#6379,#6380);
#5690=AXIS2_PLACEMENT_3D('',#8532,#6381,#6382);
#5691=AXIS2_PLACEMENT_3D('',#8533,#6383,#6384);
#5692=AXIS2_PLACEMENT_3D('',#8538,#6386,#6387);
#5693=AXIS2_PLACEMENT_3D('',#8541,#6389,#6390);
#5694=AXIS2_PLACEMENT_3D('',#8542,#6391,#6392);
#5695=AXIS2_PLACEMENT_3D('',#8547,#6394,#6395);
#5696=AXIS2_PLACEMENT_3D('',#8575,#6400,#6401);
#5697=AXIS2_PLACEMENT_3D('',#8576,#6402,#6403);
#5698=AXIS2_PLACEMENT_3D('',#8580,#6405,#6406);
#5699=AXIS2_PLACEMENT_3D('',#8604,#6410,#6411);
#5700=AXIS2_PLACEMENT_3D('',#8605,#6412,#6413);
#5701=AXIS2_PLACEMENT_3D('',#8609,#6415,#6416);
#5702=AXIS2_PLACEMENT_3D('',#8643,#6420,#6421);
#5703=AXIS2_PLACEMENT_3D('',#8644,#6422,#6423);
#5704=AXIS2_PLACEMENT_3D('',#8648,#6425,#6426);
#5705=AXIS2_PLACEMENT_3D('',#8715,#6431,#6432);
#5706=AXIS2_PLACEMENT_3D('',#8716,#6433,#6434);
#5707=AXIS2_PLACEMENT_3D('',#8720,#6436,#6437);
#5708=AXIS2_PLACEMENT_3D('',#8746,#6441,#6442);
#5709=AXIS2_PLACEMENT_3D('',#8747,#6443,#6444);
#5710=AXIS2_PLACEMENT_3D('',#8751,#6446,#6447);
#5711=AXIS2_PLACEMENT_3D('',#8858,#6456,#6457);
#5712=AXIS2_PLACEMENT_3D('',#8877,#6459,#6460);
#5713=AXIS2_PLACEMENT_3D('',#8879,#6461,#6462);
#5714=AXIS2_PLACEMENT_3D('',#8881,#6463,#6464);
#5715=AXIS2_PLACEMENT_3D('',#8883,#6465,#6466);
#5716=AXIS2_PLACEMENT_3D('',#8885,#6467,#6468);
#5717=AXIS2_PLACEMENT_3D('',#8923,#6472,#6473);
#5718=AXIS2_PLACEMENT_3D('',#8924,#6474,#6475);
#5719=AXIS2_PLACEMENT_3D('',#8928,#6477,#6478);
#5720=AXIS2_PLACEMENT_3D('',#8950,#6482,#6483);
#5721=AXIS2_PLACEMENT_3D('',#8951,#6484,#6485);
#5722=AXIS2_PLACEMENT_3D('',#8955,#6487,#6488);
#5723=AXIS2_PLACEMENT_3D('',#9129,#6501,#6502);
#5724=AXIS2_PLACEMENT_3D('',#9130,#6503,#6504);
#5725=AXIS2_PLACEMENT_3D('',#9134,#6506,#6507);
#5726=AXIS2_PLACEMENT_3D('',#9155,#6511,#6512);
#5727=AXIS2_PLACEMENT_3D('',#9156,#6513,#6514);
#5728=AXIS2_PLACEMENT_3D('',#9160,#6516,#6517);
#5729=AXIS2_PLACEMENT_3D('',#9180,#6521,#6522);
#5730=AXIS2_PLACEMENT_3D('',#9181,#6523,#6524);
#5731=AXIS2_PLACEMENT_3D('',#9185,#6526,#6527);
#5732=AXIS2_PLACEMENT_3D('',#9207,#6531,#6532);
#5733=AXIS2_PLACEMENT_3D('',#9208,#6533,#6534);
#5734=AXIS2_PLACEMENT_3D('',#9212,#6536,#6537);
#5735=AXIS2_PLACEMENT_3D('',#9239,#6539,#6540);
#5736=AXIS2_PLACEMENT_3D('',#9240,#6541,#6542);
#5737=AXIS2_PLACEMENT_3D('',#9242,#6543,#6544);
#5738=AXIS2_PLACEMENT_3D('',#9244,#6545,#6546);
#5739=AXIS2_PLACEMENT_3D('',#9246,#6547,#6548);
#5740=AXIS2_PLACEMENT_3D('',#9248,#6549,#6550);
#5741=AXIS2_PLACEMENT_3D('',#9250,#6551,#6552);
#5742=AXIS2_PLACEMENT_3D('',#9251,#6553,#6554);
#5743=AXIS2_PLACEMENT_3D('',#9253,#6555,#6556);
#5744=AXIS2_PLACEMENT_3D('',#9254,#6557,#6558);
#5745=AXIS2_PLACEMENT_3D('',#9255,#6559,#6560);
#5746=AXIS2_PLACEMENT_3D('',#9257,#6561,#6562);
#5747=AXIS2_PLACEMENT_3D('',#9258,#6563,#6564);
#5748=AXIS2_PLACEMENT_3D('',#9259,#6565,#6566);
#5749=AXIS2_PLACEMENT_3D('',#9261,#6567,#6568);
#5750=AXIS2_PLACEMENT_3D('',#9262,#6569,#6570);
#5751=AXIS2_PLACEMENT_3D('',#9263,#6571,#6572);
#5752=AXIS2_PLACEMENT_3D('',#9265,#6573,#6574);
#5753=AXIS2_PLACEMENT_3D('',#9266,#6575,#6576);
#5754=AXIS2_PLACEMENT_3D('',#9267,#6577,#6578);
#5755=AXIS2_PLACEMENT_3D('',#9269,#6579,#6580);
#5756=AXIS2_PLACEMENT_3D('',#9270,#6581,#6582);
#5757=AXIS2_PLACEMENT_3D('',#9271,#6583,#6584);
#5758=AXIS2_PLACEMENT_3D('',#9273,#6585,#6586);
#5759=AXIS2_PLACEMENT_3D('',#9274,#6587,#6588);
#5760=AXIS2_PLACEMENT_3D('',#9275,#6589,#6590);
#5761=AXIS2_PLACEMENT_3D('',#9277,#6591,#6592);
#5762=AXIS2_PLACEMENT_3D('',#9398,#6597,#6598);
#5763=AXIS2_PLACEMENT_3D('',#9399,#6599,#6600);
#5764=AXIS2_PLACEMENT_3D('',#9403,#6602,#6603);
#5765=AXIS2_PLACEMENT_3D('',#9443,#6608,#6609);
#5766=AXIS2_PLACEMENT_3D('',#9444,#6610,#6611);
#5767=AXIS2_PLACEMENT_3D('',#9448,#6613,#6614);
#5768=AXIS2_PLACEMENT_3D('',#9475,#6618,#6619);
#5769=AXIS2_PLACEMENT_3D('',#9476,#6620,#6621);
#5770=AXIS2_PLACEMENT_3D('',#9480,#6623,#6624);
#5771=AXIS2_PLACEMENT_3D('',#9506,#6628,#6629);
#5772=AXIS2_PLACEMENT_3D('',#9507,#6630,#6631);
#5773=AXIS2_PLACEMENT_3D('',#9511,#6633,#6634);
#5774=AXIS2_PLACEMENT_3D('',#9543,#6636,#6637);
#5775=AXIS2_PLACEMENT_3D('',#9544,#6638,#6639);
#5776=AXIS2_PLACEMENT_3D('',#9546,#6640,#6641);
#5777=AXIS2_PLACEMENT_3D('',#9548,#6642,#6643);
#5778=AXIS2_PLACEMENT_3D('',#9550,#6644,#6645);
#5779=AXIS2_PLACEMENT_3D('',#9552,#6646,#6647);
#5780=AXIS2_PLACEMENT_3D('',#9554,#6648,#6649);
#5781=AXIS2_PLACEMENT_3D('',#9555,#6650,#6651);
#5782=AXIS2_PLACEMENT_3D('',#9557,#6652,#6653);
#5783=AXIS2_PLACEMENT_3D('',#9558,#6654,#6655);
#5784=AXIS2_PLACEMENT_3D('',#9559,#6656,#6657);
#5785=AXIS2_PLACEMENT_3D('',#9561,#6658,#6659);
#5786=AXIS2_PLACEMENT_3D('',#9562,#6660,#6661);
#5787=AXIS2_PLACEMENT_3D('',#9563,#6662,#6663);
#5788=AXIS2_PLACEMENT_3D('',#9565,#6664,#6665);
#5789=AXIS2_PLACEMENT_3D('',#9566,#6666,#6667);
#5790=AXIS2_PLACEMENT_3D('',#9567,#6668,#6669);
#5791=AXIS2_PLACEMENT_3D('',#9569,#6670,#6671);
#5792=AXIS2_PLACEMENT_3D('',#9570,#6672,#6673);
#5793=AXIS2_PLACEMENT_3D('',#9571,#6674,#6675);
#5794=AXIS2_PLACEMENT_3D('',#9573,#6676,#6677);
#5795=AXIS2_PLACEMENT_3D('',#9574,#6678,#6679);
#5796=AXIS2_PLACEMENT_3D('',#9575,#6680,#6681);
#5797=AXIS2_PLACEMENT_3D('',#9577,#6682,#6683);
#5798=AXIS2_PLACEMENT_3D('',#9578,#6684,#6685);
#5799=AXIS2_PLACEMENT_3D('',#9579,#6686,#6687);
#5800=AXIS2_PLACEMENT_3D('',#9581,#6688,#6689);
#5801=AXIS2_PLACEMENT_3D('',#9582,#6690,#6691);
#5802=AXIS2_PLACEMENT_3D('',#9641,#6700,#6701);
#5803=AXIS2_PLACEMENT_3D('',#9647,#6704,#6705);
#5804=AXIS2_PLACEMENT_3D('',#9653,#6708,#6709);
#5805=AXIS2_PLACEMENT_3D('',#9661,#6713,#6714);
#5806=AXIS2_PLACEMENT_3D('',#9690,#6716,#6717);
#5807=AXIS2_PLACEMENT_3D('',#9691,#6718,#6719);
#5808=AXIS2_PLACEMENT_3D('',#9693,#6720,#6721);
#5809=AXIS2_PLACEMENT_3D('',#9694,#6722,#6723);
#5810=AXIS2_PLACEMENT_3D('',#9695,#6724,#6725);
#5811=AXIS2_PLACEMENT_3D('',#9697,#6726,#6727);
#5812=AXIS2_PLACEMENT_3D('',#9698,#6728,#6729);
#5813=AXIS2_PLACEMENT_3D('',#9699,#6730,#6731);
#5814=AXIS2_PLACEMENT_3D('',#9701,#6732,#6733);
#5815=AXIS2_PLACEMENT_3D('',#9702,#6734,#6735);
#5816=AXIS2_PLACEMENT_3D('',#9703,#6736,#6737);
#5817=AXIS2_PLACEMENT_3D('',#9705,#6738,#6739);
#5818=AXIS2_PLACEMENT_3D('',#9811,#6744,#6745);
#5819=AXIS2_PLACEMENT_3D('',#9813,#6747,#6748);
#5820=AXIS2_PLACEMENT_3D('',#9814,#6749,#6750);
#5821=AXIS2_PLACEMENT_3D('',#9820,#6754,#6755);
#5822=AXIS2_PLACEMENT_3D('',#9823,#6757,#6758);
#5823=AXIS2_PLACEMENT_3D('',#9824,#6759,#6760);
#5824=AXIS2_PLACEMENT_3D('',#9828,#6763,#6764);
#5825=AXIS2_PLACEMENT_3D('',#9832,#6767,#6768);
#5826=AXIS2_PLACEMENT_3D('',#9836,#6771,#6772);
#5827=AXIS2_PLACEMENT_3D('',#9839,#6774,#6775);
#5828=AXIS2_PLACEMENT_3D('',#9840,#6776,#6777);
#5829=AXIS2_PLACEMENT_3D('',#9844,#6780,#6781);
#5830=AXIS2_PLACEMENT_3D('',#9848,#6784,#6785);
#5831=AXIS2_PLACEMENT_3D('',#9851,#6787,#6788);
#5832=AXIS2_PLACEMENT_3D('',#9852,#6789,#6790);
#5833=AXIS2_PLACEMENT_3D('',#9854,#6792,#6793);
#5834=AXIS2_PLACEMENT_3D('',#9900,#6796,#6797);
#5835=AXIS2_PLACEMENT_3D('',#9903,#6799,#6800);
#5836=AXIS2_PLACEMENT_3D('',#9965,#6803,#6804);
#5837=AXIS2_PLACEMENT_3D('',#9967,#6806,#6807);
#5838=AXIS2_PLACEMENT_3D('',#9968,#6808,#6809);
#5839=AXIS2_PLACEMENT_3D('',#9989,#6814,#6815);
#5840=AXIS2_PLACEMENT_3D('',#9993,#6818,#6819);
#5841=AXIS2_PLACEMENT_3D('',#9997,#6822,#6823);
#5842=AXIS2_PLACEMENT_3D('',#10001,#6826,#6827);
#5843=AXIS2_PLACEMENT_3D('',#10024,#6831,#6832);
#5844=AXIS2_PLACEMENT_3D('',#10028,#6835,#6836);
#5845=AXIS2_PLACEMENT_3D('',#10030,#6838,#6839);
#5846=AXIS2_PLACEMENT_3D('',#10057,#6840,#6841);
#5847=AXIS2_PLACEMENT_3D('',#10086,#6844,#6845);
#5848=AXIS2_PLACEMENT_3D('',#10141,#6846,#6847);
#5849=AXIS2_PLACEMENT_3D('',#10195,#6848,#6849);
#5850=AXIS2_PLACEMENT_3D('',#10240,#6850,#6851);
#5851=AXIS2_PLACEMENT_3D('',#10287,#6853,#6854);
#5852=AXIS2_PLACEMENT_3D('',#10333,#6855,#6856);
#5853=AXIS2_PLACEMENT_3D('',#10370,#6857,#6858);
#5854=AXIS2_PLACEMENT_3D('',#10406,#6859,#6860);
#5855=AXIS2_PLACEMENT_3D('',#10426,#6861,#6862);
#5856=AXIS2_PLACEMENT_3D('',#10427,#6863,#6864);
#5857=AXIS2_PLACEMENT_3D('',#10428,#6865,#6866);
#5858=AXIS2_PLACEMENT_3D('',#10468,#6867,#6868);
#5859=AXIS2_PLACEMENT_3D('',#10512,#6869,#6870);
#5860=AXIS2_PLACEMENT_3D('',#10554,#6872,#6873);
#5861=AXIS2_PLACEMENT_3D('',#10555,#6874,#6875);
#5862=AXIS2_PLACEMENT_3D('',#10594,#6878,#6879);
#5863=AXIS2_PLACEMENT_3D('',#10595,#6880,#6881);
#5864=AXIS2_PLACEMENT_3D('',#10597,#6882,#6883);
#5865=AXIS2_PLACEMENT_3D('',#10654,#6886,#6887);
#5866=AXIS2_PLACEMENT_3D('',#10749,#6892,#6893);
#5867=AXIS2_PLACEMENT_3D('',#10753,#6896,#6897);
#5868=AXIS2_PLACEMENT_3D('',#10894,#6902,#6903);
#5869=AXIS2_PLACEMENT_3D('',#11296,#6914,#6915);
#5870=AXIS2_PLACEMENT_3D('',#11305,#6920,#6921);
#5871=AXIS2_PLACEMENT_3D('',#11417,#6928,#6929);
#5872=AXIS2_PLACEMENT_3D('',#11510,#6932,#6933);
#5873=AXIS2_PLACEMENT_3D('',#11575,#6937,#6938);
#5874=AXIS2_PLACEMENT_3D('',#11584,#6943,#6944);
#5875=AXIS2_PLACEMENT_3D('',#11717,#6949,#6950);
#5876=AXIS2_PLACEMENT_3D('',#11718,#6951,#6952);
#5877=AXIS2_PLACEMENT_3D('',#11719,#6953,#6954);
#5878=AXIS2_PLACEMENT_3D('',#11791,#6959,#6960);
#5879=AXIS2_PLACEMENT_3D('',#11836,#6964,#6965);
#5880=AXIS2_PLACEMENT_3D('',#11884,#6969,#6970);
#5881=AXIS2_PLACEMENT_3D('',#11888,#6973,#6974);
#5882=AXIS2_PLACEMENT_3D('',#11913,#6977,#6978);
#5883=AXIS2_PLACEMENT_3D('',#11939,#6981,#6982);
#5884=AXIS2_PLACEMENT_3D('',#11972,#6986,#6987);
#5885=AXIS2_PLACEMENT_3D('',#12077,#6992,#6993);
#5886=AXIS2_PLACEMENT_3D('',#12146,#6997,#6998);
#5887=AXIS2_PLACEMENT_3D('',#12319,#7001,#7002);
#5888=AXIS2_PLACEMENT_3D('',#12459,#7005,#7006);
#5889=AXIS2_PLACEMENT_3D('',#12461,#7008,#7009);
#5890=AXIS2_PLACEMENT_3D('',#12553,#7010,#7011);
#5891=AXIS2_PLACEMENT_3D('',#12685,#7014,#7015);
#5892=AXIS2_PLACEMENT_3D('',#12686,#7016,#7017);
#5893=AXIS2_PLACEMENT_3D('',#12687,#7018,#7019);
#5894=AXIS2_PLACEMENT_3D('',#12688,#7020,#7021);
#5895=AXIS2_PLACEMENT_3D('',#12692,#7024,#7025);
#5896=AXIS2_PLACEMENT_3D('',#12696,#7028,#7029);
#5897=AXIS2_PLACEMENT_3D('',#12698,#7031,#7032);
#5898=AXIS2_PLACEMENT_3D('',#12699,#7033,#7034);
#5899=AXIS2_PLACEMENT_3D('',#12703,#7037,#7038);
#5900=AXIS2_PLACEMENT_3D('',#12707,#7041,#7042);
#5901=AXIS2_PLACEMENT_3D('',#12709,#7044,#7045);
#5902=AXIS2_PLACEMENT_3D('',#12710,#7046,#7047);
#5903=AXIS2_PLACEMENT_3D('',#12712,#7049,#7050);
#5904=AXIS2_PLACEMENT_3D('',#12713,#7051,#7052);
#5905=AXIS2_PLACEMENT_3D('',#12715,#7054,#7055);
#5906=AXIS2_PLACEMENT_3D('',#12716,#7056,#7057);
#5907=AXIS2_PLACEMENT_3D('',#12718,#7059,#7060);
#5908=AXIS2_PLACEMENT_3D('',#12720,#7062,#7063);
#5909=AXIS2_PLACEMENT_3D('',#12723,#7066,#7067);
#5910=AXIS2_PLACEMENT_3D('',#12724,#7068,#7069);
#5911=AXIS2_PLACEMENT_3D('',#12725,#7070,#7071);
#5912=AXIS2_PLACEMENT_3D('',#12726,#7072,#7073);
#5913=AXIS2_PLACEMENT_3D('',#12727,#7074,#7075);
#5914=AXIS2_PLACEMENT_3D('',#12728,#7076,#7077);
#5915=DIRECTION('',(0.,0.,1.));
#5916=DIRECTION('',(1.,0.,0.));
#5917=DIRECTION('',(0.,0.,1.));
#5918=DIRECTION('',(1.,0.,0.));
#5919=DIRECTION('',(0.,1.,0.));
#5920=DIRECTION('',(1.,0.,0.));
#5921=DIRECTION('',(1.,0.,0.));
#5922=DIRECTION('',(1.,0.,0.));
#5923=DIRECTION('',(0.,-1.,0.));
#5924=DIRECTION('',(0.,0.,1.));
#5925=DIRECTION('',(1.,0.,0.));
#5926=DIRECTION('',(-1.,0.,0.));
#5927=DIRECTION('',(0.,0.,1.));
#5928=DIRECTION('',(1.,0.,0.));
#5929=DIRECTION('',(0.,1.,0.));
#5930=DIRECTION('',(1.,0.,0.));
#5931=DIRECTION('',(-1.96889945489316E-16,-1.,0.));
#5932=DIRECTION('',(-1.,0.,0.));
#5933=DIRECTION('',(1.96889945489316E-16,1.,0.));
#5934=DIRECTION('',(0.,0.,1.));
#5935=DIRECTION('',(1.,0.,0.));
#5936=DIRECTION('',(0.,0.,1.));
#5937=DIRECTION('',(1.,0.,0.));
#5938=DIRECTION('',(0.,0.,1.));
#5939=DIRECTION('',(1.,0.,0.));
#5940=DIRECTION('',(0.,0.,-1.));
#5941=DIRECTION('',(1.,0.,0.));
#5942=DIRECTION('',(0.,-1.,0.));
#5943=DIRECTION('',(1.,0.,0.));
#5944=DIRECTION('',(0.,-1.,0.));
#5945=DIRECTION('',(1.,0.,0.));
#5946=DIRECTION('',(0.,-1.,0.));
#5947=DIRECTION('',(1.,0.,0.));
#5948=DIRECTION('',(0.,1.,0.));
#5949=DIRECTION('',(0.,0.,1.));
#5950=DIRECTION('',(1.,0.,0.));
#5951=DIRECTION('',(-1.,0.,0.));
#5952=DIRECTION('',(0.,0.,1.));
#5953=DIRECTION('',(1.,0.,0.));
#5954=DIRECTION('',(0.,0.,1.));
#5955=DIRECTION('',(1.,0.,0.));
#5956=DIRECTION('',(0.,1.,0.));
#5957=DIRECTION('',(0.,0.,1.));
#5958=DIRECTION('',(0.,0.,1.));
#5959=DIRECTION('',(-1.,0.,0.));
#5960=DIRECTION('',(0.,0.,1.));
#5961=DIRECTION('',(-1.,0.,9.48245975116731E-17));
#5962=DIRECTION('',(0.,0.,-1.));
#5963=DIRECTION('',(1.,-5.93633692476638E-33,9.4824731369524E-17));
#5964=DIRECTION('',(0.,0.,1.));
#5965=DIRECTION('',(0.70710678118655,0.,-0.707106781186546));
#5966=DIRECTION('',(1.,0.,0.));
#5967=DIRECTION('',(0.,0.,-1.));
#5968=DIRECTION('',(0.,-1.,0.));
#5969=DIRECTION('',(0.,0.,1.));
#5970=DIRECTION('',(0.,0.,1.));
#5971=DIRECTION('',(0.,-1.,0.));
#5972=DIRECTION('',(0.,0.,1.));
#5973=DIRECTION('',(0.,0.,-1.));
#5974=DIRECTION('',(-1.,0.,1.25978462279261E-16));
#5975=DIRECTION('',(0.,-1.,0.));
#5976=DIRECTION('',(0.,0.,-1.));
#5977=DIRECTION('',(0.,0.,-1.));
#5978=DIRECTION('',(1.,0.,-1.25978462279261E-16));
#5979=DIRECTION('',(0.,0.,1.));
#5980=DIRECTION('',(1.,0.,0.));
#5981=DIRECTION('',(0.,0.,1.));
#5982=DIRECTION('',(-1.25978462279261E-16,0.,-1.));
#5983=DIRECTION('',(-1.,0.,1.25978462279261E-16));
#5984=DIRECTION('',(0.,1.,0.));
#5985=DIRECTION('',(0.,1.,0.));
#5986=DIRECTION('',(0.,1.,0.));
#5987=DIRECTION('',(0.,0.,1.));
#5988=DIRECTION('',(0.,-1.,0.));
#5989=DIRECTION('',(0.,0.,1.));
#5990=DIRECTION('',(0.,1.,0.));
#5991=DIRECTION('',(0.,1.,0.));
#5992=DIRECTION('',(0.,1.,0.));
#5993=DIRECTION('',(0.,0.,1.));
#5994=DIRECTION('',(0.,1.,0.));
#5995=DIRECTION('',(0.,1.,0.));
#5996=DIRECTION('',(0.,0.,1.));
#5997=DIRECTION('',(0.,1.,0.));
#5998=DIRECTION('',(0.,1.,0.));
#5999=DIRECTION('',(0.,0.,1.));
#6000=DIRECTION('',(0.,0.707106781186548,-0.707106781186547));
#6001=DIRECTION('',(-1.,0.,0.));
#6002=DIRECTION('',(0.,0.707106781186547,0.707106781186548));
#6003=DIRECTION('',(-0.577350269189626,0.577350269189625,0.577350269189626));
#6004=DIRECTION('',(0.,1.,0.));
#6005=DIRECTION('',(0.,0.,1.));
#6006=DIRECTION('',(0.,0.,-1.));
#6007=DIRECTION('',(0.,1.,0.));
#6008=DIRECTION('',(0.,0.,1.));
#6009=DIRECTION('',(0.,0.,-1.));
#6010=DIRECTION('',(1.,0.,0.));
#6011=DIRECTION('',(-0.707106781186548,0.,-0.707106781186548));
#6012=DIRECTION('',(0.,0.,-1.));
#6013=DIRECTION('',(-1.,5.93633692476638E-33,-9.4824731369524E-17));
#6014=DIRECTION('',(0.,0.,-1.));
#6015=DIRECTION('',(1.,0.,-9.48245975116731E-17));
#6016=DIRECTION('',(0.,0.,-1.));
#6017=DIRECTION('',(-1.,0.,0.));
#6018=DIRECTION('',(0.,0.,-1.));
#6019=DIRECTION('',(-1.,0.,1.25978462279261E-16));
#6020=DIRECTION('',(0.,0.,-1.));
#6021=DIRECTION('',(0.,-1.,0.));
#6022=DIRECTION('',(1.,0.,0.));
#6023=DIRECTION('',(1.,0.,0.));
#6024=DIRECTION('',(0.,0.,1.));
#6025=DIRECTION('',(-0.816496580927725,0.,-0.577350269189628));
#6026=DIRECTION('',(1.,0.,0.));
#6027=DIRECTION('',(0.816496580927727,0.,-0.577350269189624));
#6028=DIRECTION('',(0.,0.,-1.));
#6029=DIRECTION('',(0.992162454783856,0.,-0.124954645040801));
#6030=DIRECTION('',(-0.987054789272661,1.62738341364446E-33,-0.160383424872717));
#6031=DIRECTION('',(0.,-1.,0.));
#6032=DIRECTION('',(1.,0.,0.));
#6033=DIRECTION('',(0.,-1.,0.));
#6034=DIRECTION('',(1.,0.,0.));
#6035=DIRECTION('',(0.,-1.,0.));
#6036=DIRECTION('',(1.,0.,0.));
#6037=DIRECTION('',(0.,-1.,0.));
#6038=DIRECTION('',(0.,0.,-1.));
#6039=DIRECTION('',(0.,-1.,0.));
#6040=DIRECTION('',(1.,0.,0.));
#6041=DIRECTION('',(0.,-1.,0.));
#6042=DIRECTION('',(1.,0.,0.));
#6043=DIRECTION('',(0.,-1.,0.));
#6044=DIRECTION('',(1.,0.,0.));
#6045=DIRECTION('',(0.,-1.,0.));
#6046=DIRECTION('',(1.,0.,0.));
#6047=DIRECTION('',(0.,-1.,0.));
#6048=DIRECTION('',(1.,0.,0.));
#6049=DIRECTION('',(0.,-1.,0.));
#6050=DIRECTION('',(1.,0.,0.));
#6051=DIRECTION('',(0.,0.,1.));
#6052=DIRECTION('',(1.,0.,0.));
#6053=DIRECTION('',(0.,0.,1.));
#6054=DIRECTION('',(1.,0.,0.));
#6055=DIRECTION('',(0.,0.,1.));
#6056=DIRECTION('',(1.,0.,0.));
#6057=DIRECTION('',(0.,0.,1.));
#6058=DIRECTION('',(1.,0.,0.));
#6059=DIRECTION('',(0.,0.,1.));
#6060=DIRECTION('',(1.,0.,0.));
#6061=DIRECTION('',(-1.96889945489316E-16,-1.,0.));
#6062=DIRECTION('',(1.,0.,0.));
#6063=DIRECTION('',(-1.96889945489316E-16,-1.,0.));
#6064=DIRECTION('',(1.,0.,0.));
#6065=DIRECTION('',(0.,1.,0.));
#6066=DIRECTION('',(1.,0.,0.));
#6067=DIRECTION('',(0.,-1.,0.));
#6068=DIRECTION('',(1.,0.,0.));
#6069=DIRECTION('',(0.,-1.,0.));
#6070=DIRECTION('',(0.,1.,0.));
#6071=DIRECTION('',(1.,0.,0.));
#6072=DIRECTION('',(1.96889945489316E-16,1.,0.));
#6073=DIRECTION('',(-1.,1.96889945489316E-16,0.));
#6074=DIRECTION('',(-1.96889945489316E-16,-1.,0.));
#6075=DIRECTION('',(1.96889945489316E-16,1.,0.));
#6076=DIRECTION('',(-1.,1.96889945489316E-16,0.));
#6077=DIRECTION('',(-1.96889945489316E-16,-1.,0.));
#6078=DIRECTION('',(1.,-1.96889945489316E-16,0.));
#6079=DIRECTION('',(-1.96889945489316E-16,-1.,0.));
#6080=DIRECTION('',(-1.96889945489316E-16,-1.,0.));
#6081=DIRECTION('',(1.,-1.96889945489316E-16,0.));
#6082=DIRECTION('',(0.,0.,1.));
#6083=DIRECTION('',(1.,0.,0.));
#6084=DIRECTION('',(-1.96889945489316E-16,-1.,0.));
#6085=DIRECTION('',(0.707106781186547,-0.707106781186548,0.));
#6086=DIRECTION('',(1.,0.,0.));
#6087=DIRECTION('',(0.,0.,1.));
#6088=DIRECTION('',(1.,0.,0.));
#6089=DIRECTION('',(1.,0.,0.));
#6090=DIRECTION('',(1.,-1.96889945489316E-16,0.));
#6091=DIRECTION('',(1.96889945489316E-16,1.,0.));
#6092=DIRECTION('',(0.,0.,1.));
#6093=DIRECTION('',(1.96889945489316E-16,1.,0.));
#6094=DIRECTION('',(1.77389058829853E-16,0.900955396117365,0.433911712456581));
#6095=DIRECTION('',(-5.32115257910773E-31,-2.70260249495395E-15,1.));
#6096=DIRECTION('',(-1.77389105976593E-16,-0.900955635574692,0.433911215257458));
#6097=DIRECTION('',(-1.96889945489316E-16,-1.,0.));
#6098=DIRECTION('',(1.,-1.96889945489316E-16,0.));
#6099=DIRECTION('',(1.96889945489316E-16,1.,0.));
#6100=DIRECTION('',(-1.96889945489316E-16,-1.,0.));
#6101=DIRECTION('',(1.,-1.96889945489316E-16,0.));
#6102=DIRECTION('',(1.96889945489316E-16,1.,0.));
#6103=DIRECTION('',(1.,-1.96889945489316E-16,0.));
#6104=DIRECTION('',(1.96889945489316E-16,1.,0.));
#6105=DIRECTION('',(1.,-1.96889945489316E-16,0.));
#6106=DIRECTION('',(1.96889945489316E-16,1.,0.));
#6107=DIRECTION('',(1.,-1.96889945489316E-16,0.));
#6108=DIRECTION('',(1.96889945489316E-16,1.,0.));
#6109=DIRECTION('',(1.,-1.96889945489316E-16,0.));
#6110=DIRECTION('',(1.96889945489316E-16,1.,0.));
#6111=DIRECTION('',(1.,-1.96889945489316E-16,0.));
#6112=DIRECTION('',(1.96889945489316E-16,1.,0.));
#6113=DIRECTION('',(1.,-1.96889945489316E-16,0.));
#6114=DIRECTION('',(1.96889945489316E-16,1.,0.));
#6115=DIRECTION('',(0.,0.,1.));
#6116=DIRECTION('',(1.,0.,0.));
#6117=DIRECTION('',(0.707106781186548,0.707106781186547,0.));
#6118=DIRECTION('',(1.96889945489316E-16,1.,0.));
#6119=DIRECTION('',(1.,0.,0.));
#6120=DIRECTION('',(0.,0.,1.));
#6121=DIRECTION('',(1.,0.,0.));
#6122=DIRECTION('',(1.,0.,0.));
#6123=DIRECTION('',(1.,-1.96889945489316E-16,0.));
#6124=DIRECTION('',(1.96889945489316E-16,1.,0.));
#6125=DIRECTION('',(-1.96889945489316E-16,-1.,0.));
#6126=DIRECTION('',(0.,0.,-1.));
#6127=DIRECTION('',(1.96889945489316E-16,1.,0.));
#6128=DIRECTION('',(1.,-1.96889945489316E-16,0.));
#6129=DIRECTION('',(1.96889945489316E-16,1.,0.));
#6130=DIRECTION('',(1.96889945489316E-16,1.,0.));
#6131=DIRECTION('',(-1.77389105976593E-16,-0.900955635574692,0.433911215257458));
#6132=DIRECTION('',(-5.32115257910773E-31,-2.70260249495395E-15,1.));
#6133=DIRECTION('',(1.77389058829853E-16,0.900955396117365,0.433911712456581));
#6134=DIRECTION('',(1.,-1.96889945489316E-16,0.));
#6135=DIRECTION('',(1.96889945489316E-16,1.,0.));
#6136=DIRECTION('',(-1.,0.,0.));
#6137=DIRECTION('',(0.,0.,1.));
#6138=DIRECTION('',(1.,-1.96889945489316E-16,0.));
#6139=DIRECTION('',(1.96889945489316E-16,1.,0.));
#6140=DIRECTION('',(1.,-1.96889945489316E-16,0.));
#6141=DIRECTION('',(1.96889945489316E-16,1.,0.));
#6142=DIRECTION('',(-1.,0.,0.));
#6143=DIRECTION('',(0.,0.,1.));
#6144=DIRECTION('',(1.,-1.96889945489316E-16,0.));
#6145=DIRECTION('',(1.96889945489316E-16,1.,0.));
#6146=DIRECTION('',(1.,-1.96889945489316E-16,0.));
#6147=DIRECTION('',(1.96889945489316E-16,1.,0.));
#6148=DIRECTION('',(-1.,0.,0.));
#6149=DIRECTION('',(0.,0.,1.));
#6150=DIRECTION('',(1.,-1.96889945489316E-16,0.));
#6151=DIRECTION('',(1.96889945489316E-16,1.,0.));
#6152=DIRECTION('',(-1.,1.96889945489316E-16,0.));
#6153=DIRECTION('',(-1.96889945489316E-16,-1.,0.));
#6154=DIRECTION('',(-1.,0.,0.));
#6155=DIRECTION('',(0.,0.,1.));
#6156=DIRECTION('',(-1.,1.96889945489316E-16,0.));
#6157=DIRECTION('',(-1.96889945489316E-16,-1.,0.));
#6158=DIRECTION('',(-1.,1.96889945489316E-16,0.));
#6159=DIRECTION('',(-1.96889945489316E-16,-1.,0.));
#6160=DIRECTION('',(-1.,0.,0.));
#6161=DIRECTION('',(0.,0.,1.));
#6162=DIRECTION('',(-1.,1.96889945489316E-16,0.));
#6163=DIRECTION('',(-1.96889945489316E-16,-1.,0.));
#6164=DIRECTION('',(-1.,1.96889945489316E-16,0.));
#6165=DIRECTION('',(-1.96889945489316E-16,-1.,0.));
#6166=DIRECTION('',(-1.,0.,0.));
#6167=DIRECTION('',(0.,0.,1.));
#6168=DIRECTION('',(-1.,1.96889945489316E-16,0.));
#6169=DIRECTION('',(-1.96889945489316E-16,-1.,0.));
#6170=DIRECTION('',(1.,0.,0.));
#6171=DIRECTION('',(0.,0.,-1.));
#6172=DIRECTION('',(0.,1.,0.));
#6173=DIRECTION('',(0.,0.,1.));
#6174=DIRECTION('',(1.,0.,0.));
#6175=DIRECTION('',(0.,0.,-1.));
#6176=DIRECTION('',(0.,-1.,0.));
#6177=DIRECTION('',(0.,0.,-1.));
#6178=DIRECTION('',(0.,0.,1.));
#6179=DIRECTION('',(0.,0.,1.));
#6180=DIRECTION('',(0.,0.,1.));
#6181=DIRECTION('',(1.,0.,-1.25978462279261E-16));
#6182=DIRECTION('',(-1.,0.,0.));
#6183=DIRECTION('',(0.,0.,1.));
#6184=DIRECTION('',(1.,0.,0.));
#6185=DIRECTION('',(0.,0.,-1.));
#6186=DIRECTION('',(1.,0.,0.));
#6187=DIRECTION('',(0.,0.,-1.));
#6188=DIRECTION('',(1.,0.,0.));
#6189=DIRECTION('',(0.,0.,-1.));
#6190=DIRECTION('',(1.,0.,0.));
#6191=DIRECTION('',(0.,0.,-1.));
#6192=DIRECTION('',(1.,0.,0.));
#6193=DIRECTION('',(0.,0.,-1.));
#6194=DIRECTION('',(1.,0.,0.));
#6195=DIRECTION('',(0.,0.,-1.));
#6196=DIRECTION('',(1.,0.,0.));
#6197=DIRECTION('',(0.,0.,-1.));
#6198=DIRECTION('',(0.,0.,1.));
#6199=DIRECTION('',(0.,-1.,0.));
#6200=DIRECTION('',(0.,0.,-1.));
#6201=DIRECTION('',(0.,0.,1.));
#6202=DIRECTION('',(-1.,0.,0.));
#6203=DIRECTION('',(0.,0.,1.));
#6204=DIRECTION('',(1.,0.,0.));
#6205=DIRECTION('',(0.,0.,-1.));
#6206=DIRECTION('',(0.,0.,1.));
#6207=DIRECTION('',(0.,1.,0.));
#6208=DIRECTION('',(1.,0.,0.));
#6209=DIRECTION('',(0.,0.,-1.));
#6210=DIRECTION('',(0.,1.,0.));
#6211=DIRECTION('',(-1.25978462279261E-16,0.,-1.));
#6212=DIRECTION('',(-1.,0.,1.25978462279261E-16));
#6213=DIRECTION('',(0.,-1.,0.));
#6214=DIRECTION('',(1.,0.,0.));
#6215=DIRECTION('',(0.,0.,-1.));
#6216=DIRECTION('',(1.,0.,0.));
#6217=DIRECTION('',(0.,0.,-1.));
#6218=DIRECTION('',(1.,0.,0.));
#6219=DIRECTION('',(0.,0.,-1.));
#6220=DIRECTION('',(1.,0.,0.));
#6221=DIRECTION('',(0.,0.,-1.));
#6222=DIRECTION('',(1.,0.,0.));
#6223=DIRECTION('',(0.,0.,-1.));
#6224=DIRECTION('',(1.,0.,0.));
#6225=DIRECTION('',(0.,0.,-1.));
#6226=DIRECTION('',(1.,0.,0.));
#6227=DIRECTION('',(0.,0.,-1.));
#6228=DIRECTION('',(1.,0.,0.));
#6229=DIRECTION('',(0.,0.,-1.));
#6230=DIRECTION('',(1.,0.,0.));
#6231=DIRECTION('',(0.,0.,-1.));
#6232=DIRECTION('',(1.,0.,0.));
#6233=DIRECTION('',(0.,0.,-1.));
#6234=DIRECTION('',(1.,0.,0.));
#6235=DIRECTION('',(0.,0.,-1.));
#6236=DIRECTION('',(0.,0.,1.));
#6237=DIRECTION('',(1.,0.,0.));
#6238=DIRECTION('',(0.,0.,1.));
#6239=DIRECTION('',(1.,0.,0.));
#6240=DIRECTION('',(0.,1.,0.));
#6241=DIRECTION('',(0.,0.,1.));
#6242=DIRECTION('',(0.,1.,0.));
#6243=DIRECTION('',(0.,-1.,0.));
#6244=DIRECTION('',(0.,0.,1.));
#6245=DIRECTION('',(0.,1.,0.));
#6246=DIRECTION('',(-1.,0.,0.));
#6247=DIRECTION('',(0.,0.,1.));
#6248=DIRECTION('',(0.,1.,0.));
#6249=DIRECTION('',(0.,0.,1.));
#6250=DIRECTION('',(0.,1.,0.));
#6251=DIRECTION('',(0.,1.,0.));
#6252=DIRECTION('',(0.,0.,1.));
#6253=DIRECTION('',(0.,1.,0.));
#6254=DIRECTION('',(-1.,0.,0.));
#6255=DIRECTION('',(0.,0.,-1.));
#6256=DIRECTION('',(0.,0.,1.));
#6257=DIRECTION('',(1.,0.,0.));
#6258=DIRECTION('',(0.,0.,1.));
#6259=DIRECTION('',(1.,0.,0.));
#6260=DIRECTION('',(0.,0.,1.));
#6261=DIRECTION('',(1.,0.,0.));
#6262=DIRECTION('',(0.,0.,1.));
#6263=DIRECTION('',(1.,0.,0.));
#6264=DIRECTION('',(0.,0.,1.));
#6265=DIRECTION('',(1.,0.,0.));
#6266=DIRECTION('',(0.,0.,1.));
#6267=DIRECTION('',(1.,0.,0.));
#6268=DIRECTION('',(0.,0.,1.));
#6269=DIRECTION('',(1.,0.,0.));
#6270=DIRECTION('',(0.,0.,1.));
#6271=DIRECTION('',(1.,0.,0.));
#6272=DIRECTION('',(0.,0.,1.));
#6273=DIRECTION('',(1.,0.,0.));
#6274=DIRECTION('',(0.,0.,1.));
#6275=DIRECTION('',(1.,0.,0.));
#6276=DIRECTION('',(0.,0.,1.));
#6277=DIRECTION('',(1.,0.,0.));
#6278=DIRECTION('',(0.,0.,1.));
#6279=DIRECTION('',(1.,0.,0.));
#6280=DIRECTION('',(-1.,1.96889945489316E-16,0.));
#6281=DIRECTION('',(-1.96889945489316E-16,-1.,0.));
#6282=DIRECTION('',(-1.,1.96889945489316E-16,0.));
#6283=DIRECTION('',(-1.96889945489316E-16,-1.,0.));
#6284=DIRECTION('',(0.707106781186548,-1.39222215602945E-16,0.707106781186548));
#6285=DIRECTION('',(-0.707106781186548,1.39222215602945E-16,0.707106781186548));
#6286=DIRECTION('',(-1.,1.96889945489316E-16,0.));
#6287=DIRECTION('',(-1.96889945489316E-16,-1.,0.));
#6288=DIRECTION('',(1.,-1.96889945489316E-16,0.));
#6289=DIRECTION('',(1.96889945489316E-16,1.,0.));
#6290=DIRECTION('',(0.707106781186548,-1.39222215602945E-16,-0.707106781186548));
#6291=DIRECTION('',(0.707106781186548,-1.39222215602945E-16,0.707106781186548));
#6292=DIRECTION('',(1.,-1.96889945489316E-16,0.));
#6293=DIRECTION('',(1.96889945489316E-16,1.,0.));
#6294=DIRECTION('',(1.,-1.96889945489316E-16,0.));
#6295=DIRECTION('',(1.96889945489316E-16,1.,0.));
#6296=DIRECTION('',(1.,0.,0.));
#6297=DIRECTION('',(0.,0.,-1.));
#6298=DIRECTION('',(0.5,-0.5,-0.707106781186546));
#6299=DIRECTION('',(0.866025403784438,0.288675134594814,0.408248290463863));
#6300=DIRECTION('',(0.5,0.5,0.707106781186549));
#6301=DIRECTION('',(0.866025403784439,-0.288675134594811,-0.408248290463863));
#6302=DIRECTION('',(0.707106781186548,-1.39222215602945E-16,0.707106781186548));
#6303=DIRECTION('',(-1.96889945489316E-16,-1.,0.));
#6304=DIRECTION('',(0.577350269189626,0.577350269189626,-0.577350269189626));
#6305=DIRECTION('',(0.577350269189626,-0.577350269189626,-0.577350269189626));
#6306=DIRECTION('',(0.,-0.707106781186548,-0.707106781186548));
#6307=DIRECTION('',(-1.,0.,0.));
#6308=DIRECTION('',(0.577350269189626,-0.577350269189626,0.577350269189626));
#6309=DIRECTION('',(0.577350269189626,0.577350269189626,-0.577350269189626));
#6310=DIRECTION('',(-0.577350269189625,0.577350269189626,-0.577350269189626));
#6311=DIRECTION('',(0.707106781186548,-1.39222215602945E-16,-0.707106781186548));
#6312=DIRECTION('',(1.96889945489316E-16,1.,0.));
#6313=DIRECTION('',(0.577350269189626,0.577350269189625,0.577350269189626));
#6314=DIRECTION('',(0.577350269189626,0.577350269189625,0.577350269189626));
#6315=DIRECTION('',(0.,0.707106781186548,-0.707106781186547));
#6316=DIRECTION('',(-1.,0.,0.));
#6317=DIRECTION('',(0.,-0.707106781186547,-0.707106781186548));
#6318=DIRECTION('',(-0.707106781186548,-0.707106781186547,0.));
#6319=DIRECTION('',(0.,0.,1.));
#6320=DIRECTION('',(-0.707106781186547,0.707106781186548,0.));
#6321=DIRECTION('',(-0.707106781186547,0.707106781186548,0.));
#6322=DIRECTION('',(0.,0.,-1.));
#6323=DIRECTION('',(0.707106781186548,0.707106781186547,0.));
#6324=DIRECTION('',(0.,-1.,0.));
#6325=DIRECTION('',(-0.987976455969822,0.,-0.154604406306259));
#6326=DIRECTION('',(0.,-1.,0.));
#6327=DIRECTION('',(0.,-1.,0.));
#6328=DIRECTION('',(0.,0.,-1.));
#6329=DIRECTION('',(0.,-1.,0.));
#6330=DIRECTION('',(0.,-1.,0.));
#6331=DIRECTION('',(0.,0.,-1.));
#6332=DIRECTION('',(0.,-1.,0.));
#6333=DIRECTION('',(0.,-1.,0.));
#6334=DIRECTION('',(0.,-1.,0.));
#6335=DIRECTION('',(0.,-1.,0.));
#6336=DIRECTION('',(-0.885760275334893,0.,-0.464143010976849));
#6337=DIRECTION('',(0.,-1.,0.));
#6338=DIRECTION('',(0.,0.,-1.));
#6339=DIRECTION('',(0.,-1.,0.));
#6340=DIRECTION('',(0.,-1.,0.));
#6341=DIRECTION('',(0.,0.,-1.));
#6342=DIRECTION('',(0.,-1.,0.));
#6343=DIRECTION('',(0.,-1.,0.));
#6344=DIRECTION('',(0.,-1.,0.));
#6345=DIRECTION('',(0.,-1.,0.));
#6346=DIRECTION('',(0.,-1.,0.));
#6347=DIRECTION('',(0.,-1.,0.));
#6348=DIRECTION('',(0.,-1.,0.));
#6349=DIRECTION('',(0.,-1.,0.));
#6350=DIRECTION('',(0.,-1.,0.));
#6351=DIRECTION('',(0.,-1.,0.));
#6352=DIRECTION('',(0.,-1.,0.));
#6353=DIRECTION('',(-0.993189432548096,0.,0.116510733732095));
#6354=DIRECTION('',(0.,-1.,0.));
#6355=DIRECTION('',(0.,0.,-1.));
#6356=DIRECTION('',(0.,-1.,0.));
#6357=DIRECTION('',(0.,-1.,0.));
#6358=DIRECTION('',(0.,0.,-1.));
#6359=DIRECTION('',(0.,-1.,0.));
#6360=DIRECTION('',(0.,-1.,0.));
#6361=DIRECTION('',(0.,-1.,0.));
#6362=DIRECTION('',(0.,-1.,0.));
#6363=DIRECTION('',(0.,-1.,0.));
#6364=DIRECTION('',(1.,0.,0.));
#6365=DIRECTION('',(0.,-1.,0.));
#6366=DIRECTION('',(0.,0.,-1.));
#6367=DIRECTION('',(0.,-1.,0.));
#6368=DIRECTION('',(0.,0.,-1.));
#6369=DIRECTION('',(0.,-1.,0.));
#6370=DIRECTION('',(0.,0.,-1.));
#6371=DIRECTION('',(0.,-1.,0.));
#6372=DIRECTION('',(0.,0.,-1.));
#6373=DIRECTION('',(0.,-1.,0.));
#6374=DIRECTION('',(0.,0.,-1.));
#6375=DIRECTION('',(0.,-1.,0.));
#6376=DIRECTION('',(1.,0.,0.));
#6377=DIRECTION('',(0.,-1.,0.));
#6378=DIRECTION('',(0.,0.,-1.));
#6379=DIRECTION('',(0.,-1.,0.));
#6380=DIRECTION('',(0.,0.,-1.));
#6381=DIRECTION('',(0.,-1.,0.));
#6382=DIRECTION('',(-0.91362108114556,0.,0.406566747393854));
#6383=DIRECTION('',(0.,-1.,0.));
#6384=DIRECTION('',(0.,0.,-1.));
#6385=DIRECTION('',(0.,-1.,0.));
#6386=DIRECTION('',(0.,-1.,0.));
#6387=DIRECTION('',(0.,0.,-1.));
#6388=DIRECTION('',(0.,-1.,0.));
#6389=DIRECTION('',(0.,-1.,0.));
#6390=DIRECTION('',(-0.919827384806746,0.,0.392323313301136));
#6391=DIRECTION('',(0.,-1.,0.));
#6392=DIRECTION('',(0.,0.,-1.));
#6393=DIRECTION('',(0.,-1.,0.));
#6394=DIRECTION('',(0.,-1.,0.));
#6395=DIRECTION('',(0.,0.,-1.));
#6396=DIRECTION('',(0.,-1.,0.));
#6397=DIRECTION('',(0.,-1.,0.));
#6398=DIRECTION('',(0.,-1.,0.));
#6399=DIRECTION('',(0.,-1.,0.));
#6400=DIRECTION('',(0.,-1.,0.));
#6401=DIRECTION('',(-0.993207778687774,0.,0.116354236511169));
#6402=DIRECTION('',(0.,-1.,0.));
#6403=DIRECTION('',(0.,0.,-1.));
#6404=DIRECTION('',(0.,-1.,0.));
#6405=DIRECTION('',(0.,-1.,0.));
#6406=DIRECTION('',(0.,0.,-1.));
#6407=DIRECTION('',(0.,-1.,0.));
#6408=DIRECTION('',(0.,-1.,0.));
#6409=DIRECTION('',(0.,-1.,0.));
#6410=DIRECTION('',(0.,-1.,0.));
#6411=DIRECTION('',(-0.992671977833961,0.,-0.120840160638806));
#6412=DIRECTION('',(0.,-1.,0.));
#6413=DIRECTION('',(0.,0.,-1.));
#6414=DIRECTION('',(0.,-1.,0.));
#6415=DIRECTION('',(0.,-1.,0.));
#6416=DIRECTION('',(0.,0.,-1.));
#6417=DIRECTION('',(0.,-1.,0.));
#6418=DIRECTION('',(0.,-1.,0.));
#6419=DIRECTION('',(0.,-1.,0.));
#6420=DIRECTION('',(0.,-1.,0.));
#6421=DIRECTION('',(-0.941627999621117,0.,-0.336655180161444));
#6422=DIRECTION('',(0.,-1.,0.));
#6423=DIRECTION('',(0.,0.,-1.));
#6424=DIRECTION('',(0.,-1.,0.));
#6425=DIRECTION('',(0.,-1.,0.));
#6426=DIRECTION('',(0.,0.,-1.));
#6427=DIRECTION('',(0.,-1.,0.));
#6428=DIRECTION('',(0.,-1.,0.));
#6429=DIRECTION('',(0.,-1.,0.));
#6430=DIRECTION('',(0.,-1.,0.));
#6431=DIRECTION('',(0.,-1.,0.));
#6432=DIRECTION('',(-0.925526103166581,0.,-0.378683815811137));
#6433=DIRECTION('',(0.,-1.,0.));
#6434=DIRECTION('',(0.,0.,-1.));
#6435=DIRECTION('',(0.,-1.,0.));
#6436=DIRECTION('',(0.,-1.,0.));
#6437=DIRECTION('',(0.,0.,-1.));
#6438=DIRECTION('',(0.,-1.,0.));
#6439=DIRECTION('',(0.,-1.,0.));
#6440=DIRECTION('',(0.,-1.,0.));
#6441=DIRECTION('',(0.,-1.,0.));
#6442=DIRECTION('',(-0.992022480421429,0.,-0.126061089708582));
#6443=DIRECTION('',(0.,-1.,0.));
#6444=DIRECTION('',(0.,0.,-1.));
#6445=DIRECTION('',(0.,-1.,0.));
#6446=DIRECTION('',(0.,-1.,0.));
#6447=DIRECTION('',(0.,0.,-1.));
#6448=DIRECTION('',(0.,-1.,0.));
#6449=DIRECTION('',(0.,-1.,0.));
#6450=DIRECTION('',(0.,-1.,0.));
#6451=DIRECTION('',(0.,-1.,0.));
#6452=DIRECTION('',(0.,-1.,0.));
#6453=DIRECTION('',(0.,-1.,0.));
#6454=DIRECTION('',(0.,-1.,0.));
#6455=DIRECTION('',(0.,-1.,0.));
#6456=DIRECTION('',(0.,-1.,0.));
#6457=DIRECTION('',(1.,0.,0.));
#6458=DIRECTION('',(0.992162454783856,0.,-0.124954645040801));
#6459=DIRECTION('',(0.,-1.,0.));
#6460=DIRECTION('',(0.,0.,-1.));
#6461=DIRECTION('',(0.,-1.,0.));
#6462=DIRECTION('',(0.,0.,-1.));
#6463=DIRECTION('',(0.,-1.,0.));
#6464=DIRECTION('',(0.,0.,-1.));
#6465=DIRECTION('',(0.,-1.,0.));
#6466=DIRECTION('',(0.,0.,-1.));
#6467=DIRECTION('',(0.,-1.,0.));
#6468=DIRECTION('',(0.,0.,-1.));
#6469=DIRECTION('',(0.,-1.,0.));
#6470=DIRECTION('',(0.,-1.,0.));
#6471=DIRECTION('',(0.,-1.,0.));
#6472=DIRECTION('',(0.,-1.,0.));
#6473=DIRECTION('',(-0.941725116560316,0.,0.336383419388442));
#6474=DIRECTION('',(0.,-1.,0.));
#6475=DIRECTION('',(0.,0.,-1.));
#6476=DIRECTION('',(0.,-1.,0.));
#6477=DIRECTION('',(0.,-1.,0.));
#6478=DIRECTION('',(0.,0.,-1.));
#6479=DIRECTION('',(0.,-1.,0.));
#6480=DIRECTION('',(0.,-1.,0.));
#6481=DIRECTION('',(0.,-1.,0.));
#6482=DIRECTION('',(0.,-1.,0.));
#6483=DIRECTION('',(-0.995325978129755,0.,0.0965722385577082));
#6484=DIRECTION('',(0.,-1.,0.));
#6485=DIRECTION('',(0.,0.,-1.));
#6486=DIRECTION('',(0.,-1.,0.));
#6487=DIRECTION('',(0.,-1.,0.));
#6488=DIRECTION('',(0.,0.,-1.));
#6489=DIRECTION('',(0.,-1.,0.));
#6490=DIRECTION('',(0.,-1.,0.));
#6491=DIRECTION('',(0.,-1.,0.));
#6492=DIRECTION('',(0.,-1.,0.));
#6493=DIRECTION('',(0.,-1.,0.));
#6494=DIRECTION('',(0.,-1.,0.));
#6495=DIRECTION('',(0.,-1.,0.));
#6496=DIRECTION('',(0.,-1.,0.));
#6497=DIRECTION('',(0.,-1.,0.));
#6498=DIRECTION('',(0.,-1.,0.));
#6499=DIRECTION('',(0.,-1.,0.));
#6500=DIRECTION('',(0.,-1.,0.));
#6501=DIRECTION('',(0.,-1.,0.));
#6502=DIRECTION('',(-0.934666317793836,0.,-0.355526193664705));
#6503=DIRECTION('',(0.,-1.,0.));
#6504=DIRECTION('',(0.,0.,-1.));
#6505=DIRECTION('',(0.,-1.,0.));
#6506=DIRECTION('',(0.,-1.,0.));
#6507=DIRECTION('',(0.,0.,-1.));
#6508=DIRECTION('',(0.,-1.,0.));
#6509=DIRECTION('',(0.,-1.,0.));
#6510=DIRECTION('',(0.,-1.,0.));
#6511=DIRECTION('',(0.,-1.,0.));
#6512=DIRECTION('',(-0.994935341488598,0.,-0.100516994866372));
#6513=DIRECTION('',(0.,-1.,0.));
#6514=DIRECTION('',(0.,0.,-1.));
#6515=DIRECTION('',(0.,-1.,0.));
#6516=DIRECTION('',(0.,-1.,0.));
#6517=DIRECTION('',(0.,0.,-1.));
#6518=DIRECTION('',(0.,-1.,0.));
#6519=DIRECTION('',(0.,-1.,0.));
#6520=DIRECTION('',(0.,-1.,0.));
#6521=DIRECTION('',(0.,-1.,0.));
#6522=DIRECTION('',(-0.995617890272385,0.,0.0935147933193711));
#6523=DIRECTION('',(0.,-1.,0.));
#6524=DIRECTION('',(0.,0.,-1.));
#6525=DIRECTION('',(0.,-1.,0.));
#6526=DIRECTION('',(0.,-1.,0.));
#6527=DIRECTION('',(0.,0.,-1.));
#6528=DIRECTION('',(0.,-1.,0.));
#6529=DIRECTION('',(0.,-1.,0.));
#6530=DIRECTION('',(0.,-1.,0.));
#6531=DIRECTION('',(0.,-1.,0.));
#6532=DIRECTION('',(-0.942716876932354,0.,0.333593899744747));
#6533=DIRECTION('',(0.,-1.,0.));
#6534=DIRECTION('',(0.,0.,-1.));
#6535=DIRECTION('',(0.,-1.,0.));
#6536=DIRECTION('',(0.,-1.,0.));
#6537=DIRECTION('',(0.,0.,-1.));
#6538=DIRECTION('',(0.,-1.,0.));
#6539=DIRECTION('',(0.,-1.,0.));
#6540=DIRECTION('',(1.,0.,0.));
#6541=DIRECTION('',(0.,-1.,0.));
#6542=DIRECTION('',(0.,0.,-1.));
#6543=DIRECTION('',(0.,-1.,0.));
#6544=DIRECTION('',(0.,0.,-1.));
#6545=DIRECTION('',(0.,-1.,0.));
#6546=DIRECTION('',(0.,0.,-1.));
#6547=DIRECTION('',(0.,-1.,0.));
#6548=DIRECTION('',(0.,0.,-1.));
#6549=DIRECTION('',(0.,-1.,0.));
#6550=DIRECTION('',(0.,0.,-1.));
#6551=DIRECTION('',(0.,-1.,0.));
#6552=DIRECTION('',(1.,0.,0.));
#6553=DIRECTION('',(0.,-1.,0.));
#6554=DIRECTION('',(0.,0.,-1.));
#6555=DIRECTION('',(0.,-1.,0.));
#6556=DIRECTION('',(0.,0.,-1.));
#6557=DIRECTION('',(0.,-1.,0.));
#6558=DIRECTION('',(1.,0.,0.));
#6559=DIRECTION('',(0.,-1.,0.));
#6560=DIRECTION('',(0.,0.,-1.));
#6561=DIRECTION('',(0.,-1.,0.));
#6562=DIRECTION('',(0.,0.,-1.));
#6563=DIRECTION('',(0.,-1.,0.));
#6564=DIRECTION('',(1.,0.,0.));
#6565=DIRECTION('',(0.,-1.,0.));
#6566=DIRECTION('',(0.,0.,-1.));
#6567=DIRECTION('',(0.,-1.,0.));
#6568=DIRECTION('',(0.,0.,-1.));
#6569=DIRECTION('',(0.,-1.,0.));
#6570=DIRECTION('',(1.,0.,0.));
#6571=DIRECTION('',(0.,-1.,0.));
#6572=DIRECTION('',(0.,0.,-1.));
#6573=DIRECTION('',(0.,-1.,0.));
#6574=DIRECTION('',(0.,0.,-1.));
#6575=DIRECTION('',(0.,-1.,0.));
#6576=DIRECTION('',(1.,0.,0.));
#6577=DIRECTION('',(0.,-1.,0.));
#6578=DIRECTION('',(0.,0.,-1.));
#6579=DIRECTION('',(0.,-1.,0.));
#6580=DIRECTION('',(0.,0.,-1.));
#6581=DIRECTION('',(0.,-1.,0.));
#6582=DIRECTION('',(1.,0.,0.));
#6583=DIRECTION('',(0.,-1.,0.));
#6584=DIRECTION('',(0.,0.,-1.));
#6585=DIRECTION('',(0.,-1.,0.));
#6586=DIRECTION('',(0.,0.,-1.));
#6587=DIRECTION('',(0.,-1.,0.));
#6588=DIRECTION('',(1.,0.,0.));
#6589=DIRECTION('',(0.,-1.,0.));
#6590=DIRECTION('',(0.,0.,-1.));
#6591=DIRECTION('',(0.,-1.,0.));
#6592=DIRECTION('',(0.,0.,-1.));
#6593=DIRECTION('',(0.,-1.,0.));
#6594=DIRECTION('',(0.,-1.,0.));
#6595=DIRECTION('',(0.,-1.,0.));
#6596=DIRECTION('',(0.,-1.,0.));
#6597=DIRECTION('',(0.,-1.,0.));
#6598=DIRECTION('',(-0.90762536420306,0.,-0.419781131371173));
#6599=DIRECTION('',(0.,-1.,0.));
#6600=DIRECTION('',(0.,0.,-1.));
#6601=DIRECTION('',(0.,-1.,0.));
#6602=DIRECTION('',(0.,-1.,0.));
#6603=DIRECTION('',(0.,0.,-1.));
#6604=DIRECTION('',(0.,-1.,0.));
#6605=DIRECTION('',(0.,-1.,0.));
#6606=DIRECTION('',(0.,-1.,0.));
#6607=DIRECTION('',(0.,-1.,0.));
#6608=DIRECTION('',(0.,-1.,0.));
#6609=DIRECTION('',(-0.993524809740943,0.,-0.113615370567639));
#6610=DIRECTION('',(0.,-1.,0.));
#6611=DIRECTION('',(0.,0.,-1.));
#6612=DIRECTION('',(0.,-1.,0.));
#6613=DIRECTION('',(0.,-1.,0.));
#6614=DIRECTION('',(0.,0.,-1.));
#6615=DIRECTION('',(0.,-1.,0.));
#6616=DIRECTION('',(0.,-1.,0.));
#6617=DIRECTION('',(0.,-1.,0.));
#6618=DIRECTION('',(0.,-1.,0.));
#6619=DIRECTION('',(-0.99482958720982,0.,0.101558320249695));
#6620=DIRECTION('',(0.,-1.,0.));
#6621=DIRECTION('',(0.,0.,-1.));
#6622=DIRECTION('',(0.,-1.,0.));
#6623=DIRECTION('',(0.,-1.,0.));
#6624=DIRECTION('',(0.,0.,-1.));
#6625=DIRECTION('',(0.,-1.,0.));
#6626=DIRECTION('',(0.,-1.,0.));
#6627=DIRECTION('',(0.,-1.,0.));
#6628=DIRECTION('',(0.,-1.,0.));
#6629=DIRECTION('',(-0.883298511659608,0.,0.468810984619518));
#6630=DIRECTION('',(0.,-1.,0.));
#6631=DIRECTION('',(0.,0.,-1.));
#6632=DIRECTION('',(0.,-1.,0.));
#6633=DIRECTION('',(0.,-1.,0.));
#6634=DIRECTION('',(0.,0.,-1.));
#6635=DIRECTION('',(0.,-1.,0.));
#6636=DIRECTION('',(0.,-1.,0.));
#6637=DIRECTION('',(1.,0.,0.));
#6638=DIRECTION('',(0.,-1.,0.));
#6639=DIRECTION('',(0.,0.,-1.));
#6640=DIRECTION('',(0.,-1.,0.));
#6641=DIRECTION('',(0.,0.,-1.));
#6642=DIRECTION('',(0.,-1.,0.));
#6643=DIRECTION('',(0.,0.,-1.));
#6644=DIRECTION('',(0.,-1.,0.));
#6645=DIRECTION('',(0.,0.,-1.));
#6646=DIRECTION('',(0.,-1.,0.));
#6647=DIRECTION('',(0.,0.,-1.));
#6648=DIRECTION('',(0.,-1.,0.));
#6649=DIRECTION('',(1.,0.,0.));
#6650=DIRECTION('',(0.,-1.,0.));
#6651=DIRECTION('',(0.,0.,-1.));
#6652=DIRECTION('',(0.,-1.,0.));
#6653=DIRECTION('',(0.,0.,-1.));
#6654=DIRECTION('',(0.,-1.,0.));
#6655=DIRECTION('',(1.,0.,0.));
#6656=DIRECTION('',(0.,-1.,0.));
#6657=DIRECTION('',(0.,0.,-1.));
#6658=DIRECTION('',(0.,-1.,0.));
#6659=DIRECTION('',(0.,0.,-1.));
#6660=DIRECTION('',(0.,-1.,0.));
#6661=DIRECTION('',(1.,0.,0.));
#6662=DIRECTION('',(0.,-1.,0.));
#6663=DIRECTION('',(0.,0.,-1.));
#6664=DIRECTION('',(0.,-1.,0.));
#6665=DIRECTION('',(0.,0.,-1.));
#6666=DIRECTION('',(0.,-1.,0.));
#6667=DIRECTION('',(1.,0.,0.));
#6668=DIRECTION('',(0.,-1.,0.));
#6669=DIRECTION('',(0.,0.,-1.));
#6670=DIRECTION('',(0.,-1.,0.));
#6671=DIRECTION('',(0.,0.,-1.));
#6672=DIRECTION('',(0.,-1.,0.));
#6673=DIRECTION('',(1.,0.,0.));
#6674=DIRECTION('',(0.,-1.,0.));
#6675=DIRECTION('',(0.,0.,-1.));
#6676=DIRECTION('',(0.,-1.,0.));
#6677=DIRECTION('',(0.,0.,-1.));
#6678=DIRECTION('',(0.,-1.,0.));
#6679=DIRECTION('',(1.,0.,0.));
#6680=DIRECTION('',(0.,-1.,0.));
#6681=DIRECTION('',(0.,0.,-1.));
#6682=DIRECTION('',(0.,-1.,0.));
#6683=DIRECTION('',(0.,0.,-1.));
#6684=DIRECTION('',(0.,-1.,0.));
#6685=DIRECTION('',(1.,0.,0.));
#6686=DIRECTION('',(0.,-1.,0.));
#6687=DIRECTION('',(0.,0.,-1.));
#6688=DIRECTION('',(0.,-1.,0.));
#6689=DIRECTION('',(0.,0.,-1.));
#6690=DIRECTION('',(0.,-1.,0.));
#6691=DIRECTION('',(1.,0.,0.));
#6692=DIRECTION('',(0.0217572746816465,0.,-0.999763282481622));
#6693=DIRECTION('',(-0.0363391167771763,0.,-0.999339516176487));
#6694=DIRECTION('',(0.,0.,1.));
#6695=DIRECTION('',(0.,0.,1.));
#6696=DIRECTION('',(0.013387847678171,0.,-0.999910378751289));
#6697=DIRECTION('',(0.,0.,-1.));
#6698=DIRECTION('',(0.034789445410721,0.,-0.999394664028188));
#6699=DIRECTION('',(0.,0.,1.));
#6700=DIRECTION('',(0.,-1.,0.));
#6701=DIRECTION('',(0.,0.,-1.));
#6702=DIRECTION('',(0.0577280460553571,0.,-0.998332345814073));
#6703=DIRECTION('',(0.,0.,-1.));
#6704=DIRECTION('',(0.,-1.,0.));
#6705=DIRECTION('',(0.,0.,-1.));
#6706=DIRECTION('',(0.,0.,-1.));
#6707=DIRECTION('',(-0.0460024607213996,0.,-0.998941326408902));
#6708=DIRECTION('',(0.,-1.,0.));
#6709=DIRECTION('',(0.,0.,-1.));
#6710=DIRECTION('',(0.,0.,-1.));
#6711=DIRECTION('',(0.0293895352432531,0.,-0.999568034311915));
#6712=DIRECTION('',(0.0577280460553571,0.,-0.998332345814073));
#6713=DIRECTION('',(0.,-1.,0.));
#6714=DIRECTION('',(0.,0.,-1.));
#6715=DIRECTION('',(0.44942623033951,0.,0.89331744832552));
#6716=DIRECTION('',(0.,-1.,0.));
#6717=DIRECTION('',(1.,0.,0.));
#6718=DIRECTION('',(0.,-1.,0.));
#6719=DIRECTION('',(0.,0.,-1.));
#6720=DIRECTION('',(0.,-1.,0.));
#6721=DIRECTION('',(0.,0.,-1.));
#6722=DIRECTION('',(0.,-1.,0.));
#6723=DIRECTION('',(1.,0.,0.));
#6724=DIRECTION('',(0.,-1.,0.));
#6725=DIRECTION('',(0.,0.,-1.));
#6726=DIRECTION('',(0.,-1.,0.));
#6727=DIRECTION('',(0.,0.,-1.));
#6728=DIRECTION('',(0.,-1.,0.));
#6729=DIRECTION('',(1.,0.,0.));
#6730=DIRECTION('',(0.,-1.,0.));
#6731=DIRECTION('',(0.,0.,-1.));
#6732=DIRECTION('',(0.,-1.,0.));
#6733=DIRECTION('',(0.,0.,-1.));
#6734=DIRECTION('',(0.,-1.,0.));
#6735=DIRECTION('',(1.,0.,0.));
#6736=DIRECTION('',(0.,-1.,0.));
#6737=DIRECTION('',(0.,0.,-1.));
#6738=DIRECTION('',(0.,-1.,0.));
#6739=DIRECTION('',(0.,0.,-1.));
#6740=DIRECTION('',(0.,-1.,0.));
#6741=DIRECTION('',(0.,-1.,0.));
#6742=DIRECTION('',(0.,-1.,0.));
#6743=DIRECTION('',(0.,-1.,0.));
#6744=DIRECTION('',(0.89331744832552,0.,-0.44942623033951));
#6745=DIRECTION('',(-0.44942623033951,0.,-0.89331744832552));
#6746=DIRECTION('',(0.44942623033951,0.,0.89331744832552));
#6747=DIRECTION('',(0.,-1.,0.));
#6748=DIRECTION('',(1.,0.,0.));
#6749=DIRECTION('',(-0.998332345814073,0.,-0.057728046055357));
#6750=DIRECTION('',(-0.0577280460553571,0.,0.998332345814073));
#6751=DIRECTION('',(0.,-1.,0.));
#6752=DIRECTION('',(0.0577280460553571,0.,-0.998332345814073));
#6753=DIRECTION('',(0.,-1.,0.));
#6754=DIRECTION('',(0.,-1.,0.));
#6755=DIRECTION('',(0.76831910452757,0.,-0.640066991507883));
#6756=DIRECTION('',(0.,-1.,0.));
#6757=DIRECTION('',(0.,-1.,0.));
#6758=DIRECTION('',(0.,0.,-1.));
#6759=DIRECTION('',(-0.998332345814073,0.,-0.0577280460553571));
#6760=DIRECTION('',(-0.0577280460553571,0.,0.998332345814073));
#6761=DIRECTION('',(0.,-1.,0.));
#6762=DIRECTION('',(0.0577280460553571,0.,-0.998332345814073));
#6763=DIRECTION('',(-0.999568034311915,0.,-0.0293895352432531));
#6764=DIRECTION('',(-0.0293895352432531,0.,0.999568034311915));
#6765=DIRECTION('',(0.,-1.,0.));
#6766=DIRECTION('',(0.0293895352432531,0.,-0.999568034311915));
#6767=DIRECTION('',(-1.,0.,0.));
#6768=DIRECTION('',(0.,0.,1.));
#6769=DIRECTION('',(0.,-1.,0.));
#6770=DIRECTION('',(0.,0.,-1.));
#6771=DIRECTION('',(0.,-1.,0.));
#6772=DIRECTION('',(0.716148678115077,0.,0.697947756521954));
#6773=DIRECTION('',(0.,-1.,0.));
#6774=DIRECTION('',(0.,-1.,0.));
#6775=DIRECTION('',(0.,0.,-1.));
#6776=DIRECTION('',(-0.998941326408902,0.,0.0460024607213996));
#6777=DIRECTION('',(0.0460024607213996,0.,0.998941326408902));
#6778=DIRECTION('',(0.,-1.,0.));
#6779=DIRECTION('',(-0.0460024607213996,0.,-0.998941326408902));
#6780=DIRECTION('',(-1.,0.,0.));
#6781=DIRECTION('',(0.,0.,1.));
#6782=DIRECTION('',(0.,-1.,0.));
#6783=DIRECTION('',(0.,0.,-1.));
#6784=DIRECTION('',(0.,-1.,0.));
#6785=DIRECTION('',(0.,0.,-1.));
#6786=DIRECTION('',(0.,-1.,0.));
#6787=DIRECTION('',(0.,-1.,0.));
#6788=DIRECTION('',(0.,0.,-1.));
#6789=DIRECTION('',(-1.,0.,0.));
#6790=DIRECTION('',(0.,0.,1.));
#6791=DIRECTION('',(0.,0.,-1.));
#6792=DIRECTION('',(0.,-1.,0.));
#6793=DIRECTION('',(1.,0.,0.));
#6794=DIRECTION('',(0.,-1.,0.));
#6795=DIRECTION('',(0.,-1.,0.));
#6796=DIRECTION('',(0.,-1.,0.));
#6797=DIRECTION('',(-0.0934346092906496,0.,-0.995625418411314));
#6798=DIRECTION('',(0.,-1.,0.));
#6799=DIRECTION('',(0.,-1.,0.));
#6800=DIRECTION('',(0.,0.,-1.));
#6801=DIRECTION('',(0.,-1.,0.));
#6802=DIRECTION('',(0.,-1.,0.));
#6803=DIRECTION('',(1.,0.,0.));
#6804=DIRECTION('',(0.,0.,-1.));
#6805=DIRECTION('',(0.,0.,1.));
#6806=DIRECTION('',(0.,-1.,0.));
#6807=DIRECTION('',(1.,0.,0.));
#6808=DIRECTION('',(-0.999763282481622,0.,-0.0217572746816465));
#6809=DIRECTION('',(-0.0217572746816465,0.,0.999763282481622));
#6810=DIRECTION('',(0.,-1.,0.));
#6811=DIRECTION('',(0.0217572746816465,0.,-0.999763282481622));
#6812=DIRECTION('',(0.,-1.,0.));
#6813=DIRECTION('',(0.,-1.,0.));
#6814=DIRECTION('',(-0.999394664028188,0.,-0.034789445410721));
#6815=DIRECTION('',(-0.034789445410721,0.,0.999394664028188));
#6816=DIRECTION('',(0.,-1.,0.));
#6817=DIRECTION('',(0.034789445410721,0.,-0.999394664028188));
#6818=DIRECTION('',(-1.,0.,0.));
#6819=DIRECTION('',(0.,0.,1.));
#6820=DIRECTION('',(0.,-1.,0.));
#6821=DIRECTION('',(0.,0.,-1.));
#6822=DIRECTION('',(-0.999910378751289,0.,-0.013387847678171));
#6823=DIRECTION('',(-0.013387847678171,0.,0.999910378751289));
#6824=DIRECTION('',(0.,-1.,0.));
#6825=DIRECTION('',(0.013387847678171,0.,-0.999910378751289));
#6826=DIRECTION('',(1.,0.,0.));
#6827=DIRECTION('',(0.,0.,-1.));
#6828=DIRECTION('',(0.,-1.,0.));
#6829=DIRECTION('',(0.,0.,1.));
#6830=DIRECTION('',(0.,-1.,0.));
#6831=DIRECTION('',(1.,0.,0.));
#6832=DIRECTION('',(0.,0.,-1.));
#6833=DIRECTION('',(0.,-1.,0.));
#6834=DIRECTION('',(0.,0.,1.));
#6835=DIRECTION('',(-0.999339516176487,0.,0.0363391167771763));
#6836=DIRECTION('',(0.0363391167771763,0.,0.999339516176487));
#6837=DIRECTION('',(-0.0363391167771763,0.,-0.999339516176487));
#6838=DIRECTION('',(0.,-1.,0.));
#6839=DIRECTION('',(1.,0.,0.));
#6840=DIRECTION('',(-0.160383424872717,-2.59332151809647E-26,0.987054789272661));
#6841=DIRECTION('',(-0.987054789272661,1.62738341364446E-33,-0.160383424872717));
#6842=DIRECTION('',(0.,-1.,0.));
#6843=DIRECTION('',(-0.987054789272661,0.,-0.160383424872717));
#6844=DIRECTION('',(0.,-1.,0.));
#6845=DIRECTION('',(1.,0.,0.));
#6846=DIRECTION('',(0.,-1.,0.));
#6847=DIRECTION('',(1.,0.,0.));
#6848=DIRECTION('',(0.,-1.,0.));
#6849=DIRECTION('',(1.,0.,0.));
#6850=DIRECTION('',(0.,-1.,0.));
#6851=DIRECTION('',(1.,0.,0.));
#6852=DIRECTION('',(0.,-1.,0.));
#6853=DIRECTION('',(0.,-1.,0.));
#6854=DIRECTION('',(1.,0.,0.));
#6855=DIRECTION('',(0.,-1.,0.));
#6856=DIRECTION('',(1.,0.,0.));
#6857=DIRECTION('',(0.,-1.,0.));
#6858=DIRECTION('',(1.,0.,0.));
#6859=DIRECTION('',(0.,-1.,0.));
#6860=DIRECTION('',(1.,0.,0.));
#6861=DIRECTION('',(0.,-1.,0.));
#6862=DIRECTION('',(0.0294583488264833,0.,0.99956600866797));
#6863=DIRECTION('',(0.,-1.,0.));
#6864=DIRECTION('',(0.,0.,-1.));
#6865=DIRECTION('',(0.,-1.,0.));
#6866=DIRECTION('',(1.,0.,0.));
#6867=DIRECTION('',(0.,-1.,0.));
#6868=DIRECTION('',(1.,0.,0.));
#6869=DIRECTION('',(0.,-1.,0.));
#6870=DIRECTION('',(1.,0.,0.));
#6871=DIRECTION('',(0.,-1.,0.));
#6872=DIRECTION('',(0.,-1.,0.));
#6873=DIRECTION('',(1.,0.,0.));
#6874=DIRECTION('',(-0.124954645040801,0.,-0.992162454783856));
#6875=DIRECTION('',(-0.992162454783856,0.,0.124954645040801));
#6876=DIRECTION('',(0.,-1.,0.));
#6877=DIRECTION('',(0.,-1.,0.));
#6878=DIRECTION('',(0.,-1.,0.));
#6879=DIRECTION('',(1.,0.,0.));
#6880=DIRECTION('',(0.,-1.,0.));
#6881=DIRECTION('',(0.,0.,-1.));
#6882=DIRECTION('',(0.,-1.,0.));
#6883=DIRECTION('',(0.,0.,-1.));
#6884=DIRECTION('',(0.,0.,-1.));
#6885=DIRECTION('',(0.,0.,-1.));
#6886=DIRECTION('',(0.,1.,0.));
#6887=DIRECTION('',(0.,0.,1.));
#6888=DIRECTION('',(0.,0.,-1.));
#6889=DIRECTION('',(1.,0.,0.));
#6890=DIRECTION('',(0.,0.,-1.));
#6891=DIRECTION('',(0.,0.,-1.));
#6892=DIRECTION('',(0.,1.,0.));
#6893=DIRECTION('',(0.,0.,1.));
#6894=DIRECTION('',(0.,0.,-1.));
#6895=DIRECTION('',(1.,0.,0.));
#6896=DIRECTION('',(-1.,0.,0.));
#6897=DIRECTION('',(0.,0.,1.));
#6898=DIRECTION('',(0.,0.,-1.));
#6899=DIRECTION('',(0.,1.,0.));
#6900=DIRECTION('',(0.,0.,-1.));
#6901=DIRECTION('',(0.,0.,-1.));
#6902=DIRECTION('',(0.,0.,-1.));
#6903=DIRECTION('',(1.,0.,0.));
#6904=DIRECTION('',(1.,0.,0.));
#6905=DIRECTION('',(0.170756569970636,-0.985313246542369,0.));
#6906=DIRECTION('',(-0.928046475699012,-0.372464412988198,0.));
#6907=DIRECTION('',(0.308819693939425,-0.95112060046829,0.));
#6908=DIRECTION('',(0.935601662877644,0.353057401027918,0.));
#6909=DIRECTION('',(0.999756851306542,-0.0220508109970952,0.));
#6910=DIRECTION('',(0.,-1.,0.));
#6911=DIRECTION('',(1.,0.,0.));
#6912=DIRECTION('',(-0.469798137498226,-0.88277387251957,0.));
#6913=DIRECTION('',(-0.992876453959021,-0.119148424973899,0.));
#6914=DIRECTION('',(-0.172880680959093,0.984942775064176,0.));
#6915=DIRECTION('',(-0.984942775064176,-0.172880680959093,0.));
#6916=DIRECTION('',(0.984942775064176,0.172880680959093,0.));
#6917=DIRECTION('',(0.,0.,-1.));
#6918=DIRECTION('',(0.984942775064176,0.172880680959093,0.));
#6919=DIRECTION('',(0.,0.,-1.));
#6920=DIRECTION('',(0.812818351039617,0.582517234262848,0.));
#6921=DIRECTION('',(-0.582517234262848,0.812818351039618,0.));
#6922=DIRECTION('',(0.582517234262848,-0.812818351039617,0.));
#6923=DIRECTION('',(0.,0.,-1.));
#6924=DIRECTION('',(0.582517234262848,-0.812818351039617,0.));
#6925=DIRECTION('',(0.,0.,-1.));
#6926=DIRECTION('',(0.,0.,-1.));
#6927=DIRECTION('',(0.,0.,-1.));
#6928=DIRECTION('',(0.119148424973899,-0.992876453959021,0.));
#6929=DIRECTION('',(0.992876453959021,0.119148424973899,0.));
#6930=DIRECTION('',(0.,0.,-1.));
#6931=DIRECTION('',(-0.992876453959021,-0.119148424973899,0.));
#6932=DIRECTION('',(0.,0.,-1.));
#6933=DIRECTION('',(1.,0.,0.));
#6934=DIRECTION('',(0.,0.,-1.));
#6935=DIRECTION('',(0.,0.,-1.));
#6936=DIRECTION('',(0.,0.,-1.));
#6937=DIRECTION('',(-0.915788252386407,0.401661395694247,0.));
#6938=DIRECTION('',(-0.401661395694248,-0.915788252386407,0.));
#6939=DIRECTION('',(0.401661395694247,0.915788252386407,0.));
#6940=DIRECTION('',(0.,0.,-1.));
#6941=DIRECTION('',(0.401661395694247,0.915788252386407,0.));
#6942=DIRECTION('',(0.,0.,-1.));
#6943=DIRECTION('',(-0.970142280525973,0.242536503512077,0.));
#6944=DIRECTION('',(-0.242536503512077,-0.970142280525973,0.));
#6945=DIRECTION('',(0.242536503512077,0.970142280525973,0.));
#6946=DIRECTION('',(0.,0.,-1.));
#6947=DIRECTION('',(0.242536503512077,0.970142280525973,0.));
#6948=DIRECTION('',(0.,0.,-1.));
#6949=DIRECTION('',(0.,0.,-1.));
#6950=DIRECTION('',(1.,0.,0.));
#6951=DIRECTION('',(0.,0.,1.));
#6952=DIRECTION('',(1.,0.,0.));
#6953=DIRECTION('',(0.,1.,0.));
#6954=DIRECTION('',(0.,0.,1.));
#6955=DIRECTION('',(0.,0.,-1.));
#6956=DIRECTION('',(1.,0.,0.));
#6957=DIRECTION('',(0.,0.,-1.));
#6958=DIRECTION('',(0.,0.,-1.));
#6959=DIRECTION('',(-0.353057401027918,0.935601662877643,0.));
#6960=DIRECTION('',(-0.935601662877644,-0.353057401027918,0.));
#6961=DIRECTION('',(0.,0.,-1.));
#6962=DIRECTION('',(0.935601662877644,0.353057401027918,0.));
#6963=DIRECTION('',(0.,0.,-1.));
#6964=DIRECTION('',(0.95112060046829,0.308819693939425,0.));
#6965=DIRECTION('',(-0.308819693939425,0.95112060046829,0.));
#6966=DIRECTION('',(0.,0.,-1.));
#6967=DIRECTION('',(0.308819693939425,-0.95112060046829,0.));
#6968=DIRECTION('',(0.,0.,-1.));
#6969=DIRECTION('',(0.372464412988198,-0.928046475699012,0.));
#6970=DIRECTION('',(0.928046475699012,0.372464412988198,0.));
#6971=DIRECTION('',(0.,0.,-1.));
#6972=DIRECTION('',(-0.928046475699012,-0.372464412988198,0.));
#6973=DIRECTION('',(0.985313246542369,0.170756569970636,0.));
#6974=DIRECTION('',(-0.170756569970636,0.985313246542369,0.));
#6975=DIRECTION('',(0.,0.,-1.));
#6976=DIRECTION('',(0.170756569970636,-0.985313246542369,0.));
#6977=DIRECTION('',(0.,0.,-1.));
#6978=DIRECTION('',(1.,0.,0.));
#6979=DIRECTION('',(0.,0.,-1.));
#6980=DIRECTION('',(0.,0.,-1.));
#6981=DIRECTION('',(1.,0.,0.));
#6982=DIRECTION('',(0.,0.,-1.));
#6983=DIRECTION('',(0.,0.,-1.));
#6984=DIRECTION('',(0.,-1.,0.));
#6985=DIRECTION('',(0.,0.,-1.));
#6986=DIRECTION('',(0.88277387251957,-0.469798137498225,0.));
#6987=DIRECTION('',(0.469798137498226,0.88277387251957,0.));
#6988=DIRECTION('',(0.,0.,-1.));
#6989=DIRECTION('',(-0.469798137498226,-0.88277387251957,0.));
#6990=DIRECTION('',(0.,0.,-1.));
#6991=DIRECTION('',(0.,0.,-1.));
#6992=DIRECTION('',(0.,1.,0.));
#6993=DIRECTION('',(0.,0.,1.));
#6994=DIRECTION('',(0.,0.,-1.));
#6995=DIRECTION('',(1.,0.,0.));
#6996=DIRECTION('',(0.,0.,-1.));
#6997=DIRECTION('',(0.,0.,-1.));
#6998=DIRECTION('',(1.,0.,0.));
#6999=DIRECTION('',(0.,0.,-1.));
#7000=DIRECTION('',(0.,0.,-1.));
#7001=DIRECTION('',(0.,0.,-1.));
#7002=DIRECTION('',(1.,0.,0.));
#7003=DIRECTION('',(0.,0.,-1.));
#7004=DIRECTION('',(0.,0.,-1.));
#7005=DIRECTION('',(0.0220508109970952,0.999756851306542,0.));
#7006=DIRECTION('',(-0.999756851306542,0.0220508109970952,0.));
#7007=DIRECTION('',(0.999756851306542,-0.0220508109970952,0.));
#7008=DIRECTION('',(0.,0.,-1.));
#7009=DIRECTION('',(1.,0.,0.));
#7010=DIRECTION('',(0.,0.,-1.));
#7011=DIRECTION('',(1.,0.,0.));
#7012=DIRECTION('',(0.,0.,-1.));
#7013=DIRECTION('',(0.,0.,-1.));
#7014=DIRECTION('',(0.,0.,-1.));
#7015=DIRECTION('',(1.,0.,0.));
#7016=DIRECTION('',(0.,0.,1.));
#7017=DIRECTION('',(1.,0.,0.));
#7018=DIRECTION('',(0.,0.,1.));
#7019=DIRECTION('',(1.,0.,0.));
#7020=DIRECTION('',(8.54328534127522E-17,0.433911712456581,-0.900955396117364));
#7021=DIRECTION('',(0.,0.900955396117365,0.433911712456581));
#7022=DIRECTION('',(1.,-1.96889945489316E-16,0.));
#7023=DIRECTION('',(1.77389058829853E-16,0.900955396117365,0.433911712456581));
#7024=DIRECTION('',(8.54327555192438E-17,0.433911215257458,0.900955635574692));
#7025=DIRECTION('',(0.,-0.900955635574692,0.433911215257458));
#7026=DIRECTION('',(-1.77389105976593E-16,-0.900955635574692,0.433911215257458));
#7027=DIRECTION('',(1.,-1.96889945489316E-16,0.));
#7028=DIRECTION('',(1.96889945489316E-16,1.,2.70260249495395E-15));
#7029=DIRECTION('',(0.,-2.70260249495395E-15,1.));
#7030=DIRECTION('',(-5.32115257910773E-31,-2.70260249495395E-15,1.));
#7031=DIRECTION('',(1.,-1.96889945489316E-16,0.));
#7032=DIRECTION('',(1.96889945489316E-16,1.,0.));
#7033=DIRECTION('',(-8.54328534127522E-17,-0.433911712456581,0.900955396117364));
#7034=DIRECTION('',(0.,-0.900955396117365,-0.433911712456581));
#7035=DIRECTION('',(1.77389058829853E-16,0.900955396117365,0.433911712456581));
#7036=DIRECTION('',(-1.,1.96889945489316E-16,0.));
#7037=DIRECTION('',(-8.54327555192438E-17,-0.433911215257458,-0.900955635574692));
#7038=DIRECTION('',(0.,0.900955635574692,-0.433911215257458));
#7039=DIRECTION('',(-1.77389105976593E-16,-0.900955635574692,0.433911215257458));
#7040=DIRECTION('',(-1.,1.96889945489316E-16,0.));
#7041=DIRECTION('',(-1.96889945489316E-16,-1.,-2.70260249495395E-15));
#7042=DIRECTION('',(0.,2.70260249495395E-15,-1.));
#7043=DIRECTION('',(-5.32115257910773E-31,-2.70260249495395E-15,1.));
#7044=DIRECTION('',(1.,-1.96889945489316E-16,0.));
#7045=DIRECTION('',(1.96889945489316E-16,1.,0.));
#7046=DIRECTION('',(0.5,-0.5,-0.707106781186546));
#7047=DIRECTION('',(-0.707106781186548,-0.707106781186547,0.));
#7048=DIRECTION('',(-0.678598344545848,0.281084637714816,-0.678598344545848));
#7049=DIRECTION('',(-0.707106781186548,1.39222215602945E-16,0.707106781186548));
#7050=DIRECTION('',(-1.96889945489316E-16,-1.,0.));
#7051=DIRECTION('',(-0.707106781186546,1.39222215602945E-16,-0.70710678118655));
#7052=DIRECTION('',(-1.96889945489316E-16,-1.,0.));
#7053=DIRECTION('',(0.678598344545849,0.281084637714821,-0.678598344545845));
#7054=DIRECTION('',(0.5,0.5,0.707106781186549));
#7055=DIRECTION('',(0.707106781186547,-0.707106781186548,0.));
#7056=DIRECTION('',(-1.,0.,0.));
#7057=DIRECTION('',(0.,0.,1.));
#7058=DIRECTION('',(0.,0.,1.));
#7059=DIRECTION('',(1.,0.,0.));
#7060=DIRECTION('',(0.,0.,-1.));
#7061=DIRECTION('',(0.,0.,1.));
#7062=DIRECTION('',(0.,1.,0.));
#7063=DIRECTION('',(0.,0.,1.));
#7064=DIRECTION('',(0.,0.,1.));
#7065=DIRECTION('',(0.,0.,1.));
#7066=DIRECTION('',(1.,0.,0.));
#7067=DIRECTION('',(0.,0.,-1.));
#7068=DIRECTION('',(-1.,0.,0.));
#7069=DIRECTION('',(0.,0.,1.));
#7070=DIRECTION('',(0.,0.,1.));
#7071=DIRECTION('',(1.,0.,0.));
#7072=DIRECTION('',(0.,0.,1.));
#7073=DIRECTION('',(1.,0.,0.));
#7074=DIRECTION('',(0.,0.,1.));
#7075=DIRECTION('',(1.,0.,0.));
#7076=DIRECTION('',(0.,0.,1.));
#7077=DIRECTION('',(1.,0.,0.));
#7078=CARTESIAN_POINT('',(0.,0.,0.));
#7079=CARTESIAN_POINT('',(1.38777878078145E-17,0.,0.));
#7080=CARTESIAN_POINT('',(-0.016501808304367,0.00476272228439003,0.));
#7081=CARTESIAN_POINT('',(-0.0164938621173456,0.00449017669555779,0.));
#7082=CARTESIAN_POINT('',(-0.0164795538920228,0.00399942014380349,0.));
#7083=CARTESIAN_POINT('',(-0.0164005145996013,0.00344195146270679,0.));
#7084=CARTESIAN_POINT('',(-0.0163145149355933,0.00239102886498868,0.));
#7085=CARTESIAN_POINT('',(-0.0157891500391725,-0.000152039694729981,0.));
#7086=CARTESIAN_POINT('',(-0.0147711177223056,-0.00321892827034714,0.));
#7087=CARTESIAN_POINT('',(-0.0132267819438309,-0.00629884472937742,0.));
#7088=CARTESIAN_POINT('',(-0.0127834530974076,-0.00727419977283164,0.));
#7089=CARTESIAN_POINT('',(-0.0125935156699572,-0.00729255680371567,0.));
#7090=CARTESIAN_POINT('',(-0.0124492944537517,-0.00732787461151404,0.));
#7091=CARTESIAN_POINT('',(-0.0123949857625639,-0.00723736766439127,0.));
#7092=CARTESIAN_POINT('',(-0.0123883118814509,-0.0072175599437547,0.));
#7093=CARTESIAN_POINT('',(-0.0123886652290821,-0.0071869739331305,0.));
#7094=CARTESIAN_POINT('',(-0.016501808304367,0.00476272228439003,0.));
#7095=CARTESIAN_POINT('',(-0.0123886652290821,-0.0071869739331305,0.));
#7096=CARTESIAN_POINT('',(-0.0123886652290821,-0.0071869739331305,0.));
#7097=CARTESIAN_POINT('',(-0.0123394333905977,-0.00720251099737066,0.));
#7098=CARTESIAN_POINT('',(-0.0122065445984773,-0.00712061958378297,0.));
#7099=CARTESIAN_POINT('',(-0.0118493733439988,-0.00741223277819765,0.));
#7100=CARTESIAN_POINT('',(-0.0105991443246429,-0.00763557074495363,0.));
#7101=CARTESIAN_POINT('',(-0.0100600634962966,-0.00767088081222226,0.));
#7102=CARTESIAN_POINT('',(-0.00845248253611368,-0.00775831201749677,0.));
#7103=CARTESIAN_POINT('',(-0.0071071132566246,-0.00754791092885574,0.));
#7104=CARTESIAN_POINT('',(-0.00607597106076794,-0.007332189683307,0.));
#7105=CARTESIAN_POINT('',(-0.00536296190693975,-0.0071869739331305,0.));
#7106=CARTESIAN_POINT('',(-0.00536296190693975,-0.0071869739331305,0.));
#7107=CARTESIAN_POINT('',(-0.00536296190693975,-0.0071869739331305,0.));
#7108=CARTESIAN_POINT('',(-0.0052337106264294,-0.0071469924361411,0.));
#7109=CARTESIAN_POINT('',(-0.00502974304651452,-0.00708654886445144,0.));
#7110=CARTESIAN_POINT('',(-0.0037013314155074,-0.00665705192658901,0.));
#7111=CARTESIAN_POINT('',(-0.00354817255615555,-0.00660879406403772,0.));
#7112=CARTESIAN_POINT('',(-0.00277733174152673,-0.00632707541808486,0.));
#7113=CARTESIAN_POINT('',(-0.00277733174152673,-0.00632707541808486,0.));
#7114=CARTESIAN_POINT('',(-0.00277733174152673,-0.00632707541808486,0.));
#7115=CARTESIAN_POINT('',(-0.00267196375809495,-0.00628535502909352,0.));
#7116=CARTESIAN_POINT('',(-0.00244045697097976,-0.00619369005745784,0.));
#7117=CARTESIAN_POINT('',(-0.00195189736530223,-0.00598121533409003,0.));
#7118=CARTESIAN_POINT('',(-0.00147870635616918,-0.00577764481595967,0.));
#7119=CARTESIAN_POINT('',(-0.000450714794571241,-0.0053420498175301,0.));
#7120=CARTESIAN_POINT('',(0.000714127542305892,-0.00465514957942493,0.));
#7121=CARTESIAN_POINT('',(0.00241999914591323,-0.00426794505425425,0.));
#7122=CARTESIAN_POINT('',(0.00322894926213799,-0.00407624765974502,0.));
#7123=CARTESIAN_POINT('',(0.00411194929756463,-0.00388470587964669,0.));
#7124=CARTESIAN_POINT('',(0.00502182270686824,-0.00382650667704237,0.));
#7125=CARTESIAN_POINT('',(0.00583462954394881,-0.00378862018081244,0.));
#7126=CARTESIAN_POINT('',(0.00684004435138394,-0.00372292534855944,0.));
#7127=CARTESIAN_POINT('',(0.00869467705169509,-0.00387003973397198,0.));
#7128=CARTESIAN_POINT('',(0.0108888940541291,-0.00423825743386815,0.));
#7129=CARTESIAN_POINT('',(0.012902344769843,-0.00491557132341474,0.));
#7130=CARTESIAN_POINT('',(0.0146592863728728,-0.00544276250513244,0.));
#7131=CARTESIAN_POINT('',(0.0170026394125783,-0.0069427360213541,0.));
#7132=CARTESIAN_POINT('',(0.0172228592261494,-0.00680682843424146,0.));
#7133=CARTESIAN_POINT('',(0.0171596407516024,-0.00664540743635941,0.));
#7134=CARTESIAN_POINT('',(0.0169315604053044,-0.00633815784195276,0.));
#7135=CARTESIAN_POINT('',(0.0162415112604972,-0.00493126454678844,0.));
#7136=CARTESIAN_POINT('',(0.0157265719026327,-0.00388139043934644,0.));
#7137=CARTESIAN_POINT('',(0.0157265719026327,-0.00388139043934644,0.));
#7138=CARTESIAN_POINT('',(0.0157265719026327,-0.00385602796450257,0.));
#7139=CARTESIAN_POINT('',(0.0157265719026327,-0.00383066548965871,0.));
#7140=CARTESIAN_POINT('',(0.0173680186271668,-0.00383066548965871,0.));
#7141=CARTESIAN_POINT('',(0.0190094653517008,-0.00383066548965871,0.));
#7142=CARTESIAN_POINT('',(0.0190094653517008,-0.00383066548965871,0.));
#7143=CARTESIAN_POINT('',(0.0190160309947133,-0.0038287245532871,0.));
#7144=CARTESIAN_POINT('',(0.0190314771504193,-0.0038241583584218,0.));
#7145=CARTESIAN_POINT('',(0.019053441765326,-0.00378836607190174,0.));
#7146=CARTESIAN_POINT('',(0.0190587123807058,-0.00371070988206842,0.));
#7147=CARTESIAN_POINT('',(0.0188842827757938,-0.00357394172623057,0.));
#7148=CARTESIAN_POINT('',(0.0178836513979632,-0.00264802565436855,0.));
#7149=CARTESIAN_POINT('',(0.0157888158890497,-0.000913390532810909,0.));
#7150=CARTESIAN_POINT('',(0.0123184733080819,0.0015433313785879,0.));
#7151=CARTESIAN_POINT('',(0.0107157796228118,0.00223046816578798,0.));
#7152=CARTESIAN_POINT('',(0.00927896581236131,0.00288785311267194,0.));
#7153=CARTESIAN_POINT('',(0.00679523056394178,0.0038303336805899,0.));
#7154=CARTESIAN_POINT('',(0.00206258998489531,0.00359595173107661,0.));
#7155=CARTESIAN_POINT('',(-0.00227492210354227,0.00280971787352837,0.));
#7156=CARTESIAN_POINT('',(-0.00697711749676842,0.00138608166449898,0.));
#7157=CARTESIAN_POINT('',(-0.0097772666359901,0.000538408903047389,0.));
#7158=CARTESIAN_POINT('',(-0.0119745905143844,0.000124454589190995,0.));
#7159=CARTESIAN_POINT('',(-0.0135075458837259,4.73165076709792E-5,0.));
#7160=CARTESIAN_POINT('',(-0.0143818900282998,0.000143686735529415,0.));
#7161=CARTESIAN_POINT('',(-0.01511206731692,8.06072994904426E-5,0.));
#7162=CARTESIAN_POINT('',(-0.0151004497067174,0.0004905376811333,0.));
#7163=CARTESIAN_POINT('',(-0.0153062470714701,0.00153590817550952,0.));
#7164=CARTESIAN_POINT('',(-0.015392316518611,0.00249316255480395,0.));
#7165=CARTESIAN_POINT('',(-0.0154395727440715,0.00301874079741538,0.));
#7166=CARTESIAN_POINT('',(-0.0154395727440715,0.00301874079741538,0.));
#7167=CARTESIAN_POINT('',(-0.0154395727440715,0.00301874079741538,0.));
#7168=CARTESIAN_POINT('',(-0.0154380109916504,0.0031052315581921,0.));
#7169=CARTESIAN_POINT('',(-0.0154331297980467,0.00337555490942335,0.));
#7170=CARTESIAN_POINT('',(-0.0154740165200363,0.00420122666465295,0.));
#7171=CARTESIAN_POINT('',(-0.0155018214136362,0.00476272228439003,0.));
#7172=CARTESIAN_POINT('',(-0.0155018214136362,0.00476272228439003,0.));
#7173=CARTESIAN_POINT('',(-0.0160018148590016,0.00476272228439003,0.));
#7174=CARTESIAN_POINT('',(0.065509902,0.0301625254,0.));
#7175=CARTESIAN_POINT('',(-0.0590550254,0.0301625254,0.));
#7176=CARTESIAN_POINT('',(-0.0410609468817711,0.0301625254,0.));
#7177=CARTESIAN_POINT('',(-0.0410609468817711,0.,0.));
#7178=CARTESIAN_POINT('',(-0.0410609468817711,0.028823872737964,0.));
#7179=CARTESIAN_POINT('',(-0.0391295760318726,0.028823872737964,0.));
#7180=CARTESIAN_POINT('',(-0.0391295760318726,0.0268925018880655,0.));
#7181=CARTESIAN_POINT('',(1.38777878078145E-17,0.0268925018880655,0.));
#7182=CARTESIAN_POINT('',(0.0390208050057381,0.0268925018880655,0.));
#7183=CARTESIAN_POINT('',(0.0390208050057381,0.028823872737964,0.));
#7184=CARTESIAN_POINT('',(0.0409521758556366,0.028823872737964,0.));
#7185=CARTESIAN_POINT('',(0.0409521758556366,0.,0.));
#7186=CARTESIAN_POINT('',(0.0409521758556366,0.0301625254,0.));
#7187=CARTESIAN_POINT('',(0.065509902,0.0301625254,0.));
#7188=CARTESIAN_POINT('',(0.0590550254,0.0301625254,0.));
#7189=CARTESIAN_POINT('',(0.0590550254,-0.0321945,0.));
#7190=CARTESIAN_POINT('',(0.0590550254,-0.0271145254,0.));
#7191=CARTESIAN_POINT('',(-0.064135,-0.0271145254,0.));
#7192=CARTESIAN_POINT('',(-0.0590550254,-0.0271145254,0.));
#7193=CARTESIAN_POINT('',(-0.0590550254,1.16273407318762E-17,0.));
#7194=CARTESIAN_POINT('',(0.0380258415685924,0.0236784634566579,0.));
#7195=CARTESIAN_POINT('',(0.03973988,0.0236784634566579,0.));
#7196=CARTESIAN_POINT('',(-0.0380258415685924,0.0236784634566579,0.));
#7197=CARTESIAN_POINT('',(-0.0363118031371849,0.0236784634566579,0.));
#7198=CARTESIAN_POINT('',(0.,0.,0.00381));
#7199=CARTESIAN_POINT('',(0.0380258415685924,0.0236784634566579,0.00381));
#7200=CARTESIAN_POINT('',(0.03973988,0.0236784634566579,0.00381));
#7201=CARTESIAN_POINT('',(-0.0410609468817711,0.,0.00381));
#7202=CARTESIAN_POINT('',(-0.0410609468817711,0.0288925,0.00381));
#7203=CARTESIAN_POINT('',(-0.0410609468817711,0.028823872737964,0.00381));
#7204=CARTESIAN_POINT('',(0.,0.0288925,0.00381));
#7205=CARTESIAN_POINT('',(-0.057785,0.0288925,0.00381));
#7206=CARTESIAN_POINT('',(-0.057785,0.,0.00381));
#7207=CARTESIAN_POINT('',(-0.057785,-0.0288925,0.00381));
#7208=CARTESIAN_POINT('',(0.,-0.0288925,0.00381));
#7209=CARTESIAN_POINT('',(0.057785,-0.0288925,0.00381));
#7210=CARTESIAN_POINT('',(0.057785,0.,0.00381));
#7211=CARTESIAN_POINT('',(0.057785,0.0288925,0.00381));
#7212=CARTESIAN_POINT('',(0.,0.0288925,0.00381));
#7213=CARTESIAN_POINT('',(0.0409521758556366,0.0288925,0.00381));
#7214=CARTESIAN_POINT('',(0.0409521758556366,0.,0.00381));
#7215=CARTESIAN_POINT('',(0.0409521758556366,0.028823872737964,0.00381));
#7216=CARTESIAN_POINT('',(0.0390208050057381,0.028823872737964,0.00381));
#7217=CARTESIAN_POINT('',(0.0390208050057381,0.0268925018880655,0.00381));
#7218=CARTESIAN_POINT('',(0.,0.0268925018880655,0.00381));
#7219=CARTESIAN_POINT('',(-0.0391295760318726,0.0268925018880655,0.00381));
#7220=CARTESIAN_POINT('',(-0.0391295760318726,0.028823872737964,0.00381));
#7221=CARTESIAN_POINT('',(-0.0380258415685924,0.0236784634566579,0.00381));
#7222=CARTESIAN_POINT('',(-0.0363118031371849,0.0236784634566579,0.00381));
#7223=CARTESIAN_POINT('',(1.38777878078145E-17,0.0352425,0.0381));
#7224=CARTESIAN_POINT('',(-0.0410609468817711,0.0352425,0.0381));
#7225=CARTESIAN_POINT('',(-0.0410609468817711,0.0352425,0.0050799746));
#7226=CARTESIAN_POINT('',(-0.0410609468817711,0.0352425,0.00762));
#7227=CARTESIAN_POINT('',(-0.065509902,0.0352425,0.0050799746));
#7228=CARTESIAN_POINT('',(-0.064135,0.0352425,0.0050799746));
#7229=CARTESIAN_POINT('',(-0.064135,0.0352425,0.0381));
#7230=CARTESIAN_POINT('',(-0.064135,0.0352425,0.0188018664303128));
#7231=CARTESIAN_POINT('',(1.20478500593424E-17,0.0352425,0.0188018664303128));
#7232=CARTESIAN_POINT('',(-0.057785,0.0352425,0.0188018664303128));
#7233=CARTESIAN_POINT('',(-0.057785,0.0352425,0.0381));
#7234=CARTESIAN_POINT('',(-0.057785,0.0352425,0.0213246323485723));
#7235=CARTESIAN_POINT('',(1.54685075389861E-17,0.0352425,0.0213246323485723));
#7236=CARTESIAN_POINT('',(-0.064135,0.0352425,0.0213246323485723));
#7237=CARTESIAN_POINT('',(-0.064135,0.0352425,0.0381));
#7238=CARTESIAN_POINT('',(-0.064135,0.0352425,0.035664902));
#7239=CARTESIAN_POINT('',(-0.064135,0.0352425,0.035664902));
#7240=CARTESIAN_POINT('',(-0.065405,0.0352425,0.036934902));
#7241=CARTESIAN_POINT('',(1.38777878078145E-17,0.0352425,0.036934902));
#7242=CARTESIAN_POINT('',(-0.0413100012,0.0352425,0.036934902));
#7243=CARTESIAN_POINT('',(-0.0413100012,0.0352425,0.02286));
#7244=CARTESIAN_POINT('',(-0.0413100012,0.0352425,0.0276252218169898));
#7245=CARTESIAN_POINT('',(-0.0400248944828255,0.0352425,0.0240202149171745));
#7246=CARTESIAN_POINT('',(-0.0410609468817711,0.0352425,0.0277045288897999));
#7247=CARTESIAN_POINT('',(-0.0410609468817711,0.0352425,0.0381));
#7248=CARTESIAN_POINT('',(-0.0410609468817711,0.0352425,0.0203359009445492));
#7249=CARTESIAN_POINT('',(-0.0400248944828255,0.0352425,0.0240202149171745));
#7250=CARTESIAN_POINT('',(-0.0413100012,0.0352425,0.0204152080173592));
#7251=CARTESIAN_POINT('',(-0.0413100012,0.0352425,0.02286));
#7252=CARTESIAN_POINT('',(-0.0413100012,0.0352425,0.00762));
#7253=CARTESIAN_POINT('',(1.38777878078145E-17,0.0352425,0.00762));
#7254=CARTESIAN_POINT('',(0.,0.0288925,0.00381));
#7255=CARTESIAN_POINT('',(-0.0410609468817711,0.0288925,0.00381));
#7256=CARTESIAN_POINT('',(-0.0410609468817711,0.0288925,0.00762));
#7257=CARTESIAN_POINT('',(4.79977941283984E-19,0.0288925,0.00762));
#7258=CARTESIAN_POINT('',(-0.0413100012,0.0288925,0.00762));
#7259=CARTESIAN_POINT('',(-0.0413100012,0.0288925,0.00381));
#7260=CARTESIAN_POINT('',(-0.0413100012,0.0288925,0.0381));
#7261=CARTESIAN_POINT('',(0.,0.0288925,0.0381));
#7262=CARTESIAN_POINT('',(-0.057785,0.0288925,0.0381));
#7263=CARTESIAN_POINT('',(-0.057785,0.0288925,0.00381));
#7264=CARTESIAN_POINT('',(1.38777878078145E-17,0.0159385,0.00762));
#7265=CARTESIAN_POINT('',(-0.0410609468817711,0.0159385,0.00762));
#7266=CARTESIAN_POINT('',(-0.0413100012,0.0159385,0.00762));
#7267=CARTESIAN_POINT('',(-0.0400248944828255,0.0301625,0.0240202149171745));
#7268=CARTESIAN_POINT('',(-0.0400248944828255,0.0301625,0.0240202149171745));
#7269=CARTESIAN_POINT('',(-0.0410609468817711,0.0301625,0.0277045288897999));
#7270=CARTESIAN_POINT('',(-0.0413100012,0.0301625,0.0276252218169898));
#7271=CARTESIAN_POINT('',(-0.0410609468817711,0.0301625,0.0277045288897999));
#7272=CARTESIAN_POINT('',(-0.0413100012,0.0301625,0.0276252218169898));
#7273=CARTESIAN_POINT('',(0.0400248944828255,0.0301625,0.0240202149171745));
#7274=CARTESIAN_POINT('',(0.0409521758556366,0.0301625,0.0203070325518872));
#7275=CARTESIAN_POINT('',(0.0409521758556366,0.0352425,0.0203070325518872));
#7276=CARTESIAN_POINT('',(0.0409521758556366,0.0301625,0.0203070325518872));
#7277=CARTESIAN_POINT('',(0.0400248944828255,0.0352425,0.0240202149171745));
#7278=CARTESIAN_POINT('',(0.0413100012,0.0352425,0.0204152080173592));
#7279=CARTESIAN_POINT('',(0.0413100012,0.0301625,0.0204152080173592));
#7280=CARTESIAN_POINT('',(0.0413100012,0.0301625,0.0204152080173592));
#7281=CARTESIAN_POINT('',(0.0400248944828255,0.0301625,0.0240202149171745));
#7282=CARTESIAN_POINT('',(1.38777878078145E-17,0.0301625254,0.));
#7283=CARTESIAN_POINT('',(-0.0410609468817711,0.0301625254,0.));
#7284=CARTESIAN_POINT('',(-0.0523875,0.023495,-0.0066675254));
#7285=CARTESIAN_POINT('',(1.38777878078145E-17,0.0352425,0.0381));
#7286=CARTESIAN_POINT('',(0.0409521758556366,0.0352425,0.0381));
#7287=CARTESIAN_POINT('',(0.0409521758556366,0.0352425,0.0277333972824618));
#7288=CARTESIAN_POINT('',(0.0400248944828255,0.0352425,0.0240202149171745));
#7289=CARTESIAN_POINT('',(0.0413100012,0.0352425,0.0276252218169898));
#7290=CARTESIAN_POINT('',(0.0413100012,0.0352425,0.02286));
#7291=CARTESIAN_POINT('',(0.0413100012,0.0352425,0.036934902));
#7292=CARTESIAN_POINT('',(1.38777878078145E-17,0.0352425,0.036934902));
#7293=CARTESIAN_POINT('',(0.065405,0.0352425,0.036934902));
#7294=CARTESIAN_POINT('',(0.064135,0.0352425,0.035664902));
#7295=CARTESIAN_POINT('',(0.064135,0.0352425,0.035664902));
#7296=CARTESIAN_POINT('',(0.064135,0.0352425,0.0381));
#7297=CARTESIAN_POINT('',(0.064135,0.0352425,0.0213246323485723));
#7298=CARTESIAN_POINT('',(1.54685075389861E-17,0.0352425,0.0213246323485723));
#7299=CARTESIAN_POINT('',(0.057785,0.0352425,0.0213246323485723));
#7300=CARTESIAN_POINT('',(0.057785,0.0352425,0.0381));
#7301=CARTESIAN_POINT('',(0.057785,0.0352425,0.0188018664303128));
#7302=CARTESIAN_POINT('',(1.20478500593424E-17,0.0352425,0.0188018664303128));
#7303=CARTESIAN_POINT('',(0.064135,0.0352425,0.0188018664303128));
#7304=CARTESIAN_POINT('',(0.064135,0.0352425,0.0381));
#7305=CARTESIAN_POINT('',(0.064135,0.0352425,0.0050799746));
#7306=CARTESIAN_POINT('',(-0.065509902,0.0352425,0.0050799746));
#7307=CARTESIAN_POINT('',(0.0409521758556366,0.0352425,0.0050799746));
#7308=CARTESIAN_POINT('',(0.0409521758556366,0.0352425,0.0381));
#7309=CARTESIAN_POINT('',(0.0409521758556366,0.0352425,0.00762));
#7310=CARTESIAN_POINT('',(1.38777878078145E-17,0.0352425,0.00762));
#7311=CARTESIAN_POINT('',(0.0413100012,0.0352425,0.00762));
#7312=CARTESIAN_POINT('',(0.0413100012,0.0352425,0.02286));
#7313=CARTESIAN_POINT('',(0.,-0.0321945,0.018467451));
#7314=CARTESIAN_POINT('',(0.064135,-0.0321945,0.0050799746));
#7315=CARTESIAN_POINT('',(-0.058293,-0.0321945,0.0050799746));
#7316=CARTESIAN_POINT('',(0.058293,-0.0321945,0.0050799746));
#7317=CARTESIAN_POINT('',(0.058293,-0.0321945,0.018467451));
#7318=CARTESIAN_POINT('',(0.058293,-0.0321945,0.035664902));
#7319=CARTESIAN_POINT('',(0.0721692008161425,-0.0321945,0.0454768576942007));
#7320=CARTESIAN_POINT('',(0.0600023378711088,-0.0321945,0.0368735864));
#7321=CARTESIAN_POINT('',(0.,-0.0321945,0.0368735864));
#7322=CARTESIAN_POINT('',(-0.0600023378711088,-0.0321945,0.0368735864));
#7323=CARTESIAN_POINT('',(-0.0839167008161426,-0.0321945,0.0537835946061896));
#7324=CARTESIAN_POINT('',(-0.058293,-0.0321945,0.035664902));
#7325=CARTESIAN_POINT('',(-0.058293,-0.0321945,0.0050799746));
#7326=CARTESIAN_POINT('',(-0.000205104903094903,-0.0321945,0.0326228872019105));
#7327=CARTESIAN_POINT('',(-0.00039515688836991,-0.0321945,0.0326248401020568));
#7328=CARTESIAN_POINT('',(-0.00245677624810173,-0.0321945,0.0326138462223913));
#7329=CARTESIAN_POINT('',(-0.00795550402442824,-0.0321945,0.0321846141580447));
#7330=CARTESIAN_POINT('',(-0.0105072893703137,-0.0321945,0.0320422126748416));
#7331=CARTESIAN_POINT('',(-0.0107926096855775,-0.0321945,0.0320259906617596));
#7332=CARTESIAN_POINT('',(-0.000205104903799357,-0.0321945,0.0326228872073215));
#7333=CARTESIAN_POINT('',(-0.0107926096859534,-0.0321945,0.0320259906592107));
#7334=CARTESIAN_POINT('',(-0.000205104903799357,-0.0321945,0.0326228872073215));
#7335=CARTESIAN_POINT('',(-2.81845299624081E-5,-0.0321945,0.0329463405719541));
#7336=CARTESIAN_POINT('',(0.000370416059235003,-0.0321945,0.0336747568140371));
#7337=CARTESIAN_POINT('',(0.00161019721197093,-0.0321945,0.0352021499153657));
#7338=CARTESIAN_POINT('',(0.00198693271321611,-0.0321945,0.0355891561750964));
#7339=CARTESIAN_POINT('',(0.00228852051739577,-0.0321945,0.035705817403504));
#7340=CARTESIAN_POINT('',(0.00243254536304142,-0.0321945,0.0357611869048567));
#7341=CARTESIAN_POINT('',(0.00243254536304142,-0.0321945,0.0357611869048567));
#7342=CARTESIAN_POINT('',(0.00327042126817639,-0.0321945,0.035655663376136));
#7343=CARTESIAN_POINT('',(0.00410829717293381,-0.0321945,0.0355501398444176));
#7344=CARTESIAN_POINT('',(0.00410829717293381,-0.0321945,0.0355501398444176));
#7345=CARTESIAN_POINT('',(0.00407246681680033,-0.0321945,0.0355334692449059));
#7346=CARTESIAN_POINT('',(0.00395743449348466,-0.0321945,0.0354799487667461));
#7347=CARTESIAN_POINT('',(0.00345813845896752,-0.0321945,0.0349153059576679));
#7348=CARTESIAN_POINT('',(0.00296600041996103,-0.0321945,0.0341946525390528));
#7349=CARTESIAN_POINT('',(0.00238914502735455,-0.0321945,0.0331893710061557));
#7350=CARTESIAN_POINT('',(0.00214639111498463,-0.0321945,0.0326999349758138));
#7351=CARTESIAN_POINT('',(0.00203640794109456,-0.0321945,0.0324781888976244));
#7352=CARTESIAN_POINT('',(0.00203640794109457,-0.0321945,0.0324781888976244));
#7353=CARTESIAN_POINT('',(0.00740113385558734,-0.0321945,0.0318272934662529));
#7354=CARTESIAN_POINT('',(0.00714238903281774,-0.0321945,0.0319025408023194));
#7355=CARTESIAN_POINT('',(0.00652819420623106,-0.0321945,0.032082954925226));
#7356=CARTESIAN_POINT('',(0.00549921096253303,-0.0321945,0.0321839327155298));
#7357=CARTESIAN_POINT('',(0.00440835623009546,-0.0321945,0.0323060424668879));
#7358=CARTESIAN_POINT('',(0.0027944806603645,-0.0321945,0.0324198814980273));
#7359=CARTESIAN_POINT('',(0.00203640793878855,-0.0321945,0.0324781888978018));
#7360=CARTESIAN_POINT('',(0.00740113385559074,-0.0321945,0.0318272934662543));
#7361=CARTESIAN_POINT('',(0.0102395238959644,-0.0321945,0.0345094799995423));
#7362=CARTESIAN_POINT('',(0.0100115482179506,-0.0321945,0.0344629515000036));
#7363=CARTESIAN_POINT('',(0.00956335429623977,-0.0321945,0.0343386373648467));
#7364=CARTESIAN_POINT('',(0.00892568223711461,-0.0321945,0.0337894031877914));
#7365=CARTESIAN_POINT('',(0.00813843512357704,-0.0321945,0.0329917390843483));
#7366=CARTESIAN_POINT('',(0.00761954167170058,-0.0321945,0.0321079334517308));
#7367=CARTESIAN_POINT('',(0.00746377352508081,-0.0321945,0.0319265693572766));
#7368=CARTESIAN_POINT('',(0.00740113385559074,-0.0321945,0.0318272934662543));
#7369=CARTESIAN_POINT('',(0.0102395238959644,-0.0321945,0.0345094799995423));
#7370=CARTESIAN_POINT('',(0.0125262998044429,-0.0321945,0.0338655523955849));
#7371=CARTESIAN_POINT('',(0.0118014174918572,-0.0321945,0.0341815201590182));
#7372=CARTESIAN_POINT('',(0.0110046110817503,-0.0321945,0.0342902147657095));
#7373=CARTESIAN_POINT('',(0.0102395238959644,-0.0321945,0.0345094799995423));
#7374=CARTESIAN_POINT('',(0.0125262998044491,-0.0321945,0.0338655523955822));
#7375=CARTESIAN_POINT('',(0.011801276416466,-0.0321945,0.0100542642176151));
#7376=CARTESIAN_POINT('',(0.0120126300825842,-0.0321945,0.0101381718602841));
#7377=CARTESIAN_POINT('',(0.0125156221831927,-0.0321945,0.0103267266574741));
#7378=CARTESIAN_POINT('',(0.0137512868890549,-0.0321945,0.0108076818886495));
#7379=CARTESIAN_POINT('',(0.0148224102799181,-0.0321945,0.0121283126288138));
#7380=CARTESIAN_POINT('',(0.0161970846836091,-0.0321945,0.014908708270588));
#7381=CARTESIAN_POINT('',(0.0170029729705268,-0.0321945,0.020287630186184));
#7382=CARTESIAN_POINT('',(0.0169335675873407,-0.0321945,0.0223713491466355));
#7383=CARTESIAN_POINT('',(0.0168958580808865,-0.0321945,0.0243948532773988));
#7384=CARTESIAN_POINT('',(0.0165812084288693,-0.0321945,0.027697133702512));
#7385=CARTESIAN_POINT('',(0.0149247566380918,-0.0321945,0.0321766161408823));
#7386=CARTESIAN_POINT('',(0.0133094758939327,-0.0321945,0.0335241750532577));
#7387=CARTESIAN_POINT('',(0.0125262998044429,-0.0321945,0.0338655523955849));
#7388=CARTESIAN_POINT('',(0.011801276416466,-0.0321945,0.0100542642176151));
#7389=CARTESIAN_POINT('',(0.00744364047515815,-0.0321945,0.0121394465077438));
#7390=CARTESIAN_POINT('',(0.00745822198211734,-0.0321945,0.0121150567206519));
#7391=CARTESIAN_POINT('',(0.00768229114033952,-0.0321945,0.0117461025179045));
#7392=CARTESIAN_POINT('',(0.0080743690662718,-0.0321945,0.0113002307535138));
#7393=CARTESIAN_POINT('',(0.00902583315000873,-0.0321945,0.0101196768095401));
#7394=CARTESIAN_POINT('',(0.00992731558980443,-0.0321945,0.00964330653081107));
#7395=CARTESIAN_POINT('',(0.010220710511702,-0.0321945,0.00938029889106608));
#7396=CARTESIAN_POINT('',(0.0111491919141047,-0.0321945,0.00977652653530965));
#7397=CARTESIAN_POINT('',(0.011801276416466,-0.0321945,0.0100542642176151));
#7398=CARTESIAN_POINT('',(0.00744364047515198,-0.0321945,0.0121394465077521));
#7399=CARTESIAN_POINT('',(0.00744364047515198,-0.0321945,0.0121394465077521));
#7400=CARTESIAN_POINT('',(0.00727399508414406,-0.0321945,0.0121176021009551));
#7401=CARTESIAN_POINT('',(0.00687072160084117,-0.0321945,0.0120468246795366));
#7402=CARTESIAN_POINT('',(0.00598628990553542,-0.0321945,0.0120352257601404));
#7403=CARTESIAN_POINT('',(0.00453786248451985,-0.0321945,0.0116438045618696));
#7404=CARTESIAN_POINT('',(0.00333891944396544,-0.0321945,0.0116657730287012));
#7405=CARTESIAN_POINT('',(0.00297349159201233,-0.0321945,0.0115605986077237));
#7406=CARTESIAN_POINT('',(0.00239928331457079,-0.0321945,0.0115151838226798));
#7407=CARTESIAN_POINT('',(0.00211702321571963,-0.0321945,0.0114990910566991));
#7408=CARTESIAN_POINT('',(0.00211702322471896,-0.0321945,0.0114990910572121));
#7409=CARTESIAN_POINT('',(0.00211702322471896,-0.0321945,0.0114990910572121));
#7410=CARTESIAN_POINT('',(0.0024246121177069,-0.0321945,0.0108083628684906));
#7411=CARTESIAN_POINT('',(0.00299296702586263,-0.0321945,0.00977431693265703));
#7412=CARTESIAN_POINT('',(0.00370019351038058,-0.0321945,0.00862607227468428));
#7413=CARTESIAN_POINT('',(0.00402453907404499,-0.0321945,0.00849797168465098));
#7414=CARTESIAN_POINT('',(0.00410220810400574,-0.0321945,0.0084915728686504));
#7415=CARTESIAN_POINT('',(0.00410220800366836,-0.0321945,0.00849157287650639));
#7416=CARTESIAN_POINT('',(0.00410220800366836,-0.0321945,0.00849157287650639));
#7417=CARTESIAN_POINT('',(0.00407167569323756,-0.0321945,0.00849320486195754));
#7418=CARTESIAN_POINT('',(0.00399938991456997,-0.0321945,0.00850089698779467));
#7419=CARTESIAN_POINT('',(0.00357033505839049,-0.0321945,0.00832584129498707));
#7420=CARTESIAN_POINT('',(0.00223896441282354,-0.0321945,0.00817004984374416));
#7421=CARTESIAN_POINT('',(0.0018167794134703,-0.0321945,0.00866187136060543));
#7422=CARTESIAN_POINT('',(0.0013834405291917,-0.0321945,0.00919192097017439));
#7423=CARTESIAN_POINT('',(0.000496082129573525,-0.0321945,0.0100261941943835));
#7424=CARTESIAN_POINT('',(0.000108679659991173,-0.0321945,0.0109004432983037));
#7425=CARTESIAN_POINT('',(-6.50664965252007E-5,-0.0321945,0.0113560657355416));
#7426=CARTESIAN_POINT('',(-9.58173085580869E-5,-0.0321945,0.0114385041734827));
#7427=CARTESIAN_POINT('',(-9.58173053122163E-5,-0.0321945,0.0114385041668942));
#7428=CARTESIAN_POINT('',(-9.58173053122163E-5,-0.0321945,0.0114385041668942));
#7429=CARTESIAN_POINT('',(-0.000246499806509502,-0.0321945,0.0114376718813773));
#7430=CARTESIAN_POINT('',(-0.0020632747973278,-0.0321945,0.011434770238844));
#7431=CARTESIAN_POINT('',(-0.0054382030439932,-0.0321945,0.0115982192583423));
#7432=CARTESIAN_POINT('',(-0.00886776614180476,-0.0321945,0.0119178658430642));
#7433=CARTESIAN_POINT('',(-0.0104996175081616,-0.0321945,0.0121059083250687));
#7434=CARTESIAN_POINT('',(-0.0107372168796954,-0.0321945,0.0121344533158164));
#7435=CARTESIAN_POINT('',(-0.0107372168707302,-0.0321945,0.0121344533146947));
#7436=CARTESIAN_POINT('',(-0.0107372168707302,-0.0321945,0.0121344533146947));
#7437=CARTESIAN_POINT('',(-0.0104740073707819,-0.0321945,0.0114944176534557));
#7438=CARTESIAN_POINT('',(-0.00995626215923674,-0.0321945,0.0103901523656486));
#7439=CARTESIAN_POINT('',(-0.00958087035279758,-0.0321945,0.00961799354919176));
#7440=CARTESIAN_POINT('',(-0.00804626911495385,-0.0321945,0.00845386746126729));
#7441=CARTESIAN_POINT('',(-0.00927287515544047,-0.0321945,0.00870129721816912));
#7442=CARTESIAN_POINT('',(-0.0101671692002335,-0.0321945,0.00888673589173393));
#7443=CARTESIAN_POINT('',(-0.0107641605649112,-0.0321945,0.00885685754997748));
#7444=CARTESIAN_POINT('',(-0.0114663563882666,-0.0321945,0.00969471531057046));
#7445=CARTESIAN_POINT('',(-0.0119230289805499,-0.0321945,0.01023952415454));
#7446=CARTESIAN_POINT('',(-0.0119230289805499,-0.0321945,0.01023952415454));
#7447=CARTESIAN_POINT('',(-0.0119230289805499,-0.0321945,0.01023952415454));
#7448=CARTESIAN_POINT('',(-0.0119937760103672,-0.0321945,0.0103424693910591));
#7449=CARTESIAN_POINT('',(-0.0121473645519739,-0.0321945,0.010565874722264));
#7450=CARTESIAN_POINT('',(-0.0123829810099836,-0.0321945,0.0110876233008333));
#7451=CARTESIAN_POINT('',(-0.0124655885649461,-0.0321945,0.0113893579559011));
#7452=CARTESIAN_POINT('',(-0.012769435413694,-0.0321945,0.0119946648401683));
#7453=CARTESIAN_POINT('',(-0.012948448977017,-0.0321945,0.0123804658443985));
#7454=CARTESIAN_POINT('',(-0.0129817023278427,-0.0321945,0.0124537594747105));
#7455=CARTESIAN_POINT('',(-0.0129817023381695,-0.0321945,0.0124537594764834));
#7456=CARTESIAN_POINT('',(-0.0129817023381695,-0.0321945,0.0124537594764834));
#7457=CARTESIAN_POINT('',(-0.013132230598469,-0.0321945,0.0124796026343068));
#7458=CARTESIAN_POINT('',(-0.0142135703649059,-0.0321945,0.0126735315010092));
#7459=CARTESIAN_POINT('',(-0.0159005616583662,-0.0321945,0.0130870473377024));
#7460=CARTESIAN_POINT('',(-0.0175777104157733,-0.0321945,0.0135550083987018));
#7461=CARTESIAN_POINT('',(-0.0180183533004687,-0.0321945,0.0136613018854105));
#7462=CARTESIAN_POINT('',(-0.0181807148515446,-0.0321945,0.0137004693970037));
#7463=CARTESIAN_POINT('',(-0.0181807148515442,-0.0321945,0.0137004693970028));
#7464=CARTESIAN_POINT('',(-0.016444490881363,-0.0321945,0.0117921480614234));
#7465=CARTESIAN_POINT('',(-0.0167661935499694,-0.0321945,0.0120506787739155));
#7466=CARTESIAN_POINT('',(-0.0174023093374436,-0.0321945,0.0125400177631225));
#7467=CARTESIAN_POINT('',(-0.0178408337155995,-0.0321945,0.0130975971223596));
#7468=CARTESIAN_POINT('',(-0.0181109213203004,-0.0321945,0.0135708441127172));
#7469=CARTESIAN_POINT('',(-0.0181807148515442,-0.0321945,0.0137004693970028));
#7470=CARTESIAN_POINT('',(-0.016444490881363,-0.0321945,0.0117921480614234));
#7471=CARTESIAN_POINT('',(-0.0160031855420266,-0.0321945,0.0327144168022562));
#7472=CARTESIAN_POINT('',(-0.0166580541630123,-0.0321945,0.032516429773854));
#7473=CARTESIAN_POINT('',(-0.0177292916505788,-0.0321945,0.0321925615655773));
#7474=CARTESIAN_POINT('',(-0.0182584405242972,-0.0321945,0.0316766032289396));
#7475=CARTESIAN_POINT('',(-0.0195458648082311,-0.0321945,0.0304566048637243));
#7476=CARTESIAN_POINT('',(-0.0202334223293071,-0.0321945,0.0284797855519337));
#7477=CARTESIAN_POINT('',(-0.0207578590341514,-0.0321945,0.0273696944915461));
#7478=CARTESIAN_POINT('',(-0.0210814891486173,-0.0321945,0.0257462180482021));
#7479=CARTESIAN_POINT('',(-0.0213102094936053,-0.0321945,0.0241064625715147));
#7480=CARTESIAN_POINT('',(-0.0214295290026174,-0.0321945,0.0223532987208832));
#7481=CARTESIAN_POINT('',(-0.02137557598616,-0.0321945,0.0208920450968489));
#7482=CARTESIAN_POINT('',(-0.0211661849670876,-0.0321945,0.0186512229621082));
#7483=CARTESIAN_POINT('',(-0.0207074999445411,-0.0321945,0.0169573177999303));
#7484=CARTESIAN_POINT('',(-0.0200573292145101,-0.0321945,0.0142829983028945));
#7485=CARTESIAN_POINT('',(-0.018847612376155,-0.0321945,0.0128872586471016));
#7486=CARTESIAN_POINT('',(-0.01793813790035,-0.0321945,0.012086915684862));
#7487=CARTESIAN_POINT('',(-0.0171056913607359,-0.0321945,0.0116643707902355));
#7488=CARTESIAN_POINT('',(-0.0156283871666672,-0.0321945,0.0111437024518237));
#7489=CARTESIAN_POINT('',(-0.0162707297925631,-0.0321945,0.0115571155135761));
#7490=CARTESIAN_POINT('',(-0.016444490881363,-0.0321945,0.0117921480614234));
#7491=CARTESIAN_POINT('',(-0.0160031855420266,-0.0321945,0.0327144168022562));
#7492=CARTESIAN_POINT('',(-0.018076974962588,-0.0321945,0.0303700613071165));
#7493=CARTESIAN_POINT('',(-0.0176041838517427,-0.0321945,0.031100796238775));
#7494=CARTESIAN_POINT('',(-0.0167292482526955,-0.0321945,0.0321036179739094));
#7495=CARTESIAN_POINT('',(-0.0162034208964717,-0.0321945,0.0325162213991166));
#7496=CARTESIAN_POINT('',(-0.0160416590889566,-0.0321945,0.0326132574868927));
#7497=CARTESIAN_POINT('',(-0.0155822003769581,-0.0321945,0.0327403010559743));
#7498=CARTESIAN_POINT('',(-0.0158643315874491,-0.0321945,0.032722954234825));
#7499=CARTESIAN_POINT('',(-0.0160031855420266,-0.0321945,0.0327144168022562));
#7500=CARTESIAN_POINT('',(-0.0180769749625881,-0.0321945,0.0303700613071162));
#7501=CARTESIAN_POINT('',(-0.0130141545087099,-0.0321945,0.0318219299341769));
#7502=CARTESIAN_POINT('',(-0.0135075081099748,-0.0321945,0.0317335618164526));
#7503=CARTESIAN_POINT('',(-0.0144867470867068,-0.0321945,0.0312417467742343));
#7504=CARTESIAN_POINT('',(-0.0161535419118312,-0.0321945,0.0310111398657606));
#7505=CARTESIAN_POINT('',(-0.0174348016397681,-0.0321945,0.0305637011908181));
#7506=CARTESIAN_POINT('',(-0.0178899684196245,-0.0321945,0.0304250990276112));
#7507=CARTESIAN_POINT('',(-0.0180769749625881,-0.0321945,0.0303700613071162));
#7508=CARTESIAN_POINT('',(-0.0130141545087099,-0.0321945,0.0318219299341769));
#7509=CARTESIAN_POINT('',(-0.0129465606233292,-0.0321945,0.0318330621841813));
#7510=CARTESIAN_POINT('',(-0.0128790265487637,-0.0321945,0.0318438872005209));
#7511=CARTESIAN_POINT('',(-0.0128790265487637,-0.0321945,0.0318438872005209));
#7512=CARTESIAN_POINT('',(-0.0128461485527852,-0.0321945,0.0319289112274794));
#7513=CARTESIAN_POINT('',(-0.0124504047511916,-0.0321945,0.0329414584305334));
#7514=CARTESIAN_POINT('',(-0.0116165987046388,-0.0321945,0.0348897348300445));
#7515=CARTESIAN_POINT('',(-0.0106274742649847,-0.0321945,0.034810461617157));
#7516=CARTESIAN_POINT('',(-0.00968122134647841,-0.0321945,0.0355889026630062));
#7517=CARTESIAN_POINT('',(-0.00900513676289553,-0.0321945,0.0353654805557273));
#7518=CARTESIAN_POINT('',(-0.00869228407713219,-0.0321945,0.0354219216175493));
#7519=CARTESIAN_POINT('',(-0.00869228407713219,-0.0321945,0.0354219216175493));
#7520=CARTESIAN_POINT('',(-0.00869228407713219,-0.0321945,0.0354219216175493));
#7521=CARTESIAN_POINT('',(-0.00875564289064573,-0.0321945,0.0353607531670501));
#7522=CARTESIAN_POINT('',(-0.00891486561834254,-0.0321945,0.0352070352315917));
#7523=CARTESIAN_POINT('',(-0.00940865683897949,-0.0321945,0.034753278105504));
#7524=CARTESIAN_POINT('',(-0.00997732877163562,-0.0321945,0.0338817972863006));
#7525=CARTESIAN_POINT('',(-0.0103836122731889,-0.0321945,0.0331583970554342));
#7526=CARTESIAN_POINT('',(-0.0106260404675282,-0.0321945,0.0324848939678919));
#7527=CARTESIAN_POINT('',(-0.0107859269829053,-0.0321945,0.032044401136618));
#7528=CARTESIAN_POINT('',(-0.0107926096859534,-0.0321945,0.0320259906592107));
#7529=CARTESIAN_POINT('',(0.,-0.0321945,0.018467451));
#7530=CARTESIAN_POINT('',(-0.01239104149182,-0.0321945,0.0248626689437312));
#7531=CARTESIAN_POINT('',(-0.0121700561389402,-0.0321945,0.0248820676624347));
#7532=CARTESIAN_POINT('',(-0.010746434805697,-0.0321945,0.0249972896969122));
#7533=CARTESIAN_POINT('',(-0.00822069374537011,-0.0321945,0.0249859574663193));
#7534=CARTESIAN_POINT('',(-0.00363406474902405,-0.0321945,0.025152689891691));
#7535=CARTESIAN_POINT('',(-0.00241074815133524,-0.0321945,0.0251296329102182));
#7536=CARTESIAN_POINT('',(-0.00199486287183867,-0.0321945,0.0251232389971479));
#7537=CARTESIAN_POINT('',(-0.01239104149182,-0.0321945,0.0248626689437312));
#7538=CARTESIAN_POINT('',(-0.00199486287183867,-0.0321945,0.0251232389971479));
#7539=CARTESIAN_POINT('',(-0.0123910414921786,-0.0321945,0.024862668943722));
#7540=CARTESIAN_POINT('',(-0.0124054214650334,-0.0321945,0.0246673321614111));
#7541=CARTESIAN_POINT('',(-0.0125012166017198,-0.0321945,0.0231534851770829));
#7542=CARTESIAN_POINT('',(-0.0124957396775545,-0.0321945,0.0210405729040851));
#7543=CARTESIAN_POINT('',(-0.0123906285943402,-0.0321945,0.0194768423114712));
#7544=CARTESIAN_POINT('',(-0.012370359271498,-0.0321945,0.0192257089247366));
#7545=CARTESIAN_POINT('',(-0.012370359271498,-0.0321945,0.0192257089247366));
#7546=CARTESIAN_POINT('',(-0.00206975924750733,-0.0321945,0.0189423659039256));
#7547=CARTESIAN_POINT('',(-0.0025803549917735,-0.0321945,0.0189418794290132));
#7548=CARTESIAN_POINT('',(-0.00492324377295684,-0.0321945,0.0189481266591861));
#7549=CARTESIAN_POINT('',(-0.0082984917925808,-0.0321945,0.0190774619991465));
#7550=CARTESIAN_POINT('',(-0.010662801770835,-0.0321945,0.0191274227392442));
#7551=CARTESIAN_POINT('',(-0.0121493002818161,-0.0321945,0.0192123207736637));
#7552=CARTESIAN_POINT('',(-0.0123703592714979,-0.0321945,0.0192257089247366));
#7553=CARTESIAN_POINT('',(-0.0020697592474974,-0.0321945,0.0189423658993255));
#7554=CARTESIAN_POINT('',(-0.0020697592474974,-0.0321945,0.0189423658993255));
#7555=CARTESIAN_POINT('',(-0.00212578278002135,-0.0321945,0.0196647507819468));
#7556=CARTESIAN_POINT('',(-0.00212739164575048,-0.0321945,0.0214998606711569));
#7557=CARTESIAN_POINT('',(-0.00209463400608077,-0.0321945,0.0238904937361968));
#7558=CARTESIAN_POINT('',(-0.00200412070357849,-0.0321945,0.02501843429285));
#7559=CARTESIAN_POINT('',(-0.00199486287183799,-0.0321945,0.0251232389971545));
#7560=CARTESIAN_POINT('',(0.,-0.0321945,0.018467451));
#7561=CARTESIAN_POINT('',(-0.00187375959415386,-0.0321945,0.0261597045273934));
#7562=CARTESIAN_POINT('',(-0.00206633081392373,-0.0321945,0.0261594182739158));
#7563=CARTESIAN_POINT('',(-0.00382245635449216,-0.0321945,0.0261519986107734));
#7564=CARTESIAN_POINT('',(-0.00737786890751767,-0.0321945,0.0260736458517802));
#7565=CARTESIAN_POINT('',(-0.0110509404600663,-0.0321945,0.0259659908383914));
#7566=CARTESIAN_POINT('',(-0.0122923090694979,-0.0321945,0.0259166847407505));
#7567=CARTESIAN_POINT('',(-0.00187375959415386,-0.0321945,0.0261597045273934));
#7568=CARTESIAN_POINT('',(-0.0122923090694979,-0.0321945,0.0259166847407505));
#7569=CARTESIAN_POINT('',(-0.00187375959415453,-0.0321945,0.0261597045273901));
#7570=CARTESIAN_POINT('',(-0.00181820181041615,-0.0321945,0.0265428807335423));
#7571=CARTESIAN_POINT('',(-0.0015654816043362,-0.0321945,0.0280031035073992));
#7572=CARTESIAN_POINT('',(-0.00107925512556699,-0.0321945,0.0303161582351768));
#7573=CARTESIAN_POINT('',(-0.000670453261670524,-0.0321945,0.0315158719662054));
#7574=CARTESIAN_POINT('',(-0.000647169980049708,-0.0321945,0.0315820843247787));
#7575=CARTESIAN_POINT('',(-0.000647169980049708,-0.0321945,0.0315820843247787));
#7576=CARTESIAN_POINT('',(-0.0112139177486233,-0.0321945,0.0308308186697668));
#7577=CARTESIAN_POINT('',(-0.0109718559264185,-0.0321945,0.0308666907206491));
#7578=CARTESIAN_POINT('',(-0.00877898229097488,-0.0321945,0.0311798386213377));
#7579=CARTESIAN_POINT('',(-0.00367843425746517,-0.0321945,0.0317155559124245));
#7580=CARTESIAN_POINT('',(-0.00168854461470646,-0.0321945,0.0316139093923999));
#7581=CARTESIAN_POINT('',(-0.000649844763727582,-0.0321945,0.0315821659599574));
#7582=CARTESIAN_POINT('',(-0.000647169982693275,-0.0321945,0.0315820843248474));
#7583=CARTESIAN_POINT('',(-0.0112139177582603,-0.0321945,0.0308308186683389));
#7584=CARTESIAN_POINT('',(-0.0112139177582603,-0.0321945,0.0308308186683389));
#7585=CARTESIAN_POINT('',(-0.0112913037146571,-0.0321945,0.0305990529284688));
#7586=CARTESIAN_POINT('',(-0.0116311716764849,-0.0321945,0.0295364670830162));
#7587=CARTESIAN_POINT('',(-0.0120226233114804,-0.0321945,0.0278557961609423));
#7588=CARTESIAN_POINT('',(-0.0122332539964918,-0.0321945,0.0264317170207403));
#7589=CARTESIAN_POINT('',(-0.0122923090799496,-0.0321945,0.0259166847352243));
#7590=CARTESIAN_POINT('',(0.,-0.0321945,0.018467451));
#7591=CARTESIAN_POINT('',(0.00535986990556137,-0.0321945,0.0190673955192441));
#7592=CARTESIAN_POINT('',(0.00507264167101128,-0.0321945,0.0190726732587212));
#7593=CARTESIAN_POINT('',(0.00444466955214497,-0.0321945,0.0190920212765523));
#7594=CARTESIAN_POINT('',(0.00239693689576587,-0.0321945,0.0189334899865495));
#7595=CARTESIAN_POINT('',(0.00161317262425758,-0.0321945,0.0189580014706352));
#7596=CARTESIAN_POINT('',(0.000655250966901443,-0.0321945,0.0189546274906039));
#7597=CARTESIAN_POINT('',(0.000318496500841139,-0.0321945,0.0189529092242551));
#7598=CARTESIAN_POINT('',(0.00535986990556137,-0.0321945,0.0190673955192441));
#7599=CARTESIAN_POINT('',(0.000318496500841139,-0.0321945,0.0189529092242551));
#7600=CARTESIAN_POINT('',(0.00530279093787818,-0.0321945,0.0250070141602068));
#7601=CARTESIAN_POINT('',(0.00529013580973683,-0.0321945,0.0248440971878766));
#7602=CARTESIAN_POINT('',(0.00523012111911394,-0.0321945,0.0238957548440091));
#7603=CARTESIAN_POINT('',(0.00520946545280925,-0.0321945,0.0219077856657394));
#7604=CARTESIAN_POINT('',(0.0051814693507055,-0.0321945,0.0205083866520121));
#7605=CARTESIAN_POINT('',(0.00531417084844212,-0.0321945,0.0193947555554042));
#7606=CARTESIAN_POINT('',(0.00535986990556134,-0.0321945,0.0190673955192443));
#7607=CARTESIAN_POINT('',(0.00530279093794684,-0.0321945,0.0250070141610908));
#7608=CARTESIAN_POINT('',(0.000765999075106338,-0.0321945,-0.0688353661942578));
#7609=CARTESIAN_POINT('',(0.000303128998834996,-0.0321945,0.0251157411823236));
#7610=CARTESIAN_POINT('',(0.000303128998844419,-0.0321945,0.0251157411823895));
#7611=CARTESIAN_POINT('',(0.000277671352525711,-0.0321945,0.0249252117044794));
#7612=CARTESIAN_POINT('',(0.000187881336636985,-0.0321945,0.0242418458286699));
#7613=CARTESIAN_POINT('',(0.000220978476802319,-0.0321945,0.022521394101198));
#7614=CARTESIAN_POINT('',(0.000120882605175037,-0.0321945,0.0208645443486543));
#7615=CARTESIAN_POINT('',(0.000257834365831622,-0.0321945,0.0194692120499903));
#7616=CARTESIAN_POINT('',(0.000318496500822105,-0.0321945,0.0189529092242549));
#7617=CARTESIAN_POINT('',(0.,-0.0321945,0.018467451));
#7618=CARTESIAN_POINT('',(0.000441934708310401,-0.0321945,0.0179793608156096));
#7619=CARTESIAN_POINT('',(0.00205476791515882,-0.0321945,0.0180123571029774));
#7620=CARTESIAN_POINT('',(0.00379682779506893,-0.0321945,0.0180624313092212));
#7621=CARTESIAN_POINT('',(0.00551113643217435,-0.0321945,0.0181008151276596));
#7622=CARTESIAN_POINT('',(0.000441934708312497,-0.0321945,0.0179793608156095));
#7623=CARTESIAN_POINT('',(0.00551113643217435,-0.0321945,0.0181008151276596));
#7624=CARTESIAN_POINT('',(0.000441934708312497,-0.0321945,0.0179793608156095));
#7625=CARTESIAN_POINT('',(0.000470448309484162,-0.0321945,0.0177656222662545));
#7626=CARTESIAN_POINT('',(0.000621350980414848,-0.0321945,0.0166565598271354));
#7627=CARTESIAN_POINT('',(0.000810956404954053,-0.0321945,0.0151714019468095));
#7628=CARTESIAN_POINT('',(0.00140319612527834,-0.0321945,0.0133074829109069));
#7629=CARTESIAN_POINT('',(0.00170115295902355,-0.0321945,0.0125170047598767));
#7630=CARTESIAN_POINT('',(0.00170115295902186,-0.0321945,0.0125170047598809));
#7631=CARTESIAN_POINT('',(0.00170115295902186,-0.0321945,0.0125170047598809));
#7632=CARTESIAN_POINT('',(0.00343337469947418,-0.0321945,0.0126335340832477));
#7633=CARTESIAN_POINT('',(0.00518336020197023,-0.0321945,0.0128686393446057));
#7634=CARTESIAN_POINT('',(0.00693872785133637,-0.0321945,0.0131078936888999));
#7635=CARTESIAN_POINT('',(0.00693872785139351,-0.0321945,0.0131078936887777));
#7636=CARTESIAN_POINT('',(0.0055111364327946,-0.0321945,0.0181008151240442));
#7637=CARTESIAN_POINT('',(0.00558730066579873,-0.0321945,0.0176568617181154));
#7638=CARTESIAN_POINT('',(0.0058633192759624,-0.0321945,0.0162072871146416));
#7639=CARTESIAN_POINT('',(0.00623489289996848,-0.0321945,0.0147314201588191));
#7640=CARTESIAN_POINT('',(0.00676895457141377,-0.0321945,0.0134709168342554));
#7641=CARTESIAN_POINT('',(0.00693872785139351,-0.0321945,0.0131078936887777));
#7642=CARTESIAN_POINT('',(0.,-0.0321945,0.018467451));
#7643=CARTESIAN_POINT('',(-0.0122655960093626,-0.0321945,0.0181874751624302));
#7644=CARTESIAN_POINT('',(-0.0119830001740726,-0.0321945,0.0181732375729242));
#7645=CARTESIAN_POINT('',(-0.0102095727171963,-0.0321945,0.0180899460643578));
#7646=CARTESIAN_POINT('',(-0.00658907224040351,-0.0321945,0.0180179114173802));
#7647=CARTESIAN_POINT('',(-0.00373235356095151,-0.0321945,0.0179371828169809));
#7648=CARTESIAN_POINT('',(-0.00197297791841068,-0.0321945,0.0179456518038294));
#7649=CARTESIAN_POINT('',(-0.00194906486999909,-0.0321945,0.017945775520904));
#7650=CARTESIAN_POINT('',(-0.0122655960067627,-0.0321945,0.018187475165022));
#7651=CARTESIAN_POINT('',(-0.00194906486999909,-0.0321945,0.017945775520904));
#7652=CARTESIAN_POINT('',(-0.0122655960067627,-0.0321945,0.018187475165022));
#7653=CARTESIAN_POINT('',(-0.0122037068335555,-0.0321945,0.0176803606762917));
#7654=CARTESIAN_POINT('',(-0.0119597163991488,-0.0321945,0.016100766420174));
#7655=CARTESIAN_POINT('',(-0.011534104311352,-0.0321945,0.014336500537507));
#7656=CARTESIAN_POINT('',(-0.0111457198166345,-0.0321945,0.0132106761858599));
#7657=CARTESIAN_POINT('',(-0.0111457198310756,-0.0321945,0.0132106761893241));
#7658=CARTESIAN_POINT('',(-0.0111457198310756,-0.0321945,0.0132106761893241));
#7659=CARTESIAN_POINT('',(-0.010643023434102,-0.0321945,0.0131341814635071));
#7660=CARTESIAN_POINT('',(-0.00871282767004791,-0.0321945,0.0128733558092591));
#7661=CARTESIAN_POINT('',(-0.00537404446391264,-0.0321945,0.0126333209048302));
#7662=CARTESIAN_POINT('',(-0.0020754495638575,-0.0321945,0.0124316051793682));
#7663=CARTESIAN_POINT('',(-0.000455358015145627,-0.0321945,0.0124392251680729));
#7664=CARTESIAN_POINT('',(-0.000455358012445316,-0.0321945,0.0124392251685873));
#7665=CARTESIAN_POINT('',(-0.000455358012445316,-0.0321945,0.0124392251685873));
#7666=CARTESIAN_POINT('',(-0.000522404969158496,-0.0321945,0.0126237979704371));
#7667=CARTESIAN_POINT('',(-0.000699012223771767,-0.0321945,0.0131038435034783));
#7668=CARTESIAN_POINT('',(-0.00101577361947415,-0.0321945,0.0139921978862996));
#7669=CARTESIAN_POINT('',(-0.00139780458537959,-0.0321945,0.0153865521078199));
#7670=CARTESIAN_POINT('',(-0.00163183168601494,-0.0321945,0.0164342626793721));
#7671=CARTESIAN_POINT('',(-0.00186191861964484,-0.0321945,0.0174189573930508));
#7672=CARTESIAN_POINT('',(-0.00194906487683288,-0.0321945,0.0179457755293136));
#7673=CARTESIAN_POINT('',(0.,-0.0321945,0.018467451));
#7674=CARTESIAN_POINT('',(-0.0187866631895303,-0.0321945,0.0150155499577523));
#7675=CARTESIAN_POINT('',(-0.0188850118404487,-0.0321945,0.0152931687148592));
#7676=CARTESIAN_POINT('',(-0.0191806139782211,-0.0321945,0.0157758174748163));
#7677=CARTESIAN_POINT('',(-0.0192359632962147,-0.0321945,0.0162984238136547));
#7678=CARTESIAN_POINT('',(-0.019321854816476,-0.0321945,0.0165151670280386));
#7679=CARTESIAN_POINT('',(-0.0187866631895303,-0.0321945,0.0150155499577523));
#7680=CARTESIAN_POINT('',(-0.019321854816476,-0.0321945,0.0165151670280386));
#7681=CARTESIAN_POINT('',(-0.0187866631895303,-0.0321945,0.0150155499577523));
#7682=CARTESIAN_POINT('',(-0.0185236289902337,-0.0321945,0.0149561570888123));
#7683=CARTESIAN_POINT('',(-0.0179846476044893,-0.0321945,0.0148344545441061));
#7684=CARTESIAN_POINT('',(-0.0171594829497267,-0.0321945,0.0144747971292195));
#7685=CARTESIAN_POINT('',(-0.0149887885321432,-0.0321945,0.0139369106878218));
#7686=CARTESIAN_POINT('',(-0.0135558789923362,-0.0321945,0.0136415418318139));
#7687=CARTESIAN_POINT('',(-0.0134152790695912,-0.0321945,0.0136131698139089));
#7688=CARTESIAN_POINT('',(-0.0134152790695359,-0.0321945,0.0136131698136224));
#7689=CARTESIAN_POINT('',(-0.0134152790695359,-0.0321945,0.0136131698136224));
#7690=CARTESIAN_POINT('',(-0.0134765023545078,-0.0321945,0.0138267136952496));
#7691=CARTESIAN_POINT('',(-0.013688359394173,-0.0321945,0.0146567223631757));
#7692=CARTESIAN_POINT('',(-0.0141928626995631,-0.0321945,0.0166676607588266));
#7693=CARTESIAN_POINT('',(-0.0143599515658077,-0.0321945,0.0179034844894942));
#7694=CARTESIAN_POINT('',(-0.0144068145976272,-0.0321945,0.018309215113901));
#7695=CARTESIAN_POINT('',(-0.0144068145976272,-0.0321945,0.018309215113901));
#7696=CARTESIAN_POINT('',(-0.0198282169273283,-0.0321945,0.0188519799412036));
#7697=CARTESIAN_POINT('',(-0.0195822977378146,-0.0321945,0.0188321433962354));
#7698=CARTESIAN_POINT('',(-0.01904114018947,-0.0321945,0.0187888686815444));
#7699=CARTESIAN_POINT('',(-0.0180247055841336,-0.0321945,0.0186519387375179));
#7700=CARTESIAN_POINT('',(-0.0157930858315398,-0.0321945,0.0183864767024728));
#7701=CARTESIAN_POINT('',(-0.0150003831434625,-0.0321945,0.0183445600631507));
#7702=CARTESIAN_POINT('',(-0.0144494229817036,-0.0321945,0.0183117607439509));
#7703=CARTESIAN_POINT('',(-0.0144068145999623,-0.0321945,0.0183092151140319));
#7704=CARTESIAN_POINT('',(-0.0198282169273283,-0.0321945,0.0188519799412036));
#7705=CARTESIAN_POINT('',(-0.019321854816476,-0.0321945,0.0165151670280386));
#7706=CARTESIAN_POINT('',(-0.0193723019893868,-0.0321945,0.0166624762567897));
#7707=CARTESIAN_POINT('',(-0.0194782501614684,-0.0321945,0.0169718522359866));
#7708=CARTESIAN_POINT('',(-0.0196146945893602,-0.0321945,0.0175385886199114));
#7709=CARTESIAN_POINT('',(-0.0197286113517977,-0.0321945,0.0181529375082668));
#7710=CARTESIAN_POINT('',(-0.0197963002163681,-0.0321945,0.0186092897811194));
#7711=CARTESIAN_POINT('',(-0.0198282169272811,-0.0321945,0.0188519799408443));
#7712=CARTESIAN_POINT('',(0.,-0.0321945,0.018467451));
#7713=CARTESIAN_POINT('',(-0.0145196081798188,-0.0321945,0.0193741230986257));
#7714=CARTESIAN_POINT('',(-0.0150850536788315,-0.0321945,0.0194169511067691));
#7715=CARTESIAN_POINT('',(-0.0166958059356739,-0.0321945,0.0195460024640535));
#7716=CARTESIAN_POINT('',(-0.0183442567152225,-0.0321945,0.0196920522253688));
#7717=CARTESIAN_POINT('',(-0.0195834177546629,-0.0321945,0.0198256062693901));
#7718=CARTESIAN_POINT('',(-0.0198528594757398,-0.0321945,0.0198844215078782));
#7719=CARTESIAN_POINT('',(-0.0199471303457371,-0.0321945,0.0199056500527621));
#7720=CARTESIAN_POINT('',(-0.0145196081798188,-0.0321945,0.0193741230986257));
#7721=CARTESIAN_POINT('',(-0.01994713034571,-0.0321945,0.0199056500524689));
#7722=CARTESIAN_POINT('',(-0.0145196081798186,-0.0321945,0.0193741230986253));
#7723=CARTESIAN_POINT('',(-0.0145767301271144,-0.0321945,0.0199299878850468));
#7724=CARTESIAN_POINT('',(-0.0146985492786172,-0.0321945,0.021226508514228));
#7725=CARTESIAN_POINT('',(-0.0145399148104352,-0.0321945,0.0234401368378276));
#7726=CARTESIAN_POINT('',(-0.0145018735892471,-0.0321945,0.0243740819539624));
#7727=CARTESIAN_POINT('',(-0.0144828880432359,-0.0321945,0.0246709715482301));
#7728=CARTESIAN_POINT('',(-0.0144828880432372,-0.0321945,0.02467097154823));
#7729=CARTESIAN_POINT('',(-0.0199658308963391,-0.0321945,0.0242373404908446));
#7730=CARTESIAN_POINT('',(-0.0196013187271146,-0.0321945,0.0242730102584904));
#7731=CARTESIAN_POINT('',(-0.0188640445762961,-0.0321945,0.0243447753447874));
#7732=CARTESIAN_POINT('',(-0.017776694199304,-0.0321945,0.0244453167139456));
#7733=CARTESIAN_POINT('',(-0.0159217174353169,-0.0321945,0.024668303440314));
#7734=CARTESIAN_POINT('',(-0.0151552647491902,-0.0321945,0.0246277477015542));
#7735=CARTESIAN_POINT('',(-0.0145608777960312,-0.0321945,0.0246654491324555));
#7736=CARTESIAN_POINT('',(-0.0144828880432372,-0.0321945,0.02467097154823));
#7737=CARTESIAN_POINT('',(-0.0199658308963391,-0.0321945,0.0242373404908446));
#7738=CARTESIAN_POINT('',(-0.01994713034571,-0.0321945,0.0199056500524689));
#7739=CARTESIAN_POINT('',(-0.0199766168457269,-0.0321945,0.0202254509458661));
#7740=CARTESIAN_POINT('',(-0.0200408605271612,-0.0321945,0.021132579713565));
#7741=CARTESIAN_POINT('',(-0.0199745440668339,-0.0321945,0.0224071247484391));
#7742=CARTESIAN_POINT('',(-0.020033892807036,-0.0321945,0.0232488650528386));
#7743=CARTESIAN_POINT('',(-0.0199810237755035,-0.0321945,0.0240493562630972));
#7744=CARTESIAN_POINT('',(-0.0199658308963391,-0.0321945,0.0242373404908442));
#7745=CARTESIAN_POINT('',(0.,-0.0321945,0.018467451));
#7746=CARTESIAN_POINT('',(-0.0143689996300838,-0.0321945,0.025815831755314));
#7747=CARTESIAN_POINT('',(-0.0145198161674557,-0.0321945,0.0258066381239793));
#7748=CARTESIAN_POINT('',(-0.0157342453135622,-0.0321945,0.0257277552095522));
#7749=CARTESIAN_POINT('',(-0.0171389857713058,-0.0321945,0.0255565752676841));
#7750=CARTESIAN_POINT('',(-0.0189897196704865,-0.0321945,0.0253747600899416));
#7751=CARTESIAN_POINT('',(-0.0197288072899073,-0.0321945,0.0252419591214582));
#7752=CARTESIAN_POINT('',(-0.0198338381063286,-0.0321945,0.0252422108670286));
#7753=CARTESIAN_POINT('',(-0.0198630953367201,-0.0321945,0.0252420340221215));
#7754=CARTESIAN_POINT('',(-0.0143689996300838,-0.0321945,0.025815831755314));
#7755=CARTESIAN_POINT('',(-0.0198630953367201,-0.0321945,0.0252420340221215));
#7756=CARTESIAN_POINT('',(-0.0143689996300794,-0.0321945,0.0258158317553141));
#7757=CARTESIAN_POINT('',(-0.0142654119139957,-0.0321945,0.0265949501443635));
#7758=CARTESIAN_POINT('',(-0.0139457119663927,-0.0321945,0.0284208232595656));
#7759=CARTESIAN_POINT('',(-0.0136376626573736,-0.0321945,0.0296268955369172));
#7760=CARTESIAN_POINT('',(-0.0134193154708728,-0.0321945,0.0303237612135486));
#7761=CARTESIAN_POINT('',(-0.0133709625540238,-0.0321945,0.0304722357635097));
#7762=CARTESIAN_POINT('',(-0.0133709625540238,-0.0321945,0.0304722357635097));
#7763=CARTESIAN_POINT('',(-0.0188015235928472,-0.0321945,0.0290128984320045));
#7764=CARTESIAN_POINT('',(-0.0186446844122079,-0.0321945,0.0290566968771932));
#7765=CARTESIAN_POINT('',(-0.0182269983980267,-0.0321945,0.0291867357547257));
#7766=CARTESIAN_POINT('',(-0.0166278857189403,-0.0321945,0.0297274903926372));
#7767=CARTESIAN_POINT('',(-0.0148829215776332,-0.0321945,0.0301773920731135));
#7768=CARTESIAN_POINT('',(-0.0140470943099805,-0.0321945,0.0303458820887718));
#7769=CARTESIAN_POINT('',(-0.0134673845937687,-0.0321945,0.030454418638732));
#7770=CARTESIAN_POINT('',(-0.0133709625495595,-0.0321945,0.0304722357653929));
#7771=CARTESIAN_POINT('',(-0.0188015235928472,-0.0321945,0.0290128984320045));
#7772=CARTESIAN_POINT('',(-0.0198630953367018,-0.0321945,0.0252420340222724));
#7773=CARTESIAN_POINT('',(-0.019805337154237,-0.0321945,0.0257156519466731));
#7774=CARTESIAN_POINT('',(-0.0196395495083625,-0.0321945,0.0268185632536001));
#7775=CARTESIAN_POINT('',(-0.0193907951154865,-0.0321945,0.0275085359303229));
#7776=CARTESIAN_POINT('',(-0.0190216032819417,-0.0321945,0.0285176458470976));
#7777=CARTESIAN_POINT('',(-0.0188015235934917,-0.0321945,0.0290128984305543));
#7778=CARTESIAN_POINT('',(0.,-0.0321945,0.018467451));
#7779=CARTESIAN_POINT('',(0.00160593401178386,-0.0321945,0.0315151074339626));
#7780=CARTESIAN_POINT('',(0.00219630517406913,-0.0321945,0.0314932538898278));
#7781=CARTESIAN_POINT('',(0.0041341459510457,-0.0321945,0.0314001854606568));
#7782=CARTESIAN_POINT('',(0.00582653826902429,-0.0321945,0.0311638838811689));
#7783=CARTESIAN_POINT('',(0.00699360583242864,-0.0321945,0.0309834232393732));
#7784=CARTESIAN_POINT('',(0.00160593401966681,-0.0321945,0.0315151074336594));
#7785=CARTESIAN_POINT('',(0.00699360583242864,-0.0321945,0.0309834232393732));
#7786=CARTESIAN_POINT('',(0.00160593401966681,-0.0321945,0.0315151074336594));
#7787=CARTESIAN_POINT('',(0.00153138250723476,-0.0321945,0.0313232018361978));
#7788=CARTESIAN_POINT('',(0.00139922941802651,-0.0321945,0.0309359472784606));
#7789=CARTESIAN_POINT('',(0.00123373759680264,-0.0321945,0.0303544777750928));
#7790=CARTESIAN_POINT('',(0.000982096953538315,-0.0321945,0.0295515460144772));
#7791=CARTESIAN_POINT('',(0.000871058459406464,-0.0321945,0.029081991778803));
#7792=CARTESIAN_POINT('',(0.000871058459406464,-0.0321945,0.029081991778803));
#7793=CARTESIAN_POINT('',(0.000871058459406465,-0.0321945,0.029081991778803));
#7794=CARTESIAN_POINT('',(0.000846673379751925,-0.0321945,0.0289612444898985));
#7795=CARTESIAN_POINT('',(0.000800109401199353,-0.0321945,0.0286548348866297));
#7796=CARTESIAN_POINT('',(0.000628485231382298,-0.0321945,0.0277556458977749));
#7797=CARTESIAN_POINT('',(0.000588135920424343,-0.0321945,0.0270862004469434));
#7798=CARTESIAN_POINT('',(0.000525905418355038,-0.0321945,0.0267629490170089));
#7799=CARTESIAN_POINT('',(0.000525905418355038,-0.0321945,0.0267629490170089));
#7800=CARTESIAN_POINT('',(0.000525905418355038,-0.0321945,0.0267629490170089));
#7801=CARTESIAN_POINT('',(0.000484485215724665,-0.0321945,0.0266193806982904));
#7802=CARTESIAN_POINT('',(0.000429569466761262,-0.0321945,0.0264290461007646));
#7803=CARTESIAN_POINT('',(0.000403509210051684,-0.0321945,0.0261906929131989));
#7804=CARTESIAN_POINT('',(0.000398423884723744,-0.0321945,0.0261342033685103));
#7805=CARTESIAN_POINT('',(0.000398423884711882,-0.0321945,0.0261342033685104));
#7806=CARTESIAN_POINT('',(0.00541338784129126,-0.0321945,0.0259572684697121));
#7807=CARTESIAN_POINT('',(0.00518826725330735,-0.0321945,0.0259801392560471));
#7808=CARTESIAN_POINT('',(0.00465128989761281,-0.0321945,0.0260339338765839));
#7809=CARTESIAN_POINT('',(0.00330539992050216,-0.0321945,0.0260339805160853));
#7810=CARTESIAN_POINT('',(0.00150676127124709,-0.0321945,0.0261058373780746));
#7811=CARTESIAN_POINT('',(0.000483623802315563,-0.0321945,0.0261321291206742));
#7812=CARTESIAN_POINT('',(0.000398423884711882,-0.0321945,0.0261342033685104));
#7813=CARTESIAN_POINT('',(0.00541338784224446,-0.0321945,0.0259572684754095));
#7814=CARTESIAN_POINT('',(0.00699360583242873,-0.0321945,0.0309834232393734));
#7815=CARTESIAN_POINT('',(0.00681986834074956,-0.0321945,0.030579857086158));
#7816=CARTESIAN_POINT('',(0.00644350783929786,-0.0321945,0.0296393954570094));
#7817=CARTESIAN_POINT('',(0.00628708522921371,-0.0321945,0.0291154799407756));
#7818=CARTESIAN_POINT('',(0.00580666304923004,-0.0321945,0.0273801036042524));
#7819=CARTESIAN_POINT('',(0.00552557317610589,-0.0321945,0.0265656140434041));
#7820=CARTESIAN_POINT('',(0.00542895670432647,-0.0321945,0.0260503243959719));
#7821=CARTESIAN_POINT('',(0.00541338784224446,-0.0321945,0.0259572684754095));
#7822=CARTESIAN_POINT('',(1.38777878078145E-17,0.,0.0381));
#7823=CARTESIAN_POINT('',(0.0604184974,0.0264795,0.0381));
#7824=CARTESIAN_POINT('',(0.0628314974,0.0264795,0.0381));
#7825=CARTESIAN_POINT('',(0.0604184974,-0.0264795,0.0381));
#7826=CARTESIAN_POINT('',(0.0628314974,-0.0264795,0.0381));
#7827=CARTESIAN_POINT('',(-0.0604184974,-0.0264795,0.0381));
#7828=CARTESIAN_POINT('',(-0.0580054974,-0.0264795,0.0381));
#7829=CARTESIAN_POINT('',(-0.0604164997169971,0.0264774934,0.0381));
#7830=CARTESIAN_POINT('',(-0.0580014931169971,0.0264774934,0.0381));
#7831=CARTESIAN_POINT('',(-0.065509902,-0.0352425,0.0381));
#7832=CARTESIAN_POINT('',(-0.065509902,0.034077402,0.0381));
#7833=CARTESIAN_POINT('',(-0.065509902,-0.0309680864,0.0381));
#7834=CARTESIAN_POINT('',(1.38777878078145E-17,-0.0309680864,0.0381));
#7835=CARTESIAN_POINT('',(0.065509902,-0.0309680864,0.0381));
#7836=CARTESIAN_POINT('',(0.065509902,-1.28982410337904E-17,0.0381));
#7837=CARTESIAN_POINT('',(0.065509902,0.034077402,0.0381));
#7838=CARTESIAN_POINT('',(1.38777878078145E-17,0.034077402,0.0381));
#7839=CARTESIAN_POINT('',(0.0413100012,0.034077402,0.0381));
#7840=CARTESIAN_POINT('',(0.0413100012,0.0159385,0.0381));
#7841=CARTESIAN_POINT('',(0.0413100012,0.0288925,0.0381));
#7842=CARTESIAN_POINT('',(0.,0.0288925,0.0381));
#7843=CARTESIAN_POINT('',(0.057785,0.0288925,0.0381));
#7844=CARTESIAN_POINT('',(0.057785,0.,0.0381));
#7845=CARTESIAN_POINT('',(0.057785,-0.0288925,0.0381));
#7846=CARTESIAN_POINT('',(0.,-0.0288925,0.0381));
#7847=CARTESIAN_POINT('',(-0.057785,-0.0288925,0.0381));
#7848=CARTESIAN_POINT('',(-0.057785,0.,0.0381));
#7849=CARTESIAN_POINT('',(-0.0413100012,0.0159385,0.0381));
#7850=CARTESIAN_POINT('',(-0.0413100012,0.034077402,0.0381));
#7851=CARTESIAN_POINT('',(1.38777878078145E-17,0.034077402,0.0381));
#7852=CARTESIAN_POINT('',(-0.065509902,1.28982410337904E-17,0.036934902));
#7853=CARTESIAN_POINT('',(-0.066675,0.0352425,0.036934902));
#7854=CARTESIAN_POINT('',(-0.066675,-0.0321929662779724,0.036934902));
#7855=CARTESIAN_POINT('',(-0.066675,0.034077402,0.036934902));
#7856=CARTESIAN_POINT('',(-0.066675,-0.0321929662779724,0.036934902));
#7857=CARTESIAN_POINT('',(-0.066675,-0.0321739347208995,0.037315088629586));
#7858=CARTESIAN_POINT('',(-0.0662989743658,-0.0317775469755948,0.0379436392605594));
#7859=CARTESIAN_POINT('',(-0.0657709896143731,-0.0312359560859133,0.0381));
#7860=CARTESIAN_POINT('',(-0.065509902,-0.0309680864,0.0381));
#7861=CARTESIAN_POINT('',(-0.065509902,0.034077402,0.036934902));
#7862=CARTESIAN_POINT('',(0.065509902,2.29396081709711E-19,0.036934902));
#7863=CARTESIAN_POINT('',(0.066675,-0.0321929662779724,0.036934902));
#7864=CARTESIAN_POINT('',(0.066675,-0.0321739347208995,0.037315088629586));
#7865=CARTESIAN_POINT('',(0.0662989743658,-0.0317775469755948,0.0379436392605594));
#7866=CARTESIAN_POINT('',(0.0657709896143731,-0.0312359560859133,0.0381));
#7867=CARTESIAN_POINT('',(0.065509902,-0.0309680864,0.0381));
#7868=CARTESIAN_POINT('',(0.066675,-0.0321929662779724,0.036934902));
#7869=CARTESIAN_POINT('',(0.066675,0.,0.036934902));
#7870=CARTESIAN_POINT('',(0.066675,0.034077402,0.036934902));
#7871=CARTESIAN_POINT('',(0.065509902,0.034077402,0.036934902));
#7872=CARTESIAN_POINT('',(-0.064135,0.0352425,0.036934902));
#7873=CARTESIAN_POINT('',(-0.065405,-0.0263525,0.036934902));
#7874=CARTESIAN_POINT('',(-0.065405,-0.0268785512242138,0.036934902));
#7875=CARTESIAN_POINT('',(-0.0958305256121069,0.00354697438789312,0.036934902));
#7876=CARTESIAN_POINT('',(-0.0600905849462414,-0.0321929662779724,0.036934902));
#7877=CARTESIAN_POINT('',(-0.064135,-0.0321929662779724,0.036934902));
#7878=CARTESIAN_POINT('',(-0.065509902,0.034077402,0.036934902));
#7879=CARTESIAN_POINT('',(-0.065509902,0.0352425,0.036934902));
#7880=CARTESIAN_POINT('',(1.38777878078145E-17,0.0352425,0.036934902));
#7881=CARTESIAN_POINT('',(-0.064135,-5.00100461542863E-19,0.0381));
#7882=CARTESIAN_POINT('',(-0.064135,-0.0263525,0.0368735864));
#7883=CARTESIAN_POINT('',(-0.064135,-0.0263525,0.0050799746));
#7884=CARTESIAN_POINT('',(-0.064135,-0.0263525,0.035664902));
#7885=CARTESIAN_POINT('',(-0.064135,0.0352425,0.035664902));
#7886=CARTESIAN_POINT('',(-0.064135,0.036536619650055,0.0219478970250468));
#7887=CARTESIAN_POINT('',(-0.064135,0.0379544373001099,0.0226307362500936));
#7888=CARTESIAN_POINT('',(-0.064135,0.0379544373001099,0.0200632503113132));
#7889=CARTESIAN_POINT('',(-0.064135,0.0379544373001099,0.0174957643725327));
#7890=CARTESIAN_POINT('',(-0.064135,0.036536619650055,0.0181786026336601));
#7891=CARTESIAN_POINT('',(-0.064135,-5.00100461542863E-19,0.0050799746));
#7892=CARTESIAN_POINT('',(-0.064135,-0.00410525586843525,0.0050799746));
#7893=CARTESIAN_POINT('',(-0.064135,-0.007997571,0.0096515809));
#7894=CARTESIAN_POINT('',(-0.064135,-0.0118898861315647,0.0050799746));
#7895=CARTESIAN_POINT('',(-0.064135,-5.00100461542863E-19,0.0050799746));
#7896=CARTESIAN_POINT('',(-0.064135,0.00931049893605895,0.0283912808350438));
#7897=CARTESIAN_POINT('',(-0.064135,0.0105820707513492,0.0283912808350438));
#7898=CARTESIAN_POINT('',(-0.064135,0.0239673531855516,0.0227344265855512));
#7899=CARTESIAN_POINT('',(-0.064135,0.0264624967855516,0.0227344265855512));
#7900=CARTESIAN_POINT('',(-0.064135,0.0149673531855515,0.0137344265855511));
#7901=CARTESIAN_POINT('',(-0.064135,0.0174624967855515,0.0137344265855511));
#7902=CARTESIAN_POINT('',(-0.064135,0.00596735318555137,0.0227344265855512));
#7903=CARTESIAN_POINT('',(-0.064135,0.00846249678555137,0.0227344265855512));
#7904=CARTESIAN_POINT('',(-0.064135,0.00824983876427935,0.0160169121642789));
#7905=CARTESIAN_POINT('',(-0.064135,0.00952141356427935,0.0160169121642789));
#7906=CARTESIAN_POINT('',(-0.064135,0.020624207435044,0.0170775723360587));
#7907=CARTESIAN_POINT('',(-0.064135,0.021895782235044,0.0170775723360587));
#7908=CARTESIAN_POINT('',(-0.064135,0.0149673531855514,0.0317344265855514));
#7909=CARTESIAN_POINT('',(-0.064135,0.0174625,0.0317344265855514));
#7910=CARTESIAN_POINT('',(0.064135,5.00100461542863E-19,0.036934902));
#7911=CARTESIAN_POINT('',(0.0782092756121069,-0.0140742756121069,0.036934902));
#7912=CARTESIAN_POINT('',(0.0600905849462414,-0.0321929662779724,0.036934902));
#7913=CARTESIAN_POINT('',(0.065405,-0.0268785512242138,0.036934902));
#7914=CARTESIAN_POINT('',(0.065405,2.50050230771431E-19,0.036934902));
#7915=CARTESIAN_POINT('',(1.38777878078145E-17,0.0352425,0.036934902));
#7916=CARTESIAN_POINT('',(0.065509902,0.0352425,0.036934902));
#7917=CARTESIAN_POINT('',(0.065509902,0.034077402,0.036934902));
#7918=CARTESIAN_POINT('',(0.066675,-0.0321929662779724,0.036934902));
#7919=CARTESIAN_POINT('',(0.064135,5.00100461542863E-19,0.0381));
#7920=CARTESIAN_POINT('',(0.064135,5.00100461542863E-19,0.035664902));
#7921=CARTESIAN_POINT('',(0.064135,-0.0263525,0.035664902));
#7922=CARTESIAN_POINT('',(0.064135,-0.0263525,0.0381));
#7923=CARTESIAN_POINT('',(0.064135,-0.0263525,0.0050799746));
#7924=CARTESIAN_POINT('',(0.064135,0.034077402,0.0050799746));
#7925=CARTESIAN_POINT('',(0.064135,-0.0118898861300731,0.0050799746));
#7926=CARTESIAN_POINT('',(0.064135,-0.007997571,0.00965158090127));
#7927=CARTESIAN_POINT('',(0.064135,-0.00410525586992692,0.0050799746));
#7928=CARTESIAN_POINT('',(0.064135,0.034077402,0.0050799746));
#7929=CARTESIAN_POINT('',(0.064135,0.036536619650055,0.0181786026336601));
#7930=CARTESIAN_POINT('',(0.064135,0.0379544373001099,0.0174957643725327));
#7931=CARTESIAN_POINT('',(0.064135,0.0379544373001098,0.0200632503113132));
#7932=CARTESIAN_POINT('',(0.064135,0.0379544373001098,0.0226307362500936));
#7933=CARTESIAN_POINT('',(0.064135,0.036536619650055,0.0219478970250468));
#7934=CARTESIAN_POINT('',(0.041275,-0.00430000689749116,0.0127328843200274));
#7935=CARTESIAN_POINT('',(0.057785,-0.00430000689749117,0.0127328843200274));
#7936=CARTESIAN_POINT('',(0.057785,-0.00430000689749117,0.0136091843200274));
#7937=CARTESIAN_POINT('',(0.0625602,-0.00430000689749117,0.0127328843200274));
#7938=CARTESIAN_POINT('',(0.0625602,-0.00342370689749117,0.0127328843200274));
#7939=CARTESIAN_POINT('',(0.041275,-0.007997571,0.00965158090127));
#7940=CARTESIAN_POINT('',(0.057785,-0.007997571,0.00965158090127));
#7941=CARTESIAN_POINT('',(0.057785,-0.007997571,0.01291548090127));
#7942=CARTESIAN_POINT('',(0.0625602,-0.007997571,0.00965158090127));
#7943=CARTESIAN_POINT('',(0.0625602,-0.004733671,0.00965158090127));
#7944=CARTESIAN_POINT('',(0.041275,-0.0116951351025089,0.00657027748251259));
#7945=CARTESIAN_POINT('',(0.057785,-0.0116951351025089,0.00657027748251259));
#7946=CARTESIAN_POINT('',(0.057785,-0.0116951351025089,0.00744657748251259));
#7947=CARTESIAN_POINT('',(0.0625602,-0.0116951351025089,0.00657027748251259));
#7948=CARTESIAN_POINT('',(0.0625602,-0.0108188351025089,0.00657027748251259));
#7949=CARTESIAN_POINT('',(-0.041275,-0.00430000689749115,0.00657027748124259));
#7950=CARTESIAN_POINT('',(-0.057785,-0.00430000689749115,0.00657027748124259));
#7951=CARTESIAN_POINT('',(-0.057785,-0.00430000689749115,0.00744657748124259));
#7952=CARTESIAN_POINT('',(-0.0625602,-0.00430000689749115,0.00657027748124259));
#7953=CARTESIAN_POINT('',(-0.0625602,-0.00517630689749115,0.00657027748124259));
#7954=CARTESIAN_POINT('',(-0.041275,-0.0116951351025089,0.0127328843187574));
#7955=CARTESIAN_POINT('',(-0.057785,-0.0116951351025088,0.0127328843187574));
#7956=CARTESIAN_POINT('',(-0.057785,-0.0116951351025088,0.0136091843187574));
#7957=CARTESIAN_POINT('',(-0.0625602,-0.0116951351025088,0.0127328843187574));
#7958=CARTESIAN_POINT('',(-0.0625602,-0.0125714351025088,0.0127328843187574));
#7959=CARTESIAN_POINT('',(-0.041275,-0.007997571,0.0096515809));
#7960=CARTESIAN_POINT('',(-0.057785,-0.007997571,0.0096515809));
#7961=CARTESIAN_POINT('',(-0.057785,-0.007997571,0.0129154809));
#7962=CARTESIAN_POINT('',(-0.0625602,-0.007997571,0.0096515809));
#7963=CARTESIAN_POINT('',(-0.0625602,-0.011261471,0.0096515809));
#7964=CARTESIAN_POINT('',(-0.0413100012,0.0159385,0.02286));
#7965=CARTESIAN_POINT('',(-0.0413100012,0.0301625,0.0204152080173592));
#7966=CARTESIAN_POINT('',(-0.0413100012,0.0301625,0.0204152080173592));
#7967=CARTESIAN_POINT('',(-0.0413100012,0.0301625,0.02286));
#7968=CARTESIAN_POINT('',(-0.0413100012,0.034077402,0.036934902));
#7969=CARTESIAN_POINT('',(0.,0.0288925,0.00381));
#7970=CARTESIAN_POINT('',(0.0409521758556366,0.0288925,0.00381));
#7971=CARTESIAN_POINT('',(0.0409521758556366,0.0288925,0.00762));
#7972=CARTESIAN_POINT('',(0.057785,0.0288925,0.00381));
#7973=CARTESIAN_POINT('',(0.0413100012,0.0288925,0.00381));
#7974=CARTESIAN_POINT('',(0.0413100012,0.0288925,0.00762));
#7975=CARTESIAN_POINT('',(4.79977941283984E-19,0.0288925,0.00762));
#7976=CARTESIAN_POINT('',(-0.057785,0.,0.00381));
#7977=CARTESIAN_POINT('',(-0.057785,0.00931049893605895,0.0283912808350438));
#7978=CARTESIAN_POINT('',(-0.057785,0.00931049893605895,0.0271197090197535));
#7979=CARTESIAN_POINT('',(-0.057785,0.0239673531855516,0.0227344265855512));
#7980=CARTESIAN_POINT('',(-0.057785,0.0239673531855516,0.0202392829855512));
#7981=CARTESIAN_POINT('',(-0.057785,0.0149673531855515,0.0137344265855511));
#7982=CARTESIAN_POINT('',(-0.057785,0.0149673531855515,0.0112392829855511));
#7983=CARTESIAN_POINT('',(-0.057785,0.00596735318555137,0.0227344265855512));
#7984=CARTESIAN_POINT('',(-0.057785,0.00596735318555137,0.0202392829855512));
#7985=CARTESIAN_POINT('',(-0.057785,0.00824983876427935,0.0160169121642789));
#7986=CARTESIAN_POINT('',(-0.057785,0.00824983876427935,0.0147453373642789));
#7987=CARTESIAN_POINT('',(-0.057785,0.020624207435044,0.0170775723360587));
#7988=CARTESIAN_POINT('',(-0.057785,0.020624207435044,0.0158059975360587));
#7989=CARTESIAN_POINT('',(-0.057785,0.0149673531855514,0.0317344265855514));
#7990=CARTESIAN_POINT('',(-0.057785,0.0149673531855514,0.0292392797711028));
#7991=CARTESIAN_POINT('',(-0.057785,-0.0288925,0.00381));
#7992=CARTESIAN_POINT('',(0.,-0.0288925,0.00381));
#7993=CARTESIAN_POINT('',(0.057785,-0.0288925,0.00381));
#7994=CARTESIAN_POINT('',(0.057785,0.,0.00381));
#7995=CARTESIAN_POINT('',(0.0413100012,0.0159385,0.02286));
#7996=CARTESIAN_POINT('',(0.0413100012,0.0301625,0.02286));
#7997=CARTESIAN_POINT('',(0.0413100012,0.0301625,0.0276252218169898));
#7998=CARTESIAN_POINT('',(0.0413100012,0.0159385,0.00762));
#7999=CARTESIAN_POINT('',(0.0413100012,0.034077402,0.036934902));
#8000=CARTESIAN_POINT('',(0.0413100012,0.0301625,0.0276252218169898));
#8001=CARTESIAN_POINT('',(1.38777878078145E-17,0.0159385,0.00762));
#8002=CARTESIAN_POINT('',(0.0409521758556366,0.0159385,0.00762));
#8003=CARTESIAN_POINT('',(-0.083185,0.0149673531855514,0.0317344265855514));
#8004=CARTESIAN_POINT('',(-0.083185,0.020624207435044,0.0170775723360587));
#8005=CARTESIAN_POINT('',(-0.083185,0.00824983876427935,0.0160169121642789));
#8006=CARTESIAN_POINT('',(-0.083185,0.00596735318555137,0.0227344265855512));
#8007=CARTESIAN_POINT('',(-0.083185,0.0149673531855515,0.0137344265855511));
#8008=CARTESIAN_POINT('',(-0.083185,0.0239673531855516,0.0227344265855512));
#8009=CARTESIAN_POINT('',(-0.083185,0.00931049893605895,0.0283912808350438));
#8010=CARTESIAN_POINT('',(1.38777878078145E-17,0.034077402,0.036934902));
#8011=CARTESIAN_POINT('',(-0.065509902,0.034077402,0.036934902));
#8012=CARTESIAN_POINT('',(1.38777878078145E-17,0.034077402,0.036934902));
#8013=CARTESIAN_POINT('',(0.065509902,0.034077402,0.036934902));
#8014=CARTESIAN_POINT('',(-0.065509902,0.034077402,0.036934902));
#8015=CARTESIAN_POINT('',(0.065509902,0.034077402,0.036934902));
#8016=CARTESIAN_POINT('',(-0.0400248944828255,0.0301625,0.0240202149171745));
#8017=CARTESIAN_POINT('',(-0.0410609468817711,0.0301625,0.0203359009445492));
#8018=CARTESIAN_POINT('',(-0.0410609468817711,0.0301625,0.0203359009445492));
#8019=CARTESIAN_POINT('',(-0.0400248944828255,0.0301625,0.0240202149171745));
#8020=CARTESIAN_POINT('',(0.,0.0301625,0.0240202149171745));
#8021=CARTESIAN_POINT('',(-0.0410609468817711,0.0301625,0.0240202149171745));
#8022=CARTESIAN_POINT('',(0.0400248944828255,0.0301625,0.0240202149171745));
#8023=CARTESIAN_POINT('',(0.0409521758556366,0.0301625,0.0277333972824618));
#8024=CARTESIAN_POINT('',(0.0409521758556366,0.0301625,0.0277333972824618));
#8025=CARTESIAN_POINT('',(0.0400248944828255,0.0301625,0.0240202149171745));
#8026=CARTESIAN_POINT('',(0.,0.0301625,0.0240202149171745));
#8027=CARTESIAN_POINT('',(0.0409521758556366,0.0301625,0.0240202149171745));
#8028=CARTESIAN_POINT('',(-0.0604164997169971,0.0264774934,0.0346));
#8029=CARTESIAN_POINT('',(-0.0604164997169971,0.0264774934,0.0346));
#8030=CARTESIAN_POINT('',(-0.0580014931169971,0.0264774934,0.0346));
#8031=CARTESIAN_POINT('',(-4.45849857033665E-9,0.,0.0346));
#8032=CARTESIAN_POINT('',(-0.0604184974,-0.0264795,0.0346));
#8033=CARTESIAN_POINT('',(-0.0604184974,-0.0264795,0.0346));
#8034=CARTESIAN_POINT('',(-0.0580054974,-0.0264795,0.0346));
#8035=CARTESIAN_POINT('',(-4.45849857033665E-9,0.,0.0346));
#8036=CARTESIAN_POINT('',(0.0604184974,-0.0264795,0.0346));
#8037=CARTESIAN_POINT('',(0.0604184974,-0.0264795,0.0346));
#8038=CARTESIAN_POINT('',(0.0628314974,-0.0264795,0.0346));
#8039=CARTESIAN_POINT('',(-4.45849857033665E-9,0.,0.0346));
#8040=CARTESIAN_POINT('',(0.0604184974,0.0264795,0.0346));
#8041=CARTESIAN_POINT('',(0.0604184974,0.0264795,0.0346));
#8042=CARTESIAN_POINT('',(0.0628314974,0.0264795,0.0346));
#8043=CARTESIAN_POINT('',(-4.45849857033665E-9,0.,0.0346));
#8044=CARTESIAN_POINT('',(-0.0625602,-0.007997571,0.0096515809));
#8045=CARTESIAN_POINT('',(-0.0625602,-0.007997571,0.0096515809));
#8046=CARTESIAN_POINT('',(-0.0625602,-0.0140017113419314,0.0096515809));
#8047=CARTESIAN_POINT('',(-0.0687066063,-0.007997571,0.0096515809));
#8048=CARTESIAN_POINT('',(-0.0625602,-0.007997571,0.0096515809));
#8049=CARTESIAN_POINT('',(0.0625602,-0.007997571,0.00965158090127));
#8050=CARTESIAN_POINT('',(0.06870660630127,-0.007997571,0.00965158090127));
#8051=CARTESIAN_POINT('',(0.0625602,-0.007997571,0.00965158090127));
#8052=CARTESIAN_POINT('',(0.0625602,-0.00199343065806864,0.00965158090127));
#8053=CARTESIAN_POINT('',(0.0625602,-0.007997571,0.00965158090127));
#8054=CARTESIAN_POINT('',(1.38777878078145E-17,-0.0309680864,0.0368735864));
#8055=CARTESIAN_POINT('',(0.0612287514711088,-0.0309680864,0.0368735864));
#8056=CARTESIAN_POINT('',(-0.0612287514711088,-0.0309680864,0.0368735864));
#8057=CARTESIAN_POINT('',(-0.064135,-5.00100461542863E-19,0.0050799746));
#8058=CARTESIAN_POINT('',(-0.0534035,-0.021463,-0.0056515254));
#8059=CARTESIAN_POINT('',(-0.061214,-0.0292735,0.0021589746));
#8060=CARTESIAN_POINT('',(-0.0729191666666667,-0.0175683333333333,0.0138641412666667));
#8061=CARTESIAN_POINT('',(0.,-0.0321945,0.0050799746));
#8062=CARTESIAN_POINT('',(0.0427566666666667,-0.0108161666666667,-0.0162983587333333));
#8063=CARTESIAN_POINT('',(0.061214,-0.0292735,0.0021589746));
#8064=CARTESIAN_POINT('',(0.038862,-0.0516255,0.0245109746));
#8065=CARTESIAN_POINT('',(-0.038862,-0.0516255,0.0245109746));
#8066=CARTESIAN_POINT('',(0.0590550254,-1.16273407318762E-17,0.));
#8067=CARTESIAN_POINT('',(0.0695325169333333,-0.0209549830666667,0.0104774915333333));
#8068=CARTESIAN_POINT('',(0.0490008502666667,0.0201083502666667,-0.0100541751333333));
#8069=CARTESIAN_POINT('',(1.38777878078145E-17,0.0301625254,0.));
#8070=CARTESIAN_POINT('',(0.0409521758556366,0.0301625254,0.));
#8071=CARTESIAN_POINT('',(-0.058293,-0.0321945,0.018467451));
#8072=CARTESIAN_POINT('',(-0.058293,-0.0321945,0.035664902));
#8073=CARTESIAN_POINT('',(0.064135,-0.0263525,0.0381));
#8074=CARTESIAN_POINT('',(0.064135,-0.0263525,0.035664902));
#8075=CARTESIAN_POINT('',(0.0366747308077919,-0.0318134999999845,0.0234779592874234));
#8076=CARTESIAN_POINT('',(0.00535986990556137,-0.0318135,0.0190673955192441));
#8077=CARTESIAN_POINT('',(0.00535986990556137,-0.0318135,0.0190673955192441));
#8078=CARTESIAN_POINT('',(0.00535986990556137,-0.0320675,0.0190673955192441));
#8079=CARTESIAN_POINT('',(0.0366747308077919,-0.0320675,0.0234779592874234));
#8080=CARTESIAN_POINT('',(0.00551113643217435,-0.0320675,0.0181008151276596));
#8081=CARTESIAN_POINT('',(0.00551113643217435,-0.0318135,0.0181008151276596));
#8082=CARTESIAN_POINT('',(0.00551113643217435,-0.0318135,0.0181008151276596));
#8083=CARTESIAN_POINT('',(0.0366747308077919,-0.0318135,0.0234779592874234));
#8084=CARTESIAN_POINT('',(0.0055111364327946,-0.0318135,0.0181008151240442));
#8085=CARTESIAN_POINT('',(0.0055111364327946,-0.0321945,0.0181008151240442));
#8086=CARTESIAN_POINT('',(0.00559278347728153,-0.0318135,0.0176249029792712));
#8087=CARTESIAN_POINT('',(0.00559278347728153,-0.0321945,0.0176249029792712));
#8088=CARTESIAN_POINT('',(0.00577446384789261,-0.0318135,0.0166752677573816));
#8089=CARTESIAN_POINT('',(0.00577446384789261,-0.0321945,0.0166752677573816));
#8090=CARTESIAN_POINT('',(0.00605309161361733,-0.0318135,0.0154618510120412));
#8091=CARTESIAN_POINT('',(0.00605309161361733,-0.0321945,0.0154618510120412));
#8092=CARTESIAN_POINT('',(0.00641404487688952,-0.0318135,0.0143108463111103));
#8093=CARTESIAN_POINT('',(0.00641404487688952,-0.0321945,0.0143108463111103));
#8094=CARTESIAN_POINT('',(0.0067609780697043,-0.0318135,0.0134879728441342));
#8095=CARTESIAN_POINT('',(0.0067609780697043,-0.0321945,0.0134879728441342));
#8096=CARTESIAN_POINT('',(0.00693872785139351,-0.0318135,0.0131078936887777));
#8097=CARTESIAN_POINT('',(0.00693872785139351,-0.0321945,0.0131078936887777));
#8098=CARTESIAN_POINT('',(0.00693872785139351,-0.0320675,0.0131078936887777));
#8099=CARTESIAN_POINT('',(0.00693872785139351,-0.0320675,0.0131078936887777));
#8100=CARTESIAN_POINT('',(0.00693872785139351,-0.0318135,0.0131078936887777));
#8101=CARTESIAN_POINT('',(0.00693872785139351,-0.0318135,0.0131078936887777));
#8102=CARTESIAN_POINT('',(0.0055111364327946,-0.0318135,0.0181008151240442));
#8103=CARTESIAN_POINT('',(0.00558730066579873,-0.0318135,0.0176568617181154));
#8104=CARTESIAN_POINT('',(0.0058633192759624,-0.0318135,0.0162072871146416));
#8105=CARTESIAN_POINT('',(0.00623489289996848,-0.0318135,0.0147314201588191));
#8106=CARTESIAN_POINT('',(0.00676895457141377,-0.0318135,0.0134709168342554));
#8107=CARTESIAN_POINT('',(0.00693872785139351,-0.0318135,0.0131078936887777));
#8108=CARTESIAN_POINT('',(0.00551113643217435,-0.0320675,0.0181008151276596));
#8109=CARTESIAN_POINT('',(0.0172122187908242,-0.0318135,0.0178328764420136));
#8110=CARTESIAN_POINT('',(0.0172122187908242,-0.0320675,0.0178328764420136));
#8111=CARTESIAN_POINT('',(0.00744364047515198,-0.0320675,0.0121394465077521));
#8112=CARTESIAN_POINT('',(0.00744364047515198,-0.0318135,0.0121394465077521));
#8113=CARTESIAN_POINT('',(0.00744364047515198,-0.0318135,0.0121394465077521));
#8114=CARTESIAN_POINT('',(0.0172122187908242,-0.0318135,0.0178328764420136));
#8115=CARTESIAN_POINT('',(0.00744364047515815,-0.0318135,0.0121394465077438));
#8116=CARTESIAN_POINT('',(0.00744364047515815,-0.0321945,0.0121394465077438));
#8117=CARTESIAN_POINT('',(0.00757932692079123,-0.0318135,0.011912490300165));
#8118=CARTESIAN_POINT('',(0.00757932692079123,-0.0321945,0.011912490300165));
#8119=CARTESIAN_POINT('',(0.00781521307353938,-0.0318135,0.0115886682832582));
#8120=CARTESIAN_POINT('',(0.00781521307353938,-0.0321945,0.0115886682832582));
#8121=CARTESIAN_POINT('',(0.0082222024983026,-0.0318135,0.0111117894061817));
#8122=CARTESIAN_POINT('',(0.0082222024983026,-0.0321945,0.0111117894061817));
#8123=CARTESIAN_POINT('',(0.00876402396530268,-0.0318135,0.0104622343511333));
#8124=CARTESIAN_POINT('',(0.00876402396530268,-0.0321945,0.0104622343511333));
#8125=CARTESIAN_POINT('',(0.00937660707848863,-0.0318135,0.00993680542837607));
#8126=CARTESIAN_POINT('',(0.00937660707848863,-0.0321945,0.00993680542837607));
#8127=CARTESIAN_POINT('',(0.00994916426493657,-0.0318135,0.00962837222725945));
#8128=CARTESIAN_POINT('',(0.00994916426493657,-0.0321945,0.00962837222725945));
#8129=CARTESIAN_POINT('',(0.0101323102303277,-0.0318135,0.0094323855984019));
#8130=CARTESIAN_POINT('',(0.0101323102303277,-0.0321945,0.0094323855984019));
#8131=CARTESIAN_POINT('',(0.0108335377941459,-0.0318135,0.00964199356581695));
#8132=CARTESIAN_POINT('',(0.0108335377941459,-0.0321945,0.00964199356581695));
#8133=CARTESIAN_POINT('',(0.0114787474994681,-0.0318135,0.00991689178573072));
#8134=CARTESIAN_POINT('',(0.0114787474994681,-0.0321945,0.00991689178573072));
#8135=CARTESIAN_POINT('',(0.011801276416466,-0.0318135,0.0100542642176151));
#8136=CARTESIAN_POINT('',(0.011801276416466,-0.0321945,0.0100542642176151));
#8137=CARTESIAN_POINT('',(0.011801276416466,-0.0318135,0.0100542642176151));
#8138=CARTESIAN_POINT('',(0.011801276416466,-0.0318135,0.0100542642176151));
#8139=CARTESIAN_POINT('',(0.00744364047515815,-0.0318135,0.0121394465077438));
#8140=CARTESIAN_POINT('',(0.00745822198211734,-0.0318135,0.0121150567206519));
#8141=CARTESIAN_POINT('',(0.00768229114033952,-0.0318135,0.0117461025179045));
#8142=CARTESIAN_POINT('',(0.0080743690662718,-0.0318135,0.0113002307535138));
#8143=CARTESIAN_POINT('',(0.00902583315000873,-0.0318135,0.0101196768095401));
#8144=CARTESIAN_POINT('',(0.00992731558980443,-0.0318135,0.00964330653081107));
#8145=CARTESIAN_POINT('',(0.010220710511702,-0.0318135,0.00938029889106608));
#8146=CARTESIAN_POINT('',(0.0111491919141047,-0.0318135,0.00977652653530965));
#8147=CARTESIAN_POINT('',(0.011801276416466,-0.0318135,0.0100542642176151));
#8148=CARTESIAN_POINT('',(0.00744364047515198,-0.0320675,0.0121394465077521));
#8149=CARTESIAN_POINT('',(0.011801276416466,-0.0318135,0.0100542642176151));
#8150=CARTESIAN_POINT('',(0.011801276416466,-0.0321945,0.0100542642176151));
#8151=CARTESIAN_POINT('',(0.0120438931575156,-0.0318135,0.010150583336121));
#8152=CARTESIAN_POINT('',(0.0120438931575156,-0.0321945,0.010150583336121));
#8153=CARTESIAN_POINT('',(0.0125605278600359,-0.0318135,0.0103376844183892));
#8154=CARTESIAN_POINT('',(0.0125605278600359,-0.0321945,0.0103376844183892));
#8155=CARTESIAN_POINT('',(0.0136821752081649,-0.0318135,0.0108030759752353));
#8156=CARTESIAN_POINT('',(0.0136821752081649,-0.0321945,0.0108030759752353));
#8157=CARTESIAN_POINT('',(0.0144816808260736,-0.0318135,0.0116886798910934));
#8158=CARTESIAN_POINT('',(0.0144816808260736,-0.0321945,0.0116886798910934));
#8159=CARTESIAN_POINT('',(0.0152408892437222,-0.0318135,0.0129573860261502));
#8160=CARTESIAN_POINT('',(0.0152408892437222,-0.0321945,0.0129573860261502));
#8161=CARTESIAN_POINT('',(0.0159499117675328,-0.0318135,0.0147027444472337));
#8162=CARTESIAN_POINT('',(0.0159499117675328,-0.0321945,0.0147027444472337));
#8163=CARTESIAN_POINT('',(0.0165011037179355,-0.0318135,0.0171096285148625));
#8164=CARTESIAN_POINT('',(0.0165011037179355,-0.0321945,0.0171096285148625));
#8165=CARTESIAN_POINT('',(0.0167999587117342,-0.0318135,0.0191634884254445));
#8166=CARTESIAN_POINT('',(0.0167999587117342,-0.0321945,0.0191634884254445));
#8167=CARTESIAN_POINT('',(0.0169227872887878,-0.0318135,0.0205005474135977));
#8168=CARTESIAN_POINT('',(0.0169227872887878,-0.0321945,0.0205005474135977));
#8169=CARTESIAN_POINT('',(0.016964910341198,-0.0318135,0.0215476085532018));
#8170=CARTESIAN_POINT('',(0.016964910341198,-0.0321945,0.0215476085532018));
#8171=CARTESIAN_POINT('',(0.0169308852463177,-0.0318135,0.0225499411533339));
#8172=CARTESIAN_POINT('',(0.0169308852463177,-0.0321945,0.0225499411533339));
#8173=CARTESIAN_POINT('',(0.0169026271822441,-0.0318135,0.0238511925642654));
#8174=CARTESIAN_POINT('',(0.0169026271822441,-0.0321945,0.0238511925642654));
#8175=CARTESIAN_POINT('',(0.0168030074624816,-0.0318135,0.025443111994414));
#8176=CARTESIAN_POINT('',(0.0168030074624816,-0.0321945,0.025443111994414));
#8177=CARTESIAN_POINT('',(0.0165180590470922,-0.0318135,0.0273422677426315));
#8178=CARTESIAN_POINT('',(0.0165180590470922,-0.0321945,0.0273422677426315));
#8179=CARTESIAN_POINT('',(0.0158968565141982,-0.0318135,0.0295150895898703));
#8180=CARTESIAN_POINT('',(0.0158968565141982,-0.0321945,0.0295150895898703));
#8181=CARTESIAN_POINT('',(0.0149870482623285,-0.0318135,0.0315926749238505));
#8182=CARTESIAN_POINT('',(0.0149870482623285,-0.0321945,0.0315926749238505));
#8183=CARTESIAN_POINT('',(0.0138648606402513,-0.0318135,0.0330894111855062));
#8184=CARTESIAN_POINT('',(0.0138648606402513,-0.0321945,0.0330894111855062));
#8185=CARTESIAN_POINT('',(0.0129924831716886,-0.0318135,0.0336623484915291));
#8186=CARTESIAN_POINT('',(0.0129924831716886,-0.0321945,0.0336623484915291));
#8187=CARTESIAN_POINT('',(0.0125262998044429,-0.0318135,0.0338655523955849));
#8188=CARTESIAN_POINT('',(0.0125262998044429,-0.0321945,0.0338655523955849));
#8189=CARTESIAN_POINT('',(0.0125262998044491,-0.0318135,0.0338655523955822));
#8190=CARTESIAN_POINT('',(0.0125262998044491,-0.0318135,0.0338655523955822));
#8191=CARTESIAN_POINT('',(0.011801276416466,-0.0318135,0.0100542642176151));
#8192=CARTESIAN_POINT('',(0.0120126300825842,-0.0318135,0.0101381718602841));
#8193=CARTESIAN_POINT('',(0.0125156221831927,-0.0318135,0.0103267266574741));
#8194=CARTESIAN_POINT('',(0.0137512868890549,-0.0318135,0.0108076818886495));
#8195=CARTESIAN_POINT('',(0.0148224102799181,-0.0318135,0.0121283126288138));
#8196=CARTESIAN_POINT('',(0.0161970846836091,-0.0318135,0.014908708270588));
#8197=CARTESIAN_POINT('',(0.0170029729705268,-0.0318135,0.020287630186184));
#8198=CARTESIAN_POINT('',(0.0169335675873407,-0.0318135,0.0223713491466355));
#8199=CARTESIAN_POINT('',(0.0168958580808865,-0.0318135,0.0243948532773988));
#8200=CARTESIAN_POINT('',(0.0165812084288693,-0.0318135,0.027697133702512));
#8201=CARTESIAN_POINT('',(0.0149247566380918,-0.0318135,0.0321766161408823));
#8202=CARTESIAN_POINT('',(0.0133094758939327,-0.0318135,0.0335241750532577));
#8203=CARTESIAN_POINT('',(0.0125262998044429,-0.0318135,0.0338655523955849));
#8204=CARTESIAN_POINT('',(0.0125262998044429,-0.0318135,0.0338655523955849));
#8205=CARTESIAN_POINT('',(0.0125262998044429,-0.0321945,0.0338655523955849));
#8206=CARTESIAN_POINT('',(0.0118014174918572,-0.0318135,0.0341815201590182));
#8207=CARTESIAN_POINT('',(0.0118014174918572,-0.0321945,0.0341815201590182));
#8208=CARTESIAN_POINT('',(0.0110046110817503,-0.0318135,0.0342902147657095));
#8209=CARTESIAN_POINT('',(0.0110046110817503,-0.0321945,0.0342902147657095));
#8210=CARTESIAN_POINT('',(0.0102395238959644,-0.0318135,0.0345094799995423));
#8211=CARTESIAN_POINT('',(0.0102395238959644,-0.0321945,0.0345094799995423));
#8212=CARTESIAN_POINT('',(0.0102395238959644,-0.0318135,0.0345094799995423));
#8213=CARTESIAN_POINT('',(0.0102395238959644,-0.0318135,0.0345094799995423));
#8214=CARTESIAN_POINT('',(0.0125262998044429,-0.0318135,0.0338655523955849));
#8215=CARTESIAN_POINT('',(0.0118014174918572,-0.0318135,0.0341815201590182));
#8216=CARTESIAN_POINT('',(0.0110046110817503,-0.0318135,0.0342902147657095));
#8217=CARTESIAN_POINT('',(0.0102395238959644,-0.0318135,0.0345094799995423));
#8218=CARTESIAN_POINT('',(0.0102395238959644,-0.0318135,0.0345094799995423));
#8219=CARTESIAN_POINT('',(0.0102395238959644,-0.0321945,0.0345094799995423));
#8220=CARTESIAN_POINT('',(0.00994030625592244,-0.0318135,0.0344484114331585));
#8221=CARTESIAN_POINT('',(0.00994030625592244,-0.0321945,0.0344484114331585));
#8222=CARTESIAN_POINT('',(0.0095329667787307,-0.0318135,0.0343106721586286));
#8223=CARTESIAN_POINT('',(0.0095329667787307,-0.0321945,0.0343106721586286));
#8224=CARTESIAN_POINT('',(0.00903439175841357,-0.0318135,0.0338777914155536));
#8225=CARTESIAN_POINT('',(0.00903439175841357,-0.0321945,0.0338777914155536));
#8226=CARTESIAN_POINT('',(0.00862981970326248,-0.0318135,0.0334900863016208));
#8227=CARTESIAN_POINT('',(0.00862981970326248,-0.0321945,0.0334900863016208));
#8228=CARTESIAN_POINT('',(0.00822471917927716,-0.0318135,0.0330428879075091));
#8229=CARTESIAN_POINT('',(0.00822471917927716,-0.0321945,0.0330428879075091));
#8230=CARTESIAN_POINT('',(0.00786481607373953,-0.0318135,0.0325230973025643));
#8231=CARTESIAN_POINT('',(0.00786481607373953,-0.0321945,0.0325230973025643));
#8232=CARTESIAN_POINT('',(0.00758056270142268,-0.0318135,0.0320633468663804));
#8233=CARTESIAN_POINT('',(0.00758056270142268,-0.0321945,0.0320633468663804));
#8234=CARTESIAN_POINT('',(0.0074692197493136,-0.0318135,0.031935200928417));
#8235=CARTESIAN_POINT('',(0.0074692197493136,-0.0321945,0.031935200928417));
#8236=CARTESIAN_POINT('',(0.00740113385559074,-0.0318135,0.0318272934662543));
#8237=CARTESIAN_POINT('',(0.00740113385559074,-0.0321945,0.0318272934662543));
#8238=CARTESIAN_POINT('',(0.00740113385559074,-0.0320675,0.0318272934662543));
#8239=CARTESIAN_POINT('',(0.00740113385559074,-0.0320675,0.0318272934662543));
#8240=CARTESIAN_POINT('',(0.00740113385559074,-0.0318135,0.0318272934662543));
#8241=CARTESIAN_POINT('',(0.00740113385559074,-0.0318135,0.0318272934662543));
#8242=CARTESIAN_POINT('',(0.0102395238959644,-0.0318135,0.0345094799995423));
#8243=CARTESIAN_POINT('',(0.0100115482179506,-0.0318135,0.0344629515000036));
#8244=CARTESIAN_POINT('',(0.00956335429623977,-0.0318135,0.0343386373648467));
#8245=CARTESIAN_POINT('',(0.00892568223711461,-0.0318135,0.0337894031877914));
#8246=CARTESIAN_POINT('',(0.00813843512357704,-0.0318135,0.0329917390843483));
#8247=CARTESIAN_POINT('',(0.00761954167170058,-0.0318135,0.0321079334517308));
#8248=CARTESIAN_POINT('',(0.00746377352508081,-0.0318135,0.0319265693572766));
#8249=CARTESIAN_POINT('',(0.00740113385559074,-0.0318135,0.0318272934662543));
#8250=CARTESIAN_POINT('',(0.00740113385559074,-0.0318135,0.0318272934662543));
#8251=CARTESIAN_POINT('',(0.00740113385559074,-0.0320675,0.0318272934662543));
#8252=CARTESIAN_POINT('',(0.00730323458170215,-0.0318135,0.0316721355970504));
#8253=CARTESIAN_POINT('',(0.00730323458170215,-0.0320675,0.0316721355970504));
#8254=CARTESIAN_POINT('',(0.00715516666129161,-0.0318135,0.0313587048299175));
#8255=CARTESIAN_POINT('',(0.00715516666129161,-0.0320675,0.0313587048299175));
#8256=CARTESIAN_POINT('',(0.00699360583242873,-0.0318135,0.0309834232393734));
#8257=CARTESIAN_POINT('',(0.00699360583242873,-0.0320675,0.0309834232393734));
#8258=CARTESIAN_POINT('',(0.00740113385559074,-0.0320675,0.0318272934662543));
#8259=CARTESIAN_POINT('',(0.00737805094249459,-0.0320675,0.0317907099915384));
#8260=CARTESIAN_POINT('',(0.00727362653484597,-0.0320675,0.0316127828710254));
#8261=CARTESIAN_POINT('',(0.0071170734822081,-0.0320675,0.0312702200843517));
#8262=CARTESIAN_POINT('',(0.00699360583242873,-0.0320675,0.0309834232393734));
#8263=CARTESIAN_POINT('',(0.00699360583242864,-0.0320675,0.0309834232393732));
#8264=CARTESIAN_POINT('',(0.00699360583242864,-0.0318135,0.0309834232393732));
#8265=CARTESIAN_POINT('',(0.00699360583242864,-0.0318135,0.0309834232393732));
#8266=CARTESIAN_POINT('',(0.00740113385559074,-0.0318135,0.0318272934662543));
#8267=CARTESIAN_POINT('',(0.00737805094249459,-0.0318135,0.0317907099915384));
#8268=CARTESIAN_POINT('',(0.00727362653484597,-0.0318135,0.0316127828710254));
#8269=CARTESIAN_POINT('',(0.0071170734822081,-0.0318135,0.0312702200843517));
#8270=CARTESIAN_POINT('',(0.00699360583242873,-0.0318135,0.0309834232393734));
#8271=CARTESIAN_POINT('',(0.00699360583242873,-0.0318135,0.0309834232393734));
#8272=CARTESIAN_POINT('',(0.00699360583242873,-0.0321945,0.0309834232393734));
#8273=CARTESIAN_POINT('',(0.00687940816042431,-0.0318135,0.0307181591633726));
#8274=CARTESIAN_POINT('',(0.00687940816042431,-0.0321945,0.0307181591633726));
#8275=CARTESIAN_POINT('',(0.00664077002704983,-0.0318135,0.0301349530997571));
#8276=CARTESIAN_POINT('',(0.00664077002704983,-0.0321945,0.0301349530997571));
#8277=CARTESIAN_POINT('',(0.00641170531152732,-0.0318135,0.029528953327013));
#8278=CARTESIAN_POINT('',(0.00641170531152732,-0.0321945,0.029528953327013));
#8279=CARTESIAN_POINT('',(0.00630757845860268,-0.0318135,0.0291801475558889));
#8280=CARTESIAN_POINT('',(0.00630757845860268,-0.0321945,0.0291801475558889));
#8281=CARTESIAN_POINT('',(0.00613347344657885,-0.0318135,0.0285584376152998));
#8282=CARTESIAN_POINT('',(0.00613347344657885,-0.0321945,0.0285584376152998));
#8283=CARTESIAN_POINT('',(0.00591617067362865,-0.0318135,0.0277913150672586));
#8284=CARTESIAN_POINT('',(0.00591617067362865,-0.0321945,0.0277913150672586));
#8285=CARTESIAN_POINT('',(0.00570845829255264,-0.0318135,0.0271135713546572));
#8286=CARTESIAN_POINT('',(0.00570845829255264,-0.0321945,0.0271135713546572));
#8287=CARTESIAN_POINT('',(0.00553636028649229,-0.0318135,0.0265638629727395));
#8288=CARTESIAN_POINT('',(0.00553636028649229,-0.0321945,0.0265638629727395));
#8289=CARTESIAN_POINT('',(0.00544933350306553,-0.0318135,0.0261721176108384));
#8290=CARTESIAN_POINT('',(0.00544933350306553,-0.0321945,0.0261721176108384));
#8291=CARTESIAN_POINT('',(0.00541338784224446,-0.0318135,0.0259572684754095));
#8292=CARTESIAN_POINT('',(0.00541338784224446,-0.0321945,0.0259572684754095));
#8293=CARTESIAN_POINT('',(0.00541338784224446,-0.0320675,0.0259572684754095));
#8294=CARTESIAN_POINT('',(0.00541338784224446,-0.0320675,0.0259572684754095));
#8295=CARTESIAN_POINT('',(0.00541338784224446,-0.0318135,0.0259572684754095));
#8296=CARTESIAN_POINT('',(0.00541338784224446,-0.0318135,0.0259572684754095));
#8297=CARTESIAN_POINT('',(0.00699360583242873,-0.0318135,0.0309834232393734));
#8298=CARTESIAN_POINT('',(0.00681986834074956,-0.0318135,0.030579857086158));
#8299=CARTESIAN_POINT('',(0.00644350783929786,-0.0318135,0.0296393954570094));
#8300=CARTESIAN_POINT('',(0.00628708522921371,-0.0318135,0.0291154799407756));
#8301=CARTESIAN_POINT('',(0.00580666304923004,-0.0318135,0.0273801036042524));
#8302=CARTESIAN_POINT('',(0.00552557317610589,-0.0318135,0.0265656140434041));
#8303=CARTESIAN_POINT('',(0.00542895670432647,-0.0318135,0.0260503243959719));
#8304=CARTESIAN_POINT('',(0.00541338784224446,-0.0318135,0.0259572684754095));
#8305=CARTESIAN_POINT('',(0.00699360583242864,-0.0320675,0.0309834232393732));
#8306=CARTESIAN_POINT('',(0.0162670151692578,-0.0318135000000013,0.024223264515488));
#8307=CARTESIAN_POINT('',(0.0162670151692578,-0.0320675,0.024223264515488));
#8308=CARTESIAN_POINT('',(0.00530279093794684,-0.0320675,0.0250070141610908));
#8309=CARTESIAN_POINT('',(0.00530279093794684,-0.0318135,0.0250070141610908));
#8310=CARTESIAN_POINT('',(0.00530279093794684,-0.0318135,0.0250070141610908));
#8311=CARTESIAN_POINT('',(0.0162670151692578,-0.0318135,0.024223264515488));
#8312=CARTESIAN_POINT('',(0.0101942410692573,-0.0318135,0.0317737273871899));
#8313=CARTESIAN_POINT('',(0.0101942410692573,-0.0321945,0.0317737273871899));
#8314=CARTESIAN_POINT('',(0.0100294958443517,-0.0318135,0.031556279037974));
#8315=CARTESIAN_POINT('',(0.0100294958443517,-0.0321945,0.031556279037974));
#8316=CARTESIAN_POINT('',(0.00975967175994772,-0.0318135,0.031088624956451));
#8317=CARTESIAN_POINT('',(0.00975967175994772,-0.0321945,0.031088624956451));
#8318=CARTESIAN_POINT('',(0.00947103781710096,-0.0318135,0.0304881403758854));
#8319=CARTESIAN_POINT('',(0.00947103781710096,-0.0321945,0.0304881403758854));
#8320=CARTESIAN_POINT('',(0.00933665968477726,-0.0318135,0.0301825404167175));
#8321=CARTESIAN_POINT('',(0.00933665968477726,-0.0321945,0.0301825404167175));
#8322=CARTESIAN_POINT('',(0.0101942410692573,-0.0321945,0.0317737273871899));
#8323=CARTESIAN_POINT('',(0.0100409982296116,-0.0321945,0.0315714611149553));
#8324=CARTESIAN_POINT('',(0.00976883020935253,-0.0321945,0.0311077494071247));
#8325=CARTESIAN_POINT('',(0.00948041999524528,-0.0321945,0.03050947713067));
#8326=CARTESIAN_POINT('',(0.00933665968477726,-0.0321945,0.0301825404167175));
#8327=CARTESIAN_POINT('',(0.0101942410692573,-0.0321945,0.0317737273871899));
#8328=CARTESIAN_POINT('',(0.00933665968477726,-0.0321945,0.0301825404167175));
#8329=CARTESIAN_POINT('',(0.0101942410692573,-0.0318135,0.0317737273871899));
#8330=CARTESIAN_POINT('',(0.0101942410692573,-0.0318135,0.0317737273871899));
#8331=CARTESIAN_POINT('',(0.0101942410692573,-0.0318135,0.0317737273871899));
#8332=CARTESIAN_POINT('',(0.0100409982296116,-0.0318135,0.0315714611149553));
#8333=CARTESIAN_POINT('',(0.00976883020935253,-0.0318135,0.0311077494071247));
#8334=CARTESIAN_POINT('',(0.00948041999524528,-0.0318135,0.03050947713067));
#8335=CARTESIAN_POINT('',(0.00933665968477726,-0.0318135,0.0301825404167175));
#8336=CARTESIAN_POINT('',(0.00933665968477726,-0.0318135,0.0301825404167175));
#8337=CARTESIAN_POINT('',(0.00933665968477726,-0.0318135,0.0301825404167175));
#8338=CARTESIAN_POINT('',(0.00933665968477726,-0.0318135,0.0301825404167175));
#8339=CARTESIAN_POINT('',(0.00933665968477726,-0.0321945,0.0301825404167175));
#8340=CARTESIAN_POINT('',(0.00922880845822963,-0.0318135,0.0299454794892005));
#8341=CARTESIAN_POINT('',(0.00922880845822963,-0.0321945,0.0299454794892005));
#8342=CARTESIAN_POINT('',(0.00899591588992373,-0.0318135,0.0294548765822397));
#8343=CARTESIAN_POINT('',(0.00899591588992373,-0.0321945,0.0294548765822397));
#8344=CARTESIAN_POINT('',(0.00863975446342634,-0.0318135,0.0282183207631344));
#8345=CARTESIAN_POINT('',(0.00863975446342634,-0.0321945,0.0282183207631344));
#8346=CARTESIAN_POINT('',(0.00839456697813894,-0.0318135,0.0266440691211069));
#8347=CARTESIAN_POINT('',(0.00839456697813894,-0.0321945,0.0266440691211069));
#8348=CARTESIAN_POINT('',(0.00812659265173125,-0.0318135,0.0250356322929397));
#8349=CARTESIAN_POINT('',(0.00812659265173125,-0.0321945,0.0250356322929397));
#8350=CARTESIAN_POINT('',(0.00808253806072674,-0.0318135,0.0237473906102572));
#8351=CARTESIAN_POINT('',(0.00808253806072674,-0.0321945,0.0237473906102572));
#8352=CARTESIAN_POINT('',(0.00806779377928213,-0.0318135,0.0226061013711994));
#8353=CARTESIAN_POINT('',(0.00806779377928213,-0.0321945,0.0226061013711994));
#8354=CARTESIAN_POINT('',(0.00802560127149625,-0.0318135,0.0213252909499476));
#8355=CARTESIAN_POINT('',(0.00802560127149625,-0.0321945,0.0213252909499476));
#8356=CARTESIAN_POINT('',(0.00798093580414955,-0.0318135,0.0196025343100354));
#8357=CARTESIAN_POINT('',(0.00798093580414955,-0.0321945,0.0196025343100354));
#8358=CARTESIAN_POINT('',(0.0081221411772042,-0.0318135,0.0181837571056371));
#8359=CARTESIAN_POINT('',(0.0081221411772042,-0.0321945,0.0181837571056371));
#8360=CARTESIAN_POINT('',(0.00837311268124711,-0.0318135,0.0170126969105163));
#8361=CARTESIAN_POINT('',(0.00837311268124711,-0.0321945,0.0170126969105163));
#8362=CARTESIAN_POINT('',(0.00872579429188281,-0.0318135,0.0156951945984126));
#8363=CARTESIAN_POINT('',(0.00872579429188281,-0.0321945,0.0156951945984126));
#8364=CARTESIAN_POINT('',(0.00916453119001973,-0.0318135,0.0143317512453662));
#8365=CARTESIAN_POINT('',(0.00916453119001973,-0.0321945,0.0143317512453662));
#8366=CARTESIAN_POINT('',(0.00948512844316146,-0.0318135,0.0134813063696831));
#8367=CARTESIAN_POINT('',(0.00948512844316146,-0.0321945,0.0134813063696831));
#8368=CARTESIAN_POINT('',(0.00969884110358376,-0.0318135,0.0130404745613602));
#8369=CARTESIAN_POINT('',(0.00969884110358376,-0.0321945,0.0130404745613602));
#8370=CARTESIAN_POINT('',(0.00999665137140385,-0.0318135,0.0125496888800637));
#8371=CARTESIAN_POINT('',(0.00999665137140385,-0.0321945,0.0125496888800637));
#8372=CARTESIAN_POINT('',(0.0105050971230949,-0.0318135,0.0118670329709402));
#8373=CARTESIAN_POINT('',(0.0105050971230949,-0.0321945,0.0118670329709402));
#8374=CARTESIAN_POINT('',(0.0112567620878644,-0.0318135,0.0112424571169962));
#8375=CARTESIAN_POINT('',(0.0112567620878644,-0.0321945,0.0112424571169962));
#8376=CARTESIAN_POINT('',(0.0121851071558957,-0.0318135,0.0111270412993279));
#8377=CARTESIAN_POINT('',(0.0121851071558957,-0.0321945,0.0111270412993279));
#8378=CARTESIAN_POINT('',(0.01266607976182,-0.0318135,0.0110890061619849));
#8379=CARTESIAN_POINT('',(0.01266607976182,-0.0321945,0.0110890061619849));
#8380=CARTESIAN_POINT('',(0.0129901505743074,-0.0318135,0.0112003599256305));
#8381=CARTESIAN_POINT('',(0.0129901505743074,-0.0321945,0.0112003599256305));
#8382=CARTESIAN_POINT('',(0.0134255809727883,-0.0318135,0.0115746358224215));
#8383=CARTESIAN_POINT('',(0.0134255809727883,-0.0321945,0.0115746358224215));
#8384=CARTESIAN_POINT('',(0.0139690439670005,-0.0318135,0.0121756051923801));
#8385=CARTESIAN_POINT('',(0.0139690439670005,-0.0321945,0.0121756051923801));
#8386=CARTESIAN_POINT('',(0.0144746634375019,-0.0318135,0.0128201948788925));
#8387=CARTESIAN_POINT('',(0.0144746634375019,-0.0321945,0.0128201948788925));
#8388=CARTESIAN_POINT('',(0.0148379946192394,-0.0318135,0.0133741766678579));
#8389=CARTESIAN_POINT('',(0.0148379946192394,-0.0321945,0.0133741766678579));
#8390=CARTESIAN_POINT('',(0.0151119757668754,-0.0318135,0.0139515254908034));
#8391=CARTESIAN_POINT('',(0.0151119757668754,-0.0321945,0.0139515254908034));
#8392=CARTESIAN_POINT('',(0.0153483164538586,-0.0318135,0.0146761658912532));
#8393=CARTESIAN_POINT('',(0.0153483164538586,-0.0321945,0.0146761658912532));
#8394=CARTESIAN_POINT('',(0.0155532989367989,-0.0318135,0.0154634785077689));
#8395=CARTESIAN_POINT('',(0.0155532989367989,-0.0321945,0.0154634785077689));
#8396=CARTESIAN_POINT('',(0.0157229316877535,-0.0318135,0.016171255791073));
#8397=CARTESIAN_POINT('',(0.0157229316877535,-0.0321945,0.016171255791073));
#8398=CARTESIAN_POINT('',(0.015862932893421,-0.0318135,0.0167497284159802));
#8399=CARTESIAN_POINT('',(0.015862932893421,-0.0321945,0.0167497284159802));
#8400=CARTESIAN_POINT('',(0.0160463301680007,-0.0318135,0.0175591769803468));
#8401=CARTESIAN_POINT('',(0.0160463301680007,-0.0321945,0.0175591769803468));
#8402=CARTESIAN_POINT('',(0.0163039295323955,-0.0318135,0.0188682358500672));
#8403=CARTESIAN_POINT('',(0.0163039295323955,-0.0321945,0.0188682358500672));
#8404=CARTESIAN_POINT('',(0.016470172860038,-0.0318135,0.0209684970699997));
#8405=CARTESIAN_POINT('',(0.016470172860038,-0.0321945,0.0209684970699997));
#8406=CARTESIAN_POINT('',(0.0164331882653089,-0.0318135,0.0233874244710689));
#8407=CARTESIAN_POINT('',(0.0164331882653089,-0.0321945,0.0233874244710689));
#8408=CARTESIAN_POINT('',(0.0161395638834304,-0.0318135,0.0258424440285628));
#8409=CARTESIAN_POINT('',(0.0161395638834304,-0.0321945,0.0258424440285628));
#8410=CARTESIAN_POINT('',(0.0157696363475584,-0.0318135,0.0278836388536338));
#8411=CARTESIAN_POINT('',(0.0157696363475584,-0.0321945,0.0278836388536338));
#8412=CARTESIAN_POINT('',(0.0155023628872626,-0.0318135,0.0290871602142787));
#8413=CARTESIAN_POINT('',(0.0155023628872626,-0.0321945,0.0290871602142787));
#8414=CARTESIAN_POINT('',(0.0150532398273138,-0.0318135,0.0304763423089477));
#8415=CARTESIAN_POINT('',(0.0150532398273138,-0.0321945,0.0304763423089477));
#8416=CARTESIAN_POINT('',(0.0144500535477871,-0.0318135,0.031539212665481));
#8417=CARTESIAN_POINT('',(0.0144500535477871,-0.0321945,0.031539212665481));
#8418=CARTESIAN_POINT('',(0.0138389719368426,-0.0318135,0.0321905356581202));
#8419=CARTESIAN_POINT('',(0.0138389719368426,-0.0321945,0.0321905356581202));
#8420=CARTESIAN_POINT('',(0.0131855774086369,-0.0318135,0.0326639895828526));
#8421=CARTESIAN_POINT('',(0.0131855774086369,-0.0321945,0.0326639895828526));
#8422=CARTESIAN_POINT('',(0.0126677471085919,-0.0318135,0.0329214687426881));
#8423=CARTESIAN_POINT('',(0.0126677471085919,-0.0321945,0.0329214687426881));
#8424=CARTESIAN_POINT('',(0.0123256054122959,-0.0318135,0.0329715992072822));
#8425=CARTESIAN_POINT('',(0.0123256054122959,-0.0321945,0.0329715992072822));
#8426=CARTESIAN_POINT('',(0.0117829464403714,-0.0318135,0.0329198035566133));
#8427=CARTESIAN_POINT('',(0.0117829464403714,-0.0321945,0.0329198035566133));
#8428=CARTESIAN_POINT('',(0.0108663655191872,-0.0318135,0.0326350320177802));
#8429=CARTESIAN_POINT('',(0.0108663655191872,-0.0321945,0.0326350320177802));
#8430=CARTESIAN_POINT('',(0.0103909862609711,-0.0318135,0.0320760482618395));
#8431=CARTESIAN_POINT('',(0.0103909862609711,-0.0321945,0.0320760482618395));
#8432=CARTESIAN_POINT('',(0.0101942410692573,-0.0318135,0.0317737273871899));
#8433=CARTESIAN_POINT('',(0.0101942410692573,-0.0321945,0.0317737273871899));
#8434=CARTESIAN_POINT('',(0.00933665968477726,-0.0321945,0.0301825404167175));
#8435=CARTESIAN_POINT('',(0.00926281396543362,-0.0321945,0.0300202248336579));
#8436=CARTESIAN_POINT('',(0.00908974467218083,-0.0321945,0.0296398122087465));
#8437=CARTESIAN_POINT('',(0.00872204956979339,-0.0321945,0.028649327805071));
#8438=CARTESIAN_POINT('',(0.00843202490448978,-0.0321945,0.026872361471944));
#8439=CARTESIAN_POINT('',(0.0080738717892947,-0.0321945,0.0247661774784325));
#8440=CARTESIAN_POINT('',(0.00808950488062949,-0.0321945,0.0225644565970127));
#8441=CARTESIAN_POINT('',(0.00792807595820564,-0.0321945,0.0193601316410763));
#8442=CARTESIAN_POINT('',(0.0083347431090927,-0.0321945,0.0169023282401079));
#8443=CARTESIAN_POINT('',(0.0092971737727327,-0.0321945,0.0138862584869613));
#8444=CARTESIAN_POINT('',(0.00973415779997782,-0.0321945,0.0129348128969069));
#8445=CARTESIAN_POINT('',(0.0104496345002338,-0.0321945,0.0118845412064611));
#8446=CARTESIAN_POINT('',(0.0113049669253566,-0.0321945,0.0112461880429331));
#8447=CARTESIAN_POINT('',(0.0121947861534904,-0.0321945,0.0111293346659386));
#8448=CARTESIAN_POINT('',(0.0127118043733282,-0.0321945,0.0110758773812816));
#8449=CARTESIAN_POINT('',(0.0132648458630594,-0.0321945,0.0113495137853452));
#8450=CARTESIAN_POINT('',(0.0145158593362767,-0.0321945,0.0128003508896125));
#8451=CARTESIAN_POINT('',(0.015201301698405,-0.0321945,0.0140055377821442));
#8452=CARTESIAN_POINT('',(0.0156746819953889,-0.0321945,0.0159751845220716));
#8453=CARTESIAN_POINT('',(0.0159869918113155,-0.0321945,0.0172528266605163));
#8454=CARTESIAN_POINT('',(0.0164404936348217,-0.0321945,0.0195280913067243));
#8455=CARTESIAN_POINT('',(0.016516415374174,-0.0321945,0.0236247025455668));
#8456=CARTESIAN_POINT('',(0.0158333826017056,-0.0321945,0.0276065695749751));
#8457=CARTESIAN_POINT('',(0.0154519257780566,-0.0321945,0.0293362933801338));
#8458=CARTESIAN_POINT('',(0.0145841938442575,-0.0321945,0.0317359933945185));
#8459=CARTESIAN_POINT('',(0.0129048783315477,-0.0321945,0.0328731198029259));
#8460=CARTESIAN_POINT('',(0.012314609057652,-0.0321945,0.0329857513471596));
#8461=CARTESIAN_POINT('',(0.0116652967319072,-0.0321945,0.032894537759579));
#8462=CARTESIAN_POINT('',(0.0107659025777912,-0.0321945,0.0325460411521087));
#8463=CARTESIAN_POINT('',(0.0103685422461735,-0.0321945,0.032041560536243));
#8464=CARTESIAN_POINT('',(0.0101942410692573,-0.0321945,0.0317737273871899));
#8465=CARTESIAN_POINT('',(0.00933665968477726,-0.0318135,0.0301825404167175));
#8466=CARTESIAN_POINT('',(0.00926281396543362,-0.0318135,0.0300202248336579));
#8467=CARTESIAN_POINT('',(0.00908974467218083,-0.0318135,0.0296398122087465));
#8468=CARTESIAN_POINT('',(0.00872204956979339,-0.0318135,0.028649327805071));
#8469=CARTESIAN_POINT('',(0.00843202490448978,-0.0318135,0.026872361471944));
#8470=CARTESIAN_POINT('',(0.0080738717892947,-0.0318135,0.0247661774784325));
#8471=CARTESIAN_POINT('',(0.00808950488062949,-0.0318135,0.0225644565970127));
#8472=CARTESIAN_POINT('',(0.00792807595820564,-0.0318135,0.0193601316410763));
#8473=CARTESIAN_POINT('',(0.0083347431090927,-0.0318135,0.0169023282401079));
#8474=CARTESIAN_POINT('',(0.0092971737727327,-0.0318135,0.0138862584869613));
#8475=CARTESIAN_POINT('',(0.00973415779997782,-0.0318135,0.0129348128969069));
#8476=CARTESIAN_POINT('',(0.0104496345002338,-0.0318135,0.0118845412064611));
#8477=CARTESIAN_POINT('',(0.0113049669253566,-0.0318135,0.0112461880429331));
#8478=CARTESIAN_POINT('',(0.0121947861534904,-0.0318135,0.0111293346659386));
#8479=CARTESIAN_POINT('',(0.0127118043733282,-0.0318135,0.0110758773812816));
#8480=CARTESIAN_POINT('',(0.0132648458630594,-0.0318135,0.0113495137853452));
#8481=CARTESIAN_POINT('',(0.0145158593362767,-0.0318135,0.0128003508896125));
#8482=CARTESIAN_POINT('',(0.015201301698405,-0.0318135,0.0140055377821442));
#8483=CARTESIAN_POINT('',(0.0156746819953889,-0.0318135,0.0159751845220716));
#8484=CARTESIAN_POINT('',(0.0159869918113155,-0.0318135,0.0172528266605163));
#8485=CARTESIAN_POINT('',(0.0164404936348217,-0.0318135,0.0195280913067243));
#8486=CARTESIAN_POINT('',(0.016516415374174,-0.0318135,0.0236247025455668));
#8487=CARTESIAN_POINT('',(0.0158333826017056,-0.0318135,0.0276065695749751));
#8488=CARTESIAN_POINT('',(0.0154519257780566,-0.0318135,0.0293362933801338));
#8489=CARTESIAN_POINT('',(0.0145841938442575,-0.0318135,0.0317359933945185));
#8490=CARTESIAN_POINT('',(0.0129048783315477,-0.0318135,0.0328731198029259));
#8491=CARTESIAN_POINT('',(0.012314609057652,-0.0318135,0.0329857513471596));
#8492=CARTESIAN_POINT('',(0.0116652967319072,-0.0318135,0.032894537759579));
#8493=CARTESIAN_POINT('',(0.0107659025777912,-0.0318135,0.0325460411521087));
#8494=CARTESIAN_POINT('',(0.0103685422461735,-0.0318135,0.032041560536243));
#8495=CARTESIAN_POINT('',(0.0101942410692573,-0.0318135,0.0317737273871899));
#8496=CARTESIAN_POINT('',(0.00530279093787818,-0.0318135,0.0250070141602068));
#8497=CARTESIAN_POINT('',(0.00530279093787818,-0.0321945,0.0250070141602068));
#8498=CARTESIAN_POINT('',(0.00523164267303905,-0.0318135,0.0240910803375957));
#8499=CARTESIAN_POINT('',(0.00523164267303905,-0.0321945,0.0240910803375957));
#8500=CARTESIAN_POINT('',(0.00521625007562414,-0.0318135,0.0222976621859887));
#8501=CARTESIAN_POINT('',(0.00521625007562414,-0.0321945,0.0222976621859887));
#8502=CARTESIAN_POINT('',(0.00518239619412074,-0.0318135,0.0206660677155513));
#8503=CARTESIAN_POINT('',(0.00518239619412074,-0.0321945,0.0206660677155513));
#8504=CARTESIAN_POINT('',(0.00527917454633485,-0.0318135,0.0196454476143982));
#8505=CARTESIAN_POINT('',(0.00527917454633485,-0.0321945,0.0196454476143982));
#8506=CARTESIAN_POINT('',(0.00535986990556134,-0.0318135,0.0190673955192443));
#8507=CARTESIAN_POINT('',(0.00535986990556134,-0.0321945,0.0190673955192443));
#8508=CARTESIAN_POINT('',(0.00535986990556137,-0.0320675,0.0190673955192441));
#8509=CARTESIAN_POINT('',(0.00530279093787818,-0.0318135,0.0250070141602068));
#8510=CARTESIAN_POINT('',(0.00529013580973683,-0.0318135,0.0248440971878766));
#8511=CARTESIAN_POINT('',(0.00523012111911394,-0.0318135,0.0238957548440091));
#8512=CARTESIAN_POINT('',(0.00520946545280925,-0.0318135,0.0219077856657394));
#8513=CARTESIAN_POINT('',(0.0051814693507055,-0.0318135,0.0205083866520121));
#8514=CARTESIAN_POINT('',(0.00531417084844212,-0.0318135,0.0193947555554042));
#8515=CARTESIAN_POINT('',(0.00535986990556134,-0.0318135,0.0190673955192443));
#8516=CARTESIAN_POINT('',(0.00530279093794684,-0.0320675,0.0250070141610908));
#8517=CARTESIAN_POINT('',(-0.00221458555665963,-0.0318135,0.0265190097));
#8518=CARTESIAN_POINT('',(0.00983363855630159,-0.0318135,0.0337148830294609));
#8519=CARTESIAN_POINT('',(0.00983363855630159,-0.0318135,0.0333042402964923));
#8520=CARTESIAN_POINT('',(0.00719836447387934,-0.0318135,0.0291455201804638));
#8521=CARTESIAN_POINT('',(0.00719836447387934,-0.0318135,0.0286397206326735));
#8522=CARTESIAN_POINT('',(0.00609484268352389,-0.0318135,0.0220195446163416));
#8523=CARTESIAN_POINT('',(0.00609484268352389,-0.0318135,0.0215257319730645));
#8524=CARTESIAN_POINT('',(0.007161068264395,-0.0318135,0.0149153079837561));
#8525=CARTESIAN_POINT('',(0.007161068264395,-0.0318135,0.0143791800287431));
#8526=CARTESIAN_POINT('',(0.0098545690998435,-0.0318135,0.0104198530316353));
#8527=CARTESIAN_POINT('',(0.0098545690998435,-0.0318135,0.0100585587280042));
#8528=CARTESIAN_POINT('',(-0.00221458555665963,-0.0315595,0.0265190097));
#8529=CARTESIAN_POINT('',(0.00983363855630159,-0.0315595,0.0337148830294609));
#8530=CARTESIAN_POINT('',(0.00983363855630159,-0.0315595,0.0333042402964923));
#8531=CARTESIAN_POINT('',(0.00983363855630159,-0.0315595,0.0337148830294609));
#8532=CARTESIAN_POINT('',(0.0132746851796118,-0.0318134999999988,0.0268588455717788));
#8533=CARTESIAN_POINT('',(0.0132746851796118,-0.0320675,0.0268588455717788));
#8534=CARTESIAN_POINT('',(0.00203640794109456,-0.0320675,0.0324781888976244));
#8535=CARTESIAN_POINT('',(0.00160593401966681,-0.0320675,0.0315151074336594));
#8536=CARTESIAN_POINT('',(0.00203640794109456,-0.0318135,0.0324781888976244));
#8537=CARTESIAN_POINT('',(0.00203640794109457,-0.0318135,0.0324781888976244));
#8538=CARTESIAN_POINT('',(0.0132746851796118,-0.0318135,0.0268588455717788));
#8539=CARTESIAN_POINT('',(0.00160593401966681,-0.0318135,0.0315151074336594));
#8540=CARTESIAN_POINT('',(0.00160593401966681,-0.0318135,0.0315151074336594));
#8541=CARTESIAN_POINT('',(0.00719442199493308,-0.0318135000000007,0.0288716155836513));
#8542=CARTESIAN_POINT('',(0.00719442199493308,-0.0320675,0.0288716155836513));
#8543=CARTESIAN_POINT('',(-0.000647169980049708,-0.0320675,0.0315820843247787));
#8544=CARTESIAN_POINT('',(-0.000205104903799357,-0.0320675,0.0326228872073215));
#8545=CARTESIAN_POINT('',(-0.000647169980049708,-0.0318135,0.0315820843247787));
#8546=CARTESIAN_POINT('',(-0.000647169980049708,-0.0318135,0.0315820843247787));
#8547=CARTESIAN_POINT('',(0.00719442199493308,-0.0318135,0.0288716155836513));
#8548=CARTESIAN_POINT('',(-0.000205104903799357,-0.0318135,0.0326228872073215));
#8549=CARTESIAN_POINT('',(-0.000205104903799357,-0.0318135,0.0326228872073215));
#8550=CARTESIAN_POINT('',(-0.00187375959415453,-0.0318135,0.0261597045273902));
#8551=CARTESIAN_POINT('',(-0.00187375959415453,-0.0321945,0.0261597045273902));
#8552=CARTESIAN_POINT('',(-0.00182000957601107,-0.0318135,0.0265304127638779));
#8553=CARTESIAN_POINT('',(-0.00182000957601107,-0.0321945,0.0265304127638779));
#8554=CARTESIAN_POINT('',(-0.00168901029942998,-0.0318135,0.0272904454718325));
#8555=CARTESIAN_POINT('',(-0.00168901029942998,-0.0321945,0.0272904454718325));
#8556=CARTESIAN_POINT('',(-0.00140546589085402,-0.0318135,0.0287389266562494));
#8557=CARTESIAN_POINT('',(-0.00140546589085402,-0.0321945,0.0287389266562494));
#8558=CARTESIAN_POINT('',(-0.00105308851026702,-0.0318135,0.0302717055215561));
#8559=CARTESIAN_POINT('',(-0.00105308851026702,-0.0321945,0.0302717055215561));
#8560=CARTESIAN_POINT('',(-0.000786313526697952,-0.0318135,0.031186391717788));
#8561=CARTESIAN_POINT('',(-0.000786313526697952,-0.0321945,0.031186391717788));
#8562=CARTESIAN_POINT('',(-0.000647169980049708,-0.0318135,0.0315820843247788));
#8563=CARTESIAN_POINT('',(-0.000647169980049708,-0.0321945,0.0315820843247788));
#8564=CARTESIAN_POINT('',(-0.00187375959415386,-0.0320675,0.0261597045273934));
#8565=CARTESIAN_POINT('',(-0.00187375959415386,-0.0320675,0.0261597045273934));
#8566=CARTESIAN_POINT('',(-0.00187375959415386,-0.0318135,0.0261597045273934));
#8567=CARTESIAN_POINT('',(-0.00187375959415386,-0.0318135,0.0261597045273934));
#8568=CARTESIAN_POINT('',(-0.00187375959415453,-0.0318135,0.0261597045273901));
#8569=CARTESIAN_POINT('',(-0.00181820181041615,-0.0318135,0.0265428807335423));
#8570=CARTESIAN_POINT('',(-0.0015654816043362,-0.0318135,0.0280031035073992));
#8571=CARTESIAN_POINT('',(-0.00107925512556699,-0.0318135,0.0303161582351768));
#8572=CARTESIAN_POINT('',(-0.000670453261670524,-0.0318135,0.0315158719662054));
#8573=CARTESIAN_POINT('',(-0.000647169980049708,-0.0318135,0.0315820843247787));
#8574=CARTESIAN_POINT('',(-0.000647169980049708,-0.0320675,0.0315820843247787));
#8575=CARTESIAN_POINT('',(0.0163012851086063,-0.0318135,0.023509943927617));
#8576=CARTESIAN_POINT('',(0.0163012851086063,-0.0320675,0.023509943927617));
#8577=CARTESIAN_POINT('',(-0.00199486514832466,-0.0320675,0.0251232391978811));
#8578=CARTESIAN_POINT('',(-0.00199486287183867,-0.0318135,0.0251232389971479));
#8579=CARTESIAN_POINT('',(-0.00199486514832466,-0.0318135,0.0251232391978811));
#8580=CARTESIAN_POINT('',(0.0163012851086063,-0.0318135,0.023509943927617));
#8581=CARTESIAN_POINT('',(-0.0020697592474974,-0.0318135,0.0189423658993255));
#8582=CARTESIAN_POINT('',(-0.0020697592474974,-0.0321945,0.0189423658993255));
#8583=CARTESIAN_POINT('',(-0.00210499366440165,-0.0318135,0.0193966894482507));
#8584=CARTESIAN_POINT('',(-0.00210499366440165,-0.0321945,0.0193966894482507));
#8585=CARTESIAN_POINT('',(-0.00213032878273303,-0.0318135,0.0203418935968039));
#8586=CARTESIAN_POINT('',(-0.00213032878273303,-0.0321945,0.0203418935968039));
#8587=CARTESIAN_POINT('',(-0.002115325295918,-0.0318135,0.0224723516904622));
#8588=CARTESIAN_POINT('',(-0.002115325295918,-0.0321945,0.0224723516904622));
#8589=CARTESIAN_POINT('',(-0.00207599916945416,-0.0318135,0.0242047230942538));
#8590=CARTESIAN_POINT('',(-0.00207599916945416,-0.0321945,0.0242047230942538));
#8591=CARTESIAN_POINT('',(-0.00199486287183799,-0.0318135,0.0251232389971545));
#8592=CARTESIAN_POINT('',(-0.00199486287183799,-0.0321945,0.0251232389971545));
#8593=CARTESIAN_POINT('',(-0.0020697592474974,-0.0320675,0.0189423658993255));
#8594=CARTESIAN_POINT('',(-0.0020697592474974,-0.0320675,0.0189423658993255));
#8595=CARTESIAN_POINT('',(-0.0020697592474974,-0.0318135,0.0189423658993255));
#8596=CARTESIAN_POINT('',(-0.0020697592474974,-0.0318135,0.0189423658993255));
#8597=CARTESIAN_POINT('',(-0.0020697592474974,-0.0318135,0.0189423658993255));
#8598=CARTESIAN_POINT('',(-0.00212578278002135,-0.0318135,0.0196647507819468));
#8599=CARTESIAN_POINT('',(-0.00212739164575048,-0.0318135,0.0214998606711569));
#8600=CARTESIAN_POINT('',(-0.00209463400608077,-0.0318135,0.0238904937361968));
#8601=CARTESIAN_POINT('',(-0.00200412070357849,-0.0318135,0.02501843429285));
#8602=CARTESIAN_POINT('',(-0.00199486287183799,-0.0318135,0.0251232389971545));
#8603=CARTESIAN_POINT('',(-0.00199486287183867,-0.0320675,0.0251232389971479));
#8604=CARTESIAN_POINT('',(0.00904173545262122,-0.031813499999999,0.0197821700993915));
#8605=CARTESIAN_POINT('',(0.00904173545262122,-0.0320675,0.0197821700993915));
#8606=CARTESIAN_POINT('',(-0.00194906486999909,-0.0320675,0.017945775520904));
#8607=CARTESIAN_POINT('',(-0.00194906486999909,-0.0318135,0.017945775520904));
#8608=CARTESIAN_POINT('',(-0.00194906486999909,-0.0318135,0.017945775520904));
#8609=CARTESIAN_POINT('',(0.00904173545262122,-0.0318135,0.0197821700993915));
#8610=CARTESIAN_POINT('',(-0.000455358012445316,-0.0318135,0.0124392251685873));
#8611=CARTESIAN_POINT('',(-0.000455358012445316,-0.0321945,0.0124392251685873));
#8612=CARTESIAN_POINT('',(-0.000589127078309325,-0.0318135,0.0128074765031404));
#8613=CARTESIAN_POINT('',(-0.000589127078309325,-0.0321945,0.0128074765031404));
#8614=CARTESIAN_POINT('',(-0.000791169602767715,-0.0318135,0.01333955136995));
#8615=CARTESIAN_POINT('',(-0.000791169602767715,-0.0321945,0.01333955136995));
#8616=CARTESIAN_POINT('',(-0.00107540474366897,-0.0318135,0.0142256979884736));
#8617=CARTESIAN_POINT('',(-0.00107540474366897,-0.0321945,0.0142256979884736));
#8618=CARTESIAN_POINT('',(-0.00128666349114066,-0.0318135,0.0149839256389782));
#8619=CARTESIAN_POINT('',(-0.00128666349114066,-0.0321945,0.0149839256389782));
#8620=CARTESIAN_POINT('',(-0.00146018414591859,-0.0318135,0.015672665753963));
#8621=CARTESIAN_POINT('',(-0.00146018414591859,-0.0321945,0.015672665753963));
#8622=CARTESIAN_POINT('',(-0.00160075026675857,-0.0318135,0.0162930544238444));
#8623=CARTESIAN_POINT('',(-0.00160075026675857,-0.0321945,0.0162930544238444));
#8624=CARTESIAN_POINT('',(-0.00177686219041202,-0.0318135,0.0170462475599392));
#8625=CARTESIAN_POINT('',(-0.00177686219041202,-0.0321945,0.0170462475599392));
#8626=CARTESIAN_POINT('',(-0.00189806185321257,-0.0318135,0.0176374511248651));
#8627=CARTESIAN_POINT('',(-0.00189806185321257,-0.0321945,0.0176374511248651));
#8628=CARTESIAN_POINT('',(-0.00194906487683288,-0.0318135,0.0179457755293136));
#8629=CARTESIAN_POINT('',(-0.00194906487683288,-0.0321945,0.0179457755293136));
#8630=CARTESIAN_POINT('',(-0.000455358012445316,-0.0320675,0.0124392251685873));
#8631=CARTESIAN_POINT('',(-0.000455358012445316,-0.0320675,0.0124392251685873));
#8632=CARTESIAN_POINT('',(-0.000455358012445316,-0.0318135,0.0124392251685873));
#8633=CARTESIAN_POINT('',(-0.000455358012445316,-0.0318135,0.0124392251685873));
#8634=CARTESIAN_POINT('',(-0.000455358012445316,-0.0318135,0.0124392251685873));
#8635=CARTESIAN_POINT('',(-0.000522404969158496,-0.0318135,0.0126237979704371));
#8636=CARTESIAN_POINT('',(-0.000699012223771767,-0.0318135,0.0131038435034783));
#8637=CARTESIAN_POINT('',(-0.00101577361947415,-0.0318135,0.0139921978862996));
#8638=CARTESIAN_POINT('',(-0.00139780458537959,-0.0318135,0.0153865521078199));
#8639=CARTESIAN_POINT('',(-0.00163183168601494,-0.0318135,0.0164342626793721));
#8640=CARTESIAN_POINT('',(-0.00186191861964484,-0.0318135,0.0174189573930508));
#8641=CARTESIAN_POINT('',(-0.00194906487683288,-0.0318135,0.0179457755293136));
#8642=CARTESIAN_POINT('',(-0.00194906486999909,-0.0320675,0.017945775520904));
#8643=CARTESIAN_POINT('',(0.200488191314632,-0.0318135,0.0837328610552202));
#8644=CARTESIAN_POINT('',(0.200488191314632,-0.0320675,0.0837328610552202));
#8645=CARTESIAN_POINT('',(-9.58173053122163E-5,-0.0320675,0.0114385041668942));
#8646=CARTESIAN_POINT('',(-9.58173053122163E-5,-0.0318135,0.0114385041668942));
#8647=CARTESIAN_POINT('',(-9.58173053122163E-5,-0.0318135,0.0114385041668942));
#8648=CARTESIAN_POINT('',(0.200488191314632,-0.0318135,0.0837328610552202));
#8649=CARTESIAN_POINT('',(0.00410220800366836,-0.0318135,0.00849157287650639));
#8650=CARTESIAN_POINT('',(0.00410220800366836,-0.0321945,0.00849157287650639));
#8651=CARTESIAN_POINT('',(0.00405773149862731,-0.0318135,0.00849395019444011));
#8652=CARTESIAN_POINT('',(0.00405773149862731,-0.0321945,0.00849395019444011));
#8653=CARTESIAN_POINT('',(0.00399805924862994,-0.0318135,0.00849421805906965));
#8654=CARTESIAN_POINT('',(0.00399805924862994,-0.0321945,0.00849421805906965));
#8655=CARTESIAN_POINT('',(0.00368555977174309,-0.0318135,0.0083823435371552));
#8656=CARTESIAN_POINT('',(0.00368555977174309,-0.0321945,0.0083823435371552));
#8657=CARTESIAN_POINT('',(0.00305051620134179,-0.0318135,0.00825922960227245));
#8658=CARTESIAN_POINT('',(0.00305051620134179,-0.0321945,0.00825922960227245));
#8659=CARTESIAN_POINT('',(0.00242093682404329,-0.0318135,0.00826429231664093));
#8660=CARTESIAN_POINT('',(0.00242093682404329,-0.0321945,0.00826429231664093));
#8661=CARTESIAN_POINT('',(0.00209152029265442,-0.0318135,0.00837226845825969));
#8662=CARTESIAN_POINT('',(0.00209152029265442,-0.0321945,0.00837226845825969));
#8663=CARTESIAN_POINT('',(0.00189229769459717,-0.0318135,0.0085689981653275));
#8664=CARTESIAN_POINT('',(0.00189229769459717,-0.0321945,0.0085689981653275));
#8665=CARTESIAN_POINT('',(0.00165823349525975,-0.0318135,0.00886102714506599));
#8666=CARTESIAN_POINT('',(0.00165823349525975,-0.0321945,0.00886102714506599));
#8667=CARTESIAN_POINT('',(0.0012964889450718,-0.0318135,0.00926548088216702));
#8668=CARTESIAN_POINT('',(0.0012964889450718,-0.0321945,0.00926548088216702));
#8669=CARTESIAN_POINT('',(0.000654269474409722,-0.0318135,0.00989665437438873));
#8670=CARTESIAN_POINT('',(0.000654269474409722,-0.0321945,0.00989665437438873));
#8671=CARTESIAN_POINT('',(0.000199994333406732,-0.0318135,0.0106608850595935));
#8672=CARTESIAN_POINT('',(0.000199994333406732,-0.0321945,0.0106608850595935));
#8673=CARTESIAN_POINT('',(-2.45854817409218E-6,-0.0318135,0.0111882229657558));
#8674=CARTESIAN_POINT('',(-2.45854817409218E-6,-0.0321945,0.0111882229657558));
#8675=CARTESIAN_POINT('',(-9.58173085580869E-5,-0.0318135,0.0114385041734827));
#8676=CARTESIAN_POINT('',(-9.58173085580869E-5,-0.0321945,0.0114385041734827));
#8677=CARTESIAN_POINT('',(0.00410220800366836,-0.0318135,0.00849157287650639));
#8678=CARTESIAN_POINT('',(0.00410220800366836,-0.0318135,0.00849157287650639));
#8679=CARTESIAN_POINT('',(0.00410220800366836,-0.0318135,0.00849157287650639));
#8680=CARTESIAN_POINT('',(0.00407167569323756,-0.0318135,0.00849320486195754));
#8681=CARTESIAN_POINT('',(0.00399938991456997,-0.0318135,0.00850089698779467));
#8682=CARTESIAN_POINT('',(0.00357033505839049,-0.0318135,0.00832584129498707));
#8683=CARTESIAN_POINT('',(0.00223896441282354,-0.0318135,0.00817004984374416));
#8684=CARTESIAN_POINT('',(0.0018167794134703,-0.0318135,0.00866187136060543));
#8685=CARTESIAN_POINT('',(0.0013834405291917,-0.0318135,0.00919192097017439));
#8686=CARTESIAN_POINT('',(0.000496082129573525,-0.0318135,0.0100261941943835));
#8687=CARTESIAN_POINT('',(0.000108679659991173,-0.0318135,0.0109004432983037));
#8688=CARTESIAN_POINT('',(-6.50664965252007E-5,-0.0318135,0.0113560657355416));
#8689=CARTESIAN_POINT('',(-9.58173085580869E-5,-0.0318135,0.0114385041734827));
#8690=CARTESIAN_POINT('',(-9.58173053122163E-5,-0.0320675,0.0114385041668942));
#8691=CARTESIAN_POINT('',(0.00211702322471897,-0.0318135,0.0114990910572121));
#8692=CARTESIAN_POINT('',(0.00211702322471897,-0.0321945,0.0114990910572121));
#8693=CARTESIAN_POINT('',(0.00228906430753674,-0.0318135,0.0111127519265431));
#8694=CARTESIAN_POINT('',(0.00228906430753674,-0.0321945,0.0111127519265431));
#8695=CARTESIAN_POINT('',(0.00263266295240864,-0.0318135,0.0104243392871504));
#8696=CARTESIAN_POINT('',(0.00263266295240864,-0.0321945,0.0104243392871504));
#8697=CARTESIAN_POINT('',(0.00315675230583476,-0.0318135,0.00951143665150769));
#8698=CARTESIAN_POINT('',(0.00315675230583476,-0.0321945,0.00951143665150769));
#8699=CARTESIAN_POINT('',(0.00367634852002039,-0.0318135,0.00867984671849185));
#8700=CARTESIAN_POINT('',(0.00367634852002039,-0.0321945,0.00867984671849185));
#8701=CARTESIAN_POINT('',(0.00399108231751268,-0.0318135,0.00850072804235411));
#8702=CARTESIAN_POINT('',(0.00399108231751268,-0.0321945,0.00850072804235411));
#8703=CARTESIAN_POINT('',(0.00410220810400574,-0.0318135,0.0084915728686504));
#8704=CARTESIAN_POINT('',(0.00410220810400574,-0.0321945,0.0084915728686504));
#8705=CARTESIAN_POINT('',(0.00211702322471896,-0.0320675,0.0114990910572121));
#8706=CARTESIAN_POINT('',(0.00211702322471896,-0.0320675,0.0114990910572121));
#8707=CARTESIAN_POINT('',(0.00211702322471896,-0.0318135,0.0114990910572121));
#8708=CARTESIAN_POINT('',(0.00211702322471896,-0.0318135,0.0114990910572121));
#8709=CARTESIAN_POINT('',(0.00211702322471896,-0.0318135,0.0114990910572121));
#8710=CARTESIAN_POINT('',(0.0024246121177069,-0.0318135,0.0108083628684906));
#8711=CARTESIAN_POINT('',(0.00299296702586263,-0.0318135,0.00977431693265703));
#8712=CARTESIAN_POINT('',(0.00370019351038058,-0.0318135,0.00862607227468428));
#8713=CARTESIAN_POINT('',(0.00402453907404499,-0.0318135,0.00849797168465098));
#8714=CARTESIAN_POINT('',(0.00410220810400574,-0.0318135,0.0084915728686504));
#8715=CARTESIAN_POINT('',(0.0193902794001752,-0.0318134999999978,0.019143253949348));
#8716=CARTESIAN_POINT('',(0.0193902794001752,-0.0320675,0.019143253949348));
#8717=CARTESIAN_POINT('',(0.00170115295902186,-0.0320675,0.0125170047598809));
#8718=CARTESIAN_POINT('',(0.00170115295902186,-0.0318135,0.0125170047598809));
#8719=CARTESIAN_POINT('',(0.00170115295902186,-0.0318135,0.0125170047598809));
#8720=CARTESIAN_POINT('',(0.0193902794001752,-0.0318135,0.019143253949348));
#8721=CARTESIAN_POINT('',(0.000441934708312497,-0.0318135,0.0179793608156095));
#8722=CARTESIAN_POINT('',(0.000441934708312497,-0.0321945,0.0179793608156095));
#8723=CARTESIAN_POINT('',(0.000506257382655722,-0.0318135,0.0174971967065591));
#8724=CARTESIAN_POINT('',(0.000506257382655722,-0.0321945,0.0174971967065591));
#8725=CARTESIAN_POINT('',(0.000622790657866947,-0.0318135,0.0166082340503784));
#8726=CARTESIAN_POINT('',(0.000622790657866947,-0.0321945,0.0166082340503784));
#8727=CARTESIAN_POINT('',(0.000809663003239736,-0.0318135,0.0154188917675587));
#8728=CARTESIAN_POINT('',(0.000809663003239736,-0.0321945,0.0154188917675587));
#8729=CARTESIAN_POINT('',(0.00117368189347005,-0.0318135,0.0140157834149531));
#8730=CARTESIAN_POINT('',(0.00117368189347005,-0.0321945,0.0140157834149531));
#8731=CARTESIAN_POINT('',(0.00152022429803967,-0.0318135,0.01299700769052));
#8732=CARTESIAN_POINT('',(0.00152022429803967,-0.0321945,0.01299700769052));
#8733=CARTESIAN_POINT('',(0.00170115295902355,-0.0318135,0.0125170047598767));
#8734=CARTESIAN_POINT('',(0.00170115295902355,-0.0321945,0.0125170047598767));
#8735=CARTESIAN_POINT('',(0.000441934708312497,-0.0320675,0.0179793608156095));
#8736=CARTESIAN_POINT('',(0.000441934708312497,-0.0320675,0.0179793608156095));
#8737=CARTESIAN_POINT('',(0.000441934708312497,-0.0318135,0.0179793608156095));
#8738=CARTESIAN_POINT('',(0.000441934708312497,-0.0318135,0.0179793608156095));
#8739=CARTESIAN_POINT('',(0.000441934708312497,-0.0318135,0.0179793608156095));
#8740=CARTESIAN_POINT('',(0.000470448309484162,-0.0318135,0.0177656222662545));
#8741=CARTESIAN_POINT('',(0.000621350980414848,-0.0318135,0.0166565598271354));
#8742=CARTESIAN_POINT('',(0.000810956404954053,-0.0318135,0.0151714019468095));
#8743=CARTESIAN_POINT('',(0.00140319612527834,-0.0318135,0.0133074829109069));
#8744=CARTESIAN_POINT('',(0.00170115295902355,-0.0318135,0.0125170047598767));
#8745=CARTESIAN_POINT('',(0.00170115295902186,-0.0320675,0.0125170047598809));
#8746=CARTESIAN_POINT('',(0.0627191569061623,-0.0318135,0.0263844107443596));
#8747=CARTESIAN_POINT('',(0.0627191569061623,-0.0320675,0.0263844107443596));
#8748=CARTESIAN_POINT('',(0.000318496500841139,-0.0320675,0.0189529092242551));
#8749=CARTESIAN_POINT('',(0.000318496500841139,-0.0318135,0.0189529092242551));
#8750=CARTESIAN_POINT('',(0.000318496500841139,-0.0318135,0.0189529092242551));
#8751=CARTESIAN_POINT('',(0.0627191569061623,-0.0318135,0.0263844107443596));
#8752=CARTESIAN_POINT('',(0.000303128998844419,-0.0318135,0.0251157411823895));
#8753=CARTESIAN_POINT('',(0.000303128998844419,-0.0321945,0.0251157411823895));
#8754=CARTESIAN_POINT('',(0.00025620100308007,-0.0318135,0.0247645238537954));
#8755=CARTESIAN_POINT('',(0.00025620100308007,-0.0321945,0.0247645238537954));
#8756=CARTESIAN_POINT('',(0.000187442171356837,-0.0318135,0.0239217964771211));
#8757=CARTESIAN_POINT('',(0.000187442171356837,-0.0321945,0.0239217964771211));
#8758=CARTESIAN_POINT('',(0.000205491264740652,-0.0318135,0.0223173583241714));
#8759=CARTESIAN_POINT('',(0.000205491264740652,-0.0321945,0.0223173583241714));
#8760=CARTESIAN_POINT('',(0.00013099049024002,-0.0318135,0.0208633988761677));
#8761=CARTESIAN_POINT('',(0.00013099049024002,-0.0321945,0.0208633988761677));
#8762=CARTESIAN_POINT('',(0.000242689213716179,-0.0318135,0.0195981142858682));
#8763=CARTESIAN_POINT('',(0.000242689213716179,-0.0321945,0.0195981142858682));
#8764=CARTESIAN_POINT('',(0.000318496500822105,-0.0318135,0.0189529092242549));
#8765=CARTESIAN_POINT('',(0.000318496500822105,-0.0321945,0.0189529092242549));
#8766=CARTESIAN_POINT('',(0.000303128998834996,-0.0320675,0.0251157411823236));
#8767=CARTESIAN_POINT('',(0.000303128998834996,-0.0320675,0.0251157411823236));
#8768=CARTESIAN_POINT('',(0.000303128998834996,-0.0318135,0.0251157411823236));
#8769=CARTESIAN_POINT('',(0.000303128998834996,-0.0318135,0.0251157411823236));
#8770=CARTESIAN_POINT('',(0.000303128998844419,-0.0318135,0.0251157411823895));
#8771=CARTESIAN_POINT('',(0.000277671352525711,-0.0318135,0.0249252117044794));
#8772=CARTESIAN_POINT('',(0.000187881336636985,-0.0318135,0.0242418458286699));
#8773=CARTESIAN_POINT('',(0.000220978476802319,-0.0318135,0.022521394101198));
#8774=CARTESIAN_POINT('',(0.000120882605175037,-0.0318135,0.0208645443486543));
#8775=CARTESIAN_POINT('',(0.000257834365831622,-0.0318135,0.0194692120499903));
#8776=CARTESIAN_POINT('',(0.000318496500822105,-0.0318135,0.0189529092242549));
#8777=CARTESIAN_POINT('',(0.000318496500841139,-0.0320675,0.0189529092242551));
#8778=CARTESIAN_POINT('',(0.000398423884723744,-0.0318135,0.0261342033685103));
#8779=CARTESIAN_POINT('',(0.000398423884723744,-0.0320675,0.0261342033685103));
#8780=CARTESIAN_POINT('',(0.000370832799109888,-0.0318135,0.0258277120895307));
#8781=CARTESIAN_POINT('',(0.000370832799109888,-0.0320675,0.0258277120895307));
#8782=CARTESIAN_POINT('',(0.000351949508458738,-0.0318135,0.0254811224156613));
#8783=CARTESIAN_POINT('',(0.000351949508458738,-0.0320675,0.0254811224156613));
#8784=CARTESIAN_POINT('',(0.000303128998844419,-0.0318135,0.0251157411823895));
#8785=CARTESIAN_POINT('',(0.000303128998844419,-0.0320675,0.0251157411823895));
#8786=CARTESIAN_POINT('',(0.000398423884723744,-0.0320675,0.0261342033685103));
#8787=CARTESIAN_POINT('',(0.000381891992782598,-0.0320675,0.0259505614206759));
#8788=CARTESIAN_POINT('',(0.00036974633289084,-0.0320675,0.0256093442895485));
#8789=CARTESIAN_POINT('',(0.00032269747391573,-0.0320675,0.0252621950725945));
#8790=CARTESIAN_POINT('',(0.000303128998844419,-0.0320675,0.0251157411823895));
#8791=CARTESIAN_POINT('',(0.000398423884711882,-0.0320675,0.0261342033685104));
#8792=CARTESIAN_POINT('',(0.000398423884711882,-0.0318135,0.0261342033685104));
#8793=CARTESIAN_POINT('',(0.000398423884711882,-0.0318135,0.0261342033685104));
#8794=CARTESIAN_POINT('',(0.000398423884723744,-0.0318135,0.0261342033685103));
#8795=CARTESIAN_POINT('',(0.000381891992782598,-0.0318135,0.0259505614206759));
#8796=CARTESIAN_POINT('',(0.00036974633289084,-0.0318135,0.0256093442895485));
#8797=CARTESIAN_POINT('',(0.00032269747391573,-0.0318135,0.0252621950725945));
#8798=CARTESIAN_POINT('',(0.000303128998844419,-0.0318135,0.0251157411823895));
#8799=CARTESIAN_POINT('',(0.000525905418355038,-0.0318135,0.0267629490170089));
#8800=CARTESIAN_POINT('',(0.000525905418355038,-0.0321945,0.0267629490170089));
#8801=CARTESIAN_POINT('',(0.000472200872011489,-0.0318135,0.0265768014142342));
#8802=CARTESIAN_POINT('',(0.000472200872011489,-0.0321945,0.0265768014142342));
#8803=CARTESIAN_POINT('',(0.000420655848931443,-0.0318135,0.0263811636816932));
#8804=CARTESIAN_POINT('',(0.000420655848931443,-0.0321945,0.0263811636816932));
#8805=CARTESIAN_POINT('',(0.000398423884723744,-0.0318135,0.0261342033685103));
#8806=CARTESIAN_POINT('',(0.000398423884723744,-0.0321945,0.0261342033685103));
#8807=CARTESIAN_POINT('',(0.000525905418355038,-0.0318135,0.0267629490170089));
#8808=CARTESIAN_POINT('',(0.000525905418355038,-0.0318135,0.0267629490170089));
#8809=CARTESIAN_POINT('',(0.000525905418355038,-0.0318135,0.0267629490170089));
#8810=CARTESIAN_POINT('',(0.000484485215724665,-0.0318135,0.0266193806982904));
#8811=CARTESIAN_POINT('',(0.000429569466761262,-0.0318135,0.0264290461007646));
#8812=CARTESIAN_POINT('',(0.000403509210051684,-0.0318135,0.0261906929131989));
#8813=CARTESIAN_POINT('',(0.000398423884723744,-0.0318135,0.0261342033685103));
#8814=CARTESIAN_POINT('',(0.000398423884711882,-0.0320675,0.0261342033685104));
#8815=CARTESIAN_POINT('',(0.000871058459406465,-0.0318135,0.029081991778803));
#8816=CARTESIAN_POINT('',(0.000871058459406465,-0.0321945,0.029081991778803));
#8817=CARTESIAN_POINT('',(0.000846331523058759,-0.0318135,0.0289595517224572));
#8818=CARTESIAN_POINT('',(0.000846331523058759,-0.0321945,0.0289595517224572));
#8819=CARTESIAN_POINT('',(0.000808965336107128,-0.0318135,0.0287092800658638));
#8820=CARTESIAN_POINT('',(0.000808965336107128,-0.0321945,0.0287092800658638));
#8821=CARTESIAN_POINT('',(0.000690066130337897,-0.0318135,0.0280862300428642));
#8822=CARTESIAN_POINT('',(0.000690066130337897,-0.0321945,0.0280862300428642));
#8823=CARTESIAN_POINT('',(0.000609381102055044,-0.0318135,0.0274040573470158));
#8824=CARTESIAN_POINT('',(0.000609381102055044,-0.0321945,0.0274040573470158));
#8825=CARTESIAN_POINT('',(0.00056602750667486,-0.0318135,0.026971360037169));
#8826=CARTESIAN_POINT('',(0.00056602750667486,-0.0321945,0.026971360037169));
#8827=CARTESIAN_POINT('',(0.000525905418355038,-0.0318135,0.0267629490170089));
#8828=CARTESIAN_POINT('',(0.000525905418355038,-0.0321945,0.0267629490170089));
#8829=CARTESIAN_POINT('',(0.000871058459406465,-0.0318135,0.029081991778803));
#8830=CARTESIAN_POINT('',(0.000871058459406465,-0.0318135,0.029081991778803));
#8831=CARTESIAN_POINT('',(0.000871058459406465,-0.0318135,0.029081991778803));
#8832=CARTESIAN_POINT('',(0.000846673379751925,-0.0318135,0.0289612444898985));
#8833=CARTESIAN_POINT('',(0.000800109401199353,-0.0318135,0.0286548348866297));
#8834=CARTESIAN_POINT('',(0.000628485231382298,-0.0318135,0.0277556458977749));
#8835=CARTESIAN_POINT('',(0.000588135920424343,-0.0318135,0.0270862004469434));
#8836=CARTESIAN_POINT('',(0.000525905418355038,-0.0318135,0.0267629490170089));
#8837=CARTESIAN_POINT('',(0.00160593401966681,-0.0318135,0.0315151074336594));
#8838=CARTESIAN_POINT('',(0.00160593401966681,-0.0321945,0.0315151074336594));
#8839=CARTESIAN_POINT('',(0.00152929222378819,-0.0318135,0.0313178211661001));
#8840=CARTESIAN_POINT('',(0.00152929222378819,-0.0321945,0.0313178211661001));
#8841=CARTESIAN_POINT('',(0.00141049194395275,-0.0318135,0.0309688686988032));
#8842=CARTESIAN_POINT('',(0.00141049194395275,-0.0321945,0.0309688686988032));
#8843=CARTESIAN_POINT('',(0.00128325544810069,-0.0318135,0.0305281319228921));
#8844=CARTESIAN_POINT('',(0.00128325544810069,-0.0321945,0.0305281319228921));
#8845=CARTESIAN_POINT('',(0.00108248628557688,-0.0318135,0.0298765897843721));
#8846=CARTESIAN_POINT('',(0.00108248628557688,-0.0321945,0.0298765897843721));
#8847=CARTESIAN_POINT('',(0.000933326884948054,-0.0318135,0.0293453094974952));
#8848=CARTESIAN_POINT('',(0.000933326884948054,-0.0321945,0.0293453094974952));
#8849=CARTESIAN_POINT('',(0.000871058459406464,-0.0318135,0.029081991778803));
#8850=CARTESIAN_POINT('',(0.000871058459406464,-0.0321945,0.029081991778803));
#8851=CARTESIAN_POINT('',(0.00160593401966681,-0.0320675,0.0315151074336594));
#8852=CARTESIAN_POINT('',(0.00160593401966681,-0.0318135,0.0315151074336594));
#8853=CARTESIAN_POINT('',(0.00153138250723476,-0.0318135,0.0313232018361978));
#8854=CARTESIAN_POINT('',(0.00139922941802651,-0.0318135,0.0309359472784606));
#8855=CARTESIAN_POINT('',(0.00123373759680264,-0.0318135,0.0303544777750928));
#8856=CARTESIAN_POINT('',(0.000982096953538315,-0.0318135,0.0295515460144772));
#8857=CARTESIAN_POINT('',(0.000871058459406464,-0.0318135,0.029081991778803));
#8858=CARTESIAN_POINT('',(-0.00221458555665963,-0.0318135,0.0265190097));
#8859=CARTESIAN_POINT('',(0.00410829717293381,-0.0318135,0.0355501398444176));
#8860=CARTESIAN_POINT('',(0.00407246681680033,-0.0318135,0.0355334692449059));
#8861=CARTESIAN_POINT('',(0.00395743449348466,-0.0318135,0.0354799487667461));
#8862=CARTESIAN_POINT('',(0.00345813845896752,-0.0318135,0.0349153059576679));
#8863=CARTESIAN_POINT('',(0.00296600041996103,-0.0318135,0.0341946525390528));
#8864=CARTESIAN_POINT('',(0.00238914502735455,-0.0318135,0.0331893710061557));
#8865=CARTESIAN_POINT('',(0.00214639111498463,-0.0318135,0.0326999349758138));
#8866=CARTESIAN_POINT('',(0.00203640794109456,-0.0318135,0.0324781888976244));
#8867=CARTESIAN_POINT('',(0.00410829717293381,-0.0318135,0.0355501398444176));
#8868=CARTESIAN_POINT('',(0.00327042126817639,-0.0318135,0.035655663376136));
#8869=CARTESIAN_POINT('',(0.00243254536304142,-0.0318135,0.0357611869048567));
#8870=CARTESIAN_POINT('',(-0.000205104903799357,-0.0318135,0.0326228872073215));
#8871=CARTESIAN_POINT('',(-2.81845299624081E-5,-0.0318135,0.0329463405719541));
#8872=CARTESIAN_POINT('',(0.000370416059235003,-0.0318135,0.0336747568140371));
#8873=CARTESIAN_POINT('',(0.00161019721197093,-0.0318135,0.0352021499153657));
#8874=CARTESIAN_POINT('',(0.00198693271321611,-0.0318135,0.0355891561750964));
#8875=CARTESIAN_POINT('',(0.00228852051739577,-0.0318135,0.035705817403504));
#8876=CARTESIAN_POINT('',(0.00243254536304142,-0.0318135,0.0357611869048567));
#8877=CARTESIAN_POINT('',(-0.000129040650790557,-0.0318135,0.0297328419983387));
#8878=CARTESIAN_POINT('',(-0.000129040650790557,-0.0318135,0.0292222228051892));
#8879=CARTESIAN_POINT('',(-0.00111333571840078,-0.0318135,0.0220458805561066));
#8880=CARTESIAN_POINT('',(-0.00111333571840078,-0.0318135,0.0215111923065457));
#8881=CARTESIAN_POINT('',(-0.000174270215211436,-0.0318135,0.0143680879846215));
#8882=CARTESIAN_POINT('',(-0.000174270215211436,-0.0318135,0.0138806896489264));
#8883=CARTESIAN_POINT('',(0.00205019372515381,-0.0318135,0.00949311070144176));
#8884=CARTESIAN_POINT('',(0.00205019372515381,-0.0318135,0.00909056107957983));
#8885=CARTESIAN_POINT('',(0.00205019372515381,-0.0318135,0.0346079170703888));
#8886=CARTESIAN_POINT('',(0.00205019372515381,-0.0318135,0.0342304581711983));
#8887=CARTESIAN_POINT('',(-0.0128790265487637,-0.0318135,0.0318438872005209));
#8888=CARTESIAN_POINT('',(-0.0128790265487637,-0.0321945,0.0318438872005209));
#8889=CARTESIAN_POINT('',(-0.012755682266488,-0.0318135,0.0321628612519888));
#8890=CARTESIAN_POINT('',(-0.012755682266488,-0.0321945,0.0321628612519888));
#8891=CARTESIAN_POINT('',(-0.0124732450987682,-0.0318135,0.032875572219838));
#8892=CARTESIAN_POINT('',(-0.0124732450987682,-0.0321945,0.032875572219838));
#8893=CARTESIAN_POINT('',(-0.0119787639474672,-0.0318135,0.0339305421439736));
#8894=CARTESIAN_POINT('',(-0.0119787639474672,-0.0321945,0.0339305421439736));
#8895=CARTESIAN_POINT('',(-0.0114588783054191,-0.0318135,0.034702445823131));
#8896=CARTESIAN_POINT('',(-0.0114588783054191,-0.0321945,0.034702445823131));
#8897=CARTESIAN_POINT('',(-0.0109653086935137,-0.0318135,0.0348489375417237));
#8898=CARTESIAN_POINT('',(-0.0109653086935137,-0.0321945,0.0348489375417237));
#8899=CARTESIAN_POINT('',(-0.0104446538101487,-0.0318135,0.0349862988576221));
#8900=CARTESIAN_POINT('',(-0.0104446538101487,-0.0321945,0.0349862988576221));
#8901=CARTESIAN_POINT('',(-0.00986989166479067,-0.0318135,0.0353920483552727));
#8902=CARTESIAN_POINT('',(-0.00986989166479067,-0.0321945,0.0353920483552727));
#8903=CARTESIAN_POINT('',(-0.00927605243250961,-0.0318135,0.0354497051436375));
#8904=CARTESIAN_POINT('',(-0.00927605243250961,-0.0321945,0.0354497051436375));
#8905=CARTESIAN_POINT('',(-0.00888330342629901,-0.0318135,0.0353874602388042));
#8906=CARTESIAN_POINT('',(-0.00888330342629901,-0.0321945,0.0353874602388042));
#8907=CARTESIAN_POINT('',(-0.00869228407713219,-0.0318135,0.0354219216175493));
#8908=CARTESIAN_POINT('',(-0.00869228407713219,-0.0321945,0.0354219216175493));
#8909=CARTESIAN_POINT('',(-0.0128790265487637,-0.0320675,0.0318438872005209));
#8910=CARTESIAN_POINT('',(-0.0128790265487637,-0.0320675,0.0318438872005209));
#8911=CARTESIAN_POINT('',(-0.0128790265487637,-0.0318135,0.0318438872005209));
#8912=CARTESIAN_POINT('',(-0.0128790265487637,-0.0318135,0.0318438872005209));
#8913=CARTESIAN_POINT('',(-0.0128790265487637,-0.0318135,0.0318438872005209));
#8914=CARTESIAN_POINT('',(-0.0128461485527852,-0.0318135,0.0319289112274794));
#8915=CARTESIAN_POINT('',(-0.0124504047511916,-0.0318135,0.0329414584305334));
#8916=CARTESIAN_POINT('',(-0.0116165987046388,-0.0318135,0.0348897348300445));
#8917=CARTESIAN_POINT('',(-0.0106274742649847,-0.0318135,0.034810461617157));
#8918=CARTESIAN_POINT('',(-0.00968122134647841,-0.0318135,0.0355889026630062));
#8919=CARTESIAN_POINT('',(-0.00900513676289553,-0.0318135,0.0353654805557273));
#8920=CARTESIAN_POINT('',(-0.00869228407713219,-0.0318135,0.0354219216175493));
#8921=CARTESIAN_POINT('',(-0.00869228407713219,-0.0318135,0.0354219216175493));
#8922=CARTESIAN_POINT('',(-0.00869228407713219,-0.0318135,0.0354219216175493));
#8923=CARTESIAN_POINT('',(0.0120796879084738,-0.0318134999999953,0.0221064873793331));
#8924=CARTESIAN_POINT('',(0.0120796879084738,-0.0320675,0.0221064873793331));
#8925=CARTESIAN_POINT('',(-0.0133709625540238,-0.0320675,0.0304722357635097));
#8926=CARTESIAN_POINT('',(-0.0133709625540238,-0.0318135,0.0304722357635097));
#8927=CARTESIAN_POINT('',(-0.0133709625540238,-0.0318135,0.0304722357635097));
#8928=CARTESIAN_POINT('',(0.0120796879084738,-0.0318135,0.0221064873793331));
#8929=CARTESIAN_POINT('',(-0.0143689996300794,-0.0318135,0.0258158317553141));
#8930=CARTESIAN_POINT('',(-0.0143689996300794,-0.0321945,0.0258158317553141));
#8931=CARTESIAN_POINT('',(-0.0142571475339354,-0.0318135,0.0266571093532202));
#8932=CARTESIAN_POINT('',(-0.0142571475339354,-0.0321945,0.0266571093532202));
#8933=CARTESIAN_POINT('',(-0.0138934050327411,-0.0318135,0.0287046551684481));
#8934=CARTESIAN_POINT('',(-0.0138934050327411,-0.0321945,0.0287046551684481));
#8935=CARTESIAN_POINT('',(-0.0135883142695309,-0.0318135,0.0298048262203792));
#8936=CARTESIAN_POINT('',(-0.0135883142695309,-0.0321945,0.0298048262203792));
#8937=CARTESIAN_POINT('',(-0.0133709625540238,-0.0318135,0.0304722357635097));
#8938=CARTESIAN_POINT('',(-0.0133709625540238,-0.0321945,0.0304722357635097));
#8939=CARTESIAN_POINT('',(-0.0143689996300838,-0.0320675,0.025815831755314));
#8940=CARTESIAN_POINT('',(-0.0143689996300838,-0.0320675,0.025815831755314));
#8941=CARTESIAN_POINT('',(-0.0143689996300838,-0.0318135,0.025815831755314));
#8942=CARTESIAN_POINT('',(-0.0143689996300838,-0.0318135,0.025815831755314));
#8943=CARTESIAN_POINT('',(-0.0143689996300794,-0.0318135,0.0258158317553141));
#8944=CARTESIAN_POINT('',(-0.0142654119139957,-0.0318135,0.0265949501443635));
#8945=CARTESIAN_POINT('',(-0.0139457119663927,-0.0318135,0.0284208232595656));
#8946=CARTESIAN_POINT('',(-0.0136376626573736,-0.0318135,0.0296268955369172));
#8947=CARTESIAN_POINT('',(-0.0134193154708728,-0.0318135,0.0303237612135486));
#8948=CARTESIAN_POINT('',(-0.0133709625540238,-0.0318135,0.0304722357635097));
#8949=CARTESIAN_POINT('',(-0.0133709625540238,-0.0320675,0.0304722357635097));
#8950=CARTESIAN_POINT('',(0.00130139498511827,-0.0318135,0.0236755923870711));
#8951=CARTESIAN_POINT('',(0.00130139498511827,-0.0320675,0.0236755923870711));
#8952=CARTESIAN_POINT('',(-0.0144828880432372,-0.0320675,0.02467097154823));
#8953=CARTESIAN_POINT('',(-0.0144828880432372,-0.0318135,0.02467097154823));
#8954=CARTESIAN_POINT('',(-0.0144828880432372,-0.0318135,0.02467097154823));
#8955=CARTESIAN_POINT('',(0.00130139498511827,-0.0318135,0.0236755923870711));
#8956=CARTESIAN_POINT('',(-0.0145196081798186,-0.0318135,0.0193741230986253));
#8957=CARTESIAN_POINT('',(-0.0145196081798186,-0.0321945,0.0193741230986253));
#8958=CARTESIAN_POINT('',(-0.0145608700054937,-0.0318135,0.0197756499547998));
#8959=CARTESIAN_POINT('',(-0.0145608700054937,-0.0321945,0.0197756499547998));
#8960=CARTESIAN_POINT('',(-0.0146418253839652,-0.0318135,0.0205767581302613));
#8961=CARTESIAN_POINT('',(-0.0146418253839652,-0.0321945,0.0205767581302613));
#8962=CARTESIAN_POINT('',(-0.0146362188554337,-0.0318135,0.0220325621950537));
#8963=CARTESIAN_POINT('',(-0.0146362188554337,-0.0321945,0.0220325621950537));
#8964=CARTESIAN_POINT('',(-0.0145363000002163,-0.0318135,0.0235725506292155));
#8965=CARTESIAN_POINT('',(-0.0145363000002163,-0.0321945,0.0235725506292155));
#8966=CARTESIAN_POINT('',(-0.0145064704735554,-0.0318135,0.0243021974205177));
#8967=CARTESIAN_POINT('',(-0.0145064704735554,-0.0321945,0.0243021974205177));
#8968=CARTESIAN_POINT('',(-0.0144828880432359,-0.0318135,0.0246709715482301));
#8969=CARTESIAN_POINT('',(-0.0144828880432359,-0.0321945,0.0246709715482301));
#8970=CARTESIAN_POINT('',(-0.0145196081798188,-0.0320675,0.0193741230986257));
#8971=CARTESIAN_POINT('',(-0.0145196081798188,-0.0320675,0.0193741230986257));
#8972=CARTESIAN_POINT('',(-0.0145196081798188,-0.0318135,0.0193741230986257));
#8973=CARTESIAN_POINT('',(-0.0145196081798188,-0.0318135,0.0193741230986257));
#8974=CARTESIAN_POINT('',(-0.0145196081798186,-0.0318135,0.0193741230986253));
#8975=CARTESIAN_POINT('',(-0.0145767301271144,-0.0318135,0.0199299878850468));
#8976=CARTESIAN_POINT('',(-0.0146985492786172,-0.0318135,0.021226508514228));
#8977=CARTESIAN_POINT('',(-0.0145399148104352,-0.0318135,0.0234401368378276));
#8978=CARTESIAN_POINT('',(-0.0145018735892471,-0.0318135,0.0243740819539624));
#8979=CARTESIAN_POINT('',(-0.0144828880432359,-0.0318135,0.0246709715482301));
#8980=CARTESIAN_POINT('',(-0.0144828880432372,-0.0320675,0.02467097154823));
#8981=CARTESIAN_POINT('',(-0.0144068145976272,-0.0318135,0.018309215113901));
#8982=CARTESIAN_POINT('',(-0.0144068145976272,-0.0320675,0.018309215113901));
#8983=CARTESIAN_POINT('',(-0.0144489635950671,-0.0318135,0.0186741325847827));
#8984=CARTESIAN_POINT('',(-0.0144489635950671,-0.0320675,0.0186741325847827));
#8985=CARTESIAN_POINT('',(-0.0144835462854552,-0.0318135,0.0190231977860751));
#8986=CARTESIAN_POINT('',(-0.0144835462854552,-0.0320675,0.0190231977860751));
#8987=CARTESIAN_POINT('',(-0.0145196081798186,-0.0318135,0.0193741230986253));
#8988=CARTESIAN_POINT('',(-0.0145196081798186,-0.0320675,0.0193741230986253));
#8989=CARTESIAN_POINT('',(-0.0144068145976272,-0.0320675,0.018309215113901));
#8990=CARTESIAN_POINT('',(-0.0144387819452776,-0.0320675,0.018585981926018));
#8991=CARTESIAN_POINT('',(-0.0144744174907642,-0.0320675,0.0189389974388904));
#8992=CARTESIAN_POINT('',(-0.0145108969505734,-0.0320675,0.0192893524314281));
#8993=CARTESIAN_POINT('',(-0.0145196081798186,-0.0320675,0.0193741230986253));
#8994=CARTESIAN_POINT('',(-0.0144068145976272,-0.0320675,0.018309215113901));
#8995=CARTESIAN_POINT('',(-0.0144068145976272,-0.0318135,0.018309215113901));
#8996=CARTESIAN_POINT('',(-0.0144068145976272,-0.0318135,0.018309215113901));
#8997=CARTESIAN_POINT('',(-0.0144068145976272,-0.0318135,0.018309215113901));
#8998=CARTESIAN_POINT('',(-0.0144387819452776,-0.0318135,0.018585981926018));
#8999=CARTESIAN_POINT('',(-0.0144744174907642,-0.0318135,0.0189389974388904));
#9000=CARTESIAN_POINT('',(-0.0145108969505734,-0.0318135,0.0192893524314281));
#9001=CARTESIAN_POINT('',(-0.0145196081798186,-0.0318135,0.0193741230986253));
#9002=CARTESIAN_POINT('',(-0.0134152790695359,-0.0318135,0.0136131698136224));
#9003=CARTESIAN_POINT('',(-0.0134152790695359,-0.0321945,0.0136131698136224));
#9004=CARTESIAN_POINT('',(-0.0134900555173456,-0.0318135,0.0138739864771992));
#9005=CARTESIAN_POINT('',(-0.0134900555173456,-0.0321945,0.0138739864771992));
#9006=CARTESIAN_POINT('',(-0.0136402774913994,-0.0318135,0.0144687604710869));
#9007=CARTESIAN_POINT('',(-0.0136402774913994,-0.0321945,0.0144687604710869));
#9008=CARTESIAN_POINT('',(-0.0139699011982884,-0.0318135,0.0157894868499118));
#9009=CARTESIAN_POINT('',(-0.0139699011982884,-0.0321945,0.0157894868499118));
#9010=CARTESIAN_POINT('',(-0.014261826334502,-0.0318135,0.0171671467337951));
#9011=CARTESIAN_POINT('',(-0.014261826334502,-0.0321945,0.0171671467337951));
#9012=CARTESIAN_POINT('',(-0.0143639925337021,-0.0318135,0.0179384703699066));
#9013=CARTESIAN_POINT('',(-0.0143639925337021,-0.0321945,0.0179384703699066));
#9014=CARTESIAN_POINT('',(-0.0144068145976272,-0.0318135,0.018309215113901));
#9015=CARTESIAN_POINT('',(-0.0144068145976272,-0.0321945,0.018309215113901));
#9016=CARTESIAN_POINT('',(-0.0134152790695359,-0.0320675,0.0136131698136224));
#9017=CARTESIAN_POINT('',(-0.0134152790695359,-0.0320675,0.0136131698136224));
#9018=CARTESIAN_POINT('',(-0.0134152790695359,-0.0318135,0.0136131698136224));
#9019=CARTESIAN_POINT('',(-0.0134152790695359,-0.0318135,0.0136131698136224));
#9020=CARTESIAN_POINT('',(-0.0134152790695359,-0.0318135,0.0136131698136224));
#9021=CARTESIAN_POINT('',(-0.0134765023545078,-0.0318135,0.0138267136952496));
#9022=CARTESIAN_POINT('',(-0.013688359394173,-0.0318135,0.0146567223631757));
#9023=CARTESIAN_POINT('',(-0.0141928626995631,-0.0318135,0.0166676607588266));
#9024=CARTESIAN_POINT('',(-0.0143599515658077,-0.0318135,0.0179034844894942));
#9025=CARTESIAN_POINT('',(-0.0144068145976272,-0.0318135,0.018309215113901));
#9026=CARTESIAN_POINT('',(-0.0144068145976272,-0.0320675,0.018309215113901));
#9027=CARTESIAN_POINT('',(-0.0129817023278427,-0.0318135,0.0124537594747105));
#9028=CARTESIAN_POINT('',(-0.0129817023278427,-0.0320675,0.0124537594747105));
#9029=CARTESIAN_POINT('',(-0.0131603364704408,-0.0318135,0.0128474865573531));
#9030=CARTESIAN_POINT('',(-0.0131603364704408,-0.0320675,0.0128474865573531));
#9031=CARTESIAN_POINT('',(-0.013298616051686,-0.0318135,0.0132062548026838));
#9032=CARTESIAN_POINT('',(-0.013298616051686,-0.0320675,0.0132062548026838));
#9033=CARTESIAN_POINT('',(-0.0134152790695359,-0.0318135,0.0136131698136224));
#9034=CARTESIAN_POINT('',(-0.0134152790695359,-0.0320675,0.0136131698136224));
#9035=CARTESIAN_POINT('',(-0.0129817023278427,-0.0320675,0.0124537594747105));
#9036=CARTESIAN_POINT('',(-0.0130959726382401,-0.0320675,0.0127056223901144));
#9037=CARTESIAN_POINT('',(-0.0132545844825974,-0.0320675,0.0130862451787661));
#9038=CARTESIAN_POINT('',(-0.0133732441102851,-0.0320675,0.0134665538918111));
#9039=CARTESIAN_POINT('',(-0.0134152790695359,-0.0320675,0.0136131698136224));
#9040=CARTESIAN_POINT('',(-0.0129817023381695,-0.0320675,0.0124537594764834));
#9041=CARTESIAN_POINT('',(-0.0129817023381695,-0.0318135,0.0124537594764834));
#9042=CARTESIAN_POINT('',(-0.0129817023381695,-0.0318135,0.0124537594764834));
#9043=CARTESIAN_POINT('',(-0.0129817023278427,-0.0318135,0.0124537594747105));
#9044=CARTESIAN_POINT('',(-0.0130959726382401,-0.0318135,0.0127056223901144));
#9045=CARTESIAN_POINT('',(-0.0132545844825974,-0.0318135,0.0130862451787661));
#9046=CARTESIAN_POINT('',(-0.0133732441102851,-0.0318135,0.0134665538918111));
#9047=CARTESIAN_POINT('',(-0.0134152790695359,-0.0318135,0.0136131698136224));
#9048=CARTESIAN_POINT('',(-0.0119230289805499,-0.0318135,0.01023952415454));
#9049=CARTESIAN_POINT('',(-0.0119230289805499,-0.0321945,0.01023952415454));
#9050=CARTESIAN_POINT('',(-0.0119668284289297,-0.0318135,0.0103032574954944));
#9051=CARTESIAN_POINT('',(-0.0119668284289297,-0.0321945,0.0103032574954944));
#9052=CARTESIAN_POINT('',(-0.0120542394367189,-0.0318135,0.0104295868896274));
#9053=CARTESIAN_POINT('',(-0.0120542394367189,-0.0321945,0.0104295868896274));
#9054=CARTESIAN_POINT('',(-0.0121913510699755,-0.0318135,0.0106712036838883));
#9055=CARTESIAN_POINT('',(-0.0121913510699755,-0.0321945,0.0106712036838883));
#9056=CARTESIAN_POINT('',(-0.0123274723040987,-0.0318135,0.0109664058194173));
#9057=CARTESIAN_POINT('',(-0.0123274723040987,-0.0321945,0.0109664058194173));
#9058=CARTESIAN_POINT('',(-0.0124093051303675,-0.0318135,0.0111869822875296));
#9059=CARTESIAN_POINT('',(-0.0124093051303675,-0.0321945,0.0111869822875296));
#9060=CARTESIAN_POINT('',(-0.0124709157116411,-0.0318135,0.0113717144895651));
#9061=CARTESIAN_POINT('',(-0.0124709157116411,-0.0321945,0.0113717144895651));
#9062=CARTESIAN_POINT('',(-0.012617924360859,-0.0318135,0.0116894556950771));
#9063=CARTESIAN_POINT('',(-0.012617924360859,-0.0321945,0.0116894556950771));
#9064=CARTESIAN_POINT('',(-0.0128032576753828,-0.0318135,0.0120711683334246));
#9065=CARTESIAN_POINT('',(-0.0128032576753828,-0.0321945,0.0120711683334246));
#9066=CARTESIAN_POINT('',(-0.0129249323478576,-0.0318135,0.0123286328988157));
#9067=CARTESIAN_POINT('',(-0.0129249323478576,-0.0321945,0.0123286328988157));
#9068=CARTESIAN_POINT('',(-0.0129817023278427,-0.0318135,0.0124537594747105));
#9069=CARTESIAN_POINT('',(-0.0129817023278427,-0.0321945,0.0124537594747105));
#9070=CARTESIAN_POINT('',(-0.0119230289805499,-0.0318135,0.01023952415454));
#9071=CARTESIAN_POINT('',(-0.0119230289805499,-0.0318135,0.01023952415454));
#9072=CARTESIAN_POINT('',(-0.0119230289805499,-0.0318135,0.01023952415454));
#9073=CARTESIAN_POINT('',(-0.0119937760103672,-0.0318135,0.0103424693910591));
#9074=CARTESIAN_POINT('',(-0.0121473645519739,-0.0318135,0.010565874722264));
#9075=CARTESIAN_POINT('',(-0.0123829810099836,-0.0318135,0.0110876233008333));
#9076=CARTESIAN_POINT('',(-0.0124655885649461,-0.0318135,0.0113893579559011));
#9077=CARTESIAN_POINT('',(-0.012769435413694,-0.0318135,0.0119946648401683));
#9078=CARTESIAN_POINT('',(-0.012948448977017,-0.0318135,0.0123804658443985));
#9079=CARTESIAN_POINT('',(-0.0129817023278427,-0.0318135,0.0124537594747105));
#9080=CARTESIAN_POINT('',(-0.0129817023381695,-0.0320675,0.0124537594764834));
#9081=CARTESIAN_POINT('',(-0.0107372168707302,-0.0318135,0.0121344533146947));
#9082=CARTESIAN_POINT('',(-0.0107372168707302,-0.0321945,0.0121344533146947));
#9083=CARTESIAN_POINT('',(-0.0105282067521383,-0.0318135,0.0116262120487645));
#9084=CARTESIAN_POINT('',(-0.0105282067521383,-0.0321945,0.0116262120487645));
#9085=CARTESIAN_POINT('',(-0.0102078763595168,-0.0318135,0.0109286650540435));
#9086=CARTESIAN_POINT('',(-0.0102078763595168,-0.0321945,0.0109286650540435));
#9087=CARTESIAN_POINT('',(-0.00990240228603281,-0.0318135,0.0102763337953896));
#9088=CARTESIAN_POINT('',(-0.00990240228603281,-0.0321945,0.0102763337953896));
#9089=CARTESIAN_POINT('',(-0.00969747644125359,-0.0318135,0.00990041697485146));
#9090=CARTESIAN_POINT('',(-0.00969747644125359,-0.0321945,0.00990041697485146));
#9091=CARTESIAN_POINT('',(-0.00937013422502223,-0.0318135,0.00952001641424936));
#9092=CARTESIAN_POINT('',(-0.00937013422502223,-0.0321945,0.00952001641424936));
#9093=CARTESIAN_POINT('',(-0.00884209574760668,-0.0318135,0.00906190336855502));
#9094=CARTESIAN_POINT('',(-0.00884209574760668,-0.0321945,0.00906190336855502));
#9095=CARTESIAN_POINT('',(-0.00843662569571874,-0.0318135,0.0086813621670268));
#9096=CARTESIAN_POINT('',(-0.00843662569571874,-0.0321945,0.0086813621670268));
#9097=CARTESIAN_POINT('',(-0.00853594054961882,-0.0318135,0.00855992504444488));
#9098=CARTESIAN_POINT('',(-0.00853594054961882,-0.0321945,0.00855992504444488));
#9099=CARTESIAN_POINT('',(-0.00905708387510861,-0.0318135,0.00865636056290292));
#9100=CARTESIAN_POINT('',(-0.00905708387510861,-0.0321945,0.00865636056290292));
#9101=CARTESIAN_POINT('',(-0.00957571275142308,-0.0318135,0.00876476721541982));
#9102=CARTESIAN_POINT('',(-0.00957571275142308,-0.0321945,0.00876476721541982));
#9103=CARTESIAN_POINT('',(-0.0100234406193491,-0.0318135,0.00884908014797855));
#9104=CARTESIAN_POINT('',(-0.0100234406193491,-0.0321945,0.00884908014797855));
#9105=CARTESIAN_POINT('',(-0.01036477714095,-0.0318135,0.00886910139837701));
#9106=CARTESIAN_POINT('',(-0.01036477714095,-0.0321945,0.00886910139837701));
#9107=CARTESIAN_POINT('',(-0.0106504852484297,-0.0318135,0.00891751155871441));
#9108=CARTESIAN_POINT('',(-0.0106504852484297,-0.0321945,0.00891751155871441));
#9109=CARTESIAN_POINT('',(-0.0111496927534524,-0.0318135,0.00931668982045864));
#9110=CARTESIAN_POINT('',(-0.0111496927534524,-0.0321945,0.00931668982045864));
#9111=CARTESIAN_POINT('',(-0.0116136947623122,-0.0318135,0.00987048948794072));
#9112=CARTESIAN_POINT('',(-0.0116136947623122,-0.0321945,0.00987048948794072));
#9113=CARTESIAN_POINT('',(-0.0119230289805499,-0.0318135,0.01023952415454));
#9114=CARTESIAN_POINT('',(-0.0119230289805499,-0.0321945,0.01023952415454));
#9115=CARTESIAN_POINT('',(-0.0107372168707302,-0.0320675,0.0121344533146947));
#9116=CARTESIAN_POINT('',(-0.0107372168707302,-0.0320675,0.0121344533146947));
#9117=CARTESIAN_POINT('',(-0.0107372168707302,-0.0318135,0.0121344533146947));
#9118=CARTESIAN_POINT('',(-0.0107372168707302,-0.0318135,0.0121344533146947));
#9119=CARTESIAN_POINT('',(-0.0107372168707302,-0.0318135,0.0121344533146947));
#9120=CARTESIAN_POINT('',(-0.0104740073707819,-0.0318135,0.0114944176534557));
#9121=CARTESIAN_POINT('',(-0.00995626215923674,-0.0318135,0.0103901523656486));
#9122=CARTESIAN_POINT('',(-0.00958087035279758,-0.0318135,0.00961799354919176));
#9123=CARTESIAN_POINT('',(-0.00804626911495385,-0.0318135,0.00845386746126729));
#9124=CARTESIAN_POINT('',(-0.00927287515544047,-0.0318135,0.00870129721816912));
#9125=CARTESIAN_POINT('',(-0.0101671692002335,-0.0318135,0.00888673589173393));
#9126=CARTESIAN_POINT('',(-0.0107641605649112,-0.0318135,0.00885685754997748));
#9127=CARTESIAN_POINT('',(-0.0114663563882666,-0.0318135,0.00969471531057046));
#9128=CARTESIAN_POINT('',(-0.0119230289805499,-0.0318135,0.01023952415454));
#9129=CARTESIAN_POINT('',(0.00758090110312573,-0.0318134999999961,0.0197092354659323));
#9130=CARTESIAN_POINT('',(0.00758090110312573,-0.0320675,0.0197092354659323));
#9131=CARTESIAN_POINT('',(-0.0111457198310756,-0.0320675,0.0132106761893241));
#9132=CARTESIAN_POINT('',(-0.0111457198310756,-0.0318135,0.0132106761893241));
#9133=CARTESIAN_POINT('',(-0.0111457198310756,-0.0318135,0.0132106761893241));
#9134=CARTESIAN_POINT('',(0.00758090110312573,-0.0318135,0.0197092354659323));
#9135=CARTESIAN_POINT('',(-0.0122655960067627,-0.0318135,0.018187475165022));
#9136=CARTESIAN_POINT('',(-0.0122655960067627,-0.0321945,0.018187475165022));
#9137=CARTESIAN_POINT('',(-0.0121677656944679,-0.0318135,0.0173858621165559));
#9138=CARTESIAN_POINT('',(-0.0121677656944679,-0.0321945,0.0173858621165559));
#9139=CARTESIAN_POINT('',(-0.0118941199630397,-0.0318135,0.0157790228529812));
#9140=CARTESIAN_POINT('',(-0.0118941199630397,-0.0321945,0.0157790228529812));
#9141=CARTESIAN_POINT('',(-0.0114297548331947,-0.0318135,0.0140340188854611));
#9142=CARTESIAN_POINT('',(-0.0114297548331947,-0.0321945,0.0140340188854611));
#9143=CARTESIAN_POINT('',(-0.0111457198166345,-0.0318135,0.0132106761858599));
#9144=CARTESIAN_POINT('',(-0.0111457198166345,-0.0321945,0.0132106761858599));
#9145=CARTESIAN_POINT('',(-0.0122655960067627,-0.0320675,0.018187475165022));
#9146=CARTESIAN_POINT('',(-0.0122655960067627,-0.0320675,0.018187475165022));
#9147=CARTESIAN_POINT('',(-0.0122655960067627,-0.0318135,0.018187475165022));
#9148=CARTESIAN_POINT('',(-0.0122655960067627,-0.0318135,0.018187475165022));
#9149=CARTESIAN_POINT('',(-0.0122655960067627,-0.0318135,0.018187475165022));
#9150=CARTESIAN_POINT('',(-0.0122037068335555,-0.0318135,0.0176803606762917));
#9151=CARTESIAN_POINT('',(-0.0119597163991488,-0.0318135,0.016100766420174));
#9152=CARTESIAN_POINT('',(-0.011534104311352,-0.0318135,0.014336500537507));
#9153=CARTESIAN_POINT('',(-0.0111457198166345,-0.0318135,0.0132106761858599));
#9154=CARTESIAN_POINT('',(-0.0111457198310756,-0.0320675,0.0132106761893241));
#9155=CARTESIAN_POINT('',(0.0129685497669731,-0.0318135,0.0212562869193597));
#9156=CARTESIAN_POINT('',(0.0129685497669731,-0.0320675,0.0212562869193597));
#9157=CARTESIAN_POINT('',(-0.012370359271498,-0.0320675,0.0192257089247366));
#9158=CARTESIAN_POINT('',(-0.012370359271498,-0.0318135,0.0192257089247366));
#9159=CARTESIAN_POINT('',(-0.012370359271498,-0.0318135,0.0192257089247366));
#9160=CARTESIAN_POINT('',(0.0129685497669731,-0.0318135,0.0212562869193597));
#9161=CARTESIAN_POINT('',(-0.0123910414921786,-0.0318135,0.024862668943722));
#9162=CARTESIAN_POINT('',(-0.0123910414921786,-0.0321945,0.024862668943722));
#9163=CARTESIAN_POINT('',(-0.0125187435818548,-0.0318135,0.0231279705862476));
#9164=CARTESIAN_POINT('',(-0.0125187435818548,-0.0321945,0.0231279705862476));
#9165=CARTESIAN_POINT('',(-0.0125094772607794,-0.0318135,0.0209493566299899));
#9166=CARTESIAN_POINT('',(-0.0125094772607794,-0.0321945,0.0209493566299899));
#9167=CARTESIAN_POINT('',(-0.012370359271498,-0.0318135,0.0192257089247366));
#9168=CARTESIAN_POINT('',(-0.012370359271498,-0.0321945,0.0192257089247366));
#9169=CARTESIAN_POINT('',(-0.01239104149182,-0.0320675,0.0248626689437312));
#9170=CARTESIAN_POINT('',(-0.01239104149182,-0.0320675,0.0248626689437312));
#9171=CARTESIAN_POINT('',(-0.01239104149182,-0.0318135,0.0248626689437312));
#9172=CARTESIAN_POINT('',(-0.01239104149182,-0.0318135,0.0248626689437312));
#9173=CARTESIAN_POINT('',(-0.0123910414921786,-0.0318135,0.024862668943722));
#9174=CARTESIAN_POINT('',(-0.0124054214650334,-0.0318135,0.0246673321614111));
#9175=CARTESIAN_POINT('',(-0.0125012166017198,-0.0318135,0.0231534851770829));
#9176=CARTESIAN_POINT('',(-0.0124957396775545,-0.0318135,0.0210405729040851));
#9177=CARTESIAN_POINT('',(-0.0123906285943402,-0.0318135,0.0194768423114712));
#9178=CARTESIAN_POINT('',(-0.012370359271498,-0.0318135,0.0192257089247366));
#9179=CARTESIAN_POINT('',(-0.012370359271498,-0.0320675,0.0192257089247366));
#9180=CARTESIAN_POINT('',(0.0135080442836062,-0.0318134999999959,0.0229701503713847));
#9181=CARTESIAN_POINT('',(0.0135080442836062,-0.0320675,0.0229701503713847));
#9182=CARTESIAN_POINT('',(-0.0122923090694979,-0.0320675,0.0259166847407505));
#9183=CARTESIAN_POINT('',(-0.0122923090694979,-0.0318135,0.0259166847407505));
#9184=CARTESIAN_POINT('',(-0.0122923090694979,-0.0318135,0.0259166847407505));
#9185=CARTESIAN_POINT('',(0.0135080442836062,-0.0318135,0.0229701503713847));
#9186=CARTESIAN_POINT('',(-0.0112139177582603,-0.0318135,0.0308308186683389));
#9187=CARTESIAN_POINT('',(-0.0112139177582603,-0.0321945,0.0308308186683389));
#9188=CARTESIAN_POINT('',(-0.0114552566640133,-0.0318135,0.0301080248610947));
#9189=CARTESIAN_POINT('',(-0.0114552566640133,-0.0321945,0.0301080248610947));
#9190=CARTESIAN_POINT('',(-0.0119052624724635,-0.0318135,0.0284863168593303));
#9191=CARTESIAN_POINT('',(-0.0119052624724635,-0.0321945,0.0284863168593303));
#9192=CARTESIAN_POINT('',(-0.0121909951937441,-0.0318135,0.0268002652724391));
#9193=CARTESIAN_POINT('',(-0.0121909951937441,-0.0321945,0.0268002652724391));
#9194=CARTESIAN_POINT('',(-0.0122923090799496,-0.0318135,0.0259166847352243));
#9195=CARTESIAN_POINT('',(-0.0122923090799496,-0.0321945,0.0259166847352243));
#9196=CARTESIAN_POINT('',(-0.0112139177582603,-0.0320675,0.0308308186683389));
#9197=CARTESIAN_POINT('',(-0.0112139177582603,-0.0320675,0.0308308186683389));
#9198=CARTESIAN_POINT('',(-0.0112139177582603,-0.0318135,0.0308308186683389));
#9199=CARTESIAN_POINT('',(-0.0112139177582603,-0.0318135,0.0308308186683389));
#9200=CARTESIAN_POINT('',(-0.0112139177582603,-0.0318135,0.0308308186683389));
#9201=CARTESIAN_POINT('',(-0.0112913037146571,-0.0318135,0.0305990529284688));
#9202=CARTESIAN_POINT('',(-0.0116311716764849,-0.0318135,0.0295364670830162));
#9203=CARTESIAN_POINT('',(-0.0120226233114804,-0.0318135,0.0278557961609423));
#9204=CARTESIAN_POINT('',(-0.0122332539964918,-0.0318135,0.0264317170207403));
#9205=CARTESIAN_POINT('',(-0.0122923090799496,-0.0318135,0.0259166847352243));
#9206=CARTESIAN_POINT('',(-0.0122923090694979,-0.0320675,0.0259166847407505));
#9207=CARTESIAN_POINT('',(0.0336996878910826,-0.0318135,0.0156393981165699));
#9208=CARTESIAN_POINT('',(0.0336996878910826,-0.0320675,0.0156393981165699));
#9209=CARTESIAN_POINT('',(-0.0107926096859534,-0.0320675,0.0320259906592107));
#9210=CARTESIAN_POINT('',(-0.0107926096859534,-0.0318135,0.0320259906592107));
#9211=CARTESIAN_POINT('',(-0.0107926096859534,-0.0318135,0.0320259906592107));
#9212=CARTESIAN_POINT('',(0.0336996878910826,-0.0318135,0.0156393981165699));
#9213=CARTESIAN_POINT('',(-0.00869228407713219,-0.0318135,0.0354219216175493));
#9214=CARTESIAN_POINT('',(-0.00869228407713219,-0.0321945,0.0354219216175493));
#9215=CARTESIAN_POINT('',(-0.00875714405988513,-0.0318135,0.0353593038943883));
#9216=CARTESIAN_POINT('',(-0.00875714405988513,-0.0321945,0.0353593038943883));
#9217=CARTESIAN_POINT('',(-0.00888702479108164,-0.0318135,0.0352323458303458));
#9218=CARTESIAN_POINT('',(-0.00888702479108164,-0.0321945,0.0352323458303458));
#9219=CARTESIAN_POINT('',(-0.00931112658861721,-0.0318135,0.0348500736568327));
#9220=CARTESIAN_POINT('',(-0.00931112658861721,-0.0321945,0.0348500736568327));
#9221=CARTESIAN_POINT('',(-0.00991669121382946,-0.0318135,0.0339963322525738));
#9222=CARTESIAN_POINT('',(-0.00991669121382946,-0.0321945,0.0339963322525738));
#9223=CARTESIAN_POINT('',(-0.0103731795200766,-0.0318135,0.0331914693944682));
#9224=CARTESIAN_POINT('',(-0.0103731795200766,-0.0321945,0.0331914693944682));
#9225=CARTESIAN_POINT('',(-0.0106347178698497,-0.0318135,0.0324609738826527));
#9226=CARTESIAN_POINT('',(-0.0106347178698497,-0.0321945,0.0324609738826527));
#9227=CARTESIAN_POINT('',(-0.0107926096859534,-0.0318135,0.0320259906592107));
#9228=CARTESIAN_POINT('',(-0.0107926096859534,-0.0321945,0.0320259906592107));
#9229=CARTESIAN_POINT('',(-0.00869228407713219,-0.0318135,0.0354219216175493));
#9230=CARTESIAN_POINT('',(-0.00875564289064573,-0.0318135,0.0353607531670501));
#9231=CARTESIAN_POINT('',(-0.00891486561834254,-0.0318135,0.0352070352315917));
#9232=CARTESIAN_POINT('',(-0.00940865683897949,-0.0318135,0.034753278105504));
#9233=CARTESIAN_POINT('',(-0.00997732877163562,-0.0318135,0.0338817972863006));
#9234=CARTESIAN_POINT('',(-0.0103836122731889,-0.0318135,0.0331583970554342));
#9235=CARTESIAN_POINT('',(-0.0106260404675282,-0.0318135,0.0324848939678919));
#9236=CARTESIAN_POINT('',(-0.0107859269829053,-0.0318135,0.032044401136618));
#9237=CARTESIAN_POINT('',(-0.0107926096859534,-0.0318135,0.0320259906592107));
#9238=CARTESIAN_POINT('',(-0.0107926096859534,-0.0320675,0.0320259906592107));
#9239=CARTESIAN_POINT('',(-0.00221458555665963,-0.0318135,0.0265190097));
#9240=CARTESIAN_POINT('',(-0.0106534147635102,-0.0318135,0.0342519767582416));
#9241=CARTESIAN_POINT('',(-0.0106534147635102,-0.0318135,0.0338657808423844));
#9242=CARTESIAN_POINT('',(-0.0127321938052773,-0.0318135,0.0295148529112339));
#9243=CARTESIAN_POINT('',(-0.0127321938052773,-0.0318135,0.0289824198936623));
#9244=CARTESIAN_POINT('',(-0.013678346760571,-0.0318135,0.0220118835568428));
#9245=CARTESIAN_POINT('',(-0.013678346760571,-0.0318135,0.021437297805067));
#9246=CARTESIAN_POINT('',(-0.0127321938052773,-0.0318135,0.0145256817340851));
#9247=CARTESIAN_POINT('',(-0.0127321938052773,-0.0318135,0.0140326663313159));
#9248=CARTESIAN_POINT('',(-0.0107192685827613,-0.0318135,0.00980687141418457));
#9249=CARTESIAN_POINT('',(-0.0107192685827613,-0.0318135,0.00943047105267916));
#9250=CARTESIAN_POINT('',(-0.00221458555665963,-0.0315595,0.0265190097));
#9251=CARTESIAN_POINT('',(-0.000174270215211436,-0.0315595,0.0143680879846215));
#9252=CARTESIAN_POINT('',(-0.000174270215211436,-0.0315595,0.0138806896489264));
#9253=CARTESIAN_POINT('',(-0.000174270215211436,-0.0315595,0.0143680879846215));
#9254=CARTESIAN_POINT('',(-0.00221458555665963,-0.0315595,0.0265190097));
#9255=CARTESIAN_POINT('',(0.00205019372515381,-0.0315595,0.00949311070144176));
#9256=CARTESIAN_POINT('',(0.00205019372515381,-0.0315595,0.00909056107957983));
#9257=CARTESIAN_POINT('',(0.00205019372515381,-0.0315595,0.00949311070144176));
#9258=CARTESIAN_POINT('',(-0.00221458555665963,-0.0315595,0.0265190097));
#9259=CARTESIAN_POINT('',(-0.00111333571840078,-0.0315595,0.0220458805561066));
#9260=CARTESIAN_POINT('',(-0.00111333571840078,-0.0315595,0.0215111923065457));
#9261=CARTESIAN_POINT('',(-0.00111333571840078,-0.0315595,0.0220458805561066));
#9262=CARTESIAN_POINT('',(-0.00221458555665963,-0.0315595,0.0265190097));
#9263=CARTESIAN_POINT('',(-0.0106534147635102,-0.0315595,0.0342519767582416));
#9264=CARTESIAN_POINT('',(-0.0106534147635102,-0.0315595,0.0338657808423844));
#9265=CARTESIAN_POINT('',(-0.0106534147635102,-0.0315595,0.0342519767582416));
#9266=CARTESIAN_POINT('',(-0.00221458555665963,-0.0315595,0.0265190097));
#9267=CARTESIAN_POINT('',(-0.0127321938052773,-0.0315595,0.0295148529112339));
#9268=CARTESIAN_POINT('',(-0.0127321938052773,-0.0315595,0.0289824198936623));
#9269=CARTESIAN_POINT('',(-0.0127321938052773,-0.0315595,0.0295148529112339));
#9270=CARTESIAN_POINT('',(-0.00221458555665963,-0.0315595,0.0265190097));
#9271=CARTESIAN_POINT('',(-0.013678346760571,-0.0315595,0.0220118835568428));
#9272=CARTESIAN_POINT('',(-0.013678346760571,-0.0315595,0.021437297805067));
#9273=CARTESIAN_POINT('',(-0.013678346760571,-0.0315595,0.0220118835568428));
#9274=CARTESIAN_POINT('',(-0.00221458555665963,-0.0315595,0.0265190097));
#9275=CARTESIAN_POINT('',(-0.0127321938052773,-0.0315595,0.0145256817340851));
#9276=CARTESIAN_POINT('',(-0.0127321938052773,-0.0315595,0.0140326663313159));
#9277=CARTESIAN_POINT('',(-0.0127321938052773,-0.0315595,0.0145256817340851));
#9278=CARTESIAN_POINT('',(-0.0160031855420266,-0.0318135,0.0327144168022562));
#9279=CARTESIAN_POINT('',(-0.0160031855420266,-0.0321945,0.0327144168022562));
#9280=CARTESIAN_POINT('',(-0.0163225138137226,-0.0318135,0.0326178739941694));
#9281=CARTESIAN_POINT('',(-0.0163225138137226,-0.0321945,0.0326178739941694));
#9282=CARTESIAN_POINT('',(-0.0169605532927354,-0.0318135,0.032424951181099));
#9283=CARTESIAN_POINT('',(-0.0169605532927354,-0.0321945,0.032424951181099));
#9284=CARTESIAN_POINT('',(-0.0177344752180996,-0.0318135,0.0321328511220849));
#9285=CARTESIAN_POINT('',(-0.0177344752180996,-0.0321945,0.0321328511220849));
#9286=CARTESIAN_POINT('',(-0.0180897556997049,-0.0318135,0.0318503676054197));
#9287=CARTESIAN_POINT('',(-0.0180897556997049,-0.0321945,0.0318503676054197));
#9288=CARTESIAN_POINT('',(-0.018571214628799,-0.0318135,0.031384575449534));
#9289=CARTESIAN_POINT('',(-0.018571214628799,-0.0321945,0.031384575449534));
#9290=CARTESIAN_POINT('',(-0.0192111732621437,-0.0318135,0.0307038707659099));
#9291=CARTESIAN_POINT('',(-0.0192111732621437,-0.0321945,0.0307038707659099));
#9292=CARTESIAN_POINT('',(-0.0197224388383841,-0.0318135,0.0298455989730317));
#9293=CARTESIAN_POINT('',(-0.0197224388383841,-0.0321945,0.0298455989730317));
#9294=CARTESIAN_POINT('',(-0.020090369999263,-0.0318135,0.0289232234590234));
#9295=CARTESIAN_POINT('',(-0.020090369999263,-0.0321945,0.0289232234590234));
#9296=CARTESIAN_POINT('',(-0.0203933205932184,-0.0318135,0.0281528981499574));
#9297=CARTESIAN_POINT('',(-0.0203933205932184,-0.0321945,0.0281528981499574));
#9298=CARTESIAN_POINT('',(-0.0206574978686059,-0.0318135,0.0275450238876653));
#9299=CARTESIAN_POINT('',(-0.0206574978686059,-0.0321945,0.0275450238876653));
#9300=CARTESIAN_POINT('',(-0.0208680485570773,-0.0318135,0.0268031564001378));
#9301=CARTESIAN_POINT('',(-0.0208680485570773,-0.0321945,0.0268031564001378));
#9302=CARTESIAN_POINT('',(-0.0210339360114106,-0.0318135,0.0259522466747414));
#9303=CARTESIAN_POINT('',(-0.0210339360114106,-0.0321945,0.0259522466747414));
#9304=CARTESIAN_POINT('',(-0.0211695054909489,-0.0318135,0.0251109641242746));
#9305=CARTESIAN_POINT('',(-0.0211695054909489,-0.0321945,0.0251109641242746));
#9306=CARTESIAN_POINT('',(-0.0212771295638133,-0.0318135,0.0242720533801975));
#9307=CARTESIAN_POINT('',(-0.0212771295638133,-0.0321945,0.0242720533801975));
#9308=CARTESIAN_POINT('',(-0.0213578396423003,-0.0318135,0.023399348059799));
#9309=CARTESIAN_POINT('',(-0.0213578396423003,-0.0321945,0.023399348059799));
#9310=CARTESIAN_POINT('',(-0.0214049368886808,-0.0318135,0.0225363914424544));
#9311=CARTESIAN_POINT('',(-0.0214049368886808,-0.0321945,0.0225363914424544));
#9312=CARTESIAN_POINT('',(-0.0214079409503642,-0.0318135,0.0217674084026325));
#9313=CARTESIAN_POINT('',(-0.0214079409503642,-0.0321945,0.0217674084026325));
#9314=CARTESIAN_POINT('',(-0.0213691223848281,-0.0318135,0.0209879014503057));
#9315=CARTESIAN_POINT('',(-0.0213691223848281,-0.0321945,0.0209879014503057));
#9316=CARTESIAN_POINT('',(-0.0212941745154797,-0.0318135,0.0200324063280498));
#9317=CARTESIAN_POINT('',(-0.0212941745154797,-0.0321945,0.0200324063280498));
#9318=CARTESIAN_POINT('',(-0.0211793530620529,-0.0318135,0.0190236190631561));
#9319=CARTESIAN_POINT('',(-0.0211793530620529,-0.0321945,0.0190236190631561));
#9320=CARTESIAN_POINT('',(-0.0210197158780717,-0.0318135,0.0181459940076071));
#9321=CARTESIAN_POINT('',(-0.0210197158780717,-0.0321945,0.0181459940076071));
#9322=CARTESIAN_POINT('',(-0.0208148485267909,-0.0318135,0.0173399684302011));
#9323=CARTESIAN_POINT('',(-0.0208148485267909,-0.0321945,0.0173399684302011));
#9324=CARTESIAN_POINT('',(-0.0205721595171525,-0.0318135,0.0163741582728121));
#9325=CARTESIAN_POINT('',(-0.0205721595171525,-0.0321945,0.0163741582728121));
#9326=CARTESIAN_POINT('',(-0.0202729733496278,-0.0318135,0.0152817124948092));
#9327=CARTESIAN_POINT('',(-0.0202729733496278,-0.0321945,0.0152817124948092));
#9328=CARTESIAN_POINT('',(-0.019878345238265,-0.0318135,0.0142650876568481));
#9329=CARTESIAN_POINT('',(-0.019878345238265,-0.0321945,0.0142650876568481));
#9330=CARTESIAN_POINT('',(-0.0193585582031729,-0.0318135,0.0134793012781504));
#9331=CARTESIAN_POINT('',(-0.0193585582031729,-0.0321945,0.0134793012781504));
#9332=CARTESIAN_POINT('',(-0.0187959507625561,-0.0318135,0.0128670529472589));
#9333=CARTESIAN_POINT('',(-0.0187959507625561,-0.0321945,0.0128670529472589));
#9334=CARTESIAN_POINT('',(-0.0182679004046991,-0.0318135,0.0123735137708308));
#9335=CARTESIAN_POINT('',(-0.0182679004046991,-0.0321945,0.0123735137708308));
#9336=CARTESIAN_POINT('',(-0.0177585531811422,-0.0318135,0.0120014345716119));
#9337=CARTESIAN_POINT('',(-0.0177585531811422,-0.0321945,0.0120014345716119));
#9338=CARTESIAN_POINT('',(-0.0172921488625617,-0.0318135,0.0117667487014462));
#9339=CARTESIAN_POINT('',(-0.0172921488625617,-0.0321945,0.0117667487014462));
#9340=CARTESIAN_POINT('',(-0.0167669390821997,-0.0318135,0.0115546444667463));
#9341=CARTESIAN_POINT('',(-0.0167669390821997,-0.0321945,0.0115546444667463));
#9342=CARTESIAN_POINT('',(-0.0163444187540742,-0.0318135,0.0114011996893754));
#9343=CARTESIAN_POINT('',(-0.0163444187540742,-0.0321945,0.0114011996893754));
#9344=CARTESIAN_POINT('',(-0.0160310111746731,-0.0318135,0.011311625966833));
#9345=CARTESIAN_POINT('',(-0.0160310111746731,-0.0321945,0.011311625966833));
#9346=CARTESIAN_POINT('',(-0.0159647510994154,-0.0318135,0.0113582693530497));
#9347=CARTESIAN_POINT('',(-0.0159647510994154,-0.0321945,0.0113582693530497));
#9348=CARTESIAN_POINT('',(-0.0163015256799043,-0.0318135,0.0115987706155039));
#9349=CARTESIAN_POINT('',(-0.0163015256799043,-0.0321945,0.0115987706155039));
#9350=CARTESIAN_POINT('',(-0.016444490881363,-0.0318135,0.0117921480614234));
#9351=CARTESIAN_POINT('',(-0.016444490881363,-0.0321945,0.0117921480614234));
#9352=CARTESIAN_POINT('',(-0.016444490881363,-0.0318135,0.0117921480614234));
#9353=CARTESIAN_POINT('',(-0.016444490881363,-0.0318135,0.0117921480614234));
#9354=CARTESIAN_POINT('',(-0.0160031855420266,-0.0318135,0.0327144168022562));
#9355=CARTESIAN_POINT('',(-0.0166580541630123,-0.0318135,0.032516429773854));
#9356=CARTESIAN_POINT('',(-0.0177292916505788,-0.0318135,0.0321925615655773));
#9357=CARTESIAN_POINT('',(-0.0182584405242972,-0.0318135,0.0316766032289396));
#9358=CARTESIAN_POINT('',(-0.0195458648082311,-0.0318135,0.0304566048637243));
#9359=CARTESIAN_POINT('',(-0.0202334223293071,-0.0318135,0.0284797855519337));
#9360=CARTESIAN_POINT('',(-0.0207578590341514,-0.0318135,0.0273696944915461));
#9361=CARTESIAN_POINT('',(-0.0210814891486173,-0.0318135,0.0257462180482021));
#9362=CARTESIAN_POINT('',(-0.0213102094936053,-0.0318135,0.0241064625715147));
#9363=CARTESIAN_POINT('',(-0.0214295290026174,-0.0318135,0.0223532987208832));
#9364=CARTESIAN_POINT('',(-0.02137557598616,-0.0318135,0.0208920450968489));
#9365=CARTESIAN_POINT('',(-0.0211661849670876,-0.0318135,0.0186512229621082));
#9366=CARTESIAN_POINT('',(-0.0207074999445411,-0.0318135,0.0169573177999303));
#9367=CARTESIAN_POINT('',(-0.0200573292145101,-0.0318135,0.0142829983028945));
#9368=CARTESIAN_POINT('',(-0.018847612376155,-0.0318135,0.0128872586471016));
#9369=CARTESIAN_POINT('',(-0.01793813790035,-0.0318135,0.012086915684862));
#9370=CARTESIAN_POINT('',(-0.0171056913607359,-0.0318135,0.0116643707902355));
#9371=CARTESIAN_POINT('',(-0.0156283871666672,-0.0318135,0.0111437024518237));
#9372=CARTESIAN_POINT('',(-0.0162707297925631,-0.0318135,0.0115571155135761));
#9373=CARTESIAN_POINT('',(-0.016444490881363,-0.0318135,0.0117921480614234));
#9374=CARTESIAN_POINT('',(-0.0160031855420266,-0.0318135,0.0327144168022562));
#9375=CARTESIAN_POINT('',(-0.0160031855420266,-0.0318135,0.0327144168022562));
#9376=CARTESIAN_POINT('',(-0.016444490881363,-0.0318135,0.0117921480614234));
#9377=CARTESIAN_POINT('',(-0.016444490881363,-0.0321945,0.0117921480614234));
#9378=CARTESIAN_POINT('',(-0.0168022931504944,-0.0318135,0.0120796895853112));
#9379=CARTESIAN_POINT('',(-0.0168022931504944,-0.0321945,0.0120796895853112));
#9380=CARTESIAN_POINT('',(-0.0173517392840848,-0.0318135,0.0125016280306366));
#9381=CARTESIAN_POINT('',(-0.0173517392840848,-0.0321945,0.0125016280306366));
#9382=CARTESIAN_POINT('',(-0.0178193816108504,-0.0318135,0.0130734498700968));
#9383=CARTESIAN_POINT('',(-0.0178193816108504,-0.0321945,0.0130734498700968));
#9384=CARTESIAN_POINT('',(-0.0180569789247555,-0.0318135,0.0134706586337348));
#9385=CARTESIAN_POINT('',(-0.0180569789247555,-0.0321945,0.0134706586337348));
#9386=CARTESIAN_POINT('',(-0.0181807148515442,-0.0318135,0.0137004693970028));
#9387=CARTESIAN_POINT('',(-0.0181807148515442,-0.0321945,0.0137004693970028));
#9388=CARTESIAN_POINT('',(-0.0181807148515442,-0.0320675,0.0137004693970028));
#9389=CARTESIAN_POINT('',(-0.0181807148515442,-0.0320675,0.0137004693970028));
#9390=CARTESIAN_POINT('',(-0.0181807148515442,-0.0318135,0.0137004693970028));
#9391=CARTESIAN_POINT('',(-0.0181807148515442,-0.0318135,0.0137004693970028));
#9392=CARTESIAN_POINT('',(-0.016444490881363,-0.0318135,0.0117921480614234));
#9393=CARTESIAN_POINT('',(-0.0167661935499694,-0.0318135,0.0120506787739155));
#9394=CARTESIAN_POINT('',(-0.0174023093374436,-0.0318135,0.0125400177631225));
#9395=CARTESIAN_POINT('',(-0.0178408337155995,-0.0318135,0.0130975971223596));
#9396=CARTESIAN_POINT('',(-0.0181109213203004,-0.0318135,0.0135708441127172));
#9397=CARTESIAN_POINT('',(-0.0181807148515442,-0.0318135,0.0137004693970028));
#9398=CARTESIAN_POINT('',(-0.00701347284459253,-0.0318135,0.0196362718687733));
#9399=CARTESIAN_POINT('',(-0.00701347284459253,-0.0320675,0.0196362718687733));
#9400=CARTESIAN_POINT('',(-0.0187866631895303,-0.0320675,0.0150155499577523));
#9401=CARTESIAN_POINT('',(-0.0187866631895303,-0.0318135,0.0150155499577523));
#9402=CARTESIAN_POINT('',(-0.0187866631895303,-0.0318135,0.0150155499577523));
#9403=CARTESIAN_POINT('',(-0.00701347284459253,-0.0318135,0.0196362718687733));
#9404=CARTESIAN_POINT('',(-0.0187866631895303,-0.0318135,0.0150155499577523));
#9405=CARTESIAN_POINT('',(-0.0187866631895303,-0.0321945,0.0150155499577523));
#9406=CARTESIAN_POINT('',(-0.0188813217960991,-0.0318135,0.015282752450717));
#9407=CARTESIAN_POINT('',(-0.0188813217960991,-0.0321945,0.015282752450717));
#9408=CARTESIAN_POINT('',(-0.0191771906714881,-0.0318135,0.0157658542095678));
#9409=CARTESIAN_POINT('',(-0.0191771906714881,-0.0321945,0.0157658542095678));
#9410=CARTESIAN_POINT('',(-0.019232479196749,-0.0318135,0.0162896318524097));
#9411=CARTESIAN_POINT('',(-0.019232479196749,-0.0321945,0.0162896318524097));
#9412=CARTESIAN_POINT('',(-0.019321854816476,-0.0318135,0.0165151670280386));
#9413=CARTESIAN_POINT('',(-0.019321854816476,-0.0321945,0.0165151670280386));
#9414=CARTESIAN_POINT('',(-0.019321854816476,-0.0318135,0.0165151670280386));
#9415=CARTESIAN_POINT('',(-0.019321854816476,-0.0318135,0.0165151670280386));
#9416=CARTESIAN_POINT('',(-0.0187866631895303,-0.0318135,0.0150155499577523));
#9417=CARTESIAN_POINT('',(-0.0188850118404487,-0.0318135,0.0152931687148592));
#9418=CARTESIAN_POINT('',(-0.0191806139782211,-0.0318135,0.0157758174748163));
#9419=CARTESIAN_POINT('',(-0.0192359632962147,-0.0318135,0.0162984238136547));
#9420=CARTESIAN_POINT('',(-0.019321854816476,-0.0318135,0.0165151670280386));
#9421=CARTESIAN_POINT('',(-0.0187866631895303,-0.0320675,0.0150155499577523));
#9422=CARTESIAN_POINT('',(-0.019321854816476,-0.0318135,0.0165151670280386));
#9423=CARTESIAN_POINT('',(-0.019321854816476,-0.0321945,0.0165151670280386));
#9424=CARTESIAN_POINT('',(-0.019430806166195,-0.0318135,0.0168333124933331));
#9425=CARTESIAN_POINT('',(-0.019430806166195,-0.0321945,0.0168333124933331));
#9426=CARTESIAN_POINT('',(-0.0196317602959943,-0.0318135,0.017535453808593));
#9427=CARTESIAN_POINT('',(-0.0196317602959943,-0.0321945,0.017535453808593));
#9428=CARTESIAN_POINT('',(-0.0197610200288256,-0.0318135,0.0183410242203859));
#9429=CARTESIAN_POINT('',(-0.0197610200288256,-0.0321945,0.0183410242203859));
#9430=CARTESIAN_POINT('',(-0.0198282169272811,-0.0318135,0.0188519799408443));
#9431=CARTESIAN_POINT('',(-0.0198282169272811,-0.0321945,0.0188519799408443));
#9432=CARTESIAN_POINT('',(-0.0198282169273283,-0.0320675,0.0188519799412036));
#9433=CARTESIAN_POINT('',(-0.0198282169273283,-0.0320675,0.0188519799412036));
#9434=CARTESIAN_POINT('',(-0.0198282169273283,-0.0318135,0.0188519799412036));
#9435=CARTESIAN_POINT('',(-0.0198282169273283,-0.0318135,0.0188519799412036));
#9436=CARTESIAN_POINT('',(-0.019321854816476,-0.0318135,0.0165151670280386));
#9437=CARTESIAN_POINT('',(-0.0193723019893868,-0.0318135,0.0166624762567897));
#9438=CARTESIAN_POINT('',(-0.0194782501614684,-0.0318135,0.0169718522359866));
#9439=CARTESIAN_POINT('',(-0.0196146945893602,-0.0318135,0.0175385886199114));
#9440=CARTESIAN_POINT('',(-0.0197286113517977,-0.0318135,0.0181529375082668));
#9441=CARTESIAN_POINT('',(-0.0197963002163681,-0.0318135,0.0186092897811194));
#9442=CARTESIAN_POINT('',(-0.0198282169272811,-0.0318135,0.0188519799408443));
#9443=CARTESIAN_POINT('',(0.00847112146398535,-0.0318134999999899,0.0225854267753335));
#9444=CARTESIAN_POINT('',(0.00847112146398535,-0.0320675,0.0225854267753335));
#9445=CARTESIAN_POINT('',(-0.01994713034571,-0.0320675,0.0199056500524689));
#9446=CARTESIAN_POINT('',(-0.01994713034571,-0.0318135,0.0199056500524689));
#9447=CARTESIAN_POINT('',(-0.01994713034571,-0.0318135,0.0199056500524689));
#9448=CARTESIAN_POINT('',(0.00847112146398535,-0.0318135,0.0225854267753335));
#9449=CARTESIAN_POINT('',(-0.01994713034571,-0.0318135,0.0199056500524689));
#9450=CARTESIAN_POINT('',(-0.01994713034571,-0.0321945,0.0199056500524689));
#9451=CARTESIAN_POINT('',(-0.019982457870978,-0.0318135,0.0202888007870675));
#9452=CARTESIAN_POINT('',(-0.019982457870978,-0.0321945,0.0202888007870675));
#9453=CARTESIAN_POINT('',(-0.0200337701765331,-0.0318135,0.02109071595924));
#9454=CARTESIAN_POINT('',(-0.0200337701765331,-0.0321945,0.02109071595924));
#9455=CARTESIAN_POINT('',(-0.0199896419719985,-0.0318135,0.022162913269348));
#9456=CARTESIAN_POINT('',(-0.0199896419719985,-0.0321945,0.022162913269348));
#9457=CARTESIAN_POINT('',(-0.0200202608808699,-0.0318135,0.0229938538306897));
#9458=CARTESIAN_POINT('',(-0.0200202608808699,-0.0321945,0.0229938538306897));
#9459=CARTESIAN_POINT('',(-0.020005006831873,-0.0318135,0.0237526095910653));
#9460=CARTESIAN_POINT('',(-0.020005006831873,-0.0321945,0.0237526095910653));
#9461=CARTESIAN_POINT('',(-0.0199658308963391,-0.0318135,0.0242373404908442));
#9462=CARTESIAN_POINT('',(-0.0199658308963391,-0.0321945,0.0242373404908442));
#9463=CARTESIAN_POINT('',(-0.0199658308963391,-0.0320675,0.0242373404908446));
#9464=CARTESIAN_POINT('',(-0.0199658308963391,-0.0320675,0.0242373404908446));
#9465=CARTESIAN_POINT('',(-0.0199658308963391,-0.0318135,0.0242373404908446));
#9466=CARTESIAN_POINT('',(-0.0199658308963391,-0.0318135,0.0242373404908446));
#9467=CARTESIAN_POINT('',(-0.01994713034571,-0.0318135,0.0199056500524689));
#9468=CARTESIAN_POINT('',(-0.0199766168457269,-0.0318135,0.0202254509458661));
#9469=CARTESIAN_POINT('',(-0.0200408605271612,-0.0318135,0.021132579713565));
#9470=CARTESIAN_POINT('',(-0.0199745440668339,-0.0318135,0.0224071247484391));
#9471=CARTESIAN_POINT('',(-0.020033892807036,-0.0318135,0.0232488650528386));
#9472=CARTESIAN_POINT('',(-0.0199810237755035,-0.0318135,0.0240493562630972));
#9473=CARTESIAN_POINT('',(-0.0199658308963391,-0.0318135,0.0242373404908442));
#9474=CARTESIAN_POINT('',(-0.01994713034571,-0.0320675,0.0199056500524689));
#9475=CARTESIAN_POINT('',(0.00527382349181205,-0.0318135000000065,0.0221602584794242));
#9476=CARTESIAN_POINT('',(0.00527382349181205,-0.0320675,0.0221602584794242));
#9477=CARTESIAN_POINT('',(-0.0198630953367201,-0.0320675,0.0252420340221215));
#9478=CARTESIAN_POINT('',(-0.0198630953367201,-0.0318135,0.0252420340221215));
#9479=CARTESIAN_POINT('',(-0.0198630953367201,-0.0318135,0.0252420340221215));
#9480=CARTESIAN_POINT('',(0.00527382349181205,-0.0318135,0.0221602584794242));
#9481=CARTESIAN_POINT('',(-0.0198630953367018,-0.0318135,0.0252420340222724));
#9482=CARTESIAN_POINT('',(-0.0198630953367018,-0.0321945,0.0252420340222724));
#9483=CARTESIAN_POINT('',(-0.0198110070503222,-0.0318135,0.0256691587174739));
#9484=CARTESIAN_POINT('',(-0.0198110070503222,-0.0321945,0.0256691587174739));
#9485=CARTESIAN_POINT('',(-0.0196873900573891,-0.0318135,0.0265091025225321));
#9486=CARTESIAN_POINT('',(-0.0196873900573891,-0.0321945,0.0265091025225321));
#9487=CARTESIAN_POINT('',(-0.0195040986336159,-0.0318135,0.0272120351625015));
#9488=CARTESIAN_POINT('',(-0.0195040986336159,-0.0321945,0.0272120351625015));
#9489=CARTESIAN_POINT('',(-0.019241704968437,-0.0318135,0.0279196979655017));
#9490=CARTESIAN_POINT('',(-0.019241704968437,-0.0321945,0.0279196979655017));
#9491=CARTESIAN_POINT('',(-0.018966578949376,-0.0318135,0.0286414689179502));
#9492=CARTESIAN_POINT('',(-0.018966578949376,-0.0321945,0.0286414689179502));
#9493=CARTESIAN_POINT('',(-0.0188015235934917,-0.0318135,0.0290128984305543));
#9494=CARTESIAN_POINT('',(-0.0188015235934917,-0.0321945,0.0290128984305543));
#9495=CARTESIAN_POINT('',(-0.0188015235928472,-0.0320675,0.0290128984320045));
#9496=CARTESIAN_POINT('',(-0.0188015235928472,-0.0320675,0.0290128984320045));
#9497=CARTESIAN_POINT('',(-0.0188015235928472,-0.0318135,0.0290128984320045));
#9498=CARTESIAN_POINT('',(-0.0188015235928472,-0.0318135,0.0290128984320045));
#9499=CARTESIAN_POINT('',(-0.0198630953367018,-0.0318135,0.0252420340222724));
#9500=CARTESIAN_POINT('',(-0.019805337154237,-0.0318135,0.0257156519466731));
#9501=CARTESIAN_POINT('',(-0.0196395495083625,-0.0318135,0.0268185632536001));
#9502=CARTESIAN_POINT('',(-0.0193907951154865,-0.0318135,0.0275085359303229));
#9503=CARTESIAN_POINT('',(-0.0190216032819417,-0.0318135,0.0285176458470976));
#9504=CARTESIAN_POINT('',(-0.0188015235934917,-0.0318135,0.0290128984305543));
#9505=CARTESIAN_POINT('',(-0.0198630953367201,-0.0320675,0.0252420340221215));
#9506=CARTESIAN_POINT('',(-0.00991597639813935,-0.0318134999999992,0.0251537502635408));
#9507=CARTESIAN_POINT('',(-0.00991597639813935,-0.0320675,0.0251537502635408));
#9508=CARTESIAN_POINT('',(-0.0180769749625881,-0.0320675,0.0303700613071162));
#9509=CARTESIAN_POINT('',(-0.0180769749625881,-0.0318135,0.0303700613071162));
#9510=CARTESIAN_POINT('',(-0.0180769749625881,-0.0318135,0.0303700613071162));
#9511=CARTESIAN_POINT('',(-0.00991597639813935,-0.0318135,0.0251537502635408));
#9512=CARTESIAN_POINT('',(-0.018076974962588,-0.0318135,0.0303700613071165));
#9513=CARTESIAN_POINT('',(-0.018076974962588,-0.0321945,0.0303700613071165));
#9514=CARTESIAN_POINT('',(-0.0177677291075227,-0.0318135,0.0308480244997044));
#9515=CARTESIAN_POINT('',(-0.0177677291075227,-0.0321945,0.0308480244997044));
#9516=CARTESIAN_POINT('',(-0.017244682880997,-0.0318135,0.0315113162326239));
#9517=CARTESIAN_POINT('',(-0.017244682880997,-0.0321945,0.0315113162326239));
#9518=CARTESIAN_POINT('',(-0.016661014265898,-0.0318135,0.0321277257539327));
#9519=CARTESIAN_POINT('',(-0.016661014265898,-0.0321945,0.0321277257539327));
#9520=CARTESIAN_POINT('',(-0.0163362068916838,-0.0318135,0.0324141125893099));
#9521=CARTESIAN_POINT('',(-0.0163362068916838,-0.0321945,0.0324141125893099));
#9522=CARTESIAN_POINT('',(-0.0161705259757761,-0.0318135,0.0325358778498312));
#9523=CARTESIAN_POINT('',(-0.0161705259757761,-0.0321945,0.0325358778498312));
#9524=CARTESIAN_POINT('',(-0.0160680449935355,-0.0318135,0.0325934384992226));
#9525=CARTESIAN_POINT('',(-0.0160680449935355,-0.0321945,0.0325934384992226));
#9526=CARTESIAN_POINT('',(-0.0158791563893681,-0.0318135,0.0326581493198967));
#9527=CARTESIAN_POINT('',(-0.0158791563893681,-0.0321945,0.0326581493198967));
#9528=CARTESIAN_POINT('',(-0.0156169283443831,-0.0318135,0.0327397009314849));
#9529=CARTESIAN_POINT('',(-0.0156169283443831,-0.0321945,0.0327397009314849));
#9530=CARTESIAN_POINT('',(-0.0158789182607546,-0.0318135,0.0327220573735139));
#9531=CARTESIAN_POINT('',(-0.0158789182607546,-0.0321945,0.0327220573735139));
#9532=CARTESIAN_POINT('',(-0.0160031855420266,-0.0318135,0.0327144168022562));
#9533=CARTESIAN_POINT('',(-0.0160031855420266,-0.0321945,0.0327144168022562));
#9534=CARTESIAN_POINT('',(-0.018076974962588,-0.0318135,0.0303700613071165));
#9535=CARTESIAN_POINT('',(-0.0176041838517427,-0.0318135,0.031100796238775));
#9536=CARTESIAN_POINT('',(-0.0167292482526955,-0.0318135,0.0321036179739094));
#9537=CARTESIAN_POINT('',(-0.0162034208964717,-0.0318135,0.0325162213991166));
#9538=CARTESIAN_POINT('',(-0.0160416590889566,-0.0318135,0.0326132574868927));
#9539=CARTESIAN_POINT('',(-0.0155822003769581,-0.0318135,0.0327403010559743));
#9540=CARTESIAN_POINT('',(-0.0158643315874491,-0.0318135,0.032722954234825));
#9541=CARTESIAN_POINT('',(-0.0160031855420266,-0.0318135,0.0327144168022562));
#9542=CARTESIAN_POINT('',(-0.0180769749625881,-0.0320675,0.0303700613071162));
#9543=CARTESIAN_POINT('',(-0.00221458555665963,-0.0318135,0.0265190097));
#9544=CARTESIAN_POINT('',(-0.0181714091449976,-0.0318135,0.0310224276036024));
#9545=CARTESIAN_POINT('',(-0.0181714091449976,-0.0318135,0.0307320598869549));
#9546=CARTESIAN_POINT('',(-0.0198058970272541,-0.0318135,0.0274567548185587));
#9547=CARTESIAN_POINT('',(-0.0198058970272541,-0.0318135,0.0271343495696783));
#9548=CARTESIAN_POINT('',(-0.0205794740468263,-0.0318135,0.0219790935516358));
#9549=CARTESIAN_POINT('',(-0.0205794740468263,-0.0318135,0.0215892351757094));
#9550=CARTESIAN_POINT('',(-0.0197468232363462,-0.0318135,0.0165457669645548));
#9551=CARTESIAN_POINT('',(-0.0197468232363462,-0.0318135,0.0162180764618647));
#9552=CARTESIAN_POINT('',(-0.0180589463561774,-0.0318135,0.0128725260201384));
#9553=CARTESIAN_POINT('',(-0.0180589463561774,-0.0318135,0.0126132264847665));
#9554=CARTESIAN_POINT('',(-0.00221458555665963,-0.0315595,0.0265190097));
#9555=CARTESIAN_POINT('',(-0.0197468232363462,-0.0315595,0.0165457669645548));
#9556=CARTESIAN_POINT('',(-0.0197468232363462,-0.0315595,0.0162180764618647));
#9557=CARTESIAN_POINT('',(-0.0197468232363462,-0.0315595,0.0165457669645548));
#9558=CARTESIAN_POINT('',(-0.00221458555665963,-0.0315595,0.0265190097));
#9559=CARTESIAN_POINT('',(-0.0205794740468263,-0.0315595,0.0219790935516358));
#9560=CARTESIAN_POINT('',(-0.0205794740468263,-0.0315595,0.0215892351757094));
#9561=CARTESIAN_POINT('',(-0.0205794740468263,-0.0315595,0.0219790935516358));
#9562=CARTESIAN_POINT('',(-0.00221458555665963,-0.0315595,0.0265190097));
#9563=CARTESIAN_POINT('',(-0.0198058970272541,-0.0315595,0.0274567548185587));
#9564=CARTESIAN_POINT('',(-0.0198058970272541,-0.0315595,0.0271343495696783));
#9565=CARTESIAN_POINT('',(-0.0198058970272541,-0.0315595,0.0274567548185587));
#9566=CARTESIAN_POINT('',(-0.00221458555665963,-0.0315595,0.0265190097));
#9567=CARTESIAN_POINT('',(0.00609484268352389,-0.0315595,0.0220195446163416));
#9568=CARTESIAN_POINT('',(0.00609484268352389,-0.0315595,0.0215257319730645));
#9569=CARTESIAN_POINT('',(0.00609484268352389,-0.0315595,0.0220195446163416));
#9570=CARTESIAN_POINT('',(-0.00221458555665963,-0.0315595,0.0265190097));
#9571=CARTESIAN_POINT('',(0.007161068264395,-0.0315595,0.0149153079837561));
#9572=CARTESIAN_POINT('',(0.007161068264395,-0.0315595,0.0143791800287431));
#9573=CARTESIAN_POINT('',(0.007161068264395,-0.0315595,0.0149153079837561));
#9574=CARTESIAN_POINT('',(-0.00221458555665963,-0.0315595,0.0265190097));
#9575=CARTESIAN_POINT('',(0.0098545690998435,-0.0315595,0.0104198530316353));
#9576=CARTESIAN_POINT('',(0.0098545690998435,-0.0315595,0.0100585587280042));
#9577=CARTESIAN_POINT('',(0.0098545690998435,-0.0315595,0.0104198530316353));
#9578=CARTESIAN_POINT('',(-0.00221458555665963,-0.0315595,0.0265190097));
#9579=CARTESIAN_POINT('',(-0.0181714091449976,-0.0315595,0.0310224276036024));
#9580=CARTESIAN_POINT('',(-0.0181714091449976,-0.0315595,0.0307320598869549));
#9581=CARTESIAN_POINT('',(-0.0181714091449976,-0.0315595,0.0310224276036024));
#9582=CARTESIAN_POINT('',(0.,-0.0321945,0.018467451));
#9583=CARTESIAN_POINT('',(0.00912603679281542,-0.0321945,0.0187229649705586));
#9584=CARTESIAN_POINT('',(0.00907879539227937,-0.0321945,0.0208937431750936));
#9585=CARTESIAN_POINT('',(0.00917327819335152,-0.0321945,0.0165521867660236));
#9586=CARTESIAN_POINT('',(0.00912047207749342,-0.0321945,0.0220398678509636));
#9587=CARTESIAN_POINT('',(0.00916214876270746,-0.0321945,0.0231859925268335));
#9588=CARTESIAN_POINT('',(0.00916214876270746,-0.0321945,0.02682958113415));
#9589=CARTESIAN_POINT('',(0.00916214876270746,-0.0321945,0.0271944001887588));
#9590=CARTESIAN_POINT('',(0.00970944990369152,-0.0321945,0.0292196174654134));
#9591=CARTESIAN_POINT('',(0.00968796799676072,-0.0321945,0.0291489265870825));
#9592=CARTESIAN_POINT('',(0.00957685544188554,-0.0321945,0.0287881926113419));
#9593=CARTESIAN_POINT('',(0.00938218327487786,-0.0321945,0.0282755959361755));
#9594=CARTESIAN_POINT('',(0.00927994169176536,-0.0321945,0.0277015787542615));
#9595=CARTESIAN_POINT('',(0.00919210474064907,-0.0321945,0.0273253438186517));
#9596=CARTESIAN_POINT('',(0.00916214876179595,-0.0321945,0.0271944001847746));
#9597=CARTESIAN_POINT('',(0.00970944990369152,-0.0321945,0.0292196174654134));
#9598=CARTESIAN_POINT('',(0.00970944990751295,-0.0321945,0.0290526838148189));
#9599=CARTESIAN_POINT('',(0.00970944990751295,-0.0321945,0.0288857501516491));
#9600=CARTESIAN_POINT('',(0.00975870942112951,-0.0321945,0.0252066599721462));
#9601=CARTESIAN_POINT('',(0.00980796893474607,-0.0321945,0.0215275697926431));
#9602=CARTESIAN_POINT('',(0.00980796893474607,-0.0321945,0.0196232535461336));
#9603=CARTESIAN_POINT('',(0.00980796893474607,-0.0321945,0.0177189372996241));
#9604=CARTESIAN_POINT('',(0.00986931255168126,-0.0321945,0.015956722273962));
#9605=CARTESIAN_POINT('',(0.00993065616861646,-0.0321945,0.0141945072482999));
#9606=CARTESIAN_POINT('',(0.00917327819272579,-0.0321945,0.0165521867685793));
#9607=CARTESIAN_POINT('',(0.00934488798068943,-0.0321945,0.0158512753562182));
#9608=CARTESIAN_POINT('',(0.00964262913373625,-0.0321945,0.0149105089700965));
#9609=CARTESIAN_POINT('',(0.00991045804058933,-0.0321945,0.0142436603446732));
#9610=CARTESIAN_POINT('',(0.00993065615795621,-0.0321945,0.0141945072742421));
#9611=CARTESIAN_POINT('',(0.0110264010727406,-0.0321945,0.031358927488327));
#9612=CARTESIAN_POINT('',(0.0110936020184369,-0.0321945,0.0277745892116384));
#9613=CARTESIAN_POINT('',(0.0111960132075062,-0.0321945,0.0223117597208232));
#9614=CARTESIAN_POINT('',(0.0112278906830019,-0.0321945,0.019820748047195));
#9615=CARTESIAN_POINT('',(0.0113798829983446,-0.0321945,0.0172416296161862));
#9616=CARTESIAN_POINT('',(0.0114968965924766,-0.0321945,0.0161954675469036));
#9617=CARTESIAN_POINT('',(0.0116494089252862,-0.0321945,0.014111742537418));
#9618=CARTESIAN_POINT('',(0.0116889007317351,-0.0321945,0.0125877673892483));
#9619=CARTESIAN_POINT('',(0.0117082493673506,-0.0321945,0.0117937280143603));
#9620=CARTESIAN_POINT('',(0.0110264010727406,-0.0321945,0.031358927488327));
#9621=CARTESIAN_POINT('',(0.0117082493673506,-0.0321945,0.0117937280143603));
#9622=CARTESIAN_POINT('',(0.0110264010727406,-0.0321945,0.0315747927224222));
#9623=CARTESIAN_POINT('',(0.0110264010727406,-0.0321945,0.0317906579565174));
#9624=CARTESIAN_POINT('',(0.0116411542056397,-0.0321945,0.0322051873967475));
#9625=CARTESIAN_POINT('',(0.0115142989601674,-0.0321945,0.0321565200593698));
#9626=CARTESIAN_POINT('',(0.0113066277021207,-0.0321945,0.0320589389533084));
#9627=CARTESIAN_POINT('',(0.0111013010469779,-0.0321945,0.0318698526753894));
#9628=CARTESIAN_POINT('',(0.0110264010664153,-0.0321945,0.0317906579498294));
#9629=CARTESIAN_POINT('',(0.0116411542056397,-0.0321945,0.0322051873967475));
#9630=CARTESIAN_POINT('',(0.0116411542056397,-0.0321945,0.0322051873967475));
#9631=CARTESIAN_POINT('',(0.0116536284318075,-0.0321945,0.0319602340009304));
#9632=CARTESIAN_POINT('',(0.011681585363183,-0.0321945,0.031417358138536));
#9633=CARTESIAN_POINT('',(0.0116988142654857,-0.0321945,0.0303154982381146));
#9634=CARTESIAN_POINT('',(0.0115999055260943,-0.0321945,0.0282766521001632));
#9635=CARTESIAN_POINT('',(0.0117353480813352,-0.0321945,0.0263957176242691));
#9636=CARTESIAN_POINT('',(0.0118674699102935,-0.0321945,0.020493875181363));
#9637=CARTESIAN_POINT('',(0.0121069844174314,-0.0321945,0.0168720240443332));
#9638=CARTESIAN_POINT('',(0.0122799001483146,-0.0321945,0.0135043781964567));
#9639=CARTESIAN_POINT('',(0.0123690338258172,-0.0321945,0.0117213282102608));
#9640=CARTESIAN_POINT('',(0.0123690338258649,-0.0321945,0.0117213282102687));
#9641=CARTESIAN_POINT('',(0.0121809555928993,-0.0321945,0.0130449257243013));
#9642=CARTESIAN_POINT('',(0.013234500442248,-0.0321945,0.0149181801909847));
#9643=CARTESIAN_POINT('',(0.0130900871206839,-0.0321945,0.017415622940833));
#9644=CARTESIAN_POINT('',(0.0133789137638121,-0.0321945,0.0124207374411363));
#9645=CARTESIAN_POINT('',(0.0130900871206843,-0.0321945,0.0185039217980452));
#9646=CARTESIAN_POINT('',(0.0130900871206843,-0.0321945,0.0195922206552572));
#9647=CARTESIAN_POINT('',(0.120517142827387,-0.0321945,0.0236359117061408));
#9648=CARTESIAN_POINT('',(0.0130140092213098,-0.0321945,0.0236359117061406));
#9649=CARTESIAN_POINT('',(0.0130140092213098,-0.0321945,0.0303115172397028));
#9650=CARTESIAN_POINT('',(0.0130140092213098,-0.0321945,0.0310120672158262));
#9651=CARTESIAN_POINT('',(0.0130375657378521,-0.0321945,0.0315235958930158));
#9652=CARTESIAN_POINT('',(0.0130611024156741,-0.0321945,0.0320346937449883));
#9653=CARTESIAN_POINT('',(0.0107655449844948,-0.0321945,0.0291687927392885));
#9654=CARTESIAN_POINT('',(0.0136837717145769,-0.0321945,0.0313974527036128));
#9655=CARTESIAN_POINT('',(0.0136837717145769,-0.0321945,0.0199247179552851));
#9656=CARTESIAN_POINT('',(0.0136837717145769,-0.0321945,0.0183326732367215));
#9657=CARTESIAN_POINT('',(0.0137248914688913,-0.0321945,0.0169341485015986));
#9658=CARTESIAN_POINT('',(0.0137660112232057,-0.0321945,0.0155356237664757));
#9659=CARTESIAN_POINT('',(0.013837603911932,-0.0321945,0.0142975202489815));
#9660=CARTESIAN_POINT('',(0.0139091928922467,-0.0321945,0.0130594808638536));
#9661=CARTESIAN_POINT('',(0.00870000166029282,-0.0321945,0.0168436786863179));
#9662=CARTESIAN_POINT('',(0.0147445481270552,-0.0321945,0.0280078444629908));
#9663=CARTESIAN_POINT('',(0.0147585675749997,-0.0321945,0.0275865778531731));
#9664=CARTESIAN_POINT('',(0.0148294750372487,-0.0321945,0.02674147895517));
#9665=CARTESIAN_POINT('',(0.0149217231018282,-0.0321945,0.0255358210311094));
#9666=CARTESIAN_POINT('',(0.0149410926495938,-0.0321945,0.0241854211348863));
#9667=CARTESIAN_POINT('',(0.0150722725070202,-0.0321945,0.0231563104462374));
#9668=CARTESIAN_POINT('',(0.0150594066794018,-0.0321945,0.0198278855325497));
#9669=CARTESIAN_POINT('',(0.015031721502086,-0.0321945,0.0193432310466664));
#9670=CARTESIAN_POINT('',(0.0151585611282982,-0.0321945,0.0177385334951186));
#9671=CARTESIAN_POINT('',(0.0152503323595407,-0.0321945,0.0166448375108921));
#9672=CARTESIAN_POINT('',(0.0147445481270552,-0.0321945,0.0280078444629908));
#9673=CARTESIAN_POINT('',(0.0152503323595407,-0.0321945,0.0166448375108921));
#9674=CARTESIAN_POINT('',(0.0148468627594411,-0.0321945,0.0282112136483193));
#9675=CARTESIAN_POINT('',(0.0149491773918271,-0.0321945,0.0284145828336478));
#9676=CARTESIAN_POINT('',(0.0153684959603532,-0.0321945,0.0174089838638975));
#9677=CARTESIAN_POINT('',(0.0154154173480093,-0.0321945,0.0176290900005494));
#9678=CARTESIAN_POINT('',(0.0154887572097194,-0.0321945,0.0181183708913552));
#9679=CARTESIAN_POINT('',(0.0155743952419893,-0.0321945,0.0190374425801428));
#9680=CARTESIAN_POINT('',(0.0157807520057826,-0.0321945,0.0218055251031459));
#9681=CARTESIAN_POINT('',(0.0157644469271829,-0.0321945,0.0230976269211417));
#9682=CARTESIAN_POINT('',(0.0154213248507541,-0.0321945,0.0267475147673172));
#9683=CARTESIAN_POINT('',(0.0151336199688772,-0.0321945,0.0278167760670414));
#9684=CARTESIAN_POINT('',(0.0149491773918271,-0.0321945,0.0284145828336478));
#9685=CARTESIAN_POINT('',(0.0153684959603532,-0.0321945,0.0174089838638975));
#9686=CARTESIAN_POINT('',(0.0152503323610018,-0.0321945,0.0166448375165086));
#9687=CARTESIAN_POINT('',(0.0153144146888063,-0.0321945,0.0168911882280103));
#9688=CARTESIAN_POINT('',(0.0153620118565867,-0.0321945,0.0171366534504024));
#9689=CARTESIAN_POINT('',(0.0153684959603532,-0.0321945,0.0174089838638975));
#9690=CARTESIAN_POINT('',(-0.00221458555665963,-0.0315595,0.0265190097));
#9691=CARTESIAN_POINT('',(0.00719836447387934,-0.0315595,0.0291455201804638));
#9692=CARTESIAN_POINT('',(0.00719836447387934,-0.0315595,0.0286397206326735));
#9693=CARTESIAN_POINT('',(0.00719836447387934,-0.0315595,0.0291455201804638));
#9694=CARTESIAN_POINT('',(-0.00221458555665963,-0.0315595,0.0265190097));
#9695=CARTESIAN_POINT('',(-0.000129040650790557,-0.0315595,0.0297328419983387));
#9696=CARTESIAN_POINT('',(-0.000129040650790557,-0.0315595,0.0292222228051892));
#9697=CARTESIAN_POINT('',(-0.000129040650790557,-0.0315595,0.0297328419983387));
#9698=CARTESIAN_POINT('',(-0.00221458555665963,-0.0315595,0.0265190097));
#9699=CARTESIAN_POINT('',(-0.0107192685827613,-0.0315595,0.00980687141418457));
#9700=CARTESIAN_POINT('',(-0.0107192685827613,-0.0315595,0.00943047105267916));
#9701=CARTESIAN_POINT('',(-0.0107192685827613,-0.0315595,0.00980687141418457));
#9702=CARTESIAN_POINT('',(-0.00221458555665963,-0.0315595,0.0265190097));
#9703=CARTESIAN_POINT('',(-0.0180589463561774,-0.0315595,0.0128725260201384));
#9704=CARTESIAN_POINT('',(-0.0180589463561774,-0.0315595,0.0126132264847665));
#9705=CARTESIAN_POINT('',(-0.0180589463561774,-0.0315595,0.0128725260201384));
#9706=CARTESIAN_POINT('',(0.0147445481270552,-0.0320675,0.0280078444629908));
#9707=CARTESIAN_POINT('',(0.0147445481270552,-0.0321945,0.0280078444629908));
#9708=CARTESIAN_POINT('',(0.0147580086286443,-0.0320675,0.0276033734814438));
#9709=CARTESIAN_POINT('',(0.0147580086286443,-0.0321945,0.0276033734814438));
#9710=CARTESIAN_POINT('',(0.0148248711602741,-0.0320675,0.0267867631434209));
#9711=CARTESIAN_POINT('',(0.0148248711602741,-0.0321945,0.0267867631434209));
#9712=CARTESIAN_POINT('',(0.0149013994136607,-0.0320675,0.0258189367537116));
#9713=CARTESIAN_POINT('',(0.0149013994136607,-0.0321945,0.0258189367537116));
#9714=CARTESIAN_POINT('',(0.0149287501478688,-0.0320675,0.0249752900937415));
#9715=CARTESIAN_POINT('',(0.0149287501478688,-0.0321945,0.0249752900937415));
#9716=CARTESIAN_POINT('',(0.0149466710969627,-0.0320675,0.0243610305472159));
#9717=CARTESIAN_POINT('',(0.0149466710969627,-0.0321945,0.0243610305472159));
#9718=CARTESIAN_POINT('',(0.0149846776642795,-0.0320675,0.0238682720530819));
#9719=CARTESIAN_POINT('',(0.0149846776642795,-0.0321945,0.0238682720530819));
#9720=CARTESIAN_POINT('',(0.0150293433472843,-0.0320675,0.0233178563714957));
#9721=CARTESIAN_POINT('',(0.0150293433472843,-0.0321945,0.0233178563714957));
#9722=CARTESIAN_POINT('',(0.0150549143849005,-0.0320675,0.0223890180823315));
#9723=CARTESIAN_POINT('',(0.0150549143849005,-0.0321945,0.0223890180823315));
#9724=CARTESIAN_POINT('',(0.0150618309607666,-0.0320675,0.0212519929596567));
#9725=CARTESIAN_POINT('',(0.0150618309607666,-0.0321945,0.0212519929596567));
#9726=CARTESIAN_POINT('',(0.015058214814342,-0.0320675,0.0203955830924144));
#9727=CARTESIAN_POINT('',(0.015058214814342,-0.0321945,0.0203955830924144));
#9728=CARTESIAN_POINT('',(0.015052592018889,-0.0320675,0.0199019052597468));
#9729=CARTESIAN_POINT('',(0.015052592018889,-0.0321945,0.0199019052597468));
#9730=CARTESIAN_POINT('',(0.0150459466716978,-0.0320675,0.0195935067687256));
#9731=CARTESIAN_POINT('',(0.0150459466716978,-0.0321945,0.0195935067687256));
#9732=CARTESIAN_POINT('',(0.0150453302150151,-0.0320675,0.0193637514955592));
#9733=CARTESIAN_POINT('',(0.0150453302150151,-0.0321945,0.0193637514955592));
#9734=CARTESIAN_POINT('',(0.0150881817637117,-0.0320675,0.0186769160381333));
#9735=CARTESIAN_POINT('',(0.0150881817637117,-0.0321945,0.0186769160381333));
#9736=CARTESIAN_POINT('',(0.0151606279632994,-0.0320675,0.0177277760438191));
#9737=CARTESIAN_POINT('',(0.0151606279632994,-0.0321945,0.0177277760438191));
#9738=CARTESIAN_POINT('',(0.0152200465507474,-0.0320675,0.0170057727082065));
#9739=CARTESIAN_POINT('',(0.0152200465507474,-0.0321945,0.0170057727082065));
#9740=CARTESIAN_POINT('',(0.0152503323595407,-0.0320675,0.0166448375108921));
#9741=CARTESIAN_POINT('',(0.0152503323595407,-0.0321945,0.0166448375108921));
#9742=CARTESIAN_POINT('',(0.0152503323595407,-0.0320675,0.0166448375108921));
#9743=CARTESIAN_POINT('',(0.0152503323595407,-0.0320675,0.0166448375108921));
#9744=CARTESIAN_POINT('',(0.0147445481270552,-0.0320675,0.0280078444629908));
#9745=CARTESIAN_POINT('',(0.0147585675749997,-0.0320675,0.0275865778531731));
#9746=CARTESIAN_POINT('',(0.0148294750372487,-0.0320675,0.02674147895517));
#9747=CARTESIAN_POINT('',(0.0149217231018282,-0.0320675,0.0255358210311094));
#9748=CARTESIAN_POINT('',(0.0149410926495938,-0.0320675,0.0241854211348863));
#9749=CARTESIAN_POINT('',(0.0150722725070202,-0.0320675,0.0231563104462374));
#9750=CARTESIAN_POINT('',(0.0150594066794018,-0.0320675,0.0198278855325497));
#9751=CARTESIAN_POINT('',(0.015031721502086,-0.0320675,0.0193432310466664));
#9752=CARTESIAN_POINT('',(0.0151585611282982,-0.0320675,0.0177385334951186));
#9753=CARTESIAN_POINT('',(0.0152503323595407,-0.0320675,0.0166448375108921));
#9754=CARTESIAN_POINT('',(0.0147445481270552,-0.0320675,0.0280078444629908));
#9755=CARTESIAN_POINT('',(0.0147445481270552,-0.0320675,0.0280078444629908));
#9756=CARTESIAN_POINT('',(0.0152503323610018,-0.0320675,0.0166448375165086));
#9757=CARTESIAN_POINT('',(0.0152503323610018,-0.0321945,0.0166448375165086));
#9758=CARTESIAN_POINT('',(0.0153144146888063,-0.0320675,0.0168911882280103));
#9759=CARTESIAN_POINT('',(0.0153144146888063,-0.0321945,0.0168911882280103));
#9760=CARTESIAN_POINT('',(0.0153620118565867,-0.0320675,0.0171366534504024));
#9761=CARTESIAN_POINT('',(0.0153620118565867,-0.0321945,0.0171366534504024));
#9762=CARTESIAN_POINT('',(0.0153684959603532,-0.0320675,0.0174089838638975));
#9763=CARTESIAN_POINT('',(0.0153684959603532,-0.0321945,0.0174089838638975));
#9764=CARTESIAN_POINT('',(0.0153684959603532,-0.0320675,0.0174089838638975));
#9765=CARTESIAN_POINT('',(0.0153684959603532,-0.0320675,0.0174089838638975));
#9766=CARTESIAN_POINT('',(0.0152503323610018,-0.0320675,0.0166448375165086));
#9767=CARTESIAN_POINT('',(0.0153144146888063,-0.0320675,0.0168911882280103));
#9768=CARTESIAN_POINT('',(0.0153620118565867,-0.0320675,0.0171366534504024));
#9769=CARTESIAN_POINT('',(0.0153684959603532,-0.0320675,0.0174089838638975));
#9770=CARTESIAN_POINT('',(0.0153684959603532,-0.0320675,0.0174089838638975));
#9771=CARTESIAN_POINT('',(0.0153684959603532,-0.0321945,0.0174089838638975));
#9772=CARTESIAN_POINT('',(0.0154247760486903,-0.0320675,0.017672991248016));
#9773=CARTESIAN_POINT('',(0.0154247760486903,-0.0321945,0.017672991248016));
#9774=CARTESIAN_POINT('',(0.0154798152194103,-0.0320675,0.0180649422831453));
#9775=CARTESIAN_POINT('',(0.0154798152194103,-0.0321945,0.0180649422831453));
#9776=CARTESIAN_POINT('',(0.0155353314885692,-0.0320675,0.0186207636908192));
#9777=CARTESIAN_POINT('',(0.0155353314885692,-0.0321945,0.0186207636908192));
#9778=CARTESIAN_POINT('',(0.0156021245512666,-0.0320675,0.0194298713198061));
#9779=CARTESIAN_POINT('',(0.0156021245512666,-0.0321945,0.0194298713198061));
#9780=CARTESIAN_POINT('',(0.0156949017227117,-0.0320675,0.0206755070466399));
#9781=CARTESIAN_POINT('',(0.0156949017227117,-0.0321945,0.0206755070466399));
#9782=CARTESIAN_POINT('',(0.0157548452871247,-0.0320675,0.0217347418328521));
#9783=CARTESIAN_POINT('',(0.0157548452871247,-0.0321945,0.0217347418328521));
#9784=CARTESIAN_POINT('',(0.0157706135010232,-0.0320675,0.0223063637823109));
#9785=CARTESIAN_POINT('',(0.0157706135010232,-0.0321945,0.0223063637823109));
#9786=CARTESIAN_POINT('',(0.0157552793088434,-0.0320675,0.0228435573187419));
#9787=CARTESIAN_POINT('',(0.0157552793088434,-0.0321945,0.0228435573187419));
#9788=CARTESIAN_POINT('',(0.0156888415010138,-0.0320675,0.0238184382172726));
#9789=CARTESIAN_POINT('',(0.0156888415010138,-0.0321945,0.0238184382172726));
#9790=CARTESIAN_POINT('',(0.0155604109995313,-0.0320675,0.0252058300017623));
#9791=CARTESIAN_POINT('',(0.0155604109995313,-0.0321945,0.0252058300017623));
#9792=CARTESIAN_POINT('',(0.0154011535332377,-0.0320675,0.0264645244979909));
#9793=CARTESIAN_POINT('',(0.0154011535332377,-0.0321945,0.0264645244979909));
#9794=CARTESIAN_POINT('',(0.0152342851328412,-0.0320675,0.0274475860506909));
#9795=CARTESIAN_POINT('',(0.0152342851328412,-0.0321945,0.0274475860506909));
#9796=CARTESIAN_POINT('',(0.0150836192836275,-0.0320675,0.0279788359799707));
#9797=CARTESIAN_POINT('',(0.0150836192836275,-0.0321945,0.0279788359799707));
#9798=CARTESIAN_POINT('',(0.0149491773918271,-0.0320675,0.0284145828336478));
#9799=CARTESIAN_POINT('',(0.0149491773918271,-0.0321945,0.0284145828336478));
#9800=CARTESIAN_POINT('',(0.0149491773918271,-0.0320675,0.0284145828336478));
#9801=CARTESIAN_POINT('',(0.0149491773918271,-0.0320675,0.0284145828336478));
#9802=CARTESIAN_POINT('',(0.0153684959603532,-0.0320675,0.0174089838638975));
#9803=CARTESIAN_POINT('',(0.0154154173480093,-0.0320675,0.0176290900005494));
#9804=CARTESIAN_POINT('',(0.0154887572097194,-0.0320675,0.0181183708913552));
#9805=CARTESIAN_POINT('',(0.0155743952419893,-0.0320675,0.0190374425801428));
#9806=CARTESIAN_POINT('',(0.0157807520057826,-0.0320675,0.0218055251031459));
#9807=CARTESIAN_POINT('',(0.0157644469271829,-0.0320675,0.0230976269211417));
#9808=CARTESIAN_POINT('',(0.0154213248507541,-0.0320675,0.0267475147673172));
#9809=CARTESIAN_POINT('',(0.0151336199688772,-0.0320675,0.0278167760670414));
#9810=CARTESIAN_POINT('',(0.0149491773918271,-0.0320675,0.0284145828336478));
#9811=CARTESIAN_POINT('',(0.0148468627594411,-0.0320675,0.0282112136483193));
#9812=CARTESIAN_POINT('',(0.0148468627594411,-0.0320675,0.0282112136483193));
#9813=CARTESIAN_POINT('',(-0.00221458555665963,-0.0320675,0.0265190097));
#9814=CARTESIAN_POINT('',(0.013234500442248,-0.0320675,0.0149181801909847));
#9815=CARTESIAN_POINT('',(0.0133789211479007,-0.0320675,0.0124206097428155));
#9816=CARTESIAN_POINT('',(0.0133789137638121,-0.0320675,0.0124207374411363));
#9817=CARTESIAN_POINT('',(0.013234500442248,-0.0320675,0.0149181801909847));
#9818=CARTESIAN_POINT('',(0.0130900871206839,-0.0320675,0.017415622940833));
#9819=CARTESIAN_POINT('',(0.0130900871206839,-0.0320675,0.017415622940833));
#9820=CARTESIAN_POINT('',(0.00870000166029282,-0.0320675,0.0168436786863179));
#9821=CARTESIAN_POINT('',(0.013909192892256,-0.0320675,0.0130594808638509));
#9822=CARTESIAN_POINT('',(0.0139091928922467,-0.0320675,0.0130594808638536));
#9823=CARTESIAN_POINT('',(0.00870000166029282,-0.0320675,0.0168436786863179));
#9824=CARTESIAN_POINT('',(0.013837603911932,-0.0320675,0.0142975202489815));
#9825=CARTESIAN_POINT('',(0.0137660112232057,-0.0320675,0.0155356237664757));
#9826=CARTESIAN_POINT('',(0.0137660112232057,-0.0320675,0.0155356237664757));
#9827=CARTESIAN_POINT('',(0.013837603911932,-0.0320675,0.0142975202489815));
#9828=CARTESIAN_POINT('',(0.0137248914688913,-0.0320675,0.0169341485015986));
#9829=CARTESIAN_POINT('',(0.0136837717145769,-0.0320675,0.0183326732367215));
#9830=CARTESIAN_POINT('',(0.0136837717145769,-0.0320675,0.0183326732367215));
#9831=CARTESIAN_POINT('',(0.0137248914688913,-0.0320675,0.0169341485015986));
#9832=CARTESIAN_POINT('',(0.0136837717145769,-0.0320675,0.0199247179552851));
#9833=CARTESIAN_POINT('',(0.0136837717145769,-0.0320675,0.0313974527036128));
#9834=CARTESIAN_POINT('',(0.0136837717145769,-0.0320675,0.0313974527036128));
#9835=CARTESIAN_POINT('',(0.0136837717145769,-0.0320675,0.0199247179552851));
#9836=CARTESIAN_POINT('',(0.0107655449844948,-0.0320675,0.0291687927392885));
#9837=CARTESIAN_POINT('',(0.0130611024170058,-0.0320675,0.0320346937455906));
#9838=CARTESIAN_POINT('',(0.0130611024156741,-0.0320675,0.0320346937449883));
#9839=CARTESIAN_POINT('',(0.0107655449844948,-0.0320675,0.0291687927392885));
#9840=CARTESIAN_POINT('',(0.0130375657378521,-0.0320675,0.0315235958930158));
#9841=CARTESIAN_POINT('',(0.0130140092213098,-0.0320675,0.0310120672158262));
#9842=CARTESIAN_POINT('',(0.0130140092213098,-0.0320675,0.0310120672158262));
#9843=CARTESIAN_POINT('',(0.0130375657378521,-0.0320675,0.0315235958930158));
#9844=CARTESIAN_POINT('',(0.0130140092213098,-0.0320675,0.0303115172397028));
#9845=CARTESIAN_POINT('',(0.0130140092213098,-0.0320675,0.0236359117061406));
#9846=CARTESIAN_POINT('',(0.0130140092213098,-0.0320675,0.0236359117061406));
#9847=CARTESIAN_POINT('',(0.0130140092213098,-0.0320675,0.0303115172397028));
#9848=CARTESIAN_POINT('',(0.120517142827387,-0.0320675,0.0236359117061408));
#9849=CARTESIAN_POINT('',(0.0130900871206843,-0.0320675,0.0195922206552572));
#9850=CARTESIAN_POINT('',(0.0130900871206843,-0.0320675,0.0195922206552572));
#9851=CARTESIAN_POINT('',(0.120517142827387,-0.0320675,0.0236359117061408));
#9852=CARTESIAN_POINT('',(0.0130900871206843,-0.0320675,0.0185039217980452));
#9853=CARTESIAN_POINT('',(0.0130900871206843,-0.0320675,0.0185039217980452));
#9854=CARTESIAN_POINT('',(-0.00221458555665963,-0.0320675,0.0265190097));
#9855=CARTESIAN_POINT('',(0.0110264010727406,-0.0320675,0.031358927488327));
#9856=CARTESIAN_POINT('',(0.0110264010727406,-0.0321945,0.031358927488327));
#9857=CARTESIAN_POINT('',(0.0110545434889409,-0.0320675,0.0298578780828444));
#9858=CARTESIAN_POINT('',(0.0110545434889409,-0.0321945,0.0298578780828444));
#9859=CARTESIAN_POINT('',(0.0111107565231906,-0.0320675,0.0268569619189715));
#9860=CARTESIAN_POINT('',(0.0111107565231906,-0.0321945,0.0268569619189715));
#9861=CARTESIAN_POINT('',(0.0111690006956368,-0.0320675,0.0236658270096205));
#9862=CARTESIAN_POINT('',(0.0111690006956368,-0.0321945,0.0236658270096205));
#9863=CARTESIAN_POINT('',(0.0111998824529018,-0.0320675,0.0218118144170997));
#9864=CARTESIAN_POINT('',(0.0111998824529018,-0.0321945,0.0218118144170997));
#9865=CARTESIAN_POINT('',(0.0112161087829656,-0.0320675,0.0207988244380295));
#9866=CARTESIAN_POINT('',(0.0112161087829656,-0.0321945,0.0207988244380295));
#9867=CARTESIAN_POINT('',(0.0112394180230671,-0.0320675,0.0199149720533395));
#9868=CARTESIAN_POINT('',(0.0112394180230671,-0.0321945,0.0199149720533395));
#9869=CARTESIAN_POINT('',(0.0112851942998094,-0.0320675,0.0188975730498154));
#9870=CARTESIAN_POINT('',(0.0112851942998094,-0.0321945,0.0188975730498154));
#9871=CARTESIAN_POINT('',(0.0113474580803045,-0.0320675,0.0178358389812378));
#9872=CARTESIAN_POINT('',(0.0113474580803045,-0.0321945,0.0178358389812378));
#9873=CARTESIAN_POINT('',(0.011410592709006,-0.0320675,0.0169958901974286));
#9874=CARTESIAN_POINT('',(0.011410592709006,-0.0321945,0.0169958901974286));
#9875=CARTESIAN_POINT('',(0.0114676397595285,-0.0320675,0.0164376834673156));
#9876=CARTESIAN_POINT('',(0.0114676397595285,-0.0321945,0.0164376834673156));
#9877=CARTESIAN_POINT('',(0.0115324101800187,-0.0320675,0.0156954629252877));
#9878=CARTESIAN_POINT('',(0.0115324101800187,-0.0321945,0.0156954629252877));
#9879=CARTESIAN_POINT('',(0.0115989124992333,-0.0320675,0.0147481646596445));
#9880=CARTESIAN_POINT('',(0.0115989124992333,-0.0321945,0.0147481646596445));
#9881=CARTESIAN_POINT('',(0.0116678117132502,-0.0320675,0.0134240027375249));
#9882=CARTESIAN_POINT('',(0.0116678117132502,-0.0321945,0.0134240027375249));
#9883=CARTESIAN_POINT('',(0.0116923532887461,-0.0320675,0.0124460795583698));
#9884=CARTESIAN_POINT('',(0.0116923532887461,-0.0321945,0.0124460795583698));
#9885=CARTESIAN_POINT('',(0.0117082493673506,-0.0320675,0.0117937280143603));
#9886=CARTESIAN_POINT('',(0.0117082493673506,-0.0321945,0.0117937280143603));
#9887=CARTESIAN_POINT('',(0.0117082493673506,-0.0320675,0.0117937280143603));
#9888=CARTESIAN_POINT('',(0.0117082493673506,-0.0320675,0.0117937280143603));
#9889=CARTESIAN_POINT('',(0.0110264010727406,-0.0320675,0.031358927488327));
#9890=CARTESIAN_POINT('',(0.0110936020184369,-0.0320675,0.0277745892116384));
#9891=CARTESIAN_POINT('',(0.0111960132075062,-0.0320675,0.0223117597208232));
#9892=CARTESIAN_POINT('',(0.0112278906830019,-0.0320675,0.019820748047195));
#9893=CARTESIAN_POINT('',(0.0113798829983446,-0.0320675,0.0172416296161862));
#9894=CARTESIAN_POINT('',(0.0114968965924766,-0.0320675,0.0161954675469036));
#9895=CARTESIAN_POINT('',(0.0116494089252862,-0.0320675,0.014111742537418));
#9896=CARTESIAN_POINT('',(0.0116889007317351,-0.0320675,0.0125877673892483));
#9897=CARTESIAN_POINT('',(0.0117082493673506,-0.0320675,0.0117937280143603));
#9898=CARTESIAN_POINT('',(0.0110264010727406,-0.0320675,0.031358927488327));
#9899=CARTESIAN_POINT('',(0.0110264010727406,-0.0320675,0.031358927488327));
#9900=CARTESIAN_POINT('',(0.0121809555928993,-0.0320675,0.0130449257243013));
#9901=CARTESIAN_POINT('',(0.0123690338258649,-0.0320675,0.0117213282102687));
#9902=CARTESIAN_POINT('',(0.0123690338258649,-0.0320675,0.0117213282102687));
#9903=CARTESIAN_POINT('',(0.0121809555928993,-0.0320675,0.0130449257243013));
#9904=CARTESIAN_POINT('',(0.0116411542056397,-0.0320675,0.0322051873967475));
#9905=CARTESIAN_POINT('',(0.0116411542056397,-0.0321945,0.0322051873967475));
#9906=CARTESIAN_POINT('',(0.0116513293942422,-0.0320675,0.032005379651743));
#9907=CARTESIAN_POINT('',(0.0116513293942422,-0.0321945,0.032005379651743));
#9908=CARTESIAN_POINT('',(0.0116717203886538,-0.0320675,0.0316038837875771));
#9909=CARTESIAN_POINT('',(0.0116717203886538,-0.0321945,0.0316038837875771));
#9910=CARTESIAN_POINT('',(0.0116915420968398,-0.0320675,0.0309446497311338));
#9911=CARTESIAN_POINT('',(0.0116915420968398,-0.0321945,0.0309446497311338));
#9912=CARTESIAN_POINT('',(0.0116818081524267,-0.0320675,0.0301096090712915));
#9913=CARTESIAN_POINT('',(0.0116818081524267,-0.0321945,0.0301096090712915));
#9914=CARTESIAN_POINT('',(0.0116414973328291,-0.0320675,0.0290602218907391));
#9915=CARTESIAN_POINT('',(0.0116414973328291,-0.0321945,0.0290602218907391));
#9916=CARTESIAN_POINT('',(0.0116301946625796,-0.0320675,0.0280816556177345));
#9917=CARTESIAN_POINT('',(0.0116301946625796,-0.0321945,0.0280816556177345));
#9918=CARTESIAN_POINT('',(0.0116715159714366,-0.0320675,0.027221465810433));
#9919=CARTESIAN_POINT('',(0.0116715159714366,-0.0321945,0.027221465810433));
#9920=CARTESIAN_POINT('',(0.0117262958471248,-0.0320675,0.0260272149819364));
#9921=CARTESIAN_POINT('',(0.0117262958471248,-0.0321945,0.0260272149819364));
#9922=CARTESIAN_POINT('',(0.0117773847272021,-0.0320675,0.0243462706582791));
#9923=CARTESIAN_POINT('',(0.0117773847272021,-0.0321945,0.0243462706582791));
#9924=CARTESIAN_POINT('',(0.0118312034807279,-0.0320675,0.0224921717517973));
#9925=CARTESIAN_POINT('',(0.0118312034807279,-0.0321945,0.0224921717517973));
#9926=CARTESIAN_POINT('',(0.0119101551022601,-0.0320675,0.0200987074206648));
#9927=CARTESIAN_POINT('',(0.0119101551022601,-0.0321945,0.0200987074206648));
#9928=CARTESIAN_POINT('',(0.0120076149225162,-0.0320675,0.0183668993871374));
#9929=CARTESIAN_POINT('',(0.0120076149225162,-0.0321945,0.0183668993871374));
#9930=CARTESIAN_POINT('',(0.0121152699082032,-0.0320675,0.0165721081835973));
#9931=CARTESIAN_POINT('',(0.0121152699082032,-0.0321945,0.0165721081835973));
#9932=CARTESIAN_POINT('',(0.0122269727020613,-0.0320675,0.014532527936264));
#9933=CARTESIAN_POINT('',(0.0122269727020613,-0.0321945,0.014532527936264));
#9934=CARTESIAN_POINT('',(0.0123129312453249,-0.0320675,0.0128436167568039));
#9935=CARTESIAN_POINT('',(0.0123129312453249,-0.0321945,0.0128436167568039));
#9936=CARTESIAN_POINT('',(0.0123690338258172,-0.0320675,0.0117213282102608));
#9937=CARTESIAN_POINT('',(0.0123690338258172,-0.0321945,0.0117213282102608));
#9938=CARTESIAN_POINT('',(0.0116411542056397,-0.0320675,0.0322051873967475));
#9939=CARTESIAN_POINT('',(0.0116411542056397,-0.0320675,0.0322051873967475));
#9940=CARTESIAN_POINT('',(0.0116411542056397,-0.0320675,0.0322051873967475));
#9941=CARTESIAN_POINT('',(0.0116536284318075,-0.0320675,0.0319602340009304));
#9942=CARTESIAN_POINT('',(0.011681585363183,-0.0320675,0.031417358138536));
#9943=CARTESIAN_POINT('',(0.0116988142654857,-0.0320675,0.0303154982381146));
#9944=CARTESIAN_POINT('',(0.0115999055260943,-0.0320675,0.0282766521001632));
#9945=CARTESIAN_POINT('',(0.0117353480813352,-0.0320675,0.0263957176242691));
#9946=CARTESIAN_POINT('',(0.0118674699102935,-0.0320675,0.020493875181363));
#9947=CARTESIAN_POINT('',(0.0121069844174314,-0.0320675,0.0168720240443332));
#9948=CARTESIAN_POINT('',(0.0122799001483146,-0.0320675,0.0135043781964567));
#9949=CARTESIAN_POINT('',(0.0123690338258172,-0.0320675,0.0117213282102608));
#9950=CARTESIAN_POINT('',(0.0116411542056397,-0.0320675,0.0322051873967475));
#9951=CARTESIAN_POINT('',(0.0116411542056397,-0.0321945,0.0322051873967475));
#9952=CARTESIAN_POINT('',(0.0114384056722218,-0.0320675,0.0321274040048039));
#9953=CARTESIAN_POINT('',(0.0114384056722218,-0.0321945,0.0321274040048039));
#9954=CARTESIAN_POINT('',(0.0112264959842029,-0.0320675,0.0320022262570721));
#9955=CARTESIAN_POINT('',(0.0112264959842029,-0.0321945,0.0320022262570721));
#9956=CARTESIAN_POINT('',(0.0110264010664153,-0.0320675,0.0317906579498294));
#9957=CARTESIAN_POINT('',(0.0110264010664153,-0.0321945,0.0317906579498294));
#9958=CARTESIAN_POINT('',(0.0110264010727406,-0.0320675,0.0317906579565174));
#9959=CARTESIAN_POINT('',(0.0110264010727406,-0.0320675,0.0317906579565174));
#9960=CARTESIAN_POINT('',(0.0116411542056397,-0.0320675,0.0322051873967475));
#9961=CARTESIAN_POINT('',(0.0115142989601674,-0.0320675,0.0321565200593698));
#9962=CARTESIAN_POINT('',(0.0113066277021207,-0.0320675,0.0320589389533084));
#9963=CARTESIAN_POINT('',(0.0111013010469779,-0.0320675,0.0318698526753894));
#9964=CARTESIAN_POINT('',(0.0110264010664153,-0.0320675,0.0317906579498294));
#9965=CARTESIAN_POINT('',(0.0110264010727406,-0.0320675,0.0315747927224222));
#9966=CARTESIAN_POINT('',(0.0110264010727406,-0.0320675,0.0315747927224222));
#9967=CARTESIAN_POINT('',(-0.00221458555665963,-0.0320675,0.0265190097));
#9968=CARTESIAN_POINT('',(0.00912603679281542,-0.0320675,0.0187229649705586));
#9969=CARTESIAN_POINT('',(0.00917327819335152,-0.0320675,0.0165521867660236));
#9970=CARTESIAN_POINT('',(0.00917327819335152,-0.0320675,0.0165521867660236));
#9971=CARTESIAN_POINT('',(0.00912603679281542,-0.0320675,0.0187229649705586));
#9972=CARTESIAN_POINT('',(0.00907879539227937,-0.0320675,0.0208937431750936));
#9973=CARTESIAN_POINT('',(0.00907879539227937,-0.0320675,0.0208937431750936));
#9974=CARTESIAN_POINT('',(0.00917327819272579,-0.0320675,0.0165521867685793));
#9975=CARTESIAN_POINT('',(0.00917327819272579,-0.0321945,0.0165521867685793));
#9976=CARTESIAN_POINT('',(0.00935895937410051,-0.0320675,0.0157938031085878));
#9977=CARTESIAN_POINT('',(0.00935895937410051,-0.0321945,0.0157938031085878));
#9978=CARTESIAN_POINT('',(0.00966412887208875,-0.0320675,0.0148431139842672));
#9979=CARTESIAN_POINT('',(0.00966412887208875,-0.0321945,0.0148431139842672));
#9980=CARTESIAN_POINT('',(0.00993065615795621,-0.0320675,0.0141945072742421));
#9981=CARTESIAN_POINT('',(0.00993065615795621,-0.0321945,0.0141945072742421));
#9982=CARTESIAN_POINT('',(0.00993065616861646,-0.0320675,0.0141945072482999));
#9983=CARTESIAN_POINT('',(0.00993065616861646,-0.0320675,0.0141945072482999));
#9984=CARTESIAN_POINT('',(0.00917327819272579,-0.0320675,0.0165521867685793));
#9985=CARTESIAN_POINT('',(0.00934488798068943,-0.0320675,0.0158512753562182));
#9986=CARTESIAN_POINT('',(0.00964262913373625,-0.0320675,0.0149105089700965));
#9987=CARTESIAN_POINT('',(0.00991045804058933,-0.0320675,0.0142436603446732));
#9988=CARTESIAN_POINT('',(0.00993065615795621,-0.0320675,0.0141945072742421));
#9989=CARTESIAN_POINT('',(0.00986931255168126,-0.0320675,0.015956722273962));
#9990=CARTESIAN_POINT('',(0.00980796893474607,-0.0320675,0.0177189372996241));
#9991=CARTESIAN_POINT('',(0.00980796893474607,-0.0320675,0.0177189372996241));
#9992=CARTESIAN_POINT('',(0.00986931255168126,-0.0320675,0.015956722273962));
#9993=CARTESIAN_POINT('',(0.00980796893474607,-0.0320675,0.0196232535461336));
#9994=CARTESIAN_POINT('',(0.00980796893474607,-0.0320675,0.0215275697926431));
#9995=CARTESIAN_POINT('',(0.00980796893474607,-0.0320675,0.0215275697926431));
#9996=CARTESIAN_POINT('',(0.00980796893474607,-0.0320675,0.0196232535461336));
#9997=CARTESIAN_POINT('',(0.00975870942112951,-0.0320675,0.0252066599721462));
#9998=CARTESIAN_POINT('',(0.00970944990751295,-0.0320675,0.0288857501516491));
#9999=CARTESIAN_POINT('',(0.00970944990751295,-0.0320675,0.0288857501516491));
#10000=CARTESIAN_POINT('',(0.00975870942112951,-0.0320675,0.0252066599721462));
#10001=CARTESIAN_POINT('',(0.00970944990751295,-0.0320675,0.0290526838148189));
#10002=CARTESIAN_POINT('',(0.00970944990369152,-0.0320675,0.0292196174654134));
#10003=CARTESIAN_POINT('',(0.00970944990369152,-0.0320675,0.0292196174654134));
#10004=CARTESIAN_POINT('',(0.00970944990751295,-0.0320675,0.0290526838148189));
#10005=CARTESIAN_POINT('',(0.00970944990369152,-0.0320675,0.0292196174654134));
#10006=CARTESIAN_POINT('',(0.00970944990369152,-0.0321945,0.0292196174654134));
#10007=CARTESIAN_POINT('',(0.00958967717781746,-0.0320675,0.0288254793090852));
#10008=CARTESIAN_POINT('',(0.00958967717781746,-0.0321945,0.0288254793090852));
#10009=CARTESIAN_POINT('',(0.00935058761637606,-0.0320675,0.028200799198528));
#10010=CARTESIAN_POINT('',(0.00935058761637606,-0.0321945,0.028200799198528));
#10011=CARTESIAN_POINT('',(0.00924584747311979,-0.0320675,0.0275602641568823));
#10012=CARTESIAN_POINT('',(0.00924584747311979,-0.0321945,0.0275602641568823));
#10013=CARTESIAN_POINT('',(0.00916214876179595,-0.0320675,0.0271944001847746));
#10014=CARTESIAN_POINT('',(0.00916214876179595,-0.0321945,0.0271944001847746));
#10015=CARTESIAN_POINT('',(0.00916214876270746,-0.0320675,0.0271944001887588));
#10016=CARTESIAN_POINT('',(0.00916214876270746,-0.0320675,0.0271944001887588));
#10017=CARTESIAN_POINT('',(0.00970944990369152,-0.0320675,0.0292196174654134));
#10018=CARTESIAN_POINT('',(0.00968796799676072,-0.0320675,0.0291489265870825));
#10019=CARTESIAN_POINT('',(0.00957685544188554,-0.0320675,0.0287881926113419));
#10020=CARTESIAN_POINT('',(0.00938218327487786,-0.0320675,0.0282755959361755));
#10021=CARTESIAN_POINT('',(0.00927994169176536,-0.0320675,0.0277015787542615));
#10022=CARTESIAN_POINT('',(0.00919210474064907,-0.0320675,0.0273253438186517));
#10023=CARTESIAN_POINT('',(0.00916214876179595,-0.0320675,0.0271944001847746));
#10024=CARTESIAN_POINT('',(0.00916214876270746,-0.0320675,0.02682958113415));
#10025=CARTESIAN_POINT('',(0.00916214876270746,-0.0320675,0.0231859925268335));
#10026=CARTESIAN_POINT('',(0.00916214876270746,-0.0320675,0.0231859925268335));
#10027=CARTESIAN_POINT('',(0.00916214876270746,-0.0320675,0.02682958113415));
#10028=CARTESIAN_POINT('',(0.00912047207749342,-0.0320675,0.0220398678509636));
#10029=CARTESIAN_POINT('',(0.00912047207749342,-0.0320675,0.0220398678509636));
#10030=CARTESIAN_POINT('',(-0.00221458555665963,-0.0320675,0.0265190097));
#10031=CARTESIAN_POINT('',(-0.0188015235928472,-0.0320675,0.0290128984320045));
#10032=CARTESIAN_POINT('',(-0.0188015235928472,-0.0321945,0.0290128984320045));
#10033=CARTESIAN_POINT('',(-0.0186773110369043,-0.0320675,0.0290475856625871));
#10034=CARTESIAN_POINT('',(-0.0186773110369043,-0.0321945,0.0290475856625871));
#10035=CARTESIAN_POINT('',(-0.0184391809408131,-0.0320675,0.0291198968908773));
#10036=CARTESIAN_POINT('',(-0.0184391809408131,-0.0321945,0.0291198968908773));
#10037=CARTESIAN_POINT('',(-0.0178386497039007,-0.0320675,0.0293193485757272));
#10038=CARTESIAN_POINT('',(-0.0178386497039007,-0.0321945,0.0293193485757272));
#10039=CARTESIAN_POINT('',(-0.0170423140492168,-0.0320675,0.0295798211169549));
#10040=CARTESIAN_POINT('',(-0.0170423140492168,-0.0321945,0.0295798211169549));
#10041=CARTESIAN_POINT('',(-0.0159212834165989,-0.0320675,0.0299138053443163));
#10042=CARTESIAN_POINT('',(-0.0159212834165989,-0.0321945,0.0299138053443163));
#10043=CARTESIAN_POINT('',(-0.0146493216642963,-0.0320675,0.0302290827179614));
#10044=CARTESIAN_POINT('',(-0.0146493216642963,-0.0321945,0.0302290827179614));
#10045=CARTESIAN_POINT('',(-0.0139075324334917,-0.0320675,0.0303730869279786));
#10046=CARTESIAN_POINT('',(-0.0139075324334917,-0.0321945,0.0303730869279786));
#10047=CARTESIAN_POINT('',(-0.0133709625495595,-0.0320675,0.0304722357653929));
#10048=CARTESIAN_POINT('',(-0.0133709625495595,-0.0321945,0.0304722357653929));
#10049=CARTESIAN_POINT('',(-0.0188015235928472,-0.0320675,0.0290128984320045));
#10050=CARTESIAN_POINT('',(-0.0186446844122079,-0.0320675,0.0290566968771932));
#10051=CARTESIAN_POINT('',(-0.0182269983980267,-0.0320675,0.0291867357547257));
#10052=CARTESIAN_POINT('',(-0.0166278857189403,-0.0320675,0.0297274903926372));
#10053=CARTESIAN_POINT('',(-0.0148829215776332,-0.0320675,0.0301773920731135));
#10054=CARTESIAN_POINT('',(-0.0140470943099805,-0.0320675,0.0303458820887718));
#10055=CARTESIAN_POINT('',(-0.0134673845937687,-0.0320675,0.030454418638732));
#10056=CARTESIAN_POINT('',(-0.0133709625495595,-0.0320675,0.0304722357653929));
#10057=CARTESIAN_POINT('',(-0.0129465606233292,-0.0320674999985295,0.0318330621841813));
#10058=CARTESIAN_POINT('',(-0.0130141545087099,-0.0320675,0.0318219299341769));
#10059=CARTESIAN_POINT('',(-0.0130141545087099,-0.0320675,0.0318219299341769));
#10060=CARTESIAN_POINT('',(-0.00333189538240662,-0.0320675,0.0333953188664878));
#10061=CARTESIAN_POINT('',(-0.0130141545087099,-0.0320675,0.0318219299341769));
#10062=CARTESIAN_POINT('',(-0.0130141545087099,-0.0321945,0.0318219299341769));
#10063=CARTESIAN_POINT('',(-0.0134595767595469,-0.0320675,0.0317421471459332));
#10064=CARTESIAN_POINT('',(-0.0134595767595469,-0.0321945,0.0317421471459332));
#10065=CARTESIAN_POINT('',(-0.0143212359885026,-0.0320675,0.0313221492857026));
#10066=CARTESIAN_POINT('',(-0.0143212359885026,-0.0321945,0.0313221492857026));
#10067=CARTESIAN_POINT('',(-0.0155621524232742,-0.0320675,0.031094310211956));
#10068=CARTESIAN_POINT('',(-0.0155621524232742,-0.0321945,0.031094310211956));
#10069=CARTESIAN_POINT('',(-0.0165173340864809,-0.0320675,0.0308718444471717));
#10070=CARTESIAN_POINT('',(-0.0165173340864809,-0.0321945,0.0308718444471717));
#10071=CARTESIAN_POINT('',(-0.0171683479908117,-0.0320675,0.0306593381975806));
#10072=CARTESIAN_POINT('',(-0.0171683479908117,-0.0321945,0.0306593381975806));
#10073=CARTESIAN_POINT('',(-0.0176840358525723,-0.0320675,0.03048697165119));
#10074=CARTESIAN_POINT('',(-0.0176840358525723,-0.0321945,0.03048697165119));
#10075=CARTESIAN_POINT('',(-0.0179448278251226,-0.0320675,0.0304089534073646));
#10076=CARTESIAN_POINT('',(-0.0179448278251226,-0.0321945,0.0304089534073646));
#10077=CARTESIAN_POINT('',(-0.0180769749625881,-0.0320675,0.0303700613071162));
#10078=CARTESIAN_POINT('',(-0.0180769749625881,-0.0321945,0.0303700613071162));
#10079=CARTESIAN_POINT('',(-0.0130141545087099,-0.0320675,0.0318219299341769));
#10080=CARTESIAN_POINT('',(-0.0135075081099748,-0.0320675,0.0317335618164526));
#10081=CARTESIAN_POINT('',(-0.0144867470867068,-0.0320675,0.0312417467742343));
#10082=CARTESIAN_POINT('',(-0.0161535419118312,-0.0320675,0.0310111398657606));
#10083=CARTESIAN_POINT('',(-0.0174348016397681,-0.0320675,0.0305637011908181));
#10084=CARTESIAN_POINT('',(-0.0178899684196245,-0.0320675,0.0304250990276112));
#10085=CARTESIAN_POINT('',(-0.0180769749625881,-0.0320675,0.0303700613071162));
#10086=CARTESIAN_POINT('',(-0.00221458555665963,-0.0320675,0.0265190097));
#10087=CARTESIAN_POINT('',(-0.0199658308963391,-0.0320675,0.0242373404908446));
#10088=CARTESIAN_POINT('',(-0.0199658308963391,-0.0321945,0.0242373404908446));
#10089=CARTESIAN_POINT('',(-0.0195509093967121,-0.0320675,0.0242779431228895));
#10090=CARTESIAN_POINT('',(-0.0195509093967121,-0.0321945,0.0242779431228895));
#10091=CARTESIAN_POINT('',(-0.0189350795718982,-0.0320675,0.0243375809524932));
#10092=CARTESIAN_POINT('',(-0.0189350795718982,-0.0321945,0.0243375809524932));
#10093=CARTESIAN_POINT('',(-0.0181658119913487,-0.0320675,0.024409756184043));
#10094=CARTESIAN_POINT('',(-0.0181658119913487,-0.0321945,0.024409756184043));
#10095=CARTESIAN_POINT('',(-0.0174483457510612,-0.0320675,0.0244878249537602));
#10096=CARTESIAN_POINT('',(-0.0174483457510612,-0.0321945,0.0244878249537602));
#10097=CARTESIAN_POINT('',(-0.0165968715111678,-0.0320675,0.0245824083154518));
#10098=CARTESIAN_POINT('',(-0.0165968715111678,-0.0321945,0.0245824083154518));
#10099=CARTESIAN_POINT('',(-0.0158246240417266,-0.0320675,0.0246403605912945));
#10100=CARTESIAN_POINT('',(-0.0158246240417266,-0.0321945,0.0246403605912945));
#10101=CARTESIAN_POINT('',(-0.0152340028443555,-0.0320675,0.0246368682560002));
#10102=CARTESIAN_POINT('',(-0.0152340028443555,-0.0321945,0.0246368682560002));
#10103=CARTESIAN_POINT('',(-0.0147662717576862,-0.0320675,0.0246509052877423));
#10104=CARTESIAN_POINT('',(-0.0147662717576862,-0.0321945,0.0246509052877423));
#10105=CARTESIAN_POINT('',(-0.0144828880432372,-0.0320675,0.02467097154823));
#10106=CARTESIAN_POINT('',(-0.0144828880432372,-0.0321945,0.02467097154823));
#10107=CARTESIAN_POINT('',(-0.0199658308963391,-0.0320675,0.0242373404908446));
#10108=CARTESIAN_POINT('',(-0.0196013187271146,-0.0320675,0.0242730102584904));
#10109=CARTESIAN_POINT('',(-0.0188640445762961,-0.0320675,0.0243447753447874));
#10110=CARTESIAN_POINT('',(-0.017776694199304,-0.0320675,0.0244453167139456));
#10111=CARTESIAN_POINT('',(-0.0159217174353169,-0.0320675,0.024668303440314));
#10112=CARTESIAN_POINT('',(-0.0151552647491902,-0.0320675,0.0246277477015542));
#10113=CARTESIAN_POINT('',(-0.0145608777960312,-0.0320675,0.0246654491324555));
#10114=CARTESIAN_POINT('',(-0.0144828880432372,-0.0320675,0.02467097154823));
#10115=CARTESIAN_POINT('',(-0.0143689996300838,-0.0320675,0.025815831755314));
#10116=CARTESIAN_POINT('',(-0.0143689996300838,-0.0321945,0.025815831755314));
#10117=CARTESIAN_POINT('',(-0.0151226845648115,-0.0320675,0.0257698878452284));
#10118=CARTESIAN_POINT('',(-0.0151226845648115,-0.0321945,0.0257698878452284));
#10119=CARTESIAN_POINT('',(-0.0160177931361564,-0.0320675,0.0256898167472538));
#10120=CARTESIAN_POINT('',(-0.0160177931361564,-0.0321945,0.0256898167472538));
#10121=CARTESIAN_POINT('',(-0.0170217148595981,-0.0320675,0.0255768852646904));
#10122=CARTESIAN_POINT('',(-0.0170217148595981,-0.0321945,0.0255768852646904));
#10123=CARTESIAN_POINT('',(-0.0180447328194822,-0.0320675,0.0254677170915901));
#10124=CARTESIAN_POINT('',(-0.0180447328194822,-0.0321945,0.0254677170915901));
#10125=CARTESIAN_POINT('',(-0.0190332264880275,-0.0320675,0.0253615634417861));
#10126=CARTESIAN_POINT('',(-0.0190332264880275,-0.0321945,0.0253615634417861));
#10127=CARTESIAN_POINT('',(-0.0196911117555185,-0.0320675,0.0252496800145622));
#10128=CARTESIAN_POINT('',(-0.0196911117555185,-0.0321945,0.0252496800145622));
#10129=CARTESIAN_POINT('',(-0.0198154628348266,-0.0320675,0.0252423219360922));
#10130=CARTESIAN_POINT('',(-0.0198154628348266,-0.0321945,0.0252423219360922));
#10131=CARTESIAN_POINT('',(-0.0198630953367201,-0.0320675,0.0252420340221215));
#10132=CARTESIAN_POINT('',(-0.0198630953367201,-0.0321945,0.0252420340221215));
#10133=CARTESIAN_POINT('',(-0.0143689996300838,-0.0320675,0.025815831755314));
#10134=CARTESIAN_POINT('',(-0.0145198161674557,-0.0320675,0.0258066381239793));
#10135=CARTESIAN_POINT('',(-0.0157342453135622,-0.0320675,0.0257277552095522));
#10136=CARTESIAN_POINT('',(-0.0171389857713058,-0.0320675,0.0255565752676841));
#10137=CARTESIAN_POINT('',(-0.0189897196704865,-0.0320675,0.0253747600899416));
#10138=CARTESIAN_POINT('',(-0.0197288072899073,-0.0320675,0.0252419591214582));
#10139=CARTESIAN_POINT('',(-0.0198338381063286,-0.0320675,0.0252422108670286));
#10140=CARTESIAN_POINT('',(-0.0198630953367201,-0.0320675,0.0252420340221215));
#10141=CARTESIAN_POINT('',(-0.00221458555665963,-0.0320675,0.0265190097));
#10142=CARTESIAN_POINT('',(-0.0198282169273283,-0.0320675,0.0188519799412036));
#10143=CARTESIAN_POINT('',(-0.0198282169273283,-0.0321945,0.0188519799412036));
#10144=CARTESIAN_POINT('',(-0.0196641262731439,-0.0320675,0.0188387439198625));
#10145=CARTESIAN_POINT('',(-0.0196641262731439,-0.0321945,0.0188387439198625));
#10146=CARTESIAN_POINT('',(-0.0193334458832311,-0.0320675,0.018812490742599));
#10147=CARTESIAN_POINT('',(-0.0193334458832311,-0.0321945,0.018812490742599));
#10148=CARTESIAN_POINT('',(-0.018833426235914,-0.0320675,0.0187597162976346));
#10149=CARTESIAN_POINT('',(-0.018833426235914,-0.0321945,0.0187597162976346));
#10150=CARTESIAN_POINT('',(-0.0182680999395948,-0.0320675,0.0186862264704458));
#10151=CARTESIAN_POINT('',(-0.0182680999395948,-0.0321945,0.0186862264704458));
#10152=CARTESIAN_POINT('',(-0.0174656937577779,-0.0320675,0.0185861645628052));
#10153=CARTESIAN_POINT('',(-0.0174656937577779,-0.0321945,0.0185861645628052));
#10154=CARTESIAN_POINT('',(-0.0165362026639226,-0.0320675,0.0184779908748905));
#10155=CARTESIAN_POINT('',(-0.0165362026639226,-0.0321945,0.0184779908748905));
#10156=CARTESIAN_POINT('',(-0.0154300424475144,-0.0320675,0.0183645327514164));
#10157=CARTESIAN_POINT('',(-0.0154300424475144,-0.0321945,0.0183645327514164));
#10158=CARTESIAN_POINT('',(-0.0149292782778645,-0.0320675,0.0183404296102344));
#10159=CARTESIAN_POINT('',(-0.0149292782778645,-0.0321945,0.0183404296102344));
#10160=CARTESIAN_POINT('',(-0.0144068145999623,-0.0320675,0.0183092151140319));
#10161=CARTESIAN_POINT('',(-0.0144068145999623,-0.0321945,0.0183092151140319));
#10162=CARTESIAN_POINT('',(-0.0198282169273283,-0.0320675,0.0188519799412036));
#10163=CARTESIAN_POINT('',(-0.0195822977378146,-0.0320675,0.0188321433962354));
#10164=CARTESIAN_POINT('',(-0.01904114018947,-0.0320675,0.0187888686815444));
#10165=CARTESIAN_POINT('',(-0.0180247055841336,-0.0320675,0.0186519387375179));
#10166=CARTESIAN_POINT('',(-0.0157930858315398,-0.0320675,0.0183864767024728));
#10167=CARTESIAN_POINT('',(-0.0150003831434625,-0.0320675,0.0183445600631507));
#10168=CARTESIAN_POINT('',(-0.0144494229817036,-0.0320675,0.0183117607439509));
#10169=CARTESIAN_POINT('',(-0.0144068145999623,-0.0320675,0.0183092151140319));
#10170=CARTESIAN_POINT('',(-0.0145196081798188,-0.0320675,0.0193741230986257));
#10171=CARTESIAN_POINT('',(-0.0145196081798188,-0.0321945,0.0193741230986257));
#10172=CARTESIAN_POINT('',(-0.0152304185896987,-0.0320675,0.0194279613448862));
#10173=CARTESIAN_POINT('',(-0.0152304185896987,-0.0321945,0.0194279613448862));
#10174=CARTESIAN_POINT('',(-0.0165788752758344,-0.0320675,0.0195371475999713));
#10175=CARTESIAN_POINT('',(-0.0165788752758344,-0.0321945,0.0195371475999713));
#10176=CARTESIAN_POINT('',(-0.0178261696871798,-0.0320675,0.0196468440975986));
#10177=CARTESIAN_POINT('',(-0.0178261696871798,-0.0321945,0.0196468440975986));
#10178=CARTESIAN_POINT('',(-0.0186934527715478,-0.0320675,0.0197312138111934));
#10179=CARTESIAN_POINT('',(-0.0186934527715478,-0.0321945,0.0197312138111934));
#10180=CARTESIAN_POINT('',(-0.0192765550950815,-0.0320675,0.0197935297658625));
#10181=CARTESIAN_POINT('',(-0.0192765550950815,-0.0321945,0.0197935297658625));
#10182=CARTESIAN_POINT('',(-0.0197061974139481,-0.0320675,0.019851885269349));
#10183=CARTESIAN_POINT('',(-0.0197061974139481,-0.0321945,0.019851885269349));
#10184=CARTESIAN_POINT('',(-0.0198662677843131,-0.0320675,0.0198874408804625));
#10185=CARTESIAN_POINT('',(-0.0198662677843131,-0.0321945,0.0198874408804625));
#10186=CARTESIAN_POINT('',(-0.0199471303457371,-0.0320675,0.0199056500527621));
#10187=CARTESIAN_POINT('',(-0.0199471303457371,-0.0321945,0.0199056500527621));
#10188=CARTESIAN_POINT('',(-0.0145196081798188,-0.0320675,0.0193741230986257));
#10189=CARTESIAN_POINT('',(-0.0150850536788315,-0.0320675,0.0194169511067691));
#10190=CARTESIAN_POINT('',(-0.0166958059356739,-0.0320675,0.0195460024640535));
#10191=CARTESIAN_POINT('',(-0.0183442567152225,-0.0320675,0.0196920522253688));
#10192=CARTESIAN_POINT('',(-0.0195834177546629,-0.0320675,0.0198256062693901));
#10193=CARTESIAN_POINT('',(-0.0198528594757398,-0.0320675,0.0198844215078782));
#10194=CARTESIAN_POINT('',(-0.0199471303457371,-0.0320675,0.0199056500527621));
#10195=CARTESIAN_POINT('',(-0.00221458555665963,-0.0320675,0.0265190097));
#10196=CARTESIAN_POINT('',(-0.0129817023381695,-0.0320675,0.0124537594764834));
#10197=CARTESIAN_POINT('',(-0.0129817023381695,-0.0321945,0.0124537594764834));
#10198=CARTESIAN_POINT('',(-0.0135515445125499,-0.0320675,0.0125515917454385));
#10199=CARTESIAN_POINT('',(-0.0135515445125499,-0.0321945,0.0125515917454385));
#10200=CARTESIAN_POINT('',(-0.014647569107271,-0.0320675,0.012776932410477));
#10201=CARTESIAN_POINT('',(-0.014647569107271,-0.0321945,0.012776932410477));
#10202=CARTESIAN_POINT('',(-0.0161529095361376,-0.0320675,0.0131604982017421));
#10203=CARTESIAN_POINT('',(-0.0161529095361376,-0.0321945,0.0131604982017421));
#10204=CARTESIAN_POINT('',(-0.0175129900139141,-0.0320675,0.0135361708185247));
#10205=CARTESIAN_POINT('',(-0.0175129900139141,-0.0321945,0.0135361708185247));
#10206=CARTESIAN_POINT('',(-0.0179693839807412,-0.0320675,0.0136494887043623));
#10207=CARTESIAN_POINT('',(-0.0179693839807412,-0.0321945,0.0136494887043623));
#10208=CARTESIAN_POINT('',(-0.0181807148515446,-0.0320675,0.0137004693970037));
#10209=CARTESIAN_POINT('',(-0.0181807148515446,-0.0321945,0.0137004693970037));
#10210=CARTESIAN_POINT('',(-0.0129817023381695,-0.0320675,0.0124537594764834));
#10211=CARTESIAN_POINT('',(-0.013132230598469,-0.0320675,0.0124796026343068));
#10212=CARTESIAN_POINT('',(-0.0142135703649059,-0.0320675,0.0126735315010092));
#10213=CARTESIAN_POINT('',(-0.0159005616583662,-0.0320675,0.0130870473377024));
#10214=CARTESIAN_POINT('',(-0.0175777104157733,-0.0320675,0.0135550083987018));
#10215=CARTESIAN_POINT('',(-0.0180183533004687,-0.0320675,0.0136613018854105));
#10216=CARTESIAN_POINT('',(-0.0181807148515446,-0.0320675,0.0137004693970037));
#10217=CARTESIAN_POINT('',(-0.0187866631895304,-0.0320675,0.0150155499577523));
#10218=CARTESIAN_POINT('',(-0.0187866631895304,-0.0321945,0.0150155499577523));
#10219=CARTESIAN_POINT('',(-0.0184978852877763,-0.0320675,0.0149503441855846));
#10220=CARTESIAN_POINT('',(-0.0184978852877763,-0.0321945,0.0149503441855846));
#10221=CARTESIAN_POINT('',(-0.0180718268495826,-0.0320675,0.0148522927723524));
#10222=CARTESIAN_POINT('',(-0.0180718268495826,-0.0321945,0.0148522927723524));
#10223=CARTESIAN_POINT('',(-0.0176007542342639,-0.0320675,0.0146703174718499));
#10224=CARTESIAN_POINT('',(-0.0176007542342639,-0.0321945,0.0146703174718499));
#10225=CARTESIAN_POINT('',(-0.0169295081142936,-0.0320675,0.0144406344322688));
#10226=CARTESIAN_POINT('',(-0.0169295081142936,-0.0321945,0.0144406344322688));
#10227=CARTESIAN_POINT('',(-0.0154751761154358,-0.0320675,0.0140577206419948));
#10228=CARTESIAN_POINT('',(-0.0154751761154358,-0.0321945,0.0140577206419948));
#10229=CARTESIAN_POINT('',(-0.0140845692603451,-0.0320675,0.013748227592782));
#10230=CARTESIAN_POINT('',(-0.0140845692603451,-0.0321945,0.013748227592782));
#10231=CARTESIAN_POINT('',(-0.0134152790695912,-0.0320675,0.0136131698139089));
#10232=CARTESIAN_POINT('',(-0.0134152790695912,-0.0321945,0.0136131698139089));
#10233=CARTESIAN_POINT('',(-0.0187866631895303,-0.0320675,0.0150155499577523));
#10234=CARTESIAN_POINT('',(-0.0185236289902337,-0.0320675,0.0149561570888123));
#10235=CARTESIAN_POINT('',(-0.0179846476044893,-0.0320675,0.0148344545441061));
#10236=CARTESIAN_POINT('',(-0.0171594829497267,-0.0320675,0.0144747971292195));
#10237=CARTESIAN_POINT('',(-0.0149887885321432,-0.0320675,0.0139369106878218));
#10238=CARTESIAN_POINT('',(-0.0135558789923362,-0.0320675,0.0136415418318139));
#10239=CARTESIAN_POINT('',(-0.0134152790695912,-0.0320675,0.0136131698139089));
#10240=CARTESIAN_POINT('',(-0.00221458555665963,-0.0320675,0.0265190097));
#10241=CARTESIAN_POINT('',(-0.000205104903094903,-0.0320675,0.0326228872019105));
#10242=CARTESIAN_POINT('',(-0.000205104903094903,-0.0321945,0.0326228872019105));
#10243=CARTESIAN_POINT('',(-0.000468099027774313,-0.0320675,0.0326255896270592));
#10244=CARTESIAN_POINT('',(-0.000468099027774313,-0.0321945,0.0326255896270592));
#10245=CARTESIAN_POINT('',(-0.00107683140393186,-0.0320675,0.0326185083064618));
#10246=CARTESIAN_POINT('',(-0.00107683140393186,-0.0321945,0.0326185083064618));
#10247=CARTESIAN_POINT('',(-0.00272836392226273,-0.0320675,0.0325477112349125));
#10248=CARTESIAN_POINT('',(-0.00272836392226273,-0.0321945,0.0325477112349125));
#10249=CARTESIAN_POINT('',(-0.00531289710022436,-0.0320675,0.0323867953180789));
#10250=CARTESIAN_POINT('',(-0.00531289710022436,-0.0321945,0.0323867953180789));
#10251=CARTESIAN_POINT('',(-0.00852002585754705,-0.0320675,0.0321618323550648));
#10252=CARTESIAN_POINT('',(-0.00852002585754705,-0.0321945,0.0321618323550648));
#10253=CARTESIAN_POINT('',(-0.0101532473491191,-0.0320675,0.0320623418909968));
#10254=CARTESIAN_POINT('',(-0.0101532473491191,-0.0321945,0.0320623418909968));
#10255=CARTESIAN_POINT('',(-0.0107926096855775,-0.0320675,0.0320259906617596));
#10256=CARTESIAN_POINT('',(-0.0107926096855775,-0.0321945,0.0320259906617596));
#10257=CARTESIAN_POINT('',(-0.000205104903094903,-0.0320675,0.0326228872019105));
#10258=CARTESIAN_POINT('',(-0.00039515688836991,-0.0320675,0.0326248401020568));
#10259=CARTESIAN_POINT('',(-0.00245677624810173,-0.0320675,0.0326138462223913));
#10260=CARTESIAN_POINT('',(-0.00795550402442824,-0.0320675,0.0321846141580447));
#10261=CARTESIAN_POINT('',(-0.0105072893703137,-0.0320675,0.0320422126748416));
#10262=CARTESIAN_POINT('',(-0.0107926096855775,-0.0320675,0.0320259906617596));
#10263=CARTESIAN_POINT('',(-0.000205104903799357,-0.0320675,0.0326228872073215));
#10264=CARTESIAN_POINT('',(-0.0112139177486233,-0.0320675,0.0308308186697668));
#10265=CARTESIAN_POINT('',(-0.0112139177486233,-0.0321945,0.0308308186697668));
#10266=CARTESIAN_POINT('',(-0.0103815513161939,-0.0320675,0.03095417017867));
#10267=CARTESIAN_POINT('',(-0.0103815513161939,-0.0321945,0.03095417017867));
#10268=CARTESIAN_POINT('',(-0.00835033784695928,-0.0320675,0.0312174397798859));
#10269=CARTESIAN_POINT('',(-0.00835033784695928,-0.0321945,0.0312174397798859));
#10270=CARTESIAN_POINT('',(-0.00556308229000151,-0.0320675,0.0314901860894357));
#10271=CARTESIAN_POINT('',(-0.00556308229000151,-0.0321945,0.0314901860894357));
#10272=CARTESIAN_POINT('',(-0.0036935410678884,-0.0320675,0.0316093402494225));
#10273=CARTESIAN_POINT('',(-0.0036935410678884,-0.0321945,0.0316093402494225));
#10274=CARTESIAN_POINT('',(-0.00222242186603301,-0.0320675,0.0316413957139536));
#10275=CARTESIAN_POINT('',(-0.00222242186603301,-0.0321945,0.0316413957139536));
#10276=CARTESIAN_POINT('',(-0.0013402935740022,-0.0320675,0.0316032386623153));
#10277=CARTESIAN_POINT('',(-0.0013402935740022,-0.0321945,0.0316032386623153));
#10278=CARTESIAN_POINT('',(-0.000647169982693275,-0.0320675,0.0315820843248474));
#10279=CARTESIAN_POINT('',(-0.000647169982693275,-0.0321945,0.0315820843248474));
#10280=CARTESIAN_POINT('',(-0.0112139177486233,-0.0320675,0.0308308186697668));
#10281=CARTESIAN_POINT('',(-0.0109718559264185,-0.0320675,0.0308666907206491));
#10282=CARTESIAN_POINT('',(-0.00877898229097488,-0.0320675,0.0311798386213377));
#10283=CARTESIAN_POINT('',(-0.00367843425746517,-0.0320675,0.0317155559124245));
#10284=CARTESIAN_POINT('',(-0.00168854461470646,-0.0320675,0.0316139093923999));
#10285=CARTESIAN_POINT('',(-0.000649844763727582,-0.0320675,0.0315821659599574));
#10286=CARTESIAN_POINT('',(-0.000647169982693275,-0.0320675,0.0315820843248474));
#10287=CARTESIAN_POINT('',(-0.00221458555665963,-0.0320675,0.0265190097));
#10288=CARTESIAN_POINT('',(-0.01239104149182,-0.0320675,0.0248626689437312));
#10289=CARTESIAN_POINT('',(-0.01239104149182,-0.0321945,0.0248626689437312));
#10290=CARTESIAN_POINT('',(-0.0119670692900834,-0.0320675,0.0248998864215975));
#10291=CARTESIAN_POINT('',(-0.0119670692900834,-0.0321945,0.0248998864215975));
#10292=CARTESIAN_POINT('',(-0.0111285238530667,-0.0320675,0.0249587081898348));
#10293=CARTESIAN_POINT('',(-0.0111285238530667,-0.0321945,0.0249587081898348));
#10294=CARTESIAN_POINT('',(-0.00990749287380552,-0.0320675,0.024991819061294));
#10295=CARTESIAN_POINT('',(-0.00990749287380552,-0.0321945,0.024991819061294));
#10296=CARTESIAN_POINT('',(-0.00860493967713756,-0.0320675,0.0250068866445694));
#10297=CARTESIAN_POINT('',(-0.00860493967713756,-0.0321945,0.0250068866445694));
#10298=CARTESIAN_POINT('',(-0.00658212916970162,-0.0320675,0.0250493679529334));
#10299=CARTESIAN_POINT('',(-0.00658212916970162,-0.0321945,0.0250493679529334));
#10300=CARTESIAN_POINT('',(-0.0043339605447701,-0.0320675,0.025121301734479));
#10301=CARTESIAN_POINT('',(-0.0043339605447701,-0.0321945,0.025121301734479));
#10302=CARTESIAN_POINT('',(-0.00281795873050411,-0.0320675,0.0251379887333498));
#10303=CARTESIAN_POINT('',(-0.00281795873050411,-0.0321945,0.0251379887333498));
#10304=CARTESIAN_POINT('',(-0.00228509427666156,-0.0320675,0.0251277010795158));
#10305=CARTESIAN_POINT('',(-0.00228509427666156,-0.0321945,0.0251277010795158));
#10306=CARTESIAN_POINT('',(-0.00199486287183867,-0.0320675,0.0251232389971479));
#10307=CARTESIAN_POINT('',(-0.00199486287183867,-0.0321945,0.0251232389971479));
#10308=CARTESIAN_POINT('',(-0.01239104149182,-0.0320675,0.0248626689437312));
#10309=CARTESIAN_POINT('',(-0.0121700561389402,-0.0320675,0.0248820676624347));
#10310=CARTESIAN_POINT('',(-0.010746434805697,-0.0320675,0.0249972896969122));
#10311=CARTESIAN_POINT('',(-0.00822069374537011,-0.0320675,0.0249859574663193));
#10312=CARTESIAN_POINT('',(-0.00363406474902405,-0.0320675,0.025152689891691));
#10313=CARTESIAN_POINT('',(-0.00241074815133524,-0.0320675,0.0251296329102182));
#10314=CARTESIAN_POINT('',(-0.00199486287183867,-0.0320675,0.0251232389971479));
#10315=CARTESIAN_POINT('',(-0.00187375959415386,-0.0320675,0.0261597045273934));
#10316=CARTESIAN_POINT('',(-0.00187375959415386,-0.0321945,0.0261597045273934));
#10317=CARTESIAN_POINT('',(-0.00317802573533317,-0.0320675,0.0261577657604322));
#10318=CARTESIAN_POINT('',(-0.00317802573533317,-0.0321945,0.0261577657604322));
#10319=CARTESIAN_POINT('',(-0.00563067752629711,-0.0320675,0.0261139194381311));
#10320=CARTESIAN_POINT('',(-0.00563067752629711,-0.0321945,0.0261139194381311));
#10321=CARTESIAN_POINT('',(-0.00946031176746313,-0.0320675,0.0260137724006747));
#10322=CARTESIAN_POINT('',(-0.00946031176746313,-0.0321945,0.0260137724006747));
#10323=CARTESIAN_POINT('',(-0.0113948779508759,-0.0320675,0.0259523299359202));
#10324=CARTESIAN_POINT('',(-0.0113948779508759,-0.0321945,0.0259523299359202));
#10325=CARTESIAN_POINT('',(-0.0122923090694979,-0.0320675,0.0259166847407505));
#10326=CARTESIAN_POINT('',(-0.0122923090694979,-0.0321945,0.0259166847407505));
#10327=CARTESIAN_POINT('',(-0.00187375959415386,-0.0320675,0.0261597045273934));
#10328=CARTESIAN_POINT('',(-0.00206633081392373,-0.0320675,0.0261594182739158));
#10329=CARTESIAN_POINT('',(-0.00382245635449216,-0.0320675,0.0261519986107734));
#10330=CARTESIAN_POINT('',(-0.00737786890751767,-0.0320675,0.0260736458517802));
#10331=CARTESIAN_POINT('',(-0.0110509404600663,-0.0320675,0.0259659908383914));
#10332=CARTESIAN_POINT('',(-0.0122923090694979,-0.0320675,0.0259166847407505));
#10333=CARTESIAN_POINT('',(-0.00221458555665963,-0.0320675,0.0265190097));
#10334=CARTESIAN_POINT('',(-0.00206975924750733,-0.0320675,0.0189423659039256));
#10335=CARTESIAN_POINT('',(-0.00206975924750733,-0.0321945,0.0189423659039256));
#10336=CARTESIAN_POINT('',(-0.00308811177832776,-0.0320675,0.0189413956589446));
#10337=CARTESIAN_POINT('',(-0.00308811177832776,-0.0321945,0.0189413956589446));
#10338=CARTESIAN_POINT('',(-0.00513979613672131,-0.0320675,0.0189613914650836));
#10339=CARTESIAN_POINT('',(-0.00513979613672131,-0.0321945,0.0189613914650836));
#10340=CARTESIAN_POINT('',(-0.00867018817026365,-0.0320675,0.0190859355387051));
#10341=CARTESIAN_POINT('',(-0.00867018817026365,-0.0321945,0.0190859355387051));
#10342=CARTESIAN_POINT('',(-0.01063219246816,-0.0320675,0.0191204391060943));
#10343=CARTESIAN_POINT('',(-0.01063219246816,-0.0321945,0.0191204391060943));
#10344=CARTESIAN_POINT('',(-0.0123703592714979,-0.0320675,0.0192257089247366));
#10345=CARTESIAN_POINT('',(-0.0123703592714979,-0.0321945,0.0192257089247366));
#10346=CARTESIAN_POINT('',(-0.00206975924750733,-0.0320675,0.0189423659039256));
#10347=CARTESIAN_POINT('',(-0.0025803549917735,-0.0320675,0.0189418794290132));
#10348=CARTESIAN_POINT('',(-0.00492324377295684,-0.0320675,0.0189481266591861));
#10349=CARTESIAN_POINT('',(-0.0082984917925808,-0.0320675,0.0190774619991465));
#10350=CARTESIAN_POINT('',(-0.010662801770835,-0.0320675,0.0191274227392442));
#10351=CARTESIAN_POINT('',(-0.0121493002818161,-0.0320675,0.0192123207736637));
#10352=CARTESIAN_POINT('',(-0.0123703592714979,-0.0320675,0.0192257089247366));
#10353=CARTESIAN_POINT('',(-0.0122655960093626,-0.0320675,0.0181874751624302));
#10354=CARTESIAN_POINT('',(-0.0122655960093626,-0.0321945,0.0181874751624302));
#10355=CARTESIAN_POINT('',(-0.0106817858157171,-0.0320675,0.0181076804996058));
#10356=CARTESIAN_POINT('',(-0.0106817858157171,-0.0321945,0.0181076804996058));
#10357=CARTESIAN_POINT('',(-0.00698107645360631,-0.0320675,0.018026744295504));
#10358=CARTESIAN_POINT('',(-0.00698107645360631,-0.0321945,0.018026744295504));
#10359=CARTESIAN_POINT('',(-0.00387363773534261,-0.0320675,0.0179358185082826));
#10360=CARTESIAN_POINT('',(-0.00387363773534261,-0.0321945,0.0179358185082826));
#10361=CARTESIAN_POINT('',(-0.00194906486999909,-0.0320675,0.017945775520904));
#10362=CARTESIAN_POINT('',(-0.00194906486999909,-0.0321945,0.017945775520904));
#10363=CARTESIAN_POINT('',(-0.0122655960093626,-0.0320675,0.0181874751624302));
#10364=CARTESIAN_POINT('',(-0.0119830001740726,-0.0320675,0.0181732375729242));
#10365=CARTESIAN_POINT('',(-0.0102095727171963,-0.0320675,0.0180899460643578));
#10366=CARTESIAN_POINT('',(-0.00658907224040351,-0.0320675,0.0180179114173802));
#10367=CARTESIAN_POINT('',(-0.00373235356095151,-0.0320675,0.0179371828169809));
#10368=CARTESIAN_POINT('',(-0.00197297791841068,-0.0320675,0.0179456518038294));
#10369=CARTESIAN_POINT('',(-0.00194906486999909,-0.0320675,0.017945775520904));
#10370=CARTESIAN_POINT('',(-0.00221458555665963,-0.0320675,0.0265190097));
#10371=CARTESIAN_POINT('',(-9.58173053122163E-5,-0.0320675,0.0114385041668942));
#10372=CARTESIAN_POINT('',(-9.58173053122163E-5,-0.0321945,0.0114385041668942));
#10373=CARTESIAN_POINT('',(-0.00192944182617749,-0.0320675,0.0114283762547602));
#10374=CARTESIAN_POINT('',(-0.00192944182617749,-0.0321945,0.0114283762547602));
#10375=CARTESIAN_POINT('',(-0.00560269176871976,-0.0320675,0.011600658936593));
#10376=CARTESIAN_POINT('',(-0.00560269176871976,-0.0321945,0.011600658936593));
#10377=CARTESIAN_POINT('',(-0.00915536689785684,-0.0320675,0.0119444111755347));
#10378=CARTESIAN_POINT('',(-0.00915536689785684,-0.0321945,0.0119444111755347));
#10379=CARTESIAN_POINT('',(-0.0107372168796954,-0.0320675,0.0121344533158164));
#10380=CARTESIAN_POINT('',(-0.0107372168796954,-0.0321945,0.0121344533158164));
#10381=CARTESIAN_POINT('',(-9.58173053122163E-5,-0.0320675,0.0114385041668942));
#10382=CARTESIAN_POINT('',(-0.000246499806509502,-0.0320675,0.0114376718813773));
#10383=CARTESIAN_POINT('',(-0.0020632747973278,-0.0320675,0.011434770238844));
#10384=CARTESIAN_POINT('',(-0.0054382030439932,-0.0320675,0.0115982192583423));
#10385=CARTESIAN_POINT('',(-0.00886776614180476,-0.0320675,0.0119178658430642));
#10386=CARTESIAN_POINT('',(-0.0104996175081616,-0.0320675,0.0121059083250687));
#10387=CARTESIAN_POINT('',(-0.0107372168796954,-0.0320675,0.0121344533158164));
#10388=CARTESIAN_POINT('',(-0.0111457198310756,-0.0320675,0.0132106761893241));
#10389=CARTESIAN_POINT('',(-0.0111457198310756,-0.0321945,0.0132106761893241));
#10390=CARTESIAN_POINT('',(-0.00951695222547405,-0.0320675,0.0129628285179259));
#10391=CARTESIAN_POINT('',(-0.00951695222547405,-0.0321945,0.0129628285179259));
#10392=CARTESIAN_POINT('',(-0.00709388714677361,-0.0320675,0.0127516225160363));
#10393=CARTESIAN_POINT('',(-0.00709388714677361,-0.0321945,0.0127516225160363));
#10394=CARTESIAN_POINT('',(-0.00342124129665052,-0.0320675,0.012507193543545));
#10395=CARTESIAN_POINT('',(-0.00342124129665052,-0.0321945,0.012507193543545));
#10396=CARTESIAN_POINT('',(-0.00145186102485139,-0.0320675,0.0124345381849921));
#10397=CARTESIAN_POINT('',(-0.00145186102485139,-0.0321945,0.0124345381849921));
#10398=CARTESIAN_POINT('',(-0.000455358015145627,-0.0320675,0.0124392251680729));
#10399=CARTESIAN_POINT('',(-0.000455358015145627,-0.0321945,0.0124392251680729));
#10400=CARTESIAN_POINT('',(-0.0111457198310756,-0.0320675,0.0132106761893241));
#10401=CARTESIAN_POINT('',(-0.010643023434102,-0.0320675,0.0131341814635071));
#10402=CARTESIAN_POINT('',(-0.00871282767004791,-0.0320675,0.0128733558092591));
#10403=CARTESIAN_POINT('',(-0.00537404446391264,-0.0320675,0.0126333209048302));
#10404=CARTESIAN_POINT('',(-0.0020754495638575,-0.0320675,0.0124316051793682));
#10405=CARTESIAN_POINT('',(-0.000455358015145627,-0.0320675,0.0124392251680729));
#10406=CARTESIAN_POINT('',(-0.00221458555665963,-0.0320675,0.0265190097));
#10407=CARTESIAN_POINT('',(0.00541338784129126,-0.0320675,0.0259572684697121));
#10408=CARTESIAN_POINT('',(0.00541338784129126,-0.0321945,0.0259572684697121));
#10409=CARTESIAN_POINT('',(0.00516148013679465,-0.0320675,0.0259828606527162));
#10410=CARTESIAN_POINT('',(0.00516148013679465,-0.0321945,0.0259828606527162));
#10411=CARTESIAN_POINT('',(0.00464760758184957,-0.0320675,0.0260323915006287));
#10412=CARTESIAN_POINT('',(0.00464760758184957,-0.0321945,0.0260323915006287));
#10413=CARTESIAN_POINT('',(0.00323897751591498,-0.0320675,0.0260358867625829));
#10414=CARTESIAN_POINT('',(0.00323897751591498,-0.0321945,0.0260358867625829));
#10415=CARTESIAN_POINT('',(0.00147315503136462,-0.0320675,0.0261080383343391));
#10416=CARTESIAN_POINT('',(0.00147315503136462,-0.0321945,0.0261080383343391));
#10417=CARTESIAN_POINT('',(0.000398423884711882,-0.0320675,0.0261342033685104));
#10418=CARTESIAN_POINT('',(0.000398423884711882,-0.0321945,0.0261342033685104));
#10419=CARTESIAN_POINT('',(0.00541338784129126,-0.0320675,0.0259572684697121));
#10420=CARTESIAN_POINT('',(0.00518826725330735,-0.0320675,0.0259801392560471));
#10421=CARTESIAN_POINT('',(0.00465128989761281,-0.0320675,0.0260339338765839));
#10422=CARTESIAN_POINT('',(0.00330539992050216,-0.0320675,0.0260339805160853));
#10423=CARTESIAN_POINT('',(0.00150676127124709,-0.0320675,0.0261058373780746));
#10424=CARTESIAN_POINT('',(0.000483623802315563,-0.0320675,0.0261321291206742));
#10425=CARTESIAN_POINT('',(0.000398423884711882,-0.0320675,0.0261342033685104));
#10426=CARTESIAN_POINT('',(0.000765999075106338,-0.0320675,-0.0688353661942578));
#10427=CARTESIAN_POINT('',(0.000765999075106338,-0.0320675,-0.0688353661942578));
#10428=CARTESIAN_POINT('',(-0.00221458555665963,-0.0320675,0.0265190097));
#10429=CARTESIAN_POINT('',(0.00535986990556137,-0.0320675,0.0190673955192441));
#10430=CARTESIAN_POINT('',(0.00535986990556137,-0.0321945,0.0190673955192441));
#10431=CARTESIAN_POINT('',(0.00506060540661655,-0.0320675,0.019072894421755));
#10432=CARTESIAN_POINT('',(0.00506060540661655,-0.0321945,0.019072894421755));
#10433=CARTESIAN_POINT('',(0.00465607081567597,-0.0320675,0.0190846437460312));
#10434=CARTESIAN_POINT('',(0.00465607081567597,-0.0321945,0.0190846437460312));
#10435=CARTESIAN_POINT('',(0.00370637127466802,-0.0320675,0.0190315131657084));
#10436=CARTESIAN_POINT('',(0.00370637127466802,-0.0321945,0.0190315131657084));
#10437=CARTESIAN_POINT('',(0.00294411966757122,-0.0320675,0.018983073171102));
#10438=CARTESIAN_POINT('',(0.00294411966757122,-0.0321945,0.018983073171102));
#10439=CARTESIAN_POINT('',(0.00229567077286661,-0.0320675,0.0189519730157009));
#10440=CARTESIAN_POINT('',(0.00229567077286661,-0.0321945,0.0189519730157009));
#10441=CARTESIAN_POINT('',(0.00180786078774132,-0.0320675,0.0189507149646064));
#10442=CARTESIAN_POINT('',(0.00180786078774132,-0.0321945,0.0189507149646064));
#10443=CARTESIAN_POINT('',(0.00122632666214793,-0.0320675,0.0189566758598112));
#10444=CARTESIAN_POINT('',(0.00122632666214793,-0.0321945,0.0189566758598112));
#10445=CARTESIAN_POINT('',(0.000644124147997562,-0.0320675,0.0189545707167808));
#10446=CARTESIAN_POINT('',(0.000644124147997562,-0.0321945,0.0189545707167808));
#10447=CARTESIAN_POINT('',(0.000318496500841139,-0.0320675,0.0189529092242551));
#10448=CARTESIAN_POINT('',(0.000318496500841139,-0.0321945,0.0189529092242551));
#10449=CARTESIAN_POINT('',(0.00535986990556137,-0.0320675,0.0190673955192441));
#10450=CARTESIAN_POINT('',(0.00507264167101128,-0.0320675,0.0190726732587212));
#10451=CARTESIAN_POINT('',(0.00444466955214497,-0.0320675,0.0190920212765523));
#10452=CARTESIAN_POINT('',(0.00239693689576587,-0.0320675,0.0189334899865495));
#10453=CARTESIAN_POINT('',(0.00161317262425758,-0.0320675,0.0189580014706352));
#10454=CARTESIAN_POINT('',(0.000655250966901443,-0.0320675,0.0189546274906039));
#10455=CARTESIAN_POINT('',(0.000318496500841139,-0.0320675,0.0189529092242551));
#10456=CARTESIAN_POINT('',(0.000441934708310401,-0.0320675,0.0179793608156096));
#10457=CARTESIAN_POINT('',(0.000441934708310401,-0.0321945,0.0179793608156096));
#10458=CARTESIAN_POINT('',(0.00205476791515882,-0.0320675,0.0180123571029774));
#10459=CARTESIAN_POINT('',(0.00205476791515882,-0.0321945,0.0180123571029774));
#10460=CARTESIAN_POINT('',(0.00379682779506893,-0.0320675,0.0180624313092212));
#10461=CARTESIAN_POINT('',(0.00379682779506893,-0.0321945,0.0180624313092212));
#10462=CARTESIAN_POINT('',(0.00551113643217435,-0.0320675,0.0181008151276596));
#10463=CARTESIAN_POINT('',(0.00551113643217435,-0.0321945,0.0181008151276596));
#10464=CARTESIAN_POINT('',(0.000441934708310401,-0.0320675,0.0179793608156096));
#10465=CARTESIAN_POINT('',(0.00205476791515882,-0.0320675,0.0180123571029774));
#10466=CARTESIAN_POINT('',(0.00379682779506893,-0.0320675,0.0180624313092212));
#10467=CARTESIAN_POINT('',(0.00551113643217435,-0.0320675,0.0181008151276596));
#10468=CARTESIAN_POINT('',(-0.00221458555665963,-0.0320675,0.0265190097));
#10469=CARTESIAN_POINT('',(0.00170115295902186,-0.0320675,0.0125170047598809));
#10470=CARTESIAN_POINT('',(0.00170115295902186,-0.0321945,0.0125170047598809));
#10471=CARTESIAN_POINT('',(0.00343337469947418,-0.0320675,0.0126335340832477));
#10472=CARTESIAN_POINT('',(0.00343337469947418,-0.0321945,0.0126335340832477));
#10473=CARTESIAN_POINT('',(0.00518336020197023,-0.0320675,0.0128686393446057));
#10474=CARTESIAN_POINT('',(0.00518336020197023,-0.0321945,0.0128686393446057));
#10475=CARTESIAN_POINT('',(0.00693872785133637,-0.0320675,0.0131078936888999));
#10476=CARTESIAN_POINT('',(0.00693872785133637,-0.0321945,0.0131078936888999));
#10477=CARTESIAN_POINT('',(0.00170115295902186,-0.0320675,0.0125170047598809));
#10478=CARTESIAN_POINT('',(0.00343337469947418,-0.0320675,0.0126335340832477));
#10479=CARTESIAN_POINT('',(0.00518336020197023,-0.0320675,0.0128686393446057));
#10480=CARTESIAN_POINT('',(0.00693872785133637,-0.0320675,0.0131078936888999));
#10481=CARTESIAN_POINT('',(0.00744364047515198,-0.0320675,0.0121394465077521));
#10482=CARTESIAN_POINT('',(0.00744364047515198,-0.0321945,0.0121394465077521));
#10483=CARTESIAN_POINT('',(0.00728972482057362,-0.0320675,0.0121196275421376));
#10484=CARTESIAN_POINT('',(0.00728972482057362,-0.0321945,0.0121196275421376));
#10485=CARTESIAN_POINT('',(0.0069722114335646,-0.0320675,0.012062623992934));
#10486=CARTESIAN_POINT('',(0.0069722114335646,-0.0321945,0.012062623992934));
#10487=CARTESIAN_POINT('',(0.00641002624301638,-0.0320675,0.0120435219125643));
#10488=CARTESIAN_POINT('',(0.00641002624301638,-0.0321945,0.0120435219125643));
#10489=CARTESIAN_POINT('',(0.00569456234319056,-0.0320675,0.0119444155658749));
#10490=CARTESIAN_POINT('',(0.00569456234319056,-0.0321945,0.0119444155658749));
#10491=CARTESIAN_POINT('',(0.00485377314726815,-0.0320675,0.0117457220053736));
#10492=CARTESIAN_POINT('',(0.00485377314726815,-0.0321945,0.0117457220053736));
#10493=CARTESIAN_POINT('',(0.00402290832500766,-0.0320675,0.0116545149167879));
#10494=CARTESIAN_POINT('',(0.00402290832500766,-0.0321945,0.0116545149167879));
#10495=CARTESIAN_POINT('',(0.003331057884717,-0.0320675,0.0116511292336396));
#10496=CARTESIAN_POINT('',(0.003331057884717,-0.0321945,0.0116511292336396));
#10497=CARTESIAN_POINT('',(0.00300912031209808,-0.0320675,0.0115694194789067));
#10498=CARTESIAN_POINT('',(0.00300912031209808,-0.0321945,0.0115694194789067));
#10499=CARTESIAN_POINT('',(0.00246967688633461,-0.0320675,0.0115191972389634));
#10500=CARTESIAN_POINT('',(0.00246967688633461,-0.0321945,0.0115191972389634));
#10501=CARTESIAN_POINT('',(0.00211702321571963,-0.0320675,0.0114990910566991));
#10502=CARTESIAN_POINT('',(0.00211702321571963,-0.0321945,0.0114990910566991));
#10503=CARTESIAN_POINT('',(0.00744364047515198,-0.0320675,0.0121394465077521));
#10504=CARTESIAN_POINT('',(0.00727399508414406,-0.0320675,0.0121176021009551));
#10505=CARTESIAN_POINT('',(0.00687072160084117,-0.0320675,0.0120468246795366));
#10506=CARTESIAN_POINT('',(0.00598628990553542,-0.0320675,0.0120352257601404));
#10507=CARTESIAN_POINT('',(0.00453786248451985,-0.0320675,0.0116438045618696));
#10508=CARTESIAN_POINT('',(0.00333891944396544,-0.0320675,0.0116657730287012));
#10509=CARTESIAN_POINT('',(0.00297349159201233,-0.0320675,0.0115605986077237));
#10510=CARTESIAN_POINT('',(0.00239928331457079,-0.0320675,0.0115151838226798));
#10511=CARTESIAN_POINT('',(0.00211702321571963,-0.0320675,0.0114990910566991));
#10512=CARTESIAN_POINT('',(-0.00221458555665963,-0.0320675,0.0265190097));
#10513=CARTESIAN_POINT('',(0.00740113385558734,-0.0320675,0.0318272934662529));
#10514=CARTESIAN_POINT('',(0.00740113385558734,-0.0321945,0.0318272934662529));
#10515=CARTESIAN_POINT('',(0.00709603038916789,-0.0320675,0.031916022673767));
#10516=CARTESIAN_POINT('',(0.00709603038916789,-0.0321945,0.031916022673767));
#10517=CARTESIAN_POINT('',(0.00656315904716614,-0.0320675,0.0320673604508912));
#10518=CARTESIAN_POINT('',(0.00656315904716614,-0.0321945,0.0320673604508912));
#10519=CARTESIAN_POINT('',(0.00582909330579853,-0.0320675,0.0321528677527243));
#10520=CARTESIAN_POINT('',(0.00582909330579853,-0.0321945,0.0321528677527243));
#10521=CARTESIAN_POINT('',(0.00529601164840259,-0.0320675,0.0322074331837517));
#10522=CARTESIAN_POINT('',(0.00529601164840259,-0.0321945,0.0322074331837517));
#10523=CARTESIAN_POINT('',(0.00473672127406656,-0.0320675,0.032266740147513));
#10524=CARTESIAN_POINT('',(0.00473672127406656,-0.0321945,0.032266740147513));
#10525=CARTESIAN_POINT('',(0.00372139971598766,-0.0320675,0.0323546080970519));
#10526=CARTESIAN_POINT('',(0.00372139971598766,-0.0321945,0.0323546080970519));
#10527=CARTESIAN_POINT('',(0.00265853059948144,-0.0320675,0.0324303381393542));
#10528=CARTESIAN_POINT('',(0.00265853059948144,-0.0321945,0.0324303381393542));
#10529=CARTESIAN_POINT('',(0.00203640793878855,-0.0320675,0.0324781888978018));
#10530=CARTESIAN_POINT('',(0.00203640793878855,-0.0321945,0.0324781888978018));
#10531=CARTESIAN_POINT('',(0.00203640794109456,-0.0320675,0.0324781888976244));
#10532=CARTESIAN_POINT('',(0.00740113385558734,-0.0320675,0.0318272934662529));
#10533=CARTESIAN_POINT('',(0.00714238903281774,-0.0320675,0.0319025408023194));
#10534=CARTESIAN_POINT('',(0.00652819420623106,-0.0320675,0.032082954925226));
#10535=CARTESIAN_POINT('',(0.00549921096253303,-0.0320675,0.0321839327155298));
#10536=CARTESIAN_POINT('',(0.00440835623009546,-0.0320675,0.0323060424668879));
#10537=CARTESIAN_POINT('',(0.0027944806603645,-0.0320675,0.0324198814980273));
#10538=CARTESIAN_POINT('',(0.00203640793878855,-0.0320675,0.0324781888978018));
#10539=CARTESIAN_POINT('',(0.00160593401178386,-0.0320675,0.0315151074339626));
#10540=CARTESIAN_POINT('',(0.00160593401178386,-0.0321945,0.0315151074339626));
#10541=CARTESIAN_POINT('',(0.00255903152183293,-0.0320675,0.0314798269869637));
#10542=CARTESIAN_POINT('',(0.00255903152183293,-0.0321945,0.0314798269869637));
#10543=CARTESIAN_POINT('',(0.00446978919063703,-0.0320675,0.0313608569550349));
#10544=CARTESIAN_POINT('',(0.00446978919063703,-0.0321945,0.0313608569550349));
#10545=CARTESIAN_POINT('',(0.00614825773957021,-0.0320675,0.0311141372307149));
#10546=CARTESIAN_POINT('',(0.00614825773957021,-0.0321945,0.0311141372307149));
#10547=CARTESIAN_POINT('',(0.00699360583242864,-0.0320675,0.0309834232393732));
#10548=CARTESIAN_POINT('',(0.00699360583242864,-0.0321945,0.0309834232393732));
#10549=CARTESIAN_POINT('',(0.00160593401178386,-0.0320675,0.0315151074339626));
#10550=CARTESIAN_POINT('',(0.00219630517406913,-0.0320675,0.0314932538898278));
#10551=CARTESIAN_POINT('',(0.0041341459510457,-0.0320675,0.0314001854606568));
#10552=CARTESIAN_POINT('',(0.00582653826902429,-0.0320675,0.0311638838811689));
#10553=CARTESIAN_POINT('',(0.00699360583242864,-0.0320675,0.0309834232393732));
#10554=CARTESIAN_POINT('',(-0.00221458555665963,-0.0320675,0.0265190097));
#10555=CARTESIAN_POINT('',(0.00327042126817639,-0.0318135,0.035655663376136));
#10556=CARTESIAN_POINT('',(0.00243254536304142,-0.0318135,0.0357611869048567));
#10557=CARTESIAN_POINT('',(0.00410829717293381,-0.0318135,0.0355501398444176));
#10558=CARTESIAN_POINT('',(-0.000205104903799357,-0.0318135,0.0326228872073215));
#10559=CARTESIAN_POINT('',(-0.000205104903799357,-0.0321945,0.0326228872073215));
#10560=CARTESIAN_POINT('',(-4.99204805843045E-5,-0.0318135,0.0329066019810295));
#10561=CARTESIAN_POINT('',(-4.99204805843045E-5,-0.0321945,0.0329066019810295));
#10562=CARTESIAN_POINT('',(0.000178116497737219,-0.0318135,0.0333273208751163));
#10563=CARTESIAN_POINT('',(0.000178116497737219,-0.0321945,0.0333273208751163));
#10564=CARTESIAN_POINT('',(0.000725279039148226,-0.0318135,0.0340885651363922));
#10565=CARTESIAN_POINT('',(0.000725279039148226,-0.0321945,0.0340885651363922));
#10566=CARTESIAN_POINT('',(0.0011963260446708,-0.0318135,0.0346878894126162));
#10567=CARTESIAN_POINT('',(0.0011963260446708,-0.0321945,0.0346878894126162));
#10568=CARTESIAN_POINT('',(0.00162022704044614,-0.0318135,0.0351945891472282));
#10569=CARTESIAN_POINT('',(0.00162022704044614,-0.0321945,0.0351945891472282));
#10570=CARTESIAN_POINT('',(0.00187408633745604,-0.0318135,0.0354803381467765));
#10571=CARTESIAN_POINT('',(0.00187408633745604,-0.0321945,0.0354803381467765));
#10572=CARTESIAN_POINT('',(0.00211268895850726,-0.0318135,0.0356379623526576));
#10573=CARTESIAN_POINT('',(0.00211268895850726,-0.0321945,0.0356379623526576));
#10574=CARTESIAN_POINT('',(0.00232708729711293,-0.0318135,0.0357206441742056));
#10575=CARTESIAN_POINT('',(0.00232708729711293,-0.0321945,0.0357206441742056));
#10576=CARTESIAN_POINT('',(0.00243254536304142,-0.0318135,0.0357611869048567));
#10577=CARTESIAN_POINT('',(0.00243254536304142,-0.0321945,0.0357611869048567));
#10578=CARTESIAN_POINT('',(0.00410829717293381,-0.0318135,0.0355501398444176));
#10579=CARTESIAN_POINT('',(0.00410829717293381,-0.0321945,0.0355501398444176));
#10580=CARTESIAN_POINT('',(0.00407246681680033,-0.0318135,0.0355334692449059));
#10581=CARTESIAN_POINT('',(0.00407246681680033,-0.0321945,0.0355334692449059));
#10582=CARTESIAN_POINT('',(0.00395743449348466,-0.0318135,0.0354799487667461));
#10583=CARTESIAN_POINT('',(0.00395743449348466,-0.0321945,0.0354799487667461));
#10584=CARTESIAN_POINT('',(0.00345813845896752,-0.0318135,0.0349153059576679));
#10585=CARTESIAN_POINT('',(0.00345813845896752,-0.0321945,0.0349153059576679));
#10586=CARTESIAN_POINT('',(0.00296600041996103,-0.0318135,0.0341946525390528));
#10587=CARTESIAN_POINT('',(0.00296600041996103,-0.0321945,0.0341946525390528));
#10588=CARTESIAN_POINT('',(0.00238914502735455,-0.0318135,0.0331893710061557));
#10589=CARTESIAN_POINT('',(0.00238914502735455,-0.0321945,0.0331893710061557));
#10590=CARTESIAN_POINT('',(0.00214639111498463,-0.0318135,0.0326999349758138));
#10591=CARTESIAN_POINT('',(0.00214639111498463,-0.0321945,0.0326999349758138));
#10592=CARTESIAN_POINT('',(0.00203640794109456,-0.0318135,0.0324781888976244));
#10593=CARTESIAN_POINT('',(0.00203640794109456,-0.0321945,0.0324781888976244));
#10594=CARTESIAN_POINT('',(-0.00221458555665963,-0.0315595,0.0265190097));
#10595=CARTESIAN_POINT('',(0.00205019372515381,-0.0315595,0.0346079170703888));
#10596=CARTESIAN_POINT('',(0.00205019372515381,-0.0315595,0.0342304581711983));
#10597=CARTESIAN_POINT('',(0.00205019372515381,-0.0315595,0.0346079170703888));
#10598=CARTESIAN_POINT('',(-0.016501808304367,0.00476272228439003,0.000381));
#10599=CARTESIAN_POINT('',(-0.016501808304367,0.00476272228439003,5.42101086242752E-20));
#10600=CARTESIAN_POINT('',(-0.0164960443088156,0.00456502349409556,0.000381));
#10601=CARTESIAN_POINT('',(-0.0164960443088156,0.00456502349409556,5.42101086242752E-20));
#10602=CARTESIAN_POINT('',(-0.0164858715231913,0.00416968695741254,0.000381));
#10603=CARTESIAN_POINT('',(-0.0164858715231913,0.00416968695741254,1.0842021724855E-19));
#10604=CARTESIAN_POINT('',(-0.0164402351655407,0.0037150529345841,0.000381));
#10605=CARTESIAN_POINT('',(-0.0164402351655407,0.0037150529345841,0.));
#10606=CARTESIAN_POINT('',(-0.0163862190361133,0.00325264983128368,0.000381));
#10607=CARTESIAN_POINT('',(-0.0163862190361133,0.00325264983128368,2.16840434497101E-19));
#10608=CARTESIAN_POINT('',(-0.0162988573032577,0.00238575743288526,0.000381));
#10609=CARTESIAN_POINT('',(-0.0162988573032577,0.00238575743288526,-1.0842021724855E-19));
#10610=CARTESIAN_POINT('',(-0.0160390262756572,0.00104195418824716,0.000381));
#10611=CARTESIAN_POINT('',(-0.0160390262756572,0.00104195418824716,3.25260651745651E-19));
#10612=CARTESIAN_POINT('',(-0.0156618934693614,-0.00041939329523073,0.000381));
#10613=CARTESIAN_POINT('',(-0.0156618934693614,-0.00041939329523073,0.));
#10614=CARTESIAN_POINT('',(-0.0153251651152544,-0.00151475768139992,0.000381));
#10615=CARTESIAN_POINT('',(-0.0153251651152544,-0.00151475768139992,0.));
#10616=CARTESIAN_POINT('',(-0.0149205118807105,-0.00263669766653655,0.000381));
#10617=CARTESIAN_POINT('',(-0.0149205118807105,-0.00263669766653655,5.42101086242752E-20));
#10618=CARTESIAN_POINT('',(-0.0142620764450374,-0.00420468968029304,0.000381));
#10619=CARTESIAN_POINT('',(-0.0142620764450374,-0.00420468968029304,5.42101086242752E-20));
#10620=CARTESIAN_POINT('',(-0.013482652307056,-0.00578799212574534,0.000381));
#10621=CARTESIAN_POINT('',(-0.013482652307056,-0.00578799212574534,2.16840434497101E-19));
#10622=CARTESIAN_POINT('',(-0.0129651937937399,-0.00688628868541735,0.000381));
#10623=CARTESIAN_POINT('',(-0.0129651937937399,-0.00688628868541735,-1.0842021724855E-19));
#10624=CARTESIAN_POINT('',(-0.0127565514670307,-0.00726500141697902,0.000381));
#10625=CARTESIAN_POINT('',(-0.0127565514670307,-0.00726500141697902,1.0842021724855E-19));
#10626=CARTESIAN_POINT('',(-0.0126145075170856,-0.0072896481013593,0.000381));
#10627=CARTESIAN_POINT('',(-0.0126145075170856,-0.0072896481013593,5.42101086242752E-20));
#10628=CARTESIAN_POINT('',(-0.0124820579277587,-0.00732892627895203,0.000381));
#10629=CARTESIAN_POINT('',(-0.0124820579277587,-0.00732892627895203,1.62630325872826E-19));
#10630=CARTESIAN_POINT('',(-0.0123982000394709,-0.00725440721992056,0.000381));
#10631=CARTESIAN_POINT('',(-0.0123982000394709,-0.00725440721992056,0.));
#10632=CARTESIAN_POINT('',(-0.0123881944607376,-0.00722772396034368,0.000381));
#10633=CARTESIAN_POINT('',(-0.0123881944607376,-0.00722772396034368,5.42101086242752E-20));
#10634=CARTESIAN_POINT('',(-0.0123886652290821,-0.0071869739331305,0.000381));
#10635=CARTESIAN_POINT('',(-0.0123886652290821,-0.0071869739331305,5.42101086242752E-20));
#10636=CARTESIAN_POINT('',(-0.016501808304367,0.00476272228439003,0.000381));
#10637=CARTESIAN_POINT('',(-0.016501808304367,0.00476272228439003,0.000381));
#10638=CARTESIAN_POINT('',(-0.016501808304367,0.00476272228439003,0.000381));
#10639=CARTESIAN_POINT('',(-0.0164938621173456,0.00449017669555779,0.000381));
#10640=CARTESIAN_POINT('',(-0.0164795538920228,0.00399942014380349,0.000381));
#10641=CARTESIAN_POINT('',(-0.0164005145996013,0.00344195146270679,0.000381));
#10642=CARTESIAN_POINT('',(-0.0163145149355933,0.00239102886498868,0.000381));
#10643=CARTESIAN_POINT('',(-0.0157891500391725,-0.000152039694729981,0.000381));
#10644=CARTESIAN_POINT('',(-0.0147711177223056,-0.00321892827034714,0.000381));
#10645=CARTESIAN_POINT('',(-0.0132267819438309,-0.00629884472937742,0.000381));
#10646=CARTESIAN_POINT('',(-0.0127834530974076,-0.00727419977283164,0.000381));
#10647=CARTESIAN_POINT('',(-0.0125935156699572,-0.00729255680371567,0.000381));
#10648=CARTESIAN_POINT('',(-0.0124492944537517,-0.00732787461151404,0.000381));
#10649=CARTESIAN_POINT('',(-0.0123949857625639,-0.00723736766439127,0.000381));
#10650=CARTESIAN_POINT('',(-0.0123883118814509,-0.0072175599437547,0.000381));
#10651=CARTESIAN_POINT('',(-0.0123886652290821,-0.0071869739331305,0.000381));
#10652=CARTESIAN_POINT('',(-0.0123886652290821,-0.0071869739331305,0.000381));
#10653=CARTESIAN_POINT('',(-0.0123886652290821,-0.0071869739331305,0.000381));
#10654=CARTESIAN_POINT('',(-0.0160018148590016,0.00476272228439003,0.000381));
#10655=CARTESIAN_POINT('',(-0.0155018214136362,0.00476272228439003,0.000381));
#10656=CARTESIAN_POINT('',(-0.0155018214136362,0.00476272228439003,0.000381));
#10657=CARTESIAN_POINT('',(-0.0160018148590016,0.00476272228439003,0.000381));
#10658=CARTESIAN_POINT('',(-0.0154395727440715,0.00301874079741538,0.000381));
#10659=CARTESIAN_POINT('',(-0.0154395727440715,0.00301874079741538,0.));
#10660=CARTESIAN_POINT('',(-0.0154380109916504,0.0031052315581921,0.000381));
#10661=CARTESIAN_POINT('',(-0.0154380109916504,0.0031052315581921,0.));
#10662=CARTESIAN_POINT('',(-0.0154331297980467,0.00337555490942335,0.000381));
#10663=CARTESIAN_POINT('',(-0.0154331297980467,0.00337555490942335,0.));
#10664=CARTESIAN_POINT('',(-0.0154740165200363,0.00420122666465295,0.000381));
#10665=CARTESIAN_POINT('',(-0.0154740165200363,0.00420122666465295,0.));
#10666=CARTESIAN_POINT('',(-0.0155018214136362,0.00476272228439003,0.000381));
#10667=CARTESIAN_POINT('',(-0.0155018214136362,0.00476272228439003,0.));
#10668=CARTESIAN_POINT('',(-0.0154395727440715,0.00301874079741538,0.000381));
#10669=CARTESIAN_POINT('',(-0.0154395727440715,0.00301874079741538,0.000381));
#10670=CARTESIAN_POINT('',(-0.0154395727440715,0.00301874079741538,0.000381));
#10671=CARTESIAN_POINT('',(-0.0154380109916504,0.0031052315581921,0.000381));
#10672=CARTESIAN_POINT('',(-0.0154331297980467,0.00337555490942335,0.000381));
#10673=CARTESIAN_POINT('',(-0.0154740165200363,0.00420122666465295,0.000381));
#10674=CARTESIAN_POINT('',(-0.0155018214136362,0.00476272228439003,0.000381));
#10675=CARTESIAN_POINT('',(0.0190094653517008,-0.00383066548965871,0.000381));
#10676=CARTESIAN_POINT('',(0.0190094653517008,-0.00383066548965871,-3.79470760369927E-19));
#10677=CARTESIAN_POINT('',(0.0190160309947133,-0.0038287245532871,0.000381));
#10678=CARTESIAN_POINT('',(0.0190160309947133,-0.0038287245532871,-3.79470760369927E-19));
#10679=CARTESIAN_POINT('',(0.0190314771504193,-0.0038241583584218,0.000381));
#10680=CARTESIAN_POINT('',(0.0190314771504193,-0.0038241583584218,-3.79470760369927E-19));
#10681=CARTESIAN_POINT('',(0.019053441765326,-0.00378836607190174,0.000381));
#10682=CARTESIAN_POINT('',(0.019053441765326,-0.00378836607190174,-3.79470760369927E-19));
#10683=CARTESIAN_POINT('',(0.0190587123807058,-0.00371070988206842,0.000381));
#10684=CARTESIAN_POINT('',(0.0190587123807058,-0.00371070988206842,-3.79470760369927E-19));
#10685=CARTESIAN_POINT('',(0.0188842827757938,-0.00357394172623057,0.000381));
#10686=CARTESIAN_POINT('',(0.0188842827757938,-0.00357394172623057,-3.79470760369927E-19));
#10687=CARTESIAN_POINT('',(0.0178836513979632,-0.00264802565436855,0.000381));
#10688=CARTESIAN_POINT('',(0.0178836513979632,-0.00264802565436855,-3.79470760369927E-19));
#10689=CARTESIAN_POINT('',(0.0157888158890497,-0.000913390532810909,0.000381));
#10690=CARTESIAN_POINT('',(0.0157888158890497,-0.000913390532810909,-3.79470760369927E-19));
#10691=CARTESIAN_POINT('',(0.0123184733080819,0.0015433313785879,0.000381));
#10692=CARTESIAN_POINT('',(0.0123184733080819,0.0015433313785879,-3.79470760369927E-19));
#10693=CARTESIAN_POINT('',(0.0107157796228118,0.00223046816578798,0.000381));
#10694=CARTESIAN_POINT('',(0.0107157796228118,0.00223046816578798,-3.79470760369927E-19));
#10695=CARTESIAN_POINT('',(0.00927896581236131,0.00288785311267194,0.000381));
#10696=CARTESIAN_POINT('',(0.00927896581236131,0.00288785311267194,-3.79470760369927E-19));
#10697=CARTESIAN_POINT('',(0.00679523056394178,0.0038303336805899,0.000381));
#10698=CARTESIAN_POINT('',(0.00679523056394178,0.0038303336805899,-3.79470760369927E-19));
#10699=CARTESIAN_POINT('',(0.00206258998489531,0.00359595173107661,0.000381));
#10700=CARTESIAN_POINT('',(0.00206258998489531,0.00359595173107661,-3.79470760369927E-19));
#10701=CARTESIAN_POINT('',(-0.00227492210354227,0.00280971787352837,0.000381));
#10702=CARTESIAN_POINT('',(-0.00227492210354227,0.00280971787352837,-3.79470760369927E-19));
#10703=CARTESIAN_POINT('',(-0.00697711749676842,0.00138608166449898,0.000381));
#10704=CARTESIAN_POINT('',(-0.00697711749676842,0.00138608166449898,-3.79470760369927E-19));
#10705=CARTESIAN_POINT('',(-0.0097772666359901,0.000538408903047389,0.000381));
#10706=CARTESIAN_POINT('',(-0.0097772666359901,0.000538408903047389,-3.79470760369927E-19));
#10707=CARTESIAN_POINT('',(-0.0119745905143844,0.000124454589190995,0.000381));
#10708=CARTESIAN_POINT('',(-0.0119745905143844,0.000124454589190995,-3.79470760369927E-19));
#10709=CARTESIAN_POINT('',(-0.0135075458837259,4.73165076709792E-5,0.000381));
#10710=CARTESIAN_POINT('',(-0.0135075458837259,4.73165076709792E-5,-3.79470760369927E-19));
#10711=CARTESIAN_POINT('',(-0.0143818900282998,0.000143686735529415,0.000381));
#10712=CARTESIAN_POINT('',(-0.0143818900282998,0.000143686735529415,-3.79470760369927E-19));
#10713=CARTESIAN_POINT('',(-0.01511206731692,8.06072994904426E-5,0.000381));
#10714=CARTESIAN_POINT('',(-0.01511206731692,8.06072994904426E-5,-3.79470760369927E-19));
#10715=CARTESIAN_POINT('',(-0.0151004497067174,0.0004905376811333,0.000381));
#10716=CARTESIAN_POINT('',(-0.0151004497067174,0.0004905376811333,-3.79470760369927E-19));
#10717=CARTESIAN_POINT('',(-0.0153062470714701,0.00153590817550952,0.000381));
#10718=CARTESIAN_POINT('',(-0.0153062470714701,0.00153590817550952,-3.79470760369927E-19));
#10719=CARTESIAN_POINT('',(-0.015392316518611,0.00249316255480395,0.000381));
#10720=CARTESIAN_POINT('',(-0.015392316518611,0.00249316255480395,-3.79470760369927E-19));
#10721=CARTESIAN_POINT('',(-0.0154395727440715,0.00301874079741538,0.000381));
#10722=CARTESIAN_POINT('',(-0.0154395727440715,0.00301874079741538,-3.79470760369927E-19));
#10723=CARTESIAN_POINT('',(0.0190094653517008,-0.00383066548965871,0.000381));
#10724=CARTESIAN_POINT('',(0.0190094653517008,-0.00383066548965871,0.000381));
#10725=CARTESIAN_POINT('',(0.0190094653517008,-0.00383066548965871,0.000381));
#10726=CARTESIAN_POINT('',(0.0190160309947133,-0.0038287245532871,0.000381));
#10727=CARTESIAN_POINT('',(0.0190314771504193,-0.0038241583584218,0.000381));
#10728=CARTESIAN_POINT('',(0.019053441765326,-0.00378836607190174,0.000381));
#10729=CARTESIAN_POINT('',(0.0190587123807058,-0.00371070988206842,0.000381));
#10730=CARTESIAN_POINT('',(0.0188842827757938,-0.00357394172623057,0.000381));
#10731=CARTESIAN_POINT('',(0.0178836513979632,-0.00264802565436855,0.000381));
#10732=CARTESIAN_POINT('',(0.0157888158890497,-0.000913390532810909,0.000381));
#10733=CARTESIAN_POINT('',(0.0123184733080819,0.0015433313785879,0.000381));
#10734=CARTESIAN_POINT('',(0.0107157796228118,0.00223046816578798,0.000381));
#10735=CARTESIAN_POINT('',(0.00927896581236131,0.00288785311267194,0.000381));
#10736=CARTESIAN_POINT('',(0.00679523056394178,0.0038303336805899,0.000381));
#10737=CARTESIAN_POINT('',(0.00206258998489531,0.00359595173107661,0.000381));
#10738=CARTESIAN_POINT('',(-0.00227492210354227,0.00280971787352837,0.000381));
#10739=CARTESIAN_POINT('',(-0.00697711749676842,0.00138608166449898,0.000381));
#10740=CARTESIAN_POINT('',(-0.0097772666359901,0.000538408903047389,0.000381));
#10741=CARTESIAN_POINT('',(-0.0119745905143844,0.000124454589190995,0.000381));
#10742=CARTESIAN_POINT('',(-0.0135075458837259,4.73165076709792E-5,0.000381));
#10743=CARTESIAN_POINT('',(-0.0143818900282998,0.000143686735529415,0.000381));
#10744=CARTESIAN_POINT('',(-0.01511206731692,8.06072994904426E-5,0.000381));
#10745=CARTESIAN_POINT('',(-0.0151004497067174,0.0004905376811333,0.000381));
#10746=CARTESIAN_POINT('',(-0.0153062470714701,0.00153590817550952,0.000381));
#10747=CARTESIAN_POINT('',(-0.015392316518611,0.00249316255480395,0.000381));
#10748=CARTESIAN_POINT('',(-0.0154395727440715,0.00301874079741538,0.000381));
#10749=CARTESIAN_POINT('',(0.0173680186271668,-0.00383066548965871,0.000381));
#10750=CARTESIAN_POINT('',(0.0157265719026327,-0.00383066548965871,0.000381));
#10751=CARTESIAN_POINT('',(0.0157265719026327,-0.00383066548965871,0.000381));
#10752=CARTESIAN_POINT('',(0.0173680186271668,-0.00383066548965871,0.000381));
#10753=CARTESIAN_POINT('',(0.0157265719026327,-0.00385602796450257,0.000381));
#10754=CARTESIAN_POINT('',(0.0157265719026327,-0.00388139043934644,0.000381));
#10755=CARTESIAN_POINT('',(0.0157265719026327,-0.00388139043934644,0.000381));
#10756=CARTESIAN_POINT('',(0.0157265719026327,-0.00385602796450257,0.000381));
#10757=CARTESIAN_POINT('',(-0.00277733174152673,-0.00632707541808486,0.000381));
#10758=CARTESIAN_POINT('',(-0.00277733174152673,-0.00632707541808486,-4.87890977618477E-19));
#10759=CARTESIAN_POINT('',(-0.00267196375809495,-0.00628535502909352,0.000381));
#10760=CARTESIAN_POINT('',(-0.00267196375809495,-0.00628535502909352,-4.87890977618477E-19));
#10761=CARTESIAN_POINT('',(-0.00244045697097976,-0.00619369005745784,0.000381));
#10762=CARTESIAN_POINT('',(-0.00244045697097976,-0.00619369005745784,-4.87890977618477E-19));
#10763=CARTESIAN_POINT('',(-0.00195189736530223,-0.00598121533409003,0.000381));
#10764=CARTESIAN_POINT('',(-0.00195189736530223,-0.00598121533409003,-4.87890977618477E-19));
#10765=CARTESIAN_POINT('',(-0.00147870635616918,-0.00577764481595967,0.000381));
#10766=CARTESIAN_POINT('',(-0.00147870635616918,-0.00577764481595967,-4.87890977618477E-19));
#10767=CARTESIAN_POINT('',(-0.000450714794571241,-0.0053420498175301,0.000381));
#10768=CARTESIAN_POINT('',(-0.000450714794571241,-0.0053420498175301,-4.87890977618477E-19));
#10769=CARTESIAN_POINT('',(0.000714127542305892,-0.00465514957942493,0.000381));
#10770=CARTESIAN_POINT('',(0.000714127542305892,-0.00465514957942493,-4.87890977618477E-19));
#10771=CARTESIAN_POINT('',(0.00241999914591323,-0.00426794505425425,0.000381));
#10772=CARTESIAN_POINT('',(0.00241999914591323,-0.00426794505425425,-4.87890977618477E-19));
#10773=CARTESIAN_POINT('',(0.00322894926213799,-0.00407624765974502,0.000381));
#10774=CARTESIAN_POINT('',(0.00322894926213799,-0.00407624765974502,-4.87890977618477E-19));
#10775=CARTESIAN_POINT('',(0.00411194929756463,-0.00388470587964669,0.000381));
#10776=CARTESIAN_POINT('',(0.00411194929756463,-0.00388470587964669,-4.87890977618477E-19));
#10777=CARTESIAN_POINT('',(0.00502182270686824,-0.00382650667704237,0.000381));
#10778=CARTESIAN_POINT('',(0.00502182270686824,-0.00382650667704237,-4.87890977618477E-19));
#10779=CARTESIAN_POINT('',(0.00583462954394881,-0.00378862018081244,0.000381));
#10780=CARTESIAN_POINT('',(0.00583462954394881,-0.00378862018081244,-4.87890977618477E-19));
#10781=CARTESIAN_POINT('',(0.00684004435138394,-0.00372292534855944,0.000381));
#10782=CARTESIAN_POINT('',(0.00684004435138394,-0.00372292534855944,-4.87890977618477E-19));
#10783=CARTESIAN_POINT('',(0.00869467705169509,-0.00387003973397198,0.000381));
#10784=CARTESIAN_POINT('',(0.00869467705169509,-0.00387003973397198,-4.87890977618477E-19));
#10785=CARTESIAN_POINT('',(0.0108888940541291,-0.00423825743386815,0.000381));
#10786=CARTESIAN_POINT('',(0.0108888940541291,-0.00423825743386815,-4.87890977618477E-19));
#10787=CARTESIAN_POINT('',(0.012902344769843,-0.00491557132341474,0.000381));
#10788=CARTESIAN_POINT('',(0.012902344769843,-0.00491557132341474,-4.87890977618477E-19));
#10789=CARTESIAN_POINT('',(0.0146592863728728,-0.00544276250513244,0.000381));
#10790=CARTESIAN_POINT('',(0.0146592863728728,-0.00544276250513244,-4.87890977618477E-19));
#10791=CARTESIAN_POINT('',(0.0170026394125783,-0.0069427360213541,0.000381));
#10792=CARTESIAN_POINT('',(0.0170026394125783,-0.0069427360213541,-4.87890977618477E-19));
#10793=CARTESIAN_POINT('',(0.0172228592261494,-0.00680682843424146,0.000381));
#10794=CARTESIAN_POINT('',(0.0172228592261494,-0.00680682843424146,-4.87890977618477E-19));
#10795=CARTESIAN_POINT('',(0.0171596407516024,-0.00664540743635941,0.000381));
#10796=CARTESIAN_POINT('',(0.0171596407516024,-0.00664540743635941,-4.87890977618477E-19));
#10797=CARTESIAN_POINT('',(0.0169315604053044,-0.00633815784195276,0.000381));
#10798=CARTESIAN_POINT('',(0.0169315604053044,-0.00633815784195276,-4.87890977618477E-19));
#10799=CARTESIAN_POINT('',(0.0162415112604972,-0.00493126454678844,0.000381));
#10800=CARTESIAN_POINT('',(0.0162415112604972,-0.00493126454678844,-4.87890977618477E-19));
#10801=CARTESIAN_POINT('',(0.0157265719026327,-0.00388139043934644,0.000381));
#10802=CARTESIAN_POINT('',(0.0157265719026327,-0.00388139043934644,-4.87890977618477E-19));
#10803=CARTESIAN_POINT('',(-0.00277733174152673,-0.00632707541808486,0.000381));
#10804=CARTESIAN_POINT('',(-0.00277733174152673,-0.00632707541808486,0.000381));
#10805=CARTESIAN_POINT('',(-0.00277733174152673,-0.00632707541808486,0.000381));
#10806=CARTESIAN_POINT('',(-0.00267196375809495,-0.00628535502909352,0.000381));
#10807=CARTESIAN_POINT('',(-0.00244045697097976,-0.00619369005745784,0.000381));
#10808=CARTESIAN_POINT('',(-0.00195189736530223,-0.00598121533409003,0.000381));
#10809=CARTESIAN_POINT('',(-0.00147870635616918,-0.00577764481595967,0.000381));
#10810=CARTESIAN_POINT('',(-0.000450714794571241,-0.0053420498175301,0.000381));
#10811=CARTESIAN_POINT('',(0.000714127542305892,-0.00465514957942493,0.000381));
#10812=CARTESIAN_POINT('',(0.00241999914591323,-0.00426794505425425,0.000381));
#10813=CARTESIAN_POINT('',(0.00322894926213799,-0.00407624765974502,0.000381));
#10814=CARTESIAN_POINT('',(0.00411194929756463,-0.00388470587964669,0.000381));
#10815=CARTESIAN_POINT('',(0.00502182270686824,-0.00382650667704237,0.000381));
#10816=CARTESIAN_POINT('',(0.00583462954394881,-0.00378862018081244,0.000381));
#10817=CARTESIAN_POINT('',(0.00684004435138394,-0.00372292534855944,0.000381));
#10818=CARTESIAN_POINT('',(0.00869467705169509,-0.00387003973397198,0.000381));
#10819=CARTESIAN_POINT('',(0.0108888940541291,-0.00423825743386815,0.000381));
#10820=CARTESIAN_POINT('',(0.012902344769843,-0.00491557132341474,0.000381));
#10821=CARTESIAN_POINT('',(0.0146592863728728,-0.00544276250513244,0.000381));
#10822=CARTESIAN_POINT('',(0.0170026394125783,-0.0069427360213541,0.000381));
#10823=CARTESIAN_POINT('',(0.0172228592261494,-0.00680682843424146,0.000381));
#10824=CARTESIAN_POINT('',(0.0171596407516024,-0.00664540743635941,0.000381));
#10825=CARTESIAN_POINT('',(0.0169315604053044,-0.00633815784195276,0.000381));
#10826=CARTESIAN_POINT('',(0.0162415112604972,-0.00493126454678844,0.000381));
#10827=CARTESIAN_POINT('',(0.0157265719026327,-0.00388139043934644,0.000381));
#10828=CARTESIAN_POINT('',(-0.00536296190693975,-0.0071869739331305,0.000381));
#10829=CARTESIAN_POINT('',(-0.00536296190693975,-0.0071869739331305,5.42101086242752E-20));
#10830=CARTESIAN_POINT('',(-0.00521633028413854,-0.007141616148183,0.000381));
#10831=CARTESIAN_POINT('',(-0.00521633028413854,-0.007141616148183,5.42101086242752E-20));
#10832=CARTESIAN_POINT('',(-0.00504089390429606,-0.00708940607895863,0.000381));
#10833=CARTESIAN_POINT('',(-0.00504089390429606,-0.00708940607895863,1.62630325872826E-19));
#10834=CARTESIAN_POINT('',(-0.00430671834132078,-0.00685274965076374,0.000381));
#10835=CARTESIAN_POINT('',(-0.00430671834132078,-0.00685274965076374,0.));
#10836=CARTESIAN_POINT('',(-0.00386292313411159,-0.00670973899000009,0.000381));
#10837=CARTESIAN_POINT('',(-0.00386292313411159,-0.00670973899000009,5.42101086242752E-20));
#10838=CARTESIAN_POINT('',(-0.00357908059243683,-0.00661773790289461,0.000381));
#10839=CARTESIAN_POINT('',(-0.00357908059243683,-0.00661773790289461,-5.42101086242752E-20));
#10840=CARTESIAN_POINT('',(-0.00326097383420881,-0.00650383175076791,0.000381));
#10841=CARTESIAN_POINT('',(-0.00326097383420881,-0.00650383175076791,5.42101086242752E-20));
#10842=CARTESIAN_POINT('',(-0.00277733174152673,-0.00632707541808486,0.000381));
#10843=CARTESIAN_POINT('',(-0.00277733174152673,-0.00632707541808486,5.42101086242752E-20));
#10844=CARTESIAN_POINT('',(-0.00536296190693975,-0.0071869739331305,0.000381));
#10845=CARTESIAN_POINT('',(-0.00536296190693975,-0.0071869739331305,0.000381));
#10846=CARTESIAN_POINT('',(-0.00536296190693975,-0.0071869739331305,0.000381));
#10847=CARTESIAN_POINT('',(-0.0052337106264294,-0.0071469924361411,0.000381));
#10848=CARTESIAN_POINT('',(-0.00502974304651452,-0.00708654886445144,0.000381));
#10849=CARTESIAN_POINT('',(-0.0037013314155074,-0.00665705192658901,0.000381));
#10850=CARTESIAN_POINT('',(-0.00354817255615555,-0.00660879406403772,0.000381));
#10851=CARTESIAN_POINT('',(-0.00277733174152673,-0.00632707541808486,0.000381));
#10852=CARTESIAN_POINT('',(-0.0123886652290821,-0.0071869739331305,0.000381));
#10853=CARTESIAN_POINT('',(-0.0123886652290821,-0.0071869739331305,-5.42101086242752E-20));
#10854=CARTESIAN_POINT('',(-0.0123366238991724,-0.00720339764410376,0.000381));
#10855=CARTESIAN_POINT('',(-0.0123366238991724,-0.00720339764410376,-5.42101086242752E-20));
#10856=CARTESIAN_POINT('',(-0.0122292598333739,-0.00713522370829236,0.000381));
#10857=CARTESIAN_POINT('',(-0.0122292598333739,-0.00713522370829236,-5.42101086242752E-20));
#10858=CARTESIAN_POINT('',(-0.0120313082072771,-0.00725942918637725,0.000381));
#10859=CARTESIAN_POINT('',(-0.0120313082072771,-0.00725942918637725,1.0842021724855E-19));
#10860=CARTESIAN_POINT('',(-0.0116680039413071,-0.0074164178432593,0.000381));
#10861=CARTESIAN_POINT('',(-0.0116680039413071,-0.0074164178432593,-2.16840434497101E-19));
#10862=CARTESIAN_POINT('',(-0.0111634034057272,-0.00753144459234985,0.000381));
#10863=CARTESIAN_POINT('',(-0.0111634034057272,-0.00753144459234985,5.42101086242752E-20));
#10864=CARTESIAN_POINT('',(-0.0106753104979639,-0.00761346497299005,0.000381));
#10865=CARTESIAN_POINT('',(-0.0106753104979639,-0.00761346497299005,-1.0842021724855E-19));
#10866=CARTESIAN_POINT('',(-0.0103608014513287,-0.00765116453290371,0.000381));
#10867=CARTESIAN_POINT('',(-0.0103608014513287,-0.00765116453290371,5.42101086242752E-20));
#10868=CARTESIAN_POINT('',(-0.0100730758076437,-0.00766887038949804,0.000381));
#10869=CARTESIAN_POINT('',(-0.0100730758076437,-0.00766887038949804,0.));
#10870=CARTESIAN_POINT('',(-0.00961166614667767,-0.00769500278681337,0.000381));
#10871=CARTESIAN_POINT('',(-0.00961166614667767,-0.00769500278681337,-1.62630325872826E-19));
#10872=CARTESIAN_POINT('',(-0.00905620841227034,-0.00771467539473575,0.000381));
#10873=CARTESIAN_POINT('',(-0.00905620841227034,-0.00771467539473575,0.));
#10874=CARTESIAN_POINT('',(-0.00829775774517386,-0.00771203648517555,0.000381));
#10875=CARTESIAN_POINT('',(-0.00829775774517386,-0.00771203648517555,0.));
#10876=CARTESIAN_POINT('',(-0.0075094852392783,-0.00761657477327983,0.000381));
#10877=CARTESIAN_POINT('',(-0.0075094852392783,-0.00761657477327983,-5.42101086242752E-20));
#10878=CARTESIAN_POINT('',(-0.00656699711226308,-0.00743348764152018,0.000381));
#10879=CARTESIAN_POINT('',(-0.00656699711226308,-0.00743348764152018,-1.0842021724855E-19));
#10880=CARTESIAN_POINT('',(-0.00580606536957647,-0.00727721906026123,0.000381));
#10881=CARTESIAN_POINT('',(-0.00580606536957647,-0.00727721906026123,-5.42101086242752E-20));
#10882=CARTESIAN_POINT('',(-0.00536296190693975,-0.0071869739331305,0.000381));
#10883=CARTESIAN_POINT('',(-0.00536296190693975,-0.0071869739331305,-5.42101086242752E-20));
#10884=CARTESIAN_POINT('',(-0.0123886652290821,-0.0071869739331305,0.000381));
#10885=CARTESIAN_POINT('',(-0.0123394333905977,-0.00720251099737066,0.000381));
#10886=CARTESIAN_POINT('',(-0.0122065445984773,-0.00712061958378297,0.000381));
#10887=CARTESIAN_POINT('',(-0.0118493733439988,-0.00741223277819765,0.000381));
#10888=CARTESIAN_POINT('',(-0.0105991443246429,-0.00763557074495363,0.000381));
#10889=CARTESIAN_POINT('',(-0.0100600634962966,-0.00767088081222226,0.000381));
#10890=CARTESIAN_POINT('',(-0.00845248253611368,-0.00775831201749677,0.000381));
#10891=CARTESIAN_POINT('',(-0.0071071132566246,-0.00754791092885574,0.000381));
#10892=CARTESIAN_POINT('',(-0.00607597106076794,-0.007332189683307,0.000381));
#10893=CARTESIAN_POINT('',(-0.00536296190693975,-0.0071869739331305,0.000381));
#10894=CARTESIAN_POINT('',(0.00131238009563302,-0.00149779486655337,0.000381));
#10895=CARTESIAN_POINT('',(-0.0103837503120303,-0.00595028465613723,0.000381));
#10896=CARTESIAN_POINT('',(-0.0104490421442993,-0.00593410007200987,0.000381));
#10897=CARTESIAN_POINT('',(-0.0105909490745454,-0.00590540343023838,0.000381));
#10898=CARTESIAN_POINT('',(-0.0107968613572838,-0.00569136351106526,0.000381));
#10899=CARTESIAN_POINT('',(-0.0108712154640913,-0.005310077749074,0.000381));
#10900=CARTESIAN_POINT('',(-0.0109391964548428,-0.00488433857417108,0.000381));
#10901=CARTESIAN_POINT('',(-0.011074757908878,-0.00432899994480287,0.000381));
#10902=CARTESIAN_POINT('',(-0.0112559834121402,-0.00359655239999319,0.000381));
#10903=CARTESIAN_POINT('',(-0.0113763409351771,-0.00323676156771381,0.000381));
#10904=CARTESIAN_POINT('',(-0.0114982290148584,-0.00279002591949907,0.000381));
#10905=CARTESIAN_POINT('',(-0.0116414732301178,-0.0025277738788616,0.000381));
#10906=CARTESIAN_POINT('',(-0.0117088221524481,-0.00221135190902047,0.000381));
#10907=CARTESIAN_POINT('',(-0.0116969295617597,-0.00183575888064258,0.000381));
#10908=CARTESIAN_POINT('',(-0.0116102469331782,-0.00171238701395562,0.000381));
#10909=CARTESIAN_POINT('',(-0.0114838244903758,-0.00159942829569021,0.000381));
#10910=CARTESIAN_POINT('',(-0.0112524806966482,-0.00161913825569161,0.000381));
#10911=CARTESIAN_POINT('',(-0.0108143638688907,-0.00173091070929286,0.000381));
#10912=CARTESIAN_POINT('',(-0.0104045531463373,-0.00243789398840665,0.000381));
#10913=CARTESIAN_POINT('',(-0.0102136362936709,-0.00284894491561939,0.000381));
#10914=CARTESIAN_POINT('',(-0.0101214069873094,-0.00304751796647907,0.000381));
#10915=CARTESIAN_POINT('',(-0.0103837503120303,-0.00595028465613723,0.000381));
#10916=CARTESIAN_POINT('',(-0.0101214069873095,-0.00304751796647907,0.000381));
#10917=CARTESIAN_POINT('',(-0.0103690545074642,-0.00595028465613723,0.000381));
#10918=CARTESIAN_POINT('',(-0.010354358702898,-0.00595028465613723,0.000381));
#10919=CARTESIAN_POINT('',(-0.00972746033221483,-0.00440903194248676,0.000381));
#10920=CARTESIAN_POINT('',(-0.00970572804392821,-0.00448230092189444,0.000381));
#10921=CARTESIAN_POINT('',(-0.00964984263600722,-0.00466957222868572,0.000381));
#10922=CARTESIAN_POINT('',(-0.00968265689473384,-0.00527397063227356,0.000381));
#10923=CARTESIAN_POINT('',(-0.00996618311718157,-0.00582993078968357,0.000381));
#10924=CARTESIAN_POINT('',(-0.010241976784061,-0.005909633854411,0.000381));
#10925=CARTESIAN_POINT('',(-0.010354358702898,-0.00595028465613723,0.000381));
#10926=CARTESIAN_POINT('',(-0.00972746033221483,-0.00440903194248676,0.000381));
#10927=CARTESIAN_POINT('',(-0.00975611619651318,-0.00424367957748472,0.000381));
#10928=CARTESIAN_POINT('',(-0.00978477206081152,-0.00407832721248269,0.000381));
#10929=CARTESIAN_POINT('',(-0.00929563166573644,-0.00388201442547143,0.000381));
#10930=CARTESIAN_POINT('',(-0.00880649127066135,-0.00368570163846016,0.000381));
#10931=CARTESIAN_POINT('',(-0.00751855690032244,-0.00352246197871864,0.000381));
#10932=CARTESIAN_POINT('',(-0.00749401281378989,-0.00361002042570991,0.000381));
#10933=CARTESIAN_POINT('',(-0.00742890006515434,-0.00384230330746645,0.000381));
#10934=CARTESIAN_POINT('',(-0.00722319710706222,-0.00471668322201957,0.000381));
#10935=CARTESIAN_POINT('',(-0.00718977197376924,-0.00507345875553131,0.000381));
#10936=CARTESIAN_POINT('',(-0.00740569158719114,-0.00531847356417734,0.000381));
#10937=CARTESIAN_POINT('',(-0.00763522625124057,-0.00538134534261571,0.000381));
#10938=CARTESIAN_POINT('',(-0.00786126074458398,-0.00534584372098283,0.000381));
#10939=CARTESIAN_POINT('',(-0.00810164432499665,-0.00519449795089678,0.000381));
#10940=CARTESIAN_POINT('',(-0.008245820484776,-0.0048644443665335,0.000381));
#10941=CARTESIAN_POINT('',(-0.00850668892672713,-0.00437411021867771,0.000381));
#10942=CARTESIAN_POINT('',(-0.00872548521647051,-0.00391673921186853,0.000381));
#10943=CARTESIAN_POINT('',(-0.00878321114734838,-0.00375209893743494,0.000381));
#10944=CARTESIAN_POINT('',(-0.00880649127066135,-0.00368570163846016,0.000381));
#10945=CARTESIAN_POINT('',(-0.00751855690032244,-0.00352246197871864,0.000381));
#10946=CARTESIAN_POINT('',(-0.00786951137706637,-0.00244157225824892,0.000381));
#10947=CARTESIAN_POINT('',(-0.00822046585381031,-0.00136068253777921,0.000381));
#10948=CARTESIAN_POINT('',(-0.00895921420305967,-0.00260895444080234,0.000381));
#10949=CARTESIAN_POINT('',(-0.00896888904741998,-0.00256970686040456,0.000381));
#10950=CARTESIAN_POINT('',(-0.00899608156586861,-0.00245939598466485,0.000381));
#10951=CARTESIAN_POINT('',(-0.00906490505673123,-0.00200704248254241,0.000381));
#10952=CARTESIAN_POINT('',(-0.00920986153516381,-0.00143630710789087,0.000381));
#10953=CARTESIAN_POINT('',(-0.00924071972910187,-0.00114580456166555,0.000381));
#10954=CARTESIAN_POINT('',(-0.0091778404155349,-0.000982874200592702,0.000381));
#10955=CARTESIAN_POINT('',(-0.00906424746235453,-0.000842480133533934,0.000381));
#10956=CARTESIAN_POINT('',(-0.00888351666556057,-0.000840729865962462,0.000381));
#10957=CARTESIAN_POINT('',(-0.00855583519546188,-0.000879564868716193,0.000381));
#10958=CARTESIAN_POINT('',(-0.00836345622826883,-0.00113728979619349,0.000381));
#10959=CARTESIAN_POINT('',(-0.00826692197557774,-0.00128810450275856,0.000381));
#10960=CARTESIAN_POINT('',(-0.00822046585381031,-0.00136068253777921,0.000381));
#10961=CARTESIAN_POINT('',(-0.00895921420305967,-0.00260895444080234,0.000381));
#10962=CARTESIAN_POINT('',(-0.00954031059518456,-0.0028282362036407,0.000381));
#10963=CARTESIAN_POINT('',(-0.00207238597795368,0.000147268001455814,0.000381));
#10964=CARTESIAN_POINT('',(-0.00203652321310248,0.000165909295294335,0.000381));
#10965=CARTESIAN_POINT('',(-0.00196240759754172,0.000204434241245214,0.000381));
#10966=CARTESIAN_POINT('',(-0.0019079919908279,0.000329937889490133,0.000381));
#10967=CARTESIAN_POINT('',(-0.00189342824235199,0.000623042870213977,0.000381));
#10968=CARTESIAN_POINT('',(-0.00207169187091896,0.00073150497727961,0.000381));
#10969=CARTESIAN_POINT('',(-0.00216666249572161,0.000799951367497726,0.000381));
#10970=CARTESIAN_POINT('',(-0.00225941124371376,0.000867501862889566,0.000381));
#10971=CARTESIAN_POINT('',(-0.00244645568168733,0.000991617057605606,0.000381));
#10972=CARTESIAN_POINT('',(-0.00280774715572364,0.000914619270699748,0.000381));
#10973=CARTESIAN_POINT('',(-0.00308613417595636,0.000844082158086481,0.000381));
#10974=CARTESIAN_POINT('',(-0.00339075966491366,0.000642746023813852,0.000381));
#10975=CARTESIAN_POINT('',(-0.00359693730845257,0.000366751324930423,0.000381));
#10976=CARTESIAN_POINT('',(-0.00378887870070052,3.04089288859499E-6,0.000381));
#10977=CARTESIAN_POINT('',(-0.00383312971724623,-0.000401187710361151,0.000381));
#10978=CARTESIAN_POINT('',(-0.00384760005282824,-0.000890622475602939,0.000381));
#10979=CARTESIAN_POINT('',(-0.00382399509001013,-0.00148011784705876,0.000381));
#10980=CARTESIAN_POINT('',(-0.00357688762062598,-0.00225015722512257,0.000381));
#10981=CARTESIAN_POINT('',(-0.00337108339224557,-0.00282480679287386,0.000381));
#10982=CARTESIAN_POINT('',(-0.00282580746498077,-0.00351638642533603,0.000381));
#10983=CARTESIAN_POINT('',(-0.00236464701674285,-0.00377705848191933,0.000381));
#10984=CARTESIAN_POINT('',(-0.00176026671842558,-0.00376878937589463,0.000381));
#10985=CARTESIAN_POINT('',(-0.0014124655704442,-0.00371264408877529,0.000381));
#10986=CARTESIAN_POINT('',(-0.00106090425383783,-0.00335303217430341,0.000381));
#10987=CARTESIAN_POINT('',(-0.00105527101847606,-0.00294516314495019,0.000381));
#10988=CARTESIAN_POINT('',(-0.0010397618487739,-0.00271075327140145,0.000381));
#10989=CARTESIAN_POINT('',(-0.00123378614507756,-0.00257595735419693,0.000381));
#10990=CARTESIAN_POINT('',(-0.00134574776870483,-0.00258107174189581,0.000381));
#10991=CARTESIAN_POINT('',(-0.0013986867852509,-0.00258348998613655,0.000381));
#10992=CARTESIAN_POINT('',(-0.00207238597795368,0.000147268001455814,0.000381));
#10993=CARTESIAN_POINT('',(-0.0013986867852509,-0.00258348998613655,0.000381));
#10994=CARTESIAN_POINT('',(-0.0013986867852509,-0.00258348998613655,0.000381));
#10995=CARTESIAN_POINT('',(-0.0014498991745643,-0.00258945812694059,0.000381));
#10996=CARTESIAN_POINT('',(-0.00156138597025792,-0.00260245046929,0.000381));
#10997=CARTESIAN_POINT('',(-0.0017082039212711,-0.00277803854948754,0.000381));
#10998=CARTESIAN_POINT('',(-0.00176990301861549,-0.00289918495917587,0.000381));
#10999=CARTESIAN_POINT('',(-0.00198788030549806,-0.00288808458194288,0.000381));
#11000=CARTESIAN_POINT('',(-0.00215375684903634,-0.00287678925312381,0.000381));
#11001=CARTESIAN_POINT('',(-0.00225149833006142,-0.00274467881297747,0.000381));
#11002=CARTESIAN_POINT('',(-0.00236107807954859,-0.00262825366537743,0.000381));
#11003=CARTESIAN_POINT('',(-0.00248450699956266,-0.00243678467412343,0.000381));
#11004=CARTESIAN_POINT('',(-0.00261647092819191,-0.00212645566263336,0.000381));
#11005=CARTESIAN_POINT('',(-0.00267748141927021,-0.00199284246877723,0.000381));
#11006=CARTESIAN_POINT('',(-0.00282096513515362,-0.00158740829747834,0.000381));
#11007=CARTESIAN_POINT('',(-0.00286885855786253,-0.00138040497723021,0.000381));
#11008=CARTESIAN_POINT('',(-0.00292976400995935,-0.00105887208987867,0.000381));
#11009=CARTESIAN_POINT('',(-0.00298162427368949,-0.00069569113657171,0.000381));
#11010=CARTESIAN_POINT('',(-0.00292545617420487,-0.000387619266709796,0.000381));
#11011=CARTESIAN_POINT('',(-0.00285767059779748,-0.000203144846027917,0.000381));
#11012=CARTESIAN_POINT('',(-0.002802607928628,-0.000107882179496733,0.000381));
#11013=CARTESIAN_POINT('',(-0.00268959580506589,3.76961134537983E-5,0.000381));
#11014=CARTESIAN_POINT('',(-0.00256403241202802,8.62355429741929E-5,0.000381));
#11015=CARTESIAN_POINT('',(-0.0024777224035009,0.000146214841749487,0.000381));
#11016=CARTESIAN_POINT('',(-0.0022571506487215,0.000134968944820099,0.000381));
#11017=CARTESIAN_POINT('',(-0.00213287822445938,0.000143241270789699,0.000381));
#11018=CARTESIAN_POINT('',(-0.00207238597795368,0.000147268001455814,0.000381));
#11019=CARTESIAN_POINT('',(0.00565652595832944,-0.00100444169947877,0.000381));
#11020=CARTESIAN_POINT('',(0.00564489560201764,-0.00100418517831713,0.000381));
#11021=CARTESIAN_POINT('',(0.00566815631464124,-0.00100469822064042,0.000381));
#11022=CARTESIAN_POINT('',(0.00564489560201764,-0.00100418517831713,0.000381));
#11023=CARTESIAN_POINT('',(0.00559532601119104,-0.00101456775593042,0.000381));
#11024=CARTESIAN_POINT('',(0.00548187351946948,-0.00103833089944397,0.000381));
#11025=CARTESIAN_POINT('',(0.00526132182189825,-0.00122955273947139,0.000381));
#11026=CARTESIAN_POINT('',(0.00509444990113229,-0.00120505409249363,0.000381));
#11027=CARTESIAN_POINT('',(0.00487253551632061,-0.00112706139876407,0.000381));
#11028=CARTESIAN_POINT('',(0.00467097863463322,-0.000847877165588419,0.000381));
#11029=CARTESIAN_POINT('',(0.00459317120102653,-0.000464161057240809,0.000381));
#11030=CARTESIAN_POINT('',(0.00455455041947343,8.0307723536525E-6,0.000381));
#11031=CARTESIAN_POINT('',(0.00464181586735901,0.000398332784864135,0.000381));
#11032=CARTESIAN_POINT('',(0.0048180746679531,0.000883033769669263,0.000381));
#11033=CARTESIAN_POINT('',(0.00502750430478495,0.00109323639276146,0.000381));
#11034=CARTESIAN_POINT('',(0.00513080487798108,0.00124073943716153,0.000381));
#11035=CARTESIAN_POINT('',(0.00537878372167557,0.00131097963563154,0.000381));
#11036=CARTESIAN_POINT('',(0.00566237996401444,0.00125558761611612,0.000381));
#11037=CARTESIAN_POINT('',(0.005976390999996,0.00110911500095593,0.000381));
#11038=CARTESIAN_POINT('',(0.00607531977342427,0.0011612935146976,0.000381));
#11039=CARTESIAN_POINT('',(0.00618239185496485,0.00129223726873479,0.000381));
#11040=CARTESIAN_POINT('',(0.00622933592319075,0.00154701259303851,0.000381));
#11041=CARTESIAN_POINT('',(0.00610249579947741,0.00173411318848171,0.000381));
#11042=CARTESIAN_POINT('',(0.0058952622936924,0.00192952711949792,0.000381));
#11043=CARTESIAN_POINT('',(0.00556234395754992,0.00206389607396124,0.000381));
#11044=CARTESIAN_POINT('',(0.00508437820714074,0.00203907494728187,0.000381));
#11045=CARTESIAN_POINT('',(0.00480669739605517,0.00197905699383831,0.000381));
#11046=CARTESIAN_POINT('',(0.00450254987632841,0.00180256333008924,0.000381));
#11047=CARTESIAN_POINT('',(0.00429926201268372,0.00149382571407501,0.000381));
#11048=CARTESIAN_POINT('',(0.00401611958442077,0.000999143926494189,0.000381));
#11049=CARTESIAN_POINT('',(0.00399588983613415,0.000367257665444512,0.000381));
#11050=CARTESIAN_POINT('',(0.00395197288721427,-0.00014240220719486,0.000381));
#11051=CARTESIAN_POINT('',(0.00402935029084105,-0.00103438772429485,0.000381));
#11052=CARTESIAN_POINT('',(0.00421878288146494,-0.00134408974024927,0.000381));
#11053=CARTESIAN_POINT('',(0.00442987088273553,-0.00176491058666216,0.000381));
#11054=CARTESIAN_POINT('',(0.00495378128531316,-0.00200145648772708,0.000381));
#11055=CARTESIAN_POINT('',(0.00534265158973483,-0.00193189484087891,0.000381));
#11056=CARTESIAN_POINT('',(0.00581558590983717,-0.00163091076026706,0.000381));
#11057=CARTESIAN_POINT('',(0.00583494715128601,-0.00122424121240753,0.000381));
#11058=CARTESIAN_POINT('',(0.00584665197520801,-0.00105275835387951,0.000381));
#11059=CARTESIAN_POINT('',(0.0057291299425647,-0.00102552043975481,0.000381));
#11060=CARTESIAN_POINT('',(0.00566815631464124,-0.00100469822064042,0.000381));
#11061=CARTESIAN_POINT('',(0.00653355801478028,-0.00180158170405776,0.000381));
#11062=CARTESIAN_POINT('',(0.00654086941235624,-0.00185432337913633,0.000381));
#11063=CARTESIAN_POINT('',(0.00656724193466005,-0.00192700227946166,0.000381));
#11064=CARTESIAN_POINT('',(0.00666385422862008,-0.00208750098825625,0.000381));
#11065=CARTESIAN_POINT('',(0.006842398970204,-0.00218196870222863,0.000381));
#11066=CARTESIAN_POINT('',(0.00708417593898814,-0.00200637532418177,0.000381));
#11067=CARTESIAN_POINT('',(0.00716292291237241,-0.00165763540513972,0.000381));
#11068=CARTESIAN_POINT('',(0.00732541103387943,-0.00110017715850752,0.000381));
#11069=CARTESIAN_POINT('',(0.00737024273762762,-0.000605475759549674,0.000381));
#11070=CARTESIAN_POINT('',(0.00745315716661607,0.000270905199356487,0.000381));
#11071=CARTESIAN_POINT('',(0.0073995107628011,0.000892998796785553,0.000381));
#11072=CARTESIAN_POINT('',(0.00782148770043032,0.000882056411019601,0.000381));
#11073=CARTESIAN_POINT('',(0.0084120987008704,0.000791838047490782,0.000381));
#11074=CARTESIAN_POINT('',(0.00880516666056058,0.000637153502484359,0.000381));
#11075=CARTESIAN_POINT('',(0.00913122765530833,0.000729105526915866,0.000381));
#11076=CARTESIAN_POINT('',(0.00922858412020715,0.000956142114363292,0.000381));
#11077=CARTESIAN_POINT('',(0.00902246041284586,0.001171364780707,0.000381));
#11078=CARTESIAN_POINT('',(0.00854075527063035,0.00131818885747623,0.000381));
#11079=CARTESIAN_POINT('',(0.00836891735981066,0.00135251286933713,0.000381));
#11080=CARTESIAN_POINT('',(0.0080776513251971,0.00142793060157312,0.000381));
#11081=CARTESIAN_POINT('',(0.0075934544498312,0.0014805994209272,0.000381));
#11082=CARTESIAN_POINT('',(0.00737817114373548,0.00150401532341599,0.000381));
#11083=CARTESIAN_POINT('',(0.00691448876615983,0.001566652518197,0.000381));
#11084=CARTESIAN_POINT('',(0.00688454126192278,0.00129291806807009,0.000381));
#11085=CARTESIAN_POINT('',(0.00681963557874573,0.000721277399594685,0.000381));
#11086=CARTESIAN_POINT('',(0.00676779569715495,0.00016833715112071,0.000381));
#11087=CARTESIAN_POINT('',(0.00663826814045808,-0.000724566534321347,0.000381));
#11088=CARTESIAN_POINT('',(0.00652550677813222,-0.0013683575534577,0.000381));
#11089=CARTESIAN_POINT('',(0.00652096793463388,-0.00171076159621968,0.000381));
#11090=CARTESIAN_POINT('',(0.00653355801478028,-0.00180158170405776,0.000381));
#11091=CARTESIAN_POINT('',(0.00653355801478028,-0.00180158170405776,0.000381));
#11092=CARTESIAN_POINT('',(0.0114868627861142,-0.00282980385236442,0.000381));
#11093=CARTESIAN_POINT('',(0.0115367057360966,-0.00264695124820788,0.000381));
#11094=CARTESIAN_POINT('',(0.0116418339901648,-0.00226128035526161,0.000381));
#11095=CARTESIAN_POINT('',(0.0118724201582446,-0.00156893246594771,0.000381));
#11096=CARTESIAN_POINT('',(0.0120376013257177,-0.00100287047086585,0.000381));
#11097=CARTESIAN_POINT('',(0.0121378165552736,-0.000584833853680373,0.000381));
#11098=CARTESIAN_POINT('',(0.0121888900175691,-0.000371786620235071,0.000381));
#11099=CARTESIAN_POINT('',(0.0114868627861142,-0.00282980385236442,0.000381));
#11100=CARTESIAN_POINT('',(0.0121888900175691,-0.00037178662023507,0.000381));
#11101=CARTESIAN_POINT('',(0.0114868627861142,-0.00282980385236442,0.000381));
#11102=CARTESIAN_POINT('',(0.0114859017908335,-0.00286974714298443,0.000381));
#11103=CARTESIAN_POINT('',(0.0114838414321344,-0.00295518088721008,0.000381));
#11104=CARTESIAN_POINT('',(0.0115029767352751,-0.00313894380304973,0.000381));
#11105=CARTESIAN_POINT('',(0.0117658757727312,-0.00329712898490498,0.000381));
#11106=CARTESIAN_POINT('',(0.0121334596871918,-0.00350794871150381,0.000381));
#11107=CARTESIAN_POINT('',(0.0125812929178597,-0.00368674145828872,0.000381));
#11108=CARTESIAN_POINT('',(0.0130105493390778,-0.00372989581610491,0.000381));
#11109=CARTESIAN_POINT('',(0.0133521344111601,-0.00358611305918081,0.000381));
#11110=CARTESIAN_POINT('',(0.0134931864485887,-0.00307369964334089,0.000381));
#11111=CARTESIAN_POINT('',(0.0134035270622134,-0.00268514069352785,0.000381));
#11112=CARTESIAN_POINT('',(0.013320815990327,-0.00249918411719087,0.000381));
#11113=CARTESIAN_POINT('',(0.0132816787809133,-0.00241268426179886,0.000381));
#11114=CARTESIAN_POINT('',(0.0132816787809133,-0.00241268426179886,0.000381));
#11115=CARTESIAN_POINT('',(0.0121888900175691,-0.00037178662023507,0.000381));
#11116=CARTESIAN_POINT('',(0.0122189781630895,-0.000353824236525699,0.000381));
#11117=CARTESIAN_POINT('',(0.0122993003854529,-0.000305872508244609,0.000381));
#11118=CARTESIAN_POINT('',(0.0126529837590261,-0.000329902702495964,0.000381));
#11119=CARTESIAN_POINT('',(0.01295854366502,-0.000416216403408184,0.000381));
#11120=CARTESIAN_POINT('',(0.0135437789690094,-0.000710089907314591,0.000381));
#11121=CARTESIAN_POINT('',(0.0138222539239446,-0.000976608714614702,0.000381));
#11122=CARTESIAN_POINT('',(0.0140531625041972,-0.00134200618739712,0.000381));
#11123=CARTESIAN_POINT('',(0.0139405940518039,-0.00181275827546501,0.000381));
#11124=CARTESIAN_POINT('',(0.0136972848183037,-0.00231579023468635,0.000381));
#11125=CARTESIAN_POINT('',(0.0134135347835913,-0.00238194346895897,0.000381));
#11126=CARTESIAN_POINT('',(0.0132816787809133,-0.00241268426179886,0.000381));
#11127=CARTESIAN_POINT('',(0.00871034245938063,-0.00226257694885134,0.000381));
#11128=CARTESIAN_POINT('',(0.00870305866860771,-0.00216111988123722,0.000381));
#11129=CARTESIAN_POINT('',(0.00868581295640872,-0.00192090164279669,0.000381));
#11130=CARTESIAN_POINT('',(0.00886076800593848,-0.0013815750705249,0.000381));
#11131=CARTESIAN_POINT('',(0.00907349504313626,-0.000552249037025066,0.000381));
#11132=CARTESIAN_POINT('',(0.0092605139614936,-1.99354083830586E-6,0.000381));
#11133=CARTESIAN_POINT('',(0.00951206901743814,0.000379321453438588,0.000381));
#11134=CARTESIAN_POINT('',(0.00994908195254986,0.00065157775816849,0.000381));
#11135=CARTESIAN_POINT('',(0.0104661584240908,0.00062794184410826,0.000381));
#11136=CARTESIAN_POINT('',(0.0108343116016902,0.000604411883415265,0.000381));
#11137=CARTESIAN_POINT('',(0.0111556922819844,0.000161383373464205,0.000381));
#11138=CARTESIAN_POINT('',(0.0112524143303915,-0.000265746201739452,0.000381));
#11139=CARTESIAN_POINT('',(0.0112968209916281,-0.000728319316674398,0.000381));
#11140=CARTESIAN_POINT('',(0.0111405878439504,-0.00159736870750333,0.000381));
#11141=CARTESIAN_POINT('',(0.0110480197125287,-0.00239479145764933,0.000381));
#11142=CARTESIAN_POINT('',(0.0106394670965151,-0.00288446922493811,0.000381));
#11143=CARTESIAN_POINT('',(0.0103984589818336,-0.00282731949457338,0.000381));
#11144=CARTESIAN_POINT('',(0.0101753612687283,-0.00254628270424583,0.000381));
#11145=CARTESIAN_POINT('',(0.0103654363277599,-0.00205604830579528,0.000381));
#11146=CARTESIAN_POINT('',(0.0104315155768996,-0.00149350603611107,0.000381));
#11147=CARTESIAN_POINT('',(0.0105756501422313,-0.000779200154048723,0.000381));
#11148=CARTESIAN_POINT('',(0.0105304781724538,-0.000287730378309891,0.000381));
#11149=CARTESIAN_POINT('',(0.0104985676722573,5.87770635816923E-5,0.000381));
#11150=CARTESIAN_POINT('',(0.0101784546061306,5.98510509525431E-5,0.000381));
#11151=CARTESIAN_POINT('',(0.0100848618894815,3.85427447326947E-5,0.000381));
#11152=CARTESIAN_POINT('',(0.00871034245938063,-0.00226257694885135,0.000381));
#11153=CARTESIAN_POINT('',(0.0100848618894815,3.85427447326947E-5,0.000381));
#11154=CARTESIAN_POINT('',(0.0100848618894815,3.85427447326947E-5,0.000381));
#11155=CARTESIAN_POINT('',(0.0100650004891769,2.8506513636008E-5,0.000381));
#11156=CARTESIAN_POINT('',(0.0100101713079567,8.0059536605079E-7,0.000381));
#11157=CARTESIAN_POINT('',(0.00979692159261133,-0.000164152049956497,0.000381));
#11158=CARTESIAN_POINT('',(0.00972600339969342,-0.000548212808495386,0.000381));
#11159=CARTESIAN_POINT('',(0.00950842996599777,-0.00120287007667183,0.000381));
#11160=CARTESIAN_POINT('',(0.00938988957930236,-0.00205715834525009,0.000381));
#11161=CARTESIAN_POINT('',(0.00923506611534429,-0.00239143358641116,0.000381));
#11162=CARTESIAN_POINT('',(0.0090093217525032,-0.00252836626742541,0.000381));
#11163=CARTESIAN_POINT('',(0.00877981947976935,-0.00248465718427655,0.000381));
#11164=CARTESIAN_POINT('',(0.00873392706732232,-0.00233796410930813,0.000381));
#11165=CARTESIAN_POINT('',(0.00871034245938063,-0.00226257694885135,0.000381));
#11166=CARTESIAN_POINT('',(0.00204462721012532,-0.00188753282418475,0.000381));
#11167=CARTESIAN_POINT('',(0.00204462721012532,-0.00169914506841451,0.000381));
#11168=CARTESIAN_POINT('',(0.00204462721012532,-0.00207592057995498,0.000381));
#11169=CARTESIAN_POINT('',(0.0010408602287219,-0.000450291941783396,0.000381));
#11170=CARTESIAN_POINT('',(0.0010765041069446,-0.00051022111102338,0.000381));
#11171=CARTESIAN_POINT('',(0.00121344736397355,-0.000629151961162324,0.000381));
#11172=CARTESIAN_POINT('',(0.00152251362150426,-0.000960737082450068,0.000381));
#11173=CARTESIAN_POINT('',(0.00191047328554006,-0.00145834078576146,0.000381));
#11174=CARTESIAN_POINT('',(0.00200588560036887,-0.00163188427277036,0.000381));
#11175=CARTESIAN_POINT('',(0.00204462721012532,-0.00169914506841451,0.000381));
#11176=CARTESIAN_POINT('',(0.0010408602287219,-0.000450291941783396,0.000381));
#11177=CARTESIAN_POINT('',(0.000972563924733549,0.00183967442717403,0.000381));
#11178=CARTESIAN_POINT('',(0.00101586569238649,0.00186427118357273,0.000381));
#11179=CARTESIAN_POINT('',(0.00110580100827686,0.00191535725179806,0.000381));
#11180=CARTESIAN_POINT('',(0.00127510624209907,0.00188476609243513,0.000381));
#11181=CARTESIAN_POINT('',(0.00147157742699059,0.00186647003387758,0.000381));
#11182=CARTESIAN_POINT('',(0.00154980559591749,0.00165933590018447,0.000381));
#11183=CARTESIAN_POINT('',(0.00168647840069199,0.00137328468923536,0.000381));
#11184=CARTESIAN_POINT('',(0.00156008424724791,0.00086285411076648,0.000381));
#11185=CARTESIAN_POINT('',(0.00136629756160348,0.000185020876075222,0.000381));
#11186=CARTESIAN_POINT('',(0.00115466294261038,-0.000345873203378792,0.000381));
#11187=CARTESIAN_POINT('',(0.00106917350089481,-0.000424313333195037,0.000381));
#11188=CARTESIAN_POINT('',(0.0010408602287219,-0.000450291941783396,0.000381));
#11189=CARTESIAN_POINT('',(0.000972563924733549,0.00183967442717403,0.000381));
#11190=CARTESIAN_POINT('',(0.000402978796046227,-0.000126756276586093,0.000381));
#11191=CARTESIAN_POINT('',(0.000411295125293582,-7.39576545127242E-5,0.000381));
#11192=CARTESIAN_POINT('',(0.000429803711526779,3.99448307606004E-5,0.000381));
#11193=CARTESIAN_POINT('',(0.000489281991255021,0.000267875061453069,0.000381));
#11194=CARTESIAN_POINT('',(0.000594858527068888,0.00078781073242064,0.000381));
#11195=CARTESIAN_POINT('',(0.000674095061320926,0.0013424936127107,0.000381));
#11196=CARTESIAN_POINT('',(0.000717647099820941,0.0016237904761319,0.000381));
#11197=CARTESIAN_POINT('',(0.000871307612465466,0.0017805395941253,0.000381));
#11198=CARTESIAN_POINT('',(0.000972563924733549,0.00183967442717403,0.000381));
#11199=CARTESIAN_POINT('',(0.000402978796046227,-0.000126756276586093,0.000381));
#11200=CARTESIAN_POINT('',(0.000246416366280755,-0.000126756276586093,0.000381));
#11201=CARTESIAN_POINT('',(8.98539365152828E-5,-0.000126756276586093,0.000381));
#11202=CARTESIAN_POINT('',(6.70065035983127E-21,-0.00309036672115326,0.000381));
#11203=CARTESIAN_POINT('',(-6.03540929273521E-5,-0.00308085027217908,0.000381));
#11204=CARTESIAN_POINT('',(-0.000196353452780855,-0.00306405802807681,0.000381));
#11205=CARTESIAN_POINT('',(-0.000266919649492335,-0.00276479719790904,0.000381));
#11206=CARTESIAN_POINT('',(-0.000380505233618583,-0.00248018150526362,0.000381));
#11207=CARTESIAN_POINT('',(-0.00035104269701389,-0.0017808553708614,0.000381));
#11208=CARTESIAN_POINT('',(-0.000454363803420045,-0.00103219286481419,0.000381));
#11209=CARTESIAN_POINT('',(-0.000600614342558596,-0.000394694700755679,
0.000381));
#11210=CARTESIAN_POINT('',(-0.00129817119162929,0.00078077375484369,0.000381));
#11211=CARTESIAN_POINT('',(-0.00133141590180849,0.000996097100908059,0.000381));
#11212=CARTESIAN_POINT('',(-0.0013473212830861,0.0012202128228797,0.000381));
#11213=CARTESIAN_POINT('',(-0.00121456392866541,0.00129188098278911,0.000381));
#11214=CARTESIAN_POINT('',(-0.00104774373592993,0.0013860768813508,0.000381));
#11215=CARTESIAN_POINT('',(-0.000678840257312213,0.00122131681786037,0.000381));
#11216=CARTESIAN_POINT('',(-0.000438469751592593,0.000982013584308126,0.000381));
#11217=CARTESIAN_POINT('',(-0.000157488330513365,0.00060188015358935,0.000381));
#11218=CARTESIAN_POINT('',(-2.84464795089776E-5,0.00026822172792572,0.000381));
#11219=CARTESIAN_POINT('',(4.66299711948323E-5,6.30472475985107E-5,0.000381));
#11220=CARTESIAN_POINT('',(7.57219657547176E-5,-6.47004741151621E-5,0.000381));
#11221=CARTESIAN_POINT('',(8.98539365152828E-5,-0.000126756276586093,0.000381));
#11222=CARTESIAN_POINT('',(6.70065035983127E-21,-0.00309036672115326,0.000381));
#11223=CARTESIAN_POINT('',(0.000421679695136845,-0.00109559635166079,0.000381));
#11224=CARTESIAN_POINT('',(0.000427760630822202,-0.00114538430333787,0.000381));
#11225=CARTESIAN_POINT('',(0.000443946323017765,-0.00127829244715222,0.000381));
#11226=CARTESIAN_POINT('',(0.00055096383327356,-0.00176427875767836,0.000381));
#11227=CARTESIAN_POINT('',(0.000590217572929469,-0.00241832978817291,0.000381));
#11228=CARTESIAN_POINT('',(0.000543916338303605,-0.00288272277811473,0.000381));
#11229=CARTESIAN_POINT('',(9.45913027912271E-5,-0.00310199421929691,0.000381));
#11230=CARTESIAN_POINT('',(2.59698571762578E-5,-0.00309226602814559,0.000381));
#11231=CARTESIAN_POINT('',(0.,-0.00309036672115326,0.000381));
#11232=CARTESIAN_POINT('',(0.000421679695136845,-0.00109559635166079,0.000381));
#11233=CARTESIAN_POINT('',(0.000439875322626903,-0.00106140587013215,0.000381));
#11234=CARTESIAN_POINT('',(0.000458070950116962,-0.00102721538860351,0.000381));
#11235=CARTESIAN_POINT('',(0.00204462721012532,-0.00207592057995498,0.000381));
#11236=CARTESIAN_POINT('',(0.00201290290204858,-0.00210572801346322,0.000381));
#11237=CARTESIAN_POINT('',(0.00193951472591178,-0.00217468186346358,0.000381));
#11238=CARTESIAN_POINT('',(0.00168792496975197,-0.00213862471396129,0.000381));
#11239=CARTESIAN_POINT('',(0.00142106377916103,-0.00193314880675691,0.000381));
#11240=CARTESIAN_POINT('',(0.00109919157293737,-0.00168202977930565,0.000381));
#11241=CARTESIAN_POINT('',(0.000751271811415411,-0.00136383752535773,0.000381));
#11242=CARTESIAN_POINT('',(0.000554899118168945,-0.00113838322311569,0.000381));
#11243=CARTESIAN_POINT('',(0.000458070950116962,-0.00102721538860351,0.000381));
#11244=CARTESIAN_POINT('',(-0.00638265023007989,-0.00137641106266528,0.000381));
#11245=CARTESIAN_POINT('',(-0.00640834741105891,-0.0013336935327261,0.000381));
#11246=CARTESIAN_POINT('',(-0.00647217965386682,-0.00122757627130688,0.000381));
#11247=CARTESIAN_POINT('',(-0.00663990404248691,-0.000906400886180055,0.000381));
#11248=CARTESIAN_POINT('',(-0.0069150728562651,-0.0006205015084105,0.000381));
#11249=CARTESIAN_POINT('',(-0.00714199936184467,-0.000495560845746097,0.000381));
#11250=CARTESIAN_POINT('',(-0.00729199319600828,-0.000522853476868884,0.000381));
#11251=CARTESIAN_POINT('',(-0.00744573452777364,-0.000617957604804795,0.000381));
#11252=CARTESIAN_POINT('',(-0.00747879333256337,-0.000748589237534972,0.000381));
#11253=CARTESIAN_POINT('',(-0.00749929109588265,-0.000868999282829464,0.000381));
#11254=CARTESIAN_POINT('',(-0.00748083088546991,-0.000910534639842808,0.000381));
#11255=CARTESIAN_POINT('',(-0.00638265023007989,-0.00137641106266528,0.000381));
#11256=CARTESIAN_POINT('',(-0.00748083088546991,-0.000910534639842808,0.000381));
#11257=CARTESIAN_POINT('',(-0.00748083088546991,-0.000910534639842808,0.000381));
#11258=CARTESIAN_POINT('',(-0.00737718895115716,-0.00111188735554275,0.000381));
#11259=CARTESIAN_POINT('',(-0.00720090025567401,-0.0014877730716012,0.000381));
#11260=CARTESIAN_POINT('',(-0.00697452411145715,-0.00192577741424124,0.000381));
#11261=CARTESIAN_POINT('',(-0.00664878743724264,-0.00247548926730031,0.000381));
#11262=CARTESIAN_POINT('',(-0.00633324147719167,-0.00309692677859033,0.000381));
#11263=CARTESIAN_POINT('',(-0.00607063003207359,-0.00348078933534079,0.000381));
#11264=CARTESIAN_POINT('',(-0.0056300794497902,-0.00446758437535285,0.000381));
#11265=CARTESIAN_POINT('',(-0.00529797363013304,-0.00475197896245206,0.000381));
#11266=CARTESIAN_POINT('',(-0.00513711813200897,-0.00482268393399888,0.000381));
#11267=CARTESIAN_POINT('',(-0.00498633821003123,-0.00486492631219418,0.000381));
#11268=CARTESIAN_POINT('',(-0.00487599709938213,-0.00482901962438667,0.000381));
#11269=CARTESIAN_POINT('',(-0.00474870540523358,-0.00484283714508316,0.000381));
#11270=CARTESIAN_POINT('',(-0.00461794889858113,-0.0046136711123405,0.000381));
#11271=CARTESIAN_POINT('',(-0.004506472625334,-0.00446280387723047,0.000381));
#11272=CARTESIAN_POINT('',(-0.0044032041638403,-0.0042091007378498,0.000381));
#11273=CARTESIAN_POINT('',(-0.00436981752755041,-0.00361800145342844,0.000381));
#11274=CARTESIAN_POINT('',(-0.00436168349853821,-0.00273496950131804,0.000381));
#11275=CARTESIAN_POINT('',(-0.00460047406897604,-0.00119725898151119,0.000381));
#11276=CARTESIAN_POINT('',(-0.00479806223687649,-0.000564600382209371,0.000381));
#11277=CARTESIAN_POINT('',(-0.00487862387672067,-0.00026766024529934,0.000381));
#11278=CARTESIAN_POINT('',(-0.00487862387672067,-0.00026766024529934,0.000381));
#11279=CARTESIAN_POINT('',(-0.00487862387672067,-0.00026766024529934,0.000381));
#11280=CARTESIAN_POINT('',(-0.00490033425888419,-0.000233194275055682,0.000381));
#11281=CARTESIAN_POINT('',(-0.00494412970183108,-0.000163667519513277,0.000381));
#11282=CARTESIAN_POINT('',(-0.00504109398234516,-0.000100437776126807,0.000381));
#11283=CARTESIAN_POINT('',(-0.00520550578462814,6.89469137486817E-5,0.000381));
#11284=CARTESIAN_POINT('',(-0.005277647107576,0.000111207328795885,0.000381));
#11285=CARTESIAN_POINT('',(-0.00542796918619396,0.000178590202005297,0.000381));
#11286=CARTESIAN_POINT('',(-0.00554078253361941,0.000126964430479127,0.000381));
#11287=CARTESIAN_POINT('',(-0.00571326549149512,8.90843595677706E-5,0.000381));
#11288=CARTESIAN_POINT('',(-0.00580264214821628,-3.26745300912558E-5,0.000381));
#11289=CARTESIAN_POINT('',(-0.0057963381011272,-0.000248434976566399,0.000381));
#11290=CARTESIAN_POINT('',(-0.00572127467283208,-0.000497954540448986,0.000381));
#11291=CARTESIAN_POINT('',(-0.00559853318869772,-0.00087992021562801,0.000381));
#11292=CARTESIAN_POINT('',(-0.00552308724894131,-0.00113857289749955,0.000381));
#11293=CARTESIAN_POINT('',(-0.0054851290769875,-0.00126870558597147,0.000381));
#11294=CARTESIAN_POINT('',(-0.0054851290769875,-0.00126870558597147,0.000381));
#11295=CARTESIAN_POINT('',(-0.0059338896535337,-0.00132255832431838,0.000381));
#11296=CARTESIAN_POINT('',(-0.00558369467034936,-0.00233770709019155,0.000635));
#11297=CARTESIAN_POINT('',(-0.00558369467034936,-0.00233770709019155,0.));
#11298=CARTESIAN_POINT('',(-0.00602880772203207,-0.00241583492606878,0.));
#11299=CARTESIAN_POINT('',(-0.00513858161866665,-0.00225957925431431,0.));
#11300=CARTESIAN_POINT('',(-0.00602880772203207,-0.00241583492606878,0.000635));
#11301=CARTESIAN_POINT('',(-0.00602880772203207,-0.00241583492606878,0.000635));
#11302=CARTESIAN_POINT('',(-0.00558369467034936,-0.00233770709019155,0.000635));
#11303=CARTESIAN_POINT('',(-0.00513858161866665,-0.00225957925431431,0.000635));
#11304=CARTESIAN_POINT('',(-0.00513858161866665,-0.00225957925431431,0.000635));
#11305=CARTESIAN_POINT('',(-0.00558003596961498,-0.00304203084670007,0.000635));
#11306=CARTESIAN_POINT('',(-0.00558003596961498,-0.00304203084670007,0.));
#11307=CARTESIAN_POINT('',(-0.0051312642171979,-0.00366822676733136,0.));
#11308=CARTESIAN_POINT('',(-0.0051312642171979,-0.00366822676733136,0.000635));
#11309=CARTESIAN_POINT('',(-0.0051312642171979,-0.00366822676733136,0.000635));
#11310=CARTESIAN_POINT('',(-0.00558003596961498,-0.00304203084670007,0.000635));
#11311=CARTESIAN_POINT('',(-0.00748083088546991,-0.000910534639842808,0.000635));
#11312=CARTESIAN_POINT('',(-0.00748083088546991,-0.000910534639842808,0.000381));
#11313=CARTESIAN_POINT('',(-0.00738108790799253,-0.00110431256882727,0.000635));
#11314=CARTESIAN_POINT('',(-0.00738108790799253,-0.00110431256882727,0.000381));
#11315=CARTESIAN_POINT('',(-0.00719901822564559,-0.00149174170402435,0.000635));
#11316=CARTESIAN_POINT('',(-0.00719901822564559,-0.00149174170402435,0.000381));
#11317=CARTESIAN_POINT('',(-0.00697253107195006,-0.00192933929467302,0.000635));
#11318=CARTESIAN_POINT('',(-0.00697253107195006,-0.00192933929467302,0.000381));
#11319=CARTESIAN_POINT('',(-0.00664677288625589,-0.0024800796331528,0.000635));
#11320=CARTESIAN_POINT('',(-0.00664677288625589,-0.0024800796331528,0.000381));
#11321=CARTESIAN_POINT('',(-0.00633279213097187,-0.00309845257949748,0.000635));
#11322=CARTESIAN_POINT('',(-0.00633279213097187,-0.00309845257949748,0.000381));
#11323=CARTESIAN_POINT('',(-0.00609773244383393,-0.00343830812339103,0.000635));
#11324=CARTESIAN_POINT('',(-0.00609773244383393,-0.00343830812339103,0.000381));
#11325=CARTESIAN_POINT('',(-0.00576227985895334,-0.00416964204382692,0.000635));
#11326=CARTESIAN_POINT('',(-0.00576227985895334,-0.00416964204382692,0.000381000000000001));
#11327=CARTESIAN_POINT('',(-0.00549768516641896,-0.00457268288926368,0.000635));
#11328=CARTESIAN_POINT('',(-0.00549768516641896,-0.00457268288926368,0.000381));
#11329=CARTESIAN_POINT('',(-0.00531651611959347,-0.00473378148538601,0.000635));
#11330=CARTESIAN_POINT('',(-0.00531651611959347,-0.00473378148538601,0.000381));
#11331=CARTESIAN_POINT('',(-0.00518049021805108,-0.00480533795976154,0.000635));
#11332=CARTESIAN_POINT('',(-0.00518049021805108,-0.00480533795976154,0.000381000000000001));
#11333=CARTESIAN_POINT('',(-0.00503120364344701,-0.00486215876060137,0.000635));
#11334=CARTESIAN_POINT('',(-0.00503120364344701,-0.00486215876060137,0.000381));
#11335=CARTESIAN_POINT('',(-0.00489927975732937,-0.00483214053527523,0.000635));
#11336=CARTESIAN_POINT('',(-0.00489927975732937,-0.00483214053527523,0.000381000000000001));
#11337=CARTESIAN_POINT('',(-0.00477524296508652,-0.00485156534930908,0.000635));
#11338=CARTESIAN_POINT('',(-0.00477524296508652,-0.00485156534930908,0.000381));
#11339=CARTESIAN_POINT('',(-0.00465211344426366,-0.00467997080037998,0.000635));
#11340=CARTESIAN_POINT('',(-0.00465211344426366,-0.00467997080037998,0.000381));
#11341=CARTESIAN_POINT('',(-0.00455268227240903,-0.00452357556568061,0.000635));
#11342=CARTESIAN_POINT('',(-0.00455268227240903,-0.00452357556568061,0.000381000000000001));
#11343=CARTESIAN_POINT('',(-0.00447163010565092,-0.00439047457196375,0.000635));
#11344=CARTESIAN_POINT('',(-0.00447163010565092,-0.00439047457196375,0.000381));
#11345=CARTESIAN_POINT('',(-0.00439300455842796,-0.00411551474393386,0.000635));
#11346=CARTESIAN_POINT('',(-0.00439300455842796,-0.00411551474393386,0.000381000000000001));
#11347=CARTESIAN_POINT('',(-0.00437032678756109,-0.00358407778993396,0.000635));
#11348=CARTESIAN_POINT('',(-0.00437032678756109,-0.00358407778993396,0.000381));
#11349=CARTESIAN_POINT('',(-0.00436673797957003,-0.00288873410507357,0.000635));
#11350=CARTESIAN_POINT('',(-0.00436673797957003,-0.00288873410507357,0.000381000000000001));
#11351=CARTESIAN_POINT('',(-0.00449006930337042,-0.00187705299231129,0.000635));
#11352=CARTESIAN_POINT('',(-0.00449006930337042,-0.00187705299231129,0.000381));
#11353=CARTESIAN_POINT('',(-0.00468191653236955,-0.000932741076012209,0.000635));
#11354=CARTESIAN_POINT('',(-0.00468191653236955,-0.000932741076012209,0.000381));
#11355=CARTESIAN_POINT('',(-0.00481567699011011,-0.000499674603055102,0.000635));
#11356=CARTESIAN_POINT('',(-0.00481567699011011,-0.000499674603055102,0.000381));
#11357=CARTESIAN_POINT('',(-0.00487862387672067,-0.00026766024529934,0.000635));
#11358=CARTESIAN_POINT('',(-0.00487862387672067,-0.00026766024529934,0.000381));
#11359=CARTESIAN_POINT('',(-0.00748083088546991,-0.000910534639842808,0.000635));
#11360=CARTESIAN_POINT('',(-0.00748083088546991,-0.000910534639842808,0.000635));
#11361=CARTESIAN_POINT('',(-0.00748083088546991,-0.000910534639842808,0.000635));
#11362=CARTESIAN_POINT('',(-0.00737718895115716,-0.00111188735554275,0.000635));
#11363=CARTESIAN_POINT('',(-0.00720090025567401,-0.0014877730716012,0.000635));
#11364=CARTESIAN_POINT('',(-0.00697452411145715,-0.00192577741424124,0.000635));
#11365=CARTESIAN_POINT('',(-0.00664878743724264,-0.00247548926730031,0.000635));
#11366=CARTESIAN_POINT('',(-0.00633324147719167,-0.00309692677859033,0.000635));
#11367=CARTESIAN_POINT('',(-0.00607063003207359,-0.00348078933534079,0.000635));
#11368=CARTESIAN_POINT('',(-0.0056300794497902,-0.00446758437535285,0.000635));
#11369=CARTESIAN_POINT('',(-0.00529797363013304,-0.00475197896245206,0.000635));
#11370=CARTESIAN_POINT('',(-0.00513711813200897,-0.00482268393399888,0.000635));
#11371=CARTESIAN_POINT('',(-0.00498633821003123,-0.00486492631219418,0.000635));
#11372=CARTESIAN_POINT('',(-0.00487599709938213,-0.00482901962438667,0.000635));
#11373=CARTESIAN_POINT('',(-0.00474870540523358,-0.00484283714508316,0.000635));
#11374=CARTESIAN_POINT('',(-0.00461794889858113,-0.0046136711123405,0.000635));
#11375=CARTESIAN_POINT('',(-0.004506472625334,-0.00446280387723047,0.000635));
#11376=CARTESIAN_POINT('',(-0.0044032041638403,-0.0042091007378498,0.000635));
#11377=CARTESIAN_POINT('',(-0.00436981752755041,-0.00361800145342844,0.000635));
#11378=CARTESIAN_POINT('',(-0.00436168349853821,-0.00273496950131804,0.000635));
#11379=CARTESIAN_POINT('',(-0.00460047406897604,-0.00119725898151119,0.000635));
#11380=CARTESIAN_POINT('',(-0.00479806223687649,-0.000564600382209371,0.000635));
#11381=CARTESIAN_POINT('',(-0.00487862387672067,-0.00026766024529934,0.000635));
#11382=CARTESIAN_POINT('',(-0.00487862387672067,-0.00026766024529934,0.000635));
#11383=CARTESIAN_POINT('',(-0.00487862387672067,-0.00026766024529934,0.000635));
#11384=CARTESIAN_POINT('',(-0.00638265023007989,-0.00137641106266528,0.000635));
#11385=CARTESIAN_POINT('',(-0.00638265023007989,-0.00137641106266528,0.000381));
#11386=CARTESIAN_POINT('',(-0.00641177826339529,-0.00132799027922464,0.000635));
#11387=CARTESIAN_POINT('',(-0.00641177826339529,-0.00132799027922464,0.000381));
#11388=CARTESIAN_POINT('',(-0.00647117589620625,-0.00122818147161134,0.000635));
#11389=CARTESIAN_POINT('',(-0.00647117589620625,-0.00122818147161134,0.000381));
#11390=CARTESIAN_POINT('',(-0.00665508971155573,-0.000880079911744998,0.000635));
#11391=CARTESIAN_POINT('',(-0.00665508971155573,-0.000880079911744998,0.000381));
#11392=CARTESIAN_POINT('',(-0.00697094350286898,-0.000563916166298033,0.000635));
#11393=CARTESIAN_POINT('',(-0.00697094350286898,-0.000563916166298033,0.000381));
#11394=CARTESIAN_POINT('',(-0.00721151610801754,-0.000488688974382981,0.000635));
#11395=CARTESIAN_POINT('',(-0.00721151610801754,-0.000488688974382981,0.000381));
#11396=CARTESIAN_POINT('',(-0.00740137513503738,-0.000575597500957521,0.000635));
#11397=CARTESIAN_POINT('',(-0.00740137513503738,-0.000575597500957521,0.000381));
#11398=CARTESIAN_POINT('',(-0.00747961458063727,-0.000714499940058814,0.000635));
#11399=CARTESIAN_POINT('',(-0.00747961458063727,-0.000714499940058814,0.000381));
#11400=CARTESIAN_POINT('',(-0.00750232485823478,-0.000862173336668945,0.000635));
#11401=CARTESIAN_POINT('',(-0.00750232485823478,-0.000862173336668945,0.000381));
#11402=CARTESIAN_POINT('',(-0.00748083088546991,-0.000910534639842808,0.000635));
#11403=CARTESIAN_POINT('',(-0.00748083088546991,-0.000910534639842808,0.000381));
#11404=CARTESIAN_POINT('',(-0.00638265023007989,-0.00137641106266528,0.000635));
#11405=CARTESIAN_POINT('',(-0.00638265023007989,-0.00137641106266528,0.000635));
#11406=CARTESIAN_POINT('',(-0.00638265023007989,-0.00137641106266528,0.000635));
#11407=CARTESIAN_POINT('',(-0.00640834741105891,-0.0013336935327261,0.000635));
#11408=CARTESIAN_POINT('',(-0.00647217965386682,-0.00122757627130688,0.000635));
#11409=CARTESIAN_POINT('',(-0.00663990404248691,-0.000906400886180055,0.000635));
#11410=CARTESIAN_POINT('',(-0.0069150728562651,-0.0006205015084105,0.000635));
#11411=CARTESIAN_POINT('',(-0.00714199936184467,-0.000495560845746097,0.000635));
#11412=CARTESIAN_POINT('',(-0.00729199319600828,-0.000522853476868884,0.000635));
#11413=CARTESIAN_POINT('',(-0.00744573452777364,-0.000617957604804795,0.000635));
#11414=CARTESIAN_POINT('',(-0.00747879333256337,-0.000748589237534972,0.000635));
#11415=CARTESIAN_POINT('',(-0.00749929109588265,-0.000868999282829464,0.000635));
#11416=CARTESIAN_POINT('',(-0.00748083088546991,-0.000910534639842808,0.000635));
#11417=CARTESIAN_POINT('',(-0.0059338896535337,-0.00132255832431838,0.000635));
#11418=CARTESIAN_POINT('',(-0.0054851290769875,-0.00126870558597147,0.000635));
#11419=CARTESIAN_POINT('',(-0.0054851290769875,-0.00126870558597147,0.000635));
#11420=CARTESIAN_POINT('',(-0.0059338896535337,-0.00132255832431838,0.000635));
#11421=CARTESIAN_POINT('',(-0.00487862387672067,-0.00026766024529934,0.000635));
#11422=CARTESIAN_POINT('',(-0.00487862387672067,-0.00026766024529934,0.000381));
#11423=CARTESIAN_POINT('',(-0.00490033425888419,-0.000233194275055682,0.000635));
#11424=CARTESIAN_POINT('',(-0.00490033425888419,-0.000233194275055682,0.000381));
#11425=CARTESIAN_POINT('',(-0.00494412970183108,-0.000163667519513277,0.000635));
#11426=CARTESIAN_POINT('',(-0.00494412970183108,-0.000163667519513277,0.000381));
#11427=CARTESIAN_POINT('',(-0.00504109398234516,-0.000100437776126807,0.000635));
#11428=CARTESIAN_POINT('',(-0.00504109398234516,-0.000100437776126807,0.000381));
#11429=CARTESIAN_POINT('',(-0.00520550578462814,6.89469137486817E-5,0.000635));
#11430=CARTESIAN_POINT('',(-0.00520550578462814,6.89469137486817E-5,0.000381));
#11431=CARTESIAN_POINT('',(-0.005277647107576,0.000111207328795885,0.000635));
#11432=CARTESIAN_POINT('',(-0.005277647107576,0.000111207328795885,0.000381));
#11433=CARTESIAN_POINT('',(-0.00542796918619396,0.000178590202005297,0.000635));
#11434=CARTESIAN_POINT('',(-0.00542796918619396,0.000178590202005297,0.000381));
#11435=CARTESIAN_POINT('',(-0.00554078253361941,0.000126964430479127,0.000635));
#11436=CARTESIAN_POINT('',(-0.00554078253361941,0.000126964430479127,0.000381));
#11437=CARTESIAN_POINT('',(-0.00571326549149512,8.90843595677706E-5,0.000635));
#11438=CARTESIAN_POINT('',(-0.00571326549149512,8.90843595677706E-5,0.000381));
#11439=CARTESIAN_POINT('',(-0.00580264214821628,-3.26745300912558E-5,0.000635));
#11440=CARTESIAN_POINT('',(-0.00580264214821628,-3.26745300912558E-5,0.000381));
#11441=CARTESIAN_POINT('',(-0.0057963381011272,-0.000248434976566399,0.000635));
#11442=CARTESIAN_POINT('',(-0.0057963381011272,-0.000248434976566399,0.000381));
#11443=CARTESIAN_POINT('',(-0.00572127467283208,-0.000497954540448986,0.000635));
#11444=CARTESIAN_POINT('',(-0.00572127467283208,-0.000497954540448986,0.000381));
#11445=CARTESIAN_POINT('',(-0.00559853318869772,-0.00087992021562801,0.000635));
#11446=CARTESIAN_POINT('',(-0.00559853318869772,-0.00087992021562801,0.000381));
#11447=CARTESIAN_POINT('',(-0.00552308724894131,-0.00113857289749955,0.000635));
#11448=CARTESIAN_POINT('',(-0.00552308724894131,-0.00113857289749955,0.000381));
#11449=CARTESIAN_POINT('',(-0.0054851290769875,-0.00126870558597147,0.000635));
#11450=CARTESIAN_POINT('',(-0.0054851290769875,-0.00126870558597147,0.000381));
#11451=CARTESIAN_POINT('',(-0.00487862387672067,-0.00026766024529934,0.000635));
#11452=CARTESIAN_POINT('',(-0.00490033425888419,-0.000233194275055682,0.000635));
#11453=CARTESIAN_POINT('',(-0.00494412970183108,-0.000163667519513277,0.000635));
#11454=CARTESIAN_POINT('',(-0.00504109398234516,-0.000100437776126807,0.000635));
#11455=CARTESIAN_POINT('',(-0.00520550578462814,6.89469137486817E-5,0.000635));
#11456=CARTESIAN_POINT('',(-0.005277647107576,0.000111207328795885,0.000635));
#11457=CARTESIAN_POINT('',(-0.00542796918619396,0.000178590202005297,0.000635));
#11458=CARTESIAN_POINT('',(-0.00554078253361941,0.000126964430479127,0.000635));
#11459=CARTESIAN_POINT('',(-0.00571326549149512,8.90843595677706E-5,0.000635));
#11460=CARTESIAN_POINT('',(-0.00580264214821628,-3.26745300912558E-5,0.000635));
#11461=CARTESIAN_POINT('',(-0.0057963381011272,-0.000248434976566399,0.000635));
#11462=CARTESIAN_POINT('',(-0.00572127467283208,-0.000497954540448986,0.000635));
#11463=CARTESIAN_POINT('',(-0.00559853318869772,-0.00087992021562801,0.000635));
#11464=CARTESIAN_POINT('',(-0.00552308724894131,-0.00113857289749955,0.000635));
#11465=CARTESIAN_POINT('',(-0.0054851290769875,-0.00126870558597147,0.000635));
#11466=CARTESIAN_POINT('',(-0.00513858161866665,-0.00225957925431431,0.000635));
#11467=CARTESIAN_POINT('',(-0.00513858161866665,-0.00225957925431431,1.0842021724855E-19));
#11468=CARTESIAN_POINT('',(-0.00512675780847232,-0.0023023427789736,0.000635));
#11469=CARTESIAN_POINT('',(-0.00512675780847232,-0.0023023427789736,1.0842021724855E-19));
#11470=CARTESIAN_POINT('',(-0.00509726015311854,-0.00240902782308212,0.000635));
#11471=CARTESIAN_POINT('',(-0.00509726015311854,-0.00240902782308212,1.0842021724855E-19));
#11472=CARTESIAN_POINT('',(-0.00508602113210757,-0.00276123141879534,0.000635));
#11473=CARTESIAN_POINT('',(-0.00508602113210757,-0.00276123141879534,1.0842021724855E-19));
#11474=CARTESIAN_POINT('',(-0.0050647538288067,-0.0030450523303815,0.000635));
#11475=CARTESIAN_POINT('',(-0.0050647538288067,-0.0030450523303815,1.0842021724855E-19));
#11476=CARTESIAN_POINT('',(-0.00506140262851596,-0.00352333707132526,0.000635));
#11477=CARTESIAN_POINT('',(-0.00506140262851596,-0.00352333707132526,1.0842021724855E-19));
#11478=CARTESIAN_POINT('',(-0.00506174898795132,-0.00360055110911466,0.000635));
#11479=CARTESIAN_POINT('',(-0.00506174898795132,-0.00360055110911466,1.0842021724855E-19));
#11480=CARTESIAN_POINT('',(-0.00507534018952429,-0.00363635624384671,0.000635));
#11481=CARTESIAN_POINT('',(-0.00507534018952429,-0.00363635624384671,1.0842021724855E-19));
#11482=CARTESIAN_POINT('',(-0.0051022956797459,-0.00366361986840105,0.000635));
#11483=CARTESIAN_POINT('',(-0.0051022956797459,-0.00366361986840105,1.0842021724855E-19));
#11484=CARTESIAN_POINT('',(-0.00512200428371936,-0.00366675414974727,0.000635));
#11485=CARTESIAN_POINT('',(-0.00512200428371936,-0.00366675414974727,1.0842021724855E-19));
#11486=CARTESIAN_POINT('',(-0.0051312642171979,-0.00366822676733136,0.000635));
#11487=CARTESIAN_POINT('',(-0.0051312642171979,-0.00366822676733136,1.0842021724855E-19));
#11488=CARTESIAN_POINT('',(-0.00513858161866665,-0.00225957925431431,0.));
#11489=CARTESIAN_POINT('',(-0.00512675780847232,-0.0023023427789736,0.));
#11490=CARTESIAN_POINT('',(-0.00509726015311854,-0.00240902782308212,0.));
#11491=CARTESIAN_POINT('',(-0.00508602113210757,-0.00276123141879534,0.));
#11492=CARTESIAN_POINT('',(-0.0050647538288067,-0.0030450523303815,0.));
#11493=CARTESIAN_POINT('',(-0.00506140262851596,-0.00352333707132526,0.));
#11494=CARTESIAN_POINT('',(-0.00506174898795132,-0.00360055110911466,0.));
#11495=CARTESIAN_POINT('',(-0.00507534018952429,-0.00363635624384671,0.));
#11496=CARTESIAN_POINT('',(-0.0051022956797459,-0.00366361986840105,0.));
#11497=CARTESIAN_POINT('',(-0.00512200428371936,-0.00366675414974727,0.));
#11498=CARTESIAN_POINT('',(-0.0051312642171979,-0.00366822676733136,0.));
#11499=CARTESIAN_POINT('',(-0.00513858161866665,-0.00225957925431431,0.000635));
#11500=CARTESIAN_POINT('',(-0.00512675780847232,-0.0023023427789736,0.000635));
#11501=CARTESIAN_POINT('',(-0.00509726015311854,-0.00240902782308212,0.000635));
#11502=CARTESIAN_POINT('',(-0.00508602113210757,-0.00276123141879534,0.000635));
#11503=CARTESIAN_POINT('',(-0.0050647538288067,-0.0030450523303815,0.000635));
#11504=CARTESIAN_POINT('',(-0.00506140262851596,-0.00352333707132526,0.000635));
#11505=CARTESIAN_POINT('',(-0.00506174898795132,-0.00360055110911466,0.000635));
#11506=CARTESIAN_POINT('',(-0.00507534018952429,-0.00363635624384671,0.000635));
#11507=CARTESIAN_POINT('',(-0.0051022956797459,-0.00366361986840105,0.000635));
#11508=CARTESIAN_POINT('',(-0.00512200428371936,-0.00366675414974727,0.000635));
#11509=CARTESIAN_POINT('',(-0.0051312642171979,-0.00366822676733136,0.000635));
#11510=CARTESIAN_POINT('',(0.00131238009563302,-0.00149779486655337,0.000635));
#11511=CARTESIAN_POINT('',(0.0114868627861142,-0.00282980385236442,0.000635));
#11512=CARTESIAN_POINT('',(0.0114868627861142,-0.00282980385236442,0.000381));
#11513=CARTESIAN_POINT('',(0.0114849055426899,-0.00291115570130306,0.000635));
#11514=CARTESIAN_POINT('',(0.0114849055426899,-0.00291115570130306,0.000381));
#11515=CARTESIAN_POINT('',(0.0114464579919266,-0.00311222523399057,0.000635));
#11516=CARTESIAN_POINT('',(0.0114464579919266,-0.00311222523399057,0.000381));
#11517=CARTESIAN_POINT('',(0.011821332100385,-0.00332997701119168,0.000635));
#11518=CARTESIAN_POINT('',(0.011821332100385,-0.00332997701119168,0.000381));
#11519=CARTESIAN_POINT('',(0.0122545512693653,-0.00356931817675177,0.000635));
#11520=CARTESIAN_POINT('',(0.0122545512693653,-0.00356931817675177,0.000381));
#11521=CARTESIAN_POINT('',(0.012746486819436,-0.00372431122999685,0.000635));
#11522=CARTESIAN_POINT('',(0.012746486819436,-0.00372431122999685,0.000381));
#11523=CARTESIAN_POINT('',(0.0131289931045051,-0.00370999800319024,0.000635));
#11524=CARTESIAN_POINT('',(0.0131289931045051,-0.00370999800319024,0.000381));
#11525=CARTESIAN_POINT('',(0.0133423479242739,-0.00352420609739037,0.000635));
#11526=CARTESIAN_POINT('',(0.0133423479242739,-0.00352420609739037,0.000381000000000001));
#11527=CARTESIAN_POINT('',(0.0134717715381815,-0.00318546122966427,0.000635));
#11528=CARTESIAN_POINT('',(0.0134717715381815,-0.00318546122966427,0.000381));
#11529=CARTESIAN_POINT('',(0.0134422179386908,-0.00275352541355809,0.000635));
#11530=CARTESIAN_POINT('',(0.0134422179386908,-0.00275352541355809,0.000381));
#11531=CARTESIAN_POINT('',(0.013333756435166,-0.00252778468999737,0.000635));
#11532=CARTESIAN_POINT('',(0.013333756435166,-0.00252778468999737,0.000381));
#11533=CARTESIAN_POINT('',(0.0132816787809133,-0.00241268426179886,0.000635));
#11534=CARTESIAN_POINT('',(0.0132816787809133,-0.00241268426179886,0.000381));
#11535=CARTESIAN_POINT('',(0.0114868627861142,-0.00282980385236442,0.000635));
#11536=CARTESIAN_POINT('',(0.0114868627861142,-0.00282980385236442,0.000635));
#11537=CARTESIAN_POINT('',(0.0114868627861142,-0.00282980385236442,0.000635));
#11538=CARTESIAN_POINT('',(0.0114859017908335,-0.00286974714298443,0.000635));
#11539=CARTESIAN_POINT('',(0.0114838414321344,-0.00295518088721008,0.000635));
#11540=CARTESIAN_POINT('',(0.0115029767352751,-0.00313894380304973,0.000635));
#11541=CARTESIAN_POINT('',(0.0117658757727312,-0.00329712898490498,0.000635));
#11542=CARTESIAN_POINT('',(0.0121334596871918,-0.00350794871150381,0.000635));
#11543=CARTESIAN_POINT('',(0.0125812929178597,-0.00368674145828872,0.000635));
#11544=CARTESIAN_POINT('',(0.0130105493390778,-0.00372989581610491,0.000635));
#11545=CARTESIAN_POINT('',(0.0133521344111601,-0.00358611305918081,0.000635));
#11546=CARTESIAN_POINT('',(0.0134931864485887,-0.00307369964334089,0.000635));
#11547=CARTESIAN_POINT('',(0.0134035270622134,-0.00268514069352785,0.000635));
#11548=CARTESIAN_POINT('',(0.013320815990327,-0.00249918411719087,0.000635));
#11549=CARTESIAN_POINT('',(0.0132816787809133,-0.00241268426179886,0.000635));
#11550=CARTESIAN_POINT('',(0.0132816787809133,-0.00241268426179886,0.000635));
#11551=CARTESIAN_POINT('',(0.0132816787809133,-0.00241268426179886,0.000635));
#11552=CARTESIAN_POINT('',(0.0114868627861142,-0.00282980385236442,0.000635));
#11553=CARTESIAN_POINT('',(0.0114868627861142,-0.00282980385236442,0.000381));
#11554=CARTESIAN_POINT('',(0.0115367057360966,-0.00264695124820788,0.000635));
#11555=CARTESIAN_POINT('',(0.0115367057360966,-0.00264695124820788,0.000381));
#11556=CARTESIAN_POINT('',(0.0116418339901648,-0.00226128035526161,0.000635));
#11557=CARTESIAN_POINT('',(0.0116418339901648,-0.00226128035526161,0.000381));
#11558=CARTESIAN_POINT('',(0.0118724201582446,-0.00156893246594771,0.000635));
#11559=CARTESIAN_POINT('',(0.0118724201582446,-0.00156893246594771,0.000381));
#11560=CARTESIAN_POINT('',(0.0120376013257177,-0.00100287047086585,0.000635));
#11561=CARTESIAN_POINT('',(0.0120376013257177,-0.00100287047086585,0.000381));
#11562=CARTESIAN_POINT('',(0.0121378165552736,-0.000584833853680373,0.000635));
#11563=CARTESIAN_POINT('',(0.0121378165552736,-0.000584833853680373,0.000381));
#11564=CARTESIAN_POINT('',(0.0121888900175691,-0.000371786620235071,0.000635));
#11565=CARTESIAN_POINT('',(0.0121888900175691,-0.000371786620235071,0.000381));
#11566=CARTESIAN_POINT('',(0.0121888900175691,-0.00037178662023507,0.000635));
#11567=CARTESIAN_POINT('',(0.0121888900175691,-0.00037178662023507,0.000635));
#11568=CARTESIAN_POINT('',(0.0114868627861142,-0.00282980385236442,0.000635));
#11569=CARTESIAN_POINT('',(0.0115367057360966,-0.00264695124820788,0.000635));
#11570=CARTESIAN_POINT('',(0.0116418339901648,-0.00226128035526161,0.000635));
#11571=CARTESIAN_POINT('',(0.0118724201582446,-0.00156893246594771,0.000635));
#11572=CARTESIAN_POINT('',(0.0120376013257177,-0.00100287047086585,0.000635));
#11573=CARTESIAN_POINT('',(0.0121378165552736,-0.000584833853680373,0.000635));
#11574=CARTESIAN_POINT('',(0.0121888900175691,-0.000371786620235071,0.000635));
#11575=CARTESIAN_POINT('',(0.0121671836823225,-0.00254063925240189,0.000635));
#11576=CARTESIAN_POINT('',(0.0121671836823225,-0.00254063925240189,0.));
#11577=CARTESIAN_POINT('',(0.0120218191295862,-0.00287207053042949,0.));
#11578=CARTESIAN_POINT('',(0.0123125482350588,-0.0022092079743743,0.));
#11579=CARTESIAN_POINT('',(0.0120218191295862,-0.00287207053042949,0.000635));
#11580=CARTESIAN_POINT('',(0.0120218191295862,-0.00287207053042949,0.000635));
#11581=CARTESIAN_POINT('',(0.0121671836823225,-0.00254063925240189,0.000635));
#11582=CARTESIAN_POINT('',(0.0123125482350588,-0.0022092079743743,0.000635));
#11583=CARTESIAN_POINT('',(0.0123125482350588,-0.0022092079743743,0.000635));
#11584=CARTESIAN_POINT('',(0.0125211076810956,-0.00124450633302331,0.000635));
#11585=CARTESIAN_POINT('',(0.0125211076810956,-0.00124450633302331,0.));
#11586=CARTESIAN_POINT('',(0.0124227944761515,-0.00163775763940066,0.));
#11587=CARTESIAN_POINT('',(0.0126194208860397,-0.000851255026645958,0.));
#11588=CARTESIAN_POINT('',(0.0124227944761515,-0.00163775763940066,0.000635));
#11589=CARTESIAN_POINT('',(0.0124227944761515,-0.00163775763940066,0.000635));
#11590=CARTESIAN_POINT('',(0.0125211076810956,-0.00124450633302331,0.000635));
#11591=CARTESIAN_POINT('',(0.0126194208860397,-0.000851255026645958,0.000635));
#11592=CARTESIAN_POINT('',(0.0126194208860397,-0.000851255026645958,0.000635));
#11593=CARTESIAN_POINT('',(0.0120218191295862,-0.00287207053042949,0.000635));
#11594=CARTESIAN_POINT('',(0.0120218191295862,-0.00287207053042949,1.0842021724855E-19));
#11595=CARTESIAN_POINT('',(0.0120649849533797,-0.0028929612572368,0.000635));
#11596=CARTESIAN_POINT('',(0.0120649849533797,-0.0028929612572368,1.0842021724855E-19));
#11597=CARTESIAN_POINT('',(0.0121756989265881,-0.00294654289114964,0.000635));
#11598=CARTESIAN_POINT('',(0.0121756989265881,-0.00294654289114964,1.0842021724855E-19));
#11599=CARTESIAN_POINT('',(0.0125444927117467,-0.00308032726895257,0.000635));
#11600=CARTESIAN_POINT('',(0.0125444927117467,-0.00308032726895257,1.0842021724855E-19));
#11601=CARTESIAN_POINT('',(0.0128244361492366,-0.00311185842628757,0.000635));
#11602=CARTESIAN_POINT('',(0.0128244361492366,-0.00311185842628757,1.0842021724855E-19));
#11603=CARTESIAN_POINT('',(0.0129172077086874,-0.00298251635918765,0.000635));
#11604=CARTESIAN_POINT('',(0.0129172077086874,-0.00298251635918765,1.0842021724855E-19));
#11605=CARTESIAN_POINT('',(0.0129917310809915,-0.00278466951223913,0.000635));
#11606=CARTESIAN_POINT('',(0.0129917310809915,-0.00278466951223913,1.0842021724855E-19));
#11607=CARTESIAN_POINT('',(0.0128866995192627,-0.00255479341399134,0.000635));
#11608=CARTESIAN_POINT('',(0.0128866995192627,-0.00255479341399134,1.0842021724855E-19));
#11609=CARTESIAN_POINT('',(0.0126550522685587,-0.00237525527004908,0.000635));
#11610=CARTESIAN_POINT('',(0.0126550522685587,-0.00237525527004908,1.0842021724855E-19));
#11611=CARTESIAN_POINT('',(0.0124321033104654,-0.00226716874275594,0.000635));
#11612=CARTESIAN_POINT('',(0.0124321033104654,-0.00226716874275594,1.0842021724855E-19));
#11613=CARTESIAN_POINT('',(0.0123125482350588,-0.0022092079743743,0.000635));
#11614=CARTESIAN_POINT('',(0.0123125482350588,-0.0022092079743743,1.0842021724855E-19));
#11615=CARTESIAN_POINT('',(0.0120218191295862,-0.00287207053042949,0.));
#11616=CARTESIAN_POINT('',(0.0120649849533797,-0.0028929612572368,0.));
#11617=CARTESIAN_POINT('',(0.0121756989265881,-0.00294654289114964,0.));
#11618=CARTESIAN_POINT('',(0.0125444927117467,-0.00308032726895257,0.));
#11619=CARTESIAN_POINT('',(0.0128244361492366,-0.00311185842628757,0.));
#11620=CARTESIAN_POINT('',(0.0129172077086874,-0.00298251635918765,0.));
#11621=CARTESIAN_POINT('',(0.0129917310809915,-0.00278466951223913,0.));
#11622=CARTESIAN_POINT('',(0.0128866995192627,-0.00255479341399134,0.));
#11623=CARTESIAN_POINT('',(0.0126550522685587,-0.00237525527004908,0.));
#11624=CARTESIAN_POINT('',(0.0124321033104654,-0.00226716874275594,0.));
#11625=CARTESIAN_POINT('',(0.0123125482350588,-0.0022092079743743,0.));
#11626=CARTESIAN_POINT('',(0.0120218191295862,-0.00287207053042949,0.000635));
#11627=CARTESIAN_POINT('',(0.0120649849533797,-0.0028929612572368,0.000635));
#11628=CARTESIAN_POINT('',(0.0121756989265881,-0.00294654289114964,0.000635));
#11629=CARTESIAN_POINT('',(0.0125444927117467,-0.00308032726895257,0.000635));
#11630=CARTESIAN_POINT('',(0.0128244361492366,-0.00311185842628757,0.000635));
#11631=CARTESIAN_POINT('',(0.0129172077086874,-0.00298251635918765,0.000635));
#11632=CARTESIAN_POINT('',(0.0129917310809915,-0.00278466951223913,0.000635));
#11633=CARTESIAN_POINT('',(0.0128866995192627,-0.00255479341399134,0.000635));
#11634=CARTESIAN_POINT('',(0.0126550522685587,-0.00237525527004908,0.000635));
#11635=CARTESIAN_POINT('',(0.0124321033104654,-0.00226716874275594,0.000635));
#11636=CARTESIAN_POINT('',(0.0123125482350588,-0.0022092079743743,0.000635));
#11637=CARTESIAN_POINT('',(0.0124227944761515,-0.00163775763940066,0.000635));
#11638=CARTESIAN_POINT('',(0.0124227944761515,-0.00163775763940066,-1.0842021724855E-19));
#11639=CARTESIAN_POINT('',(0.0124794942453438,-0.00167558316334962,0.000635));
#11640=CARTESIAN_POINT('',(0.0124794942453438,-0.00167558316334962,-1.0842021724855E-19));
#11641=CARTESIAN_POINT('',(0.0126064300970369,-0.00175933304257032,0.000635));
#11642=CARTESIAN_POINT('',(0.0126064300970369,-0.00175933304257032,0.));
#11643=CARTESIAN_POINT('',(0.0129556190289382,-0.0019064105792809,0.000635));
#11644=CARTESIAN_POINT('',(0.0129556190289382,-0.0019064105792809,-1.0842021724855E-19));
#11645=CARTESIAN_POINT('',(0.0132269648707725,-0.00188971534615294,0.000635));
#11646=CARTESIAN_POINT('',(0.0132269648707725,-0.00188971534615294,-1.0842021724855E-19));
#11647=CARTESIAN_POINT('',(0.0134724606007291,-0.0017196777451019,0.000635));
#11648=CARTESIAN_POINT('',(0.0134724606007291,-0.0017196777451019,-3.25260651745651E-19));
#11649=CARTESIAN_POINT('',(0.0134681255280182,-0.00136360008204289,0.000635));
#11650=CARTESIAN_POINT('',(0.0134681255280182,-0.00136360008204289,0.));
#11651=CARTESIAN_POINT('',(0.0132999549897829,-0.00116808606418774,0.000635));
#11652=CARTESIAN_POINT('',(0.0132999549897829,-0.00116808606418774,-2.16840434497101E-19));
#11653=CARTESIAN_POINT('',(0.0130355605014932,-0.0010233929000853,0.000635));
#11654=CARTESIAN_POINT('',(0.0130355605014932,-0.0010233929000853,-1.0842021724855E-19));
#11655=CARTESIAN_POINT('',(0.0127545735658269,-0.000911738238874883,0.000635));
#11656=CARTESIAN_POINT('',(0.0127545735658269,-0.000911738238874883,-1.0842021724855E-19));
#11657=CARTESIAN_POINT('',(0.0126194208860397,-0.000851255026645958,0.000635));
#11658=CARTESIAN_POINT('',(0.0126194208860397,-0.000851255026645958,-1.0842021724855E-19));
#11659=CARTESIAN_POINT('',(0.0124227944761515,-0.00163775763940066,0.));
#11660=CARTESIAN_POINT('',(0.0124665664236019,-0.00166695876085431,0.));
#11661=CARTESIAN_POINT('',(0.0125723950650857,-0.00173749868001454,0.));
#11662=CARTESIAN_POINT('',(0.012902439440419,-0.00189593630443909,0.));
#11663=CARTESIAN_POINT('',(0.0131753400602127,-0.00189458466781242,0.));
#11664=CARTESIAN_POINT('',(0.0134337196706636,-0.00178294360530856,0.));
#11665=CARTESIAN_POINT('',(0.0134923771162599,-0.00144707338931972,0.));
#11666=CARTESIAN_POINT('',(0.0133525888445788,-0.00121866382980057,0.));
#11667=CARTESIAN_POINT('',(0.01312732472911,-0.00105778573869469,0.));
#11668=CARTESIAN_POINT('',(0.0128049902115006,-0.000934300578629833,0.));
#11669=CARTESIAN_POINT('',(0.0126194208860397,-0.000851255026645958,0.));
#11670=CARTESIAN_POINT('',(0.0124227944761515,-0.00163775763940066,0.000635));
#11671=CARTESIAN_POINT('',(0.0124665664236019,-0.00166695876085431,0.000635));
#11672=CARTESIAN_POINT('',(0.0125723950650857,-0.00173749868001454,0.000635));
#11673=CARTESIAN_POINT('',(0.012902439440419,-0.00189593630443909,0.000635));
#11674=CARTESIAN_POINT('',(0.0131753400602127,-0.00189458466781242,0.000635));
#11675=CARTESIAN_POINT('',(0.0134337196706636,-0.00178294360530856,0.000635));
#11676=CARTESIAN_POINT('',(0.0134923771162599,-0.00144707338931972,0.000635));
#11677=CARTESIAN_POINT('',(0.0133525888445788,-0.00121866382980057,0.000635));
#11678=CARTESIAN_POINT('',(0.01312732472911,-0.00105778573869469,0.000635));
#11679=CARTESIAN_POINT('',(0.0128049902115006,-0.000934300578629833,0.000635));
#11680=CARTESIAN_POINT('',(0.0126194208860397,-0.000851255026645958,0.000635));
#11681=CARTESIAN_POINT('',(0.0121888900175691,-0.00037178662023507,0.000635));
#11682=CARTESIAN_POINT('',(0.0121888900175691,-0.00037178662023507,0.000381));
#11683=CARTESIAN_POINT('',(0.0122189781630895,-0.000353824236525699,0.000635));
#11684=CARTESIAN_POINT('',(0.0122189781630895,-0.000353824236525699,0.000381));
#11685=CARTESIAN_POINT('',(0.0122993003854529,-0.000305872508244609,0.000635));
#11686=CARTESIAN_POINT('',(0.0122993003854529,-0.000305872508244609,0.000381));
#11687=CARTESIAN_POINT('',(0.0126529837590261,-0.000329902702495964,0.000635));
#11688=CARTESIAN_POINT('',(0.0126529837590261,-0.000329902702495964,0.000381));
#11689=CARTESIAN_POINT('',(0.01295854366502,-0.000416216403408184,0.000635));
#11690=CARTESIAN_POINT('',(0.01295854366502,-0.000416216403408184,0.000381));
#11691=CARTESIAN_POINT('',(0.0135437789690094,-0.000710089907314591,0.000635));
#11692=CARTESIAN_POINT('',(0.0135437789690094,-0.000710089907314591,0.000381));
#11693=CARTESIAN_POINT('',(0.0138222539239446,-0.000976608714614702,0.000635));
#11694=CARTESIAN_POINT('',(0.0138222539239446,-0.000976608714614702,0.000381));
#11695=CARTESIAN_POINT('',(0.0140531625041972,-0.00134200618739712,0.000635));
#11696=CARTESIAN_POINT('',(0.0140531625041972,-0.00134200618739712,0.000381));
#11697=CARTESIAN_POINT('',(0.0139405940518039,-0.00181275827546501,0.000635));
#11698=CARTESIAN_POINT('',(0.0139405940518039,-0.00181275827546501,0.000381));
#11699=CARTESIAN_POINT('',(0.0136972848183037,-0.00231579023468635,0.000635));
#11700=CARTESIAN_POINT('',(0.0136972848183037,-0.00231579023468635,0.000381));
#11701=CARTESIAN_POINT('',(0.0134135347835913,-0.00238194346895897,0.000635));
#11702=CARTESIAN_POINT('',(0.0134135347835913,-0.00238194346895897,0.000381));
#11703=CARTESIAN_POINT('',(0.0132816787809133,-0.00241268426179886,0.000635));
#11704=CARTESIAN_POINT('',(0.0132816787809133,-0.00241268426179886,0.000381));
#11705=CARTESIAN_POINT('',(0.0121888900175691,-0.00037178662023507,0.000635));
#11706=CARTESIAN_POINT('',(0.0122189781630895,-0.000353824236525699,0.000635));
#11707=CARTESIAN_POINT('',(0.0122993003854529,-0.000305872508244609,0.000635));
#11708=CARTESIAN_POINT('',(0.0126529837590261,-0.000329902702495964,0.000635));
#11709=CARTESIAN_POINT('',(0.01295854366502,-0.000416216403408184,0.000635));
#11710=CARTESIAN_POINT('',(0.0135437789690094,-0.000710089907314591,0.000635));
#11711=CARTESIAN_POINT('',(0.0138222539239446,-0.000976608714614702,0.000635));
#11712=CARTESIAN_POINT('',(0.0140531625041972,-0.00134200618739712,0.000635));
#11713=CARTESIAN_POINT('',(0.0139405940518039,-0.00181275827546501,0.000635));
#11714=CARTESIAN_POINT('',(0.0136972848183037,-0.00231579023468635,0.000635));
#11715=CARTESIAN_POINT('',(0.0134135347835913,-0.00238194346895897,0.000635));
#11716=CARTESIAN_POINT('',(0.0132816787809133,-0.00241268426179886,0.000635));
#11717=CARTESIAN_POINT('',(0.00131238009563302,-0.00149779486655337,0.000635));
#11718=CARTESIAN_POINT('',(1.38777878078145E-17,0.,0.));
#11719=CARTESIAN_POINT('',(-0.0103690545074642,-0.00595028465613723,0.000635));
#11720=CARTESIAN_POINT('',(-0.0103837503120303,-0.00595028465613723,0.000635));
#11721=CARTESIAN_POINT('',(-0.0103837503120303,-0.00595028465613723,0.000635));
#11722=CARTESIAN_POINT('',(-0.0103690545074642,-0.00595028465613723,0.000635));
#11723=CARTESIAN_POINT('',(-0.010354358702898,-0.00595028465613723,0.000635));
#11724=CARTESIAN_POINT('',(-0.010354358702898,-0.00595028465613723,0.000635));
#11725=CARTESIAN_POINT('',(-0.0103837503120303,-0.00595028465613723,0.000635));
#11726=CARTESIAN_POINT('',(-0.0103837503120303,-0.00595028465613723,0.000381));
#11727=CARTESIAN_POINT('',(-0.010478551728916,-0.00592678521595215,0.000635));
#11728=CARTESIAN_POINT('',(-0.010478551728916,-0.00592678521595215,0.000381));
#11729=CARTESIAN_POINT('',(-0.0106805566203865,-0.00587324940091201,0.000635));
#11730=CARTESIAN_POINT('',(-0.0106805566203865,-0.00587324940091201,0.000381));
#11731=CARTESIAN_POINT('',(-0.0108520056807927,-0.00550268871250931,0.000635));
#11732=CARTESIAN_POINT('',(-0.0108520056807927,-0.00550268871250931,0.000381));
#11733=CARTESIAN_POINT('',(-0.0109015792716793,-0.00508221568737727,0.000635));
#11734=CARTESIAN_POINT('',(-0.0109015792716793,-0.00508221568737727,0.000381));
#11735=CARTESIAN_POINT('',(-0.0109944486012097,-0.00465334260581857,0.000635));
#11736=CARTESIAN_POINT('',(-0.0109944486012097,-0.00465334260581857,0.000381));
#11737=CARTESIAN_POINT('',(-0.0111314545562003,-0.00409641147183783,0.000635));
#11738=CARTESIAN_POINT('',(-0.0111314545562003,-0.00409641147183783,0.000381));
#11739=CARTESIAN_POINT('',(-0.0112805045240927,-0.00351948534078535,0.000635));
#11740=CARTESIAN_POINT('',(-0.0112805045240927,-0.00351948534078535,0.000381));
#11741=CARTESIAN_POINT('',(-0.0113874245038315,-0.00319263878463778,0.000635));
#11742=CARTESIAN_POINT('',(-0.0113874245038315,-0.00319263878463778,0.000381));
#11743=CARTESIAN_POINT('',(-0.0115251398172839,-0.00272222613264378,0.000635));
#11744=CARTESIAN_POINT('',(-0.0115251398172839,-0.00272222613264378,0.000381));
#11745=CARTESIAN_POINT('',(-0.01167540043111,-0.00245757452904978,0.000635));
#11746=CARTESIAN_POINT('',(-0.01167540043111,-0.00245757452904978,0.000381));
#11747=CARTESIAN_POINT('',(-0.0117104614349528,-0.00209437924543752,0.000635));
#11748=CARTESIAN_POINT('',(-0.0117104614349528,-0.00209437924543752,0.000381));
#11749=CARTESIAN_POINT('',(-0.0116821887180864,-0.00182557179051048,0.000635));
#11750=CARTESIAN_POINT('',(-0.0116821887180864,-0.00182557179051048,0.000381));
#11751=CARTESIAN_POINT('',(-0.0116044027525032,-0.00169517859967892,0.000635));
#11752=CARTESIAN_POINT('',(-0.0116044027525032,-0.00169517859967892,0.000381));
#11753=CARTESIAN_POINT('',(-0.0114595341557911,-0.00159027811382933,0.000635));
#11754=CARTESIAN_POINT('',(-0.0114595341557911,-0.00159027811382933,0.000381));
#11755=CARTESIAN_POINT('',(-0.0112342798863762,-0.00162862934441965,0.000635));
#11756=CARTESIAN_POINT('',(-0.0112342798863762,-0.00162862934441965,0.000381));
#11757=CARTESIAN_POINT('',(-0.0110320671899959,-0.00167925392259374,0.000635));
#11758=CARTESIAN_POINT('',(-0.0110320671899959,-0.00167925392259374,0.000381));
#11759=CARTESIAN_POINT('',(-0.0108290703178938,-0.00180812174984151,0.000635));
#11760=CARTESIAN_POINT('',(-0.0108290703178938,-0.00180812174984151,0.000381));
#11761=CARTESIAN_POINT('',(-0.0105866822501112,-0.00211059292272519,0.000635));
#11762=CARTESIAN_POINT('',(-0.0105866822501112,-0.00211059292272519,0.000381));
#11763=CARTESIAN_POINT('',(-0.0103387516674261,-0.00258261303109506,0.000635));
#11764=CARTESIAN_POINT('',(-0.0103387516674261,-0.00258261303109506,0.000381));
#11765=CARTESIAN_POINT('',(-0.0101942669365259,-0.00289064784599163,0.000635));
#11766=CARTESIAN_POINT('',(-0.0101942669365259,-0.00289064784599163,0.000381));
#11767=CARTESIAN_POINT('',(-0.0101214069873094,-0.00304751796647907,0.000635));
#11768=CARTESIAN_POINT('',(-0.0101214069873094,-0.00304751796647907,0.000381));
#11769=CARTESIAN_POINT('',(-0.0101214069873095,-0.00304751796647907,0.000635));
#11770=CARTESIAN_POINT('',(-0.0101214069873095,-0.00304751796647907,0.000635));
#11771=CARTESIAN_POINT('',(-0.0103837503120303,-0.00595028465613723,0.000635));
#11772=CARTESIAN_POINT('',(-0.0104490421442993,-0.00593410007200987,0.000635));
#11773=CARTESIAN_POINT('',(-0.0105909490745454,-0.00590540343023838,0.000635));
#11774=CARTESIAN_POINT('',(-0.0107968613572838,-0.00569136351106526,0.000635));
#11775=CARTESIAN_POINT('',(-0.0108712154640913,-0.005310077749074,0.000635));
#11776=CARTESIAN_POINT('',(-0.0109391964548428,-0.00488433857417108,0.000635));
#11777=CARTESIAN_POINT('',(-0.011074757908878,-0.00432899994480287,0.000635));
#11778=CARTESIAN_POINT('',(-0.0112559834121402,-0.00359655239999319,0.000635));
#11779=CARTESIAN_POINT('',(-0.0113763409351771,-0.00323676156771381,0.000635));
#11780=CARTESIAN_POINT('',(-0.0114982290148584,-0.00279002591949907,0.000635));
#11781=CARTESIAN_POINT('',(-0.0116414732301178,-0.0025277738788616,0.000635));
#11782=CARTESIAN_POINT('',(-0.0117088221524481,-0.00221135190902047,0.000635));
#11783=CARTESIAN_POINT('',(-0.0116969295617597,-0.00183575888064258,0.000635));
#11784=CARTESIAN_POINT('',(-0.0116102469331782,-0.00171238701395562,0.000635));
#11785=CARTESIAN_POINT('',(-0.0114838244903758,-0.00159942829569021,0.000635));
#11786=CARTESIAN_POINT('',(-0.0112524806966482,-0.00161913825569161,0.000635));
#11787=CARTESIAN_POINT('',(-0.0108143638688907,-0.00173091070929286,0.000635));
#11788=CARTESIAN_POINT('',(-0.0104045531463373,-0.00243789398840665,0.000635));
#11789=CARTESIAN_POINT('',(-0.0102136362936709,-0.00284894491561939,0.000635));
#11790=CARTESIAN_POINT('',(-0.0101214069873094,-0.00304751796647907,0.000635));
#11791=CARTESIAN_POINT('',(-0.00954031059518456,-0.0028282362036407,0.000635));
#11792=CARTESIAN_POINT('',(-0.00895921420305967,-0.00260895444080234,0.000635));
#11793=CARTESIAN_POINT('',(-0.00895921420305967,-0.00260895444080234,0.000635));
#11794=CARTESIAN_POINT('',(-0.00954031059518456,-0.0028282362036407,0.000635));
#11795=CARTESIAN_POINT('',(-0.00895921420305967,-0.00260895444080234,0.000635));
#11796=CARTESIAN_POINT('',(-0.00895921420305967,-0.00260895444080234,0.000381));
#11797=CARTESIAN_POINT('',(-0.00896888904741998,-0.00256970686040456,0.000635));
#11798=CARTESIAN_POINT('',(-0.00896888904741998,-0.00256970686040456,0.000381));
#11799=CARTESIAN_POINT('',(-0.00899608156586861,-0.00245939598466485,0.000635));
#11800=CARTESIAN_POINT('',(-0.00899608156586861,-0.00245939598466485,0.000381));
#11801=CARTESIAN_POINT('',(-0.00906490505673123,-0.00200704248254241,0.000635));
#11802=CARTESIAN_POINT('',(-0.00906490505673123,-0.00200704248254241,0.000381));
#11803=CARTESIAN_POINT('',(-0.00920986153516381,-0.00143630710789087,0.000635));
#11804=CARTESIAN_POINT('',(-0.00920986153516381,-0.00143630710789087,0.000381));
#11805=CARTESIAN_POINT('',(-0.00924071972910187,-0.00114580456166555,0.000635));
#11806=CARTESIAN_POINT('',(-0.00924071972910187,-0.00114580456166555,0.000381));
#11807=CARTESIAN_POINT('',(-0.0091778404155349,-0.000982874200592702,0.000635));
#11808=CARTESIAN_POINT('',(-0.0091778404155349,-0.000982874200592702,0.000381));
#11809=CARTESIAN_POINT('',(-0.00906424746235453,-0.000842480133533934,0.000635));
#11810=CARTESIAN_POINT('',(-0.00906424746235453,-0.000842480133533934,0.000381));
#11811=CARTESIAN_POINT('',(-0.00888351666556057,-0.000840729865962462,0.000635));
#11812=CARTESIAN_POINT('',(-0.00888351666556057,-0.000840729865962462,0.000381));
#11813=CARTESIAN_POINT('',(-0.00855583519546188,-0.000879564868716193,0.000635));
#11814=CARTESIAN_POINT('',(-0.00855583519546188,-0.000879564868716193,0.000381));
#11815=CARTESIAN_POINT('',(-0.00836345622826883,-0.00113728979619349,0.000635));
#11816=CARTESIAN_POINT('',(-0.00836345622826883,-0.00113728979619349,0.000381));
#11817=CARTESIAN_POINT('',(-0.00826692197557774,-0.00128810450275856,0.000635));
#11818=CARTESIAN_POINT('',(-0.00826692197557774,-0.00128810450275856,0.000381));
#11819=CARTESIAN_POINT('',(-0.00822046585381031,-0.00136068253777921,0.000635));
#11820=CARTESIAN_POINT('',(-0.00822046585381031,-0.00136068253777921,0.000381));
#11821=CARTESIAN_POINT('',(-0.00822046585381031,-0.00136068253777921,0.000635));
#11822=CARTESIAN_POINT('',(-0.00822046585381031,-0.00136068253777921,0.000635));
#11823=CARTESIAN_POINT('',(-0.00895921420305967,-0.00260895444080234,0.000635));
#11824=CARTESIAN_POINT('',(-0.00896888904741998,-0.00256970686040456,0.000635));
#11825=CARTESIAN_POINT('',(-0.00899608156586861,-0.00245939598466485,0.000635));
#11826=CARTESIAN_POINT('',(-0.00906490505673123,-0.00200704248254241,0.000635));
#11827=CARTESIAN_POINT('',(-0.00920986153516381,-0.00143630710789087,0.000635));
#11828=CARTESIAN_POINT('',(-0.00924071972910187,-0.00114580456166555,0.000635));
#11829=CARTESIAN_POINT('',(-0.0091778404155349,-0.000982874200592702,0.000635));
#11830=CARTESIAN_POINT('',(-0.00906424746235453,-0.000842480133533934,0.000635));
#11831=CARTESIAN_POINT('',(-0.00888351666556057,-0.000840729865962462,0.000635));
#11832=CARTESIAN_POINT('',(-0.00855583519546188,-0.000879564868716193,0.000635));
#11833=CARTESIAN_POINT('',(-0.00836345622826883,-0.00113728979619349,0.000635));
#11834=CARTESIAN_POINT('',(-0.00826692197557774,-0.00128810450275856,0.000635));
#11835=CARTESIAN_POINT('',(-0.00822046585381031,-0.00136068253777921,0.000635));
#11836=CARTESIAN_POINT('',(-0.00786951137706637,-0.00244157225824892,0.000635));
#11837=CARTESIAN_POINT('',(-0.00751855690032244,-0.00352246197871864,0.000635));
#11838=CARTESIAN_POINT('',(-0.00751855690032244,-0.00352246197871864,0.000635));
#11839=CARTESIAN_POINT('',(-0.00786951137706637,-0.00244157225824892,0.000635));
#11840=CARTESIAN_POINT('',(-0.00751855690032244,-0.00352246197871864,0.000635));
#11841=CARTESIAN_POINT('',(-0.00751855690032244,-0.00352246197871864,0.000381));
#11842=CARTESIAN_POINT('',(-0.00749401281378989,-0.00361002042570991,0.000635));
#11843=CARTESIAN_POINT('',(-0.00749401281378989,-0.00361002042570991,0.000381));
#11844=CARTESIAN_POINT('',(-0.00742890006515434,-0.00384230330746645,0.000635));
#11845=CARTESIAN_POINT('',(-0.00742890006515434,-0.00384230330746645,0.000381));
#11846=CARTESIAN_POINT('',(-0.00722319710706222,-0.00471668322201957,0.000635));
#11847=CARTESIAN_POINT('',(-0.00722319710706222,-0.00471668322201957,0.000381));
#11848=CARTESIAN_POINT('',(-0.00718977197376924,-0.00507345875553131,0.000635));
#11849=CARTESIAN_POINT('',(-0.00718977197376924,-0.00507345875553131,0.000381));
#11850=CARTESIAN_POINT('',(-0.00740569158719114,-0.00531847356417734,0.000635));
#11851=CARTESIAN_POINT('',(-0.00740569158719114,-0.00531847356417734,0.000381));
#11852=CARTESIAN_POINT('',(-0.00763522625124057,-0.00538134534261571,0.000635));
#11853=CARTESIAN_POINT('',(-0.00763522625124057,-0.00538134534261571,0.000381));
#11854=CARTESIAN_POINT('',(-0.00786126074458398,-0.00534584372098283,0.000635));
#11855=CARTESIAN_POINT('',(-0.00786126074458398,-0.00534584372098283,0.000381));
#11856=CARTESIAN_POINT('',(-0.00810164432499665,-0.00519449795089678,0.000635));
#11857=CARTESIAN_POINT('',(-0.00810164432499665,-0.00519449795089678,0.000381));
#11858=CARTESIAN_POINT('',(-0.008245820484776,-0.0048644443665335,0.000635));
#11859=CARTESIAN_POINT('',(-0.008245820484776,-0.0048644443665335,0.000381));
#11860=CARTESIAN_POINT('',(-0.00850668892672713,-0.00437411021867771,0.000635));
#11861=CARTESIAN_POINT('',(-0.00850668892672713,-0.00437411021867771,0.000381));
#11862=CARTESIAN_POINT('',(-0.00872548521647051,-0.00391673921186853,0.000635));
#11863=CARTESIAN_POINT('',(-0.00872548521647051,-0.00391673921186853,0.000381));
#11864=CARTESIAN_POINT('',(-0.00878321114734838,-0.00375209893743494,0.000635));
#11865=CARTESIAN_POINT('',(-0.00878321114734838,-0.00375209893743494,0.000381));
#11866=CARTESIAN_POINT('',(-0.00880649127066135,-0.00368570163846016,0.000635));
#11867=CARTESIAN_POINT('',(-0.00880649127066135,-0.00368570163846016,0.000381));
#11868=CARTESIAN_POINT('',(-0.00880649127066135,-0.00368570163846016,0.000635));
#11869=CARTESIAN_POINT('',(-0.00880649127066135,-0.00368570163846016,0.000635));
#11870=CARTESIAN_POINT('',(-0.00751855690032244,-0.00352246197871864,0.000635));
#11871=CARTESIAN_POINT('',(-0.00749401281378989,-0.00361002042570991,0.000635));
#11872=CARTESIAN_POINT('',(-0.00742890006515434,-0.00384230330746645,0.000635));
#11873=CARTESIAN_POINT('',(-0.00722319710706222,-0.00471668322201957,0.000635));
#11874=CARTESIAN_POINT('',(-0.00718977197376924,-0.00507345875553131,0.000635));
#11875=CARTESIAN_POINT('',(-0.00740569158719114,-0.00531847356417734,0.000635));
#11876=CARTESIAN_POINT('',(-0.00763522625124057,-0.00538134534261571,0.000635));
#11877=CARTESIAN_POINT('',(-0.00786126074458398,-0.00534584372098283,0.000635));
#11878=CARTESIAN_POINT('',(-0.00810164432499665,-0.00519449795089678,0.000635));
#11879=CARTESIAN_POINT('',(-0.008245820484776,-0.0048644443665335,0.000635));
#11880=CARTESIAN_POINT('',(-0.00850668892672713,-0.00437411021867771,0.000635));
#11881=CARTESIAN_POINT('',(-0.00872548521647051,-0.00391673921186853,0.000635));
#11882=CARTESIAN_POINT('',(-0.00878321114734838,-0.00375209893743494,0.000635));
#11883=CARTESIAN_POINT('',(-0.00880649127066135,-0.00368570163846016,0.000635));
#11884=CARTESIAN_POINT('',(-0.00929563166573644,-0.00388201442547143,0.000635));
#11885=CARTESIAN_POINT('',(-0.00978477206081152,-0.00407832721248269,0.000635));
#11886=CARTESIAN_POINT('',(-0.00978477206081152,-0.00407832721248269,0.000635));
#11887=CARTESIAN_POINT('',(-0.00929563166573644,-0.00388201442547143,0.000635));
#11888=CARTESIAN_POINT('',(-0.00975611619651318,-0.00424367957748472,0.000635));
#11889=CARTESIAN_POINT('',(-0.00972746033221483,-0.00440903194248676,0.000635));
#11890=CARTESIAN_POINT('',(-0.00972746033221483,-0.00440903194248676,0.000635));
#11891=CARTESIAN_POINT('',(-0.00975611619651318,-0.00424367957748472,0.000635));
#11892=CARTESIAN_POINT('',(-0.00972746033221483,-0.00440903194248676,0.000635));
#11893=CARTESIAN_POINT('',(-0.00972746033221483,-0.00440903194248676,0.000381));
#11894=CARTESIAN_POINT('',(-0.00969880877940206,-0.00450562876677651,0.000635));
#11895=CARTESIAN_POINT('',(-0.00969880877940206,-0.00450562876677651,0.000381));
#11896=CARTESIAN_POINT('',(-0.00964288549210286,-0.00472090585458294,0.000635));
#11897=CARTESIAN_POINT('',(-0.00964288549210286,-0.00472090585458294,0.000381));
#11898=CARTESIAN_POINT('',(-0.00970709535974464,-0.00531871241569243,0.000635));
#11899=CARTESIAN_POINT('',(-0.00970709535974464,-0.00531871241569243,0.000381));
#11900=CARTESIAN_POINT('',(-0.00996615472721321,-0.00582369687193375,0.000635));
#11901=CARTESIAN_POINT('',(-0.00996615472721321,-0.00582369687193375,0.000381));
#11902=CARTESIAN_POINT('',(-0.0102320256902914,-0.00590603434352907,0.000635));
#11903=CARTESIAN_POINT('',(-0.0102320256902914,-0.00590603434352907,0.000381));
#11904=CARTESIAN_POINT('',(-0.010354358702898,-0.00595028465613723,0.000635));
#11905=CARTESIAN_POINT('',(-0.010354358702898,-0.00595028465613723,0.000381));
#11906=CARTESIAN_POINT('',(-0.00972746033221483,-0.00440903194248676,0.000635));
#11907=CARTESIAN_POINT('',(-0.00970572804392821,-0.00448230092189444,0.000635));
#11908=CARTESIAN_POINT('',(-0.00964984263600722,-0.00466957222868572,0.000635));
#11909=CARTESIAN_POINT('',(-0.00968265689473384,-0.00527397063227356,0.000635));
#11910=CARTESIAN_POINT('',(-0.00996618311718157,-0.00582993078968357,0.000635));
#11911=CARTESIAN_POINT('',(-0.010241976784061,-0.005909633854411,0.000635));
#11912=CARTESIAN_POINT('',(-0.010354358702898,-0.00595028465613723,0.000635));
#11913=CARTESIAN_POINT('',(0.00131238009563302,-0.00149779486655337,0.000635));
#11914=CARTESIAN_POINT('',(0.0010408602287219,-0.000450291941783396,0.000635));
#11915=CARTESIAN_POINT('',(0.0010408602287219,-0.000450291941783396,0.000381));
#11916=CARTESIAN_POINT('',(0.00108675920865861,-0.00052746333484516,0.000635));
#11917=CARTESIAN_POINT('',(0.00108675920865861,-0.00052746333484516,0.000381));
#11918=CARTESIAN_POINT('',(0.00124384579871836,-0.000653242180621663,0.000635));
#11919=CARTESIAN_POINT('',(0.00124384579871836,-0.000653242180621663,0.000381));
#11920=CARTESIAN_POINT('',(0.00154660493306072,-0.000995120669838773,0.000635));
#11921=CARTESIAN_POINT('',(0.00154660493306072,-0.000995120669838773,0.000381));
#11922=CARTESIAN_POINT('',(0.00190028827762862,-0.00144517811915991,0.000635));
#11923=CARTESIAN_POINT('',(0.00190028827762862,-0.00144517811915991,0.000381));
#11924=CARTESIAN_POINT('',(0.00199799455107656,-0.00161818431922676,0.000635));
#11925=CARTESIAN_POINT('',(0.00199799455107656,-0.00161818431922676,0.000381));
#11926=CARTESIAN_POINT('',(0.00204462721012532,-0.00169914506841451,0.000635));
#11927=CARTESIAN_POINT('',(0.00204462721012532,-0.00169914506841451,0.000381));
#11928=CARTESIAN_POINT('',(0.00204462721012532,-0.00169914506841451,0.000635));
#11929=CARTESIAN_POINT('',(0.00204462721012532,-0.00169914506841451,0.000635));
#11930=CARTESIAN_POINT('',(0.0010408602287219,-0.000450291941783396,0.000635));
#11931=CARTESIAN_POINT('',(0.0010765041069446,-0.00051022111102338,0.000635));
#11932=CARTESIAN_POINT('',(0.00121344736397355,-0.000629151961162324,0.000635));
#11933=CARTESIAN_POINT('',(0.00152251362150426,-0.000960737082450068,0.000635));
#11934=CARTESIAN_POINT('',(0.00191047328554006,-0.00145834078576146,0.000635));
#11935=CARTESIAN_POINT('',(0.00200588560036887,-0.00163188427277036,0.000635));
#11936=CARTESIAN_POINT('',(0.00204462721012532,-0.00169914506841451,0.000635));
#11937=CARTESIAN_POINT('',(0.0010408602287219,-0.000450291941783396,0.000635));
#11938=CARTESIAN_POINT('',(0.0010408602287219,-0.000450291941783396,0.000635));
#11939=CARTESIAN_POINT('',(0.00204462721012532,-0.00188753282418475,0.000635));
#11940=CARTESIAN_POINT('',(0.00204462721012532,-0.00207592057995498,0.000635));
#11941=CARTESIAN_POINT('',(0.00204462721012532,-0.00207592057995498,0.000635));
#11942=CARTESIAN_POINT('',(0.00204462721012532,-0.00188753282418475,0.000635));
#11943=CARTESIAN_POINT('',(0.00204462721012532,-0.00207592057995498,0.000635));
#11944=CARTESIAN_POINT('',(0.00204462721012532,-0.00207592057995498,0.000381));
#11945=CARTESIAN_POINT('',(0.00201290290204858,-0.00210572801346322,0.000635));
#11946=CARTESIAN_POINT('',(0.00201290290204858,-0.00210572801346322,0.000381));
#11947=CARTESIAN_POINT('',(0.00193951472591178,-0.00217468186346358,0.000635));
#11948=CARTESIAN_POINT('',(0.00193951472591178,-0.00217468186346358,0.000381));
#11949=CARTESIAN_POINT('',(0.00168792496975197,-0.00213862471396129,0.000635));
#11950=CARTESIAN_POINT('',(0.00168792496975197,-0.00213862471396129,0.000381));
#11951=CARTESIAN_POINT('',(0.00142106377916103,-0.00193314880675691,0.000635));
#11952=CARTESIAN_POINT('',(0.00142106377916103,-0.00193314880675691,0.000381));
#11953=CARTESIAN_POINT('',(0.00109919157293737,-0.00168202977930565,0.000635));
#11954=CARTESIAN_POINT('',(0.00109919157293737,-0.00168202977930565,0.000381));
#11955=CARTESIAN_POINT('',(0.000751271811415411,-0.00136383752535773,0.000635));
#11956=CARTESIAN_POINT('',(0.000751271811415411,-0.00136383752535773,0.000381));
#11957=CARTESIAN_POINT('',(0.000554899118168945,-0.00113838322311569,0.000635));
#11958=CARTESIAN_POINT('',(0.000554899118168945,-0.00113838322311569,0.000381));
#11959=CARTESIAN_POINT('',(0.000458070950116962,-0.00102721538860351,0.000635));
#11960=CARTESIAN_POINT('',(0.000458070950116962,-0.00102721538860351,0.000381));
#11961=CARTESIAN_POINT('',(0.000458070950116962,-0.00102721538860351,0.000635));
#11962=CARTESIAN_POINT('',(0.000458070950116962,-0.00102721538860351,0.000635));
#11963=CARTESIAN_POINT('',(0.00204462721012532,-0.00207592057995498,0.000635));
#11964=CARTESIAN_POINT('',(0.00201290290204858,-0.00210572801346322,0.000635));
#11965=CARTESIAN_POINT('',(0.00193951472591178,-0.00217468186346358,0.000635));
#11966=CARTESIAN_POINT('',(0.00168792496975197,-0.00213862471396129,0.000635));
#11967=CARTESIAN_POINT('',(0.00142106377916103,-0.00193314880675691,0.000635));
#11968=CARTESIAN_POINT('',(0.00109919157293737,-0.00168202977930565,0.000635));
#11969=CARTESIAN_POINT('',(0.000751271811415411,-0.00136383752535773,0.000635));
#11970=CARTESIAN_POINT('',(0.000554899118168945,-0.00113838322311569,0.000635));
#11971=CARTESIAN_POINT('',(0.000458070950116962,-0.00102721538860351,0.000635));
#11972=CARTESIAN_POINT('',(0.000439875322626903,-0.00106140587013215,0.000635));
#11973=CARTESIAN_POINT('',(0.000421679695136845,-0.00109559635166079,0.000635));
#11974=CARTESIAN_POINT('',(0.000421679695136845,-0.00109559635166079,0.000635));
#11975=CARTESIAN_POINT('',(0.000439875322626903,-0.00106140587013215,0.000635));
#11976=CARTESIAN_POINT('',(0.000421679695136845,-0.00109559635166079,0.000635));
#11977=CARTESIAN_POINT('',(0.000421679695136845,-0.00109559635166079,0.000381));
#11978=CARTESIAN_POINT('',(0.000428246882572854,-0.00114936551279592,0.000635));
#11979=CARTESIAN_POINT('',(0.000428246882572854,-0.00114936551279592,0.000381));
#11980=CARTESIAN_POINT('',(0.000441299656989682,-0.00125708889912831,0.000635));
#11981=CARTESIAN_POINT('',(0.000441299656989682,-0.00125708889912831,0.000381));
#11982=CARTESIAN_POINT('',(0.000528855310565739,-0.00166185079585873,0.000635));
#11983=CARTESIAN_POINT('',(0.000528855310565739,-0.00166185079585873,0.000381));
#11984=CARTESIAN_POINT('',(0.00057970090493225,-0.00220203225016882,0.000635));
#11985=CARTESIAN_POINT('',(0.00057970090493225,-0.00220203225016882,0.000381));
#11986=CARTESIAN_POINT('',(0.000578134406785961,-0.00264343650269313,0.000635));
#11987=CARTESIAN_POINT('',(0.000578134406785961,-0.00264343650269313,0.000381));
#11988=CARTESIAN_POINT('',(0.000464012780762968,-0.00290251031606261,0.000635));
#11989=CARTESIAN_POINT('',(0.000464012780762968,-0.00290251031606261,0.000381));
#11990=CARTESIAN_POINT('',(0.000125402210847114,-0.00309012512840693,0.000635));
#11991=CARTESIAN_POINT('',(0.000125402210847114,-0.00309012512840693,0.000381));
#11992=CARTESIAN_POINT('',(3.91158900800029E-5,-0.00309322746401511,0.000635));
#11993=CARTESIAN_POINT('',(3.91158900800029E-5,-0.00309322746401511,0.000381));
#11994=CARTESIAN_POINT('',(0.,-0.00309036672115326,0.000635));
#11995=CARTESIAN_POINT('',(0.,-0.00309036672115326,0.000381));
#11996=CARTESIAN_POINT('',(6.70065035983127E-21,-0.00309036672115326,0.000635));
#11997=CARTESIAN_POINT('',(6.70065035983127E-21,-0.00309036672115326,0.000635));
#11998=CARTESIAN_POINT('',(0.000421679695136845,-0.00109559635166079,0.000635));
#11999=CARTESIAN_POINT('',(0.000427760630822202,-0.00114538430333787,0.000635));
#12000=CARTESIAN_POINT('',(0.000443946323017765,-0.00127829244715222,0.000635));
#12001=CARTESIAN_POINT('',(0.00055096383327356,-0.00176427875767836,0.000635));
#12002=CARTESIAN_POINT('',(0.000590217572929469,-0.00241832978817291,0.000635));
#12003=CARTESIAN_POINT('',(0.000543916338303605,-0.00288272277811473,0.000635));
#12004=CARTESIAN_POINT('',(9.45913027912271E-5,-0.00310199421929691,0.000635));
#12005=CARTESIAN_POINT('',(2.59698571762578E-5,-0.00309226602814559,0.000635));
#12006=CARTESIAN_POINT('',(0.,-0.00309036672115326,0.000635));
#12007=CARTESIAN_POINT('',(6.70065035983127E-21,-0.00309036672115326,0.000635));
#12008=CARTESIAN_POINT('',(6.70065035983127E-21,-0.00309036672115326,0.000381000000000001));
#12009=CARTESIAN_POINT('',(-4.64442893966408E-5,-0.00308304352750147,0.000635));
#12010=CARTESIAN_POINT('',(-4.64442893966408E-5,-0.00308304352750147,0.000381000000000001));
#12011=CARTESIAN_POINT('',(-0.000141148684955415,-0.00307367083316449,0.000635));
#12012=CARTESIAN_POINT('',(-0.000141148684955415,-0.00307367083316449,0.000381000000000001));
#12013=CARTESIAN_POINT('',(-0.000224886766575923,-0.00295123587444765,0.000635));
#12014=CARTESIAN_POINT('',(-0.000224886766575923,-0.00295123587444765,0.000381000000000001));
#12015=CARTESIAN_POINT('',(-0.000270952495109326,-0.00276549486806186,0.000635));
#12016=CARTESIAN_POINT('',(-0.000270952495109326,-0.00276549486806186,0.000381000000000001));
#12017=CARTESIAN_POINT('',(-0.000326497919488529,-0.00261346714099922,0.000635));
#12018=CARTESIAN_POINT('',(-0.000326497919488529,-0.00261346714099922,0.000381000000000001));
#12019=CARTESIAN_POINT('',(-0.000361285068398373,-0.00242054724947856,0.000635));
#12020=CARTESIAN_POINT('',(-0.000361285068398373,-0.00242054724947856,0.000381000000000001));
#12021=CARTESIAN_POINT('',(-0.000367939315775357,-0.00207109142301008,0.000635));
#12022=CARTESIAN_POINT('',(-0.000367939315775357,-0.00207109142301008,0.000381000000000001));
#12023=CARTESIAN_POINT('',(-0.000375169478245061,-0.00156918137499584,0.000635));
#12024=CARTESIAN_POINT('',(-0.000375169478245061,-0.00156918137499584,0.000381000000000001));
#12025=CARTESIAN_POINT('',(-0.000462327292578912,-0.00102330892308801,0.000635));
#12026=CARTESIAN_POINT('',(-0.000462327292578912,-0.00102330892308801,0.000381000000000001));
#12027=CARTESIAN_POINT('',(-0.000551101481113438,-0.000589075727450714,
0.000635));
#12028=CARTESIAN_POINT('',(-0.000551101481113438,-0.000589075727450714,
0.000381000000000001));
#12029=CARTESIAN_POINT('',(-0.000914504250059307,0.000129157702673355,0.000635));
#12030=CARTESIAN_POINT('',(-0.000914504250059307,0.000129157702673355,0.000381000000000001));
#12031=CARTESIAN_POINT('',(-0.00125617308012899,0.000739835141406823,0.000635));
#12032=CARTESIAN_POINT('',(-0.00125617308012899,0.000739835141406823,0.000381000000000001));
#12033=CARTESIAN_POINT('',(-0.00132559615380708,0.000939217021368637,0.000635));
#12034=CARTESIAN_POINT('',(-0.00132559615380708,0.000939217021368637,0.000381000000000001));
#12035=CARTESIAN_POINT('',(-0.00133796015851729,0.00106456386823428,0.000635));
#12036=CARTESIAN_POINT('',(-0.00133796015851729,0.00106456386823428,0.000381000000000001));
#12037=CARTESIAN_POINT('',(-0.00133523763308099,0.00122189142239496,0.000635));
#12038=CARTESIAN_POINT('',(-0.00133523763308099,0.00122189142239496,0.000381000000000001));
#12039=CARTESIAN_POINT('',(-0.00120222870344115,0.00130386910627502,0.000635));
#12040=CARTESIAN_POINT('',(-0.00120222870344115,0.00130386910627502,0.000381000000000001));
#12041=CARTESIAN_POINT('',(-0.00103061015329074,0.00137706926705168,0.000635));
#12042=CARTESIAN_POINT('',(-0.00103061015329074,0.00137706926705168,0.000381000000000001));
#12043=CARTESIAN_POINT('',(-0.000756715522154633,0.00124979910056786,0.000635));
#12044=CARTESIAN_POINT('',(-0.000756715522154633,0.00124979910056786,0.000381000000000001));
#12045=CARTESIAN_POINT('',(-0.00054650966705454,0.00110220863143711,0.000635));
#12046=CARTESIAN_POINT('',(-0.00054650966705454,0.00110220863143711,0.000381000000000001));
#12047=CARTESIAN_POINT('',(-0.000332540730935706,0.000853980085704431,0.000635));
#12048=CARTESIAN_POINT('',(-0.000332540730935706,0.000853980085704431,0.000381000000000001));
#12049=CARTESIAN_POINT('',(-6.58465580896932E-6,0.000310427289253954,0.000635));
#12050=CARTESIAN_POINT('',(-6.58465580896932E-6,0.000310427289253954,0.000381000000000001));
#12051=CARTESIAN_POINT('',(4.83572663567647E-5,5.54624111106102E-5,0.000635));
#12052=CARTESIAN_POINT('',(4.83572663567647E-5,5.54624111106102E-5,0.000381000000000001));
#12053=CARTESIAN_POINT('',(8.98539365152828E-5,-0.000126756276586093,0.000635));
#12054=CARTESIAN_POINT('',(8.98539365152828E-5,-0.000126756276586093,0.000381000000000001));
#12055=CARTESIAN_POINT('',(8.98539365152828E-5,-0.000126756276586093,0.000635));
#12056=CARTESIAN_POINT('',(8.98539365152828E-5,-0.000126756276586093,0.000635));
#12057=CARTESIAN_POINT('',(6.70065035983127E-21,-0.00309036672115326,0.000635));
#12058=CARTESIAN_POINT('',(-6.03540929273521E-5,-0.00308085027217908,0.000635));
#12059=CARTESIAN_POINT('',(-0.000196353452780855,-0.00306405802807681,0.000635));
#12060=CARTESIAN_POINT('',(-0.000266919649492335,-0.00276479719790904,0.000635));
#12061=CARTESIAN_POINT('',(-0.000380505233618583,-0.00248018150526362,0.000635));
#12062=CARTESIAN_POINT('',(-0.00035104269701389,-0.0017808553708614,0.000635));
#12063=CARTESIAN_POINT('',(-0.000454363803420045,-0.00103219286481419,0.000635));
#12064=CARTESIAN_POINT('',(-0.000600614342558596,-0.000394694700755679,
0.000635));
#12065=CARTESIAN_POINT('',(-0.00129817119162929,0.00078077375484369,0.000635));
#12066=CARTESIAN_POINT('',(-0.00133141590180849,0.000996097100908059,0.000635));
#12067=CARTESIAN_POINT('',(-0.0013473212830861,0.0012202128228797,0.000635));
#12068=CARTESIAN_POINT('',(-0.00121456392866541,0.00129188098278911,0.000635));
#12069=CARTESIAN_POINT('',(-0.00104774373592993,0.0013860768813508,0.000635));
#12070=CARTESIAN_POINT('',(-0.000678840257312213,0.00122131681786037,0.000635));
#12071=CARTESIAN_POINT('',(-0.000438469751592593,0.000982013584308126,0.000635));
#12072=CARTESIAN_POINT('',(-0.000157488330513365,0.00060188015358935,0.000635));
#12073=CARTESIAN_POINT('',(-2.84464795089776E-5,0.00026822172792572,0.000635));
#12074=CARTESIAN_POINT('',(4.66299711948323E-5,6.30472475985107E-5,0.000635));
#12075=CARTESIAN_POINT('',(7.57219657547176E-5,-6.47004741151621E-5,0.000635));
#12076=CARTESIAN_POINT('',(8.98539365152828E-5,-0.000126756276586093,0.000635));
#12077=CARTESIAN_POINT('',(0.000246416366280755,-0.000126756276586093,0.000635));
#12078=CARTESIAN_POINT('',(0.000402978796046227,-0.000126756276586093,0.000635));
#12079=CARTESIAN_POINT('',(0.000402978796046227,-0.000126756276586093,0.000635));
#12080=CARTESIAN_POINT('',(0.000246416366280755,-0.000126756276586093,0.000635));
#12081=CARTESIAN_POINT('',(0.000402978796046227,-0.000126756276586093,0.000635));
#12082=CARTESIAN_POINT('',(0.000402978796046227,-0.000126756276586093,0.000381));
#12083=CARTESIAN_POINT('',(0.000420874972187094,-1.31372251373326E-5,0.000635));
#12084=CARTESIAN_POINT('',(0.000420874972187094,-1.31372251373326E-5,0.000381));
#12085=CARTESIAN_POINT('',(0.000469319332671298,0.000176120880568396,0.000635));
#12086=CARTESIAN_POINT('',(0.000469319332671298,0.000176120880568396,0.000381));
#12087=CARTESIAN_POINT('',(0.000588214852337564,0.000762573499173111,0.000635));
#12088=CARTESIAN_POINT('',(0.000588214852337564,0.000762573499173111,0.000381));
#12089=CARTESIAN_POINT('',(0.000659548982190642,0.0012274816034105,0.000635));
#12090=CARTESIAN_POINT('',(0.000659548982190642,0.0012274816034105,0.000381));
#12091=CARTESIAN_POINT('',(0.000689974138010265,0.0014863691759674,0.000635));
#12092=CARTESIAN_POINT('',(0.000689974138010265,0.0014863691759674,0.000381));
#12093=CARTESIAN_POINT('',(0.000762430715211778,0.00167509838611574,0.000635));
#12094=CARTESIAN_POINT('',(0.000762430715211778,0.00167509838611574,0.000381));
#12095=CARTESIAN_POINT('',(0.000895041664066024,0.00179440054903795,0.000635));
#12096=CARTESIAN_POINT('',(0.000895041664066024,0.00179440054903795,0.000381));
#12097=CARTESIAN_POINT('',(0.000972563924733549,0.00183967442717403,0.000635));
#12098=CARTESIAN_POINT('',(0.000972563924733549,0.00183967442717403,0.000381));
#12099=CARTESIAN_POINT('',(0.000972563924733549,0.00183967442717403,0.000635));
#12100=CARTESIAN_POINT('',(0.000972563924733549,0.00183967442717403,0.000635));
#12101=CARTESIAN_POINT('',(0.000402978796046227,-0.000126756276586093,0.000635));
#12102=CARTESIAN_POINT('',(0.000411295125293582,-7.39576545127242E-5,0.000635));
#12103=CARTESIAN_POINT('',(0.000429803711526779,3.99448307606004E-5,0.000635));
#12104=CARTESIAN_POINT('',(0.000489281991255021,0.000267875061453069,0.000635));
#12105=CARTESIAN_POINT('',(0.000594858527068888,0.00078781073242064,0.000635));
#12106=CARTESIAN_POINT('',(0.000674095061320926,0.0013424936127107,0.000635));
#12107=CARTESIAN_POINT('',(0.000717647099820941,0.0016237904761319,0.000635));
#12108=CARTESIAN_POINT('',(0.000871307612465466,0.0017805395941253,0.000635));
#12109=CARTESIAN_POINT('',(0.000972563924733549,0.00183967442717403,0.000635));
#12110=CARTESIAN_POINT('',(0.000972563924733549,0.00183967442717403,0.000635));
#12111=CARTESIAN_POINT('',(0.000972563924733549,0.00183967442717403,0.000381));
#12112=CARTESIAN_POINT('',(0.00101586569238649,0.00186427118357273,0.000635));
#12113=CARTESIAN_POINT('',(0.00101586569238649,0.00186427118357273,0.000381));
#12114=CARTESIAN_POINT('',(0.00110580100827686,0.00191535725179806,0.000635));
#12115=CARTESIAN_POINT('',(0.00110580100827686,0.00191535725179806,0.000381));
#12116=CARTESIAN_POINT('',(0.00127510624209907,0.00188476609243513,0.000635));
#12117=CARTESIAN_POINT('',(0.00127510624209907,0.00188476609243513,0.000381));
#12118=CARTESIAN_POINT('',(0.00147157742699059,0.00186647003387758,0.000635));
#12119=CARTESIAN_POINT('',(0.00147157742699059,0.00186647003387758,0.000381));
#12120=CARTESIAN_POINT('',(0.00154980559591749,0.00165933590018447,0.000635));
#12121=CARTESIAN_POINT('',(0.00154980559591749,0.00165933590018447,0.000381));
#12122=CARTESIAN_POINT('',(0.00168647840069199,0.00137328468923536,0.000635));
#12123=CARTESIAN_POINT('',(0.00168647840069199,0.00137328468923536,0.000381));
#12124=CARTESIAN_POINT('',(0.00156008424724791,0.00086285411076648,0.000635));
#12125=CARTESIAN_POINT('',(0.00156008424724791,0.00086285411076648,0.000381));
#12126=CARTESIAN_POINT('',(0.00136629756160348,0.000185020876075222,0.000635));
#12127=CARTESIAN_POINT('',(0.00136629756160348,0.000185020876075222,0.000381));
#12128=CARTESIAN_POINT('',(0.00115466294261038,-0.000345873203378792,0.000635));
#12129=CARTESIAN_POINT('',(0.00115466294261038,-0.000345873203378792,0.000381));
#12130=CARTESIAN_POINT('',(0.00106917350089481,-0.000424313333195037,0.000635));
#12131=CARTESIAN_POINT('',(0.00106917350089481,-0.000424313333195037,0.000381));
#12132=CARTESIAN_POINT('',(0.0010408602287219,-0.000450291941783396,0.000635));
#12133=CARTESIAN_POINT('',(0.0010408602287219,-0.000450291941783396,0.000381));
#12134=CARTESIAN_POINT('',(0.000972563924733549,0.00183967442717403,0.000635));
#12135=CARTESIAN_POINT('',(0.00101586569238649,0.00186427118357273,0.000635));
#12136=CARTESIAN_POINT('',(0.00110580100827686,0.00191535725179806,0.000635));
#12137=CARTESIAN_POINT('',(0.00127510624209907,0.00188476609243513,0.000635));
#12138=CARTESIAN_POINT('',(0.00147157742699059,0.00186647003387758,0.000635));
#12139=CARTESIAN_POINT('',(0.00154980559591749,0.00165933590018447,0.000635));
#12140=CARTESIAN_POINT('',(0.00168647840069199,0.00137328468923536,0.000635));
#12141=CARTESIAN_POINT('',(0.00156008424724791,0.00086285411076648,0.000635));
#12142=CARTESIAN_POINT('',(0.00136629756160348,0.000185020876075222,0.000635));
#12143=CARTESIAN_POINT('',(0.00115466294261038,-0.000345873203378792,0.000635));
#12144=CARTESIAN_POINT('',(0.00106917350089481,-0.000424313333195037,0.000635));
#12145=CARTESIAN_POINT('',(0.0010408602287219,-0.000450291941783396,0.000635));
#12146=CARTESIAN_POINT('',(0.00131238009563302,-0.00149779486655337,0.000635));
#12147=CARTESIAN_POINT('',(-0.0013986867852509,-0.00258348998613655,0.000635));
#12148=CARTESIAN_POINT('',(-0.0013986867852509,-0.00258348998613655,0.000381));
#12149=CARTESIAN_POINT('',(-0.0014498991745643,-0.00258945812694059,0.000635));
#12150=CARTESIAN_POINT('',(-0.0014498991745643,-0.00258945812694059,0.000381));
#12151=CARTESIAN_POINT('',(-0.00156138597025792,-0.00260245046929,0.000635));
#12152=CARTESIAN_POINT('',(-0.00156138597025792,-0.00260245046929,0.000381));
#12153=CARTESIAN_POINT('',(-0.0017082039212711,-0.00277803854948754,0.000635));
#12154=CARTESIAN_POINT('',(-0.0017082039212711,-0.00277803854948754,0.000381));
#12155=CARTESIAN_POINT('',(-0.00176990301861549,-0.00289918495917587,0.000635));
#12156=CARTESIAN_POINT('',(-0.00176990301861549,-0.00289918495917587,0.000381));
#12157=CARTESIAN_POINT('',(-0.00198788030549806,-0.00288808458194288,0.000635));
#12158=CARTESIAN_POINT('',(-0.00198788030549806,-0.00288808458194288,0.000381));
#12159=CARTESIAN_POINT('',(-0.00215375684903634,-0.00287678925312381,0.000635));
#12160=CARTESIAN_POINT('',(-0.00215375684903634,-0.00287678925312381,0.000381));
#12161=CARTESIAN_POINT('',(-0.00225149833006142,-0.00274467881297747,0.000635));
#12162=CARTESIAN_POINT('',(-0.00225149833006142,-0.00274467881297747,0.000381));
#12163=CARTESIAN_POINT('',(-0.00236107807954859,-0.00262825366537743,0.000635));
#12164=CARTESIAN_POINT('',(-0.00236107807954859,-0.00262825366537743,0.000381));
#12165=CARTESIAN_POINT('',(-0.00248450699956266,-0.00243678467412343,0.000635));
#12166=CARTESIAN_POINT('',(-0.00248450699956266,-0.00243678467412343,0.000381));
#12167=CARTESIAN_POINT('',(-0.00261647092819191,-0.00212645566263336,0.000635));
#12168=CARTESIAN_POINT('',(-0.00261647092819191,-0.00212645566263336,0.000381));
#12169=CARTESIAN_POINT('',(-0.00267748141927021,-0.00199284246877723,0.000635));
#12170=CARTESIAN_POINT('',(-0.00267748141927021,-0.00199284246877723,0.000381));
#12171=CARTESIAN_POINT('',(-0.00282096513515362,-0.00158740829747834,0.000635));
#12172=CARTESIAN_POINT('',(-0.00282096513515362,-0.00158740829747834,0.000381));
#12173=CARTESIAN_POINT('',(-0.00286885855786253,-0.00138040497723021,0.000635));
#12174=CARTESIAN_POINT('',(-0.00286885855786253,-0.00138040497723021,0.000381));
#12175=CARTESIAN_POINT('',(-0.00292976400995935,-0.00105887208987867,0.000635));
#12176=CARTESIAN_POINT('',(-0.00292976400995935,-0.00105887208987867,0.000381));
#12177=CARTESIAN_POINT('',(-0.00298162427368949,-0.00069569113657171,0.000635));
#12178=CARTESIAN_POINT('',(-0.00298162427368949,-0.00069569113657171,0.000381));
#12179=CARTESIAN_POINT('',(-0.00292545617420487,-0.000387619266709796,0.000635));
#12180=CARTESIAN_POINT('',(-0.00292545617420487,-0.000387619266709796,0.000381));
#12181=CARTESIAN_POINT('',(-0.00285767059779748,-0.000203144846027917,0.000635));
#12182=CARTESIAN_POINT('',(-0.00285767059779748,-0.000203144846027917,0.000381));
#12183=CARTESIAN_POINT('',(-0.002802607928628,-0.000107882179496733,0.000635));
#12184=CARTESIAN_POINT('',(-0.002802607928628,-0.000107882179496733,0.000381));
#12185=CARTESIAN_POINT('',(-0.00268959580506589,3.76961134537983E-5,0.000635));
#12186=CARTESIAN_POINT('',(-0.00268959580506589,3.76961134537983E-5,0.000381));
#12187=CARTESIAN_POINT('',(-0.00256403241202802,8.62355429741929E-5,0.000635));
#12188=CARTESIAN_POINT('',(-0.00256403241202802,8.62355429741929E-5,0.000381));
#12189=CARTESIAN_POINT('',(-0.0024777224035009,0.000146214841749487,0.000635));
#12190=CARTESIAN_POINT('',(-0.0024777224035009,0.000146214841749487,0.000381));
#12191=CARTESIAN_POINT('',(-0.0022571506487215,0.000134968944820099,0.000635));
#12192=CARTESIAN_POINT('',(-0.0022571506487215,0.000134968944820099,0.000381));
#12193=CARTESIAN_POINT('',(-0.00213287822445938,0.000143241270789699,0.000635));
#12194=CARTESIAN_POINT('',(-0.00213287822445938,0.000143241270789699,0.000381));
#12195=CARTESIAN_POINT('',(-0.00207238597795368,0.000147268001455814,0.000635));
#12196=CARTESIAN_POINT('',(-0.00207238597795368,0.000147268001455814,0.000381));
#12197=CARTESIAN_POINT('',(-0.0013986867852509,-0.00258348998613655,0.000635));
#12198=CARTESIAN_POINT('',(-0.0013986867852509,-0.00258348998613655,0.000635));
#12199=CARTESIAN_POINT('',(-0.0013986867852509,-0.00258348998613655,0.000635));
#12200=CARTESIAN_POINT('',(-0.0014498991745643,-0.00258945812694059,0.000635));
#12201=CARTESIAN_POINT('',(-0.00156138597025792,-0.00260245046929,0.000635));
#12202=CARTESIAN_POINT('',(-0.0017082039212711,-0.00277803854948754,0.000635));
#12203=CARTESIAN_POINT('',(-0.00176990301861549,-0.00289918495917587,0.000635));
#12204=CARTESIAN_POINT('',(-0.00198788030549806,-0.00288808458194288,0.000635));
#12205=CARTESIAN_POINT('',(-0.00215375684903634,-0.00287678925312381,0.000635));
#12206=CARTESIAN_POINT('',(-0.00225149833006142,-0.00274467881297747,0.000635));
#12207=CARTESIAN_POINT('',(-0.00236107807954859,-0.00262825366537743,0.000635));
#12208=CARTESIAN_POINT('',(-0.00248450699956266,-0.00243678467412343,0.000635));
#12209=CARTESIAN_POINT('',(-0.00261647092819191,-0.00212645566263336,0.000635));
#12210=CARTESIAN_POINT('',(-0.00267748141927021,-0.00199284246877723,0.000635));
#12211=CARTESIAN_POINT('',(-0.00282096513515362,-0.00158740829747834,0.000635));
#12212=CARTESIAN_POINT('',(-0.00286885855786253,-0.00138040497723021,0.000635));
#12213=CARTESIAN_POINT('',(-0.00292976400995935,-0.00105887208987867,0.000635));
#12214=CARTESIAN_POINT('',(-0.00298162427368949,-0.00069569113657171,0.000635));
#12215=CARTESIAN_POINT('',(-0.00292545617420487,-0.000387619266709796,0.000635));
#12216=CARTESIAN_POINT('',(-0.00285767059779748,-0.000203144846027917,0.000635));
#12217=CARTESIAN_POINT('',(-0.002802607928628,-0.000107882179496733,0.000635));
#12218=CARTESIAN_POINT('',(-0.00268959580506589,3.76961134537983E-5,0.000635));
#12219=CARTESIAN_POINT('',(-0.00256403241202802,8.62355429741929E-5,0.000635));
#12220=CARTESIAN_POINT('',(-0.0024777224035009,0.000146214841749487,0.000635));
#12221=CARTESIAN_POINT('',(-0.0022571506487215,0.000134968944820099,0.000635));
#12222=CARTESIAN_POINT('',(-0.00213287822445938,0.000143241270789699,0.000635));
#12223=CARTESIAN_POINT('',(-0.00207238597795368,0.000147268001455814,0.000635));
#12224=CARTESIAN_POINT('',(-0.00207238597795368,0.000147268001455814,0.000635));
#12225=CARTESIAN_POINT('',(-0.00207238597795368,0.000147268001455814,0.000635));
#12226=CARTESIAN_POINT('',(-0.00207238597795368,0.000147268001455814,0.000635));
#12227=CARTESIAN_POINT('',(-0.00207238597795368,0.000147268001455814,0.000381000000000001));
#12228=CARTESIAN_POINT('',(-0.00202263929909345,0.000173126087467073,0.000635));
#12229=CARTESIAN_POINT('',(-0.00202263929909345,0.000173126087467073,0.000381000000000001));
#12230=CARTESIAN_POINT('',(-0.00193358611674725,0.000219261034136066,0.000635));
#12231=CARTESIAN_POINT('',(-0.00193358611674725,0.000219261034136066,0.000381000000000001));
#12232=CARTESIAN_POINT('',(-0.00189937568899366,0.000409956244672731,0.000635));
#12233=CARTESIAN_POINT('',(-0.00189937568899366,0.000409956244672731,0.000381000000000001));
#12234=CARTESIAN_POINT('',(-0.001916923023357,0.000591390393319906,0.000635));
#12235=CARTESIAN_POINT('',(-0.001916923023357,0.000591390393319906,0.000381000000000001));
#12236=CARTESIAN_POINT('',(-0.00201138654250212,0.000707623058552554,0.000635));
#12237=CARTESIAN_POINT('',(-0.00201138654250212,0.000707623058552554,0.000381000000000001));
#12238=CARTESIAN_POINT('',(-0.00215037724789818,0.000780633756171332,0.000635));
#12239=CARTESIAN_POINT('',(-0.00215037724789818,0.000780633756171332,0.000381000000000001));
#12240=CARTESIAN_POINT('',(-0.00224987102850054,0.000865871644962106,0.000635));
#12241=CARTESIAN_POINT('',(-0.00224987102850054,0.000865871644962106,0.000381000000000001));
#12242=CARTESIAN_POINT('',(-0.0024546487666929,0.000985972538858229,0.000635));
#12243=CARTESIAN_POINT('',(-0.0024546487666929,0.000985972538858229,0.000381000000000001));
#12244=CARTESIAN_POINT('',(-0.00276907838191862,0.00092268402171558,0.000635));
#12245=CARTESIAN_POINT('',(-0.00276907838191862,0.00092268402171558,0.000381000000000001));
#12246=CARTESIAN_POINT('',(-0.00301023487595429,0.000867420023623098,0.000635));
#12247=CARTESIAN_POINT('',(-0.00301023487595429,0.000867420023623098,0.000381000000000001));
#12248=CARTESIAN_POINT('',(-0.00325688990575271,0.000740520450795007,0.000635));
#12249=CARTESIAN_POINT('',(-0.00325688990575271,0.000740520450795007,0.000381000000000001));
#12250=CARTESIAN_POINT('',(-0.00353365556912582,0.000485767274006995,0.000635));
#12251=CARTESIAN_POINT('',(-0.00353365556912582,0.000485767274006995,0.000381000000000001));
#12252=CARTESIAN_POINT('',(-0.0037958337643677,5.05027104668645E-5,0.000635));
#12253=CARTESIAN_POINT('',(-0.0037958337643677,5.05027104668645E-5,0.000381000000000001));
#12254=CARTESIAN_POINT('',(-0.00384097902169285,-0.000553677083669391,0.000635));
#12255=CARTESIAN_POINT('',(-0.00384097902169285,-0.000553677083669391,0.000381000000000001));
#12256=CARTESIAN_POINT('',(-0.00385466719376205,-0.00111952763475398,0.000635));
#12257=CARTESIAN_POINT('',(-0.00385466719376205,-0.00111952763475398,0.000381000000000001));
#12258=CARTESIAN_POINT('',(-0.00376489254961258,-0.00164436998531732,0.000635));
#12259=CARTESIAN_POINT('',(-0.00376489254961258,-0.00164436998531732,0.000381000000000001));
#12260=CARTESIAN_POINT('',(-0.00363358618233545,-0.00207228681933578,0.000635));
#12261=CARTESIAN_POINT('',(-0.00363358618233545,-0.00207228681933578,0.000381000000000001));
#12262=CARTESIAN_POINT('',(-0.00351010357499642,-0.00244262971469432,0.000635));
#12263=CARTESIAN_POINT('',(-0.00351010357499642,-0.00244262971469432,0.000381000000000001));
#12264=CARTESIAN_POINT('',(-0.00332674726947525,-0.0028748505231713,0.000635));
#12265=CARTESIAN_POINT('',(-0.00332674726947525,-0.0028748505231713,0.000381000000000001));
#12266=CARTESIAN_POINT('',(-0.00290826889665051,-0.00341733216763167,0.000635));
#12267=CARTESIAN_POINT('',(-0.00290826889665051,-0.00341733216763167,0.000381000000000001));
#12268=CARTESIAN_POINT('',(-0.0025369859049562,-0.00368841530803408,0.000635));
#12269=CARTESIAN_POINT('',(-0.0025369859049562,-0.00368841530803408,0.000381000000000001));
#12270=CARTESIAN_POINT('',(-0.00220458406065967,-0.00377101172927113,0.000635));
#12271=CARTESIAN_POINT('',(-0.00220458406065967,-0.00377101172927113,0.000381000000000001));
#12272=CARTESIAN_POINT('',(-0.00180978961227644,-0.00376532693897744,0.000635));
#12273=CARTESIAN_POINT('',(-0.00180978961227644,-0.00376532693897744,0.000381000000000001));
#12274=CARTESIAN_POINT('',(-0.00153462707783382,-0.0037425401518998,0.000635));
#12275=CARTESIAN_POINT('',(-0.00153462707783382,-0.0037425401518998,0.000381000000000001));
#12276=CARTESIAN_POINT('',(-0.00127922270972161,-0.00359007124224569,0.000635));
#12277=CARTESIAN_POINT('',(-0.00127922270972161,-0.00359007124224569,0.000381000000000001));
#12278=CARTESIAN_POINT('',(-0.00106915389818836,-0.00329971889924256,0.000635));
#12279=CARTESIAN_POINT('',(-0.00106915389818836,-0.00329971889924256,0.000381000000000001));
#12280=CARTESIAN_POINT('',(-0.00105783326265924,-0.00298031948358222,0.000635));
#12281=CARTESIAN_POINT('',(-0.00105783326265924,-0.00298031948358222,0.000381000000000001));
#12282=CARTESIAN_POINT('',(-0.00102649602414366,-0.00274590321682507,0.000635));
#12283=CARTESIAN_POINT('',(-0.00102649602414366,-0.00274590321682507,0.000381000000000001));
#12284=CARTESIAN_POINT('',(-0.00120357516383602,-0.00258082471063102,0.000635));
#12285=CARTESIAN_POINT('',(-0.00120357516383602,-0.00258082471063102,0.000381000000000001));
#12286=CARTESIAN_POINT('',(-0.00133646698188802,-0.00258064779731328,0.000635));
#12287=CARTESIAN_POINT('',(-0.00133646698188802,-0.00258064779731328,0.000381000000000001));
#12288=CARTESIAN_POINT('',(-0.0013986867852509,-0.00258348998613655,0.000635));
#12289=CARTESIAN_POINT('',(-0.0013986867852509,-0.00258348998613655,0.000381000000000001));
#12290=CARTESIAN_POINT('',(-0.00207238597795368,0.000147268001455814,0.000635));
#12291=CARTESIAN_POINT('',(-0.00203652321310248,0.000165909295294335,0.000635));
#12292=CARTESIAN_POINT('',(-0.00196240759754172,0.000204434241245214,0.000635));
#12293=CARTESIAN_POINT('',(-0.0019079919908279,0.000329937889490133,0.000635));
#12294=CARTESIAN_POINT('',(-0.00189342824235199,0.000623042870213977,0.000635));
#12295=CARTESIAN_POINT('',(-0.00207169187091896,0.00073150497727961,0.000635));
#12296=CARTESIAN_POINT('',(-0.00216666249572161,0.000799951367497726,0.000635));
#12297=CARTESIAN_POINT('',(-0.00225941124371376,0.000867501862889566,0.000635));
#12298=CARTESIAN_POINT('',(-0.00244645568168733,0.000991617057605606,0.000635));
#12299=CARTESIAN_POINT('',(-0.00280774715572364,0.000914619270699748,0.000635));
#12300=CARTESIAN_POINT('',(-0.00308613417595636,0.000844082158086481,0.000635));
#12301=CARTESIAN_POINT('',(-0.00339075966491366,0.000642746023813852,0.000635));
#12302=CARTESIAN_POINT('',(-0.00359693730845257,0.000366751324930423,0.000635));
#12303=CARTESIAN_POINT('',(-0.00378887870070052,3.04089288859499E-6,0.000635));
#12304=CARTESIAN_POINT('',(-0.00383312971724623,-0.000401187710361151,0.000635));
#12305=CARTESIAN_POINT('',(-0.00384760005282824,-0.000890622475602939,0.000635));
#12306=CARTESIAN_POINT('',(-0.00382399509001013,-0.00148011784705876,0.000635));
#12307=CARTESIAN_POINT('',(-0.00357688762062598,-0.00225015722512257,0.000635));
#12308=CARTESIAN_POINT('',(-0.00337108339224557,-0.00282480679287386,0.000635));
#12309=CARTESIAN_POINT('',(-0.00282580746498077,-0.00351638642533603,0.000635));
#12310=CARTESIAN_POINT('',(-0.00236464701674285,-0.00377705848191933,0.000635));
#12311=CARTESIAN_POINT('',(-0.00176026671842558,-0.00376878937589463,0.000635));
#12312=CARTESIAN_POINT('',(-0.0014124655704442,-0.00371264408877529,0.000635));
#12313=CARTESIAN_POINT('',(-0.00106090425383783,-0.00335303217430341,0.000635));
#12314=CARTESIAN_POINT('',(-0.00105527101847606,-0.00294516314495019,0.000635));
#12315=CARTESIAN_POINT('',(-0.0010397618487739,-0.00271075327140145,0.000635));
#12316=CARTESIAN_POINT('',(-0.00123378614507756,-0.00257595735419693,0.000635));
#12317=CARTESIAN_POINT('',(-0.00134574776870483,-0.00258107174189581,0.000635));
#12318=CARTESIAN_POINT('',(-0.0013986867852509,-0.00258348998613655,0.000635));
#12319=CARTESIAN_POINT('',(0.00131238009563302,-0.00149779486655337,0.000635));
#12320=CARTESIAN_POINT('',(0.00564489560201764,-0.00100418517831713,0.000635));
#12321=CARTESIAN_POINT('',(0.00564489560201764,-0.00100418517831713,0.000381000000000001));
#12322=CARTESIAN_POINT('',(0.00560537309212967,-0.00101246334885558,0.000635));
#12323=CARTESIAN_POINT('',(0.00560537309212967,-0.00101246334885558,0.000381000000000001));
#12324=CARTESIAN_POINT('',(0.00552732569624621,-0.00102631243623339,0.000635));
#12325=CARTESIAN_POINT('',(0.00552732569624621,-0.00102631243623339,0.000381000000000001));
#12326=CARTESIAN_POINT('',(0.00538082085670888,-0.00112718603170168,0.000635));
#12327=CARTESIAN_POINT('',(0.00538082085670888,-0.00112718603170168,0.000381000000000001));
#12328=CARTESIAN_POINT('',(0.00523154906188097,-0.00122404490298129,0.000635));
#12329=CARTESIAN_POINT('',(0.00523154906188097,-0.00122404490298129,0.000381000000000001));
#12330=CARTESIAN_POINT('',(0.00507483564138094,-0.00120300226162402,0.000635));
#12331=CARTESIAN_POINT('',(0.00507483564138094,-0.00120300226162402,0.000381000000000001));
#12332=CARTESIAN_POINT('',(0.00481507988282621,-0.00109503382466182,0.000635));
#12333=CARTESIAN_POINT('',(0.00481507988282621,-0.00109503382466182,0.000381000000000001));
#12334=CARTESIAN_POINT('',(0.00463250609158894,-0.000731305522981312,0.000635));
#12335=CARTESIAN_POINT('',(0.00463250609158894,-0.000731305522981312,0.000381000000000001));
#12336=CARTESIAN_POINT('',(0.00457413753951781,-0.000300071142218197,0.000635));
#12337=CARTESIAN_POINT('',(0.00457413753951781,-0.000300071142218197,0.000381000000000001));
#12338=CARTESIAN_POINT('',(0.00456876322477935,0.000134724265678821,0.000635));
#12339=CARTESIAN_POINT('',(0.00456876322477935,0.000134724265678821,0.000381000000000001));
#12340=CARTESIAN_POINT('',(0.00468712675580123,0.000542311323632453,0.000635));
#12341=CARTESIAN_POINT('',(0.00468712675580123,0.000542311323632453,0.000381000000000001));
#12342=CARTESIAN_POINT('',(0.004857007449536,0.000921119780993469,0.000635));
#12343=CARTESIAN_POINT('',(0.004857007449536,0.000921119780993469,0.000381000000000001));
#12344=CARTESIAN_POINT('',(0.0050146205715439,0.00108107039356178,0.000635));
#12345=CARTESIAN_POINT('',(0.0050146205715439,0.00108107039356178,0.000381000000000001));
#12346=CARTESIAN_POINT('',(0.00511194815318638,0.00122377364409364,0.000635));
#12347=CARTESIAN_POINT('',(0.00511194815318638,0.00122377364409364,0.000381000000000001));
#12348=CARTESIAN_POINT('',(0.00536372688114125,0.00132486522956216,0.000635));
#12349=CARTESIAN_POINT('',(0.00536372688114125,0.00132486522956216,0.000381000000000001));
#12350=CARTESIAN_POINT('',(0.00566359497798525,0.00124743229584072,0.000635));
#12351=CARTESIAN_POINT('',(0.00566359497798525,0.00124743229584072,0.000381000000000001));
#12352=CARTESIAN_POINT('',(0.00593346007302049,0.00113450969848352,0.000635));
#12353=CARTESIAN_POINT('',(0.00593346007302049,0.00113450969848352,0.000381000000000001));
#12354=CARTESIAN_POINT('',(0.00604391905363106,0.00113119380345988,0.000635));
#12355=CARTESIAN_POINT('',(0.00604391905363106,0.00113119380345988,0.000381000000000001));
#12356=CARTESIAN_POINT('',(0.0061192370113322,0.00121016421233847,0.000635));
#12357=CARTESIAN_POINT('',(0.0061192370113322,0.00121016421233847,0.000381000000000001));
#12358=CARTESIAN_POINT('',(0.00619359068234581,0.00134553750475829,0.000635));
#12359=CARTESIAN_POINT('',(0.00619359068234581,0.00134553750475829,0.000381000000000001));
#12360=CARTESIAN_POINT('',(0.00621614625542477,0.00152089098026699,0.000635));
#12361=CARTESIAN_POINT('',(0.00621614625542477,0.00152089098026699,0.000381000000000001));
#12362=CARTESIAN_POINT('',(0.00614023631231194,0.00170077415535911,0.000635));
#12363=CARTESIAN_POINT('',(0.00614023631231194,0.00170077415535911,0.000381000000000001));
#12364=CARTESIAN_POINT('',(0.0059383455104941,0.00190235304846,0.000635));
#12365=CARTESIAN_POINT('',(0.0059383455104941,0.00190235304846,0.000381000000000001));
#12366=CARTESIAN_POINT('',(0.00559373289483817,0.00206130836923897,0.000635));
#12367=CARTESIAN_POINT('',(0.00559373289483817,0.00206130836923897,0.000381000000000001));
#12368=CARTESIAN_POINT('',(0.00508576282335295,0.00204054069810835,0.000635));
#12369=CARTESIAN_POINT('',(0.00508576282335295,0.00204054069810835,0.000381000000000001));
#12370=CARTESIAN_POINT('',(0.0047810154147159,0.00197581334610222,0.000635));
#12371=CARTESIAN_POINT('',(0.0047810154147159,0.00197581334610222,0.000381000000000001));
#12372=CARTESIAN_POINT('',(0.0044541096612382,0.00175565204395676,0.000635));
#12373=CARTESIAN_POINT('',(0.0044541096612382,0.00175565204395676,0.000381000000000001));
#12374=CARTESIAN_POINT('',(0.00424894296352001,0.00141260498944594,0.000635));
#12375=CARTESIAN_POINT('',(0.00424894296352001,0.00141260498944594,0.000381000000000001));
#12376=CARTESIAN_POINT('',(0.00401511218689861,0.000944916659705158,0.000635));
#12377=CARTESIAN_POINT('',(0.00401511218689861,0.000944916659705158,0.000381000000000001));
#12378=CARTESIAN_POINT('',(0.00399731491483611,0.000405605503456447,0.000635));
#12379=CARTESIAN_POINT('',(0.00399731491483611,0.000405605503456447,0.000381000000000001));
#12380=CARTESIAN_POINT('',(0.00396156473871262,3.18837028671005E-6,0.000635));
#12381=CARTESIAN_POINT('',(0.00396156473871262,3.18837028671005E-6,0.000381000000000001));
#12382=CARTESIAN_POINT('',(0.00398426465264077,-0.000536874900686358,0.000635));
#12383=CARTESIAN_POINT('',(0.00398426465264077,-0.000536874900686358,0.000381000000000001));
#12384=CARTESIAN_POINT('',(0.00404560813491556,-0.000950836539593162,0.000635));
#12385=CARTESIAN_POINT('',(0.00404560813491556,-0.000950836539593162,0.000381000000000001));
#12386=CARTESIAN_POINT('',(0.00411286005025069,-0.00116508550135673,0.000635));
#12387=CARTESIAN_POINT('',(0.00411286005025069,-0.00116508550135673,0.000381000000000001));
#12388=CARTESIAN_POINT('',(0.00419826750171852,-0.00131574168321241,0.000635));
#12389=CARTESIAN_POINT('',(0.00419826750171852,-0.00131574168321241,0.000381000000000001));
#12390=CARTESIAN_POINT('',(0.00429246848651902,-0.00149456763192854,0.000635));
#12391=CARTESIAN_POINT('',(0.00429246848651902,-0.00149456763192854,0.000381000000000001));
#12392=CARTESIAN_POINT('',(0.00441564834248327,-0.0016823384982799,0.000635));
#12393=CARTESIAN_POINT('',(0.00441564834248327,-0.0016823384982799,0.000381000000000001));
#12394=CARTESIAN_POINT('',(0.00467241766045752,-0.0018870307942769,0.000635));
#12395=CARTESIAN_POINT('',(0.00467241766045752,-0.0018870307942769,0.000381000000000001));
#12396=CARTESIAN_POINT('',(0.00499363818134657,-0.0019853325044873,0.000635));
#12397=CARTESIAN_POINT('',(0.00499363818134657,-0.0019853325044873,0.000381000000000001));
#12398=CARTESIAN_POINT('',(0.00524373697094734,-0.00194392905317025,0.000635));
#12399=CARTESIAN_POINT('',(0.00524373697094734,-0.00194392905317025,0.000381000000000001));
#12400=CARTESIAN_POINT('',(0.00545333556379645,-0.00185437882820681,0.000635));
#12401=CARTESIAN_POINT('',(0.00545333556379645,-0.00185437882820681,0.000381000000000001));
#12402=CARTESIAN_POINT('',(0.00566294586228878,-0.0017132309389245,0.000635));
#12403=CARTESIAN_POINT('',(0.00566294586228878,-0.0017132309389245,0.000381000000000001));
#12404=CARTESIAN_POINT('',(0.00579908771183953,-0.00152495371302644,0.000635));
#12405=CARTESIAN_POINT('',(0.00579908771183953,-0.00152495371302644,0.000381000000000001));
#12406=CARTESIAN_POINT('',(0.00583196052033885,-0.00131025811126307,0.000635));
#12407=CARTESIAN_POINT('',(0.00583196052033885,-0.00131025811126307,0.000381000000000001));
#12408=CARTESIAN_POINT('',(0.00584589939210013,-0.00113770751521,0.000635));
#12409=CARTESIAN_POINT('',(0.00584589939210013,-0.00113770751521,0.000381000000000001));
#12410=CARTESIAN_POINT('',(0.00581813528009059,-0.00104532143823425,0.000635));
#12411=CARTESIAN_POINT('',(0.00581813528009059,-0.00104532143823425,0.000381000000000001));
#12412=CARTESIAN_POINT('',(0.00571685614854384,-0.00102132899441736,0.000635));
#12413=CARTESIAN_POINT('',(0.00571685614854384,-0.00102132899441736,0.000381000000000001));
#12414=CARTESIAN_POINT('',(0.00566815631464124,-0.00100469822064042,0.000635));
#12415=CARTESIAN_POINT('',(0.00566815631464124,-0.00100469822064042,0.000381000000000001));
#12416=CARTESIAN_POINT('',(0.00564489560201764,-0.00100418517831713,0.000635));
#12417=CARTESIAN_POINT('',(0.00564489560201764,-0.00100418517831713,0.000635));
#12418=CARTESIAN_POINT('',(0.00564489560201764,-0.00100418517831713,0.000635));
#12419=CARTESIAN_POINT('',(0.00559532601119104,-0.00101456775593042,0.000635));
#12420=CARTESIAN_POINT('',(0.00548187351946948,-0.00103833089944397,0.000635));
#12421=CARTESIAN_POINT('',(0.00526132182189825,-0.00122955273947139,0.000635));
#12422=CARTESIAN_POINT('',(0.00509444990113229,-0.00120505409249363,0.000635));
#12423=CARTESIAN_POINT('',(0.00487253551632061,-0.00112706139876407,0.000635));
#12424=CARTESIAN_POINT('',(0.00467097863463322,-0.000847877165588419,0.000635));
#12425=CARTESIAN_POINT('',(0.00459317120102653,-0.000464161057240809,0.000635));
#12426=CARTESIAN_POINT('',(0.00455455041947343,8.0307723536525E-6,0.000635));
#12427=CARTESIAN_POINT('',(0.00464181586735901,0.000398332784864135,0.000635));
#12428=CARTESIAN_POINT('',(0.0048180746679531,0.000883033769669263,0.000635));
#12429=CARTESIAN_POINT('',(0.00502750430478495,0.00109323639276146,0.000635));
#12430=CARTESIAN_POINT('',(0.00513080487798108,0.00124073943716153,0.000635));
#12431=CARTESIAN_POINT('',(0.00537878372167557,0.00131097963563154,0.000635));
#12432=CARTESIAN_POINT('',(0.00566237996401444,0.00125558761611612,0.000635));
#12433=CARTESIAN_POINT('',(0.005976390999996,0.00110911500095593,0.000635));
#12434=CARTESIAN_POINT('',(0.00607531977342427,0.0011612935146976,0.000635));
#12435=CARTESIAN_POINT('',(0.00618239185496485,0.00129223726873479,0.000635));
#12436=CARTESIAN_POINT('',(0.00622933592319075,0.00154701259303851,0.000635));
#12437=CARTESIAN_POINT('',(0.00610249579947741,0.00173411318848171,0.000635));
#12438=CARTESIAN_POINT('',(0.0058952622936924,0.00192952711949792,0.000635));
#12439=CARTESIAN_POINT('',(0.00556234395754992,0.00206389607396124,0.000635));
#12440=CARTESIAN_POINT('',(0.00508437820714074,0.00203907494728187,0.000635));
#12441=CARTESIAN_POINT('',(0.00480669739605517,0.00197905699383831,0.000635));
#12442=CARTESIAN_POINT('',(0.00450254987632841,0.00180256333008924,0.000635));
#12443=CARTESIAN_POINT('',(0.00429926201268372,0.00149382571407501,0.000635));
#12444=CARTESIAN_POINT('',(0.00401611958442077,0.000999143926494189,0.000635));
#12445=CARTESIAN_POINT('',(0.00399588983613415,0.000367257665444512,0.000635));
#12446=CARTESIAN_POINT('',(0.00395197288721427,-0.00014240220719486,0.000635));
#12447=CARTESIAN_POINT('',(0.00402935029084105,-0.00103438772429485,0.000635));
#12448=CARTESIAN_POINT('',(0.00421878288146494,-0.00134408974024927,0.000635));
#12449=CARTESIAN_POINT('',(0.00442987088273553,-0.00176491058666216,0.000635));
#12450=CARTESIAN_POINT('',(0.00495378128531316,-0.00200145648772708,0.000635));
#12451=CARTESIAN_POINT('',(0.00534265158973483,-0.00193189484087891,0.000635));
#12452=CARTESIAN_POINT('',(0.00581558590983717,-0.00163091076026706,0.000635));
#12453=CARTESIAN_POINT('',(0.00583494715128601,-0.00122424121240753,0.000635));
#12454=CARTESIAN_POINT('',(0.00584665197520801,-0.00105275835387951,0.000635));
#12455=CARTESIAN_POINT('',(0.0057291299425647,-0.00102552043975481,0.000635));
#12456=CARTESIAN_POINT('',(0.00566815631464124,-0.00100469822064042,0.000635));
#12457=CARTESIAN_POINT('',(0.00566815631464124,-0.00100469822064042,0.000635));
#12458=CARTESIAN_POINT('',(0.00566815631464124,-0.00100469822064042,0.000635));
#12459=CARTESIAN_POINT('',(0.00565652595832944,-0.00100444169947877,0.000635));
#12460=CARTESIAN_POINT('',(0.00565652595832944,-0.00100444169947877,0.000635));
#12461=CARTESIAN_POINT('',(0.00131238009563302,-0.00149779486655337,0.000635));
#12462=CARTESIAN_POINT('',(0.00653355801478028,-0.00180158170405776,0.000635));
#12463=CARTESIAN_POINT('',(0.00653355801478028,-0.00180158170405776,0.000381000000000001));
#12464=CARTESIAN_POINT('',(0.00654086941235624,-0.00185432337913633,0.000635));
#12465=CARTESIAN_POINT('',(0.00654086941235624,-0.00185432337913633,0.000381000000000001));
#12466=CARTESIAN_POINT('',(0.00656724193466005,-0.00192700227946166,0.000635));
#12467=CARTESIAN_POINT('',(0.00656724193466005,-0.00192700227946166,0.000381000000000001));
#12468=CARTESIAN_POINT('',(0.00666385422862008,-0.00208750098825625,0.000635));
#12469=CARTESIAN_POINT('',(0.00666385422862008,-0.00208750098825625,0.000381000000000001));
#12470=CARTESIAN_POINT('',(0.006842398970204,-0.00218196870222863,0.000635));
#12471=CARTESIAN_POINT('',(0.006842398970204,-0.00218196870222863,0.000381000000000001));
#12472=CARTESIAN_POINT('',(0.00708417593898814,-0.00200637532418177,0.000635));
#12473=CARTESIAN_POINT('',(0.00708417593898814,-0.00200637532418177,0.000381000000000001));
#12474=CARTESIAN_POINT('',(0.00716292291237241,-0.00165763540513972,0.000635));
#12475=CARTESIAN_POINT('',(0.00716292291237241,-0.00165763540513972,0.000381000000000001));
#12476=CARTESIAN_POINT('',(0.00732541103387943,-0.00110017715850752,0.000635));
#12477=CARTESIAN_POINT('',(0.00732541103387943,-0.00110017715850752,0.000381000000000001));
#12478=CARTESIAN_POINT('',(0.00737024273762762,-0.000605475759549674,0.000635));
#12479=CARTESIAN_POINT('',(0.00737024273762762,-0.000605475759549674,0.000381000000000001));
#12480=CARTESIAN_POINT('',(0.00745315716661607,0.000270905199356487,0.000635));
#12481=CARTESIAN_POINT('',(0.00745315716661607,0.000270905199356487,0.000381000000000001));
#12482=CARTESIAN_POINT('',(0.0073995107628011,0.000892998796785553,0.000635));
#12483=CARTESIAN_POINT('',(0.0073995107628011,0.000892998796785553,0.000381000000000001));
#12484=CARTESIAN_POINT('',(0.00782148770043032,0.000882056411019601,0.000635));
#12485=CARTESIAN_POINT('',(0.00782148770043032,0.000882056411019601,0.000381000000000001));
#12486=CARTESIAN_POINT('',(0.0084120987008704,0.000791838047490782,0.000635));
#12487=CARTESIAN_POINT('',(0.0084120987008704,0.000791838047490782,0.000381000000000001));
#12488=CARTESIAN_POINT('',(0.00880516666056058,0.000637153502484359,0.000635));
#12489=CARTESIAN_POINT('',(0.00880516666056058,0.000637153502484359,0.000381000000000001));
#12490=CARTESIAN_POINT('',(0.00913122765530833,0.000729105526915866,0.000635));
#12491=CARTESIAN_POINT('',(0.00913122765530833,0.000729105526915866,0.000381000000000001));
#12492=CARTESIAN_POINT('',(0.00922858412020715,0.000956142114363292,0.000635));
#12493=CARTESIAN_POINT('',(0.00922858412020715,0.000956142114363292,0.000381000000000001));
#12494=CARTESIAN_POINT('',(0.00902246041284586,0.001171364780707,0.000635));
#12495=CARTESIAN_POINT('',(0.00902246041284586,0.001171364780707,0.000381000000000001));
#12496=CARTESIAN_POINT('',(0.00854075527063035,0.00131818885747623,0.000635));
#12497=CARTESIAN_POINT('',(0.00854075527063035,0.00131818885747623,0.000381000000000001));
#12498=CARTESIAN_POINT('',(0.00836891735981066,0.00135251286933713,0.000635));
#12499=CARTESIAN_POINT('',(0.00836891735981066,0.00135251286933713,0.000381000000000001));
#12500=CARTESIAN_POINT('',(0.0080776513251971,0.00142793060157312,0.000635));
#12501=CARTESIAN_POINT('',(0.0080776513251971,0.00142793060157312,0.000381000000000001));
#12502=CARTESIAN_POINT('',(0.0075934544498312,0.0014805994209272,0.000635));
#12503=CARTESIAN_POINT('',(0.0075934544498312,0.0014805994209272,0.000381000000000001));
#12504=CARTESIAN_POINT('',(0.00737817114373548,0.00150401532341599,0.000635));
#12505=CARTESIAN_POINT('',(0.00737817114373548,0.00150401532341599,0.000381000000000001));
#12506=CARTESIAN_POINT('',(0.00691448876615983,0.001566652518197,0.000635));
#12507=CARTESIAN_POINT('',(0.00691448876615983,0.001566652518197,0.000381000000000001));
#12508=CARTESIAN_POINT('',(0.00688454126192278,0.00129291806807009,0.000635));
#12509=CARTESIAN_POINT('',(0.00688454126192278,0.00129291806807009,0.000381000000000001));
#12510=CARTESIAN_POINT('',(0.00681963557874573,0.000721277399594685,0.000635));
#12511=CARTESIAN_POINT('',(0.00681963557874573,0.000721277399594685,0.000381000000000001));
#12512=CARTESIAN_POINT('',(0.00676779569715495,0.00016833715112071,0.000635));
#12513=CARTESIAN_POINT('',(0.00676779569715495,0.00016833715112071,0.000381000000000001));
#12514=CARTESIAN_POINT('',(0.00663826814045808,-0.000724566534321347,0.000635));
#12515=CARTESIAN_POINT('',(0.00663826814045808,-0.000724566534321347,0.000381000000000001));
#12516=CARTESIAN_POINT('',(0.00652550677813222,-0.0013683575534577,0.000635));
#12517=CARTESIAN_POINT('',(0.00652550677813222,-0.0013683575534577,0.000381000000000001));
#12518=CARTESIAN_POINT('',(0.00652096793463388,-0.00171076159621968,0.000635));
#12519=CARTESIAN_POINT('',(0.00652096793463388,-0.00171076159621968,0.000381000000000001));
#12520=CARTESIAN_POINT('',(0.00653355801478028,-0.00180158170405776,0.000635));
#12521=CARTESIAN_POINT('',(0.00653355801478028,-0.00180158170405776,0.000381000000000001));
#12522=CARTESIAN_POINT('',(0.00653355801478028,-0.00180158170405776,0.000635));
#12523=CARTESIAN_POINT('',(0.00654086941235624,-0.00185432337913633,0.000635));
#12524=CARTESIAN_POINT('',(0.00656724193466005,-0.00192700227946166,0.000635));
#12525=CARTESIAN_POINT('',(0.00666385422862008,-0.00208750098825625,0.000635));
#12526=CARTESIAN_POINT('',(0.006842398970204,-0.00218196870222863,0.000635));
#12527=CARTESIAN_POINT('',(0.00708417593898814,-0.00200637532418177,0.000635));
#12528=CARTESIAN_POINT('',(0.00716292291237241,-0.00165763540513972,0.000635));
#12529=CARTESIAN_POINT('',(0.00732541103387943,-0.00110017715850752,0.000635));
#12530=CARTESIAN_POINT('',(0.00737024273762762,-0.000605475759549674,0.000635));
#12531=CARTESIAN_POINT('',(0.00745315716661607,0.000270905199356487,0.000635));
#12532=CARTESIAN_POINT('',(0.0073995107628011,0.000892998796785553,0.000635));
#12533=CARTESIAN_POINT('',(0.00782148770043032,0.000882056411019601,0.000635));
#12534=CARTESIAN_POINT('',(0.0084120987008704,0.000791838047490782,0.000635));
#12535=CARTESIAN_POINT('',(0.00880516666056058,0.000637153502484359,0.000635));
#12536=CARTESIAN_POINT('',(0.00913122765530833,0.000729105526915866,0.000635));
#12537=CARTESIAN_POINT('',(0.00922858412020715,0.000956142114363292,0.000635));
#12538=CARTESIAN_POINT('',(0.00902246041284586,0.001171364780707,0.000635));
#12539=CARTESIAN_POINT('',(0.00854075527063035,0.00131818885747623,0.000635));
#12540=CARTESIAN_POINT('',(0.00836891735981066,0.00135251286933713,0.000635));
#12541=CARTESIAN_POINT('',(0.0080776513251971,0.00142793060157312,0.000635));
#12542=CARTESIAN_POINT('',(0.0075934544498312,0.0014805994209272,0.000635));
#12543=CARTESIAN_POINT('',(0.00737817114373548,0.00150401532341599,0.000635));
#12544=CARTESIAN_POINT('',(0.00691448876615983,0.001566652518197,0.000635));
#12545=CARTESIAN_POINT('',(0.00688454126192278,0.00129291806807009,0.000635));
#12546=CARTESIAN_POINT('',(0.00681963557874573,0.000721277399594685,0.000635));
#12547=CARTESIAN_POINT('',(0.00676779569715495,0.00016833715112071,0.000635));
#12548=CARTESIAN_POINT('',(0.00663826814045808,-0.000724566534321347,0.000635));
#12549=CARTESIAN_POINT('',(0.00652550677813222,-0.0013683575534577,0.000635));
#12550=CARTESIAN_POINT('',(0.00652096793463388,-0.00171076159621968,0.000635));
#12551=CARTESIAN_POINT('',(0.00653355801478028,-0.00180158170405776,0.000635));
#12552=CARTESIAN_POINT('',(0.00653355801478028,-0.00180158170405776,0.000635));
#12553=CARTESIAN_POINT('',(0.00131238009563302,-0.00149779486655337,0.000635));
#12554=CARTESIAN_POINT('',(0.0100848618894815,3.85427447326947E-5,0.000635));
#12555=CARTESIAN_POINT('',(0.0100848618894815,3.85427447326947E-5,0.000381));
#12556=CARTESIAN_POINT('',(0.0100650004891769,2.8506513636008E-5,0.000635));
#12557=CARTESIAN_POINT('',(0.0100650004891769,2.8506513636008E-5,0.000381));
#12558=CARTESIAN_POINT('',(0.0100101713079567,8.0059536605079E-7,0.000635));
#12559=CARTESIAN_POINT('',(0.0100101713079567,8.0059536605079E-7,0.000381));
#12560=CARTESIAN_POINT('',(0.00979692159261133,-0.000164152049956497,0.000635));
#12561=CARTESIAN_POINT('',(0.00979692159261133,-0.000164152049956497,0.000381));
#12562=CARTESIAN_POINT('',(0.00972600339969342,-0.000548212808495386,0.000635));
#12563=CARTESIAN_POINT('',(0.00972600339969342,-0.000548212808495386,0.000381));
#12564=CARTESIAN_POINT('',(0.00950842996599777,-0.00120287007667183,0.000635));
#12565=CARTESIAN_POINT('',(0.00950842996599777,-0.00120287007667183,0.000381));
#12566=CARTESIAN_POINT('',(0.00938988957930236,-0.00205715834525009,0.000635));
#12567=CARTESIAN_POINT('',(0.00938988957930236,-0.00205715834525009,0.000381));
#12568=CARTESIAN_POINT('',(0.00923506611534429,-0.00239143358641116,0.000635));
#12569=CARTESIAN_POINT('',(0.00923506611534429,-0.00239143358641116,0.000381));
#12570=CARTESIAN_POINT('',(0.0090093217525032,-0.00252836626742541,0.000635));
#12571=CARTESIAN_POINT('',(0.0090093217525032,-0.00252836626742541,0.000381));
#12572=CARTESIAN_POINT('',(0.00877981947976935,-0.00248465718427655,0.000635));
#12573=CARTESIAN_POINT('',(0.00877981947976935,-0.00248465718427655,0.000381));
#12574=CARTESIAN_POINT('',(0.00873392706732232,-0.00233796410930813,0.000635));
#12575=CARTESIAN_POINT('',(0.00873392706732232,-0.00233796410930813,0.000381));
#12576=CARTESIAN_POINT('',(0.00871034245938063,-0.00226257694885135,0.000635));
#12577=CARTESIAN_POINT('',(0.00871034245938063,-0.00226257694885135,0.000381));
#12578=CARTESIAN_POINT('',(0.00871034245938063,-0.00226257694885135,0.000635));
#12579=CARTESIAN_POINT('',(0.00871034245938063,-0.00226257694885135,0.000635));
#12580=CARTESIAN_POINT('',(0.0100848618894815,3.85427447326947E-5,0.000635));
#12581=CARTESIAN_POINT('',(0.0100650004891769,2.8506513636008E-5,0.000635));
#12582=CARTESIAN_POINT('',(0.0100101713079567,8.0059536605079E-7,0.000635));
#12583=CARTESIAN_POINT('',(0.00979692159261133,-0.000164152049956497,0.000635));
#12584=CARTESIAN_POINT('',(0.00972600339969342,-0.000548212808495386,0.000635));
#12585=CARTESIAN_POINT('',(0.00950842996599777,-0.00120287007667183,0.000635));
#12586=CARTESIAN_POINT('',(0.00938988957930236,-0.00205715834525009,0.000635));
#12587=CARTESIAN_POINT('',(0.00923506611534429,-0.00239143358641116,0.000635));
#12588=CARTESIAN_POINT('',(0.0090093217525032,-0.00252836626742541,0.000635));
#12589=CARTESIAN_POINT('',(0.00877981947976935,-0.00248465718427655,0.000635));
#12590=CARTESIAN_POINT('',(0.00873392706732232,-0.00233796410930813,0.000635));
#12591=CARTESIAN_POINT('',(0.00871034245938063,-0.00226257694885135,0.000635));
#12592=CARTESIAN_POINT('',(0.0100848618894815,3.85427447326947E-5,0.000635));
#12593=CARTESIAN_POINT('',(0.0100848618894815,3.85427447326947E-5,0.000635));
#12594=CARTESIAN_POINT('',(0.00871034245938063,-0.00226257694885134,0.000635));
#12595=CARTESIAN_POINT('',(0.00871034245938063,-0.00226257694885134,0.000381000000000001));
#12596=CARTESIAN_POINT('',(0.00869793518564054,-0.00208975408092452,0.000635));
#12597=CARTESIAN_POINT('',(0.00869793518564054,-0.00208975408092452,0.000381000000000001));
#12598=CARTESIAN_POINT('',(0.00871481896188775,-0.00181624669035773,0.000635));
#12599=CARTESIAN_POINT('',(0.00871481896188775,-0.00181624669035773,0.000381000000000001));
#12600=CARTESIAN_POINT('',(0.00888252058964867,-0.0012900961636404,0.000635));
#12601=CARTESIAN_POINT('',(0.00888252058964867,-0.0012900961636404,0.000381000000000001));
#12602=CARTESIAN_POINT('',(0.00900372795830008,-0.000828291352521789,0.000635));
#12603=CARTESIAN_POINT('',(0.00900372795830008,-0.000828291352521789,0.000381000000000001));
#12604=CARTESIAN_POINT('',(0.00912421008931218,-0.000402932452292294,0.000635));
#12605=CARTESIAN_POINT('',(0.00912421008931218,-0.000402932452292294,0.000381000000000001));
#12606=CARTESIAN_POINT('',(0.0092447710696366,-6.58974481708078E-5,0.000635));
#12607=CARTESIAN_POINT('',(0.0092447710696366,-6.58974481708078E-5,0.000381000000000001));
#12608=CARTESIAN_POINT('',(0.00939540873742103,0.000215860326619525,0.000635));
#12609=CARTESIAN_POINT('',(0.00939540873742103,0.000215860326619525,0.000381000000000001));
#12610=CARTESIAN_POINT('',(0.00962005746814537,0.0004503457332425,0.000635));
#12611=CARTESIAN_POINT('',(0.00962005746814537,0.0004503457332425,0.000381000000000001));
#12612=CARTESIAN_POINT('',(0.00993248250728001,0.00061953136475334,0.000635));
#12613=CARTESIAN_POINT('',(0.00993248250728001,0.00061953136475334,0.000381000000000001));
#12614=CARTESIAN_POINT('',(0.0102970630398727,0.000637830297383206,0.000635));
#12615=CARTESIAN_POINT('',(0.0102970630398727,0.000637830297383206,0.000381000000000001));
#12616=CARTESIAN_POINT('',(0.0106171470649163,0.000628495058208125,0.000635));
#12617=CARTESIAN_POINT('',(0.0106171470649163,0.000628495058208125,0.000381000000000001));
#12618=CARTESIAN_POINT('',(0.0108717019506967,0.000541376724675368,0.000635));
#12619=CARTESIAN_POINT('',(0.0108717019506967,0.000541376724675368,0.000381000000000001));
#12620=CARTESIAN_POINT('',(0.0111042887533925,0.000227210725862673,0.000635));
#12621=CARTESIAN_POINT('',(0.0111042887533925,0.000227210725862673,0.000381000000000001));
#12622=CARTESIAN_POINT('',(0.0112176298522797,-8.71559546364226E-5,0.000635));
#12623=CARTESIAN_POINT('',(0.0112176298522797,-8.71559546364226E-5,0.000381000000000001));
#12624=CARTESIAN_POINT('',(0.0112654257323779,-0.00038047355889078,0.000635));
#12625=CARTESIAN_POINT('',(0.0112654257323779,-0.00038047355889078,0.000381000000000001));
#12626=CARTESIAN_POINT('',(0.0112851269562052,-0.000807115404473441,0.000635));
#12627=CARTESIAN_POINT('',(0.0112851269562052,-0.000807115404473441,0.000381000000000001));
#12628=CARTESIAN_POINT('',(0.0111630482993764,-0.00147677061463608,0.000635));
#12629=CARTESIAN_POINT('',(0.0111630482993764,-0.00147677061463608,0.000381000000000001));
#12630=CARTESIAN_POINT('',(0.0110828505553986,-0.0020809376278316,0.000635));
#12631=CARTESIAN_POINT('',(0.0110828505553986,-0.0020809376278316,0.000381000000000001));
#12632=CARTESIAN_POINT('',(0.0109496778906884,-0.00249009969807819,0.000635));
#12633=CARTESIAN_POINT('',(0.0109496778906884,-0.00249009969807819,0.000381000000000001));
#12634=CARTESIAN_POINT('',(0.010685539821825,-0.00282479798259414,0.000635));
#12635=CARTESIAN_POINT('',(0.010685539821825,-0.00282479798259414,0.000381000000000001));
#12636=CARTESIAN_POINT('',(0.0104681292015135,-0.00287394117484465,0.000635));
#12637=CARTESIAN_POINT('',(0.0104681292015135,-0.00287394117484465,0.000381000000000001));
#12638=CARTESIAN_POINT('',(0.0102558445648655,-0.00268133242894112,0.000635));
#12639=CARTESIAN_POINT('',(0.0102558445648655,-0.00268133242894112,0.000381000000000001));
#12640=CARTESIAN_POINT('',(0.0102337447534258,-0.00237502115589408,0.000635));
#12641=CARTESIAN_POINT('',(0.0102337447534258,-0.00237502115589408,0.000381000000000001));
#12642=CARTESIAN_POINT('',(0.0103634405915397,-0.00202037344624698,0.000635));
#12643=CARTESIAN_POINT('',(0.0103634405915397,-0.00202037344624698,0.000381000000000001));
#12644=CARTESIAN_POINT('',(0.0104117857600823,-0.00166869005943079,0.000635));
#12645=CARTESIAN_POINT('',(0.0104117857600823,-0.00166869005943079,0.000381000000000001));
#12646=CARTESIAN_POINT('',(0.0104786630062248,-0.00126820321787607,0.000635));
#12647=CARTESIAN_POINT('',(0.0104786630062248,-0.00126820321787607,0.000381000000000001));
#12648=CARTESIAN_POINT('',(0.0105524242224926,-0.000840922003461379,0.000635));
#12649=CARTESIAN_POINT('',(0.0105524242224926,-0.000840922003461379,0.000381000000000001));
#12650=CARTESIAN_POINT('',(0.0105467028196528,-0.000473965136255876,0.000635));
#12651=CARTESIAN_POINT('',(0.0105467028196528,-0.000473965136255876,0.000381000000000001));
#12652=CARTESIAN_POINT('',(0.010533421695876,-0.00015390739491219,0.000635));
#12653=CARTESIAN_POINT('',(0.010533421695876,-0.00015390739491219,0.000381000000000001));
#12654=CARTESIAN_POINT('',(0.0104270768821067,6.60370578086998E-5,0.000635));
#12655=CARTESIAN_POINT('',(0.0104270768821067,6.60370578086998E-5,0.000381000000000001));
#12656=CARTESIAN_POINT('',(0.0101613389699145,5.59543244689333E-5,0.000635));
#12657=CARTESIAN_POINT('',(0.0101613389699145,5.59543244689333E-5,0.000381000000000001));
#12658=CARTESIAN_POINT('',(0.0100848618894815,3.85427447326947E-5,0.000635));
#12659=CARTESIAN_POINT('',(0.0100848618894815,3.85427447326947E-5,0.000381000000000001));
#12660=CARTESIAN_POINT('',(0.00871034245938063,-0.00226257694885134,0.000635));
#12661=CARTESIAN_POINT('',(0.00870305866860771,-0.00216111988123722,0.000635));
#12662=CARTESIAN_POINT('',(0.00868581295640872,-0.00192090164279669,0.000635));
#12663=CARTESIAN_POINT('',(0.00886076800593848,-0.0013815750705249,0.000635));
#12664=CARTESIAN_POINT('',(0.00907349504313626,-0.000552249037025066,0.000635));
#12665=CARTESIAN_POINT('',(0.0092605139614936,-1.99354083830586E-6,0.000635));
#12666=CARTESIAN_POINT('',(0.00951206901743814,0.000379321453438588,0.000635));
#12667=CARTESIAN_POINT('',(0.00994908195254986,0.00065157775816849,0.000635));
#12668=CARTESIAN_POINT('',(0.0104661584240908,0.00062794184410826,0.000635));
#12669=CARTESIAN_POINT('',(0.0108343116016902,0.000604411883415265,0.000635));
#12670=CARTESIAN_POINT('',(0.0111556922819844,0.000161383373464205,0.000635));
#12671=CARTESIAN_POINT('',(0.0112524143303915,-0.000265746201739452,0.000635));
#12672=CARTESIAN_POINT('',(0.0112968209916281,-0.000728319316674398,0.000635));
#12673=CARTESIAN_POINT('',(0.0111405878439504,-0.00159736870750333,0.000635));
#12674=CARTESIAN_POINT('',(0.0110480197125287,-0.00239479145764933,0.000635));
#12675=CARTESIAN_POINT('',(0.0106394670965151,-0.00288446922493811,0.000635));
#12676=CARTESIAN_POINT('',(0.0103984589818336,-0.00282731949457338,0.000635));
#12677=CARTESIAN_POINT('',(0.0101753612687283,-0.00254628270424583,0.000635));
#12678=CARTESIAN_POINT('',(0.0103654363277599,-0.00205604830579528,0.000635));
#12679=CARTESIAN_POINT('',(0.0104315155768996,-0.00149350603611107,0.000635));
#12680=CARTESIAN_POINT('',(0.0105756501422313,-0.000779200154048723,0.000635));
#12681=CARTESIAN_POINT('',(0.0105304781724538,-0.000287730378309891,0.000635));
#12682=CARTESIAN_POINT('',(0.0104985676722573,5.87770635816923E-5,0.000635));
#12683=CARTESIAN_POINT('',(0.0101784546061306,5.98510509525431E-5,0.000635));
#12684=CARTESIAN_POINT('',(0.0100848618894815,3.85427447326947E-5,0.000635));
#12685=CARTESIAN_POINT('',(0.00131238009563302,-0.00149779486655337,0.000635));
#12686=CARTESIAN_POINT('',(1.38777878078145E-17,0.,0.));
#12687=CARTESIAN_POINT('',(1.38777878078145E-17,0.,0.));
#12688=CARTESIAN_POINT('',(0.057785,0.036536619650055,0.0219478970250468));
#12689=CARTESIAN_POINT('',(0.057785,0.0379544373001098,0.0226307362500936));
#12690=CARTESIAN_POINT('',(0.057785,0.0379544373001098,0.0226307362500936));
#12691=CARTESIAN_POINT('',(0.057785,0.036536619650055,0.0219478970250468));
#12692=CARTESIAN_POINT('',(0.057785,0.036536619650055,0.0181786026336601));
#12693=CARTESIAN_POINT('',(0.057785,0.036536619650055,0.0181786026336601));
#12694=CARTESIAN_POINT('',(0.057785,0.0379544373001099,0.0174957643725327));
#12695=CARTESIAN_POINT('',(0.057785,0.0379544373001099,0.0174957643725327));
#12696=CARTESIAN_POINT('',(0.057785,0.0379544373001098,0.0200632503113132));
#12697=CARTESIAN_POINT('',(0.057785,0.0379544373001098,0.0200632503113132));
#12698=CARTESIAN_POINT('',(0.057785,0.035785224150055,0.0200632503113132));
#12699=CARTESIAN_POINT('',(-0.057785,0.036536619650055,0.0219478970250468));
#12700=CARTESIAN_POINT('',(-0.057785,0.036536619650055,0.0219478970250468));
#12701=CARTESIAN_POINT('',(-0.057785,0.0379544373001099,0.0226307362500936));
#12702=CARTESIAN_POINT('',(-0.057785,0.0379544373001099,0.0226307362500936));
#12703=CARTESIAN_POINT('',(-0.057785,0.036536619650055,0.0181786026336601));
#12704=CARTESIAN_POINT('',(-0.057785,0.036536619650055,0.0181786026336601));
#12705=CARTESIAN_POINT('',(-0.057785,0.0379544373001099,0.0174957643725327));
#12706=CARTESIAN_POINT('',(-0.057785,0.0379544373001099,0.0174957643725327));
#12707=CARTESIAN_POINT('',(-0.057785,0.0379544373001099,0.0200632503113132));
#12708=CARTESIAN_POINT('',(-0.057785,0.0379544373001099,0.0200632503113132));
#12709=CARTESIAN_POINT('',(-0.057785,0.035785224150055,0.0200632503113132));
#12710=CARTESIAN_POINT('',(0.0782092756121069,-0.0140742756121069,0.036934902));
#12711=CARTESIAN_POINT('',(0.0688589807909199,-0.028309236911989,0.0403888827909199));
#12712=CARTESIAN_POINT('',(0.064135,5.00100461542863E-19,0.035664902));
#12713=CARTESIAN_POINT('',(-0.064135,-5.00100461542863E-19,0.035664902));
#12714=CARTESIAN_POINT('',(-0.0591084300760405,-0.0242704265652793,0.0306383320760405));
#12715=CARTESIAN_POINT('',(-0.0958305256121069,0.00354697438789313,0.036934902));
#12716=CARTESIAN_POINT('',(-0.0410609468817711,0.0371807143228199,-0.02009));
#12717=CARTESIAN_POINT('',(-0.0410609468817711,0.028823872737964,-0.02009));
#12718=CARTESIAN_POINT('',(0.0409521758556366,0.0300444793228199,-0.02009));
#12719=CARTESIAN_POINT('',(0.0409521758556366,0.028823872737964,-0.02009));
#12720=CARTESIAN_POINT('',(-5.43855130672455E-5,0.0268925018880655,-0.02009));
#12721=CARTESIAN_POINT('',(-0.0391295760318726,0.0268925018880655,-0.02009));
#12722=CARTESIAN_POINT('',(0.0390208050057381,0.0268925018880655,-0.02009));
#12723=CARTESIAN_POINT('',(0.0409521758556366,0.0300444793228199,-0.02009));
#12724=CARTESIAN_POINT('',(-0.0410609468817711,0.0371807143228199,-0.02009));
#12725=CARTESIAN_POINT('',(0.0380258415685924,0.0236784634566579,-0.02119));
#12726=CARTESIAN_POINT('',(-0.0380258415685924,0.0236784634566579,-0.02119));
#12727=CARTESIAN_POINT('',(-0.0391295760318726,0.028823872737964,-0.02009));
#12728=CARTESIAN_POINT('',(0.0390208050057381,0.028823872737964,-0.02009));
#12729=MECHANICAL_DESIGN_GEOMETRIC_PRESENTATION_REPRESENTATION('',(#5520),
#12730);
#12730=(
GEOMETRIC_REPRESENTATION_CONTEXT(3)
GLOBAL_UNCERTAINTY_ASSIGNED_CONTEXT((#12731))
GLOBAL_UNIT_ASSIGNED_CONTEXT((#12734,#12733,#12732))
REPRESENTATION_CONTEXT('Body','TOP_LEVEL_ASSEMBLY_PART')
);
#12731=UNCERTAINTY_MEASURE_WITH_UNIT(LENGTH_MEASURE(2.E-5),#12734,
'DISTANCE_ACCURACY_VALUE','Maximum Tolerance applied to model');
#12732=(
NAMED_UNIT(*)
SI_UNIT($,.STERADIAN.)
SOLID_ANGLE_UNIT()
);
#12733=(
NAMED_UNIT(*)
PLANE_ANGLE_UNIT()
SI_UNIT($,.RADIAN.)
);
#12734=(
LENGTH_UNIT()
NAMED_UNIT(*)
SI_UNIT($,.METRE.)
);
#12735=PRODUCT_DEFINITION_SHAPE('','',#12736);
#12736=PRODUCT_DEFINITION('','',#12738,#12737);
#12737=PRODUCT_DEFINITION_CONTEXT('',#12744,'design');
#12738=PRODUCT_DEFINITION_FORMATION_WITH_SPECIFIED_SOURCE('','',#12740,
 .NOT_KNOWN.);
#12739=PRODUCT_RELATED_PRODUCT_CATEGORY('','',(#12740));
#12740=PRODUCT('Body','Body','Body',(#12742));
#12741=PRODUCT_CATEGORY('','');
#12742=PRODUCT_CONTEXT('',#12744,'mechanical');
#12743=APPLICATION_PROTOCOL_DEFINITION('international standard',
'ap242_managed_model_based_3d_engineering',2020,#12744);
#12744=APPLICATION_CONTEXT('managed model based 3d engineering');
ENDSEC;
END-ISO-10303-21;
