ISO-10303-21;
HEADER;
/* Generated by software containing ST-Developer
 * from STEP Tools, Inc. (www.steptools.com) 
 */
/* OPTION: using custom renumber hook */

FILE_DESCRIPTION(
/* description */ ('STEP AP242 Edition 2',
'CAx-IF Rec.Pracs.---Representation and Presentation of Product Manufa
cturing Information (PMI)---4.0---2014-10-13',
'CAx-IF Rec.Pracs.---3D Tessellated Geometry---0.4---2014-09-14','2;1',
'CAx-IF Rec.Pracs.---User Defined Attributes---1.5---2016-08-15'),
/* implementation_level */ '2;1');

FILE_NAME(
/* name */ 'WeaponDirectDrive',
/* time_stamp */ '2026-05-18T00:08:41Z',
/* author */ (''),
/* organization */ (''),
/* preprocessor_version */ 'ST-DEVELOPER v20',
/* originating_system */ 'ONSHAPE BY PTC INC, 1.215',
/* authorisation */ '  ');

FILE_SCHEMA (('AP242_MANAGED_MODEL_BASED_3D_ENGINEERING_MIM_LF { 1 0 10303 442 3 1 4 }'));
ENDSEC;

DATA;
#10=SHAPE_REPRESENTATION_RELATIONSHIP('','',#3207,#11);
#11=ADVANCED_BREP_SHAPE_REPRESENTATION('',(#3205),#8306);
#12=ELLIPSE('',#3493,0.0127519636919182,0.009017);
#13=ELLIPSE('',#3495,0.0127519636919182,0.009017);
#14=ELLIPSE('',#3512,0.0127519636919182,0.009017);
#15=ELLIPSE('',#3513,0.0127519636919182,0.009017);
#16=ELLIPSE('',#3517,0.00289913780286484,0.00205);
#17=ELLIPSE('',#3518,0.00289913780286484,0.00205);
#18=ELLIPSE('',#3543,0.00556775879506275,0.003937);
#19=ELLIPSE('',#3544,0.00556775879506275,0.003937);
#20=ELLIPSE('',#3546,0.00556775879506288,0.003937);
#21=ELLIPSE('',#3547,0.00556775879506288,0.003937);
#22=B_SPLINE_SURFACE_WITH_KNOTS('',3,1,((#5925,#5926),(#5927,#5928),(#5929,
#5930),(#5931,#5932),(#5933,#5934),(#5935,#5936),(#5937,#5938),(#5939,#5940),
(#5941,#5942),(#5943,#5944),(#5945,#5946),(#5947,#5948)),
 .SURF_OF_LINEAR_EXTRUSION.,.F.,.F.,.F.,(4,1,1,1,1,1,1,1,1,4),(2,2),(0.040923936809108,
0.100160164417276,0.129778278221361,0.159396392025445,0.218632619633613,
0.277868847241782,0.396341302458118,0.514813757674455,0.751758668107128,
0.988703578539802),(0.,1.),.UNSPECIFIED.);
#23=B_SPLINE_SURFACE_WITH_KNOTS('',3,1,((#5988,#5989),(#5990,#5991),(#5992,
#5993),(#5994,#5995),(#5996,#5997),(#5998,#5999),(#6000,#6001),(#6002,#6003),
(#6004,#6005),(#6006,#6007),(#6008,#6009),(#6010,#6011)),
 .SURF_OF_LINEAR_EXTRUSION.,.F.,.F.,.F.,(4,1,1,1,1,1,1,1,1,4),(2,2),(0.0409239368091095,
0.100160164417278,0.129778278221362,0.159396392025446,0.218632619633614,
0.277868847241783,0.396341302458119,0.514813757674456,0.751758668107129,
0.988703578539802),(0.,1.),.UNSPECIFIED.);
#24=B_SPLINE_SURFACE_WITH_KNOTS('',3,1,((#6066,#6067),(#6068,#6069),(#6070,
#6071),(#6072,#6073),(#6074,#6075),(#6076,#6077),(#6078,#6079),(#6080,#6081),
(#6082,#6083),(#6084,#6085),(#6086,#6087),(#6088,#6089)),
 .SURF_OF_LINEAR_EXTRUSION.,.F.,.F.,.F.,(4,1,1,1,1,1,1,1,1,4),(2,2),(0.0409239368091079,
0.100160164417276,0.12977827822136,0.159396392025445,0.218632619633613,
0.277868847241781,0.396341302458118,0.514813757674455,0.751758668107128,
0.988703578539802),(0.,1.),.UNSPECIFIED.);
#25=B_SPLINE_SURFACE_WITH_KNOTS('',3,1,((#6129,#6130),(#6131,#6132),(#6133,
#6134),(#6135,#6136),(#6137,#6138),(#6139,#6140),(#6141,#6142),(#6143,#6144),
(#6145,#6146),(#6147,#6148),(#6149,#6150),(#6151,#6152)),
 .SURF_OF_LINEAR_EXTRUSION.,.F.,.F.,.F.,(4,1,1,1,1,1,1,1,1,4),(2,2),(0.0409239368091097,
0.100160164417278,0.129778278221362,0.159396392025446,0.218632619633614,
0.277868847241783,0.396341302458119,0.514813757674456,0.751758668107129,
0.988703578539802),(0.,1.),.UNSPECIFIED.);
#26=B_SPLINE_SURFACE_WITH_KNOTS('',3,1,((#6207,#6208),(#6209,#6210),(#6211,
#6212),(#6213,#6214),(#6215,#6216),(#6217,#6218),(#6219,#6220),(#6221,#6222),
(#6223,#6224),(#6225,#6226),(#6227,#6228),(#6229,#6230)),
 .SURF_OF_LINEAR_EXTRUSION.,.F.,.F.,.F.,(4,1,1,1,1,1,1,1,1,4),(2,2),(0.0409239368091084,
0.100160164417277,0.129778278221361,0.159396392025445,0.218632619633613,
0.277868847241782,0.396341302458118,0.514813757674455,0.751758668107129,
0.988703578539802),(0.,1.),.UNSPECIFIED.);
#27=B_SPLINE_SURFACE_WITH_KNOTS('',3,1,((#6270,#6271),(#6272,#6273),(#6274,
#6275),(#6276,#6277),(#6278,#6279),(#6280,#6281),(#6282,#6283),(#6284,#6285),
(#6286,#6287),(#6288,#6289),(#6290,#6291),(#6292,#6293)),
 .SURF_OF_LINEAR_EXTRUSION.,.F.,.F.,.F.,(4,1,1,1,1,1,1,1,1,4),(2,2),(0.0409239368091092,
0.100160164417278,0.129778278221362,0.159396392025446,0.218632619633614,
0.277868847241782,0.396341302458119,0.514813757674456,0.751758668107129,
0.988703578539802),(0.,1.),.UNSPECIFIED.);
#28=B_SPLINE_SURFACE_WITH_KNOTS('',3,1,((#6348,#6349),(#6350,#6351),(#6352,
#6353),(#6354,#6355),(#6356,#6357),(#6358,#6359),(#6360,#6361),(#6362,#6363),
(#6364,#6365),(#6366,#6367),(#6368,#6369),(#6370,#6371)),
 .SURF_OF_LINEAR_EXTRUSION.,.F.,.F.,.F.,(4,1,1,1,1,1,1,1,1,4),(2,2),(0.0409239368091083,
0.100160164417277,0.129778278221361,0.159396392025445,0.218632619633613,
0.277868847241782,0.396341302458118,0.514813757674455,0.751758668107129,
0.988703578539802),(0.,1.),.UNSPECIFIED.);
#29=B_SPLINE_SURFACE_WITH_KNOTS('',3,1,((#6411,#6412),(#6413,#6414),(#6415,
#6416),(#6417,#6418),(#6419,#6420),(#6421,#6422),(#6423,#6424),(#6425,#6426),
(#6427,#6428),(#6429,#6430),(#6431,#6432),(#6433,#6434)),
 .SURF_OF_LINEAR_EXTRUSION.,.F.,.F.,.F.,(4,1,1,1,1,1,1,1,1,4),(2,2),(0.0409239368091086,
0.100160164417277,0.129778278221361,0.159396392025445,0.218632619633614,
0.277868847241782,0.396341302458119,0.514813757674455,0.751758668107129,
0.988703578539802),(0.,1.),.UNSPECIFIED.);
#30=B_SPLINE_SURFACE_WITH_KNOTS('',3,1,((#6489,#6490),(#6491,#6492),(#6493,
#6494),(#6495,#6496),(#6497,#6498),(#6499,#6500),(#6501,#6502),(#6503,#6504),
(#6505,#6506),(#6507,#6508),(#6509,#6510),(#6511,#6512)),
 .SURF_OF_LINEAR_EXTRUSION.,.F.,.F.,.F.,(4,1,1,1,1,1,1,1,1,4),(2,2),(0.0409239368091082,
0.100160164417277,0.129778278221361,0.159396392025445,0.218632619633613,
0.277868847241782,0.396341302458118,0.514813757674455,0.751758668107128,
0.988703578539802),(0.,1.),.UNSPECIFIED.);
#31=B_SPLINE_SURFACE_WITH_KNOTS('',3,1,((#6552,#6553),(#6554,#6555),(#6556,
#6557),(#6558,#6559),(#6560,#6561),(#6562,#6563),(#6564,#6565),(#6566,#6567),
(#6568,#6569),(#6570,#6571),(#6572,#6573),(#6574,#6575)),
 .SURF_OF_LINEAR_EXTRUSION.,.F.,.F.,.F.,(4,1,1,1,1,1,1,1,1,4),(2,2),(0.0409239368091087,
0.100160164417277,0.129778278221361,0.159396392025445,0.218632619633614,
0.277868847241782,0.396341302458119,0.514813757674455,0.751758668107129,
0.988703578539802),(0.,1.),.UNSPECIFIED.);
#32=B_SPLINE_SURFACE_WITH_KNOTS('',3,1,((#6630,#6631),(#6632,#6633),(#6634,
#6635),(#6636,#6637),(#6638,#6639),(#6640,#6641),(#6642,#6643),(#6644,#6645),
(#6646,#6647),(#6648,#6649),(#6650,#6651),(#6652,#6653)),
 .SURF_OF_LINEAR_EXTRUSION.,.F.,.F.,.F.,(4,1,1,1,1,1,1,1,1,4),(2,2),(0.040923936809108,
0.100160164417276,0.129778278221361,0.159396392025445,0.218632619633613,
0.277868847241781,0.396341302458118,0.514813757674455,0.751758668107128,
0.988703578539802),(0.,1.),.UNSPECIFIED.);
#33=B_SPLINE_SURFACE_WITH_KNOTS('',3,1,((#6693,#6694),(#6695,#6696),(#6697,
#6698),(#6699,#6700),(#6701,#6702),(#6703,#6704),(#6705,#6706),(#6707,#6708),
(#6709,#6710),(#6711,#6712),(#6713,#6714),(#6715,#6716)),
 .SURF_OF_LINEAR_EXTRUSION.,.F.,.F.,.F.,(4,1,1,1,1,1,1,1,1,4),(2,2),(0.0409239368091086,
0.100160164417277,0.129778278221361,0.159396392025445,0.218632619633614,
0.277868847241782,0.396341302458119,0.514813757674455,0.751758668107129,
0.988703578539802),(0.,1.),.UNSPECIFIED.);
#34=B_SPLINE_SURFACE_WITH_KNOTS('',3,1,((#6771,#6772),(#6773,#6774),(#6775,
#6776),(#6777,#6778),(#6779,#6780),(#6781,#6782),(#6783,#6784),(#6785,#6786),
(#6787,#6788),(#6789,#6790),(#6791,#6792),(#6793,#6794)),
 .SURF_OF_LINEAR_EXTRUSION.,.F.,.F.,.F.,(4,1,1,1,1,1,1,1,1,4),(2,2),(0.0409239368091087,
0.100160164417277,0.129778278221361,0.159396392025445,0.218632619633614,
0.277868847241782,0.396341302458119,0.514813757674455,0.751758668107129,
0.988703578539802),(0.,1.),.UNSPECIFIED.);
#35=B_SPLINE_SURFACE_WITH_KNOTS('',3,1,((#6834,#6835),(#6836,#6837),(#6838,
#6839),(#6840,#6841),(#6842,#6843),(#6844,#6845),(#6846,#6847),(#6848,#6849),
(#6850,#6851),(#6852,#6853),(#6854,#6855),(#6856,#6857)),
 .SURF_OF_LINEAR_EXTRUSION.,.F.,.F.,.F.,(4,1,1,1,1,1,1,1,1,4),(2,2),(0.0409239368091091,
0.100160164417277,0.129778278221362,0.159396392025446,0.218632619633614,
0.277868847241782,0.396341302458119,0.514813757674456,0.751758668107129,
0.988703578539802),(0.,1.),.UNSPECIFIED.);
#36=B_SPLINE_SURFACE_WITH_KNOTS('',3,1,((#6912,#6913),(#6914,#6915),(#6916,
#6917),(#6918,#6919),(#6920,#6921),(#6922,#6923),(#6924,#6925),(#6926,#6927),
(#6928,#6929),(#6930,#6931),(#6932,#6933),(#6934,#6935)),
 .SURF_OF_LINEAR_EXTRUSION.,.F.,.F.,.F.,(4,1,1,1,1,1,1,1,1,4),(2,2),(0.0409239368091084,
0.100160164417277,0.129778278221361,0.159396392025445,0.218632619633613,
0.277868847241782,0.396341302458118,0.514813757674455,0.751758668107129,
0.988703578539802),(0.,1.),.UNSPECIFIED.);
#37=B_SPLINE_SURFACE_WITH_KNOTS('',3,1,((#6975,#6976),(#6977,#6978),(#6979,
#6980),(#6981,#6982),(#6983,#6984),(#6985,#6986),(#6987,#6988),(#6989,#6990),
(#6991,#6992),(#6993,#6994),(#6995,#6996),(#6997,#6998)),
 .SURF_OF_LINEAR_EXTRUSION.,.F.,.F.,.F.,(4,1,1,1,1,1,1,1,1,4),(2,2),(0.0409239368091097,
0.100160164417278,0.129778278221362,0.159396392025446,0.218632619633615,
0.277868847241783,0.396341302458119,0.514813757674456,0.751758668107129,
0.988703578539802),(0.,1.),.UNSPECIFIED.);
#38=B_SPLINE_SURFACE_WITH_KNOTS('',3,1,((#7053,#7054),(#7055,#7056),(#7057,
#7058),(#7059,#7060),(#7061,#7062),(#7063,#7064),(#7065,#7066),(#7067,#7068),
(#7069,#7070),(#7071,#7072),(#7073,#7074),(#7075,#7076)),
 .SURF_OF_LINEAR_EXTRUSION.,.F.,.F.,.F.,(4,1,1,1,1,1,1,1,1,4),(2,2),(0.0409239368091076,
0.100160164417276,0.12977827822136,0.159396392025444,0.218632619633613,
0.277868847241781,0.396341302458118,0.514813757674455,0.751758668107128,
0.988703578539802),(0.,1.),.UNSPECIFIED.);
#39=B_SPLINE_SURFACE_WITH_KNOTS('',3,1,((#7116,#7117),(#7118,#7119),(#7120,
#7121),(#7122,#7123),(#7124,#7125),(#7126,#7127),(#7128,#7129),(#7130,#7131),
(#7132,#7133),(#7134,#7135),(#7136,#7137),(#7138,#7139)),
 .SURF_OF_LINEAR_EXTRUSION.,.F.,.F.,.F.,(4,1,1,1,1,1,1,1,1,4),(2,2),(0.0409239368091098,
0.100160164417278,0.129778278221362,0.159396392025446,0.218632619633615,
0.277868847241783,0.396341302458119,0.514813757674456,0.751758668107129,
0.988703578539802),(0.,1.),.UNSPECIFIED.);
#40=B_SPLINE_SURFACE_WITH_KNOTS('',3,1,((#7194,#7195),(#7196,#7197),(#7198,
#7199),(#7200,#7201),(#7202,#7203),(#7204,#7205),(#7206,#7207),(#7208,#7209),
(#7210,#7211),(#7212,#7213),(#7214,#7215),(#7216,#7217)),
 .SURF_OF_LINEAR_EXTRUSION.,.F.,.F.,.F.,(4,1,1,1,1,1,1,1,1,4),(2,2),(0.0409239368091079,
0.100160164417276,0.12977827822136,0.159396392025445,0.218632619633613,
0.277868847241781,0.396341302458118,0.514813757674455,0.751758668107128,
0.988703578539802),(0.,1.),.UNSPECIFIED.);
#41=B_SPLINE_SURFACE_WITH_KNOTS('',3,1,((#7257,#7258),(#7259,#7260),(#7261,
#7262),(#7263,#7264),(#7265,#7266),(#7267,#7268),(#7269,#7270),(#7271,#7272),
(#7273,#7274),(#7275,#7276),(#7277,#7278),(#7279,#7280)),
 .SURF_OF_LINEAR_EXTRUSION.,.F.,.F.,.F.,(4,1,1,1,1,1,1,1,1,4),(2,2),(0.040923936809109,
0.100160164417277,0.129778278221361,0.159396392025446,0.218632619633614,
0.277868847241782,0.396341302458119,0.514813757674455,0.751758668107129,
0.988703578539802),(0.,1.),.UNSPECIFIED.);
#42=B_SPLINE_SURFACE_WITH_KNOTS('',3,1,((#7335,#7336),(#7337,#7338),(#7339,
#7340),(#7341,#7342),(#7343,#7344),(#7345,#7346),(#7347,#7348),(#7349,#7350),
(#7351,#7352),(#7353,#7354),(#7355,#7356),(#7357,#7358)),
 .SURF_OF_LINEAR_EXTRUSION.,.F.,.F.,.F.,(4,1,1,1,1,1,1,1,1,4),(2,2),(0.0409239368091081,
0.100160164417276,0.129778278221361,0.159396392025445,0.218632619633613,
0.277868847241782,0.396341302458118,0.514813757674455,0.751758668107128,
0.988703578539802),(0.,1.),.UNSPECIFIED.);
#43=B_SPLINE_SURFACE_WITH_KNOTS('',3,1,((#7398,#7399),(#7400,#7401),(#7402,
#7403),(#7404,#7405),(#7406,#7407),(#7408,#7409),(#7410,#7411),(#7412,#7413),
(#7414,#7415),(#7416,#7417),(#7418,#7419),(#7420,#7421)),
 .SURF_OF_LINEAR_EXTRUSION.,.F.,.F.,.F.,(4,1,1,1,1,1,1,1,1,4),(2,2),(0.0409239368091096,
0.100160164417278,0.129778278221362,0.159396392025446,0.218632619633614,
0.277868847241783,0.396341302458119,0.514813757674456,0.751758668107129,
0.988703578539802),(0.,1.),.UNSPECIFIED.);
#44=B_SPLINE_SURFACE_WITH_KNOTS('',3,1,((#7476,#7477),(#7478,#7479),(#7480,
#7481),(#7482,#7483),(#7484,#7485),(#7486,#7487),(#7488,#7489),(#7490,#7491),
(#7492,#7493),(#7494,#7495),(#7496,#7497),(#7498,#7499)),
 .SURF_OF_LINEAR_EXTRUSION.,.F.,.F.,.F.,(4,1,1,1,1,1,1,1,1,4),(2,2),(0.0409239368091081,
0.100160164417276,0.129778278221361,0.159396392025445,0.218632619633613,
0.277868847241782,0.396341302458118,0.514813757674455,0.751758668107128,
0.988703578539802),(0.,1.),.UNSPECIFIED.);
#45=B_SPLINE_SURFACE_WITH_KNOTS('',3,1,((#7539,#7540),(#7541,#7542),(#7543,
#7544),(#7545,#7546),(#7547,#7548),(#7549,#7550),(#7551,#7552),(#7553,#7554),
(#7555,#7556),(#7557,#7558),(#7559,#7560),(#7561,#7562)),
 .SURF_OF_LINEAR_EXTRUSION.,.F.,.F.,.F.,(4,1,1,1,1,1,1,1,1,4),(2,2),(0.0409239368091094,
0.100160164417278,0.129778278221362,0.159396392025446,0.218632619633614,
0.277868847241783,0.396341302458119,0.514813757674456,0.751758668107129,
0.988703578539802),(0.,1.),.UNSPECIFIED.);
#46=B_SPLINE_SURFACE_WITH_KNOTS('',3,1,((#7617,#7618),(#7619,#7620),(#7621,
#7622),(#7623,#7624),(#7625,#7626),(#7627,#7628),(#7629,#7630),(#7631,#7632),
(#7633,#7634),(#7635,#7636),(#7637,#7638),(#7639,#7640)),
 .SURF_OF_LINEAR_EXTRUSION.,.F.,.F.,.F.,(4,1,1,1,1,1,1,1,1,4),(2,2),(0.0409239368091087,
0.100160164417277,0.129778278221361,0.159396392025445,0.218632619633614,
0.277868847241782,0.396341302458119,0.514813757674455,0.751758668107129,
0.988703578539802),(0.,1.),.UNSPECIFIED.);
#47=B_SPLINE_SURFACE_WITH_KNOTS('',3,1,((#7680,#7681),(#7682,#7683),(#7684,
#7685),(#7686,#7687),(#7688,#7689),(#7690,#7691),(#7692,#7693),(#7694,#7695),
(#7696,#7697),(#7698,#7699),(#7700,#7701),(#7702,#7703)),
 .SURF_OF_LINEAR_EXTRUSION.,.F.,.F.,.F.,(4,1,1,1,1,1,1,1,1,4),(2,2),(0.0409239368091091,
0.100160164417277,0.129778278221362,0.159396392025446,0.218632619633614,
0.277868847241782,0.396341302458119,0.514813757674456,0.751758668107129,
0.988703578539802),(0.,1.),.UNSPECIFIED.);
#48=B_SPLINE_SURFACE_WITH_KNOTS('',3,1,((#7758,#7759),(#7760,#7761),(#7762,
#7763),(#7764,#7765),(#7766,#7767),(#7768,#7769),(#7770,#7771),(#7772,#7773),
(#7774,#7775),(#7776,#7777),(#7778,#7779),(#7780,#7781)),
 .SURF_OF_LINEAR_EXTRUSION.,.F.,.F.,.F.,(4,1,1,1,1,1,1,1,1,4),(2,2),(0.0409239368091076,
0.100160164417276,0.12977827822136,0.159396392025444,0.218632619633613,
0.277868847241781,0.396341302458118,0.514813757674455,0.751758668107128,
0.988703578539802),(0.,1.),.UNSPECIFIED.);
#49=B_SPLINE_SURFACE_WITH_KNOTS('',3,1,((#7821,#7822),(#7823,#7824),(#7825,
#7826),(#7827,#7828),(#7829,#7830),(#7831,#7832),(#7833,#7834),(#7835,#7836),
(#7837,#7838),(#7839,#7840),(#7841,#7842),(#7843,#7844)),
 .SURF_OF_LINEAR_EXTRUSION.,.F.,.F.,.F.,(4,1,1,1,1,1,1,1,1,4),(2,2),(0.0409239368091096,
0.100160164417278,0.129778278221362,0.159396392025446,0.218632619633614,
0.277868847241783,0.396341302458119,0.514813757674456,0.751758668107129,
0.988703578539802),(0.,1.),.UNSPECIFIED.);
#50=B_SPLINE_SURFACE_WITH_KNOTS('',3,1,((#7899,#7900),(#7901,#7902),(#7903,
#7904),(#7905,#7906),(#7907,#7908),(#7909,#7910),(#7911,#7912),(#7913,#7914),
(#7915,#7916),(#7917,#7918),(#7919,#7920),(#7921,#7922)),
 .SURF_OF_LINEAR_EXTRUSION.,.F.,.F.,.F.,(4,1,1,1,1,1,1,1,1,4),(2,2),(0.0409239368091086,
0.100160164417277,0.129778278221361,0.159396392025445,0.218632619633614,
0.277868847241782,0.396341302458119,0.514813757674455,0.751758668107129,
0.988703578539802),(0.,1.),.UNSPECIFIED.);
#51=B_SPLINE_SURFACE_WITH_KNOTS('',3,1,((#7962,#7963),(#7964,#7965),(#7966,
#7967),(#7968,#7969),(#7970,#7971),(#7972,#7973),(#7974,#7975),(#7976,#7977),
(#7978,#7979),(#7980,#7981),(#7982,#7983),(#7984,#7985)),
 .SURF_OF_LINEAR_EXTRUSION.,.F.,.F.,.F.,(4,1,1,1,1,1,1,1,1,4),(2,2),(0.0409239368091098,
0.100160164417278,0.129778278221362,0.159396392025446,0.218632619633615,
0.277868847241783,0.396341302458119,0.514813757674456,0.751758668107129,
0.988703578539802),(0.,1.),.UNSPECIFIED.);
#52=CYLINDRICAL_SURFACE('',#3292,0.006477);
#53=CYLINDRICAL_SURFACE('',#3294,0.006477);
#54=CYLINDRICAL_SURFACE('',#3296,0.006477);
#55=CYLINDRICAL_SURFACE('',#3298,0.006477);
#56=CYLINDRICAL_SURFACE('',#3300,0.006477);
#57=CYLINDRICAL_SURFACE('',#3302,0.006477);
#58=CYLINDRICAL_SURFACE('',#3304,0.006477);
#59=CYLINDRICAL_SURFACE('',#3306,0.006477);
#60=CYLINDRICAL_SURFACE('',#3308,0.006477);
#61=CYLINDRICAL_SURFACE('',#3310,0.006477);
#62=CYLINDRICAL_SURFACE('',#3312,0.006477);
#63=CYLINDRICAL_SURFACE('',#3314,0.006477);
#64=CYLINDRICAL_SURFACE('',#3316,0.006477);
#65=CYLINDRICAL_SURFACE('',#3318,0.006477);
#66=CYLINDRICAL_SURFACE('',#3320,0.006477);
#67=CYLINDRICAL_SURFACE('',#3322,0.0047625);
#68=CYLINDRICAL_SURFACE('',#3325,0.000312702252798496);
#69=CYLINDRICAL_SURFACE('',#3328,0.000312702252798496);
#70=CYLINDRICAL_SURFACE('',#3331,0.0047625);
#71=CYLINDRICAL_SURFACE('',#3334,0.000312702252798496);
#72=CYLINDRICAL_SURFACE('',#3337,0.000312702252798496);
#73=CYLINDRICAL_SURFACE('',#3340,0.0047625);
#74=CYLINDRICAL_SURFACE('',#3343,0.000312702252798496);
#75=CYLINDRICAL_SURFACE('',#3346,0.000312702252798496);
#76=CYLINDRICAL_SURFACE('',#3349,0.0047625);
#77=CYLINDRICAL_SURFACE('',#3352,0.000312702252798496);
#78=CYLINDRICAL_SURFACE('',#3355,0.000312702252798496);
#79=CYLINDRICAL_SURFACE('',#3358,0.0047625);
#80=CYLINDRICAL_SURFACE('',#3361,0.000312702252798496);
#81=CYLINDRICAL_SURFACE('',#3364,0.000312702252798496);
#82=CYLINDRICAL_SURFACE('',#3367,0.0047625);
#83=CYLINDRICAL_SURFACE('',#3370,0.000312702252798496);
#84=CYLINDRICAL_SURFACE('',#3373,0.000312702252798496);
#85=CYLINDRICAL_SURFACE('',#3376,0.0047625);
#86=CYLINDRICAL_SURFACE('',#3379,0.000312702252798496);
#87=CYLINDRICAL_SURFACE('',#3382,0.000312702252798496);
#88=CYLINDRICAL_SURFACE('',#3385,0.0047625);
#89=CYLINDRICAL_SURFACE('',#3388,0.000312702252798496);
#90=CYLINDRICAL_SURFACE('',#3391,0.000312702252798496);
#91=CYLINDRICAL_SURFACE('',#3394,0.0047625);
#92=CYLINDRICAL_SURFACE('',#3397,0.000312702252798496);
#93=CYLINDRICAL_SURFACE('',#3400,0.000312702252798496);
#94=CYLINDRICAL_SURFACE('',#3403,0.0047625);
#95=CYLINDRICAL_SURFACE('',#3406,0.000312702252798496);
#96=CYLINDRICAL_SURFACE('',#3409,0.000312702252798496);
#97=CYLINDRICAL_SURFACE('',#3412,0.0047625);
#98=CYLINDRICAL_SURFACE('',#3415,0.000312702252798496);
#99=CYLINDRICAL_SURFACE('',#3418,0.000312702252798496);
#100=CYLINDRICAL_SURFACE('',#3421,0.0047625);
#101=CYLINDRICAL_SURFACE('',#3424,0.000312702252798496);
#102=CYLINDRICAL_SURFACE('',#3427,0.000312702252798496);
#103=CYLINDRICAL_SURFACE('',#3430,0.0047625);
#104=CYLINDRICAL_SURFACE('',#3433,0.000312702252798496);
#105=CYLINDRICAL_SURFACE('',#3436,0.000312702252798496);
#106=CYLINDRICAL_SURFACE('',#3439,0.0047625);
#107=CYLINDRICAL_SURFACE('',#3442,0.000312702252798496);
#108=CYLINDRICAL_SURFACE('',#3445,0.000312702252798496);
#109=CYLINDRICAL_SURFACE('',#3448,0.0047625);
#110=CYLINDRICAL_SURFACE('',#3451,0.000312702252798496);
#111=CYLINDRICAL_SURFACE('',#3454,0.000312702252798496);
#112=CYLINDRICAL_SURFACE('',#3485,0.005017);
#113=CYLINDRICAL_SURFACE('',#3491,0.009017);
#114=CYLINDRICAL_SURFACE('',#3510,0.009017);
#115=CYLINDRICAL_SURFACE('',#3516,0.00205);
#116=CYLINDRICAL_SURFACE('',#3556,0.003937);
#117=B_SPLINE_CURVE_WITH_KNOTS('',3,(#4566,#4567,#4568,#4569,#4570,#4571,
#4572,#4573,#4574,#4575,#4576,#4577,#4578,#4579,#4580,#4581,#4582,#4583,
#4584,#4585,#4586,#4587,#4588,#4589,#4590,#4591,#4592,#4593,#4594,#4595,
#4596,#4597,#4598,#4599,#4600,#4601,#4602),.UNSPECIFIED.,.F.,.F.,(4,1,1,
1,1,1,1,1,1,1,1,1,1,1,1,1,1,1,1,1,1,1,1,1,1,1,1,1,1,1,1,1,1,1,4),(0.,0.113487938645312,
0.121743445089471,0.132401255975108,0.145011747191338,0.159310699871886,
0.175118786671481,0.192303988722986,0.21076385685115,0.230415887111965,
0.251191783137003,0.273033793531268,0.295892248872636,0.31972383596219,
0.344490347744952,0.370157752534217,0.396695484754358,0.42407589370298,
0.452273807757534,0.48126618468468,0.511031827341332,0.541551149838043,
0.572805983201346,0.604779412349468,0.6374556381784,0.670819859994088,0.704858174586883,
0.739557489036558,0.77490544493564,0.810890352177645,0.84750113081172,0.884727259742564,
0.922558731273061,0.960986010660936,0.988703578539802),.UNSPECIFIED.);
#118=B_SPLINE_CURVE_WITH_KNOTS('',3,(#4606,#4607,#4608,#4609,#4610,#4611,
#4612,#4613,#4614,#4615,#4616,#4617,#4618,#4619,#4620,#4621,#4622,#4623,
#4624,#4625,#4626,#4627,#4628,#4629,#4630,#4631,#4632,#4633,#4634,#4635,
#4636,#4637,#4638,#4639,#4640,#4641,#4642),.UNSPECIFIED.,.F.,.F.,(4,1,1,
1,1,1,1,1,1,1,1,1,1,1,1,1,1,1,1,1,1,1,1,1,1,1,1,1,1,1,1,1,1,1,4),(0.,0.113487938645312,
0.121743445089471,0.132401255975108,0.145011747191338,0.159310699871886,
0.175118786671481,0.192303988722986,0.21076385685115,0.230415887111965,
0.251191783137003,0.273033793531268,0.295892248872636,0.31972383596219,
0.344490347744952,0.370157752534217,0.396695484754358,0.42407589370298,
0.452273807757534,0.48126618468468,0.511031827341332,0.541551149838043,
0.572805983201346,0.604779412349468,0.6374556381784,0.670819859994088,0.704858174586883,
0.739557489036558,0.77490544493564,0.810890352177645,0.84750113081172,0.884727259742564,
0.922558731273061,0.960986010660936,0.988703578539802),.UNSPECIFIED.);
#119=B_SPLINE_CURVE_WITH_KNOTS('',3,(#4651,#4652,#4653,#4654,#4655,#4656,
#4657,#4658,#4659,#4660,#4661,#4662,#4663,#4664,#4665,#4666,#4667,#4668,
#4669,#4670,#4671,#4672,#4673,#4674,#4675,#4676,#4677,#4678,#4679,#4680,
#4681,#4682,#4683,#4684,#4685,#4686,#4687),.UNSPECIFIED.,.F.,.F.,(4,1,1,
1,1,1,1,1,1,1,1,1,1,1,1,1,1,1,1,1,1,1,1,1,1,1,1,1,1,1,1,1,1,1,4),(0.,0.113487938645312,
0.121743445089471,0.132401255975108,0.145011747191338,0.159310699871886,
0.175118786671481,0.192303988722986,0.21076385685115,0.230415887111965,
0.251191783137003,0.273033793531268,0.295892248872636,0.31972383596219,
0.344490347744952,0.370157752534217,0.396695484754358,0.42407589370298,
0.452273807757534,0.48126618468468,0.511031827341332,0.541551149838043,
0.572805983201346,0.604779412349468,0.6374556381784,0.670819859994088,0.704858174586883,
0.739557489036558,0.77490544493564,0.810890352177645,0.84750113081172,0.884727259742564,
0.922558731273061,0.960986010660936,0.988703578539802),.UNSPECIFIED.);
#120=B_SPLINE_CURVE_WITH_KNOTS('',3,(#4691,#4692,#4693,#4694,#4695,#4696,
#4697,#4698,#4699,#4700,#4701,#4702,#4703,#4704,#4705,#4706,#4707,#4708,
#4709,#4710,#4711,#4712,#4713,#4714,#4715,#4716,#4717,#4718,#4719,#4720,
#4721,#4722,#4723,#4724,#4725,#4726,#4727),.UNSPECIFIED.,.F.,.F.,(4,1,1,
1,1,1,1,1,1,1,1,1,1,1,1,1,1,1,1,1,1,1,1,1,1,1,1,1,1,1,1,1,1,1,4),(0.,0.113487938645312,
0.121743445089471,0.132401255975108,0.145011747191338,0.159310699871886,
0.175118786671481,0.192303988722986,0.21076385685115,0.230415887111965,
0.251191783137003,0.273033793531268,0.295892248872636,0.31972383596219,
0.344490347744952,0.370157752534217,0.396695484754358,0.42407589370298,
0.452273807757534,0.48126618468468,0.511031827341332,0.541551149838043,
0.572805983201346,0.604779412349468,0.6374556381784,0.670819859994088,0.704858174586883,
0.739557489036558,0.77490544493564,0.810890352177645,0.84750113081172,0.884727259742564,
0.922558731273061,0.960986010660936,0.988703578539802),.UNSPECIFIED.);
#121=B_SPLINE_CURVE_WITH_KNOTS('',3,(#4736,#4737,#4738,#4739,#4740,#4741,
#4742,#4743,#4744,#4745,#4746,#4747,#4748,#4749,#4750,#4751,#4752,#4753,
#4754,#4755,#4756,#4757,#4758,#4759,#4760,#4761,#4762,#4763,#4764,#4765,
#4766,#4767,#4768,#4769,#4770,#4771,#4772),.UNSPECIFIED.,.F.,.F.,(4,1,1,
1,1,1,1,1,1,1,1,1,1,1,1,1,1,1,1,1,1,1,1,1,1,1,1,1,1,1,1,1,1,1,4),(0.,0.113487938645312,
0.121743445089471,0.132401255975108,0.145011747191338,0.159310699871886,
0.175118786671481,0.192303988722986,0.21076385685115,0.230415887111965,
0.251191783137003,0.273033793531268,0.295892248872636,0.31972383596219,
0.344490347744952,0.370157752534217,0.396695484754358,0.42407589370298,
0.452273807757534,0.48126618468468,0.511031827341332,0.541551149838043,
0.572805983201346,0.604779412349468,0.6374556381784,0.670819859994088,0.704858174586883,
0.739557489036558,0.77490544493564,0.810890352177645,0.84750113081172,0.884727259742564,
0.922558731273061,0.960986010660936,0.988703578539802),.UNSPECIFIED.);
#122=B_SPLINE_CURVE_WITH_KNOTS('',3,(#4776,#4777,#4778,#4779,#4780,#4781,
#4782,#4783,#4784,#4785,#4786,#4787,#4788,#4789,#4790,#4791,#4792,#4793,
#4794,#4795,#4796,#4797,#4798,#4799,#4800,#4801,#4802,#4803,#4804,#4805,
#4806,#4807,#4808,#4809,#4810,#4811,#4812),.UNSPECIFIED.,.F.,.F.,(4,1,1,
1,1,1,1,1,1,1,1,1,1,1,1,1,1,1,1,1,1,1,1,1,1,1,1,1,1,1,1,1,1,1,4),(0.,0.113487938645312,
0.121743445089471,0.132401255975108,0.145011747191338,0.159310699871886,
0.175118786671481,0.192303988722986,0.21076385685115,0.230415887111965,
0.251191783137003,0.273033793531268,0.295892248872636,0.31972383596219,
0.344490347744952,0.370157752534217,0.396695484754358,0.42407589370298,
0.452273807757534,0.48126618468468,0.511031827341332,0.541551149838043,
0.572805983201346,0.604779412349468,0.6374556381784,0.670819859994088,0.704858174586883,
0.739557489036558,0.77490544493564,0.810890352177645,0.84750113081172,0.884727259742564,
0.922558731273061,0.960986010660936,0.988703578539802),.UNSPECIFIED.);
#123=B_SPLINE_CURVE_WITH_KNOTS('',3,(#4821,#4822,#4823,#4824,#4825,#4826,
#4827,#4828,#4829,#4830,#4831,#4832,#4833,#4834,#4835,#4836,#4837,#4838,
#4839,#4840,#4841,#4842,#4843,#4844,#4845,#4846,#4847,#4848,#4849,#4850,
#4851,#4852,#4853,#4854,#4855,#4856,#4857),.UNSPECIFIED.,.F.,.F.,(4,1,1,
1,1,1,1,1,1,1,1,1,1,1,1,1,1,1,1,1,1,1,1,1,1,1,1,1,1,1,1,1,1,1,4),(0.,0.113487938645312,
0.121743445089471,0.132401255975108,0.145011747191338,0.159310699871886,
0.175118786671481,0.192303988722986,0.21076385685115,0.230415887111965,
0.251191783137003,0.273033793531268,0.295892248872636,0.31972383596219,
0.344490347744952,0.370157752534217,0.396695484754358,0.42407589370298,
0.452273807757534,0.48126618468468,0.511031827341332,0.541551149838043,
0.572805983201346,0.604779412349468,0.6374556381784,0.670819859994088,0.704858174586883,
0.739557489036558,0.77490544493564,0.810890352177645,0.84750113081172,0.884727259742564,
0.922558731273061,0.960986010660936,0.988703578539802),.UNSPECIFIED.);
#124=B_SPLINE_CURVE_WITH_KNOTS('',3,(#4861,#4862,#4863,#4864,#4865,#4866,
#4867,#4868,#4869,#4870,#4871,#4872,#4873,#4874,#4875,#4876,#4877,#4878,
#4879,#4880,#4881,#4882,#4883,#4884,#4885,#4886,#4887,#4888,#4889,#4890,
#4891,#4892,#4893,#4894,#4895,#4896,#4897),.UNSPECIFIED.,.F.,.F.,(4,1,1,
1,1,1,1,1,1,1,1,1,1,1,1,1,1,1,1,1,1,1,1,1,1,1,1,1,1,1,1,1,1,1,4),(0.,0.113487938645312,
0.121743445089471,0.132401255975108,0.145011747191338,0.159310699871886,
0.175118786671481,0.192303988722986,0.21076385685115,0.230415887111965,
0.251191783137003,0.273033793531268,0.295892248872636,0.31972383596219,
0.344490347744952,0.370157752534217,0.396695484754358,0.42407589370298,
0.452273807757534,0.48126618468468,0.511031827341332,0.541551149838043,
0.572805983201346,0.604779412349468,0.6374556381784,0.670819859994088,0.704858174586883,
0.739557489036558,0.77490544493564,0.810890352177645,0.84750113081172,0.884727259742564,
0.922558731273061,0.960986010660936,0.988703578539802),.UNSPECIFIED.);
#125=B_SPLINE_CURVE_WITH_KNOTS('',3,(#4906,#4907,#4908,#4909,#4910,#4911,
#4912,#4913,#4914,#4915,#4916,#4917,#4918,#4919,#4920,#4921,#4922,#4923,
#4924,#4925,#4926,#4927,#4928,#4929,#4930,#4931,#4932,#4933,#4934,#4935,
#4936,#4937,#4938,#4939,#4940,#4941,#4942),.UNSPECIFIED.,.F.,.F.,(4,1,1,
1,1,1,1,1,1,1,1,1,1,1,1,1,1,1,1,1,1,1,1,1,1,1,1,1,1,1,1,1,1,1,4),(0.,0.113487938645312,
0.121743445089471,0.132401255975108,0.145011747191338,0.159310699871886,
0.175118786671481,0.192303988722986,0.21076385685115,0.230415887111965,
0.251191783137003,0.273033793531268,0.295892248872636,0.31972383596219,
0.344490347744952,0.370157752534217,0.396695484754358,0.42407589370298,
0.452273807757534,0.48126618468468,0.511031827341332,0.541551149838043,
0.572805983201346,0.604779412349468,0.6374556381784,0.670819859994088,0.704858174586883,
0.739557489036558,0.77490544493564,0.810890352177645,0.84750113081172,0.884727259742564,
0.922558731273061,0.960986010660936,0.988703578539802),.UNSPECIFIED.);
#126=B_SPLINE_CURVE_WITH_KNOTS('',3,(#4946,#4947,#4948,#4949,#4950,#4951,
#4952,#4953,#4954,#4955,#4956,#4957,#4958,#4959,#4960,#4961,#4962,#4963,
#4964,#4965,#4966,#4967,#4968,#4969,#4970,#4971,#4972,#4973,#4974,#4975,
#4976,#4977,#4978,#4979,#4980,#4981,#4982),.UNSPECIFIED.,.F.,.F.,(4,1,1,
1,1,1,1,1,1,1,1,1,1,1,1,1,1,1,1,1,1,1,1,1,1,1,1,1,1,1,1,1,1,1,4),(0.,0.113487938645312,
0.121743445089471,0.132401255975108,0.145011747191338,0.159310699871886,
0.175118786671481,0.192303988722986,0.21076385685115,0.230415887111965,
0.251191783137003,0.273033793531268,0.295892248872636,0.31972383596219,
0.344490347744952,0.370157752534217,0.396695484754358,0.42407589370298,
0.452273807757534,0.48126618468468,0.511031827341332,0.541551149838043,
0.572805983201346,0.604779412349468,0.6374556381784,0.670819859994088,0.704858174586883,
0.739557489036558,0.77490544493564,0.810890352177645,0.84750113081172,0.884727259742564,
0.922558731273061,0.960986010660936,0.988703578539802),.UNSPECIFIED.);
#127=B_SPLINE_CURVE_WITH_KNOTS('',3,(#4991,#4992,#4993,#4994,#4995,#4996,
#4997,#4998,#4999,#5000,#5001,#5002,#5003,#5004,#5005,#5006,#5007,#5008,
#5009,#5010,#5011,#5012,#5013,#5014,#5015,#5016,#5017,#5018,#5019,#5020,
#5021,#5022,#5023,#5024,#5025,#5026,#5027),.UNSPECIFIED.,.F.,.F.,(4,1,1,
1,1,1,1,1,1,1,1,1,1,1,1,1,1,1,1,1,1,1,1,1,1,1,1,1,1,1,1,1,1,1,4),(0.,0.113487938645312,
0.121743445089471,0.132401255975108,0.145011747191338,0.159310699871886,
0.175118786671481,0.192303988722986,0.21076385685115,0.230415887111965,
0.251191783137003,0.273033793531268,0.295892248872636,0.31972383596219,
0.344490347744952,0.370157752534217,0.396695484754358,0.42407589370298,
0.452273807757534,0.48126618468468,0.511031827341332,0.541551149838043,
0.572805983201346,0.604779412349468,0.6374556381784,0.670819859994088,0.704858174586883,
0.739557489036558,0.77490544493564,0.810890352177645,0.84750113081172,0.884727259742564,
0.922558731273061,0.960986010660936,0.988703578539802),.UNSPECIFIED.);
#128=B_SPLINE_CURVE_WITH_KNOTS('',3,(#5031,#5032,#5033,#5034,#5035,#5036,
#5037,#5038,#5039,#5040,#5041,#5042,#5043,#5044,#5045,#5046,#5047,#5048,
#5049,#5050,#5051,#5052,#5053,#5054,#5055,#5056,#5057,#5058,#5059,#5060,
#5061,#5062,#5063,#5064,#5065,#5066,#5067),.UNSPECIFIED.,.F.,.F.,(4,1,1,
1,1,1,1,1,1,1,1,1,1,1,1,1,1,1,1,1,1,1,1,1,1,1,1,1,1,1,1,1,1,1,4),(0.,0.113487938645312,
0.121743445089471,0.132401255975108,0.145011747191338,0.159310699871886,
0.175118786671481,0.192303988722986,0.21076385685115,0.230415887111965,
0.251191783137003,0.273033793531268,0.295892248872636,0.31972383596219,
0.344490347744952,0.370157752534217,0.396695484754358,0.42407589370298,
0.452273807757534,0.48126618468468,0.511031827341332,0.541551149838043,
0.572805983201346,0.604779412349468,0.6374556381784,0.670819859994088,0.704858174586883,
0.739557489036558,0.77490544493564,0.810890352177645,0.84750113081172,0.884727259742564,
0.922558731273061,0.960986010660936,0.988703578539802),.UNSPECIFIED.);
#129=B_SPLINE_CURVE_WITH_KNOTS('',3,(#5076,#5077,#5078,#5079,#5080,#5081,
#5082,#5083,#5084,#5085,#5086,#5087,#5088,#5089,#5090,#5091,#5092,#5093,
#5094,#5095,#5096,#5097,#5098,#5099,#5100,#5101,#5102,#5103,#5104,#5105,
#5106,#5107,#5108,#5109,#5110,#5111,#5112),.UNSPECIFIED.,.F.,.F.,(4,1,1,
1,1,1,1,1,1,1,1,1,1,1,1,1,1,1,1,1,1,1,1,1,1,1,1,1,1,1,1,1,1,1,4),(0.,0.113487938645312,
0.121743445089471,0.132401255975108,0.145011747191338,0.159310699871886,
0.175118786671481,0.192303988722986,0.21076385685115,0.230415887111965,
0.251191783137003,0.273033793531268,0.295892248872636,0.31972383596219,
0.344490347744952,0.370157752534217,0.396695484754358,0.42407589370298,
0.452273807757534,0.48126618468468,0.511031827341332,0.541551149838043,
0.572805983201346,0.604779412349468,0.6374556381784,0.670819859994088,0.704858174586883,
0.739557489036558,0.77490544493564,0.810890352177645,0.84750113081172,0.884727259742564,
0.922558731273061,0.960986010660936,0.988703578539802),.UNSPECIFIED.);
#130=B_SPLINE_CURVE_WITH_KNOTS('',3,(#5116,#5117,#5118,#5119,#5120,#5121,
#5122,#5123,#5124,#5125,#5126,#5127,#5128,#5129,#5130,#5131,#5132,#5133,
#5134,#5135,#5136,#5137,#5138,#5139,#5140,#5141,#5142,#5143,#5144,#5145,
#5146,#5147,#5148,#5149,#5150,#5151,#5152),.UNSPECIFIED.,.F.,.F.,(4,1,1,
1,1,1,1,1,1,1,1,1,1,1,1,1,1,1,1,1,1,1,1,1,1,1,1,1,1,1,1,1,1,1,4),(0.,0.113487938645312,
0.121743445089471,0.132401255975108,0.145011747191338,0.159310699871886,
0.175118786671481,0.192303988722986,0.21076385685115,0.230415887111965,
0.251191783137003,0.273033793531268,0.295892248872636,0.31972383596219,
0.344490347744952,0.370157752534217,0.396695484754358,0.42407589370298,
0.452273807757534,0.48126618468468,0.511031827341332,0.541551149838043,
0.572805983201346,0.604779412349468,0.6374556381784,0.670819859994088,0.704858174586883,
0.739557489036558,0.77490544493564,0.810890352177645,0.84750113081172,0.884727259742564,
0.922558731273061,0.960986010660936,0.988703578539802),.UNSPECIFIED.);
#131=B_SPLINE_CURVE_WITH_KNOTS('',3,(#5161,#5162,#5163,#5164,#5165,#5166,
#5167,#5168,#5169,#5170,#5171,#5172,#5173,#5174,#5175,#5176,#5177,#5178,
#5179,#5180,#5181,#5182,#5183,#5184,#5185,#5186,#5187,#5188,#5189,#5190,
#5191,#5192,#5193,#5194,#5195,#5196,#5197),.UNSPECIFIED.,.F.,.F.,(4,1,1,
1,1,1,1,1,1,1,1,1,1,1,1,1,1,1,1,1,1,1,1,1,1,1,1,1,1,1,1,1,1,1,4),(0.,0.113487938645312,
0.121743445089471,0.132401255975108,0.145011747191338,0.159310699871886,
0.175118786671481,0.192303988722986,0.21076385685115,0.230415887111965,
0.251191783137003,0.273033793531268,0.295892248872636,0.31972383596219,
0.344490347744952,0.370157752534217,0.396695484754358,0.42407589370298,
0.452273807757534,0.48126618468468,0.511031827341332,0.541551149838043,
0.572805983201346,0.604779412349468,0.6374556381784,0.670819859994088,0.704858174586883,
0.739557489036558,0.77490544493564,0.810890352177645,0.84750113081172,0.884727259742564,
0.922558731273061,0.960986010660936,0.988703578539802),.UNSPECIFIED.);
#132=B_SPLINE_CURVE_WITH_KNOTS('',3,(#5201,#5202,#5203,#5204,#5205,#5206,
#5207,#5208,#5209,#5210,#5211,#5212,#5213,#5214,#5215,#5216,#5217,#5218,
#5219,#5220,#5221,#5222,#5223,#5224,#5225,#5226,#5227,#5228,#5229,#5230,
#5231,#5232,#5233,#5234,#5235,#5236,#5237),.UNSPECIFIED.,.F.,.F.,(4,1,1,
1,1,1,1,1,1,1,1,1,1,1,1,1,1,1,1,1,1,1,1,1,1,1,1,1,1,1,1,1,1,1,4),(0.,0.113487938645312,
0.121743445089471,0.132401255975108,0.145011747191338,0.159310699871886,
0.175118786671481,0.192303988722986,0.21076385685115,0.230415887111965,
0.251191783137003,0.273033793531268,0.295892248872636,0.31972383596219,
0.344490347744952,0.370157752534217,0.396695484754358,0.42407589370298,
0.452273807757534,0.48126618468468,0.511031827341332,0.541551149838043,
0.572805983201346,0.604779412349468,0.6374556381784,0.670819859994088,0.704858174586883,
0.739557489036558,0.77490544493564,0.810890352177645,0.84750113081172,0.884727259742564,
0.922558731273061,0.960986010660936,0.988703578539802),.UNSPECIFIED.);
#133=B_SPLINE_CURVE_WITH_KNOTS('',3,(#5246,#5247,#5248,#5249,#5250,#5251,
#5252,#5253,#5254,#5255,#5256,#5257,#5258,#5259,#5260,#5261,#5262,#5263,
#5264,#5265,#5266,#5267,#5268,#5269,#5270,#5271,#5272,#5273,#5274,#5275,
#5276,#5277,#5278,#5279,#5280,#5281,#5282),.UNSPECIFIED.,.F.,.F.,(4,1,1,
1,1,1,1,1,1,1,1,1,1,1,1,1,1,1,1,1,1,1,1,1,1,1,1,1,1,1,1,1,1,1,4),(0.,0.113487938645312,
0.121743445089471,0.132401255975108,0.145011747191338,0.159310699871886,
0.175118786671481,0.192303988722986,0.21076385685115,0.230415887111965,
0.251191783137003,0.273033793531268,0.295892248872636,0.31972383596219,
0.344490347744952,0.370157752534217,0.396695484754358,0.42407589370298,
0.452273807757534,0.48126618468468,0.511031827341332,0.541551149838043,
0.572805983201346,0.604779412349468,0.6374556381784,0.670819859994088,0.704858174586883,
0.739557489036558,0.77490544493564,0.810890352177645,0.84750113081172,0.884727259742564,
0.922558731273061,0.960986010660936,0.988703578539802),.UNSPECIFIED.);
#134=B_SPLINE_CURVE_WITH_KNOTS('',3,(#5286,#5287,#5288,#5289,#5290,#5291,
#5292,#5293,#5294,#5295,#5296,#5297,#5298,#5299,#5300,#5301,#5302,#5303,
#5304,#5305,#5306,#5307,#5308,#5309,#5310,#5311,#5312,#5313,#5314,#5315,
#5316,#5317,#5318,#5319,#5320,#5321,#5322),.UNSPECIFIED.,.F.,.F.,(4,1,1,
1,1,1,1,1,1,1,1,1,1,1,1,1,1,1,1,1,1,1,1,1,1,1,1,1,1,1,1,1,1,1,4),(0.,0.113487938645312,
0.121743445089471,0.132401255975108,0.145011747191338,0.159310699871886,
0.175118786671481,0.192303988722986,0.21076385685115,0.230415887111965,
0.251191783137003,0.273033793531268,0.295892248872636,0.31972383596219,
0.344490347744952,0.370157752534217,0.396695484754358,0.42407589370298,
0.452273807757534,0.48126618468468,0.511031827341332,0.541551149838043,
0.572805983201346,0.604779412349468,0.6374556381784,0.670819859994088,0.704858174586883,
0.739557489036558,0.77490544493564,0.810890352177645,0.84750113081172,0.884727259742564,
0.922558731273061,0.960986010660936,0.988703578539802),.UNSPECIFIED.);
#135=B_SPLINE_CURVE_WITH_KNOTS('',3,(#5331,#5332,#5333,#5334,#5335,#5336,
#5337,#5338,#5339,#5340,#5341,#5342,#5343,#5344,#5345,#5346,#5347,#5348,
#5349,#5350,#5351,#5352,#5353,#5354,#5355,#5356,#5357,#5358,#5359,#5360,
#5361,#5362,#5363,#5364,#5365,#5366,#5367),.UNSPECIFIED.,.F.,.F.,(4,1,1,
1,1,1,1,1,1,1,1,1,1,1,1,1,1,1,1,1,1,1,1,1,1,1,1,1,1,1,1,1,1,1,4),(0.,0.113487938645312,
0.121743445089471,0.132401255975108,0.145011747191338,0.159310699871886,
0.175118786671481,0.192303988722986,0.21076385685115,0.230415887111965,
0.251191783137003,0.273033793531268,0.295892248872636,0.31972383596219,
0.344490347744952,0.370157752534217,0.396695484754358,0.42407589370298,
0.452273807757534,0.48126618468468,0.511031827341332,0.541551149838043,
0.572805983201346,0.604779412349468,0.6374556381784,0.670819859994088,0.704858174586883,
0.739557489036558,0.77490544493564,0.810890352177645,0.84750113081172,0.884727259742564,
0.922558731273061,0.960986010660936,0.988703578539802),.UNSPECIFIED.);
#136=B_SPLINE_CURVE_WITH_KNOTS('',3,(#5371,#5372,#5373,#5374,#5375,#5376,
#5377,#5378,#5379,#5380,#5381,#5382,#5383,#5384,#5385,#5386,#5387,#5388,
#5389,#5390,#5391,#5392,#5393,#5394,#5395,#5396,#5397,#5398,#5399,#5400,
#5401,#5402,#5403,#5404,#5405,#5406,#5407),.UNSPECIFIED.,.F.,.F.,(4,1,1,
1,1,1,1,1,1,1,1,1,1,1,1,1,1,1,1,1,1,1,1,1,1,1,1,1,1,1,1,1,1,1,4),(0.,0.113487938645312,
0.121743445089471,0.132401255975108,0.145011747191338,0.159310699871886,
0.175118786671481,0.192303988722986,0.21076385685115,0.230415887111965,
0.251191783137003,0.273033793531268,0.295892248872636,0.31972383596219,
0.344490347744952,0.370157752534217,0.396695484754358,0.42407589370298,
0.452273807757534,0.48126618468468,0.511031827341332,0.541551149838043,
0.572805983201346,0.604779412349468,0.6374556381784,0.670819859994088,0.704858174586883,
0.739557489036558,0.77490544493564,0.810890352177645,0.84750113081172,0.884727259742564,
0.922558731273061,0.960986010660936,0.988703578539802),.UNSPECIFIED.);
#137=B_SPLINE_CURVE_WITH_KNOTS('',3,(#5416,#5417,#5418,#5419,#5420,#5421,
#5422,#5423,#5424,#5425,#5426,#5427,#5428,#5429,#5430,#5431,#5432,#5433,
#5434,#5435,#5436,#5437,#5438,#5439,#5440,#5441,#5442,#5443,#5444,#5445,
#5446,#5447,#5448,#5449,#5450,#5451,#5452),.UNSPECIFIED.,.F.,.F.,(4,1,1,
1,1,1,1,1,1,1,1,1,1,1,1,1,1,1,1,1,1,1,1,1,1,1,1,1,1,1,1,1,1,1,4),(0.,0.113487938645312,
0.121743445089471,0.132401255975108,0.145011747191338,0.159310699871886,
0.175118786671481,0.192303988722986,0.21076385685115,0.230415887111965,
0.251191783137003,0.273033793531268,0.295892248872636,0.31972383596219,
0.344490347744952,0.370157752534217,0.396695484754358,0.42407589370298,
0.452273807757534,0.48126618468468,0.511031827341332,0.541551149838043,
0.572805983201346,0.604779412349468,0.6374556381784,0.670819859994088,0.704858174586883,
0.739557489036558,0.77490544493564,0.810890352177645,0.84750113081172,0.884727259742564,
0.922558731273061,0.960986010660936,0.988703578539802),.UNSPECIFIED.);
#138=B_SPLINE_CURVE_WITH_KNOTS('',3,(#5456,#5457,#5458,#5459,#5460,#5461,
#5462,#5463,#5464,#5465,#5466,#5467,#5468,#5469,#5470,#5471,#5472,#5473,
#5474,#5475,#5476,#5477,#5478,#5479,#5480,#5481,#5482,#5483,#5484,#5485,
#5486,#5487,#5488,#5489,#5490,#5491,#5492),.UNSPECIFIED.,.F.,.F.,(4,1,1,
1,1,1,1,1,1,1,1,1,1,1,1,1,1,1,1,1,1,1,1,1,1,1,1,1,1,1,1,1,1,1,4),(0.,0.113487938645312,
0.121743445089471,0.132401255975108,0.145011747191338,0.159310699871886,
0.175118786671481,0.192303988722986,0.21076385685115,0.230415887111965,
0.251191783137003,0.273033793531268,0.295892248872636,0.31972383596219,
0.344490347744952,0.370157752534217,0.396695484754358,0.42407589370298,
0.452273807757534,0.48126618468468,0.511031827341332,0.541551149838043,
0.572805983201346,0.604779412349468,0.6374556381784,0.670819859994088,0.704858174586883,
0.739557489036558,0.77490544493564,0.810890352177645,0.84750113081172,0.884727259742564,
0.922558731273061,0.960986010660936,0.988703578539802),.UNSPECIFIED.);
#139=B_SPLINE_CURVE_WITH_KNOTS('',3,(#5501,#5502,#5503,#5504,#5505,#5506,
#5507,#5508,#5509,#5510,#5511,#5512,#5513,#5514,#5515,#5516,#5517,#5518,
#5519,#5520,#5521,#5522,#5523,#5524,#5525,#5526,#5527,#5528,#5529,#5530,
#5531,#5532,#5533,#5534,#5535,#5536,#5537),.UNSPECIFIED.,.F.,.F.,(4,1,1,
1,1,1,1,1,1,1,1,1,1,1,1,1,1,1,1,1,1,1,1,1,1,1,1,1,1,1,1,1,1,1,4),(0.,0.113487938645312,
0.121743445089471,0.132401255975108,0.145011747191338,0.159310699871886,
0.175118786671481,0.192303988722986,0.21076385685115,0.230415887111965,
0.251191783137003,0.273033793531268,0.295892248872636,0.31972383596219,
0.344490347744952,0.370157752534217,0.396695484754358,0.42407589370298,
0.452273807757534,0.48126618468468,0.511031827341332,0.541551149838043,
0.572805983201346,0.604779412349468,0.6374556381784,0.670819859994088,0.704858174586883,
0.739557489036558,0.77490544493564,0.810890352177645,0.84750113081172,0.884727259742564,
0.922558731273061,0.960986010660936,0.988703578539802),.UNSPECIFIED.);
#140=B_SPLINE_CURVE_WITH_KNOTS('',3,(#5541,#5542,#5543,#5544,#5545,#5546,
#5547,#5548,#5549,#5550,#5551,#5552,#5553,#5554,#5555,#5556,#5557,#5558,
#5559,#5560,#5561,#5562,#5563,#5564,#5565,#5566,#5567,#5568,#5569,#5570,
#5571,#5572,#5573,#5574,#5575,#5576,#5577),.UNSPECIFIED.,.F.,.F.,(4,1,1,
1,1,1,1,1,1,1,1,1,1,1,1,1,1,1,1,1,1,1,1,1,1,1,1,1,1,1,1,1,1,1,4),(0.,0.113487938645312,
0.121743445089471,0.132401255975108,0.145011747191338,0.159310699871886,
0.175118786671481,0.192303988722986,0.21076385685115,0.230415887111965,
0.251191783137003,0.273033793531268,0.295892248872636,0.31972383596219,
0.344490347744952,0.370157752534217,0.396695484754358,0.42407589370298,
0.452273807757534,0.48126618468468,0.511031827341332,0.541551149838043,
0.572805983201346,0.604779412349468,0.6374556381784,0.670819859994088,0.704858174586883,
0.739557489036558,0.77490544493564,0.810890352177645,0.84750113081172,0.884727259742564,
0.922558731273061,0.960986010660936,0.988703578539802),.UNSPECIFIED.);
#141=B_SPLINE_CURVE_WITH_KNOTS('',3,(#5586,#5587,#5588,#5589,#5590,#5591,
#5592,#5593,#5594,#5595,#5596,#5597,#5598,#5599,#5600,#5601,#5602,#5603,
#5604,#5605,#5606,#5607,#5608,#5609,#5610,#5611,#5612,#5613,#5614,#5615,
#5616,#5617,#5618,#5619,#5620,#5621,#5622),.UNSPECIFIED.,.F.,.F.,(4,1,1,
1,1,1,1,1,1,1,1,1,1,1,1,1,1,1,1,1,1,1,1,1,1,1,1,1,1,1,1,1,1,1,4),(0.,0.113487938645312,
0.121743445089471,0.132401255975108,0.145011747191338,0.159310699871886,
0.175118786671481,0.192303988722986,0.21076385685115,0.230415887111965,
0.251191783137003,0.273033793531268,0.295892248872636,0.31972383596219,
0.344490347744952,0.370157752534217,0.396695484754358,0.42407589370298,
0.452273807757534,0.48126618468468,0.511031827341332,0.541551149838043,
0.572805983201346,0.604779412349468,0.6374556381784,0.670819859994088,0.704858174586883,
0.739557489036558,0.77490544493564,0.810890352177645,0.84750113081172,0.884727259742564,
0.922558731273061,0.960986010660936,0.988703578539802),.UNSPECIFIED.);
#142=B_SPLINE_CURVE_WITH_KNOTS('',3,(#5626,#5627,#5628,#5629,#5630,#5631,
#5632,#5633,#5634,#5635,#5636,#5637,#5638,#5639,#5640,#5641,#5642,#5643,
#5644,#5645,#5646,#5647,#5648,#5649,#5650,#5651,#5652,#5653,#5654,#5655,
#5656,#5657,#5658,#5659,#5660,#5661,#5662),.UNSPECIFIED.,.F.,.F.,(4,1,1,
1,1,1,1,1,1,1,1,1,1,1,1,1,1,1,1,1,1,1,1,1,1,1,1,1,1,1,1,1,1,1,4),(0.,0.113487938645312,
0.121743445089471,0.132401255975108,0.145011747191338,0.159310699871886,
0.175118786671481,0.192303988722986,0.21076385685115,0.230415887111965,
0.251191783137003,0.273033793531268,0.295892248872636,0.31972383596219,
0.344490347744952,0.370157752534217,0.396695484754358,0.42407589370298,
0.452273807757534,0.48126618468468,0.511031827341332,0.541551149838043,
0.572805983201346,0.604779412349468,0.6374556381784,0.670819859994088,0.704858174586883,
0.739557489036558,0.77490544493564,0.810890352177645,0.84750113081172,0.884727259742564,
0.922558731273061,0.960986010660936,0.988703578539802),.UNSPECIFIED.);
#143=B_SPLINE_CURVE_WITH_KNOTS('',3,(#5671,#5672,#5673,#5674,#5675,#5676,
#5677,#5678,#5679,#5680,#5681,#5682,#5683,#5684,#5685,#5686,#5687,#5688,
#5689,#5690,#5691,#5692,#5693,#5694,#5695,#5696,#5697,#5698,#5699,#5700,
#5701,#5702,#5703,#5704,#5705,#5706,#5707),.UNSPECIFIED.,.F.,.F.,(4,1,1,
1,1,1,1,1,1,1,1,1,1,1,1,1,1,1,1,1,1,1,1,1,1,1,1,1,1,1,1,1,1,1,4),(0.,0.113487938645312,
0.121743445089471,0.132401255975108,0.145011747191338,0.159310699871886,
0.175118786671481,0.192303988722986,0.21076385685115,0.230415887111965,
0.251191783137003,0.273033793531268,0.295892248872636,0.31972383596219,
0.344490347744952,0.370157752534217,0.396695484754358,0.42407589370298,
0.452273807757534,0.48126618468468,0.511031827341332,0.541551149838043,
0.572805983201346,0.604779412349468,0.6374556381784,0.670819859994088,0.704858174586883,
0.739557489036558,0.77490544493564,0.810890352177645,0.84750113081172,0.884727259742564,
0.922558731273061,0.960986010660936,0.988703578539802),.UNSPECIFIED.);
#144=B_SPLINE_CURVE_WITH_KNOTS('',3,(#5711,#5712,#5713,#5714,#5715,#5716,
#5717,#5718,#5719,#5720,#5721,#5722,#5723,#5724,#5725,#5726,#5727,#5728,
#5729,#5730,#5731,#5732,#5733,#5734,#5735,#5736,#5737,#5738,#5739,#5740,
#5741,#5742,#5743,#5744,#5745,#5746,#5747),.UNSPECIFIED.,.F.,.F.,(4,1,1,
1,1,1,1,1,1,1,1,1,1,1,1,1,1,1,1,1,1,1,1,1,1,1,1,1,1,1,1,1,1,1,4),(0.,0.113487938645312,
0.121743445089471,0.132401255975108,0.145011747191338,0.159310699871886,
0.175118786671481,0.192303988722986,0.21076385685115,0.230415887111965,
0.251191783137003,0.273033793531268,0.295892248872636,0.31972383596219,
0.344490347744952,0.370157752534217,0.396695484754358,0.42407589370298,
0.452273807757534,0.48126618468468,0.511031827341332,0.541551149838043,
0.572805983201346,0.604779412349468,0.6374556381784,0.670819859994088,0.704858174586883,
0.739557489036558,0.77490544493564,0.810890352177645,0.84750113081172,0.884727259742564,
0.922558731273061,0.960986010660936,0.988703578539802),.UNSPECIFIED.);
#145=B_SPLINE_CURVE_WITH_KNOTS('',3,(#5756,#5757,#5758,#5759,#5760,#5761,
#5762,#5763,#5764,#5765,#5766,#5767,#5768,#5769,#5770,#5771,#5772,#5773,
#5774,#5775,#5776,#5777,#5778,#5779,#5780,#5781,#5782,#5783,#5784,#5785,
#5786,#5787,#5788,#5789,#5790,#5791,#5792),.UNSPECIFIED.,.F.,.F.,(4,1,1,
1,1,1,1,1,1,1,1,1,1,1,1,1,1,1,1,1,1,1,1,1,1,1,1,1,1,1,1,1,1,1,4),(0.,0.113487938645312,
0.121743445089471,0.132401255975108,0.145011747191338,0.159310699871886,
0.175118786671481,0.192303988722986,0.21076385685115,0.230415887111965,
0.251191783137003,0.273033793531268,0.295892248872636,0.31972383596219,
0.344490347744952,0.370157752534217,0.396695484754358,0.42407589370298,
0.452273807757534,0.48126618468468,0.511031827341332,0.541551149838043,
0.572805983201346,0.604779412349468,0.6374556381784,0.670819859994088,0.704858174586883,
0.739557489036558,0.77490544493564,0.810890352177645,0.84750113081172,0.884727259742564,
0.922558731273061,0.960986010660936,0.988703578539802),.UNSPECIFIED.);
#146=B_SPLINE_CURVE_WITH_KNOTS('',3,(#5796,#5797,#5798,#5799,#5800,#5801,
#5802,#5803,#5804,#5805,#5806,#5807,#5808,#5809,#5810,#5811,#5812,#5813,
#5814,#5815,#5816,#5817,#5818,#5819,#5820,#5821,#5822,#5823,#5824,#5825,
#5826,#5827,#5828,#5829,#5830,#5831,#5832),.UNSPECIFIED.,.F.,.F.,(4,1,1,
1,1,1,1,1,1,1,1,1,1,1,1,1,1,1,1,1,1,1,1,1,1,1,1,1,1,1,1,1,1,1,4),(0.,0.113487938645312,
0.121743445089471,0.132401255975108,0.145011747191338,0.159310699871886,
0.175118786671481,0.192303988722986,0.21076385685115,0.230415887111965,
0.251191783137003,0.273033793531268,0.295892248872636,0.31972383596219,
0.344490347744952,0.370157752534217,0.396695484754358,0.42407589370298,
0.452273807757534,0.48126618468468,0.511031827341332,0.541551149838043,
0.572805983201346,0.604779412349468,0.6374556381784,0.670819859994088,0.704858174586883,
0.739557489036558,0.77490544493564,0.810890352177645,0.84750113081172,0.884727259742564,
0.922558731273061,0.960986010660936,0.988703578539802),.UNSPECIFIED.);
#147=B_SPLINE_CURVE_WITH_KNOTS('',3,(#5949,#5950,#5951,#5952,#5953,#5954,
#5955,#5956,#5957,#5958,#5959,#5960,#5961,#5962,#5963,#5964,#5965,#5966,
#5967,#5968,#5969,#5970,#5971,#5972,#5973,#5974,#5975,#5976,#5977,#5978,
#5979,#5980,#5981,#5982,#5983,#5984,#5985),.UNSPECIFIED.,.F.,.F.,(4,1,1,
1,1,1,1,1,1,1,1,1,1,1,1,1,1,1,1,1,1,1,1,1,1,1,1,1,1,1,1,1,1,1,4),(0.,0.113487938645312,
0.121743445089471,0.132401255975108,0.145011747191338,0.159310699871886,
0.175118786671481,0.192303988722986,0.21076385685115,0.230415887111965,
0.251191783137003,0.273033793531268,0.295892248872636,0.31972383596219,
0.344490347744952,0.370157752534217,0.396695484754358,0.42407589370298,
0.452273807757534,0.48126618468468,0.511031827341332,0.541551149838043,
0.572805983201346,0.604779412349468,0.6374556381784,0.670819859994088,0.704858174586883,
0.739557489036558,0.77490544493564,0.810890352177645,0.84750113081172,0.884727259742564,
0.922558731273061,0.960986010660936,0.988703578539802),.UNSPECIFIED.);
#148=B_SPLINE_CURVE_WITH_KNOTS('',3,(#6012,#6013,#6014,#6015,#6016,#6017,
#6018,#6019,#6020,#6021,#6022,#6023,#6024,#6025,#6026,#6027,#6028,#6029,
#6030,#6031,#6032,#6033,#6034,#6035,#6036,#6037,#6038,#6039,#6040,#6041,
#6042,#6043,#6044,#6045,#6046,#6047,#6048),.UNSPECIFIED.,.F.,.F.,(4,1,1,
1,1,1,1,1,1,1,1,1,1,1,1,1,1,1,1,1,1,1,1,1,1,1,1,1,1,1,1,1,1,1,4),(0.,0.113487938645312,
0.121743445089471,0.132401255975108,0.145011747191338,0.159310699871886,
0.175118786671481,0.192303988722986,0.21076385685115,0.230415887111965,
0.251191783137003,0.273033793531268,0.295892248872636,0.31972383596219,
0.344490347744952,0.370157752534217,0.396695484754358,0.42407589370298,
0.452273807757534,0.48126618468468,0.511031827341332,0.541551149838043,
0.572805983201346,0.604779412349468,0.6374556381784,0.670819859994088,0.704858174586883,
0.739557489036558,0.77490544493564,0.810890352177645,0.84750113081172,0.884727259742564,
0.922558731273061,0.960986010660936,0.988703578539802),.UNSPECIFIED.);
#149=B_SPLINE_CURVE_WITH_KNOTS('',3,(#6090,#6091,#6092,#6093,#6094,#6095,
#6096,#6097,#6098,#6099,#6100,#6101,#6102,#6103,#6104,#6105,#6106,#6107,
#6108,#6109,#6110,#6111,#6112,#6113,#6114,#6115,#6116,#6117,#6118,#6119,
#6120,#6121,#6122,#6123,#6124,#6125,#6126),.UNSPECIFIED.,.F.,.F.,(4,1,1,
1,1,1,1,1,1,1,1,1,1,1,1,1,1,1,1,1,1,1,1,1,1,1,1,1,1,1,1,1,1,1,4),(0.,0.113487938645312,
0.121743445089471,0.132401255975108,0.145011747191338,0.159310699871886,
0.175118786671481,0.192303988722986,0.21076385685115,0.230415887111965,
0.251191783137003,0.273033793531268,0.295892248872636,0.31972383596219,
0.344490347744952,0.370157752534217,0.396695484754358,0.42407589370298,
0.452273807757534,0.48126618468468,0.511031827341332,0.541551149838043,
0.572805983201346,0.604779412349468,0.6374556381784,0.670819859994088,0.704858174586883,
0.739557489036558,0.77490544493564,0.810890352177645,0.84750113081172,0.884727259742564,
0.922558731273061,0.960986010660936,0.988703578539802),.UNSPECIFIED.);
#150=B_SPLINE_CURVE_WITH_KNOTS('',3,(#6153,#6154,#6155,#6156,#6157,#6158,
#6159,#6160,#6161,#6162,#6163,#6164,#6165,#6166,#6167,#6168,#6169,#6170,
#6171,#6172,#6173,#6174,#6175,#6176,#6177,#6178,#6179,#6180,#6181,#6182,
#6183,#6184,#6185,#6186,#6187,#6188,#6189),.UNSPECIFIED.,.F.,.F.,(4,1,1,
1,1,1,1,1,1,1,1,1,1,1,1,1,1,1,1,1,1,1,1,1,1,1,1,1,1,1,1,1,1,1,4),(0.,0.113487938645312,
0.121743445089471,0.132401255975108,0.145011747191338,0.159310699871886,
0.175118786671481,0.192303988722986,0.21076385685115,0.230415887111965,
0.251191783137003,0.273033793531268,0.295892248872636,0.31972383596219,
0.344490347744952,0.370157752534217,0.396695484754358,0.42407589370298,
0.452273807757534,0.48126618468468,0.511031827341332,0.541551149838043,
0.572805983201346,0.604779412349468,0.6374556381784,0.670819859994088,0.704858174586883,
0.739557489036558,0.77490544493564,0.810890352177645,0.84750113081172,0.884727259742564,
0.922558731273061,0.960986010660936,0.988703578539802),.UNSPECIFIED.);
#151=B_SPLINE_CURVE_WITH_KNOTS('',3,(#6231,#6232,#6233,#6234,#6235,#6236,
#6237,#6238,#6239,#6240,#6241,#6242,#6243,#6244,#6245,#6246,#6247,#6248,
#6249,#6250,#6251,#6252,#6253,#6254,#6255,#6256,#6257,#6258,#6259,#6260,
#6261,#6262,#6263,#6264,#6265,#6266,#6267),.UNSPECIFIED.,.F.,.F.,(4,1,1,
1,1,1,1,1,1,1,1,1,1,1,1,1,1,1,1,1,1,1,1,1,1,1,1,1,1,1,1,1,1,1,4),(0.,0.113487938645312,
0.121743445089471,0.132401255975108,0.145011747191338,0.159310699871886,
0.175118786671481,0.192303988722986,0.21076385685115,0.230415887111965,
0.251191783137003,0.273033793531268,0.295892248872636,0.31972383596219,
0.344490347744952,0.370157752534217,0.396695484754358,0.42407589370298,
0.452273807757534,0.48126618468468,0.511031827341332,0.541551149838043,
0.572805983201346,0.604779412349468,0.6374556381784,0.670819859994088,0.704858174586883,
0.739557489036558,0.77490544493564,0.810890352177645,0.84750113081172,0.884727259742564,
0.922558731273061,0.960986010660936,0.988703578539802),.UNSPECIFIED.);
#152=B_SPLINE_CURVE_WITH_KNOTS('',3,(#6294,#6295,#6296,#6297,#6298,#6299,
#6300,#6301,#6302,#6303,#6304,#6305,#6306,#6307,#6308,#6309,#6310,#6311,
#6312,#6313,#6314,#6315,#6316,#6317,#6318,#6319,#6320,#6321,#6322,#6323,
#6324,#6325,#6326,#6327,#6328,#6329,#6330),.UNSPECIFIED.,.F.,.F.,(4,1,1,
1,1,1,1,1,1,1,1,1,1,1,1,1,1,1,1,1,1,1,1,1,1,1,1,1,1,1,1,1,1,1,4),(0.,0.113487938645312,
0.121743445089471,0.132401255975108,0.145011747191338,0.159310699871886,
0.175118786671481,0.192303988722986,0.21076385685115,0.230415887111965,
0.251191783137003,0.273033793531268,0.295892248872636,0.31972383596219,
0.344490347744952,0.370157752534217,0.396695484754358,0.42407589370298,
0.452273807757534,0.48126618468468,0.511031827341332,0.541551149838043,
0.572805983201346,0.604779412349468,0.6374556381784,0.670819859994088,0.704858174586883,
0.739557489036558,0.77490544493564,0.810890352177645,0.84750113081172,0.884727259742564,
0.922558731273061,0.960986010660936,0.988703578539802),.UNSPECIFIED.);
#153=B_SPLINE_CURVE_WITH_KNOTS('',3,(#6372,#6373,#6374,#6375,#6376,#6377,
#6378,#6379,#6380,#6381,#6382,#6383,#6384,#6385,#6386,#6387,#6388,#6389,
#6390,#6391,#6392,#6393,#6394,#6395,#6396,#6397,#6398,#6399,#6400,#6401,
#6402,#6403,#6404,#6405,#6406,#6407,#6408),.UNSPECIFIED.,.F.,.F.,(4,1,1,
1,1,1,1,1,1,1,1,1,1,1,1,1,1,1,1,1,1,1,1,1,1,1,1,1,1,1,1,1,1,1,4),(0.,0.113487938645312,
0.121743445089471,0.132401255975108,0.145011747191338,0.159310699871886,
0.175118786671481,0.192303988722986,0.21076385685115,0.230415887111965,
0.251191783137003,0.273033793531268,0.295892248872636,0.31972383596219,
0.344490347744952,0.370157752534217,0.396695484754358,0.42407589370298,
0.452273807757534,0.48126618468468,0.511031827341332,0.541551149838043,
0.572805983201346,0.604779412349468,0.6374556381784,0.670819859994088,0.704858174586883,
0.739557489036558,0.77490544493564,0.810890352177645,0.84750113081172,0.884727259742564,
0.922558731273061,0.960986010660936,0.988703578539802),.UNSPECIFIED.);
#154=B_SPLINE_CURVE_WITH_KNOTS('',3,(#6435,#6436,#6437,#6438,#6439,#6440,
#6441,#6442,#6443,#6444,#6445,#6446,#6447,#6448,#6449,#6450,#6451,#6452,
#6453,#6454,#6455,#6456,#6457,#6458,#6459,#6460,#6461,#6462,#6463,#6464,
#6465,#6466,#6467,#6468,#6469,#6470,#6471),.UNSPECIFIED.,.F.,.F.,(4,1,1,
1,1,1,1,1,1,1,1,1,1,1,1,1,1,1,1,1,1,1,1,1,1,1,1,1,1,1,1,1,1,1,4),(0.,0.113487938645312,
0.121743445089471,0.132401255975108,0.145011747191338,0.159310699871886,
0.175118786671481,0.192303988722986,0.21076385685115,0.230415887111965,
0.251191783137003,0.273033793531268,0.295892248872636,0.31972383596219,
0.344490347744952,0.370157752534217,0.396695484754358,0.42407589370298,
0.452273807757534,0.48126618468468,0.511031827341332,0.541551149838043,
0.572805983201346,0.604779412349468,0.6374556381784,0.670819859994088,0.704858174586883,
0.739557489036558,0.77490544493564,0.810890352177645,0.84750113081172,0.884727259742564,
0.922558731273061,0.960986010660936,0.988703578539802),.UNSPECIFIED.);
#155=B_SPLINE_CURVE_WITH_KNOTS('',3,(#6513,#6514,#6515,#6516,#6517,#6518,
#6519,#6520,#6521,#6522,#6523,#6524,#6525,#6526,#6527,#6528,#6529,#6530,
#6531,#6532,#6533,#6534,#6535,#6536,#6537,#6538,#6539,#6540,#6541,#6542,
#6543,#6544,#6545,#6546,#6547,#6548,#6549),.UNSPECIFIED.,.F.,.F.,(4,1,1,
1,1,1,1,1,1,1,1,1,1,1,1,1,1,1,1,1,1,1,1,1,1,1,1,1,1,1,1,1,1,1,4),(0.,0.113487938645312,
0.121743445089471,0.132401255975108,0.145011747191338,0.159310699871886,
0.175118786671481,0.192303988722986,0.21076385685115,0.230415887111965,
0.251191783137003,0.273033793531268,0.295892248872636,0.31972383596219,
0.344490347744952,0.370157752534217,0.396695484754358,0.42407589370298,
0.452273807757534,0.48126618468468,0.511031827341332,0.541551149838043,
0.572805983201346,0.604779412349468,0.6374556381784,0.670819859994088,0.704858174586883,
0.739557489036558,0.77490544493564,0.810890352177645,0.84750113081172,0.884727259742564,
0.922558731273061,0.960986010660936,0.988703578539802),.UNSPECIFIED.);
#156=B_SPLINE_CURVE_WITH_KNOTS('',3,(#6576,#6577,#6578,#6579,#6580,#6581,
#6582,#6583,#6584,#6585,#6586,#6587,#6588,#6589,#6590,#6591,#6592,#6593,
#6594,#6595,#6596,#6597,#6598,#6599,#6600,#6601,#6602,#6603,#6604,#6605,
#6606,#6607,#6608,#6609,#6610,#6611,#6612),.UNSPECIFIED.,.F.,.F.,(4,1,1,
1,1,1,1,1,1,1,1,1,1,1,1,1,1,1,1,1,1,1,1,1,1,1,1,1,1,1,1,1,1,1,4),(0.,0.113487938645312,
0.121743445089471,0.132401255975108,0.145011747191338,0.159310699871886,
0.175118786671481,0.192303988722986,0.21076385685115,0.230415887111965,
0.251191783137003,0.273033793531268,0.295892248872636,0.31972383596219,
0.344490347744952,0.370157752534217,0.396695484754358,0.42407589370298,
0.452273807757534,0.48126618468468,0.511031827341332,0.541551149838043,
0.572805983201346,0.604779412349468,0.6374556381784,0.670819859994088,0.704858174586883,
0.739557489036558,0.77490544493564,0.810890352177645,0.84750113081172,0.884727259742564,
0.922558731273061,0.960986010660936,0.988703578539802),.UNSPECIFIED.);
#157=B_SPLINE_CURVE_WITH_KNOTS('',3,(#6654,#6655,#6656,#6657,#6658,#6659,
#6660,#6661,#6662,#6663,#6664,#6665,#6666,#6667,#6668,#6669,#6670,#6671,
#6672,#6673,#6674,#6675,#6676,#6677,#6678,#6679,#6680,#6681,#6682,#6683,
#6684,#6685,#6686,#6687,#6688,#6689,#6690),.UNSPECIFIED.,.F.,.F.,(4,1,1,
1,1,1,1,1,1,1,1,1,1,1,1,1,1,1,1,1,1,1,1,1,1,1,1,1,1,1,1,1,1,1,4),(0.,0.113487938645312,
0.121743445089471,0.132401255975108,0.145011747191338,0.159310699871886,
0.175118786671481,0.192303988722986,0.21076385685115,0.230415887111965,
0.251191783137003,0.273033793531268,0.295892248872636,0.31972383596219,
0.344490347744952,0.370157752534217,0.396695484754358,0.42407589370298,
0.452273807757534,0.48126618468468,0.511031827341332,0.541551149838043,
0.572805983201346,0.604779412349468,0.6374556381784,0.670819859994088,0.704858174586883,
0.739557489036558,0.77490544493564,0.810890352177645,0.84750113081172,0.884727259742564,
0.922558731273061,0.960986010660936,0.988703578539802),.UNSPECIFIED.);
#158=B_SPLINE_CURVE_WITH_KNOTS('',3,(#6717,#6718,#6719,#6720,#6721,#6722,
#6723,#6724,#6725,#6726,#6727,#6728,#6729,#6730,#6731,#6732,#6733,#6734,
#6735,#6736,#6737,#6738,#6739,#6740,#6741,#6742,#6743,#6744,#6745,#6746,
#6747,#6748,#6749,#6750,#6751,#6752,#6753),.UNSPECIFIED.,.F.,.F.,(4,1,1,
1,1,1,1,1,1,1,1,1,1,1,1,1,1,1,1,1,1,1,1,1,1,1,1,1,1,1,1,1,1,1,4),(0.,0.113487938645312,
0.121743445089471,0.132401255975108,0.145011747191338,0.159310699871886,
0.175118786671481,0.192303988722986,0.21076385685115,0.230415887111965,
0.251191783137003,0.273033793531268,0.295892248872636,0.31972383596219,
0.344490347744952,0.370157752534217,0.396695484754358,0.42407589370298,
0.452273807757534,0.48126618468468,0.511031827341332,0.541551149838043,
0.572805983201346,0.604779412349468,0.6374556381784,0.670819859994088,0.704858174586883,
0.739557489036558,0.77490544493564,0.810890352177645,0.84750113081172,0.884727259742564,
0.922558731273061,0.960986010660936,0.988703578539802),.UNSPECIFIED.);
#159=B_SPLINE_CURVE_WITH_KNOTS('',3,(#6795,#6796,#6797,#6798,#6799,#6800,
#6801,#6802,#6803,#6804,#6805,#6806,#6807,#6808,#6809,#6810,#6811,#6812,
#6813,#6814,#6815,#6816,#6817,#6818,#6819,#6820,#6821,#6822,#6823,#6824,
#6825,#6826,#6827,#6828,#6829,#6830,#6831),.UNSPECIFIED.,.F.,.F.,(4,1,1,
1,1,1,1,1,1,1,1,1,1,1,1,1,1,1,1,1,1,1,1,1,1,1,1,1,1,1,1,1,1,1,4),(0.,0.113487938645312,
0.121743445089471,0.132401255975108,0.145011747191338,0.159310699871886,
0.175118786671481,0.192303988722986,0.21076385685115,0.230415887111965,
0.251191783137003,0.273033793531268,0.295892248872636,0.31972383596219,
0.344490347744952,0.370157752534217,0.396695484754358,0.42407589370298,
0.452273807757534,0.48126618468468,0.511031827341332,0.541551149838043,
0.572805983201346,0.604779412349468,0.6374556381784,0.670819859994088,0.704858174586883,
0.739557489036558,0.77490544493564,0.810890352177645,0.84750113081172,0.884727259742564,
0.922558731273061,0.960986010660936,0.988703578539802),.UNSPECIFIED.);
#160=B_SPLINE_CURVE_WITH_KNOTS('',3,(#6858,#6859,#6860,#6861,#6862,#6863,
#6864,#6865,#6866,#6867,#6868,#6869,#6870,#6871,#6872,#6873,#6874,#6875,
#6876,#6877,#6878,#6879,#6880,#6881,#6882,#6883,#6884,#6885,#6886,#6887,
#6888,#6889,#6890,#6891,#6892,#6893,#6894),.UNSPECIFIED.,.F.,.F.,(4,1,1,
1,1,1,1,1,1,1,1,1,1,1,1,1,1,1,1,1,1,1,1,1,1,1,1,1,1,1,1,1,1,1,4),(0.,0.113487938645312,
0.121743445089471,0.132401255975108,0.145011747191338,0.159310699871886,
0.175118786671481,0.192303988722986,0.21076385685115,0.230415887111965,
0.251191783137003,0.273033793531268,0.295892248872636,0.31972383596219,
0.344490347744952,0.370157752534217,0.396695484754358,0.42407589370298,
0.452273807757534,0.48126618468468,0.511031827341332,0.541551149838043,
0.572805983201346,0.604779412349468,0.6374556381784,0.670819859994088,0.704858174586883,
0.739557489036558,0.77490544493564,0.810890352177645,0.84750113081172,0.884727259742564,
0.922558731273061,0.960986010660936,0.988703578539802),.UNSPECIFIED.);
#161=B_SPLINE_CURVE_WITH_KNOTS('',3,(#6936,#6937,#6938,#6939,#6940,#6941,
#6942,#6943,#6944,#6945,#6946,#6947,#6948,#6949,#6950,#6951,#6952,#6953,
#6954,#6955,#6956,#6957,#6958,#6959,#6960,#6961,#6962,#6963,#6964,#6965,
#6966,#6967,#6968,#6969,#6970,#6971,#6972),.UNSPECIFIED.,.F.,.F.,(4,1,1,
1,1,1,1,1,1,1,1,1,1,1,1,1,1,1,1,1,1,1,1,1,1,1,1,1,1,1,1,1,1,1,4),(0.,0.113487938645312,
0.121743445089471,0.132401255975108,0.145011747191338,0.159310699871886,
0.175118786671481,0.192303988722986,0.21076385685115,0.230415887111965,
0.251191783137003,0.273033793531268,0.295892248872636,0.31972383596219,
0.344490347744952,0.370157752534217,0.396695484754358,0.42407589370298,
0.452273807757534,0.48126618468468,0.511031827341332,0.541551149838043,
0.572805983201346,0.604779412349468,0.6374556381784,0.670819859994088,0.704858174586883,
0.739557489036558,0.77490544493564,0.810890352177645,0.84750113081172,0.884727259742564,
0.922558731273061,0.960986010660936,0.988703578539802),.UNSPECIFIED.);
#162=B_SPLINE_CURVE_WITH_KNOTS('',3,(#6999,#7000,#7001,#7002,#7003,#7004,
#7005,#7006,#7007,#7008,#7009,#7010,#7011,#7012,#7013,#7014,#7015,#7016,
#7017,#7018,#7019,#7020,#7021,#7022,#7023,#7024,#7025,#7026,#7027,#7028,
#7029,#7030,#7031,#7032,#7033,#7034,#7035),.UNSPECIFIED.,.F.,.F.,(4,1,1,
1,1,1,1,1,1,1,1,1,1,1,1,1,1,1,1,1,1,1,1,1,1,1,1,1,1,1,1,1,1,1,4),(0.,0.113487938645312,
0.121743445089471,0.132401255975108,0.145011747191338,0.159310699871886,
0.175118786671481,0.192303988722986,0.21076385685115,0.230415887111965,
0.251191783137003,0.273033793531268,0.295892248872636,0.31972383596219,
0.344490347744952,0.370157752534217,0.396695484754358,0.42407589370298,
0.452273807757534,0.48126618468468,0.511031827341332,0.541551149838043,
0.572805983201346,0.604779412349468,0.6374556381784,0.670819859994088,0.704858174586883,
0.739557489036558,0.77490544493564,0.810890352177645,0.84750113081172,0.884727259742564,
0.922558731273061,0.960986010660936,0.988703578539802),.UNSPECIFIED.);
#163=B_SPLINE_CURVE_WITH_KNOTS('',3,(#7077,#7078,#7079,#7080,#7081,#7082,
#7083,#7084,#7085,#7086,#7087,#7088,#7089,#7090,#7091,#7092,#7093,#7094,
#7095,#7096,#7097,#7098,#7099,#7100,#7101,#7102,#7103,#7104,#7105,#7106,
#7107,#7108,#7109,#7110,#7111,#7112,#7113),.UNSPECIFIED.,.F.,.F.,(4,1,1,
1,1,1,1,1,1,1,1,1,1,1,1,1,1,1,1,1,1,1,1,1,1,1,1,1,1,1,1,1,1,1,4),(0.,0.113487938645312,
0.121743445089471,0.132401255975108,0.145011747191338,0.159310699871886,
0.175118786671481,0.192303988722986,0.21076385685115,0.230415887111965,
0.251191783137003,0.273033793531268,0.295892248872636,0.31972383596219,
0.344490347744952,0.370157752534217,0.396695484754358,0.42407589370298,
0.452273807757534,0.48126618468468,0.511031827341332,0.541551149838043,
0.572805983201346,0.604779412349468,0.6374556381784,0.670819859994088,0.704858174586883,
0.739557489036558,0.77490544493564,0.810890352177645,0.84750113081172,0.884727259742564,
0.922558731273061,0.960986010660936,0.988703578539802),.UNSPECIFIED.);
#164=B_SPLINE_CURVE_WITH_KNOTS('',3,(#7140,#7141,#7142,#7143,#7144,#7145,
#7146,#7147,#7148,#7149,#7150,#7151,#7152,#7153,#7154,#7155,#7156,#7157,
#7158,#7159,#7160,#7161,#7162,#7163,#7164,#7165,#7166,#7167,#7168,#7169,
#7170,#7171,#7172,#7173,#7174,#7175,#7176),.UNSPECIFIED.,.F.,.F.,(4,1,1,
1,1,1,1,1,1,1,1,1,1,1,1,1,1,1,1,1,1,1,1,1,1,1,1,1,1,1,1,1,1,1,4),(0.,0.113487938645312,
0.121743445089471,0.132401255975108,0.145011747191338,0.159310699871886,
0.175118786671481,0.192303988722986,0.21076385685115,0.230415887111965,
0.251191783137003,0.273033793531268,0.295892248872636,0.31972383596219,
0.344490347744952,0.370157752534217,0.396695484754358,0.42407589370298,
0.452273807757534,0.48126618468468,0.511031827341332,0.541551149838043,
0.572805983201346,0.604779412349468,0.6374556381784,0.670819859994088,0.704858174586883,
0.739557489036558,0.77490544493564,0.810890352177645,0.84750113081172,0.884727259742564,
0.922558731273061,0.960986010660936,0.988703578539802),.UNSPECIFIED.);
#165=B_SPLINE_CURVE_WITH_KNOTS('',3,(#7218,#7219,#7220,#7221,#7222,#7223,
#7224,#7225,#7226,#7227,#7228,#7229,#7230,#7231,#7232,#7233,#7234,#7235,
#7236,#7237,#7238,#7239,#7240,#7241,#7242,#7243,#7244,#7245,#7246,#7247,
#7248,#7249,#7250,#7251,#7252,#7253,#7254),.UNSPECIFIED.,.F.,.F.,(4,1,1,
1,1,1,1,1,1,1,1,1,1,1,1,1,1,1,1,1,1,1,1,1,1,1,1,1,1,1,1,1,1,1,4),(0.,0.113487938645312,
0.121743445089471,0.132401255975108,0.145011747191338,0.159310699871886,
0.175118786671481,0.192303988722986,0.21076385685115,0.230415887111965,
0.251191783137003,0.273033793531268,0.295892248872636,0.31972383596219,
0.344490347744952,0.370157752534217,0.396695484754358,0.42407589370298,
0.452273807757534,0.48126618468468,0.511031827341332,0.541551149838043,
0.572805983201346,0.604779412349468,0.6374556381784,0.670819859994088,0.704858174586883,
0.739557489036558,0.77490544493564,0.810890352177645,0.84750113081172,0.884727259742564,
0.922558731273061,0.960986010660936,0.988703578539802),.UNSPECIFIED.);
#166=B_SPLINE_CURVE_WITH_KNOTS('',3,(#7281,#7282,#7283,#7284,#7285,#7286,
#7287,#7288,#7289,#7290,#7291,#7292,#7293,#7294,#7295,#7296,#7297,#7298,
#7299,#7300,#7301,#7302,#7303,#7304,#7305,#7306,#7307,#7308,#7309,#7310,
#7311,#7312,#7313,#7314,#7315,#7316,#7317),.UNSPECIFIED.,.F.,.F.,(4,1,1,
1,1,1,1,1,1,1,1,1,1,1,1,1,1,1,1,1,1,1,1,1,1,1,1,1,1,1,1,1,1,1,4),(0.,0.113487938645312,
0.121743445089471,0.132401255975108,0.145011747191338,0.159310699871886,
0.175118786671481,0.192303988722986,0.21076385685115,0.230415887111965,
0.251191783137003,0.273033793531268,0.295892248872636,0.31972383596219,
0.344490347744952,0.370157752534217,0.396695484754358,0.42407589370298,
0.452273807757534,0.48126618468468,0.511031827341332,0.541551149838043,
0.572805983201346,0.604779412349468,0.6374556381784,0.670819859994088,0.704858174586883,
0.739557489036558,0.77490544493564,0.810890352177645,0.84750113081172,0.884727259742564,
0.922558731273061,0.960986010660936,0.988703578539802),.UNSPECIFIED.);
#167=B_SPLINE_CURVE_WITH_KNOTS('',3,(#7359,#7360,#7361,#7362,#7363,#7364,
#7365,#7366,#7367,#7368,#7369,#7370,#7371,#7372,#7373,#7374,#7375,#7376,
#7377,#7378,#7379,#7380,#7381,#7382,#7383,#7384,#7385,#7386,#7387,#7388,
#7389,#7390,#7391,#7392,#7393,#7394,#7395),.UNSPECIFIED.,.F.,.F.,(4,1,1,
1,1,1,1,1,1,1,1,1,1,1,1,1,1,1,1,1,1,1,1,1,1,1,1,1,1,1,1,1,1,1,4),(0.,0.113487938645312,
0.121743445089471,0.132401255975108,0.145011747191338,0.159310699871886,
0.175118786671481,0.192303988722986,0.21076385685115,0.230415887111965,
0.251191783137003,0.273033793531268,0.295892248872636,0.31972383596219,
0.344490347744952,0.370157752534217,0.396695484754358,0.42407589370298,
0.452273807757534,0.48126618468468,0.511031827341332,0.541551149838043,
0.572805983201346,0.604779412349468,0.6374556381784,0.670819859994088,0.704858174586883,
0.739557489036558,0.77490544493564,0.810890352177645,0.84750113081172,0.884727259742564,
0.922558731273061,0.960986010660936,0.988703578539802),.UNSPECIFIED.);
#168=B_SPLINE_CURVE_WITH_KNOTS('',3,(#7422,#7423,#7424,#7425,#7426,#7427,
#7428,#7429,#7430,#7431,#7432,#7433,#7434,#7435,#7436,#7437,#7438,#7439,
#7440,#7441,#7442,#7443,#7444,#7445,#7446,#7447,#7448,#7449,#7450,#7451,
#7452,#7453,#7454,#7455,#7456,#7457,#7458),.UNSPECIFIED.,.F.,.F.,(4,1,1,
1,1,1,1,1,1,1,1,1,1,1,1,1,1,1,1,1,1,1,1,1,1,1,1,1,1,1,1,1,1,1,4),(0.,0.113487938645312,
0.121743445089471,0.132401255975108,0.145011747191338,0.159310699871886,
0.175118786671481,0.192303988722986,0.21076385685115,0.230415887111965,
0.251191783137003,0.273033793531268,0.295892248872636,0.31972383596219,
0.344490347744952,0.370157752534217,0.396695484754358,0.42407589370298,
0.452273807757534,0.48126618468468,0.511031827341332,0.541551149838043,
0.572805983201346,0.604779412349468,0.6374556381784,0.670819859994088,0.704858174586883,
0.739557489036558,0.77490544493564,0.810890352177645,0.84750113081172,0.884727259742564,
0.922558731273061,0.960986010660936,0.988703578539802),.UNSPECIFIED.);
#169=B_SPLINE_CURVE_WITH_KNOTS('',3,(#7500,#7501,#7502,#7503,#7504,#7505,
#7506,#7507,#7508,#7509,#7510,#7511,#7512,#7513,#7514,#7515,#7516,#7517,
#7518,#7519,#7520,#7521,#7522,#7523,#7524,#7525,#7526,#7527,#7528,#7529,
#7530,#7531,#7532,#7533,#7534,#7535,#7536),.UNSPECIFIED.,.F.,.F.,(4,1,1,
1,1,1,1,1,1,1,1,1,1,1,1,1,1,1,1,1,1,1,1,1,1,1,1,1,1,1,1,1,1,1,4),(0.,0.113487938645312,
0.121743445089471,0.132401255975108,0.145011747191338,0.159310699871886,
0.175118786671481,0.192303988722986,0.21076385685115,0.230415887111965,
0.251191783137003,0.273033793531268,0.295892248872636,0.31972383596219,
0.344490347744952,0.370157752534217,0.396695484754358,0.42407589370298,
0.452273807757534,0.48126618468468,0.511031827341332,0.541551149838043,
0.572805983201346,0.604779412349468,0.6374556381784,0.670819859994088,0.704858174586883,
0.739557489036558,0.77490544493564,0.810890352177645,0.84750113081172,0.884727259742564,
0.922558731273061,0.960986010660936,0.988703578539802),.UNSPECIFIED.);
#170=B_SPLINE_CURVE_WITH_KNOTS('',3,(#7563,#7564,#7565,#7566,#7567,#7568,
#7569,#7570,#7571,#7572,#7573,#7574,#7575,#7576,#7577,#7578,#7579,#7580,
#7581,#7582,#7583,#7584,#7585,#7586,#7587,#7588,#7589,#7590,#7591,#7592,
#7593,#7594,#7595,#7596,#7597,#7598,#7599),.UNSPECIFIED.,.F.,.F.,(4,1,1,
1,1,1,1,1,1,1,1,1,1,1,1,1,1,1,1,1,1,1,1,1,1,1,1,1,1,1,1,1,1,1,4),(0.,0.113487938645312,
0.121743445089471,0.132401255975108,0.145011747191338,0.159310699871886,
0.175118786671481,0.192303988722986,0.21076385685115,0.230415887111965,
0.251191783137003,0.273033793531268,0.295892248872636,0.31972383596219,
0.344490347744952,0.370157752534217,0.396695484754358,0.42407589370298,
0.452273807757534,0.48126618468468,0.511031827341332,0.541551149838043,
0.572805983201346,0.604779412349468,0.6374556381784,0.670819859994088,0.704858174586883,
0.739557489036558,0.77490544493564,0.810890352177645,0.84750113081172,0.884727259742564,
0.922558731273061,0.960986010660936,0.988703578539802),.UNSPECIFIED.);
#171=B_SPLINE_CURVE_WITH_KNOTS('',3,(#7641,#7642,#7643,#7644,#7645,#7646,
#7647,#7648,#7649,#7650,#7651,#7652,#7653,#7654,#7655,#7656,#7657,#7658,
#7659,#7660,#7661,#7662,#7663,#7664,#7665,#7666,#7667,#7668,#7669,#7670,
#7671,#7672,#7673,#7674,#7675,#7676,#7677),.UNSPECIFIED.,.F.,.F.,(4,1,1,
1,1,1,1,1,1,1,1,1,1,1,1,1,1,1,1,1,1,1,1,1,1,1,1,1,1,1,1,1,1,1,4),(0.,0.113487938645312,
0.121743445089471,0.132401255975108,0.145011747191338,0.159310699871886,
0.175118786671481,0.192303988722986,0.21076385685115,0.230415887111965,
0.251191783137003,0.273033793531268,0.295892248872636,0.31972383596219,
0.344490347744952,0.370157752534217,0.396695484754358,0.42407589370298,
0.452273807757534,0.48126618468468,0.511031827341332,0.541551149838043,
0.572805983201346,0.604779412349468,0.6374556381784,0.670819859994088,0.704858174586883,
0.739557489036558,0.77490544493564,0.810890352177645,0.84750113081172,0.884727259742564,
0.922558731273061,0.960986010660936,0.988703578539802),.UNSPECIFIED.);
#172=B_SPLINE_CURVE_WITH_KNOTS('',3,(#7704,#7705,#7706,#7707,#7708,#7709,
#7710,#7711,#7712,#7713,#7714,#7715,#7716,#7717,#7718,#7719,#7720,#7721,
#7722,#7723,#7724,#7725,#7726,#7727,#7728,#7729,#7730,#7731,#7732,#7733,
#7734,#7735,#7736,#7737,#7738,#7739,#7740),.UNSPECIFIED.,.F.,.F.,(4,1,1,
1,1,1,1,1,1,1,1,1,1,1,1,1,1,1,1,1,1,1,1,1,1,1,1,1,1,1,1,1,1,1,4),(0.,0.113487938645312,
0.121743445089471,0.132401255975108,0.145011747191338,0.159310699871886,
0.175118786671481,0.192303988722986,0.21076385685115,0.230415887111965,
0.251191783137003,0.273033793531268,0.295892248872636,0.31972383596219,
0.344490347744952,0.370157752534217,0.396695484754358,0.42407589370298,
0.452273807757534,0.48126618468468,0.511031827341332,0.541551149838043,
0.572805983201346,0.604779412349468,0.6374556381784,0.670819859994088,0.704858174586883,
0.739557489036558,0.77490544493564,0.810890352177645,0.84750113081172,0.884727259742564,
0.922558731273061,0.960986010660936,0.988703578539802),.UNSPECIFIED.);
#173=B_SPLINE_CURVE_WITH_KNOTS('',3,(#7782,#7783,#7784,#7785,#7786,#7787,
#7788,#7789,#7790,#7791,#7792,#7793,#7794,#7795,#7796,#7797,#7798,#7799,
#7800,#7801,#7802,#7803,#7804,#7805,#7806,#7807,#7808,#7809,#7810,#7811,
#7812,#7813,#7814,#7815,#7816,#7817,#7818),.UNSPECIFIED.,.F.,.F.,(4,1,1,
1,1,1,1,1,1,1,1,1,1,1,1,1,1,1,1,1,1,1,1,1,1,1,1,1,1,1,1,1,1,1,4),(0.,0.113487938645312,
0.121743445089471,0.132401255975108,0.145011747191338,0.159310699871886,
0.175118786671481,0.192303988722986,0.21076385685115,0.230415887111965,
0.251191783137003,0.273033793531268,0.295892248872636,0.31972383596219,
0.344490347744952,0.370157752534217,0.396695484754358,0.42407589370298,
0.452273807757534,0.48126618468468,0.511031827341332,0.541551149838043,
0.572805983201346,0.604779412349468,0.6374556381784,0.670819859994088,0.704858174586883,
0.739557489036558,0.77490544493564,0.810890352177645,0.84750113081172,0.884727259742564,
0.922558731273061,0.960986010660936,0.988703578539802),.UNSPECIFIED.);
#174=B_SPLINE_CURVE_WITH_KNOTS('',3,(#7845,#7846,#7847,#7848,#7849,#7850,
#7851,#7852,#7853,#7854,#7855,#7856,#7857,#7858,#7859,#7860,#7861,#7862,
#7863,#7864,#7865,#7866,#7867,#7868,#7869,#7870,#7871,#7872,#7873,#7874,
#7875,#7876,#7877,#7878,#7879,#7880,#7881),.UNSPECIFIED.,.F.,.F.,(4,1,1,
1,1,1,1,1,1,1,1,1,1,1,1,1,1,1,1,1,1,1,1,1,1,1,1,1,1,1,1,1,1,1,4),(0.,0.113487938645312,
0.121743445089471,0.132401255975108,0.145011747191338,0.159310699871886,
0.175118786671481,0.192303988722986,0.21076385685115,0.230415887111965,
0.251191783137003,0.273033793531268,0.295892248872636,0.31972383596219,
0.344490347744952,0.370157752534217,0.396695484754358,0.42407589370298,
0.452273807757534,0.48126618468468,0.511031827341332,0.541551149838043,
0.572805983201346,0.604779412349468,0.6374556381784,0.670819859994088,0.704858174586883,
0.739557489036558,0.77490544493564,0.810890352177645,0.84750113081172,0.884727259742564,
0.922558731273061,0.960986010660936,0.988703578539802),.UNSPECIFIED.);
#175=B_SPLINE_CURVE_WITH_KNOTS('',3,(#7923,#7924,#7925,#7926,#7927,#7928,
#7929,#7930,#7931,#7932,#7933,#7934,#7935,#7936,#7937,#7938,#7939,#7940,
#7941,#7942,#7943,#7944,#7945,#7946,#7947,#7948,#7949,#7950,#7951,#7952,
#7953,#7954,#7955,#7956,#7957,#7958,#7959),.UNSPECIFIED.,.F.,.F.,(4,1,1,
1,1,1,1,1,1,1,1,1,1,1,1,1,1,1,1,1,1,1,1,1,1,1,1,1,1,1,1,1,1,1,4),(0.,0.113487938645312,
0.121743445089471,0.132401255975108,0.145011747191338,0.159310699871886,
0.175118786671481,0.192303988722986,0.21076385685115,0.230415887111965,
0.251191783137003,0.273033793531268,0.295892248872636,0.31972383596219,
0.344490347744952,0.370157752534217,0.396695484754358,0.42407589370298,
0.452273807757534,0.48126618468468,0.511031827341332,0.541551149838043,
0.572805983201346,0.604779412349468,0.6374556381784,0.670819859994088,0.704858174586883,
0.739557489036558,0.77490544493564,0.810890352177645,0.84750113081172,0.884727259742564,
0.922558731273061,0.960986010660936,0.988703578539802),.UNSPECIFIED.);
#176=B_SPLINE_CURVE_WITH_KNOTS('',3,(#7986,#7987,#7988,#7989,#7990,#7991,
#7992,#7993,#7994,#7995,#7996,#7997,#7998,#7999,#8000,#8001,#8002,#8003,
#8004,#8005,#8006,#8007,#8008,#8009,#8010,#8011,#8012,#8013,#8014,#8015,
#8016,#8017,#8018,#8019,#8020,#8021,#8022),.UNSPECIFIED.,.F.,.F.,(4,1,1,
1,1,1,1,1,1,1,1,1,1,1,1,1,1,1,1,1,1,1,1,1,1,1,1,1,1,1,1,1,1,1,4),(0.,0.113487938645312,
0.121743445089471,0.132401255975108,0.145011747191338,0.159310699871886,
0.175118786671481,0.192303988722986,0.21076385685115,0.230415887111965,
0.251191783137003,0.273033793531268,0.295892248872636,0.31972383596219,
0.344490347744952,0.370157752534217,0.396695484754358,0.42407589370298,
0.452273807757534,0.48126618468468,0.511031827341332,0.541551149838043,
0.572805983201346,0.604779412349468,0.6374556381784,0.670819859994088,0.704858174586883,
0.739557489036558,0.77490544493564,0.810890352177645,0.84750113081172,0.884727259742564,
0.922558731273061,0.960986010660936,0.988703578539802),.UNSPECIFIED.);
#177=CIRCLE('',#3210,0.003937);
#178=CIRCLE('',#3212,0.00205);
#179=CIRCLE('',#3214,0.009017);
#180=CIRCLE('',#3218,0.005017);
#181=CIRCLE('',#3219,0.000312702252798496);
#182=CIRCLE('',#3220,0.006477);
#183=CIRCLE('',#3221,0.000312702252798496);
#184=CIRCLE('',#3223,0.005017);
#185=CIRCLE('',#3224,0.000312702252798496);
#186=CIRCLE('',#3225,0.006477);
#187=CIRCLE('',#3226,0.000312702252798496);
#188=CIRCLE('',#3228,0.005017);
#189=CIRCLE('',#3229,0.000312702252798496);
#190=CIRCLE('',#3230,0.006477);
#191=CIRCLE('',#3231,0.000312702252798496);
#192=CIRCLE('',#3233,0.005017);
#193=CIRCLE('',#3234,0.000312702252798496);
#194=CIRCLE('',#3235,0.006477);
#195=CIRCLE('',#3236,0.000312702252798496);
#196=CIRCLE('',#3238,0.005017);
#197=CIRCLE('',#3239,0.000312702252798496);
#198=CIRCLE('',#3240,0.006477);
#199=CIRCLE('',#3241,0.000312702252798496);
#200=CIRCLE('',#3243,0.005017);
#201=CIRCLE('',#3244,0.000312702252798496);
#202=CIRCLE('',#3245,0.006477);
#203=CIRCLE('',#3246,0.000312702252798496);
#204=CIRCLE('',#3248,0.005017);
#205=CIRCLE('',#3249,0.000312702252798496);
#206=CIRCLE('',#3250,0.006477);
#207=CIRCLE('',#3251,0.000312702252798496);
#208=CIRCLE('',#3253,0.005017);
#209=CIRCLE('',#3254,0.000312702252798496);
#210=CIRCLE('',#3255,0.006477);
#211=CIRCLE('',#3256,0.000312702252798496);
#212=CIRCLE('',#3258,0.005017);
#213=CIRCLE('',#3259,0.000312702252798496);
#214=CIRCLE('',#3260,0.006477);
#215=CIRCLE('',#3261,0.000312702252798496);
#216=CIRCLE('',#3263,0.005017);
#217=CIRCLE('',#3264,0.000312702252798496);
#218=CIRCLE('',#3265,0.006477);
#219=CIRCLE('',#3266,0.000312702252798496);
#220=CIRCLE('',#3268,0.005017);
#221=CIRCLE('',#3269,0.000312702252798496);
#222=CIRCLE('',#3270,0.006477);
#223=CIRCLE('',#3271,0.000312702252798496);
#224=CIRCLE('',#3273,0.005017);
#225=CIRCLE('',#3274,0.000312702252798496);
#226=CIRCLE('',#3275,0.006477);
#227=CIRCLE('',#3276,0.000312702252798496);
#228=CIRCLE('',#3278,0.005017);
#229=CIRCLE('',#3279,0.000312702252798496);
#230=CIRCLE('',#3280,0.006477);
#231=CIRCLE('',#3281,0.000312702252798496);
#232=CIRCLE('',#3283,0.005017);
#233=CIRCLE('',#3284,0.000312702252798496);
#234=CIRCLE('',#3285,0.006477);
#235=CIRCLE('',#3286,0.000312702252798496);
#236=CIRCLE('',#3288,0.005017);
#237=CIRCLE('',#3289,0.000312702252798496);
#238=CIRCLE('',#3290,0.006477);
#239=CIRCLE('',#3291,0.000312702252798496);
#240=CIRCLE('',#3293,0.006477);
#241=CIRCLE('',#3295,0.006477);
#242=CIRCLE('',#3297,0.006477);
#243=CIRCLE('',#3299,0.006477);
#244=CIRCLE('',#3301,0.006477);
#245=CIRCLE('',#3303,0.006477);
#246=CIRCLE('',#3305,0.006477);
#247=CIRCLE('',#3307,0.006477);
#248=CIRCLE('',#3309,0.006477);
#249=CIRCLE('',#3311,0.006477);
#250=CIRCLE('',#3313,0.006477);
#251=CIRCLE('',#3315,0.006477);
#252=CIRCLE('',#3317,0.006477);
#253=CIRCLE('',#3319,0.006477);
#254=CIRCLE('',#3321,0.006477);
#255=CIRCLE('',#3323,0.0047625);
#256=CIRCLE('',#3324,0.0047625);
#257=CIRCLE('',#3326,0.000312702252798496);
#258=CIRCLE('',#3327,0.000312702252798496);
#259=CIRCLE('',#3329,0.000312702252798496);
#260=CIRCLE('',#3330,0.000312702252798496);
#261=CIRCLE('',#3332,0.0047625);
#262=CIRCLE('',#3333,0.0047625);
#263=CIRCLE('',#3335,0.000312702252798496);
#264=CIRCLE('',#3336,0.000312702252798496);
#265=CIRCLE('',#3338,0.000312702252798496);
#266=CIRCLE('',#3339,0.000312702252798496);
#267=CIRCLE('',#3341,0.0047625);
#268=CIRCLE('',#3342,0.0047625);
#269=CIRCLE('',#3344,0.000312702252798496);
#270=CIRCLE('',#3345,0.000312702252798496);
#271=CIRCLE('',#3347,0.000312702252798496);
#272=CIRCLE('',#3348,0.000312702252798496);
#273=CIRCLE('',#3350,0.0047625);
#274=CIRCLE('',#3351,0.0047625);
#275=CIRCLE('',#3353,0.000312702252798496);
#276=CIRCLE('',#3354,0.000312702252798496);
#277=CIRCLE('',#3356,0.000312702252798496);
#278=CIRCLE('',#3357,0.000312702252798496);
#279=CIRCLE('',#3359,0.0047625);
#280=CIRCLE('',#3360,0.0047625);
#281=CIRCLE('',#3362,0.000312702252798496);
#282=CIRCLE('',#3363,0.000312702252798496);
#283=CIRCLE('',#3365,0.000312702252798496);
#284=CIRCLE('',#3366,0.000312702252798496);
#285=CIRCLE('',#3368,0.0047625);
#286=CIRCLE('',#3369,0.0047625);
#287=CIRCLE('',#3371,0.000312702252798496);
#288=CIRCLE('',#3372,0.000312702252798496);
#289=CIRCLE('',#3374,0.000312702252798496);
#290=CIRCLE('',#3375,0.000312702252798496);
#291=CIRCLE('',#3377,0.0047625);
#292=CIRCLE('',#3378,0.0047625);
#293=CIRCLE('',#3380,0.000312702252798496);
#294=CIRCLE('',#3381,0.000312702252798496);
#295=CIRCLE('',#3383,0.000312702252798496);
#296=CIRCLE('',#3384,0.000312702252798496);
#297=CIRCLE('',#3386,0.0047625);
#298=CIRCLE('',#3387,0.0047625);
#299=CIRCLE('',#3389,0.000312702252798496);
#300=CIRCLE('',#3390,0.000312702252798496);
#301=CIRCLE('',#3392,0.000312702252798496);
#302=CIRCLE('',#3393,0.000312702252798496);
#303=CIRCLE('',#3395,0.0047625);
#304=CIRCLE('',#3396,0.0047625);
#305=CIRCLE('',#3398,0.000312702252798496);
#306=CIRCLE('',#3399,0.000312702252798496);
#307=CIRCLE('',#3401,0.000312702252798496);
#308=CIRCLE('',#3402,0.000312702252798496);
#309=CIRCLE('',#3404,0.0047625);
#310=CIRCLE('',#3405,0.0047625);
#311=CIRCLE('',#3407,0.000312702252798496);
#312=CIRCLE('',#3408,0.000312702252798496);
#313=CIRCLE('',#3410,0.000312702252798496);
#314=CIRCLE('',#3411,0.000312702252798496);
#315=CIRCLE('',#3413,0.0047625);
#316=CIRCLE('',#3414,0.0047625);
#317=CIRCLE('',#3416,0.000312702252798496);
#318=CIRCLE('',#3417,0.000312702252798496);
#319=CIRCLE('',#3419,0.000312702252798496);
#320=CIRCLE('',#3420,0.000312702252798496);
#321=CIRCLE('',#3422,0.0047625);
#322=CIRCLE('',#3423,0.0047625);
#323=CIRCLE('',#3425,0.000312702252798496);
#324=CIRCLE('',#3426,0.000312702252798496);
#325=CIRCLE('',#3428,0.000312702252798496);
#326=CIRCLE('',#3429,0.000312702252798496);
#327=CIRCLE('',#3431,0.0047625);
#328=CIRCLE('',#3432,0.0047625);
#329=CIRCLE('',#3434,0.000312702252798496);
#330=CIRCLE('',#3435,0.000312702252798496);
#331=CIRCLE('',#3437,0.000312702252798496);
#332=CIRCLE('',#3438,0.000312702252798496);
#333=CIRCLE('',#3440,0.0047625);
#334=CIRCLE('',#3441,0.0047625);
#335=CIRCLE('',#3443,0.000312702252798496);
#336=CIRCLE('',#3444,0.000312702252798496);
#337=CIRCLE('',#3446,0.000312702252798496);
#338=CIRCLE('',#3447,0.000312702252798496);
#339=CIRCLE('',#3449,0.0047625);
#340=CIRCLE('',#3450,0.0047625);
#341=CIRCLE('',#3452,0.000312702252798496);
#342=CIRCLE('',#3453,0.000312702252798496);
#343=CIRCLE('',#3455,0.000312702252798496);
#344=CIRCLE('',#3456,0.000312702252798496);
#345=CIRCLE('',#3458,0.005017);
#346=CIRCLE('',#3460,0.005017);
#347=CIRCLE('',#3462,0.005017);
#348=CIRCLE('',#3464,0.005017);
#349=CIRCLE('',#3466,0.005017);
#350=CIRCLE('',#3468,0.005017);
#351=CIRCLE('',#3470,0.005017);
#352=CIRCLE('',#3472,0.005017);
#353=CIRCLE('',#3474,0.005017);
#354=CIRCLE('',#3476,0.005017);
#355=CIRCLE('',#3478,0.005017);
#356=CIRCLE('',#3480,0.005017);
#357=CIRCLE('',#3482,0.005017);
#358=CIRCLE('',#3484,0.005017);
#359=CIRCLE('',#3486,0.005017);
#360=CIRCLE('',#3487,0.005017);
#361=CIRCLE('',#3489,0.003937);
#362=CIRCLE('',#3492,0.009017);
#363=CIRCLE('',#3494,0.009017);
#364=CIRCLE('',#3496,0.009017);
#365=CIRCLE('',#3503,0.009017);
#366=CIRCLE('',#3505,0.00205);
#367=CIRCLE('',#3508,0.003937);
#368=CIRCLE('',#3511,0.009017);
#369=CIRCLE('',#3515,0.00205);
#370=CIRCLE('',#3557,0.003937);
#371=CIRCLE('',#3558,0.003937);
#372=ORIENTED_EDGE('',*,*,#1336,.T.);
#373=ORIENTED_EDGE('',*,*,#1337,.T.);
#374=ORIENTED_EDGE('',*,*,#1338,.T.);
#375=ORIENTED_EDGE('',*,*,#1339,.T.);
#376=ORIENTED_EDGE('',*,*,#1340,.T.);
#377=ORIENTED_EDGE('',*,*,#1341,.T.);
#378=ORIENTED_EDGE('',*,*,#1342,.F.);
#379=ORIENTED_EDGE('',*,*,#1343,.T.);
#380=ORIENTED_EDGE('',*,*,#1344,.T.);
#381=ORIENTED_EDGE('',*,*,#1345,.T.);
#382=ORIENTED_EDGE('',*,*,#1346,.T.);
#383=ORIENTED_EDGE('',*,*,#1347,.F.);
#384=ORIENTED_EDGE('',*,*,#1348,.T.);
#385=ORIENTED_EDGE('',*,*,#1349,.T.);
#386=ORIENTED_EDGE('',*,*,#1350,.T.);
#387=ORIENTED_EDGE('',*,*,#1351,.T.);
#388=ORIENTED_EDGE('',*,*,#1352,.T.);
#389=ORIENTED_EDGE('',*,*,#1353,.T.);
#390=ORIENTED_EDGE('',*,*,#1354,.F.);
#391=ORIENTED_EDGE('',*,*,#1355,.T.);
#392=ORIENTED_EDGE('',*,*,#1356,.T.);
#393=ORIENTED_EDGE('',*,*,#1357,.T.);
#394=ORIENTED_EDGE('',*,*,#1358,.T.);
#395=ORIENTED_EDGE('',*,*,#1359,.T.);
#396=ORIENTED_EDGE('',*,*,#1339,.F.);
#397=ORIENTED_EDGE('',*,*,#1360,.T.);
#398=ORIENTED_EDGE('',*,*,#1361,.T.);
#399=ORIENTED_EDGE('',*,*,#1362,.T.);
#400=ORIENTED_EDGE('',*,*,#1363,.T.);
#401=ORIENTED_EDGE('',*,*,#1364,.T.);
#402=ORIENTED_EDGE('',*,*,#1340,.F.);
#403=ORIENTED_EDGE('',*,*,#1365,.T.);
#404=ORIENTED_EDGE('',*,*,#1366,.T.);
#405=ORIENTED_EDGE('',*,*,#1367,.T.);
#406=ORIENTED_EDGE('',*,*,#1368,.T.);
#407=ORIENTED_EDGE('',*,*,#1369,.T.);
#408=ORIENTED_EDGE('',*,*,#1370,.F.);
#409=ORIENTED_EDGE('',*,*,#1371,.T.);
#410=ORIENTED_EDGE('',*,*,#1372,.F.);
#411=ORIENTED_EDGE('',*,*,#1373,.F.);
#412=ORIENTED_EDGE('',*,*,#1374,.T.);
#413=ORIENTED_EDGE('',*,*,#1375,.T.);
#414=ORIENTED_EDGE('',*,*,#1376,.F.);
#415=ORIENTED_EDGE('',*,*,#1377,.F.);
#416=ORIENTED_EDGE('',*,*,#1378,.F.);
#417=ORIENTED_EDGE('',*,*,#1379,.F.);
#418=ORIENTED_EDGE('',*,*,#1380,.T.);
#419=ORIENTED_EDGE('',*,*,#1381,.T.);
#420=ORIENTED_EDGE('',*,*,#1382,.F.);
#421=ORIENTED_EDGE('',*,*,#1383,.F.);
#422=ORIENTED_EDGE('',*,*,#1384,.F.);
#423=ORIENTED_EDGE('',*,*,#1385,.F.);
#424=ORIENTED_EDGE('',*,*,#1386,.T.);
#425=ORIENTED_EDGE('',*,*,#1387,.T.);
#426=ORIENTED_EDGE('',*,*,#1388,.F.);
#427=ORIENTED_EDGE('',*,*,#1389,.F.);
#428=ORIENTED_EDGE('',*,*,#1390,.F.);
#429=ORIENTED_EDGE('',*,*,#1391,.F.);
#430=ORIENTED_EDGE('',*,*,#1392,.T.);
#431=ORIENTED_EDGE('',*,*,#1393,.T.);
#432=ORIENTED_EDGE('',*,*,#1394,.F.);
#433=ORIENTED_EDGE('',*,*,#1395,.F.);
#434=ORIENTED_EDGE('',*,*,#1396,.F.);
#435=ORIENTED_EDGE('',*,*,#1397,.F.);
#436=ORIENTED_EDGE('',*,*,#1398,.T.);
#437=ORIENTED_EDGE('',*,*,#1399,.T.);
#438=ORIENTED_EDGE('',*,*,#1400,.F.);
#439=ORIENTED_EDGE('',*,*,#1401,.F.);
#440=ORIENTED_EDGE('',*,*,#1402,.F.);
#441=ORIENTED_EDGE('',*,*,#1403,.F.);
#442=ORIENTED_EDGE('',*,*,#1404,.T.);
#443=ORIENTED_EDGE('',*,*,#1405,.T.);
#444=ORIENTED_EDGE('',*,*,#1406,.F.);
#445=ORIENTED_EDGE('',*,*,#1407,.F.);
#446=ORIENTED_EDGE('',*,*,#1408,.F.);
#447=ORIENTED_EDGE('',*,*,#1409,.F.);
#448=ORIENTED_EDGE('',*,*,#1410,.T.);
#449=ORIENTED_EDGE('',*,*,#1411,.T.);
#450=ORIENTED_EDGE('',*,*,#1412,.F.);
#451=ORIENTED_EDGE('',*,*,#1413,.F.);
#452=ORIENTED_EDGE('',*,*,#1414,.F.);
#453=ORIENTED_EDGE('',*,*,#1415,.F.);
#454=ORIENTED_EDGE('',*,*,#1416,.T.);
#455=ORIENTED_EDGE('',*,*,#1417,.T.);
#456=ORIENTED_EDGE('',*,*,#1418,.F.);
#457=ORIENTED_EDGE('',*,*,#1419,.F.);
#458=ORIENTED_EDGE('',*,*,#1420,.F.);
#459=ORIENTED_EDGE('',*,*,#1421,.F.);
#460=ORIENTED_EDGE('',*,*,#1422,.T.);
#461=ORIENTED_EDGE('',*,*,#1423,.T.);
#462=ORIENTED_EDGE('',*,*,#1424,.F.);
#463=ORIENTED_EDGE('',*,*,#1425,.F.);
#464=ORIENTED_EDGE('',*,*,#1426,.F.);
#465=ORIENTED_EDGE('',*,*,#1427,.F.);
#466=ORIENTED_EDGE('',*,*,#1428,.T.);
#467=ORIENTED_EDGE('',*,*,#1429,.T.);
#468=ORIENTED_EDGE('',*,*,#1430,.F.);
#469=ORIENTED_EDGE('',*,*,#1431,.F.);
#470=ORIENTED_EDGE('',*,*,#1432,.F.);
#471=ORIENTED_EDGE('',*,*,#1433,.F.);
#472=ORIENTED_EDGE('',*,*,#1434,.T.);
#473=ORIENTED_EDGE('',*,*,#1435,.T.);
#474=ORIENTED_EDGE('',*,*,#1436,.F.);
#475=ORIENTED_EDGE('',*,*,#1437,.F.);
#476=ORIENTED_EDGE('',*,*,#1438,.F.);
#477=ORIENTED_EDGE('',*,*,#1439,.F.);
#478=ORIENTED_EDGE('',*,*,#1440,.T.);
#479=ORIENTED_EDGE('',*,*,#1441,.T.);
#480=ORIENTED_EDGE('',*,*,#1442,.F.);
#481=ORIENTED_EDGE('',*,*,#1443,.F.);
#482=ORIENTED_EDGE('',*,*,#1444,.F.);
#483=ORIENTED_EDGE('',*,*,#1445,.F.);
#484=ORIENTED_EDGE('',*,*,#1446,.T.);
#485=ORIENTED_EDGE('',*,*,#1447,.T.);
#486=ORIENTED_EDGE('',*,*,#1448,.F.);
#487=ORIENTED_EDGE('',*,*,#1449,.F.);
#488=ORIENTED_EDGE('',*,*,#1450,.F.);
#489=ORIENTED_EDGE('',*,*,#1451,.F.);
#490=ORIENTED_EDGE('',*,*,#1452,.T.);
#491=ORIENTED_EDGE('',*,*,#1453,.T.);
#492=ORIENTED_EDGE('',*,*,#1454,.F.);
#493=ORIENTED_EDGE('',*,*,#1455,.F.);
#494=ORIENTED_EDGE('',*,*,#1456,.F.);
#495=ORIENTED_EDGE('',*,*,#1457,.F.);
#496=ORIENTED_EDGE('',*,*,#1458,.T.);
#497=ORIENTED_EDGE('',*,*,#1459,.T.);
#498=ORIENTED_EDGE('',*,*,#1460,.F.);
#499=ORIENTED_EDGE('',*,*,#1461,.F.);
#500=ORIENTED_EDGE('',*,*,#1462,.F.);
#501=ORIENTED_EDGE('',*,*,#1411,.F.);
#502=ORIENTED_EDGE('',*,*,#1463,.T.);
#503=ORIENTED_EDGE('',*,*,#1464,.T.);
#504=ORIENTED_EDGE('',*,*,#1465,.F.);
#505=ORIENTED_EDGE('',*,*,#1405,.F.);
#506=ORIENTED_EDGE('',*,*,#1466,.T.);
#507=ORIENTED_EDGE('',*,*,#1467,.T.);
#508=ORIENTED_EDGE('',*,*,#1468,.F.);
#509=ORIENTED_EDGE('',*,*,#1393,.F.);
#510=ORIENTED_EDGE('',*,*,#1469,.T.);
#511=ORIENTED_EDGE('',*,*,#1470,.T.);
#512=ORIENTED_EDGE('',*,*,#1399,.F.);
#513=ORIENTED_EDGE('',*,*,#1471,.T.);
#514=ORIENTED_EDGE('',*,*,#1472,.T.);
#515=ORIENTED_EDGE('',*,*,#1473,.F.);
#516=ORIENTED_EDGE('',*,*,#1474,.F.);
#517=ORIENTED_EDGE('',*,*,#1423,.F.);
#518=ORIENTED_EDGE('',*,*,#1475,.T.);
#519=ORIENTED_EDGE('',*,*,#1476,.T.);
#520=ORIENTED_EDGE('',*,*,#1417,.F.);
#521=ORIENTED_EDGE('',*,*,#1477,.T.);
#522=ORIENTED_EDGE('',*,*,#1478,.T.);
#523=ORIENTED_EDGE('',*,*,#1479,.F.);
#524=ORIENTED_EDGE('',*,*,#1429,.F.);
#525=ORIENTED_EDGE('',*,*,#1480,.T.);
#526=ORIENTED_EDGE('',*,*,#1481,.T.);
#527=ORIENTED_EDGE('',*,*,#1482,.F.);
#528=ORIENTED_EDGE('',*,*,#1435,.F.);
#529=ORIENTED_EDGE('',*,*,#1483,.T.);
#530=ORIENTED_EDGE('',*,*,#1484,.T.);
#531=ORIENTED_EDGE('',*,*,#1485,.F.);
#532=ORIENTED_EDGE('',*,*,#1486,.F.);
#533=ORIENTED_EDGE('',*,*,#1375,.F.);
#534=ORIENTED_EDGE('',*,*,#1487,.T.);
#535=ORIENTED_EDGE('',*,*,#1488,.T.);
#536=ORIENTED_EDGE('',*,*,#1381,.F.);
#537=ORIENTED_EDGE('',*,*,#1489,.T.);
#538=ORIENTED_EDGE('',*,*,#1490,.T.);
#539=ORIENTED_EDGE('',*,*,#1491,.F.);
#540=ORIENTED_EDGE('',*,*,#1492,.F.);
#541=ORIENTED_EDGE('',*,*,#1459,.F.);
#542=ORIENTED_EDGE('',*,*,#1493,.T.);
#543=ORIENTED_EDGE('',*,*,#1494,.T.);
#544=ORIENTED_EDGE('',*,*,#1495,.F.);
#545=ORIENTED_EDGE('',*,*,#1453,.F.);
#546=ORIENTED_EDGE('',*,*,#1496,.T.);
#547=ORIENTED_EDGE('',*,*,#1497,.T.);
#548=ORIENTED_EDGE('',*,*,#1441,.F.);
#549=ORIENTED_EDGE('',*,*,#1498,.T.);
#550=ORIENTED_EDGE('',*,*,#1499,.T.);
#551=ORIENTED_EDGE('',*,*,#1500,.F.);
#552=ORIENTED_EDGE('',*,*,#1447,.F.);
#553=ORIENTED_EDGE('',*,*,#1501,.T.);
#554=ORIENTED_EDGE('',*,*,#1502,.T.);
#555=ORIENTED_EDGE('',*,*,#1503,.F.);
#556=ORIENTED_EDGE('',*,*,#1387,.F.);
#557=ORIENTED_EDGE('',*,*,#1504,.T.);
#558=ORIENTED_EDGE('',*,*,#1505,.T.);
#559=ORIENTED_EDGE('',*,*,#1506,.F.);
#560=ORIENTED_EDGE('',*,*,#1388,.T.);
#561=ORIENTED_EDGE('',*,*,#1506,.T.);
#562=ORIENTED_EDGE('',*,*,#1507,.F.);
#563=ORIENTED_EDGE('',*,*,#1508,.F.);
#564=ORIENTED_EDGE('',*,*,#1509,.T.);
#565=ORIENTED_EDGE('',*,*,#1469,.F.);
#566=ORIENTED_EDGE('',*,*,#1392,.F.);
#567=ORIENTED_EDGE('',*,*,#1510,.F.);
#568=ORIENTED_EDGE('',*,*,#1511,.T.);
#569=ORIENTED_EDGE('',*,*,#1512,.F.);
#570=ORIENTED_EDGE('',*,*,#1513,.F.);
#571=ORIENTED_EDGE('',*,*,#1514,.F.);
#572=ORIENTED_EDGE('',*,*,#1515,.T.);
#573=ORIENTED_EDGE('',*,*,#1389,.T.);
#574=ORIENTED_EDGE('',*,*,#1508,.T.);
#575=ORIENTED_EDGE('',*,*,#1516,.T.);
#576=ORIENTED_EDGE('',*,*,#1514,.T.);
#577=ORIENTED_EDGE('',*,*,#1391,.T.);
#578=ORIENTED_EDGE('',*,*,#1517,.T.);
#579=ORIENTED_EDGE('',*,*,#1512,.T.);
#580=ORIENTED_EDGE('',*,*,#1518,.T.);
#581=ORIENTED_EDGE('',*,*,#1510,.T.);
#582=ORIENTED_EDGE('',*,*,#1448,.T.);
#583=ORIENTED_EDGE('',*,*,#1503,.T.);
#584=ORIENTED_EDGE('',*,*,#1519,.F.);
#585=ORIENTED_EDGE('',*,*,#1520,.F.);
#586=ORIENTED_EDGE('',*,*,#1521,.T.);
#587=ORIENTED_EDGE('',*,*,#1496,.F.);
#588=ORIENTED_EDGE('',*,*,#1452,.F.);
#589=ORIENTED_EDGE('',*,*,#1522,.F.);
#590=ORIENTED_EDGE('',*,*,#1523,.T.);
#591=ORIENTED_EDGE('',*,*,#1524,.F.);
#592=ORIENTED_EDGE('',*,*,#1525,.F.);
#593=ORIENTED_EDGE('',*,*,#1526,.F.);
#594=ORIENTED_EDGE('',*,*,#1527,.T.);
#595=ORIENTED_EDGE('',*,*,#1449,.T.);
#596=ORIENTED_EDGE('',*,*,#1520,.T.);
#597=ORIENTED_EDGE('',*,*,#1528,.T.);
#598=ORIENTED_EDGE('',*,*,#1526,.T.);
#599=ORIENTED_EDGE('',*,*,#1451,.T.);
#600=ORIENTED_EDGE('',*,*,#1529,.T.);
#601=ORIENTED_EDGE('',*,*,#1524,.T.);
#602=ORIENTED_EDGE('',*,*,#1530,.T.);
#603=ORIENTED_EDGE('',*,*,#1522,.T.);
#604=ORIENTED_EDGE('',*,*,#1442,.T.);
#605=ORIENTED_EDGE('',*,*,#1500,.T.);
#606=ORIENTED_EDGE('',*,*,#1531,.F.);
#607=ORIENTED_EDGE('',*,*,#1532,.F.);
#608=ORIENTED_EDGE('',*,*,#1533,.T.);
#609=ORIENTED_EDGE('',*,*,#1501,.F.);
#610=ORIENTED_EDGE('',*,*,#1446,.F.);
#611=ORIENTED_EDGE('',*,*,#1534,.F.);
#612=ORIENTED_EDGE('',*,*,#1535,.T.);
#613=ORIENTED_EDGE('',*,*,#1536,.F.);
#614=ORIENTED_EDGE('',*,*,#1537,.F.);
#615=ORIENTED_EDGE('',*,*,#1538,.F.);
#616=ORIENTED_EDGE('',*,*,#1539,.T.);
#617=ORIENTED_EDGE('',*,*,#1443,.T.);
#618=ORIENTED_EDGE('',*,*,#1532,.T.);
#619=ORIENTED_EDGE('',*,*,#1540,.T.);
#620=ORIENTED_EDGE('',*,*,#1538,.T.);
#621=ORIENTED_EDGE('',*,*,#1445,.T.);
#622=ORIENTED_EDGE('',*,*,#1541,.T.);
#623=ORIENTED_EDGE('',*,*,#1536,.T.);
#624=ORIENTED_EDGE('',*,*,#1542,.T.);
#625=ORIENTED_EDGE('',*,*,#1534,.T.);
#626=ORIENTED_EDGE('',*,*,#1454,.T.);
#627=ORIENTED_EDGE('',*,*,#1495,.T.);
#628=ORIENTED_EDGE('',*,*,#1543,.F.);
#629=ORIENTED_EDGE('',*,*,#1544,.F.);
#630=ORIENTED_EDGE('',*,*,#1545,.T.);
#631=ORIENTED_EDGE('',*,*,#1493,.F.);
#632=ORIENTED_EDGE('',*,*,#1458,.F.);
#633=ORIENTED_EDGE('',*,*,#1546,.F.);
#634=ORIENTED_EDGE('',*,*,#1547,.T.);
#635=ORIENTED_EDGE('',*,*,#1548,.F.);
#636=ORIENTED_EDGE('',*,*,#1549,.F.);
#637=ORIENTED_EDGE('',*,*,#1550,.F.);
#638=ORIENTED_EDGE('',*,*,#1551,.T.);
#639=ORIENTED_EDGE('',*,*,#1455,.T.);
#640=ORIENTED_EDGE('',*,*,#1544,.T.);
#641=ORIENTED_EDGE('',*,*,#1552,.T.);
#642=ORIENTED_EDGE('',*,*,#1550,.T.);
#643=ORIENTED_EDGE('',*,*,#1457,.T.);
#644=ORIENTED_EDGE('',*,*,#1553,.T.);
#645=ORIENTED_EDGE('',*,*,#1548,.T.);
#646=ORIENTED_EDGE('',*,*,#1554,.T.);
#647=ORIENTED_EDGE('',*,*,#1546,.T.);
#648=ORIENTED_EDGE('',*,*,#1460,.T.);
#649=ORIENTED_EDGE('',*,*,#1492,.T.);
#650=ORIENTED_EDGE('',*,*,#1555,.F.);
#651=ORIENTED_EDGE('',*,*,#1556,.F.);
#652=ORIENTED_EDGE('',*,*,#1557,.T.);
#653=ORIENTED_EDGE('',*,*,#1487,.F.);
#654=ORIENTED_EDGE('',*,*,#1374,.F.);
#655=ORIENTED_EDGE('',*,*,#1558,.F.);
#656=ORIENTED_EDGE('',*,*,#1559,.T.);
#657=ORIENTED_EDGE('',*,*,#1560,.F.);
#658=ORIENTED_EDGE('',*,*,#1561,.F.);
#659=ORIENTED_EDGE('',*,*,#1562,.F.);
#660=ORIENTED_EDGE('',*,*,#1563,.T.);
#661=ORIENTED_EDGE('',*,*,#1461,.T.);
#662=ORIENTED_EDGE('',*,*,#1556,.T.);
#663=ORIENTED_EDGE('',*,*,#1564,.T.);
#664=ORIENTED_EDGE('',*,*,#1562,.T.);
#665=ORIENTED_EDGE('',*,*,#1373,.T.);
#666=ORIENTED_EDGE('',*,*,#1565,.T.);
#667=ORIENTED_EDGE('',*,*,#1560,.T.);
#668=ORIENTED_EDGE('',*,*,#1566,.T.);
#669=ORIENTED_EDGE('',*,*,#1558,.T.);
#670=ORIENTED_EDGE('',*,*,#1382,.T.);
#671=ORIENTED_EDGE('',*,*,#1491,.T.);
#672=ORIENTED_EDGE('',*,*,#1567,.F.);
#673=ORIENTED_EDGE('',*,*,#1568,.F.);
#674=ORIENTED_EDGE('',*,*,#1569,.T.);
#675=ORIENTED_EDGE('',*,*,#1504,.F.);
#676=ORIENTED_EDGE('',*,*,#1386,.F.);
#677=ORIENTED_EDGE('',*,*,#1570,.F.);
#678=ORIENTED_EDGE('',*,*,#1571,.T.);
#679=ORIENTED_EDGE('',*,*,#1572,.F.);
#680=ORIENTED_EDGE('',*,*,#1573,.F.);
#681=ORIENTED_EDGE('',*,*,#1574,.F.);
#682=ORIENTED_EDGE('',*,*,#1575,.T.);
#683=ORIENTED_EDGE('',*,*,#1383,.T.);
#684=ORIENTED_EDGE('',*,*,#1568,.T.);
#685=ORIENTED_EDGE('',*,*,#1576,.T.);
#686=ORIENTED_EDGE('',*,*,#1574,.T.);
#687=ORIENTED_EDGE('',*,*,#1385,.T.);
#688=ORIENTED_EDGE('',*,*,#1577,.T.);
#689=ORIENTED_EDGE('',*,*,#1572,.T.);
#690=ORIENTED_EDGE('',*,*,#1578,.T.);
#691=ORIENTED_EDGE('',*,*,#1570,.T.);
#692=ORIENTED_EDGE('',*,*,#1376,.T.);
#693=ORIENTED_EDGE('',*,*,#1486,.T.);
#694=ORIENTED_EDGE('',*,*,#1579,.F.);
#695=ORIENTED_EDGE('',*,*,#1580,.F.);
#696=ORIENTED_EDGE('',*,*,#1581,.T.);
#697=ORIENTED_EDGE('',*,*,#1489,.F.);
#698=ORIENTED_EDGE('',*,*,#1380,.F.);
#699=ORIENTED_EDGE('',*,*,#1582,.F.);
#700=ORIENTED_EDGE('',*,*,#1583,.T.);
#701=ORIENTED_EDGE('',*,*,#1584,.F.);
#702=ORIENTED_EDGE('',*,*,#1585,.F.);
#703=ORIENTED_EDGE('',*,*,#1586,.F.);
#704=ORIENTED_EDGE('',*,*,#1587,.T.);
#705=ORIENTED_EDGE('',*,*,#1377,.T.);
#706=ORIENTED_EDGE('',*,*,#1580,.T.);
#707=ORIENTED_EDGE('',*,*,#1588,.T.);
#708=ORIENTED_EDGE('',*,*,#1586,.T.);
#709=ORIENTED_EDGE('',*,*,#1379,.T.);
#710=ORIENTED_EDGE('',*,*,#1589,.T.);
#711=ORIENTED_EDGE('',*,*,#1584,.T.);
#712=ORIENTED_EDGE('',*,*,#1590,.T.);
#713=ORIENTED_EDGE('',*,*,#1582,.T.);
#714=ORIENTED_EDGE('',*,*,#1436,.T.);
#715=ORIENTED_EDGE('',*,*,#1485,.T.);
#716=ORIENTED_EDGE('',*,*,#1591,.F.);
#717=ORIENTED_EDGE('',*,*,#1592,.F.);
#718=ORIENTED_EDGE('',*,*,#1593,.T.);
#719=ORIENTED_EDGE('',*,*,#1498,.F.);
#720=ORIENTED_EDGE('',*,*,#1440,.F.);
#721=ORIENTED_EDGE('',*,*,#1594,.F.);
#722=ORIENTED_EDGE('',*,*,#1595,.T.);
#723=ORIENTED_EDGE('',*,*,#1596,.F.);
#724=ORIENTED_EDGE('',*,*,#1597,.F.);
#725=ORIENTED_EDGE('',*,*,#1598,.F.);
#726=ORIENTED_EDGE('',*,*,#1599,.T.);
#727=ORIENTED_EDGE('',*,*,#1437,.T.);
#728=ORIENTED_EDGE('',*,*,#1592,.T.);
#729=ORIENTED_EDGE('',*,*,#1600,.T.);
#730=ORIENTED_EDGE('',*,*,#1598,.T.);
#731=ORIENTED_EDGE('',*,*,#1439,.T.);
#732=ORIENTED_EDGE('',*,*,#1601,.T.);
#733=ORIENTED_EDGE('',*,*,#1596,.T.);
#734=ORIENTED_EDGE('',*,*,#1602,.T.);
#735=ORIENTED_EDGE('',*,*,#1594,.T.);
#736=ORIENTED_EDGE('',*,*,#1430,.T.);
#737=ORIENTED_EDGE('',*,*,#1482,.T.);
#738=ORIENTED_EDGE('',*,*,#1603,.F.);
#739=ORIENTED_EDGE('',*,*,#1604,.F.);
#740=ORIENTED_EDGE('',*,*,#1605,.T.);
#741=ORIENTED_EDGE('',*,*,#1483,.F.);
#742=ORIENTED_EDGE('',*,*,#1434,.F.);
#743=ORIENTED_EDGE('',*,*,#1606,.F.);
#744=ORIENTED_EDGE('',*,*,#1607,.T.);
#745=ORIENTED_EDGE('',*,*,#1608,.F.);
#746=ORIENTED_EDGE('',*,*,#1609,.F.);
#747=ORIENTED_EDGE('',*,*,#1610,.F.);
#748=ORIENTED_EDGE('',*,*,#1611,.T.);
#749=ORIENTED_EDGE('',*,*,#1431,.T.);
#750=ORIENTED_EDGE('',*,*,#1604,.T.);
#751=ORIENTED_EDGE('',*,*,#1612,.T.);
#752=ORIENTED_EDGE('',*,*,#1610,.T.);
#753=ORIENTED_EDGE('',*,*,#1433,.T.);
#754=ORIENTED_EDGE('',*,*,#1613,.T.);
#755=ORIENTED_EDGE('',*,*,#1608,.T.);
#756=ORIENTED_EDGE('',*,*,#1614,.T.);
#757=ORIENTED_EDGE('',*,*,#1606,.T.);
#758=ORIENTED_EDGE('',*,*,#1418,.T.);
#759=ORIENTED_EDGE('',*,*,#1479,.T.);
#760=ORIENTED_EDGE('',*,*,#1615,.F.);
#761=ORIENTED_EDGE('',*,*,#1616,.F.);
#762=ORIENTED_EDGE('',*,*,#1617,.T.);
#763=ORIENTED_EDGE('',*,*,#1475,.F.);
#764=ORIENTED_EDGE('',*,*,#1422,.F.);
#765=ORIENTED_EDGE('',*,*,#1618,.F.);
#766=ORIENTED_EDGE('',*,*,#1619,.T.);
#767=ORIENTED_EDGE('',*,*,#1620,.F.);
#768=ORIENTED_EDGE('',*,*,#1621,.F.);
#769=ORIENTED_EDGE('',*,*,#1622,.F.);
#770=ORIENTED_EDGE('',*,*,#1623,.T.);
#771=ORIENTED_EDGE('',*,*,#1419,.T.);
#772=ORIENTED_EDGE('',*,*,#1616,.T.);
#773=ORIENTED_EDGE('',*,*,#1624,.T.);
#774=ORIENTED_EDGE('',*,*,#1622,.T.);
#775=ORIENTED_EDGE('',*,*,#1421,.T.);
#776=ORIENTED_EDGE('',*,*,#1625,.T.);
#777=ORIENTED_EDGE('',*,*,#1620,.T.);
#778=ORIENTED_EDGE('',*,*,#1626,.T.);
#779=ORIENTED_EDGE('',*,*,#1618,.T.);
#780=ORIENTED_EDGE('',*,*,#1424,.T.);
#781=ORIENTED_EDGE('',*,*,#1474,.T.);
#782=ORIENTED_EDGE('',*,*,#1627,.F.);
#783=ORIENTED_EDGE('',*,*,#1628,.F.);
#784=ORIENTED_EDGE('',*,*,#1629,.T.);
#785=ORIENTED_EDGE('',*,*,#1480,.F.);
#786=ORIENTED_EDGE('',*,*,#1428,.F.);
#787=ORIENTED_EDGE('',*,*,#1630,.F.);
#788=ORIENTED_EDGE('',*,*,#1631,.T.);
#789=ORIENTED_EDGE('',*,*,#1632,.F.);
#790=ORIENTED_EDGE('',*,*,#1633,.F.);
#791=ORIENTED_EDGE('',*,*,#1634,.F.);
#792=ORIENTED_EDGE('',*,*,#1635,.T.);
#793=ORIENTED_EDGE('',*,*,#1425,.T.);
#794=ORIENTED_EDGE('',*,*,#1628,.T.);
#795=ORIENTED_EDGE('',*,*,#1636,.T.);
#796=ORIENTED_EDGE('',*,*,#1634,.T.);
#797=ORIENTED_EDGE('',*,*,#1427,.T.);
#798=ORIENTED_EDGE('',*,*,#1637,.T.);
#799=ORIENTED_EDGE('',*,*,#1632,.T.);
#800=ORIENTED_EDGE('',*,*,#1638,.T.);
#801=ORIENTED_EDGE('',*,*,#1630,.T.);
#802=ORIENTED_EDGE('',*,*,#1400,.T.);
#803=ORIENTED_EDGE('',*,*,#1473,.T.);
#804=ORIENTED_EDGE('',*,*,#1639,.F.);
#805=ORIENTED_EDGE('',*,*,#1640,.F.);
#806=ORIENTED_EDGE('',*,*,#1641,.T.);
#807=ORIENTED_EDGE('',*,*,#1466,.F.);
#808=ORIENTED_EDGE('',*,*,#1404,.F.);
#809=ORIENTED_EDGE('',*,*,#1642,.F.);
#810=ORIENTED_EDGE('',*,*,#1643,.T.);
#811=ORIENTED_EDGE('',*,*,#1644,.F.);
#812=ORIENTED_EDGE('',*,*,#1645,.F.);
#813=ORIENTED_EDGE('',*,*,#1646,.F.);
#814=ORIENTED_EDGE('',*,*,#1647,.T.);
#815=ORIENTED_EDGE('',*,*,#1401,.T.);
#816=ORIENTED_EDGE('',*,*,#1640,.T.);
#817=ORIENTED_EDGE('',*,*,#1648,.T.);
#818=ORIENTED_EDGE('',*,*,#1646,.T.);
#819=ORIENTED_EDGE('',*,*,#1403,.T.);
#820=ORIENTED_EDGE('',*,*,#1649,.T.);
#821=ORIENTED_EDGE('',*,*,#1644,.T.);
#822=ORIENTED_EDGE('',*,*,#1650,.T.);
#823=ORIENTED_EDGE('',*,*,#1642,.T.);
#824=ORIENTED_EDGE('',*,*,#1394,.T.);
#825=ORIENTED_EDGE('',*,*,#1468,.T.);
#826=ORIENTED_EDGE('',*,*,#1651,.F.);
#827=ORIENTED_EDGE('',*,*,#1652,.F.);
#828=ORIENTED_EDGE('',*,*,#1653,.T.);
#829=ORIENTED_EDGE('',*,*,#1471,.F.);
#830=ORIENTED_EDGE('',*,*,#1398,.F.);
#831=ORIENTED_EDGE('',*,*,#1654,.F.);
#832=ORIENTED_EDGE('',*,*,#1655,.T.);
#833=ORIENTED_EDGE('',*,*,#1656,.F.);
#834=ORIENTED_EDGE('',*,*,#1657,.F.);
#835=ORIENTED_EDGE('',*,*,#1658,.F.);
#836=ORIENTED_EDGE('',*,*,#1659,.T.);
#837=ORIENTED_EDGE('',*,*,#1395,.T.);
#838=ORIENTED_EDGE('',*,*,#1652,.T.);
#839=ORIENTED_EDGE('',*,*,#1660,.T.);
#840=ORIENTED_EDGE('',*,*,#1658,.T.);
#841=ORIENTED_EDGE('',*,*,#1397,.T.);
#842=ORIENTED_EDGE('',*,*,#1661,.T.);
#843=ORIENTED_EDGE('',*,*,#1656,.T.);
#844=ORIENTED_EDGE('',*,*,#1662,.T.);
#845=ORIENTED_EDGE('',*,*,#1654,.T.);
#846=ORIENTED_EDGE('',*,*,#1406,.T.);
#847=ORIENTED_EDGE('',*,*,#1465,.T.);
#848=ORIENTED_EDGE('',*,*,#1663,.F.);
#849=ORIENTED_EDGE('',*,*,#1664,.F.);
#850=ORIENTED_EDGE('',*,*,#1665,.T.);
#851=ORIENTED_EDGE('',*,*,#1463,.F.);
#852=ORIENTED_EDGE('',*,*,#1410,.F.);
#853=ORIENTED_EDGE('',*,*,#1666,.F.);
#854=ORIENTED_EDGE('',*,*,#1667,.T.);
#855=ORIENTED_EDGE('',*,*,#1668,.F.);
#856=ORIENTED_EDGE('',*,*,#1669,.F.);
#857=ORIENTED_EDGE('',*,*,#1670,.F.);
#858=ORIENTED_EDGE('',*,*,#1671,.T.);
#859=ORIENTED_EDGE('',*,*,#1407,.T.);
#860=ORIENTED_EDGE('',*,*,#1664,.T.);
#861=ORIENTED_EDGE('',*,*,#1672,.T.);
#862=ORIENTED_EDGE('',*,*,#1670,.T.);
#863=ORIENTED_EDGE('',*,*,#1409,.T.);
#864=ORIENTED_EDGE('',*,*,#1673,.T.);
#865=ORIENTED_EDGE('',*,*,#1668,.T.);
#866=ORIENTED_EDGE('',*,*,#1674,.T.);
#867=ORIENTED_EDGE('',*,*,#1666,.T.);
#868=ORIENTED_EDGE('',*,*,#1412,.T.);
#869=ORIENTED_EDGE('',*,*,#1462,.T.);
#870=ORIENTED_EDGE('',*,*,#1675,.F.);
#871=ORIENTED_EDGE('',*,*,#1676,.F.);
#872=ORIENTED_EDGE('',*,*,#1677,.T.);
#873=ORIENTED_EDGE('',*,*,#1477,.F.);
#874=ORIENTED_EDGE('',*,*,#1416,.F.);
#875=ORIENTED_EDGE('',*,*,#1678,.F.);
#876=ORIENTED_EDGE('',*,*,#1679,.T.);
#877=ORIENTED_EDGE('',*,*,#1680,.F.);
#878=ORIENTED_EDGE('',*,*,#1681,.F.);
#879=ORIENTED_EDGE('',*,*,#1682,.F.);
#880=ORIENTED_EDGE('',*,*,#1683,.T.);
#881=ORIENTED_EDGE('',*,*,#1413,.T.);
#882=ORIENTED_EDGE('',*,*,#1676,.T.);
#883=ORIENTED_EDGE('',*,*,#1684,.T.);
#884=ORIENTED_EDGE('',*,*,#1682,.T.);
#885=ORIENTED_EDGE('',*,*,#1415,.T.);
#886=ORIENTED_EDGE('',*,*,#1685,.T.);
#887=ORIENTED_EDGE('',*,*,#1680,.T.);
#888=ORIENTED_EDGE('',*,*,#1686,.T.);
#889=ORIENTED_EDGE('',*,*,#1678,.T.);
#890=ORIENTED_EDGE('',*,*,#1623,.F.);
#891=ORIENTED_EDGE('',*,*,#1621,.T.);
#892=ORIENTED_EDGE('',*,*,#1625,.F.);
#893=ORIENTED_EDGE('',*,*,#1687,.F.);
#894=ORIENTED_EDGE('',*,*,#1635,.F.);
#895=ORIENTED_EDGE('',*,*,#1633,.T.);
#896=ORIENTED_EDGE('',*,*,#1637,.F.);
#897=ORIENTED_EDGE('',*,*,#1688,.F.);
#898=ORIENTED_EDGE('',*,*,#1611,.F.);
#899=ORIENTED_EDGE('',*,*,#1609,.T.);
#900=ORIENTED_EDGE('',*,*,#1613,.F.);
#901=ORIENTED_EDGE('',*,*,#1689,.F.);
#902=ORIENTED_EDGE('',*,*,#1599,.F.);
#903=ORIENTED_EDGE('',*,*,#1597,.T.);
#904=ORIENTED_EDGE('',*,*,#1601,.F.);
#905=ORIENTED_EDGE('',*,*,#1690,.F.);
#906=ORIENTED_EDGE('',*,*,#1539,.F.);
#907=ORIENTED_EDGE('',*,*,#1537,.T.);
#908=ORIENTED_EDGE('',*,*,#1541,.F.);
#909=ORIENTED_EDGE('',*,*,#1691,.F.);
#910=ORIENTED_EDGE('',*,*,#1527,.F.);
#911=ORIENTED_EDGE('',*,*,#1525,.T.);
#912=ORIENTED_EDGE('',*,*,#1529,.F.);
#913=ORIENTED_EDGE('',*,*,#1692,.F.);
#914=ORIENTED_EDGE('',*,*,#1551,.F.);
#915=ORIENTED_EDGE('',*,*,#1549,.T.);
#916=ORIENTED_EDGE('',*,*,#1553,.F.);
#917=ORIENTED_EDGE('',*,*,#1693,.F.);
#918=ORIENTED_EDGE('',*,*,#1563,.F.);
#919=ORIENTED_EDGE('',*,*,#1561,.T.);
#920=ORIENTED_EDGE('',*,*,#1565,.F.);
#921=ORIENTED_EDGE('',*,*,#1694,.F.);
#922=ORIENTED_EDGE('',*,*,#1587,.F.);
#923=ORIENTED_EDGE('',*,*,#1585,.T.);
#924=ORIENTED_EDGE('',*,*,#1589,.F.);
#925=ORIENTED_EDGE('',*,*,#1695,.F.);
#926=ORIENTED_EDGE('',*,*,#1575,.F.);
#927=ORIENTED_EDGE('',*,*,#1573,.T.);
#928=ORIENTED_EDGE('',*,*,#1577,.F.);
#929=ORIENTED_EDGE('',*,*,#1696,.F.);
#930=ORIENTED_EDGE('',*,*,#1515,.F.);
#931=ORIENTED_EDGE('',*,*,#1513,.T.);
#932=ORIENTED_EDGE('',*,*,#1517,.F.);
#933=ORIENTED_EDGE('',*,*,#1697,.F.);
#934=ORIENTED_EDGE('',*,*,#1659,.F.);
#935=ORIENTED_EDGE('',*,*,#1657,.T.);
#936=ORIENTED_EDGE('',*,*,#1661,.F.);
#937=ORIENTED_EDGE('',*,*,#1698,.F.);
#938=ORIENTED_EDGE('',*,*,#1647,.F.);
#939=ORIENTED_EDGE('',*,*,#1645,.T.);
#940=ORIENTED_EDGE('',*,*,#1649,.F.);
#941=ORIENTED_EDGE('',*,*,#1699,.F.);
#942=ORIENTED_EDGE('',*,*,#1671,.F.);
#943=ORIENTED_EDGE('',*,*,#1669,.T.);
#944=ORIENTED_EDGE('',*,*,#1673,.F.);
#945=ORIENTED_EDGE('',*,*,#1700,.F.);
#946=ORIENTED_EDGE('',*,*,#1701,.F.);
#947=ORIENTED_EDGE('',*,*,#1694,.T.);
#948=ORIENTED_EDGE('',*,*,#1372,.T.);
#949=ORIENTED_EDGE('',*,*,#1695,.T.);
#950=ORIENTED_EDGE('',*,*,#1378,.T.);
#951=ORIENTED_EDGE('',*,*,#1696,.T.);
#952=ORIENTED_EDGE('',*,*,#1384,.T.);
#953=ORIENTED_EDGE('',*,*,#1697,.T.);
#954=ORIENTED_EDGE('',*,*,#1390,.T.);
#955=ORIENTED_EDGE('',*,*,#1698,.T.);
#956=ORIENTED_EDGE('',*,*,#1396,.T.);
#957=ORIENTED_EDGE('',*,*,#1699,.T.);
#958=ORIENTED_EDGE('',*,*,#1402,.T.);
#959=ORIENTED_EDGE('',*,*,#1700,.T.);
#960=ORIENTED_EDGE('',*,*,#1408,.T.);
#961=ORIENTED_EDGE('',*,*,#1702,.T.);
#962=ORIENTED_EDGE('',*,*,#1414,.T.);
#963=ORIENTED_EDGE('',*,*,#1687,.T.);
#964=ORIENTED_EDGE('',*,*,#1420,.T.);
#965=ORIENTED_EDGE('',*,*,#1688,.T.);
#966=ORIENTED_EDGE('',*,*,#1426,.T.);
#967=ORIENTED_EDGE('',*,*,#1689,.T.);
#968=ORIENTED_EDGE('',*,*,#1432,.T.);
#969=ORIENTED_EDGE('',*,*,#1690,.T.);
#970=ORIENTED_EDGE('',*,*,#1438,.T.);
#971=ORIENTED_EDGE('',*,*,#1691,.T.);
#972=ORIENTED_EDGE('',*,*,#1444,.T.);
#973=ORIENTED_EDGE('',*,*,#1692,.T.);
#974=ORIENTED_EDGE('',*,*,#1450,.T.);
#975=ORIENTED_EDGE('',*,*,#1693,.T.);
#976=ORIENTED_EDGE('',*,*,#1456,.T.);
#977=ORIENTED_EDGE('',*,*,#1703,.F.);
#978=ORIENTED_EDGE('',*,*,#1701,.T.);
#979=ORIENTED_EDGE('',*,*,#1685,.F.);
#980=ORIENTED_EDGE('',*,*,#1702,.F.);
#981=ORIENTED_EDGE('',*,*,#1683,.F.);
#982=ORIENTED_EDGE('',*,*,#1681,.T.);
#983=ORIENTED_EDGE('',*,*,#1704,.F.);
#984=ORIENTED_EDGE('',*,*,#1705,.T.);
#985=ORIENTED_EDGE('',*,*,#1706,.T.);
#986=ORIENTED_EDGE('',*,*,#1707,.T.);
#987=ORIENTED_EDGE('',*,*,#1708,.F.);
#988=ORIENTED_EDGE('',*,*,#1709,.T.);
#989=ORIENTED_EDGE('',*,*,#1710,.T.);
#990=ORIENTED_EDGE('',*,*,#1711,.T.);
#991=ORIENTED_EDGE('',*,*,#1712,.T.);
#992=ORIENTED_EDGE('',*,*,#1684,.F.);
#993=ORIENTED_EDGE('',*,*,#1675,.T.);
#994=ORIENTED_EDGE('',*,*,#1464,.F.);
#995=ORIENTED_EDGE('',*,*,#1665,.F.);
#996=ORIENTED_EDGE('',*,*,#1674,.F.);
#997=ORIENTED_EDGE('',*,*,#1667,.F.);
#998=ORIENTED_EDGE('',*,*,#1672,.F.);
#999=ORIENTED_EDGE('',*,*,#1663,.T.);
#1000=ORIENTED_EDGE('',*,*,#1467,.F.);
#1001=ORIENTED_EDGE('',*,*,#1641,.F.);
#1002=ORIENTED_EDGE('',*,*,#1650,.F.);
#1003=ORIENTED_EDGE('',*,*,#1643,.F.);
#1004=ORIENTED_EDGE('',*,*,#1648,.F.);
#1005=ORIENTED_EDGE('',*,*,#1639,.T.);
#1006=ORIENTED_EDGE('',*,*,#1472,.F.);
#1007=ORIENTED_EDGE('',*,*,#1653,.F.);
#1008=ORIENTED_EDGE('',*,*,#1662,.F.);
#1009=ORIENTED_EDGE('',*,*,#1655,.F.);
#1010=ORIENTED_EDGE('',*,*,#1660,.F.);
#1011=ORIENTED_EDGE('',*,*,#1651,.T.);
#1012=ORIENTED_EDGE('',*,*,#1470,.F.);
#1013=ORIENTED_EDGE('',*,*,#1509,.F.);
#1014=ORIENTED_EDGE('',*,*,#1518,.F.);
#1015=ORIENTED_EDGE('',*,*,#1511,.F.);
#1016=ORIENTED_EDGE('',*,*,#1516,.F.);
#1017=ORIENTED_EDGE('',*,*,#1507,.T.);
#1018=ORIENTED_EDGE('',*,*,#1505,.F.);
#1019=ORIENTED_EDGE('',*,*,#1569,.F.);
#1020=ORIENTED_EDGE('',*,*,#1578,.F.);
#1021=ORIENTED_EDGE('',*,*,#1571,.F.);
#1022=ORIENTED_EDGE('',*,*,#1576,.F.);
#1023=ORIENTED_EDGE('',*,*,#1567,.T.);
#1024=ORIENTED_EDGE('',*,*,#1490,.F.);
#1025=ORIENTED_EDGE('',*,*,#1581,.F.);
#1026=ORIENTED_EDGE('',*,*,#1590,.F.);
#1027=ORIENTED_EDGE('',*,*,#1583,.F.);
#1028=ORIENTED_EDGE('',*,*,#1588,.F.);
#1029=ORIENTED_EDGE('',*,*,#1579,.T.);
#1030=ORIENTED_EDGE('',*,*,#1488,.F.);
#1031=ORIENTED_EDGE('',*,*,#1557,.F.);
#1032=ORIENTED_EDGE('',*,*,#1566,.F.);
#1033=ORIENTED_EDGE('',*,*,#1559,.F.);
#1034=ORIENTED_EDGE('',*,*,#1564,.F.);
#1035=ORIENTED_EDGE('',*,*,#1555,.T.);
#1036=ORIENTED_EDGE('',*,*,#1494,.F.);
#1037=ORIENTED_EDGE('',*,*,#1545,.F.);
#1038=ORIENTED_EDGE('',*,*,#1554,.F.);
#1039=ORIENTED_EDGE('',*,*,#1547,.F.);
#1040=ORIENTED_EDGE('',*,*,#1552,.F.);
#1041=ORIENTED_EDGE('',*,*,#1543,.T.);
#1042=ORIENTED_EDGE('',*,*,#1497,.F.);
#1043=ORIENTED_EDGE('',*,*,#1521,.F.);
#1044=ORIENTED_EDGE('',*,*,#1530,.F.);
#1045=ORIENTED_EDGE('',*,*,#1523,.F.);
#1046=ORIENTED_EDGE('',*,*,#1528,.F.);
#1047=ORIENTED_EDGE('',*,*,#1519,.T.);
#1048=ORIENTED_EDGE('',*,*,#1502,.F.);
#1049=ORIENTED_EDGE('',*,*,#1533,.F.);
#1050=ORIENTED_EDGE('',*,*,#1542,.F.);
#1051=ORIENTED_EDGE('',*,*,#1535,.F.);
#1052=ORIENTED_EDGE('',*,*,#1540,.F.);
#1053=ORIENTED_EDGE('',*,*,#1531,.T.);
#1054=ORIENTED_EDGE('',*,*,#1499,.F.);
#1055=ORIENTED_EDGE('',*,*,#1593,.F.);
#1056=ORIENTED_EDGE('',*,*,#1602,.F.);
#1057=ORIENTED_EDGE('',*,*,#1595,.F.);
#1058=ORIENTED_EDGE('',*,*,#1600,.F.);
#1059=ORIENTED_EDGE('',*,*,#1591,.T.);
#1060=ORIENTED_EDGE('',*,*,#1484,.F.);
#1061=ORIENTED_EDGE('',*,*,#1605,.F.);
#1062=ORIENTED_EDGE('',*,*,#1614,.F.);
#1063=ORIENTED_EDGE('',*,*,#1607,.F.);
#1064=ORIENTED_EDGE('',*,*,#1612,.F.);
#1065=ORIENTED_EDGE('',*,*,#1603,.T.);
#1066=ORIENTED_EDGE('',*,*,#1481,.F.);
#1067=ORIENTED_EDGE('',*,*,#1629,.F.);
#1068=ORIENTED_EDGE('',*,*,#1638,.F.);
#1069=ORIENTED_EDGE('',*,*,#1631,.F.);
#1070=ORIENTED_EDGE('',*,*,#1636,.F.);
#1071=ORIENTED_EDGE('',*,*,#1627,.T.);
#1072=ORIENTED_EDGE('',*,*,#1476,.F.);
#1073=ORIENTED_EDGE('',*,*,#1617,.F.);
#1074=ORIENTED_EDGE('',*,*,#1626,.F.);
#1075=ORIENTED_EDGE('',*,*,#1619,.F.);
#1076=ORIENTED_EDGE('',*,*,#1624,.F.);
#1077=ORIENTED_EDGE('',*,*,#1615,.T.);
#1078=ORIENTED_EDGE('',*,*,#1478,.F.);
#1079=ORIENTED_EDGE('',*,*,#1677,.F.);
#1080=ORIENTED_EDGE('',*,*,#1686,.F.);
#1081=ORIENTED_EDGE('',*,*,#1679,.F.);
#1082=ORIENTED_EDGE('',*,*,#1712,.F.);
#1083=ORIENTED_EDGE('',*,*,#1713,.T.);
#1084=ORIENTED_EDGE('',*,*,#1714,.T.);
#1085=ORIENTED_EDGE('',*,*,#1715,.T.);
#1086=ORIENTED_EDGE('',*,*,#1708,.T.);
#1087=ORIENTED_EDGE('',*,*,#1716,.T.);
#1088=ORIENTED_EDGE('',*,*,#1717,.T.);
#1089=ORIENTED_EDGE('',*,*,#1718,.T.);
#1090=ORIENTED_EDGE('',*,*,#1704,.T.);
#1091=ORIENTED_EDGE('',*,*,#1719,.T.);
#1092=ORIENTED_EDGE('',*,*,#1720,.T.);
#1093=ORIENTED_EDGE('',*,*,#1721,.T.);
#1094=ORIENTED_EDGE('',*,*,#1722,.T.);
#1095=ORIENTED_EDGE('',*,*,#1723,.T.);
#1096=ORIENTED_EDGE('',*,*,#1724,.T.);
#1097=ORIENTED_EDGE('',*,*,#1725,.T.);
#1098=ORIENTED_EDGE('',*,*,#1726,.T.);
#1099=ORIENTED_EDGE('',*,*,#1727,.T.);
#1100=ORIENTED_EDGE('',*,*,#1728,.T.);
#1101=ORIENTED_EDGE('',*,*,#1729,.T.);
#1102=ORIENTED_EDGE('',*,*,#1730,.T.);
#1103=ORIENTED_EDGE('',*,*,#1731,.T.);
#1104=ORIENTED_EDGE('',*,*,#1732,.T.);
#1105=ORIENTED_EDGE('',*,*,#1733,.T.);
#1106=ORIENTED_EDGE('',*,*,#1734,.T.);
#1107=ORIENTED_EDGE('',*,*,#1735,.T.);
#1108=ORIENTED_EDGE('',*,*,#1736,.T.);
#1109=ORIENTED_EDGE('',*,*,#1737,.T.);
#1110=ORIENTED_EDGE('',*,*,#1738,.F.);
#1111=ORIENTED_EDGE('',*,*,#1739,.F.);
#1112=ORIENTED_EDGE('',*,*,#1740,.T.);
#1113=ORIENTED_EDGE('',*,*,#1356,.F.);
#1114=ORIENTED_EDGE('',*,*,#1741,.T.);
#1115=ORIENTED_EDGE('',*,*,#1354,.T.);
#1116=ORIENTED_EDGE('',*,*,#1742,.T.);
#1117=ORIENTED_EDGE('',*,*,#1366,.F.);
#1118=ORIENTED_EDGE('',*,*,#1743,.T.);
#1119=ORIENTED_EDGE('',*,*,#1744,.T.);
#1120=ORIENTED_EDGE('',*,*,#1745,.T.);
#1121=ORIENTED_EDGE('',*,*,#1746,.T.);
#1122=ORIENTED_EDGE('',*,*,#1368,.F.);
#1123=ORIENTED_EDGE('',*,*,#1370,.T.);
#1124=ORIENTED_EDGE('',*,*,#1747,.T.);
#1125=ORIENTED_EDGE('',*,*,#1358,.F.);
#1126=ORIENTED_EDGE('',*,*,#1748,.T.);
#1127=ORIENTED_EDGE('',*,*,#1749,.F.);
#1128=ORIENTED_EDGE('',*,*,#1750,.T.);
#1129=ORIENTED_EDGE('',*,*,#1751,.T.);
#1130=ORIENTED_EDGE('',*,*,#1738,.T.);
#1131=ORIENTED_EDGE('',*,*,#1752,.T.);
#1132=ORIENTED_EDGE('',*,*,#1753,.T.);
#1133=ORIENTED_EDGE('',*,*,#1754,.T.);
#1134=ORIENTED_EDGE('',*,*,#1347,.T.);
#1135=ORIENTED_EDGE('',*,*,#1755,.T.);
#1136=ORIENTED_EDGE('',*,*,#1756,.F.);
#1137=ORIENTED_EDGE('',*,*,#1749,.T.);
#1138=ORIENTED_EDGE('',*,*,#1342,.T.);
#1139=ORIENTED_EDGE('',*,*,#1757,.T.);
#1140=ORIENTED_EDGE('',*,*,#1739,.T.);
#1141=ORIENTED_EDGE('',*,*,#1758,.T.);
#1142=ORIENTED_EDGE('',*,*,#1756,.T.);
#1143=ORIENTED_EDGE('',*,*,#1350,.F.);
#1144=ORIENTED_EDGE('',*,*,#1759,.T.);
#1145=ORIENTED_EDGE('',*,*,#1760,.T.);
#1146=ORIENTED_EDGE('',*,*,#1753,.F.);
#1147=ORIENTED_EDGE('',*,*,#1761,.T.);
#1148=ORIENTED_EDGE('',*,*,#1762,.T.);
#1149=ORIENTED_EDGE('',*,*,#1763,.T.);
#1150=ORIENTED_EDGE('',*,*,#1764,.T.);
#1151=ORIENTED_EDGE('',*,*,#1348,.F.);
#1152=ORIENTED_EDGE('',*,*,#1765,.T.);
#1153=ORIENTED_EDGE('',*,*,#1766,.T.);
#1154=ORIENTED_EDGE('',*,*,#1710,.F.);
#1155=ORIENTED_EDGE('',*,*,#1767,.T.);
#1156=ORIENTED_EDGE('',*,*,#1768,.T.);
#1157=ORIENTED_EDGE('',*,*,#1361,.F.);
#1158=ORIENTED_EDGE('',*,*,#1769,.T.);
#1159=ORIENTED_EDGE('',*,*,#1770,.T.);
#1160=ORIENTED_EDGE('',*,*,#1750,.F.);
#1161=ORIENTED_EDGE('',*,*,#1363,.F.);
#1162=ORIENTED_EDGE('',*,*,#1771,.T.);
#1163=ORIENTED_EDGE('',*,*,#1772,.T.);
#1164=ORIENTED_EDGE('',*,*,#1706,.F.);
#1165=ORIENTED_EDGE('',*,*,#1773,.T.);
#1166=ORIENTED_EDGE('',*,*,#1774,.T.);
#1167=ORIENTED_EDGE('',*,*,#1766,.F.);
#1168=ORIENTED_EDGE('',*,*,#1775,.T.);
#1169=ORIENTED_EDGE('',*,*,#1776,.T.);
#1170=ORIENTED_EDGE('',*,*,#1716,.F.);
#1171=ORIENTED_EDGE('',*,*,#1711,.F.);
#1172=ORIENTED_EDGE('',*,*,#1715,.F.);
#1173=ORIENTED_EDGE('',*,*,#1777,.T.);
#1174=ORIENTED_EDGE('',*,*,#1778,.T.);
#1175=ORIENTED_EDGE('',*,*,#1763,.F.);
#1176=ORIENTED_EDGE('',*,*,#1709,.F.);
#1177=ORIENTED_EDGE('',*,*,#1779,.T.);
#1178=ORIENTED_EDGE('',*,*,#1780,.T.);
#1179=ORIENTED_EDGE('',*,*,#1761,.F.);
#1180=ORIENTED_EDGE('',*,*,#1752,.F.);
#1181=ORIENTED_EDGE('',*,*,#1737,.F.);
#1182=ORIENTED_EDGE('',*,*,#1781,.T.);
#1183=ORIENTED_EDGE('',*,*,#1782,.T.);
#1184=ORIENTED_EDGE('',*,*,#1344,.F.);
#1185=ORIENTED_EDGE('',*,*,#1754,.F.);
#1186=ORIENTED_EDGE('',*,*,#1760,.F.);
#1187=ORIENTED_EDGE('',*,*,#1718,.F.);
#1188=ORIENTED_EDGE('',*,*,#1783,.T.);
#1189=ORIENTED_EDGE('',*,*,#1784,.T.);
#1190=ORIENTED_EDGE('',*,*,#1773,.F.);
#1191=ORIENTED_EDGE('',*,*,#1705,.F.);
#1192=ORIENTED_EDGE('',*,*,#1785,.T.);
#1193=ORIENTED_EDGE('',*,*,#1786,.T.);
#1194=ORIENTED_EDGE('',*,*,#1713,.F.);
#1195=ORIENTED_EDGE('',*,*,#1707,.F.);
#1196=ORIENTED_EDGE('',*,*,#1772,.F.);
#1197=ORIENTED_EDGE('',*,*,#1770,.F.);
#1198=ORIENTED_EDGE('',*,*,#1787,.T.);
#1199=ORIENTED_EDGE('',*,*,#1788,.T.);
#1200=ORIENTED_EDGE('',*,*,#1735,.F.);
#1201=ORIENTED_EDGE('',*,*,#1751,.F.);
#1202=ORIENTED_EDGE('',*,*,#1346,.F.);
#1203=ORIENTED_EDGE('',*,*,#1789,.T.);
#1204=ORIENTED_EDGE('',*,*,#1790,.T.);
#1205=ORIENTED_EDGE('',*,*,#1767,.F.);
#1206=ORIENTED_EDGE('',*,*,#1755,.F.);
#1207=ORIENTED_EDGE('',*,*,#1791,.T.);
#1208=ORIENTED_EDGE('',*,*,#1792,.T.);
#1209=ORIENTED_EDGE('',*,*,#1793,.T.);
#1210=ORIENTED_EDGE('',*,*,#1352,.F.);
#1211=ORIENTED_EDGE('',*,*,#1774,.F.);
#1212=ORIENTED_EDGE('',*,*,#1784,.F.);
#1213=ORIENTED_EDGE('',*,*,#1794,.F.);
#1214=ORIENTED_EDGE('',*,*,#1732,.F.);
#1215=ORIENTED_EDGE('',*,*,#1795,.F.);
#1216=ORIENTED_EDGE('',*,*,#1717,.F.);
#1217=ORIENTED_EDGE('',*,*,#1776,.F.);
#1218=ORIENTED_EDGE('',*,*,#1796,.F.);
#1219=ORIENTED_EDGE('',*,*,#1733,.F.);
#1220=ORIENTED_EDGE('',*,*,#1794,.T.);
#1221=ORIENTED_EDGE('',*,*,#1783,.F.);
#1222=ORIENTED_EDGE('',*,*,#1795,.T.);
#1223=ORIENTED_EDGE('',*,*,#1731,.F.);
#1224=ORIENTED_EDGE('',*,*,#1797,.F.);
#1225=ORIENTED_EDGE('',*,*,#1364,.F.);
#1226=ORIENTED_EDGE('',*,*,#1353,.F.);
#1227=ORIENTED_EDGE('',*,*,#1793,.F.);
#1228=ORIENTED_EDGE('',*,*,#1798,.F.);
#1229=ORIENTED_EDGE('',*,*,#1734,.F.);
#1230=ORIENTED_EDGE('',*,*,#1796,.T.);
#1231=ORIENTED_EDGE('',*,*,#1775,.F.);
#1232=ORIENTED_EDGE('',*,*,#1765,.F.);
#1233=ORIENTED_EDGE('',*,*,#1797,.T.);
#1234=ORIENTED_EDGE('',*,*,#1730,.F.);
#1235=ORIENTED_EDGE('',*,*,#1799,.F.);
#1236=ORIENTED_EDGE('',*,*,#1787,.F.);
#1237=ORIENTED_EDGE('',*,*,#1769,.F.);
#1238=ORIENTED_EDGE('',*,*,#1792,.F.);
#1239=ORIENTED_EDGE('',*,*,#1800,.F.);
#1240=ORIENTED_EDGE('',*,*,#1727,.F.);
#1241=ORIENTED_EDGE('',*,*,#1798,.T.);
#1242=ORIENTED_EDGE('',*,*,#1799,.T.);
#1243=ORIENTED_EDGE('',*,*,#1729,.F.);
#1244=ORIENTED_EDGE('',*,*,#1801,.F.);
#1245=ORIENTED_EDGE('',*,*,#1779,.F.);
#1246=ORIENTED_EDGE('',*,*,#1736,.F.);
#1247=ORIENTED_EDGE('',*,*,#1788,.F.);
#1248=ORIENTED_EDGE('',*,*,#1351,.F.);
#1249=ORIENTED_EDGE('',*,*,#1762,.F.);
#1250=ORIENTED_EDGE('',*,*,#1780,.F.);
#1251=ORIENTED_EDGE('',*,*,#1801,.T.);
#1252=ORIENTED_EDGE('',*,*,#1728,.F.);
#1253=ORIENTED_EDGE('',*,*,#1800,.T.);
#1254=ORIENTED_EDGE('',*,*,#1791,.F.);
#1255=ORIENTED_EDGE('',*,*,#1362,.F.);
#1256=ORIENTED_EDGE('',*,*,#1802,.T.);
#1257=ORIENTED_EDGE('',*,*,#1726,.F.);
#1258=ORIENTED_EDGE('',*,*,#1803,.T.);
#1259=ORIENTED_EDGE('',*,*,#1722,.F.);
#1260=ORIENTED_EDGE('',*,*,#1804,.T.);
#1261=ORIENTED_EDGE('',*,*,#1349,.F.);
#1262=ORIENTED_EDGE('',*,*,#1805,.T.);
#1263=ORIENTED_EDGE('',*,*,#1806,.F.);
#1264=ORIENTED_EDGE('',*,*,#1807,.T.);
#1265=ORIENTED_EDGE('',*,*,#1336,.F.);
#1266=ORIENTED_EDGE('',*,*,#1359,.F.);
#1267=ORIENTED_EDGE('',*,*,#1747,.F.);
#1268=ORIENTED_EDGE('',*,*,#1369,.F.);
#1269=ORIENTED_EDGE('',*,*,#1746,.F.);
#1270=ORIENTED_EDGE('',*,*,#1808,.T.);
#1271=ORIENTED_EDGE('',*,*,#1809,.F.);
#1272=ORIENTED_EDGE('',*,*,#1810,.T.);
#1273=ORIENTED_EDGE('',*,*,#1744,.F.);
#1274=ORIENTED_EDGE('',*,*,#1367,.F.);
#1275=ORIENTED_EDGE('',*,*,#1742,.F.);
#1276=ORIENTED_EDGE('',*,*,#1360,.F.);
#1277=ORIENTED_EDGE('',*,*,#1338,.F.);
#1278=ORIENTED_EDGE('',*,*,#1811,.T.);
#1279=ORIENTED_EDGE('',*,*,#1371,.F.);
#1280=ORIENTED_EDGE('',*,*,#1748,.F.);
#1281=ORIENTED_EDGE('',*,*,#1357,.F.);
#1282=ORIENTED_EDGE('',*,*,#1740,.F.);
#1283=ORIENTED_EDGE('',*,*,#1757,.F.);
#1284=ORIENTED_EDGE('',*,*,#1341,.F.);
#1285=ORIENTED_EDGE('',*,*,#1758,.F.);
#1286=ORIENTED_EDGE('',*,*,#1741,.F.);
#1287=ORIENTED_EDGE('',*,*,#1355,.F.);
#1288=ORIENTED_EDGE('',*,*,#1743,.F.);
#1289=ORIENTED_EDGE('',*,*,#1365,.F.);
#1290=ORIENTED_EDGE('',*,*,#1343,.F.);
#1291=ORIENTED_EDGE('',*,*,#1790,.F.);
#1292=ORIENTED_EDGE('',*,*,#1812,.T.);
#1293=ORIENTED_EDGE('',*,*,#1719,.F.);
#1294=ORIENTED_EDGE('',*,*,#1802,.F.);
#1295=ORIENTED_EDGE('',*,*,#1768,.F.);
#1296=ORIENTED_EDGE('',*,*,#1725,.F.);
#1297=ORIENTED_EDGE('',*,*,#1813,.T.);
#1298=ORIENTED_EDGE('',*,*,#1785,.F.);
#1299=ORIENTED_EDGE('',*,*,#1771,.F.);
#1300=ORIENTED_EDGE('',*,*,#1803,.F.);
#1301=ORIENTED_EDGE('',*,*,#1721,.F.);
#1302=ORIENTED_EDGE('',*,*,#1814,.T.);
#1303=ORIENTED_EDGE('',*,*,#1781,.F.);
#1304=ORIENTED_EDGE('',*,*,#1759,.F.);
#1305=ORIENTED_EDGE('',*,*,#1804,.F.);
#1306=ORIENTED_EDGE('',*,*,#1778,.F.);
#1307=ORIENTED_EDGE('',*,*,#1815,.T.);
#1308=ORIENTED_EDGE('',*,*,#1723,.F.);
#1309=ORIENTED_EDGE('',*,*,#1805,.F.);
#1310=ORIENTED_EDGE('',*,*,#1764,.F.);
#1311=ORIENTED_EDGE('',*,*,#1814,.F.);
#1312=ORIENTED_EDGE('',*,*,#1720,.F.);
#1313=ORIENTED_EDGE('',*,*,#1812,.F.);
#1314=ORIENTED_EDGE('',*,*,#1789,.F.);
#1315=ORIENTED_EDGE('',*,*,#1345,.F.);
#1316=ORIENTED_EDGE('',*,*,#1782,.F.);
#1317=ORIENTED_EDGE('',*,*,#1777,.F.);
#1318=ORIENTED_EDGE('',*,*,#1714,.F.);
#1319=ORIENTED_EDGE('',*,*,#1786,.F.);
#1320=ORIENTED_EDGE('',*,*,#1813,.F.);
#1321=ORIENTED_EDGE('',*,*,#1724,.F.);
#1322=ORIENTED_EDGE('',*,*,#1815,.F.);
#1323=ORIENTED_EDGE('',*,*,#1703,.T.);
#1324=ORIENTED_EDGE('',*,*,#1745,.F.);
#1325=ORIENTED_EDGE('',*,*,#1810,.F.);
#1326=ORIENTED_EDGE('',*,*,#1816,.F.);
#1327=ORIENTED_EDGE('',*,*,#1811,.F.);
#1328=ORIENTED_EDGE('',*,*,#1337,.F.);
#1329=ORIENTED_EDGE('',*,*,#1807,.F.);
#1330=ORIENTED_EDGE('',*,*,#1817,.F.);
#1331=ORIENTED_EDGE('',*,*,#1808,.F.);
#1332=ORIENTED_EDGE('',*,*,#1806,.T.);
#1333=ORIENTED_EDGE('',*,*,#1817,.T.);
#1334=ORIENTED_EDGE('',*,*,#1809,.T.);
#1335=ORIENTED_EDGE('',*,*,#1816,.T.);
#1336=EDGE_CURVE('',#1818,#1819,#2129,.T.);
#1337=EDGE_CURVE('',#1819,#1820,#177,.T.);
#1338=EDGE_CURVE('',#1820,#1821,#2130,.T.);
#1339=EDGE_CURVE('',#1821,#1818,#2131,.T.);
#1340=EDGE_CURVE('',#1822,#1823,#2132,.T.);
#1341=EDGE_CURVE('',#1823,#1824,#2133,.T.);
#1342=EDGE_CURVE('',#1825,#1824,#178,.T.);
#1343=EDGE_CURVE('',#1825,#1822,#2134,.T.);
#1344=EDGE_CURVE('',#1826,#1827,#2135,.T.);
#1345=EDGE_CURVE('',#1827,#1828,#2136,.T.);
#1346=EDGE_CURVE('',#1828,#1829,#2137,.F.);
#1347=EDGE_CURVE('',#1826,#1829,#179,.T.);
#1348=EDGE_CURVE('',#1830,#1831,#2138,.T.);
#1349=EDGE_CURVE('',#1831,#1832,#2139,.T.);
#1350=EDGE_CURVE('',#1832,#1833,#2140,.T.);
#1351=EDGE_CURVE('',#1833,#1834,#2141,.T.);
#1352=EDGE_CURVE('',#1834,#1835,#2142,.T.);
#1353=EDGE_CURVE('',#1835,#1830,#2143,.F.);
#1354=EDGE_CURVE('',#1836,#1837,#2144,.T.);
#1355=EDGE_CURVE('',#1836,#1838,#2145,.T.);
#1356=EDGE_CURVE('',#1838,#1839,#2146,.T.);
#1357=EDGE_CURVE('',#1839,#1840,#2147,.F.);
#1358=EDGE_CURVE('',#1840,#1841,#2148,.T.);
#1359=EDGE_CURVE('',#1841,#1818,#2149,.T.);
#1360=EDGE_CURVE('',#1821,#1837,#2150,.F.);
#1361=EDGE_CURVE('',#1842,#1843,#2151,.T.);
#1362=EDGE_CURVE('',#1843,#1844,#2152,.T.);
#1363=EDGE_CURVE('',#1844,#1845,#2153,.T.);
#1364=EDGE_CURVE('',#1845,#1842,#2154,.T.);
#1365=EDGE_CURVE('',#1822,#1846,#2155,.T.);
#1366=EDGE_CURVE('',#1846,#1847,#2156,.T.);
#1367=EDGE_CURVE('',#1847,#1848,#2157,.F.);
#1368=EDGE_CURVE('',#1848,#1849,#2158,.T.);
#1369=EDGE_CURVE('',#1849,#1850,#2159,.T.);
#1370=EDGE_CURVE('',#1851,#1850,#2160,.T.);
#1371=EDGE_CURVE('',#1851,#1823,#2161,.F.);
#1372=EDGE_CURVE('',#1852,#1853,#180,.T.);
#1373=EDGE_CURVE('',#1854,#1852,#181,.T.);
#1374=EDGE_CURVE('',#1854,#1855,#117,.T.);
#1375=EDGE_CURVE('',#1855,#1856,#182,.T.);
#1376=EDGE_CURVE('',#1857,#1856,#118,.T.);
#1377=EDGE_CURVE('',#1853,#1857,#183,.T.);
#1378=EDGE_CURVE('',#1858,#1859,#184,.T.);
#1379=EDGE_CURVE('',#1860,#1858,#185,.T.);
#1380=EDGE_CURVE('',#1860,#1861,#119,.T.);
#1381=EDGE_CURVE('',#1861,#1862,#186,.T.);
#1382=EDGE_CURVE('',#1863,#1862,#120,.T.);
#1383=EDGE_CURVE('',#1859,#1863,#187,.T.);
#1384=EDGE_CURVE('',#1864,#1865,#188,.T.);
#1385=EDGE_CURVE('',#1866,#1864,#189,.T.);
#1386=EDGE_CURVE('',#1866,#1867,#121,.T.);
#1387=EDGE_CURVE('',#1867,#1868,#190,.T.);
#1388=EDGE_CURVE('',#1869,#1868,#122,.T.);
#1389=EDGE_CURVE('',#1865,#1869,#191,.T.);
#1390=EDGE_CURVE('',#1870,#1871,#192,.T.);
#1391=EDGE_CURVE('',#1872,#1870,#193,.T.);
#1392=EDGE_CURVE('',#1872,#1873,#123,.T.);
#1393=EDGE_CURVE('',#1873,#1874,#194,.T.);
#1394=EDGE_CURVE('',#1875,#1874,#124,.T.);
#1395=EDGE_CURVE('',#1871,#1875,#195,.T.);
#1396=EDGE_CURVE('',#1876,#1877,#196,.T.);
#1397=EDGE_CURVE('',#1878,#1876,#197,.T.);
#1398=EDGE_CURVE('',#1878,#1879,#125,.T.);
#1399=EDGE_CURVE('',#1879,#1880,#198,.T.);
#1400=EDGE_CURVE('',#1881,#1880,#126,.T.);
#1401=EDGE_CURVE('',#1877,#1881,#199,.T.);
#1402=EDGE_CURVE('',#1882,#1883,#200,.T.);
#1403=EDGE_CURVE('',#1884,#1882,#201,.T.);
#1404=EDGE_CURVE('',#1884,#1885,#127,.T.);
#1405=EDGE_CURVE('',#1885,#1886,#202,.T.);
#1406=EDGE_CURVE('',#1887,#1886,#128,.T.);
#1407=EDGE_CURVE('',#1883,#1887,#203,.T.);
#1408=EDGE_CURVE('',#1888,#1889,#204,.T.);
#1409=EDGE_CURVE('',#1890,#1888,#205,.T.);
#1410=EDGE_CURVE('',#1890,#1891,#129,.T.);
#1411=EDGE_CURVE('',#1891,#1892,#206,.T.);
#1412=EDGE_CURVE('',#1893,#1892,#130,.T.);
#1413=EDGE_CURVE('',#1889,#1893,#207,.T.);
#1414=EDGE_CURVE('',#1894,#1895,#208,.T.);
#1415=EDGE_CURVE('',#1896,#1894,#209,.T.);
#1416=EDGE_CURVE('',#1896,#1897,#131,.T.);
#1417=EDGE_CURVE('',#1897,#1898,#210,.T.);
#1418=EDGE_CURVE('',#1899,#1898,#132,.T.);
#1419=EDGE_CURVE('',#1895,#1899,#211,.T.);
#1420=EDGE_CURVE('',#1900,#1901,#212,.T.);
#1421=EDGE_CURVE('',#1902,#1900,#213,.T.);
#1422=EDGE_CURVE('',#1902,#1903,#133,.T.);
#1423=EDGE_CURVE('',#1903,#1904,#214,.T.);
#1424=EDGE_CURVE('',#1905,#1904,#134,.T.);
#1425=EDGE_CURVE('',#1901,#1905,#215,.T.);
#1426=EDGE_CURVE('',#1906,#1907,#216,.T.);
#1427=EDGE_CURVE('',#1908,#1906,#217,.T.);
#1428=EDGE_CURVE('',#1908,#1909,#135,.T.);
#1429=EDGE_CURVE('',#1909,#1910,#218,.T.);
#1430=EDGE_CURVE('',#1911,#1910,#136,.T.);
#1431=EDGE_CURVE('',#1907,#1911,#219,.T.);
#1432=EDGE_CURVE('',#1912,#1913,#220,.T.);
#1433=EDGE_CURVE('',#1914,#1912,#221,.T.);
#1434=EDGE_CURVE('',#1914,#1915,#137,.T.);
#1435=EDGE_CURVE('',#1915,#1916,#222,.T.);
#1436=EDGE_CURVE('',#1917,#1916,#138,.T.);
#1437=EDGE_CURVE('',#1913,#1917,#223,.T.);
#1438=EDGE_CURVE('',#1918,#1919,#224,.T.);
#1439=EDGE_CURVE('',#1920,#1918,#225,.T.);
#1440=EDGE_CURVE('',#1920,#1921,#139,.T.);
#1441=EDGE_CURVE('',#1921,#1922,#226,.T.);
#1442=EDGE_CURVE('',#1923,#1922,#140,.T.);
#1443=EDGE_CURVE('',#1919,#1923,#227,.T.);
#1444=EDGE_CURVE('',#1924,#1925,#228,.T.);
#1445=EDGE_CURVE('',#1926,#1924,#229,.T.);
#1446=EDGE_CURVE('',#1926,#1927,#141,.T.);
#1447=EDGE_CURVE('',#1927,#1928,#230,.T.);
#1448=EDGE_CURVE('',#1929,#1928,#142,.T.);
#1449=EDGE_CURVE('',#1925,#1929,#231,.T.);
#1450=EDGE_CURVE('',#1930,#1931,#232,.T.);
#1451=EDGE_CURVE('',#1932,#1930,#233,.T.);
#1452=EDGE_CURVE('',#1932,#1933,#143,.T.);
#1453=EDGE_CURVE('',#1933,#1934,#234,.T.);
#1454=EDGE_CURVE('',#1935,#1934,#144,.T.);
#1455=EDGE_CURVE('',#1931,#1935,#235,.T.);
#1456=EDGE_CURVE('',#1936,#1937,#236,.T.);
#1457=EDGE_CURVE('',#1938,#1936,#237,.T.);
#1458=EDGE_CURVE('',#1938,#1939,#145,.T.);
#1459=EDGE_CURVE('',#1939,#1940,#238,.T.);
#1460=EDGE_CURVE('',#1941,#1940,#146,.T.);
#1461=EDGE_CURVE('',#1937,#1941,#239,.T.);
#1462=EDGE_CURVE('',#1892,#1942,#2162,.T.);
#1463=EDGE_CURVE('',#1891,#1943,#2163,.T.);
#1464=EDGE_CURVE('',#1943,#1942,#240,.T.);
#1465=EDGE_CURVE('',#1886,#1944,#2164,.T.);
#1466=EDGE_CURVE('',#1885,#1945,#2165,.T.);
#1467=EDGE_CURVE('',#1945,#1944,#241,.T.);
#1468=EDGE_CURVE('',#1874,#1946,#2166,.T.);
#1469=EDGE_CURVE('',#1873,#1947,#2167,.T.);
#1470=EDGE_CURVE('',#1947,#1946,#242,.T.);
#1471=EDGE_CURVE('',#1879,#1948,#2168,.T.);
#1472=EDGE_CURVE('',#1948,#1949,#243,.T.);
#1473=EDGE_CURVE('',#1880,#1949,#2169,.T.);
#1474=EDGE_CURVE('',#1904,#1950,#2170,.T.);
#1475=EDGE_CURVE('',#1903,#1951,#2171,.T.);
#1476=EDGE_CURVE('',#1951,#1950,#244,.T.);
#1477=EDGE_CURVE('',#1897,#1952,#2172,.T.);
#1478=EDGE_CURVE('',#1952,#1953,#245,.T.);
#1479=EDGE_CURVE('',#1898,#1953,#2173,.T.);
#1480=EDGE_CURVE('',#1909,#1954,#2174,.T.);
#1481=EDGE_CURVE('',#1954,#1955,#246,.T.);
#1482=EDGE_CURVE('',#1910,#1955,#2175,.T.);
#1483=EDGE_CURVE('',#1915,#1956,#2176,.T.);
#1484=EDGE_CURVE('',#1956,#1957,#247,.T.);
#1485=EDGE_CURVE('',#1916,#1957,#2177,.T.);
#1486=EDGE_CURVE('',#1856,#1958,#2178,.T.);
#1487=EDGE_CURVE('',#1855,#1959,#2179,.T.);
#1488=EDGE_CURVE('',#1959,#1958,#248,.T.);
#1489=EDGE_CURVE('',#1861,#1960,#2180,.T.);
#1490=EDGE_CURVE('',#1960,#1961,#249,.T.);
#1491=EDGE_CURVE('',#1862,#1961,#2181,.T.);
#1492=EDGE_CURVE('',#1940,#1962,#2182,.T.);
#1493=EDGE_CURVE('',#1939,#1963,#2183,.T.);
#1494=EDGE_CURVE('',#1963,#1962,#250,.T.);
#1495=EDGE_CURVE('',#1934,#1964,#2184,.T.);
#1496=EDGE_CURVE('',#1933,#1965,#2185,.T.);
#1497=EDGE_CURVE('',#1965,#1964,#251,.T.);
#1498=EDGE_CURVE('',#1921,#1966,#2186,.T.);
#1499=EDGE_CURVE('',#1966,#1967,#252,.T.);
#1500=EDGE_CURVE('',#1922,#1967,#2187,.T.);
#1501=EDGE_CURVE('',#1927,#1968,#2188,.T.);
#1502=EDGE_CURVE('',#1968,#1969,#253,.T.);
#1503=EDGE_CURVE('',#1928,#1969,#2189,.T.);
#1504=EDGE_CURVE('',#1867,#1970,#2190,.T.);
#1505=EDGE_CURVE('',#1970,#1971,#254,.T.);
#1506=EDGE_CURVE('',#1868,#1971,#2191,.T.);
#1507=EDGE_CURVE('',#1972,#1971,#147,.T.);
#1508=EDGE_CURVE('',#1869,#1972,#2192,.T.);
#1509=EDGE_CURVE('',#1973,#1947,#148,.T.);
#1510=EDGE_CURVE('',#1973,#1872,#2193,.F.);
#1511=EDGE_CURVE('',#1974,#1975,#255,.T.);
#1512=EDGE_CURVE('',#1976,#1975,#2194,.T.);
#1513=EDGE_CURVE('',#1977,#1976,#256,.T.);
#1514=EDGE_CURVE('',#1974,#1977,#2195,.F.);
#1515=EDGE_CURVE('',#1977,#1865,#257,.T.);
#1516=EDGE_CURVE('',#1972,#1974,#258,.F.);
#1517=EDGE_CURVE('',#1870,#1976,#259,.T.);
#1518=EDGE_CURVE('',#1975,#1973,#260,.F.);
#1519=EDGE_CURVE('',#1978,#1969,#149,.T.);
#1520=EDGE_CURVE('',#1929,#1978,#2196,.T.);
#1521=EDGE_CURVE('',#1979,#1965,#150,.T.);
#1522=EDGE_CURVE('',#1979,#1932,#2197,.F.);
#1523=EDGE_CURVE('',#1980,#1981,#261,.T.);
#1524=EDGE_CURVE('',#1982,#1981,#2198,.T.);
#1525=EDGE_CURVE('',#1983,#1982,#262,.T.);
#1526=EDGE_CURVE('',#1980,#1983,#2199,.F.);
#1527=EDGE_CURVE('',#1983,#1925,#263,.T.);
#1528=EDGE_CURVE('',#1978,#1980,#264,.F.);
#1529=EDGE_CURVE('',#1930,#1982,#265,.T.);
#1530=EDGE_CURVE('',#1981,#1979,#266,.F.);
#1531=EDGE_CURVE('',#1984,#1967,#151,.T.);
#1532=EDGE_CURVE('',#1923,#1984,#2200,.T.);
#1533=EDGE_CURVE('',#1985,#1968,#152,.T.);
#1534=EDGE_CURVE('',#1985,#1926,#2201,.F.);
#1535=EDGE_CURVE('',#1986,#1987,#267,.T.);
#1536=EDGE_CURVE('',#1988,#1987,#2202,.T.);
#1537=EDGE_CURVE('',#1989,#1988,#268,.T.);
#1538=EDGE_CURVE('',#1986,#1989,#2203,.F.);
#1539=EDGE_CURVE('',#1989,#1919,#269,.T.);
#1540=EDGE_CURVE('',#1984,#1986,#270,.F.);
#1541=EDGE_CURVE('',#1924,#1988,#271,.T.);
#1542=EDGE_CURVE('',#1987,#1985,#272,.F.);
#1543=EDGE_CURVE('',#1990,#1964,#153,.T.);
#1544=EDGE_CURVE('',#1935,#1990,#2204,.T.);
#1545=EDGE_CURVE('',#1991,#1963,#154,.T.);
#1546=EDGE_CURVE('',#1991,#1938,#2205,.F.);
#1547=EDGE_CURVE('',#1992,#1993,#273,.T.);
#1548=EDGE_CURVE('',#1994,#1993,#2206,.T.);
#1549=EDGE_CURVE('',#1995,#1994,#274,.T.);
#1550=EDGE_CURVE('',#1992,#1995,#2207,.F.);
#1551=EDGE_CURVE('',#1995,#1931,#275,.T.);
#1552=EDGE_CURVE('',#1990,#1992,#276,.F.);
#1553=EDGE_CURVE('',#1936,#1994,#277,.T.);
#1554=EDGE_CURVE('',#1993,#1991,#278,.F.);
#1555=EDGE_CURVE('',#1996,#1962,#155,.T.);
#1556=EDGE_CURVE('',#1941,#1996,#2208,.T.);
#1557=EDGE_CURVE('',#1997,#1959,#156,.T.);
#1558=EDGE_CURVE('',#1997,#1854,#2209,.F.);
#1559=EDGE_CURVE('',#1998,#1999,#279,.T.);
#1560=EDGE_CURVE('',#2000,#1999,#2210,.T.);
#1561=EDGE_CURVE('',#2001,#2000,#280,.T.);
#1562=EDGE_CURVE('',#1998,#2001,#2211,.F.);
#1563=EDGE_CURVE('',#2001,#1937,#281,.T.);
#1564=EDGE_CURVE('',#1996,#1998,#282,.F.);
#1565=EDGE_CURVE('',#1852,#2000,#283,.T.);
#1566=EDGE_CURVE('',#1999,#1997,#284,.F.);
#1567=EDGE_CURVE('',#2002,#1961,#157,.T.);
#1568=EDGE_CURVE('',#1863,#2002,#2212,.T.);
#1569=EDGE_CURVE('',#2003,#1970,#158,.T.);
#1570=EDGE_CURVE('',#2003,#1866,#2213,.F.);
#1571=EDGE_CURVE('',#2004,#2005,#285,.T.);
#1572=EDGE_CURVE('',#2006,#2005,#2214,.T.);
#1573=EDGE_CURVE('',#2007,#2006,#286,.T.);
#1574=EDGE_CURVE('',#2004,#2007,#2215,.F.);
#1575=EDGE_CURVE('',#2007,#1859,#287,.T.);
#1576=EDGE_CURVE('',#2002,#2004,#288,.F.);
#1577=EDGE_CURVE('',#1864,#2006,#289,.T.);
#1578=EDGE_CURVE('',#2005,#2003,#290,.F.);
#1579=EDGE_CURVE('',#2008,#1958,#159,.T.);
#1580=EDGE_CURVE('',#1857,#2008,#2216,.T.);
#1581=EDGE_CURVE('',#2009,#1960,#160,.T.);
#1582=EDGE_CURVE('',#2009,#1860,#2217,.F.);
#1583=EDGE_CURVE('',#2010,#2011,#291,.T.);
#1584=EDGE_CURVE('',#2012,#2011,#2218,.T.);
#1585=EDGE_CURVE('',#2013,#2012,#292,.T.);
#1586=EDGE_CURVE('',#2010,#2013,#2219,.F.);
#1587=EDGE_CURVE('',#2013,#1853,#293,.T.);
#1588=EDGE_CURVE('',#2008,#2010,#294,.F.);
#1589=EDGE_CURVE('',#1858,#2012,#295,.T.);
#1590=EDGE_CURVE('',#2011,#2009,#296,.F.);
#1591=EDGE_CURVE('',#2014,#1957,#161,.T.);
#1592=EDGE_CURVE('',#1917,#2014,#2220,.T.);
#1593=EDGE_CURVE('',#2015,#1966,#162,.T.);
#1594=EDGE_CURVE('',#2015,#1920,#2221,.F.);
#1595=EDGE_CURVE('',#2016,#2017,#297,.T.);
#1596=EDGE_CURVE('',#2018,#2017,#2222,.T.);
#1597=EDGE_CURVE('',#2019,#2018,#298,.T.);
#1598=EDGE_CURVE('',#2016,#2019,#2223,.F.);
#1599=EDGE_CURVE('',#2019,#1913,#299,.T.);
#1600=EDGE_CURVE('',#2014,#2016,#300,.F.);
#1601=EDGE_CURVE('',#1918,#2018,#301,.T.);
#1602=EDGE_CURVE('',#2017,#2015,#302,.F.);
#1603=EDGE_CURVE('',#2020,#1955,#163,.T.);
#1604=EDGE_CURVE('',#1911,#2020,#2224,.T.);
#1605=EDGE_CURVE('',#2021,#1956,#164,.T.);
#1606=EDGE_CURVE('',#2021,#1914,#2225,.F.);
#1607=EDGE_CURVE('',#2022,#2023,#303,.T.);
#1608=EDGE_CURVE('',#2024,#2023,#2226,.T.);
#1609=EDGE_CURVE('',#2025,#2024,#304,.T.);
#1610=EDGE_CURVE('',#2022,#2025,#2227,.F.);
#1611=EDGE_CURVE('',#2025,#1907,#305,.T.);
#1612=EDGE_CURVE('',#2020,#2022,#306,.F.);
#1613=EDGE_CURVE('',#1912,#2024,#307,.T.);
#1614=EDGE_CURVE('',#2023,#2021,#308,.F.);
#1615=EDGE_CURVE('',#2026,#1953,#165,.T.);
#1616=EDGE_CURVE('',#1899,#2026,#2228,.T.);
#1617=EDGE_CURVE('',#2027,#1951,#166,.T.);
#1618=EDGE_CURVE('',#2027,#1902,#2229,.F.);
#1619=EDGE_CURVE('',#2028,#2029,#309,.T.);
#1620=EDGE_CURVE('',#2030,#2029,#2230,.T.);
#1621=EDGE_CURVE('',#2031,#2030,#310,.T.);
#1622=EDGE_CURVE('',#2028,#2031,#2231,.F.);
#1623=EDGE_CURVE('',#2031,#1895,#311,.T.);
#1624=EDGE_CURVE('',#2026,#2028,#312,.F.);
#1625=EDGE_CURVE('',#1900,#2030,#313,.T.);
#1626=EDGE_CURVE('',#2029,#2027,#314,.F.);
#1627=EDGE_CURVE('',#2032,#1950,#167,.T.);
#1628=EDGE_CURVE('',#1905,#2032,#2232,.T.);
#1629=EDGE_CURVE('',#2033,#1954,#168,.T.);
#1630=EDGE_CURVE('',#2033,#1908,#2233,.F.);
#1631=EDGE_CURVE('',#2034,#2035,#315,.T.);
#1632=EDGE_CURVE('',#2036,#2035,#2234,.T.);
#1633=EDGE_CURVE('',#2037,#2036,#316,.T.);
#1634=EDGE_CURVE('',#2034,#2037,#2235,.F.);
#1635=EDGE_CURVE('',#2037,#1901,#317,.T.);
#1636=EDGE_CURVE('',#2032,#2034,#318,.F.);
#1637=EDGE_CURVE('',#1906,#2036,#319,.T.);
#1638=EDGE_CURVE('',#2035,#2033,#320,.F.);
#1639=EDGE_CURVE('',#2038,#1949,#169,.T.);
#1640=EDGE_CURVE('',#1881,#2038,#2236,.T.);
#1641=EDGE_CURVE('',#2039,#1945,#170,.T.);
#1642=EDGE_CURVE('',#2039,#1884,#2237,.F.);
#1643=EDGE_CURVE('',#2040,#2041,#321,.T.);
#1644=EDGE_CURVE('',#2042,#2041,#2238,.T.);
#1645=EDGE_CURVE('',#2043,#2042,#322,.T.);
#1646=EDGE_CURVE('',#2040,#2043,#2239,.F.);
#1647=EDGE_CURVE('',#2043,#1877,#323,.T.);
#1648=EDGE_CURVE('',#2038,#2040,#324,.F.);
#1649=EDGE_CURVE('',#1882,#2042,#325,.T.);
#1650=EDGE_CURVE('',#2041,#2039,#326,.F.);
#1651=EDGE_CURVE('',#2044,#1946,#171,.T.);
#1652=EDGE_CURVE('',#1875,#2044,#2240,.T.);
#1653=EDGE_CURVE('',#2045,#1948,#172,.T.);
#1654=EDGE_CURVE('',#2045,#1878,#2241,.F.);
#1655=EDGE_CURVE('',#2046,#2047,#327,.T.);
#1656=EDGE_CURVE('',#2048,#2047,#2242,.T.);
#1657=EDGE_CURVE('',#2049,#2048,#328,.T.);
#1658=EDGE_CURVE('',#2046,#2049,#2243,.F.);
#1659=EDGE_CURVE('',#2049,#1871,#329,.T.);
#1660=EDGE_CURVE('',#2044,#2046,#330,.F.);
#1661=EDGE_CURVE('',#1876,#2048,#331,.T.);
#1662=EDGE_CURVE('',#2047,#2045,#332,.F.);
#1663=EDGE_CURVE('',#2050,#1944,#173,.T.);
#1664=EDGE_CURVE('',#1887,#2050,#2244,.T.);
#1665=EDGE_CURVE('',#2051,#1943,#174,.T.);
#1666=EDGE_CURVE('',#2051,#1890,#2245,.F.);
#1667=EDGE_CURVE('',#2052,#2053,#333,.T.);
#1668=EDGE_CURVE('',#2054,#2053,#2246,.T.);
#1669=EDGE_CURVE('',#2055,#2054,#334,.T.);
#1670=EDGE_CURVE('',#2052,#2055,#2247,.F.);
#1671=EDGE_CURVE('',#2055,#1883,#335,.T.);
#1672=EDGE_CURVE('',#2050,#2052,#336,.F.);
#1673=EDGE_CURVE('',#1888,#2054,#337,.T.);
#1674=EDGE_CURVE('',#2053,#2051,#338,.F.);
#1675=EDGE_CURVE('',#2056,#1942,#175,.T.);
#1676=EDGE_CURVE('',#1893,#2056,#2248,.T.);
#1677=EDGE_CURVE('',#2057,#1952,#176,.T.);
#1678=EDGE_CURVE('',#2057,#1896,#2249,.F.);
#1679=EDGE_CURVE('',#2058,#2059,#339,.T.);
#1680=EDGE_CURVE('',#2060,#2059,#2250,.T.);
#1681=EDGE_CURVE('',#2061,#2060,#340,.T.);
#1682=EDGE_CURVE('',#2058,#2061,#2251,.F.);
#1683=EDGE_CURVE('',#2061,#1889,#341,.T.);
#1684=EDGE_CURVE('',#2056,#2058,#342,.F.);
#1685=EDGE_CURVE('',#1894,#2060,#343,.T.);
#1686=EDGE_CURVE('',#2059,#2057,#344,.F.);
#1687=EDGE_CURVE('',#1895,#1900,#345,.T.);
#1688=EDGE_CURVE('',#1901,#1906,#346,.T.);
#1689=EDGE_CURVE('',#1907,#1912,#347,.T.);
#1690=EDGE_CURVE('',#1913,#1918,#348,.T.);
#1691=EDGE_CURVE('',#1919,#1924,#349,.T.);
#1692=EDGE_CURVE('',#1925,#1930,#350,.T.);
#1693=EDGE_CURVE('',#1931,#1936,#351,.T.);
#1694=EDGE_CURVE('',#1937,#1852,#352,.T.);
#1695=EDGE_CURVE('',#1853,#1858,#353,.T.);
#1696=EDGE_CURVE('',#1859,#1864,#354,.T.);
#1697=EDGE_CURVE('',#1865,#1870,#355,.T.);
#1698=EDGE_CURVE('',#1871,#1876,#356,.T.);
#1699=EDGE_CURVE('',#1877,#1882,#357,.T.);
#1700=EDGE_CURVE('',#1883,#1888,#358,.T.);
#1701=EDGE_CURVE('',#2062,#2062,#359,.T.);
#1702=EDGE_CURVE('',#1889,#1894,#360,.T.);
#1703=EDGE_CURVE('',#2063,#2063,#361,.T.);
#1704=EDGE_CURVE('',#2064,#2065,#362,.T.);
#1705=EDGE_CURVE('',#2064,#2066,#2252,.F.);
#1706=EDGE_CURVE('',#2066,#2067,#12,.T.);
#1707=EDGE_CURVE('',#2067,#2068,#2253,.T.);
#1708=EDGE_CURVE('',#2069,#2068,#363,.T.);
#1709=EDGE_CURVE('',#2069,#2070,#2254,.F.);
#1710=EDGE_CURVE('',#2070,#2071,#13,.F.);
#1711=EDGE_CURVE('',#2071,#2065,#2255,.T.);
#1712=EDGE_CURVE('',#2072,#2072,#364,.T.);
#1713=EDGE_CURVE('',#2068,#2073,#2256,.F.);
#1714=EDGE_CURVE('',#2073,#2074,#2257,.T.);
#1715=EDGE_CURVE('',#2074,#2069,#2258,.T.);
#1716=EDGE_CURVE('',#2065,#2075,#2259,.F.);
#1717=EDGE_CURVE('',#2075,#2076,#2260,.T.);
#1718=EDGE_CURVE('',#2076,#2064,#2261,.T.);
#1719=EDGE_CURVE('',#2077,#2078,#2262,.T.);
#1720=EDGE_CURVE('',#2078,#2079,#2263,.T.);
#1721=EDGE_CURVE('',#2079,#2080,#2264,.T.);
#1722=EDGE_CURVE('',#2080,#2081,#2265,.T.);
#1723=EDGE_CURVE('',#2081,#2082,#2266,.T.);
#1724=EDGE_CURVE('',#2082,#2083,#2267,.T.);
#1725=EDGE_CURVE('',#2083,#2084,#2268,.T.);
#1726=EDGE_CURVE('',#2084,#2077,#2269,.T.);
#1727=EDGE_CURVE('',#2085,#2086,#2270,.T.);
#1728=EDGE_CURVE('',#2086,#2087,#2271,.T.);
#1729=EDGE_CURVE('',#2087,#2088,#2272,.T.);
#1730=EDGE_CURVE('',#2088,#2089,#2273,.T.);
#1731=EDGE_CURVE('',#2089,#2090,#2274,.T.);
#1732=EDGE_CURVE('',#2090,#2091,#2275,.T.);
#1733=EDGE_CURVE('',#2091,#2092,#2276,.T.);
#1734=EDGE_CURVE('',#2092,#2085,#2277,.T.);
#1735=EDGE_CURVE('',#2093,#2094,#2278,.T.);
#1736=EDGE_CURVE('',#2094,#2095,#2279,.T.);
#1737=EDGE_CURVE('',#2095,#2096,#2280,.F.);
#1738=EDGE_CURVE('',#2093,#2096,#365,.T.);
#1739=EDGE_CURVE('',#2097,#2098,#366,.T.);
#1740=EDGE_CURVE('',#2097,#1839,#2281,.T.);
#1741=EDGE_CURVE('',#1838,#2098,#2282,.T.);
#1742=EDGE_CURVE('',#1837,#1847,#2283,.T.);
#1743=EDGE_CURVE('',#1846,#1836,#2284,.T.);
#1744=EDGE_CURVE('',#1848,#2099,#2285,.T.);
#1745=EDGE_CURVE('',#2099,#2100,#367,.T.);
#1746=EDGE_CURVE('',#2100,#1849,#2286,.T.);
#1747=EDGE_CURVE('',#1850,#1841,#2287,.T.);
#1748=EDGE_CURVE('',#1840,#1851,#2288,.T.);
#1749=EDGE_CURVE('',#2101,#2101,#368,.T.);
#1750=EDGE_CURVE('',#2102,#2103,#14,.F.);
#1751=EDGE_CURVE('',#2103,#2093,#2289,.F.);
#1752=EDGE_CURVE('',#2096,#2104,#2290,.T.);
#1753=EDGE_CURVE('',#2104,#2105,#15,.T.);
#1754=EDGE_CURVE('',#2105,#1826,#2291,.F.);
#1755=EDGE_CURVE('',#1829,#2102,#2292,.T.);
#1756=EDGE_CURVE('',#2106,#2106,#369,.T.);
#1757=EDGE_CURVE('',#1824,#2097,#16,.T.);
#1758=EDGE_CURVE('',#2098,#1825,#17,.F.);
#1759=EDGE_CURVE('',#1832,#2107,#2293,.T.);
#1760=EDGE_CURVE('',#2107,#2105,#2294,.T.);
#1761=EDGE_CURVE('',#2104,#2108,#2295,.F.);
#1762=EDGE_CURVE('',#2108,#1833,#2296,.T.);
#1763=EDGE_CURVE('',#2070,#2109,#2297,.F.);
#1764=EDGE_CURVE('',#2109,#1831,#2298,.F.);
#1765=EDGE_CURVE('',#1830,#2110,#2299,.F.);
#1766=EDGE_CURVE('',#2110,#2071,#2300,.T.);
#1767=EDGE_CURVE('',#2102,#2111,#2301,.T.);
#1768=EDGE_CURVE('',#2111,#1843,#2302,.F.);
#1769=EDGE_CURVE('',#1842,#2112,#2303,.F.);
#1770=EDGE_CURVE('',#2112,#2103,#2304,.F.);
#1771=EDGE_CURVE('',#1844,#2113,#2305,.T.);
#1772=EDGE_CURVE('',#2113,#2067,#2306,.F.);
#1773=EDGE_CURVE('',#2066,#2114,#2307,.T.);
#1774=EDGE_CURVE('',#2114,#1845,#2308,.T.);
#1775=EDGE_CURVE('',#2110,#2115,#2309,.T.);
#1776=EDGE_CURVE('',#2115,#2075,#2310,.F.);
#1777=EDGE_CURVE('',#2074,#2116,#2311,.F.);
#1778=EDGE_CURVE('',#2116,#2109,#2312,.T.);
#1779=EDGE_CURVE('',#2095,#2117,#2313,.T.);
#1780=EDGE_CURVE('',#2117,#2108,#2314,.F.);
#1781=EDGE_CURVE('',#2107,#2118,#2315,.F.);
#1782=EDGE_CURVE('',#2118,#1827,#2316,.T.);
#1783=EDGE_CURVE('',#2076,#2119,#2317,.T.);
#1784=EDGE_CURVE('',#2119,#2114,#2318,.T.);
#1785=EDGE_CURVE('',#2113,#2120,#2319,.T.);
#1786=EDGE_CURVE('',#2120,#2073,#2320,.T.);
#1787=EDGE_CURVE('',#2112,#2121,#2321,.F.);
#1788=EDGE_CURVE('',#2121,#2094,#2322,.F.);
#1789=EDGE_CURVE('',#1828,#2122,#2323,.F.);
#1790=EDGE_CURVE('',#2122,#2111,#2324,.F.);
#1791=EDGE_CURVE('',#1834,#2123,#2325,.F.);
#1792=EDGE_CURVE('',#2123,#2124,#2326,.F.);
#1793=EDGE_CURVE('',#2124,#1835,#2327,.T.);
#1794=EDGE_CURVE('',#2091,#2119,#2328,.F.);
#1795=EDGE_CURVE('',#1845,#2090,#2329,.T.);
#1796=EDGE_CURVE('',#2092,#2115,#2330,.T.);
#1797=EDGE_CURVE('',#1842,#2089,#2331,.F.);
#1798=EDGE_CURVE('',#2085,#2124,#2332,.T.);
#1799=EDGE_CURVE('',#2121,#2088,#2333,.T.);
#1800=EDGE_CURVE('',#2086,#2123,#2334,.F.);
#1801=EDGE_CURVE('',#2117,#2087,#2335,.T.);
#1802=EDGE_CURVE('',#1843,#2077,#2336,.F.);
#1803=EDGE_CURVE('',#2084,#1844,#2337,.T.);
#1804=EDGE_CURVE('',#2080,#1832,#2338,.F.);
#1805=EDGE_CURVE('',#1831,#2081,#2339,.T.);
#1806=EDGE_CURVE('',#2125,#2126,#2340,.T.);
#1807=EDGE_CURVE('',#2125,#1819,#18,.T.);
#1808=EDGE_CURVE('',#2100,#2126,#19,.T.);
#1809=EDGE_CURVE('',#2127,#2128,#2341,.F.);
#1810=EDGE_CURVE('',#2127,#2099,#20,.F.);
#1811=EDGE_CURVE('',#1820,#2128,#21,.F.);
#1812=EDGE_CURVE('',#2122,#2078,#2342,.T.);
#1813=EDGE_CURVE('',#2083,#2120,#2343,.T.);
#1814=EDGE_CURVE('',#2079,#2118,#2344,.F.);
#1815=EDGE_CURVE('',#2116,#2082,#2345,.F.);
#1816=EDGE_CURVE('',#2128,#2127,#370,.T.);
#1817=EDGE_CURVE('',#2126,#2125,#371,.T.);
#1818=VERTEX_POINT('',#4487);
#1819=VERTEX_POINT('',#4488);
#1820=VERTEX_POINT('',#4490);
#1821=VERTEX_POINT('',#4492);
#1822=VERTEX_POINT('',#4496);
#1823=VERTEX_POINT('',#4497);
#1824=VERTEX_POINT('',#4499);
#1825=VERTEX_POINT('',#4501);
#1826=VERTEX_POINT('',#4505);
#1827=VERTEX_POINT('',#4506);
#1828=VERTEX_POINT('',#4508);
#1829=VERTEX_POINT('',#4510);
#1830=VERTEX_POINT('',#4514);
#1831=VERTEX_POINT('',#4515);
#1832=VERTEX_POINT('',#4517);
#1833=VERTEX_POINT('',#4519);
#1834=VERTEX_POINT('',#4521);
#1835=VERTEX_POINT('',#4523);
#1836=VERTEX_POINT('',#4526);
#1837=VERTEX_POINT('',#4527);
#1838=VERTEX_POINT('',#4529);
#1839=VERTEX_POINT('',#4531);
#1840=VERTEX_POINT('',#4533);
#1841=VERTEX_POINT('',#4535);
#1842=VERTEX_POINT('',#4540);
#1843=VERTEX_POINT('',#4541);
#1844=VERTEX_POINT('',#4543);
#1845=VERTEX_POINT('',#4545);
#1846=VERTEX_POINT('',#4548);
#1847=VERTEX_POINT('',#4550);
#1848=VERTEX_POINT('',#4552);
#1849=VERTEX_POINT('',#4554);
#1850=VERTEX_POINT('',#4556);
#1851=VERTEX_POINT('',#4558);
#1852=VERTEX_POINT('',#4562);
#1853=VERTEX_POINT('',#4563);
#1854=VERTEX_POINT('',#4565);
#1855=VERTEX_POINT('',#4603);
#1856=VERTEX_POINT('',#4605);
#1857=VERTEX_POINT('',#4643);
#1858=VERTEX_POINT('',#4647);
#1859=VERTEX_POINT('',#4648);
#1860=VERTEX_POINT('',#4650);
#1861=VERTEX_POINT('',#4688);
#1862=VERTEX_POINT('',#4690);
#1863=VERTEX_POINT('',#4728);
#1864=VERTEX_POINT('',#4732);
#1865=VERTEX_POINT('',#4733);
#1866=VERTEX_POINT('',#4735);
#1867=VERTEX_POINT('',#4773);
#1868=VERTEX_POINT('',#4775);
#1869=VERTEX_POINT('',#4813);
#1870=VERTEX_POINT('',#4817);
#1871=VERTEX_POINT('',#4818);
#1872=VERTEX_POINT('',#4820);
#1873=VERTEX_POINT('',#4858);
#1874=VERTEX_POINT('',#4860);
#1875=VERTEX_POINT('',#4898);
#1876=VERTEX_POINT('',#4902);
#1877=VERTEX_POINT('',#4903);
#1878=VERTEX_POINT('',#4905);
#1879=VERTEX_POINT('',#4943);
#1880=VERTEX_POINT('',#4945);
#1881=VERTEX_POINT('',#4983);
#1882=VERTEX_POINT('',#4987);
#1883=VERTEX_POINT('',#4988);
#1884=VERTEX_POINT('',#4990);
#1885=VERTEX_POINT('',#5028);
#1886=VERTEX_POINT('',#5030);
#1887=VERTEX_POINT('',#5068);
#1888=VERTEX_POINT('',#5072);
#1889=VERTEX_POINT('',#5073);
#1890=VERTEX_POINT('',#5075);
#1891=VERTEX_POINT('',#5113);
#1892=VERTEX_POINT('',#5115);
#1893=VERTEX_POINT('',#5153);
#1894=VERTEX_POINT('',#5157);
#1895=VERTEX_POINT('',#5158);
#1896=VERTEX_POINT('',#5160);
#1897=VERTEX_POINT('',#5198);
#1898=VERTEX_POINT('',#5200);
#1899=VERTEX_POINT('',#5238);
#1900=VERTEX_POINT('',#5242);
#1901=VERTEX_POINT('',#5243);
#1902=VERTEX_POINT('',#5245);
#1903=VERTEX_POINT('',#5283);
#1904=VERTEX_POINT('',#5285);
#1905=VERTEX_POINT('',#5323);
#1906=VERTEX_POINT('',#5327);
#1907=VERTEX_POINT('',#5328);
#1908=VERTEX_POINT('',#5330);
#1909=VERTEX_POINT('',#5368);
#1910=VERTEX_POINT('',#5370);
#1911=VERTEX_POINT('',#5408);
#1912=VERTEX_POINT('',#5412);
#1913=VERTEX_POINT('',#5413);
#1914=VERTEX_POINT('',#5415);
#1915=VERTEX_POINT('',#5453);
#1916=VERTEX_POINT('',#5455);
#1917=VERTEX_POINT('',#5493);
#1918=VERTEX_POINT('',#5497);
#1919=VERTEX_POINT('',#5498);
#1920=VERTEX_POINT('',#5500);
#1921=VERTEX_POINT('',#5538);
#1922=VERTEX_POINT('',#5540);
#1923=VERTEX_POINT('',#5578);
#1924=VERTEX_POINT('',#5582);
#1925=VERTEX_POINT('',#5583);
#1926=VERTEX_POINT('',#5585);
#1927=VERTEX_POINT('',#5623);
#1928=VERTEX_POINT('',#5625);
#1929=VERTEX_POINT('',#5663);
#1930=VERTEX_POINT('',#5667);
#1931=VERTEX_POINT('',#5668);
#1932=VERTEX_POINT('',#5670);
#1933=VERTEX_POINT('',#5708);
#1934=VERTEX_POINT('',#5710);
#1935=VERTEX_POINT('',#5748);
#1936=VERTEX_POINT('',#5752);
#1937=VERTEX_POINT('',#5753);
#1938=VERTEX_POINT('',#5755);
#1939=VERTEX_POINT('',#5793);
#1940=VERTEX_POINT('',#5795);
#1941=VERTEX_POINT('',#5833);
#1942=VERTEX_POINT('',#5837);
#1943=VERTEX_POINT('',#5839);
#1944=VERTEX_POINT('',#5843);
#1945=VERTEX_POINT('',#5845);
#1946=VERTEX_POINT('',#5849);
#1947=VERTEX_POINT('',#5851);
#1948=VERTEX_POINT('',#5855);
#1949=VERTEX_POINT('',#5857);
#1950=VERTEX_POINT('',#5861);
#1951=VERTEX_POINT('',#5863);
#1952=VERTEX_POINT('',#5867);
#1953=VERTEX_POINT('',#5869);
#1954=VERTEX_POINT('',#5873);
#1955=VERTEX_POINT('',#5875);
#1956=VERTEX_POINT('',#5879);
#1957=VERTEX_POINT('',#5881);
#1958=VERTEX_POINT('',#5885);
#1959=VERTEX_POINT('',#5887);
#1960=VERTEX_POINT('',#5891);
#1961=VERTEX_POINT('',#5893);
#1962=VERTEX_POINT('',#5897);
#1963=VERTEX_POINT('',#5899);
#1964=VERTEX_POINT('',#5903);
#1965=VERTEX_POINT('',#5905);
#1966=VERTEX_POINT('',#5909);
#1967=VERTEX_POINT('',#5911);
#1968=VERTEX_POINT('',#5915);
#1969=VERTEX_POINT('',#5917);
#1970=VERTEX_POINT('',#5921);
#1971=VERTEX_POINT('',#5923);
#1972=VERTEX_POINT('',#5986);
#1973=VERTEX_POINT('',#6049);
#1974=VERTEX_POINT('',#6053);
#1975=VERTEX_POINT('',#6054);
#1976=VERTEX_POINT('',#6056);
#1977=VERTEX_POINT('',#6058);
#1978=VERTEX_POINT('',#6127);
#1979=VERTEX_POINT('',#6190);
#1980=VERTEX_POINT('',#6194);
#1981=VERTEX_POINT('',#6195);
#1982=VERTEX_POINT('',#6197);
#1983=VERTEX_POINT('',#6199);
#1984=VERTEX_POINT('',#6268);
#1985=VERTEX_POINT('',#6331);
#1986=VERTEX_POINT('',#6335);
#1987=VERTEX_POINT('',#6336);
#1988=VERTEX_POINT('',#6338);
#1989=VERTEX_POINT('',#6340);
#1990=VERTEX_POINT('',#6409);
#1991=VERTEX_POINT('',#6472);
#1992=VERTEX_POINT('',#6476);
#1993=VERTEX_POINT('',#6477);
#1994=VERTEX_POINT('',#6479);
#1995=VERTEX_POINT('',#6481);
#1996=VERTEX_POINT('',#6550);
#1997=VERTEX_POINT('',#6613);
#1998=VERTEX_POINT('',#6617);
#1999=VERTEX_POINT('',#6618);
#2000=VERTEX_POINT('',#6620);
#2001=VERTEX_POINT('',#6622);
#2002=VERTEX_POINT('',#6691);
#2003=VERTEX_POINT('',#6754);
#2004=VERTEX_POINT('',#6758);
#2005=VERTEX_POINT('',#6759);
#2006=VERTEX_POINT('',#6761);
#2007=VERTEX_POINT('',#6763);
#2008=VERTEX_POINT('',#6832);
#2009=VERTEX_POINT('',#6895);
#2010=VERTEX_POINT('',#6899);
#2011=VERTEX_POINT('',#6900);
#2012=VERTEX_POINT('',#6902);
#2013=VERTEX_POINT('',#6904);
#2014=VERTEX_POINT('',#6973);
#2015=VERTEX_POINT('',#7036);
#2016=VERTEX_POINT('',#7040);
#2017=VERTEX_POINT('',#7041);
#2018=VERTEX_POINT('',#7043);
#2019=VERTEX_POINT('',#7045);
#2020=VERTEX_POINT('',#7114);
#2021=VERTEX_POINT('',#7177);
#2022=VERTEX_POINT('',#7181);
#2023=VERTEX_POINT('',#7182);
#2024=VERTEX_POINT('',#7184);
#2025=VERTEX_POINT('',#7186);
#2026=VERTEX_POINT('',#7255);
#2027=VERTEX_POINT('',#7318);
#2028=VERTEX_POINT('',#7322);
#2029=VERTEX_POINT('',#7323);
#2030=VERTEX_POINT('',#7325);
#2031=VERTEX_POINT('',#7327);
#2032=VERTEX_POINT('',#7396);
#2033=VERTEX_POINT('',#7459);
#2034=VERTEX_POINT('',#7463);
#2035=VERTEX_POINT('',#7464);
#2036=VERTEX_POINT('',#7466);
#2037=VERTEX_POINT('',#7468);
#2038=VERTEX_POINT('',#7537);
#2039=VERTEX_POINT('',#7600);
#2040=VERTEX_POINT('',#7604);
#2041=VERTEX_POINT('',#7605);
#2042=VERTEX_POINT('',#7607);
#2043=VERTEX_POINT('',#7609);
#2044=VERTEX_POINT('',#7678);
#2045=VERTEX_POINT('',#7741);
#2046=VERTEX_POINT('',#7745);
#2047=VERTEX_POINT('',#7746);
#2048=VERTEX_POINT('',#7748);
#2049=VERTEX_POINT('',#7750);
#2050=VERTEX_POINT('',#7819);
#2051=VERTEX_POINT('',#7882);
#2052=VERTEX_POINT('',#7886);
#2053=VERTEX_POINT('',#7887);
#2054=VERTEX_POINT('',#7889);
#2055=VERTEX_POINT('',#7891);
#2056=VERTEX_POINT('',#7960);
#2057=VERTEX_POINT('',#8023);
#2058=VERTEX_POINT('',#8027);
#2059=VERTEX_POINT('',#8028);
#2060=VERTEX_POINT('',#8030);
#2061=VERTEX_POINT('',#8032);
#2062=VERTEX_POINT('',#8070);
#2063=VERTEX_POINT('',#8074);
#2064=VERTEX_POINT('',#8078);
#2065=VERTEX_POINT('',#8079);
#2066=VERTEX_POINT('',#8081);
#2067=VERTEX_POINT('',#8083);
#2068=VERTEX_POINT('',#8085);
#2069=VERTEX_POINT('',#8087);
#2070=VERTEX_POINT('',#8089);
#2071=VERTEX_POINT('',#8091);
#2072=VERTEX_POINT('',#8094);
#2073=VERTEX_POINT('',#8098);
#2074=VERTEX_POINT('',#8100);
#2075=VERTEX_POINT('',#8104);
#2076=VERTEX_POINT('',#8106);
#2077=VERTEX_POINT('',#8110);
#2078=VERTEX_POINT('',#8111);
#2079=VERTEX_POINT('',#8113);
#2080=VERTEX_POINT('',#8115);
#2081=VERTEX_POINT('',#8117);
#2082=VERTEX_POINT('',#8119);
#2083=VERTEX_POINT('',#8121);
#2084=VERTEX_POINT('',#8123);
#2085=VERTEX_POINT('',#8127);
#2086=VERTEX_POINT('',#8128);
#2087=VERTEX_POINT('',#8130);
#2088=VERTEX_POINT('',#8132);
#2089=VERTEX_POINT('',#8134);
#2090=VERTEX_POINT('',#8136);
#2091=VERTEX_POINT('',#8138);
#2092=VERTEX_POINT('',#8140);
#2093=VERTEX_POINT('',#8144);
#2094=VERTEX_POINT('',#8145);
#2095=VERTEX_POINT('',#8147);
#2096=VERTEX_POINT('',#8149);
#2097=VERTEX_POINT('',#8153);
#2098=VERTEX_POINT('',#8154);
#2099=VERTEX_POINT('',#8162);
#2100=VERTEX_POINT('',#8164);
#2101=VERTEX_POINT('',#8171);
#2102=VERTEX_POINT('',#8173);
#2103=VERTEX_POINT('',#8174);
#2104=VERTEX_POINT('',#8177);
#2105=VERTEX_POINT('',#8179);
#2106=VERTEX_POINT('',#8184);
#2107=VERTEX_POINT('',#8190);
#2108=VERTEX_POINT('',#8193);
#2109=VERTEX_POINT('',#8197);
#2110=VERTEX_POINT('',#8200);
#2111=VERTEX_POINT('',#8204);
#2112=VERTEX_POINT('',#8207);
#2113=VERTEX_POINT('',#8211);
#2114=VERTEX_POINT('',#8214);
#2115=VERTEX_POINT('',#8218);
#2116=VERTEX_POINT('',#8222);
#2117=VERTEX_POINT('',#8226);
#2118=VERTEX_POINT('',#8230);
#2119=VERTEX_POINT('',#8234);
#2120=VERTEX_POINT('',#8238);
#2121=VERTEX_POINT('',#8242);
#2122=VERTEX_POINT('',#8246);
#2123=VERTEX_POINT('',#8250);
#2124=VERTEX_POINT('',#8252);
#2125=VERTEX_POINT('',#8278);
#2126=VERTEX_POINT('',#8279);
#2127=VERTEX_POINT('',#8284);
#2128=VERTEX_POINT('',#8285);
#2129=LINE('',#4486,#2346);
#2130=LINE('',#4491,#2347);
#2131=LINE('',#4493,#2348);
#2132=LINE('',#4495,#2349);
#2133=LINE('',#4498,#2350);
#2134=LINE('',#4502,#2351);
#2135=LINE('',#4504,#2352);
#2136=LINE('',#4507,#2353);
#2137=LINE('',#4509,#2354);
#2138=LINE('',#4513,#2355);
#2139=LINE('',#4516,#2356);
#2140=LINE('',#4518,#2357);
#2141=LINE('',#4520,#2358);
#2142=LINE('',#4522,#2359);
#2143=LINE('',#4524,#2360);
#2144=LINE('',#4525,#2361);
#2145=LINE('',#4528,#2362);
#2146=LINE('',#4530,#2363);
#2147=LINE('',#4532,#2364);
#2148=LINE('',#4534,#2365);
#2149=LINE('',#4536,#2366);
#2150=LINE('',#4537,#2367);
#2151=LINE('',#4539,#2368);
#2152=LINE('',#4542,#2369);
#2153=LINE('',#4544,#2370);
#2154=LINE('',#4546,#2371);
#2155=LINE('',#4547,#2372);
#2156=LINE('',#4549,#2373);
#2157=LINE('',#4551,#2374);
#2158=LINE('',#4553,#2375);
#2159=LINE('',#4555,#2376);
#2160=LINE('',#4557,#2377);
#2161=LINE('',#4559,#2378);
#2162=LINE('',#5836,#2379);
#2163=LINE('',#5838,#2380);
#2164=LINE('',#5842,#2381);
#2165=LINE('',#5844,#2382);
#2166=LINE('',#5848,#2383);
#2167=LINE('',#5850,#2384);
#2168=LINE('',#5854,#2385);
#2169=LINE('',#5858,#2386);
#2170=LINE('',#5860,#2387);
#2171=LINE('',#5862,#2388);
#2172=LINE('',#5866,#2389);
#2173=LINE('',#5870,#2390);
#2174=LINE('',#5872,#2391);
#2175=LINE('',#5876,#2392);
#2176=LINE('',#5878,#2393);
#2177=LINE('',#5882,#2394);
#2178=LINE('',#5884,#2395);
#2179=LINE('',#5886,#2396);
#2180=LINE('',#5890,#2397);
#2181=LINE('',#5894,#2398);
#2182=LINE('',#5896,#2399);
#2183=LINE('',#5898,#2400);
#2184=LINE('',#5902,#2401);
#2185=LINE('',#5904,#2402);
#2186=LINE('',#5908,#2403);
#2187=LINE('',#5912,#2404);
#2188=LINE('',#5914,#2405);
#2189=LINE('',#5918,#2406);
#2190=LINE('',#5920,#2407);
#2191=LINE('',#5924,#2408);
#2192=LINE('',#5987,#2409);
#2193=LINE('',#6050,#2410);
#2194=LINE('',#6055,#2411);
#2195=LINE('',#6059,#2412);
#2196=LINE('',#6128,#2413);
#2197=LINE('',#6191,#2414);
#2198=LINE('',#6196,#2415);
#2199=LINE('',#6200,#2416);
#2200=LINE('',#6269,#2417);
#2201=LINE('',#6332,#2418);
#2202=LINE('',#6337,#2419);
#2203=LINE('',#6341,#2420);
#2204=LINE('',#6410,#2421);
#2205=LINE('',#6473,#2422);
#2206=LINE('',#6478,#2423);
#2207=LINE('',#6482,#2424);
#2208=LINE('',#6551,#2425);
#2209=LINE('',#6614,#2426);
#2210=LINE('',#6619,#2427);
#2211=LINE('',#6623,#2428);
#2212=LINE('',#6692,#2429);
#2213=LINE('',#6755,#2430);
#2214=LINE('',#6760,#2431);
#2215=LINE('',#6764,#2432);
#2216=LINE('',#6833,#2433);
#2217=LINE('',#6896,#2434);
#2218=LINE('',#6901,#2435);
#2219=LINE('',#6905,#2436);
#2220=LINE('',#6974,#2437);
#2221=LINE('',#7037,#2438);
#2222=LINE('',#7042,#2439);
#2223=LINE('',#7046,#2440);
#2224=LINE('',#7115,#2441);
#2225=LINE('',#7178,#2442);
#2226=LINE('',#7183,#2443);
#2227=LINE('',#7187,#2444);
#2228=LINE('',#7256,#2445);
#2229=LINE('',#7319,#2446);
#2230=LINE('',#7324,#2447);
#2231=LINE('',#7328,#2448);
#2232=LINE('',#7397,#2449);
#2233=LINE('',#7460,#2450);
#2234=LINE('',#7465,#2451);
#2235=LINE('',#7469,#2452);
#2236=LINE('',#7538,#2453);
#2237=LINE('',#7601,#2454);
#2238=LINE('',#7606,#2455);
#2239=LINE('',#7610,#2456);
#2240=LINE('',#7679,#2457);
#2241=LINE('',#7742,#2458);
#2242=LINE('',#7747,#2459);
#2243=LINE('',#7751,#2460);
#2244=LINE('',#7820,#2461);
#2245=LINE('',#7883,#2462);
#2246=LINE('',#7888,#2463);
#2247=LINE('',#7892,#2464);
#2248=LINE('',#7961,#2465);
#2249=LINE('',#8024,#2466);
#2250=LINE('',#8029,#2467);
#2251=LINE('',#8033,#2468);
#2252=LINE('',#8080,#2469);
#2253=LINE('',#8084,#2470);
#2254=LINE('',#8088,#2471);
#2255=LINE('',#8092,#2472);
#2256=LINE('',#8097,#2473);
#2257=LINE('',#8099,#2474);
#2258=LINE('',#8101,#2475);
#2259=LINE('',#8103,#2476);
#2260=LINE('',#8105,#2477);
#2261=LINE('',#8107,#2478);
#2262=LINE('',#8109,#2479);
#2263=LINE('',#8112,#2480);
#2264=LINE('',#8114,#2481);
#2265=LINE('',#8116,#2482);
#2266=LINE('',#8118,#2483);
#2267=LINE('',#8120,#2484);
#2268=LINE('',#8122,#2485);
#2269=LINE('',#8124,#2486);
#2270=LINE('',#8126,#2487);
#2271=LINE('',#8129,#2488);
#2272=LINE('',#8131,#2489);
#2273=LINE('',#8133,#2490);
#2274=LINE('',#8135,#2491);
#2275=LINE('',#8137,#2492);
#2276=LINE('',#8139,#2493);
#2277=LINE('',#8141,#2494);
#2278=LINE('',#8143,#2495);
#2279=LINE('',#8146,#2496);
#2280=LINE('',#8148,#2497);
#2281=LINE('',#8155,#2498);
#2282=LINE('',#8156,#2499);
#2283=LINE('',#8158,#2500);
#2284=LINE('',#8159,#2501);
#2285=LINE('',#8161,#2502);
#2286=LINE('',#8165,#2503);
#2287=LINE('',#8167,#2504);
#2288=LINE('',#8168,#2505);
#2289=LINE('',#8175,#2506);
#2290=LINE('',#8176,#2507);
#2291=LINE('',#8180,#2508);
#2292=LINE('',#8181,#2509);
#2293=LINE('',#8189,#2510);
#2294=LINE('',#8191,#2511);
#2295=LINE('',#8192,#2512);
#2296=LINE('',#8194,#2513);
#2297=LINE('',#8196,#2514);
#2298=LINE('',#8198,#2515);
#2299=LINE('',#8199,#2516);
#2300=LINE('',#8201,#2517);
#2301=LINE('',#8203,#2518);
#2302=LINE('',#8205,#2519);
#2303=LINE('',#8206,#2520);
#2304=LINE('',#8208,#2521);
#2305=LINE('',#8210,#2522);
#2306=LINE('',#8212,#2523);
#2307=LINE('',#8213,#2524);
#2308=LINE('',#8215,#2525);
#2309=LINE('',#8217,#2526);
#2310=LINE('',#8219,#2527);
#2311=LINE('',#8221,#2528);
#2312=LINE('',#8223,#2529);
#2313=LINE('',#8225,#2530);
#2314=LINE('',#8227,#2531);
#2315=LINE('',#8229,#2532);
#2316=LINE('',#8231,#2533);
#2317=LINE('',#8233,#2534);
#2318=LINE('',#8235,#2535);
#2319=LINE('',#8237,#2536);
#2320=LINE('',#8239,#2537);
#2321=LINE('',#8241,#2538);
#2322=LINE('',#8243,#2539);
#2323=LINE('',#8245,#2540);
#2324=LINE('',#8247,#2541);
#2325=LINE('',#8249,#2542);
#2326=LINE('',#8251,#2543);
#2327=LINE('',#8253,#2544);
#2328=LINE('',#8255,#2545);
#2329=LINE('',#8256,#2546);
#2330=LINE('',#8258,#2547);
#2331=LINE('',#8260,#2548);
#2332=LINE('',#8262,#2549);
#2333=LINE('',#8264,#2550);
#2334=LINE('',#8266,#2551);
#2335=LINE('',#8268,#2552);
#2336=LINE('',#8271,#2553);
#2337=LINE('',#8272,#2554);
#2338=LINE('',#8274,#2555);
#2339=LINE('',#8275,#2556);
#2340=LINE('',#8277,#2557);
#2341=LINE('',#8283,#2558);
#2342=LINE('',#8291,#2559);
#2343=LINE('',#8293,#2560);
#2344=LINE('',#8295,#2561);
#2345=LINE('',#8297,#2562);
#2346=VECTOR('',#3565,1.);
#2347=VECTOR('',#3568,1.);
#2348=VECTOR('',#3569,1.);
#2349=VECTOR('',#3572,1.);
#2350=VECTOR('',#3573,1.);
#2351=VECTOR('',#3576,1.);
#2352=VECTOR('',#3579,1.);
#2353=VECTOR('',#3580,1.);
#2354=VECTOR('',#3581,1.);
#2355=VECTOR('',#3586,1.);
#2356=VECTOR('',#3587,1.);
#2357=VECTOR('',#3588,1.);
#2358=VECTOR('',#3589,1.);
#2359=VECTOR('',#3590,1.);
#2360=VECTOR('',#3591,1.);
#2361=VECTOR('',#3592,1.);
#2362=VECTOR('',#3593,1.);
#2363=VECTOR('',#3594,1.);
#2364=VECTOR('',#3595,1.);
#2365=VECTOR('',#3596,1.);
#2366=VECTOR('',#3597,1.);
#2367=VECTOR('',#3598,1.);
#2368=VECTOR('',#3601,1.);
#2369=VECTOR('',#3602,1.);
#2370=VECTOR('',#3603,1.);
#2371=VECTOR('',#3604,1.);
#2372=VECTOR('',#3605,1.);
#2373=VECTOR('',#3606,1.);
#2374=VECTOR('',#3607,1.);
#2375=VECTOR('',#3608,1.);
#2376=VECTOR('',#3609,1.);
#2377=VECTOR('',#3610,1.);
#2378=VECTOR('',#3611,1.);
#2379=VECTOR('',#3764,1.);
#2380=VECTOR('',#3765,1.);
#2381=VECTOR('',#3770,1.);
#2382=VECTOR('',#3771,1.);
#2383=VECTOR('',#3776,1.);
#2384=VECTOR('',#3777,1.);
#2385=VECTOR('',#3782,1.);
#2386=VECTOR('',#3785,1.);
#2387=VECTOR('',#3788,1.);
#2388=VECTOR('',#3789,1.);
#2389=VECTOR('',#3794,1.);
#2390=VECTOR('',#3797,1.);
#2391=VECTOR('',#3800,1.);
#2392=VECTOR('',#3803,1.);
#2393=VECTOR('',#3806,1.);
#2394=VECTOR('',#3809,1.);
#2395=VECTOR('',#3812,1.);
#2396=VECTOR('',#3813,1.);
#2397=VECTOR('',#3818,1.);
#2398=VECTOR('',#3821,1.);
#2399=VECTOR('',#3824,1.);
#2400=VECTOR('',#3825,1.);
#2401=VECTOR('',#3830,1.);
#2402=VECTOR('',#3831,1.);
#2403=VECTOR('',#3836,1.);
#2404=VECTOR('',#3839,1.);
#2405=VECTOR('',#3842,1.);
#2406=VECTOR('',#3845,1.);
#2407=VECTOR('',#3848,1.);
#2408=VECTOR('',#3851,1.);
#2409=VECTOR('',#3852,1.);
#2410=VECTOR('',#3853,1.);
#2411=VECTOR('',#3858,1.);
#2412=VECTOR('',#3861,1.);
#2413=VECTOR('',#3874,1.);
#2414=VECTOR('',#3875,1.);
#2415=VECTOR('',#3880,1.);
#2416=VECTOR('',#3883,1.);
#2417=VECTOR('',#3896,1.);
#2418=VECTOR('',#3897,1.);
#2419=VECTOR('',#3902,1.);
#2420=VECTOR('',#3905,1.);
#2421=VECTOR('',#3918,1.);
#2422=VECTOR('',#3919,1.);
#2423=VECTOR('',#3924,1.);
#2424=VECTOR('',#3927,1.);
#2425=VECTOR('',#3940,1.);
#2426=VECTOR('',#3941,1.);
#2427=VECTOR('',#3946,1.);
#2428=VECTOR('',#3949,1.);
#2429=VECTOR('',#3962,1.);
#2430=VECTOR('',#3963,1.);
#2431=VECTOR('',#3968,1.);
#2432=VECTOR('',#3971,1.);
#2433=VECTOR('',#3984,1.);
#2434=VECTOR('',#3985,1.);
#2435=VECTOR('',#3990,1.);
#2436=VECTOR('',#3993,1.);
#2437=VECTOR('',#4006,1.);
#2438=VECTOR('',#4007,1.);
#2439=VECTOR('',#4012,1.);
#2440=VECTOR('',#4015,1.);
#2441=VECTOR('',#4028,1.);
#2442=VECTOR('',#4029,1.);
#2443=VECTOR('',#4034,1.);
#2444=VECTOR('',#4037,1.);
#2445=VECTOR('',#4050,1.);
#2446=VECTOR('',#4051,1.);
#2447=VECTOR('',#4056,1.);
#2448=VECTOR('',#4059,1.);
#2449=VECTOR('',#4072,1.);
#2450=VECTOR('',#4073,1.);
#2451=VECTOR('',#4078,1.);
#2452=VECTOR('',#4081,1.);
#2453=VECTOR('',#4094,1.);
#2454=VECTOR('',#4095,1.);
#2455=VECTOR('',#4100,1.);
#2456=VECTOR('',#4103,1.);
#2457=VECTOR('',#4116,1.);
#2458=VECTOR('',#4117,1.);
#2459=VECTOR('',#4122,1.);
#2460=VECTOR('',#4125,1.);
#2461=VECTOR('',#4138,1.);
#2462=VECTOR('',#4139,1.);
#2463=VECTOR('',#4144,1.);
#2464=VECTOR('',#4147,1.);
#2465=VECTOR('',#4160,1.);
#2466=VECTOR('',#4161,1.);
#2467=VECTOR('',#4166,1.);
#2468=VECTOR('',#4169,1.);
#2469=VECTOR('',#4254,1.);
#2470=VECTOR('',#4257,1.);
#2471=VECTOR('',#4260,1.);
#2472=VECTOR('',#4263,1.);
#2473=VECTOR('',#4270,1.);
#2474=VECTOR('',#4271,1.);
#2475=VECTOR('',#4272,1.);
#2476=VECTOR('',#4275,1.);
#2477=VECTOR('',#4276,1.);
#2478=VECTOR('',#4277,1.);
#2479=VECTOR('',#4280,1.);
#2480=VECTOR('',#4281,1.);
#2481=VECTOR('',#4282,1.);
#2482=VECTOR('',#4283,1.);
#2483=VECTOR('',#4284,1.);
#2484=VECTOR('',#4285,1.);
#2485=VECTOR('',#4286,1.);
#2486=VECTOR('',#4287,1.);
#2487=VECTOR('',#4290,1.);
#2488=VECTOR('',#4291,1.);
#2489=VECTOR('',#4292,1.);
#2490=VECTOR('',#4293,1.);
#2491=VECTOR('',#4294,1.);
#2492=VECTOR('',#4295,1.);
#2493=VECTOR('',#4296,1.);
#2494=VECTOR('',#4297,1.);
#2495=VECTOR('',#4300,1.);
#2496=VECTOR('',#4301,1.);
#2497=VECTOR('',#4302,1.);
#2498=VECTOR('',#4309,1.);
#2499=VECTOR('',#4310,1.);
#2500=VECTOR('',#4313,1.);
#2501=VECTOR('',#4314,1.);
#2502=VECTOR('',#4317,1.);
#2503=VECTOR('',#4320,1.);
#2504=VECTOR('',#4323,1.);
#2505=VECTOR('',#4324,1.);
#2506=VECTOR('',#4331,1.);
#2507=VECTOR('',#4332,1.);
#2508=VECTOR('',#4335,1.);
#2509=VECTOR('',#4336,1.);
#2510=VECTOR('',#4349,1.);
#2511=VECTOR('',#4350,1.);
#2512=VECTOR('',#4351,1.);
#2513=VECTOR('',#4352,1.);
#2514=VECTOR('',#4355,1.);
#2515=VECTOR('',#4356,1.);
#2516=VECTOR('',#4357,1.);
#2517=VECTOR('',#4358,1.);
#2518=VECTOR('',#4361,1.);
#2519=VECTOR('',#4362,1.);
#2520=VECTOR('',#4363,1.);
#2521=VECTOR('',#4364,1.);
#2522=VECTOR('',#4367,1.);
#2523=VECTOR('',#4368,1.);
#2524=VECTOR('',#4369,1.);
#2525=VECTOR('',#4370,1.);
#2526=VECTOR('',#4373,1.);
#2527=VECTOR('',#4374,1.);
#2528=VECTOR('',#4377,1.);
#2529=VECTOR('',#4378,1.);
#2530=VECTOR('',#4381,1.);
#2531=VECTOR('',#4382,1.);
#2532=VECTOR('',#4385,1.);
#2533=VECTOR('',#4386,1.);
#2534=VECTOR('',#4389,1.);
#2535=VECTOR('',#4390,1.);
#2536=VECTOR('',#4393,1.);
#2537=VECTOR('',#4394,1.);
#2538=VECTOR('',#4397,1.);
#2539=VECTOR('',#4398,1.);
#2540=VECTOR('',#4401,1.);
#2541=VECTOR('',#4402,1.);
#2542=VECTOR('',#4405,1.);
#2543=VECTOR('',#4406,1.);
#2544=VECTOR('',#4407,1.);
#2545=VECTOR('',#4410,1.);
#2546=VECTOR('',#4411,1.);
#2547=VECTOR('',#4414,1.);
#2548=VECTOR('',#4417,1.);
#2549=VECTOR('',#4420,1.);
#2550=VECTOR('',#4423,1.);
#2551=VECTOR('',#4426,1.);
#2552=VECTOR('',#4429,1.);
#2553=VECTOR('',#4434,1.);
#2554=VECTOR('',#4435,1.);
#2555=VECTOR('',#4438,1.);
#2556=VECTOR('',#4439,1.);
#2557=VECTOR('',#4442,1.);
#2558=VECTOR('',#4449,1.);
#2559=VECTOR('',#4460,1.);
#2560=VECTOR('',#4463,1.);
#2561=VECTOR('',#4466,1.);
#2562=VECTOR('',#4469,1.);
#2563=EDGE_LOOP('',(#372,#373,#374,#375));
#2564=EDGE_LOOP('',(#376,#377,#378,#379));
#2565=EDGE_LOOP('',(#380,#381,#382,#383));
#2566=EDGE_LOOP('',(#384,#385,#386,#387,#388,#389));
#2567=EDGE_LOOP('',(#390,#391,#392,#393,#394,#395,#396,#397));
#2568=EDGE_LOOP('',(#398,#399,#400,#401));
#2569=EDGE_LOOP('',(#402,#403,#404,#405,#406,#407,#408,#409));
#2570=EDGE_LOOP('',(#410,#411,#412,#413,#414,#415));
#2571=EDGE_LOOP('',(#416,#417,#418,#419,#420,#421));
#2572=EDGE_LOOP('',(#422,#423,#424,#425,#426,#427));
#2573=EDGE_LOOP('',(#428,#429,#430,#431,#432,#433));
#2574=EDGE_LOOP('',(#434,#435,#436,#437,#438,#439));
#2575=EDGE_LOOP('',(#440,#441,#442,#443,#444,#445));
#2576=EDGE_LOOP('',(#446,#447,#448,#449,#450,#451));
#2577=EDGE_LOOP('',(#452,#453,#454,#455,#456,#457));
#2578=EDGE_LOOP('',(#458,#459,#460,#461,#462,#463));
#2579=EDGE_LOOP('',(#464,#465,#466,#467,#468,#469));
#2580=EDGE_LOOP('',(#470,#471,#472,#473,#474,#475));
#2581=EDGE_LOOP('',(#476,#477,#478,#479,#480,#481));
#2582=EDGE_LOOP('',(#482,#483,#484,#485,#486,#487));
#2583=EDGE_LOOP('',(#488,#489,#490,#491,#492,#493));
#2584=EDGE_LOOP('',(#494,#495,#496,#497,#498,#499));
#2585=EDGE_LOOP('',(#500,#501,#502,#503));
#2586=EDGE_LOOP('',(#504,#505,#506,#507));
#2587=EDGE_LOOP('',(#508,#509,#510,#511));
#2588=EDGE_LOOP('',(#512,#513,#514,#515));
#2589=EDGE_LOOP('',(#516,#517,#518,#519));
#2590=EDGE_LOOP('',(#520,#521,#522,#523));
#2591=EDGE_LOOP('',(#524,#525,#526,#527));
#2592=EDGE_LOOP('',(#528,#529,#530,#531));
#2593=EDGE_LOOP('',(#532,#533,#534,#535));
#2594=EDGE_LOOP('',(#536,#537,#538,#539));
#2595=EDGE_LOOP('',(#540,#541,#542,#543));
#2596=EDGE_LOOP('',(#544,#545,#546,#547));
#2597=EDGE_LOOP('',(#548,#549,#550,#551));
#2598=EDGE_LOOP('',(#552,#553,#554,#555));
#2599=EDGE_LOOP('',(#556,#557,#558,#559));
#2600=EDGE_LOOP('',(#560,#561,#562,#563));
#2601=EDGE_LOOP('',(#564,#565,#566,#567));
#2602=EDGE_LOOP('',(#568,#569,#570,#571));
#2603=EDGE_LOOP('',(#572,#573,#574,#575,#576));
#2604=EDGE_LOOP('',(#577,#578,#579,#580,#581));
#2605=EDGE_LOOP('',(#582,#583,#584,#585));
#2606=EDGE_LOOP('',(#586,#587,#588,#589));
#2607=EDGE_LOOP('',(#590,#591,#592,#593));
#2608=EDGE_LOOP('',(#594,#595,#596,#597,#598));
#2609=EDGE_LOOP('',(#599,#600,#601,#602,#603));
#2610=EDGE_LOOP('',(#604,#605,#606,#607));
#2611=EDGE_LOOP('',(#608,#609,#610,#611));
#2612=EDGE_LOOP('',(#612,#613,#614,#615));
#2613=EDGE_LOOP('',(#616,#617,#618,#619,#620));
#2614=EDGE_LOOP('',(#621,#622,#623,#624,#625));
#2615=EDGE_LOOP('',(#626,#627,#628,#629));
#2616=EDGE_LOOP('',(#630,#631,#632,#633));
#2617=EDGE_LOOP('',(#634,#635,#636,#637));
#2618=EDGE_LOOP('',(#638,#639,#640,#641,#642));
#2619=EDGE_LOOP('',(#643,#644,#645,#646,#647));
#2620=EDGE_LOOP('',(#648,#649,#650,#651));
#2621=EDGE_LOOP('',(#652,#653,#654,#655));
#2622=EDGE_LOOP('',(#656,#657,#658,#659));
#2623=EDGE_LOOP('',(#660,#661,#662,#663,#664));
#2624=EDGE_LOOP('',(#665,#666,#667,#668,#669));
#2625=EDGE_LOOP('',(#670,#671,#672,#673));
#2626=EDGE_LOOP('',(#674,#675,#676,#677));
#2627=EDGE_LOOP('',(#678,#679,#680,#681));
#2628=EDGE_LOOP('',(#682,#683,#684,#685,#686));
#2629=EDGE_LOOP('',(#687,#688,#689,#690,#691));
#2630=EDGE_LOOP('',(#692,#693,#694,#695));
#2631=EDGE_LOOP('',(#696,#697,#698,#699));
#2632=EDGE_LOOP('',(#700,#701,#702,#703));
#2633=EDGE_LOOP('',(#704,#705,#706,#707,#708));
#2634=EDGE_LOOP('',(#709,#710,#711,#712,#713));
#2635=EDGE_LOOP('',(#714,#715,#716,#717));
#2636=EDGE_LOOP('',(#718,#719,#720,#721));
#2637=EDGE_LOOP('',(#722,#723,#724,#725));
#2638=EDGE_LOOP('',(#726,#727,#728,#729,#730));
#2639=EDGE_LOOP('',(#731,#732,#733,#734,#735));
#2640=EDGE_LOOP('',(#736,#737,#738,#739));
#2641=EDGE_LOOP('',(#740,#741,#742,#743));
#2642=EDGE_LOOP('',(#744,#745,#746,#747));
#2643=EDGE_LOOP('',(#748,#749,#750,#751,#752));
#2644=EDGE_LOOP('',(#753,#754,#755,#756,#757));
#2645=EDGE_LOOP('',(#758,#759,#760,#761));
#2646=EDGE_LOOP('',(#762,#763,#764,#765));
#2647=EDGE_LOOP('',(#766,#767,#768,#769));
#2648=EDGE_LOOP('',(#770,#771,#772,#773,#774));
#2649=EDGE_LOOP('',(#775,#776,#777,#778,#779));
#2650=EDGE_LOOP('',(#780,#781,#782,#783));
#2651=EDGE_LOOP('',(#784,#785,#786,#787));
#2652=EDGE_LOOP('',(#788,#789,#790,#791));
#2653=EDGE_LOOP('',(#792,#793,#794,#795,#796));
#2654=EDGE_LOOP('',(#797,#798,#799,#800,#801));
#2655=EDGE_LOOP('',(#802,#803,#804,#805));
#2656=EDGE_LOOP('',(#806,#807,#808,#809));
#2657=EDGE_LOOP('',(#810,#811,#812,#813));
#2658=EDGE_LOOP('',(#814,#815,#816,#817,#818));
#2659=EDGE_LOOP('',(#819,#820,#821,#822,#823));
#2660=EDGE_LOOP('',(#824,#825,#826,#827));
#2661=EDGE_LOOP('',(#828,#829,#830,#831));
#2662=EDGE_LOOP('',(#832,#833,#834,#835));
#2663=EDGE_LOOP('',(#836,#837,#838,#839,#840));
#2664=EDGE_LOOP('',(#841,#842,#843,#844,#845));
#2665=EDGE_LOOP('',(#846,#847,#848,#849));
#2666=EDGE_LOOP('',(#850,#851,#852,#853));
#2667=EDGE_LOOP('',(#854,#855,#856,#857));
#2668=EDGE_LOOP('',(#858,#859,#860,#861,#862));
#2669=EDGE_LOOP('',(#863,#864,#865,#866,#867));
#2670=EDGE_LOOP('',(#868,#869,#870,#871));
#2671=EDGE_LOOP('',(#872,#873,#874,#875));
#2672=EDGE_LOOP('',(#876,#877,#878,#879));
#2673=EDGE_LOOP('',(#880,#881,#882,#883,#884));
#2674=EDGE_LOOP('',(#885,#886,#887,#888,#889));
#2675=EDGE_LOOP('',(#890,#891,#892,#893));
#2676=EDGE_LOOP('',(#894,#895,#896,#897));
#2677=EDGE_LOOP('',(#898,#899,#900,#901));
#2678=EDGE_LOOP('',(#902,#903,#904,#905));
#2679=EDGE_LOOP('',(#906,#907,#908,#909));
#2680=EDGE_LOOP('',(#910,#911,#912,#913));
#2681=EDGE_LOOP('',(#914,#915,#916,#917));
#2682=EDGE_LOOP('',(#918,#919,#920,#921));
#2683=EDGE_LOOP('',(#922,#923,#924,#925));
#2684=EDGE_LOOP('',(#926,#927,#928,#929));
#2685=EDGE_LOOP('',(#930,#931,#932,#933));
#2686=EDGE_LOOP('',(#934,#935,#936,#937));
#2687=EDGE_LOOP('',(#938,#939,#940,#941));
#2688=EDGE_LOOP('',(#942,#943,#944,#945));
#2689=EDGE_LOOP('',(#946));
#2690=EDGE_LOOP('',(#947,#948,#949,#950,#951,#952,#953,#954,#955,#956,#957,
#958,#959,#960,#961,#962,#963,#964,#965,#966,#967,#968,#969,#970,#971,#972,
#973,#974,#975,#976));
#2691=EDGE_LOOP('',(#977));
#2692=EDGE_LOOP('',(#978));
#2693=EDGE_LOOP('',(#979,#980,#981,#982));
#2694=EDGE_LOOP('',(#983,#984,#985,#986,#987,#988,#989,#990));
#2695=EDGE_LOOP('',(#991));
#2696=EDGE_LOOP('',(#992,#993,#994,#995,#996,#997,#998,#999,#1000,#1001,
#1002,#1003,#1004,#1005,#1006,#1007,#1008,#1009,#1010,#1011,#1012,#1013,
#1014,#1015,#1016,#1017,#1018,#1019,#1020,#1021,#1022,#1023,#1024,#1025,
#1026,#1027,#1028,#1029,#1030,#1031,#1032,#1033,#1034,#1035,#1036,#1037,
#1038,#1039,#1040,#1041,#1042,#1043,#1044,#1045,#1046,#1047,#1048,#1049,
#1050,#1051,#1052,#1053,#1054,#1055,#1056,#1057,#1058,#1059,#1060,#1061,
#1062,#1063,#1064,#1065,#1066,#1067,#1068,#1069,#1070,#1071,#1072,#1073,
#1074,#1075,#1076,#1077,#1078,#1079,#1080,#1081));
#2697=EDGE_LOOP('',(#1082));
#2698=EDGE_LOOP('',(#1083,#1084,#1085,#1086));
#2699=EDGE_LOOP('',(#1087,#1088,#1089,#1090));
#2700=EDGE_LOOP('',(#1091,#1092,#1093,#1094,#1095,#1096,#1097,#1098));
#2701=EDGE_LOOP('',(#1099,#1100,#1101,#1102,#1103,#1104,#1105,#1106));
#2702=EDGE_LOOP('',(#1107,#1108,#1109,#1110));
#2703=EDGE_LOOP('',(#1111,#1112,#1113,#1114));
#2704=EDGE_LOOP('',(#1115,#1116,#1117,#1118));
#2705=EDGE_LOOP('',(#1119,#1120,#1121,#1122));
#2706=EDGE_LOOP('',(#1123,#1124,#1125,#1126));
#2707=EDGE_LOOP('',(#1127));
#2708=EDGE_LOOP('',(#1128,#1129,#1130,#1131,#1132,#1133,#1134,#1135));
#2709=EDGE_LOOP('',(#1136));
#2710=EDGE_LOOP('',(#1137));
#2711=EDGE_LOOP('',(#1138,#1139,#1140,#1141));
#2712=EDGE_LOOP('',(#1142));
#2713=EDGE_LOOP('',(#1143,#1144,#1145,#1146,#1147,#1148));
#2714=EDGE_LOOP('',(#1149,#1150,#1151,#1152,#1153,#1154));
#2715=EDGE_LOOP('',(#1155,#1156,#1157,#1158,#1159,#1160));
#2716=EDGE_LOOP('',(#1161,#1162,#1163,#1164,#1165,#1166));
#2717=EDGE_LOOP('',(#1167,#1168,#1169,#1170,#1171));
#2718=EDGE_LOOP('',(#1172,#1173,#1174,#1175,#1176));
#2719=EDGE_LOOP('',(#1177,#1178,#1179,#1180,#1181));
#2720=EDGE_LOOP('',(#1182,#1183,#1184,#1185,#1186));
#2721=EDGE_LOOP('',(#1187,#1188,#1189,#1190,#1191));
#2722=EDGE_LOOP('',(#1192,#1193,#1194,#1195,#1196));
#2723=EDGE_LOOP('',(#1197,#1198,#1199,#1200,#1201));
#2724=EDGE_LOOP('',(#1202,#1203,#1204,#1205,#1206));
#2725=EDGE_LOOP('',(#1207,#1208,#1209,#1210));
#2726=EDGE_LOOP('',(#1211,#1212,#1213,#1214,#1215));
#2727=EDGE_LOOP('',(#1216,#1217,#1218,#1219,#1220,#1221));
#2728=EDGE_LOOP('',(#1222,#1223,#1224,#1225));
#2729=EDGE_LOOP('',(#1226,#1227,#1228,#1229,#1230,#1231,#1232));
#2730=EDGE_LOOP('',(#1233,#1234,#1235,#1236,#1237));
#2731=EDGE_LOOP('',(#1238,#1239,#1240,#1241));
#2732=EDGE_LOOP('',(#1242,#1243,#1244,#1245,#1246,#1247));
#2733=EDGE_LOOP('',(#1248,#1249,#1250,#1251,#1252,#1253,#1254));
#2734=EDGE_LOOP('',(#1255,#1256,#1257,#1258));
#2735=EDGE_LOOP('',(#1259,#1260,#1261,#1262));
#2736=EDGE_LOOP('',(#1263,#1264,#1265,#1266,#1267,#1268,#1269,#1270));
#2737=EDGE_LOOP('',(#1271,#1272,#1273,#1274,#1275,#1276,#1277,#1278));
#2738=EDGE_LOOP('',(#1279,#1280,#1281,#1282,#1283,#1284));
#2739=EDGE_LOOP('',(#1285,#1286,#1287,#1288,#1289,#1290));
#2740=EDGE_LOOP('',(#1291,#1292,#1293,#1294,#1295));
#2741=EDGE_LOOP('',(#1296,#1297,#1298,#1299,#1300));
#2742=EDGE_LOOP('',(#1301,#1302,#1303,#1304,#1305));
#2743=EDGE_LOOP('',(#1306,#1307,#1308,#1309,#1310));
#2744=EDGE_LOOP('',(#1311,#1312,#1313,#1314,#1315,#1316));
#2745=EDGE_LOOP('',(#1317,#1318,#1319,#1320,#1321,#1322));
#2746=EDGE_LOOP('',(#1323));
#2747=EDGE_LOOP('',(#1324,#1325,#1326,#1327,#1328,#1329,#1330,#1331));
#2748=EDGE_LOOP('',(#1332,#1333));
#2749=EDGE_LOOP('',(#1334,#1335));
#2750=FACE_BOUND('',#2563,.T.);
#2751=FACE_BOUND('',#2564,.T.);
#2752=FACE_BOUND('',#2565,.T.);
#2753=FACE_BOUND('',#2566,.T.);
#2754=FACE_BOUND('',#2567,.T.);
#2755=FACE_BOUND('',#2568,.T.);
#2756=FACE_BOUND('',#2569,.T.);
#2757=FACE_BOUND('',#2570,.T.);
#2758=FACE_BOUND('',#2571,.T.);
#2759=FACE_BOUND('',#2572,.T.);
#2760=FACE_BOUND('',#2573,.T.);
#2761=FACE_BOUND('',#2574,.T.);
#2762=FACE_BOUND('',#2575,.T.);
#2763=FACE_BOUND('',#2576,.T.);
#2764=FACE_BOUND('',#2577,.T.);
#2765=FACE_BOUND('',#2578,.T.);
#2766=FACE_BOUND('',#2579,.T.);
#2767=FACE_BOUND('',#2580,.T.);
#2768=FACE_BOUND('',#2581,.T.);
#2769=FACE_BOUND('',#2582,.T.);
#2770=FACE_BOUND('',#2583,.T.);
#2771=FACE_BOUND('',#2584,.T.);
#2772=FACE_BOUND('',#2585,.T.);
#2773=FACE_BOUND('',#2586,.T.);
#2774=FACE_BOUND('',#2587,.T.);
#2775=FACE_BOUND('',#2588,.T.);
#2776=FACE_BOUND('',#2589,.T.);
#2777=FACE_BOUND('',#2590,.T.);
#2778=FACE_BOUND('',#2591,.T.);
#2779=FACE_BOUND('',#2592,.T.);
#2780=FACE_BOUND('',#2593,.T.);
#2781=FACE_BOUND('',#2594,.T.);
#2782=FACE_BOUND('',#2595,.T.);
#2783=FACE_BOUND('',#2596,.T.);
#2784=FACE_BOUND('',#2597,.T.);
#2785=FACE_BOUND('',#2598,.T.);
#2786=FACE_BOUND('',#2599,.T.);
#2787=FACE_BOUND('',#2600,.T.);
#2788=FACE_BOUND('',#2601,.T.);
#2789=FACE_BOUND('',#2602,.T.);
#2790=FACE_BOUND('',#2603,.T.);
#2791=FACE_BOUND('',#2604,.T.);
#2792=FACE_BOUND('',#2605,.T.);
#2793=FACE_BOUND('',#2606,.T.);
#2794=FACE_BOUND('',#2607,.T.);
#2795=FACE_BOUND('',#2608,.T.);
#2796=FACE_BOUND('',#2609,.T.);
#2797=FACE_BOUND('',#2610,.T.);
#2798=FACE_BOUND('',#2611,.T.);
#2799=FACE_BOUND('',#2612,.T.);
#2800=FACE_BOUND('',#2613,.T.);
#2801=FACE_BOUND('',#2614,.T.);
#2802=FACE_BOUND('',#2615,.T.);
#2803=FACE_BOUND('',#2616,.T.);
#2804=FACE_BOUND('',#2617,.T.);
#2805=FACE_BOUND('',#2618,.T.);
#2806=FACE_BOUND('',#2619,.T.);
#2807=FACE_BOUND('',#2620,.T.);
#2808=FACE_BOUND('',#2621,.T.);
#2809=FACE_BOUND('',#2622,.T.);
#2810=FACE_BOUND('',#2623,.T.);
#2811=FACE_BOUND('',#2624,.T.);
#2812=FACE_BOUND('',#2625,.T.);
#2813=FACE_BOUND('',#2626,.T.);
#2814=FACE_BOUND('',#2627,.T.);
#2815=FACE_BOUND('',#2628,.T.);
#2816=FACE_BOUND('',#2629,.T.);
#2817=FACE_BOUND('',#2630,.T.);
#2818=FACE_BOUND('',#2631,.T.);
#2819=FACE_BOUND('',#2632,.T.);
#2820=FACE_BOUND('',#2633,.T.);
#2821=FACE_BOUND('',#2634,.T.);
#2822=FACE_BOUND('',#2635,.T.);
#2823=FACE_BOUND('',#2636,.T.);
#2824=FACE_BOUND('',#2637,.T.);
#2825=FACE_BOUND('',#2638,.T.);
#2826=FACE_BOUND('',#2639,.T.);
#2827=FACE_BOUND('',#2640,.T.);
#2828=FACE_BOUND('',#2641,.T.);
#2829=FACE_BOUND('',#2642,.T.);
#2830=FACE_BOUND('',#2643,.T.);
#2831=FACE_BOUND('',#2644,.T.);
#2832=FACE_BOUND('',#2645,.T.);
#2833=FACE_BOUND('',#2646,.T.);
#2834=FACE_BOUND('',#2647,.T.);
#2835=FACE_BOUND('',#2648,.T.);
#2836=FACE_BOUND('',#2649,.T.);
#2837=FACE_BOUND('',#2650,.T.);
#2838=FACE_BOUND('',#2651,.T.);
#2839=FACE_BOUND('',#2652,.T.);
#2840=FACE_BOUND('',#2653,.T.);
#2841=FACE_BOUND('',#2654,.T.);
#2842=FACE_BOUND('',#2655,.T.);
#2843=FACE_BOUND('',#2656,.T.);
#2844=FACE_BOUND('',#2657,.T.);
#2845=FACE_BOUND('',#2658,.T.);
#2846=FACE_BOUND('',#2659,.T.);
#2847=FACE_BOUND('',#2660,.T.);
#2848=FACE_BOUND('',#2661,.T.);
#2849=FACE_BOUND('',#2662,.T.);
#2850=FACE_BOUND('',#2663,.T.);
#2851=FACE_BOUND('',#2664,.T.);
#2852=FACE_BOUND('',#2665,.T.);
#2853=FACE_BOUND('',#2666,.T.);
#2854=FACE_BOUND('',#2667,.T.);
#2855=FACE_BOUND('',#2668,.T.);
#2856=FACE_BOUND('',#2669,.T.);
#2857=FACE_BOUND('',#2670,.T.);
#2858=FACE_BOUND('',#2671,.T.);
#2859=FACE_BOUND('',#2672,.T.);
#2860=FACE_BOUND('',#2673,.T.);
#2861=FACE_BOUND('',#2674,.T.);
#2862=FACE_BOUND('',#2675,.T.);
#2863=FACE_BOUND('',#2676,.T.);
#2864=FACE_BOUND('',#2677,.T.);
#2865=FACE_BOUND('',#2678,.T.);
#2866=FACE_BOUND('',#2679,.T.);
#2867=FACE_BOUND('',#2680,.T.);
#2868=FACE_BOUND('',#2681,.T.);
#2869=FACE_BOUND('',#2682,.T.);
#2870=FACE_BOUND('',#2683,.T.);
#2871=FACE_BOUND('',#2684,.T.);
#2872=FACE_BOUND('',#2685,.T.);
#2873=FACE_BOUND('',#2686,.T.);
#2874=FACE_BOUND('',#2687,.T.);
#2875=FACE_BOUND('',#2688,.T.);
#2876=FACE_BOUND('',#2689,.T.);
#2877=FACE_BOUND('',#2690,.T.);
#2878=FACE_BOUND('',#2691,.T.);
#2879=FACE_BOUND('',#2692,.T.);
#2880=FACE_BOUND('',#2693,.T.);
#2881=FACE_BOUND('',#2694,.T.);
#2882=FACE_BOUND('',#2695,.T.);
#2883=FACE_BOUND('',#2696,.T.);
#2884=FACE_BOUND('',#2697,.T.);
#2885=FACE_BOUND('',#2698,.T.);
#2886=FACE_BOUND('',#2699,.T.);
#2887=FACE_BOUND('',#2700,.T.);
#2888=FACE_BOUND('',#2701,.T.);
#2889=FACE_BOUND('',#2702,.T.);
#2890=FACE_BOUND('',#2703,.T.);
#2891=FACE_BOUND('',#2704,.T.);
#2892=FACE_BOUND('',#2705,.T.);
#2893=FACE_BOUND('',#2706,.T.);
#2894=FACE_BOUND('',#2707,.T.);
#2895=FACE_BOUND('',#2708,.T.);
#2896=FACE_BOUND('',#2709,.T.);
#2897=FACE_BOUND('',#2710,.T.);
#2898=FACE_BOUND('',#2711,.T.);
#2899=FACE_BOUND('',#2712,.T.);
#2900=FACE_BOUND('',#2713,.T.);
#2901=FACE_BOUND('',#2714,.T.);
#2902=FACE_BOUND('',#2715,.T.);
#2903=FACE_BOUND('',#2716,.T.);
#2904=FACE_BOUND('',#2717,.T.);
#2905=FACE_BOUND('',#2718,.T.);
#2906=FACE_BOUND('',#2719,.T.);
#2907=FACE_BOUND('',#2720,.T.);
#2908=FACE_BOUND('',#2721,.T.);
#2909=FACE_BOUND('',#2722,.T.);
#2910=FACE_BOUND('',#2723,.T.);
#2911=FACE_BOUND('',#2724,.T.);
#2912=FACE_BOUND('',#2725,.T.);
#2913=FACE_BOUND('',#2726,.T.);
#2914=FACE_BOUND('',#2727,.T.);
#2915=FACE_BOUND('',#2728,.T.);
#2916=FACE_BOUND('',#2729,.T.);
#2917=FACE_BOUND('',#2730,.T.);
#2918=FACE_BOUND('',#2731,.T.);
#2919=FACE_BOUND('',#2732,.T.);
#2920=FACE_BOUND('',#2733,.T.);
#2921=FACE_BOUND('',#2734,.T.);
#2922=FACE_BOUND('',#2735,.T.);
#2923=FACE_BOUND('',#2736,.T.);
#2924=FACE_BOUND('',#2737,.T.);
#2925=FACE_BOUND('',#2738,.T.);
#2926=FACE_BOUND('',#2739,.T.);
#2927=FACE_BOUND('',#2740,.T.);
#2928=FACE_BOUND('',#2741,.T.);
#2929=FACE_BOUND('',#2742,.T.);
#2930=FACE_BOUND('',#2743,.T.);
#2931=FACE_BOUND('',#2744,.T.);
#2932=FACE_BOUND('',#2745,.T.);
#2933=FACE_BOUND('',#2746,.T.);
#2934=FACE_BOUND('',#2747,.T.);
#2935=FACE_BOUND('',#2748,.T.);
#2936=FACE_BOUND('',#2749,.T.);
#2937=PLANE('',#3209);
#2938=PLANE('',#3211);
#2939=PLANE('',#3213);
#2940=PLANE('',#3215);
#2941=PLANE('',#3216);
#2942=PLANE('',#3217);
#2943=PLANE('',#3222);
#2944=PLANE('',#3227);
#2945=PLANE('',#3232);
#2946=PLANE('',#3237);
#2947=PLANE('',#3242);
#2948=PLANE('',#3247);
#2949=PLANE('',#3252);
#2950=PLANE('',#3257);
#2951=PLANE('',#3262);
#2952=PLANE('',#3267);
#2953=PLANE('',#3272);
#2954=PLANE('',#3277);
#2955=PLANE('',#3282);
#2956=PLANE('',#3287);
#2957=PLANE('',#3457);
#2958=PLANE('',#3459);
#2959=PLANE('',#3461);
#2960=PLANE('',#3463);
#2961=PLANE('',#3465);
#2962=PLANE('',#3467);
#2963=PLANE('',#3469);
#2964=PLANE('',#3471);
#2965=PLANE('',#3473);
#2966=PLANE('',#3475);
#2967=PLANE('',#3477);
#2968=PLANE('',#3479);
#2969=PLANE('',#3481);
#2970=PLANE('',#3483);
#2971=PLANE('',#3488);
#2972=PLANE('',#3490);
#2973=PLANE('',#3497);
#2974=PLANE('',#3498);
#2975=PLANE('',#3499);
#2976=PLANE('',#3500);
#2977=PLANE('',#3501);
#2978=PLANE('',#3502);
#2979=PLANE('',#3504);
#2980=PLANE('',#3506);
#2981=PLANE('',#3507);
#2982=PLANE('',#3509);
#2983=PLANE('',#3514);
#2984=PLANE('',#3519);
#2985=PLANE('',#3520);
#2986=PLANE('',#3521);
#2987=PLANE('',#3522);
#2988=PLANE('',#3523);
#2989=PLANE('',#3524);
#2990=PLANE('',#3525);
#2991=PLANE('',#3526);
#2992=PLANE('',#3527);
#2993=PLANE('',#3528);
#2994=PLANE('',#3529);
#2995=PLANE('',#3530);
#2996=PLANE('',#3531);
#2997=PLANE('',#3532);
#2998=PLANE('',#3533);
#2999=PLANE('',#3534);
#3000=PLANE('',#3535);
#3001=PLANE('',#3536);
#3002=PLANE('',#3537);
#3003=PLANE('',#3538);
#3004=PLANE('',#3539);
#3005=PLANE('',#3540);
#3006=PLANE('',#3541);
#3007=PLANE('',#3542);
#3008=PLANE('',#3545);
#3009=PLANE('',#3548);
#3010=PLANE('',#3549);
#3011=PLANE('',#3550);
#3012=PLANE('',#3551);
#3013=PLANE('',#3552);
#3014=PLANE('',#3553);
#3015=PLANE('',#3554);
#3016=PLANE('',#3555);
#3017=PLANE('',#3559);
#3018=PLANE('',#3560);
#3019=ADVANCED_FACE('',(#2750),#2937,.F.);
#3020=ADVANCED_FACE('',(#2751),#2938,.T.);
#3021=ADVANCED_FACE('',(#2752),#2939,.T.);
#3022=ADVANCED_FACE('',(#2753,#2754),#2940,.T.);
#3023=ADVANCED_FACE('',(#2755,#2756),#2941,.F.);
#3024=ADVANCED_FACE('',(#2757),#2942,.T.);
#3025=ADVANCED_FACE('',(#2758),#2943,.T.);
#3026=ADVANCED_FACE('',(#2759),#2944,.T.);
#3027=ADVANCED_FACE('',(#2760),#2945,.T.);
#3028=ADVANCED_FACE('',(#2761),#2946,.T.);
#3029=ADVANCED_FACE('',(#2762),#2947,.T.);
#3030=ADVANCED_FACE('',(#2763),#2948,.T.);
#3031=ADVANCED_FACE('',(#2764),#2949,.T.);
#3032=ADVANCED_FACE('',(#2765),#2950,.T.);
#3033=ADVANCED_FACE('',(#2766),#2951,.T.);
#3034=ADVANCED_FACE('',(#2767),#2952,.T.);
#3035=ADVANCED_FACE('',(#2768),#2953,.T.);
#3036=ADVANCED_FACE('',(#2769),#2954,.T.);
#3037=ADVANCED_FACE('',(#2770),#2955,.T.);
#3038=ADVANCED_FACE('',(#2771),#2956,.T.);
#3039=ADVANCED_FACE('',(#2772),#52,.T.);
#3040=ADVANCED_FACE('',(#2773),#53,.T.);
#3041=ADVANCED_FACE('',(#2774),#54,.T.);
#3042=ADVANCED_FACE('',(#2775),#55,.T.);
#3043=ADVANCED_FACE('',(#2776),#56,.T.);
#3044=ADVANCED_FACE('',(#2777),#57,.T.);
#3045=ADVANCED_FACE('',(#2778),#58,.T.);
#3046=ADVANCED_FACE('',(#2779),#59,.T.);
#3047=ADVANCED_FACE('',(#2780),#60,.T.);
#3048=ADVANCED_FACE('',(#2781),#61,.T.);
#3049=ADVANCED_FACE('',(#2782),#62,.T.);
#3050=ADVANCED_FACE('',(#2783),#63,.T.);
#3051=ADVANCED_FACE('',(#2784),#64,.T.);
#3052=ADVANCED_FACE('',(#2785),#65,.T.);
#3053=ADVANCED_FACE('',(#2786),#66,.T.);
#3054=ADVANCED_FACE('',(#2787),#22,.T.);
#3055=ADVANCED_FACE('',(#2788),#23,.F.);
#3056=ADVANCED_FACE('',(#2789),#67,.T.);
#3057=ADVANCED_FACE('',(#2790),#68,.F.);
#3058=ADVANCED_FACE('',(#2791),#69,.F.);
#3059=ADVANCED_FACE('',(#2792),#24,.T.);
#3060=ADVANCED_FACE('',(#2793),#25,.F.);
#3061=ADVANCED_FACE('',(#2794),#70,.T.);
#3062=ADVANCED_FACE('',(#2795),#71,.F.);
#3063=ADVANCED_FACE('',(#2796),#72,.F.);
#3064=ADVANCED_FACE('',(#2797),#26,.T.);
#3065=ADVANCED_FACE('',(#2798),#27,.F.);
#3066=ADVANCED_FACE('',(#2799),#73,.T.);
#3067=ADVANCED_FACE('',(#2800),#74,.F.);
#3068=ADVANCED_FACE('',(#2801),#75,.F.);
#3069=ADVANCED_FACE('',(#2802),#28,.T.);
#3070=ADVANCED_FACE('',(#2803),#29,.F.);
#3071=ADVANCED_FACE('',(#2804),#76,.T.);
#3072=ADVANCED_FACE('',(#2805),#77,.F.);
#3073=ADVANCED_FACE('',(#2806),#78,.F.);
#3074=ADVANCED_FACE('',(#2807),#30,.T.);
#3075=ADVANCED_FACE('',(#2808),#31,.F.);
#3076=ADVANCED_FACE('',(#2809),#79,.T.);
#3077=ADVANCED_FACE('',(#2810),#80,.F.);
#3078=ADVANCED_FACE('',(#2811),#81,.F.);
#3079=ADVANCED_FACE('',(#2812),#32,.T.);
#3080=ADVANCED_FACE('',(#2813),#33,.F.);
#3081=ADVANCED_FACE('',(#2814),#82,.T.);
#3082=ADVANCED_FACE('',(#2815),#83,.F.);
#3083=ADVANCED_FACE('',(#2816),#84,.F.);
#3084=ADVANCED_FACE('',(#2817),#34,.T.);
#3085=ADVANCED_FACE('',(#2818),#35,.F.);
#3086=ADVANCED_FACE('',(#2819),#85,.T.);
#3087=ADVANCED_FACE('',(#2820),#86,.F.);
#3088=ADVANCED_FACE('',(#2821),#87,.F.);
#3089=ADVANCED_FACE('',(#2822),#36,.T.);
#3090=ADVANCED_FACE('',(#2823),#37,.F.);
#3091=ADVANCED_FACE('',(#2824),#88,.T.);
#3092=ADVANCED_FACE('',(#2825),#89,.F.);
#3093=ADVANCED_FACE('',(#2826),#90,.F.);
#3094=ADVANCED_FACE('',(#2827),#38,.T.);
#3095=ADVANCED_FACE('',(#2828),#39,.F.);
#3096=ADVANCED_FACE('',(#2829),#91,.T.);
#3097=ADVANCED_FACE('',(#2830),#92,.F.);
#3098=ADVANCED_FACE('',(#2831),#93,.F.);
#3099=ADVANCED_FACE('',(#2832),#40,.T.);
#3100=ADVANCED_FACE('',(#2833),#41,.F.);
#3101=ADVANCED_FACE('',(#2834),#94,.T.);
#3102=ADVANCED_FACE('',(#2835),#95,.F.);
#3103=ADVANCED_FACE('',(#2836),#96,.F.);
#3104=ADVANCED_FACE('',(#2837),#42,.T.);
#3105=ADVANCED_FACE('',(#2838),#43,.F.);
#3106=ADVANCED_FACE('',(#2839),#97,.T.);
#3107=ADVANCED_FACE('',(#2840),#98,.F.);
#3108=ADVANCED_FACE('',(#2841),#99,.F.);
#3109=ADVANCED_FACE('',(#2842),#44,.T.);
#3110=ADVANCED_FACE('',(#2843),#45,.F.);
#3111=ADVANCED_FACE('',(#2844),#100,.T.);
#3112=ADVANCED_FACE('',(#2845),#101,.F.);
#3113=ADVANCED_FACE('',(#2846),#102,.F.);
#3114=ADVANCED_FACE('',(#2847),#46,.T.);
#3115=ADVANCED_FACE('',(#2848),#47,.F.);
#3116=ADVANCED_FACE('',(#2849),#103,.T.);
#3117=ADVANCED_FACE('',(#2850),#104,.F.);
#3118=ADVANCED_FACE('',(#2851),#105,.F.);
#3119=ADVANCED_FACE('',(#2852),#48,.T.);
#3120=ADVANCED_FACE('',(#2853),#49,.F.);
#3121=ADVANCED_FACE('',(#2854),#106,.T.);
#3122=ADVANCED_FACE('',(#2855),#107,.F.);
#3123=ADVANCED_FACE('',(#2856),#108,.F.);
#3124=ADVANCED_FACE('',(#2857),#50,.T.);
#3125=ADVANCED_FACE('',(#2858),#51,.F.);
#3126=ADVANCED_FACE('',(#2859),#109,.T.);
#3127=ADVANCED_FACE('',(#2860),#110,.F.);
#3128=ADVANCED_FACE('',(#2861),#111,.F.);
#3129=ADVANCED_FACE('',(#2862),#2957,.F.);
#3130=ADVANCED_FACE('',(#2863),#2958,.F.);
#3131=ADVANCED_FACE('',(#2864),#2959,.F.);
#3132=ADVANCED_FACE('',(#2865),#2960,.F.);
#3133=ADVANCED_FACE('',(#2866),#2961,.F.);
#3134=ADVANCED_FACE('',(#2867),#2962,.F.);
#3135=ADVANCED_FACE('',(#2868),#2963,.F.);
#3136=ADVANCED_FACE('',(#2869),#2964,.F.);
#3137=ADVANCED_FACE('',(#2870),#2965,.F.);
#3138=ADVANCED_FACE('',(#2871),#2966,.F.);
#3139=ADVANCED_FACE('',(#2872),#2967,.F.);
#3140=ADVANCED_FACE('',(#2873),#2968,.F.);
#3141=ADVANCED_FACE('',(#2874),#2969,.F.);
#3142=ADVANCED_FACE('',(#2875),#2970,.F.);
#3143=ADVANCED_FACE('',(#2876,#2877),#112,.T.);
#3144=ADVANCED_FACE('',(#2878,#2879),#2971,.T.);
#3145=ADVANCED_FACE('',(#2880),#2972,.F.);
#3146=ADVANCED_FACE('',(#2881,#2882),#113,.T.);
#3147=ADVANCED_FACE('',(#2883,#2884),#2973,.F.);
#3148=ADVANCED_FACE('',(#2885),#2974,.F.);
#3149=ADVANCED_FACE('',(#2886),#2975,.F.);
#3150=ADVANCED_FACE('',(#2887),#2976,.F.);
#3151=ADVANCED_FACE('',(#2888),#2977,.T.);
#3152=ADVANCED_FACE('',(#2889),#2978,.T.);
#3153=ADVANCED_FACE('',(#2890),#2979,.T.);
#3154=ADVANCED_FACE('',(#2891),#2980,.F.);
#3155=ADVANCED_FACE('',(#2892),#2981,.F.);
#3156=ADVANCED_FACE('',(#2893),#2982,.T.);
#3157=ADVANCED_FACE('',(#2894,#2895),#114,.T.);
#3158=ADVANCED_FACE('',(#2896,#2897),#2983,.T.);
#3159=ADVANCED_FACE('',(#2898,#2899),#115,.F.);
#3160=ADVANCED_FACE('',(#2900),#2984,.F.);
#3161=ADVANCED_FACE('',(#2901),#2985,.T.);
#3162=ADVANCED_FACE('',(#2902),#2986,.T.);
#3163=ADVANCED_FACE('',(#2903),#2987,.F.);
#3164=ADVANCED_FACE('',(#2904),#2988,.T.);
#3165=ADVANCED_FACE('',(#2905),#2989,.F.);
#3166=ADVANCED_FACE('',(#2906),#2990,.T.);
#3167=ADVANCED_FACE('',(#2907),#2991,.F.);
#3168=ADVANCED_FACE('',(#2908),#2992,.F.);
#3169=ADVANCED_FACE('',(#2909),#2993,.T.);
#3170=ADVANCED_FACE('',(#2910),#2994,.F.);
#3171=ADVANCED_FACE('',(#2911),#2995,.T.);
#3172=ADVANCED_FACE('',(#2912),#2996,.F.);
#3173=ADVANCED_FACE('',(#2913),#2997,.T.);
#3174=ADVANCED_FACE('',(#2914),#2998,.T.);
#3175=ADVANCED_FACE('',(#2915),#2999,.T.);
#3176=ADVANCED_FACE('',(#2916),#3000,.F.);
#3177=ADVANCED_FACE('',(#2917),#3001,.F.);
#3178=ADVANCED_FACE('',(#2918),#3002,.T.);
#3179=ADVANCED_FACE('',(#2919),#3003,.F.);
#3180=ADVANCED_FACE('',(#2920),#3004,.T.);
#3181=ADVANCED_FACE('',(#2921),#3005,.F.);
#3182=ADVANCED_FACE('',(#2922),#3006,.T.);
#3183=ADVANCED_FACE('',(#2923),#3007,.F.);
#3184=ADVANCED_FACE('',(#2924),#3008,.T.);
#3185=ADVANCED_FACE('',(#2925),#3009,.T.);
#3186=ADVANCED_FACE('',(#2926),#3010,.F.);
#3187=ADVANCED_FACE('',(#2927),#3011,.T.);
#3188=ADVANCED_FACE('',(#2928),#3012,.F.);
#3189=ADVANCED_FACE('',(#2929),#3013,.F.);
#3190=ADVANCED_FACE('',(#2930),#3014,.T.);
#3191=ADVANCED_FACE('',(#2931),#3015,.T.);
#3192=ADVANCED_FACE('',(#2932),#3016,.F.);
#3193=ADVANCED_FACE('',(#2933,#2934),#116,.F.);
#3194=ADVANCED_FACE('',(#2935),#3017,.T.);
#3195=ADVANCED_FACE('',(#2936),#3018,.T.);
#3196=CLOSED_SHELL('',(#3019,#3020,#3021,#3022,#3023,#3024,#3025,#3026,
#3027,#3028,#3029,#3030,#3031,#3032,#3033,#3034,#3035,#3036,#3037,#3038,
#3039,#3040,#3041,#3042,#3043,#3044,#3045,#3046,#3047,#3048,#3049,#3050,
#3051,#3052,#3053,#3054,#3055,#3056,#3057,#3058,#3059,#3060,#3061,#3062,
#3063,#3064,#3065,#3066,#3067,#3068,#3069,#3070,#3071,#3072,#3073,#3074,
#3075,#3076,#3077,#3078,#3079,#3080,#3081,#3082,#3083,#3084,#3085,#3086,
#3087,#3088,#3089,#3090,#3091,#3092,#3093,#3094,#3095,#3096,#3097,#3098,
#3099,#3100,#3101,#3102,#3103,#3104,#3105,#3106,#3107,#3108,#3109,#3110,
#3111,#3112,#3113,#3114,#3115,#3116,#3117,#3118,#3119,#3120,#3121,#3122,
#3123,#3124,#3125,#3126,#3127,#3128,#3129,#3130,#3131,#3132,#3133,#3134,
#3135,#3136,#3137,#3138,#3139,#3140,#3141,#3142,#3143,#3144,#3145,#3146,
#3147,#3148,#3149,#3150,#3151,#3152,#3153,#3154,#3155,#3156,#3157,#3158,
#3159,#3160,#3161,#3162,#3163,#3164,#3165,#3166,#3167,#3168,#3169,#3170,
#3171,#3172,#3173,#3174,#3175,#3176,#3177,#3178,#3179,#3180,#3181,#3182,
#3183,#3184,#3185,#3186,#3187,#3188,#3189,#3190,#3191,#3192,#3193,#3194,
#3195));
#3197=STYLED_ITEM('',(#3198),#3205);
#3198=PRESENTATION_STYLE_ASSIGNMENT((#3199));
#3199=SURFACE_STYLE_USAGE(.BOTH.,#3200);
#3200=SURFACE_SIDE_STYLE('',(#3201));
#3201=SURFACE_STYLE_FILL_AREA(#3202);
#3202=FILL_AREA_STYLE('',(#3203));
#3203=FILL_AREA_STYLE_COLOUR('',#3204);
#3204=COLOUR_RGB('',0.866666666666667,0.32156862745098,0.156862745098039);
#3205=MANIFOLD_SOLID_BREP('WeaponV2',#3196);
#3206=SHAPE_DEFINITION_REPRESENTATION(#8311,#3207);
#3207=SHAPE_REPRESENTATION('WeaponV2',(#3208),#8306);
#3208=AXIS2_PLACEMENT_3D('',#4484,#3561,#3562);
#3209=AXIS2_PLACEMENT_3D('',#4485,#3563,#3564);
#3210=AXIS2_PLACEMENT_3D('',#4489,#3566,#3567);
#3211=AXIS2_PLACEMENT_3D('',#4494,#3570,#3571);
#3212=AXIS2_PLACEMENT_3D('',#4500,#3574,#3575);
#3213=AXIS2_PLACEMENT_3D('',#4503,#3577,#3578);
#3214=AXIS2_PLACEMENT_3D('',#4511,#3582,#3583);
#3215=AXIS2_PLACEMENT_3D('',#4512,#3584,#3585);
#3216=AXIS2_PLACEMENT_3D('',#4538,#3599,#3600);
#3217=AXIS2_PLACEMENT_3D('',#4560,#3612,#3613);
#3218=AXIS2_PLACEMENT_3D('',#4561,#3614,#3615);
#3219=AXIS2_PLACEMENT_3D('',#4564,#3616,#3617);
#3220=AXIS2_PLACEMENT_3D('',#4604,#3618,#3619);
#3221=AXIS2_PLACEMENT_3D('',#4644,#3620,#3621);
#3222=AXIS2_PLACEMENT_3D('',#4645,#3622,#3623);
#3223=AXIS2_PLACEMENT_3D('',#4646,#3624,#3625);
#3224=AXIS2_PLACEMENT_3D('',#4649,#3626,#3627);
#3225=AXIS2_PLACEMENT_3D('',#4689,#3628,#3629);
#3226=AXIS2_PLACEMENT_3D('',#4729,#3630,#3631);
#3227=AXIS2_PLACEMENT_3D('',#4730,#3632,#3633);
#3228=AXIS2_PLACEMENT_3D('',#4731,#3634,#3635);
#3229=AXIS2_PLACEMENT_3D('',#4734,#3636,#3637);
#3230=AXIS2_PLACEMENT_3D('',#4774,#3638,#3639);
#3231=AXIS2_PLACEMENT_3D('',#4814,#3640,#3641);
#3232=AXIS2_PLACEMENT_3D('',#4815,#3642,#3643);
#3233=AXIS2_PLACEMENT_3D('',#4816,#3644,#3645);
#3234=AXIS2_PLACEMENT_3D('',#4819,#3646,#3647);
#3235=AXIS2_PLACEMENT_3D('',#4859,#3648,#3649);
#3236=AXIS2_PLACEMENT_3D('',#4899,#3650,#3651);
#3237=AXIS2_PLACEMENT_3D('',#4900,#3652,#3653);
#3238=AXIS2_PLACEMENT_3D('',#4901,#3654,#3655);
#3239=AXIS2_PLACEMENT_3D('',#4904,#3656,#3657);
#3240=AXIS2_PLACEMENT_3D('',#4944,#3658,#3659);
#3241=AXIS2_PLACEMENT_3D('',#4984,#3660,#3661);
#3242=AXIS2_PLACEMENT_3D('',#4985,#3662,#3663);
#3243=AXIS2_PLACEMENT_3D('',#4986,#3664,#3665);
#3244=AXIS2_PLACEMENT_3D('',#4989,#3666,#3667);
#3245=AXIS2_PLACEMENT_3D('',#5029,#3668,#3669);
#3246=AXIS2_PLACEMENT_3D('',#5069,#3670,#3671);
#3247=AXIS2_PLACEMENT_3D('',#5070,#3672,#3673);
#3248=AXIS2_PLACEMENT_3D('',#5071,#3674,#3675);
#3249=AXIS2_PLACEMENT_3D('',#5074,#3676,#3677);
#3250=AXIS2_PLACEMENT_3D('',#5114,#3678,#3679);
#3251=AXIS2_PLACEMENT_3D('',#5154,#3680,#3681);
#3252=AXIS2_PLACEMENT_3D('',#5155,#3682,#3683);
#3253=AXIS2_PLACEMENT_3D('',#5156,#3684,#3685);
#3254=AXIS2_PLACEMENT_3D('',#5159,#3686,#3687);
#3255=AXIS2_PLACEMENT_3D('',#5199,#3688,#3689);
#3256=AXIS2_PLACEMENT_3D('',#5239,#3690,#3691);
#3257=AXIS2_PLACEMENT_3D('',#5240,#3692,#3693);
#3258=AXIS2_PLACEMENT_3D('',#5241,#3694,#3695);
#3259=AXIS2_PLACEMENT_3D('',#5244,#3696,#3697);
#3260=AXIS2_PLACEMENT_3D('',#5284,#3698,#3699);
#3261=AXIS2_PLACEMENT_3D('',#5324,#3700,#3701);
#3262=AXIS2_PLACEMENT_3D('',#5325,#3702,#3703);
#3263=AXIS2_PLACEMENT_3D('',#5326,#3704,#3705);
#3264=AXIS2_PLACEMENT_3D('',#5329,#3706,#3707);
#3265=AXIS2_PLACEMENT_3D('',#5369,#3708,#3709);
#3266=AXIS2_PLACEMENT_3D('',#5409,#3710,#3711);
#3267=AXIS2_PLACEMENT_3D('',#5410,#3712,#3713);
#3268=AXIS2_PLACEMENT_3D('',#5411,#3714,#3715);
#3269=AXIS2_PLACEMENT_3D('',#5414,#3716,#3717);
#3270=AXIS2_PLACEMENT_3D('',#5454,#3718,#3719);
#3271=AXIS2_PLACEMENT_3D('',#5494,#3720,#3721);
#3272=AXIS2_PLACEMENT_3D('',#5495,#3722,#3723);
#3273=AXIS2_PLACEMENT_3D('',#5496,#3724,#3725);
#3274=AXIS2_PLACEMENT_3D('',#5499,#3726,#3727);
#3275=AXIS2_PLACEMENT_3D('',#5539,#3728,#3729);
#3276=AXIS2_PLACEMENT_3D('',#5579,#3730,#3731);
#3277=AXIS2_PLACEMENT_3D('',#5580,#3732,#3733);
#3278=AXIS2_PLACEMENT_3D('',#5581,#3734,#3735);
#3279=AXIS2_PLACEMENT_3D('',#5584,#3736,#3737);
#3280=AXIS2_PLACEMENT_3D('',#5624,#3738,#3739);
#3281=AXIS2_PLACEMENT_3D('',#5664,#3740,#3741);
#3282=AXIS2_PLACEMENT_3D('',#5665,#3742,#3743);
#3283=AXIS2_PLACEMENT_3D('',#5666,#3744,#3745);
#3284=AXIS2_PLACEMENT_3D('',#5669,#3746,#3747);
#3285=AXIS2_PLACEMENT_3D('',#5709,#3748,#3749);
#3286=AXIS2_PLACEMENT_3D('',#5749,#3750,#3751);
#3287=AXIS2_PLACEMENT_3D('',#5750,#3752,#3753);
#3288=AXIS2_PLACEMENT_3D('',#5751,#3754,#3755);
#3289=AXIS2_PLACEMENT_3D('',#5754,#3756,#3757);
#3290=AXIS2_PLACEMENT_3D('',#5794,#3758,#3759);
#3291=AXIS2_PLACEMENT_3D('',#5834,#3760,#3761);
#3292=AXIS2_PLACEMENT_3D('',#5835,#3762,#3763);
#3293=AXIS2_PLACEMENT_3D('',#5840,#3766,#3767);
#3294=AXIS2_PLACEMENT_3D('',#5841,#3768,#3769);
#3295=AXIS2_PLACEMENT_3D('',#5846,#3772,#3773);
#3296=AXIS2_PLACEMENT_3D('',#5847,#3774,#3775);
#3297=AXIS2_PLACEMENT_3D('',#5852,#3778,#3779);
#3298=AXIS2_PLACEMENT_3D('',#5853,#3780,#3781);
#3299=AXIS2_PLACEMENT_3D('',#5856,#3783,#3784);
#3300=AXIS2_PLACEMENT_3D('',#5859,#3786,#3787);
#3301=AXIS2_PLACEMENT_3D('',#5864,#3790,#3791);
#3302=AXIS2_PLACEMENT_3D('',#5865,#3792,#3793);
#3303=AXIS2_PLACEMENT_3D('',#5868,#3795,#3796);
#3304=AXIS2_PLACEMENT_3D('',#5871,#3798,#3799);
#3305=AXIS2_PLACEMENT_3D('',#5874,#3801,#3802);
#3306=AXIS2_PLACEMENT_3D('',#5877,#3804,#3805);
#3307=AXIS2_PLACEMENT_3D('',#5880,#3807,#3808);
#3308=AXIS2_PLACEMENT_3D('',#5883,#3810,#3811);
#3309=AXIS2_PLACEMENT_3D('',#5888,#3814,#3815);
#3310=AXIS2_PLACEMENT_3D('',#5889,#3816,#3817);
#3311=AXIS2_PLACEMENT_3D('',#5892,#3819,#3820);
#3312=AXIS2_PLACEMENT_3D('',#5895,#3822,#3823);
#3313=AXIS2_PLACEMENT_3D('',#5900,#3826,#3827);
#3314=AXIS2_PLACEMENT_3D('',#5901,#3828,#3829);
#3315=AXIS2_PLACEMENT_3D('',#5906,#3832,#3833);
#3316=AXIS2_PLACEMENT_3D('',#5907,#3834,#3835);
#3317=AXIS2_PLACEMENT_3D('',#5910,#3837,#3838);
#3318=AXIS2_PLACEMENT_3D('',#5913,#3840,#3841);
#3319=AXIS2_PLACEMENT_3D('',#5916,#3843,#3844);
#3320=AXIS2_PLACEMENT_3D('',#5919,#3846,#3847);
#3321=AXIS2_PLACEMENT_3D('',#5922,#3849,#3850);
#3322=AXIS2_PLACEMENT_3D('',#6051,#3854,#3855);
#3323=AXIS2_PLACEMENT_3D('',#6052,#3856,#3857);
#3324=AXIS2_PLACEMENT_3D('',#6057,#3859,#3860);
#3325=AXIS2_PLACEMENT_3D('',#6060,#3862,#3863);
#3326=AXIS2_PLACEMENT_3D('',#6061,#3864,#3865);
#3327=AXIS2_PLACEMENT_3D('',#6062,#3866,#3867);
#3328=AXIS2_PLACEMENT_3D('',#6063,#3868,#3869);
#3329=AXIS2_PLACEMENT_3D('',#6064,#3870,#3871);
#3330=AXIS2_PLACEMENT_3D('',#6065,#3872,#3873);
#3331=AXIS2_PLACEMENT_3D('',#6192,#3876,#3877);
#3332=AXIS2_PLACEMENT_3D('',#6193,#3878,#3879);
#3333=AXIS2_PLACEMENT_3D('',#6198,#3881,#3882);
#3334=AXIS2_PLACEMENT_3D('',#6201,#3884,#3885);
#3335=AXIS2_PLACEMENT_3D('',#6202,#3886,#3887);
#3336=AXIS2_PLACEMENT_3D('',#6203,#3888,#3889);
#3337=AXIS2_PLACEMENT_3D('',#6204,#3890,#3891);
#3338=AXIS2_PLACEMENT_3D('',#6205,#3892,#3893);
#3339=AXIS2_PLACEMENT_3D('',#6206,#3894,#3895);
#3340=AXIS2_PLACEMENT_3D('',#6333,#3898,#3899);
#3341=AXIS2_PLACEMENT_3D('',#6334,#3900,#3901);
#3342=AXIS2_PLACEMENT_3D('',#6339,#3903,#3904);
#3343=AXIS2_PLACEMENT_3D('',#6342,#3906,#3907);
#3344=AXIS2_PLACEMENT_3D('',#6343,#3908,#3909);
#3345=AXIS2_PLACEMENT_3D('',#6344,#3910,#3911);
#3346=AXIS2_PLACEMENT_3D('',#6345,#3912,#3913);
#3347=AXIS2_PLACEMENT_3D('',#6346,#3914,#3915);
#3348=AXIS2_PLACEMENT_3D('',#6347,#3916,#3917);
#3349=AXIS2_PLACEMENT_3D('',#6474,#3920,#3921);
#3350=AXIS2_PLACEMENT_3D('',#6475,#3922,#3923);
#3351=AXIS2_PLACEMENT_3D('',#6480,#3925,#3926);
#3352=AXIS2_PLACEMENT_3D('',#6483,#3928,#3929);
#3353=AXIS2_PLACEMENT_3D('',#6484,#3930,#3931);
#3354=AXIS2_PLACEMENT_3D('',#6485,#3932,#3933);
#3355=AXIS2_PLACEMENT_3D('',#6486,#3934,#3935);
#3356=AXIS2_PLACEMENT_3D('',#6487,#3936,#3937);
#3357=AXIS2_PLACEMENT_3D('',#6488,#3938,#3939);
#3358=AXIS2_PLACEMENT_3D('',#6615,#3942,#3943);
#3359=AXIS2_PLACEMENT_3D('',#6616,#3944,#3945);
#3360=AXIS2_PLACEMENT_3D('',#6621,#3947,#3948);
#3361=AXIS2_PLACEMENT_3D('',#6624,#3950,#3951);
#3362=AXIS2_PLACEMENT_3D('',#6625,#3952,#3953);
#3363=AXIS2_PLACEMENT_3D('',#6626,#3954,#3955);
#3364=AXIS2_PLACEMENT_3D('',#6627,#3956,#3957);
#3365=AXIS2_PLACEMENT_3D('',#6628,#3958,#3959);
#3366=AXIS2_PLACEMENT_3D('',#6629,#3960,#3961);
#3367=AXIS2_PLACEMENT_3D('',#6756,#3964,#3965);
#3368=AXIS2_PLACEMENT_3D('',#6757,#3966,#3967);
#3369=AXIS2_PLACEMENT_3D('',#6762,#3969,#3970);
#3370=AXIS2_PLACEMENT_3D('',#6765,#3972,#3973);
#3371=AXIS2_PLACEMENT_3D('',#6766,#3974,#3975);
#3372=AXIS2_PLACEMENT_3D('',#6767,#3976,#3977);
#3373=AXIS2_PLACEMENT_3D('',#6768,#3978,#3979);
#3374=AXIS2_PLACEMENT_3D('',#6769,#3980,#3981);
#3375=AXIS2_PLACEMENT_3D('',#6770,#3982,#3983);
#3376=AXIS2_PLACEMENT_3D('',#6897,#3986,#3987);
#3377=AXIS2_PLACEMENT_3D('',#6898,#3988,#3989);
#3378=AXIS2_PLACEMENT_3D('',#6903,#3991,#3992);
#3379=AXIS2_PLACEMENT_3D('',#6906,#3994,#3995);
#3380=AXIS2_PLACEMENT_3D('',#6907,#3996,#3997);
#3381=AXIS2_PLACEMENT_3D('',#6908,#3998,#3999);
#3382=AXIS2_PLACEMENT_3D('',#6909,#4000,#4001);
#3383=AXIS2_PLACEMENT_3D('',#6910,#4002,#4003);
#3384=AXIS2_PLACEMENT_3D('',#6911,#4004,#4005);
#3385=AXIS2_PLACEMENT_3D('',#7038,#4008,#4009);
#3386=AXIS2_PLACEMENT_3D('',#7039,#4010,#4011);
#3387=AXIS2_PLACEMENT_3D('',#7044,#4013,#4014);
#3388=AXIS2_PLACEMENT_3D('',#7047,#4016,#4017);
#3389=AXIS2_PLACEMENT_3D('',#7048,#4018,#4019);
#3390=AXIS2_PLACEMENT_3D('',#7049,#4020,#4021);
#3391=AXIS2_PLACEMENT_3D('',#7050,#4022,#4023);
#3392=AXIS2_PLACEMENT_3D('',#7051,#4024,#4025);
#3393=AXIS2_PLACEMENT_3D('',#7052,#4026,#4027);
#3394=AXIS2_PLACEMENT_3D('',#7179,#4030,#4031);
#3395=AXIS2_PLACEMENT_3D('',#7180,#4032,#4033);
#3396=AXIS2_PLACEMENT_3D('',#7185,#4035,#4036);
#3397=AXIS2_PLACEMENT_3D('',#7188,#4038,#4039);
#3398=AXIS2_PLACEMENT_3D('',#7189,#4040,#4041);
#3399=AXIS2_PLACEMENT_3D('',#7190,#4042,#4043);
#3400=AXIS2_PLACEMENT_3D('',#7191,#4044,#4045);
#3401=AXIS2_PLACEMENT_3D('',#7192,#4046,#4047);
#3402=AXIS2_PLACEMENT_3D('',#7193,#4048,#4049);
#3403=AXIS2_PLACEMENT_3D('',#7320,#4052,#4053);
#3404=AXIS2_PLACEMENT_3D('',#7321,#4054,#4055);
#3405=AXIS2_PLACEMENT_3D('',#7326,#4057,#4058);
#3406=AXIS2_PLACEMENT_3D('',#7329,#4060,#4061);
#3407=AXIS2_PLACEMENT_3D('',#7330,#4062,#4063);
#3408=AXIS2_PLACEMENT_3D('',#7331,#4064,#4065);
#3409=AXIS2_PLACEMENT_3D('',#7332,#4066,#4067);
#3410=AXIS2_PLACEMENT_3D('',#7333,#4068,#4069);
#3411=AXIS2_PLACEMENT_3D('',#7334,#4070,#4071);
#3412=AXIS2_PLACEMENT_3D('',#7461,#4074,#4075);
#3413=AXIS2_PLACEMENT_3D('',#7462,#4076,#4077);
#3414=AXIS2_PLACEMENT_3D('',#7467,#4079,#4080);
#3415=AXIS2_PLACEMENT_3D('',#7470,#4082,#4083);
#3416=AXIS2_PLACEMENT_3D('',#7471,#4084,#4085);
#3417=AXIS2_PLACEMENT_3D('',#7472,#4086,#4087);
#3418=AXIS2_PLACEMENT_3D('',#7473,#4088,#4089);
#3419=AXIS2_PLACEMENT_3D('',#7474,#4090,#4091);
#3420=AXIS2_PLACEMENT_3D('',#7475,#4092,#4093);
#3421=AXIS2_PLACEMENT_3D('',#7602,#4096,#4097);
#3422=AXIS2_PLACEMENT_3D('',#7603,#4098,#4099);
#3423=AXIS2_PLACEMENT_3D('',#7608,#4101,#4102);
#3424=AXIS2_PLACEMENT_3D('',#7611,#4104,#4105);
#3425=AXIS2_PLACEMENT_3D('',#7612,#4106,#4107);
#3426=AXIS2_PLACEMENT_3D('',#7613,#4108,#4109);
#3427=AXIS2_PLACEMENT_3D('',#7614,#4110,#4111);
#3428=AXIS2_PLACEMENT_3D('',#7615,#4112,#4113);
#3429=AXIS2_PLACEMENT_3D('',#7616,#4114,#4115);
#3430=AXIS2_PLACEMENT_3D('',#7743,#4118,#4119);
#3431=AXIS2_PLACEMENT_3D('',#7744,#4120,#4121);
#3432=AXIS2_PLACEMENT_3D('',#7749,#4123,#4124);
#3433=AXIS2_PLACEMENT_3D('',#7752,#4126,#4127);
#3434=AXIS2_PLACEMENT_3D('',#7753,#4128,#4129);
#3435=AXIS2_PLACEMENT_3D('',#7754,#4130,#4131);
#3436=AXIS2_PLACEMENT_3D('',#7755,#4132,#4133);
#3437=AXIS2_PLACEMENT_3D('',#7756,#4134,#4135);
#3438=AXIS2_PLACEMENT_3D('',#7757,#4136,#4137);
#3439=AXIS2_PLACEMENT_3D('',#7884,#4140,#4141);
#3440=AXIS2_PLACEMENT_3D('',#7885,#4142,#4143);
#3441=AXIS2_PLACEMENT_3D('',#7890,#4145,#4146);
#3442=AXIS2_PLACEMENT_3D('',#7893,#4148,#4149);
#3443=AXIS2_PLACEMENT_3D('',#7894,#4150,#4151);
#3444=AXIS2_PLACEMENT_3D('',#7895,#4152,#4153);
#3445=AXIS2_PLACEMENT_3D('',#7896,#4154,#4155);
#3446=AXIS2_PLACEMENT_3D('',#7897,#4156,#4157);
#3447=AXIS2_PLACEMENT_3D('',#7898,#4158,#4159);
#3448=AXIS2_PLACEMENT_3D('',#8025,#4162,#4163);
#3449=AXIS2_PLACEMENT_3D('',#8026,#4164,#4165);
#3450=AXIS2_PLACEMENT_3D('',#8031,#4167,#4168);
#3451=AXIS2_PLACEMENT_3D('',#8034,#4170,#4171);
#3452=AXIS2_PLACEMENT_3D('',#8035,#4172,#4173);
#3453=AXIS2_PLACEMENT_3D('',#8036,#4174,#4175);
#3454=AXIS2_PLACEMENT_3D('',#8037,#4176,#4177);
#3455=AXIS2_PLACEMENT_3D('',#8038,#4178,#4179);
#3456=AXIS2_PLACEMENT_3D('',#8039,#4180,#4181);
#3457=AXIS2_PLACEMENT_3D('',#8040,#4182,#4183);
#3458=AXIS2_PLACEMENT_3D('',#8041,#4184,#4185);
#3459=AXIS2_PLACEMENT_3D('',#8042,#4186,#4187);
#3460=AXIS2_PLACEMENT_3D('',#8043,#4188,#4189);
#3461=AXIS2_PLACEMENT_3D('',#8044,#4190,#4191);
#3462=AXIS2_PLACEMENT_3D('',#8045,#4192,#4193);
#3463=AXIS2_PLACEMENT_3D('',#8046,#4194,#4195);
#3464=AXIS2_PLACEMENT_3D('',#8047,#4196,#4197);
#3465=AXIS2_PLACEMENT_3D('',#8048,#4198,#4199);
#3466=AXIS2_PLACEMENT_3D('',#8049,#4200,#4201);
#3467=AXIS2_PLACEMENT_3D('',#8050,#4202,#4203);
#3468=AXIS2_PLACEMENT_3D('',#8051,#4204,#4205);
#3469=AXIS2_PLACEMENT_3D('',#8052,#4206,#4207);
#3470=AXIS2_PLACEMENT_3D('',#8053,#4208,#4209);
#3471=AXIS2_PLACEMENT_3D('',#8054,#4210,#4211);
#3472=AXIS2_PLACEMENT_3D('',#8055,#4212,#4213);
#3473=AXIS2_PLACEMENT_3D('',#8056,#4214,#4215);
#3474=AXIS2_PLACEMENT_3D('',#8057,#4216,#4217);
#3475=AXIS2_PLACEMENT_3D('',#8058,#4218,#4219);
#3476=AXIS2_PLACEMENT_3D('',#8059,#4220,#4221);
#3477=AXIS2_PLACEMENT_3D('',#8060,#4222,#4223);
#3478=AXIS2_PLACEMENT_3D('',#8061,#4224,#4225);
#3479=AXIS2_PLACEMENT_3D('',#8062,#4226,#4227);
#3480=AXIS2_PLACEMENT_3D('',#8063,#4228,#4229);
#3481=AXIS2_PLACEMENT_3D('',#8064,#4230,#4231);
#3482=AXIS2_PLACEMENT_3D('',#8065,#4232,#4233);
#3483=AXIS2_PLACEMENT_3D('',#8066,#4234,#4235);
#3484=AXIS2_PLACEMENT_3D('',#8067,#4236,#4237);
#3485=AXIS2_PLACEMENT_3D('',#8068,#4238,#4239);
#3486=AXIS2_PLACEMENT_3D('',#8069,#4240,#4241);
#3487=AXIS2_PLACEMENT_3D('',#8071,#4242,#4243);
#3488=AXIS2_PLACEMENT_3D('',#8072,#4244,#4245);
#3489=AXIS2_PLACEMENT_3D('',#8073,#4246,#4247);
#3490=AXIS2_PLACEMENT_3D('',#8075,#4248,#4249);
#3491=AXIS2_PLACEMENT_3D('',#8076,#4250,#4251);
#3492=AXIS2_PLACEMENT_3D('',#8077,#4252,#4253);
#3493=AXIS2_PLACEMENT_3D('',#8082,#4255,#4256);
#3494=AXIS2_PLACEMENT_3D('',#8086,#4258,#4259);
#3495=AXIS2_PLACEMENT_3D('',#8090,#4261,#4262);
#3496=AXIS2_PLACEMENT_3D('',#8093,#4264,#4265);
#3497=AXIS2_PLACEMENT_3D('',#8095,#4266,#4267);
#3498=AXIS2_PLACEMENT_3D('',#8096,#4268,#4269);
#3499=AXIS2_PLACEMENT_3D('',#8102,#4273,#4274);
#3500=AXIS2_PLACEMENT_3D('',#8108,#4278,#4279);
#3501=AXIS2_PLACEMENT_3D('',#8125,#4288,#4289);
#3502=AXIS2_PLACEMENT_3D('',#8142,#4298,#4299);
#3503=AXIS2_PLACEMENT_3D('',#8150,#4303,#4304);
#3504=AXIS2_PLACEMENT_3D('',#8151,#4305,#4306);
#3505=AXIS2_PLACEMENT_3D('',#8152,#4307,#4308);
#3506=AXIS2_PLACEMENT_3D('',#8157,#4311,#4312);
#3507=AXIS2_PLACEMENT_3D('',#8160,#4315,#4316);
#3508=AXIS2_PLACEMENT_3D('',#8163,#4318,#4319);
#3509=AXIS2_PLACEMENT_3D('',#8166,#4321,#4322);
#3510=AXIS2_PLACEMENT_3D('',#8169,#4325,#4326);
#3511=AXIS2_PLACEMENT_3D('',#8170,#4327,#4328);
#3512=AXIS2_PLACEMENT_3D('',#8172,#4329,#4330);
#3513=AXIS2_PLACEMENT_3D('',#8178,#4333,#4334);
#3514=AXIS2_PLACEMENT_3D('',#8182,#4337,#4338);
#3515=AXIS2_PLACEMENT_3D('',#8183,#4339,#4340);
#3516=AXIS2_PLACEMENT_3D('',#8185,#4341,#4342);
#3517=AXIS2_PLACEMENT_3D('',#8186,#4343,#4344);
#3518=AXIS2_PLACEMENT_3D('',#8187,#4345,#4346);
#3519=AXIS2_PLACEMENT_3D('',#8188,#4347,#4348);
#3520=AXIS2_PLACEMENT_3D('',#8195,#4353,#4354);
#3521=AXIS2_PLACEMENT_3D('',#8202,#4359,#4360);
#3522=AXIS2_PLACEMENT_3D('',#8209,#4365,#4366);
#3523=AXIS2_PLACEMENT_3D('',#8216,#4371,#4372);
#3524=AXIS2_PLACEMENT_3D('',#8220,#4375,#4376);
#3525=AXIS2_PLACEMENT_3D('',#8224,#4379,#4380);
#3526=AXIS2_PLACEMENT_3D('',#8228,#4383,#4384);
#3527=AXIS2_PLACEMENT_3D('',#8232,#4387,#4388);
#3528=AXIS2_PLACEMENT_3D('',#8236,#4391,#4392);
#3529=AXIS2_PLACEMENT_3D('',#8240,#4395,#4396);
#3530=AXIS2_PLACEMENT_3D('',#8244,#4399,#4400);
#3531=AXIS2_PLACEMENT_3D('',#8248,#4403,#4404);
#3532=AXIS2_PLACEMENT_3D('',#8254,#4408,#4409);
#3533=AXIS2_PLACEMENT_3D('',#8257,#4412,#4413);
#3534=AXIS2_PLACEMENT_3D('',#8259,#4415,#4416);
#3535=AXIS2_PLACEMENT_3D('',#8261,#4418,#4419);
#3536=AXIS2_PLACEMENT_3D('',#8263,#4421,#4422);
#3537=AXIS2_PLACEMENT_3D('',#8265,#4424,#4425);
#3538=AXIS2_PLACEMENT_3D('',#8267,#4427,#4428);
#3539=AXIS2_PLACEMENT_3D('',#8269,#4430,#4431);
#3540=AXIS2_PLACEMENT_3D('',#8270,#4432,#4433);
#3541=AXIS2_PLACEMENT_3D('',#8273,#4436,#4437);
#3542=AXIS2_PLACEMENT_3D('',#8276,#4440,#4441);
#3543=AXIS2_PLACEMENT_3D('',#8280,#4443,#4444);
#3544=AXIS2_PLACEMENT_3D('',#8281,#4445,#4446);
#3545=AXIS2_PLACEMENT_3D('',#8282,#4447,#4448);
#3546=AXIS2_PLACEMENT_3D('',#8286,#4450,#4451);
#3547=AXIS2_PLACEMENT_3D('',#8287,#4452,#4453);
#3548=AXIS2_PLACEMENT_3D('',#8288,#4454,#4455);
#3549=AXIS2_PLACEMENT_3D('',#8289,#4456,#4457);
#3550=AXIS2_PLACEMENT_3D('',#8290,#4458,#4459);
#3551=AXIS2_PLACEMENT_3D('',#8292,#4461,#4462);
#3552=AXIS2_PLACEMENT_3D('',#8294,#4464,#4465);
#3553=AXIS2_PLACEMENT_3D('',#8296,#4467,#4468);
#3554=AXIS2_PLACEMENT_3D('',#8298,#4470,#4471);
#3555=AXIS2_PLACEMENT_3D('',#8299,#4472,#4473);
#3556=AXIS2_PLACEMENT_3D('',#8300,#4474,#4475);
#3557=AXIS2_PLACEMENT_3D('',#8301,#4476,#4477);
#3558=AXIS2_PLACEMENT_3D('',#8302,#4478,#4479);
#3559=AXIS2_PLACEMENT_3D('',#8303,#4480,#4481);
#3560=AXIS2_PLACEMENT_3D('',#8304,#4482,#4483);
#3561=DIRECTION('',(0.,0.,1.));
#3562=DIRECTION('',(1.,0.,0.));
#3563=DIRECTION('',(0.,-1.,0.));
#3564=DIRECTION('',(0.,0.,-1.));
#3565=DIRECTION('',(0.,0.,-1.));
#3566=DIRECTION('',(0.,-1.,0.));
#3567=DIRECTION('',(0.,0.,-1.));
#3568=DIRECTION('',(0.,0.,1.));
#3569=DIRECTION('',(1.,0.,0.));
#3570=DIRECTION('',(0.,-1.,0.));
#3571=DIRECTION('',(0.,0.,-1.));
#3572=DIRECTION('',(1.,0.,0.));
#3573=DIRECTION('',(0.,0.,1.));
#3574=DIRECTION('',(0.,-1.,0.));
#3575=DIRECTION('',(0.,0.,-1.));
#3576=DIRECTION('',(0.,0.,-1.));
#3577=DIRECTION('',(0.,1.,0.));
#3578=DIRECTION('',(-1.,0.,0.));
#3579=DIRECTION('',(0.999990576182354,0.,-0.00434137610497019));
#3580=DIRECTION('',(1.42846206608535E-16,0.,-1.));
#3581=DIRECTION('',(0.999990576182354,0.,0.00434137610497089));
#3582=DIRECTION('',(0.,1.,0.));
#3583=DIRECTION('',(0.,0.,1.));
#3584=DIRECTION('',(0.,0.,1.));
#3585=DIRECTION('',(1.,0.,0.));
#3586=DIRECTION('',(1.,0.,0.));
#3587=DIRECTION('',(0.,1.,0.));
#3588=DIRECTION('',(-1.,0.,0.));
#3589=DIRECTION('',(-0.579014221097988,0.815317442329238,1.42430489700176E-32));
#3590=DIRECTION('',(0.,-1.,0.));
#3591=DIRECTION('',(-0.579014221097988,-0.815317442329238,0.));
#3592=DIRECTION('',(0.,-1.,0.));
#3593=DIRECTION('',(0.707106781186548,0.707106781186548,0.));
#3594=DIRECTION('',(1.,0.,0.));
#3595=DIRECTION('',(-0.707106781186548,0.707106781186548,0.));
#3596=DIRECTION('',(0.,-1.,0.));
#3597=DIRECTION('',(-0.707106781186564,-0.707106781186531,0.));
#3598=DIRECTION('',(0.707106781186548,-0.707106781186548,0.));
#3599=DIRECTION('',(0.,0.,1.));
#3600=DIRECTION('',(1.,0.,0.));
#3601=DIRECTION('',(1.,0.,0.));
#3602=DIRECTION('',(0.,-1.,0.));
#3603=DIRECTION('',(-1.,0.,0.));
#3604=DIRECTION('',(0.,1.,0.));
#3605=DIRECTION('',(-0.707106781186548,-0.707106781186548,0.));
#3606=DIRECTION('',(0.,-1.,0.));
#3607=DIRECTION('',(-0.707106781186548,0.707106781186548,0.));
#3608=DIRECTION('',(1.,0.,0.));
#3609=DIRECTION('',(0.707106781186564,0.707106781186531,0.));
#3610=DIRECTION('',(0.,-1.,0.));
#3611=DIRECTION('',(0.707106781186548,-0.707106781186548,0.));
#3612=DIRECTION('',(0.,-1.,0.));
#3613=DIRECTION('',(1.,0.,0.));
#3614=DIRECTION('',(0.,-1.,0.));
#3615=DIRECTION('',(0.,0.,-1.));
#3616=DIRECTION('',(0.,-1.,0.));
#3617=DIRECTION('',(-0.951056516295154,0.,-0.309016994374948));
#3618=DIRECTION('',(0.,-1.,0.));
#3619=DIRECTION('',(0.,0.,-1.));
#3620=DIRECTION('',(0.,-1.,0.));
#3621=DIRECTION('',(-0.743144825477395,0.,-0.669130606358858));
#3622=DIRECTION('',(0.,-1.,0.));
#3623=DIRECTION('',(1.,0.,0.));
#3624=DIRECTION('',(0.,-1.,0.));
#3625=DIRECTION('',(0.,0.,-1.));
#3626=DIRECTION('',(0.,-1.,0.));
#3627=DIRECTION('',(-0.743144825477395,0.,-0.669130606358858));
#3628=DIRECTION('',(0.,-1.,0.));
#3629=DIRECTION('',(0.,0.,-1.));
#3630=DIRECTION('',(0.,-1.,0.));
#3631=DIRECTION('',(-0.4067366430758,0.,-0.913545457642601));
#3632=DIRECTION('',(0.,-1.,0.));
#3633=DIRECTION('',(1.,0.,0.));
#3634=DIRECTION('',(0.,-1.,0.));
#3635=DIRECTION('',(0.,0.,-1.));
#3636=DIRECTION('',(0.,-1.,0.));
#3637=DIRECTION('',(-0.4067366430758,0.,-0.913545457642601));
#3638=DIRECTION('',(0.,-1.,0.));
#3639=DIRECTION('',(0.,0.,-1.));
#3640=DIRECTION('',(0.,-1.,0.));
#3641=DIRECTION('',(0.,0.,-1.));
#3642=DIRECTION('',(0.,-1.,0.));
#3643=DIRECTION('',(1.,0.,0.));
#3644=DIRECTION('',(0.,-1.,0.));
#3645=DIRECTION('',(0.,0.,-1.));
#3646=DIRECTION('',(0.,-1.,0.));
#3647=DIRECTION('',(0.,0.,-1.));
#3648=DIRECTION('',(0.,-1.,0.));
#3649=DIRECTION('',(0.,0.,-1.));
#3650=DIRECTION('',(0.,-1.,0.));
#3651=DIRECTION('',(0.4067366430758,0.,-0.913545457642601));
#3652=DIRECTION('',(0.,-1.,0.));
#3653=DIRECTION('',(1.,0.,0.));
#3654=DIRECTION('',(0.,-1.,0.));
#3655=DIRECTION('',(0.,0.,-1.));
#3656=DIRECTION('',(0.,-1.,0.));
#3657=DIRECTION('',(0.4067366430758,0.,-0.913545457642601));
#3658=DIRECTION('',(0.,-1.,0.));
#3659=DIRECTION('',(0.,0.,-1.));
#3660=DIRECTION('',(0.,-1.,0.));
#3661=DIRECTION('',(0.743144825477394,0.,-0.669130606358858));
#3662=DIRECTION('',(0.,-1.,0.));
#3663=DIRECTION('',(1.,0.,0.));
#3664=DIRECTION('',(0.,-1.,0.));
#3665=DIRECTION('',(0.,0.,-1.));
#3666=DIRECTION('',(0.,-1.,0.));
#3667=DIRECTION('',(0.743144825477394,0.,-0.669130606358858));
#3668=DIRECTION('',(0.,-1.,0.));
#3669=DIRECTION('',(0.,0.,-1.));
#3670=DIRECTION('',(0.,-1.,0.));
#3671=DIRECTION('',(0.951056516295154,0.,-0.309016994374948));
#3672=DIRECTION('',(0.,-1.,0.));
#3673=DIRECTION('',(1.,0.,0.));
#3674=DIRECTION('',(0.,-1.,0.));
#3675=DIRECTION('',(0.,0.,-1.));
#3676=DIRECTION('',(0.,-1.,0.));
#3677=DIRECTION('',(0.951056516295154,0.,-0.309016994374948));
#3678=DIRECTION('',(0.,-1.,0.));
#3679=DIRECTION('',(0.,0.,-1.));
#3680=DIRECTION('',(0.,-1.,0.));
#3681=DIRECTION('',(0.994521895368273,0.,0.104528463267654));
#3682=DIRECTION('',(0.,-1.,0.));
#3683=DIRECTION('',(1.,0.,0.));
#3684=DIRECTION('',(0.,-1.,0.));
#3685=DIRECTION('',(0.,0.,-1.));
#3686=DIRECTION('',(0.,-1.,0.));
#3687=DIRECTION('',(0.994521895368273,0.,0.104528463267654));
#3688=DIRECTION('',(0.,-1.,0.));
#3689=DIRECTION('',(0.,0.,-1.));
#3690=DIRECTION('',(0.,-1.,0.));
#3691=DIRECTION('',(0.866025403784439,0.,0.5));
#3692=DIRECTION('',(0.,-1.,0.));
#3693=DIRECTION('',(1.,0.,0.));
#3694=DIRECTION('',(0.,-1.,0.));
#3695=DIRECTION('',(0.,0.,-1.));
#3696=DIRECTION('',(0.,-1.,0.));
#3697=DIRECTION('',(0.866025403784439,0.,0.5));
#3698=DIRECTION('',(0.,-1.,0.));
#3699=DIRECTION('',(0.,0.,-1.));
#3700=DIRECTION('',(0.,-1.,0.));
#3701=DIRECTION('',(0.587785252292473,0.,0.809016994374947));
#3702=DIRECTION('',(0.,-1.,0.));
#3703=DIRECTION('',(1.,0.,0.));
#3704=DIRECTION('',(0.,-1.,0.));
#3705=DIRECTION('',(0.,0.,-1.));
#3706=DIRECTION('',(0.,-1.,0.));
#3707=DIRECTION('',(0.587785252292473,0.,0.809016994374947));
#3708=DIRECTION('',(0.,-1.,0.));
#3709=DIRECTION('',(0.,0.,-1.));
#3710=DIRECTION('',(0.,-1.,0.));
#3711=DIRECTION('',(0.207911690817759,0.,0.978147600733806));
#3712=DIRECTION('',(0.,-1.,0.));
#3713=DIRECTION('',(1.,0.,0.));
#3714=DIRECTION('',(0.,-1.,0.));
#3715=DIRECTION('',(0.,0.,-1.));
#3716=DIRECTION('',(0.,-1.,0.));
#3717=DIRECTION('',(0.207911690817759,0.,0.978147600733806));
#3718=DIRECTION('',(0.,-1.,0.));
#3719=DIRECTION('',(0.,0.,-1.));
#3720=DIRECTION('',(0.,-1.,0.));
#3721=DIRECTION('',(-0.207911690817759,0.,0.978147600733806));
#3722=DIRECTION('',(0.,-1.,0.));
#3723=DIRECTION('',(1.,0.,0.));
#3724=DIRECTION('',(0.,-1.,0.));
#3725=DIRECTION('',(0.,0.,-1.));
#3726=DIRECTION('',(0.,-1.,0.));
#3727=DIRECTION('',(-0.207911690817759,0.,0.978147600733806));
#3728=DIRECTION('',(0.,-1.,0.));
#3729=DIRECTION('',(0.,0.,-1.));
#3730=DIRECTION('',(0.,-1.,0.));
#3731=DIRECTION('',(-0.587785252292473,0.,0.809016994374948));
#3732=DIRECTION('',(0.,-1.,0.));
#3733=DIRECTION('',(1.,0.,0.));
#3734=DIRECTION('',(0.,-1.,0.));
#3735=DIRECTION('',(0.,0.,-1.));
#3736=DIRECTION('',(0.,-1.,0.));
#3737=DIRECTION('',(-0.587785252292473,0.,0.809016994374948));
#3738=DIRECTION('',(0.,-1.,0.));
#3739=DIRECTION('',(0.,0.,-1.));
#3740=DIRECTION('',(0.,-1.,0.));
#3741=DIRECTION('',(-0.866025403784438,0.,0.5));
#3742=DIRECTION('',(0.,-1.,0.));
#3743=DIRECTION('',(1.,0.,0.));
#3744=DIRECTION('',(0.,-1.,0.));
#3745=DIRECTION('',(0.,0.,-1.));
#3746=DIRECTION('',(0.,-1.,0.));
#3747=DIRECTION('',(-0.866025403784438,0.,0.5));
#3748=DIRECTION('',(0.,-1.,0.));
#3749=DIRECTION('',(0.,0.,-1.));
#3750=DIRECTION('',(0.,-1.,0.));
#3751=DIRECTION('',(-0.994521895368273,0.,0.104528463267653));
#3752=DIRECTION('',(0.,-1.,0.));
#3753=DIRECTION('',(1.,0.,0.));
#3754=DIRECTION('',(0.,-1.,0.));
#3755=DIRECTION('',(0.,0.,-1.));
#3756=DIRECTION('',(0.,-1.,0.));
#3757=DIRECTION('',(-0.994521895368273,0.,0.104528463267653));
#3758=DIRECTION('',(0.,-1.,0.));
#3759=DIRECTION('',(0.,0.,-1.));
#3760=DIRECTION('',(0.,-1.,0.));
#3761=DIRECTION('',(-0.951056516295154,0.,-0.309016994374948));
#3762=DIRECTION('',(0.,1.,0.));
#3763=DIRECTION('',(0.,0.,1.));
#3764=DIRECTION('',(0.,1.,0.));
#3765=DIRECTION('',(0.,1.,0.));
#3766=DIRECTION('',(0.,-1.,0.));
#3767=DIRECTION('',(0.,0.,-1.));
#3768=DIRECTION('',(0.,1.,0.));
#3769=DIRECTION('',(0.,0.,1.));
#3770=DIRECTION('',(0.,1.,0.));
#3771=DIRECTION('',(0.,1.,0.));
#3772=DIRECTION('',(0.,-1.,0.));
#3773=DIRECTION('',(0.,0.,-1.));
#3774=DIRECTION('',(0.,1.,0.));
#3775=DIRECTION('',(0.,0.,1.));
#3776=DIRECTION('',(0.,1.,0.));
#3777=DIRECTION('',(0.,1.,0.));
#3778=DIRECTION('',(0.,-1.,0.));
#3779=DIRECTION('',(0.,0.,-1.));
#3780=DIRECTION('',(0.,1.,0.));
#3781=DIRECTION('',(0.,0.,1.));
#3782=DIRECTION('',(0.,1.,0.));
#3783=DIRECTION('',(0.,-1.,0.));
#3784=DIRECTION('',(0.,0.,-1.));
#3785=DIRECTION('',(0.,1.,0.));
#3786=DIRECTION('',(0.,1.,0.));
#3787=DIRECTION('',(0.,0.,1.));
#3788=DIRECTION('',(0.,1.,0.));
#3789=DIRECTION('',(0.,1.,0.));
#3790=DIRECTION('',(0.,-1.,0.));
#3791=DIRECTION('',(0.,0.,-1.));
#3792=DIRECTION('',(0.,1.,0.));
#3793=DIRECTION('',(0.,0.,1.));
#3794=DIRECTION('',(0.,1.,0.));
#3795=DIRECTION('',(0.,-1.,0.));
#3796=DIRECTION('',(0.,0.,-1.));
#3797=DIRECTION('',(0.,1.,0.));
#3798=DIRECTION('',(0.,1.,0.));
#3799=DIRECTION('',(0.,0.,1.));
#3800=DIRECTION('',(0.,1.,0.));
#3801=DIRECTION('',(0.,-1.,0.));
#3802=DIRECTION('',(0.,0.,-1.));
#3803=DIRECTION('',(0.,1.,0.));
#3804=DIRECTION('',(0.,1.,0.));
#3805=DIRECTION('',(0.,0.,1.));
#3806=DIRECTION('',(0.,1.,0.));
#3807=DIRECTION('',(0.,-1.,0.));
#3808=DIRECTION('',(0.,0.,-1.));
#3809=DIRECTION('',(0.,1.,0.));
#3810=DIRECTION('',(0.,1.,0.));
#3811=DIRECTION('',(0.,0.,1.));
#3812=DIRECTION('',(0.,1.,0.));
#3813=DIRECTION('',(0.,1.,0.));
#3814=DIRECTION('',(0.,-1.,0.));
#3815=DIRECTION('',(0.,0.,-1.));
#3816=DIRECTION('',(0.,1.,0.));
#3817=DIRECTION('',(0.,0.,1.));
#3818=DIRECTION('',(0.,1.,0.));
#3819=DIRECTION('',(0.,-1.,0.));
#3820=DIRECTION('',(0.,0.,-1.));
#3821=DIRECTION('',(0.,1.,0.));
#3822=DIRECTION('',(0.,1.,0.));
#3823=DIRECTION('',(0.,0.,1.));
#3824=DIRECTION('',(0.,1.,0.));
#3825=DIRECTION('',(0.,1.,0.));
#3826=DIRECTION('',(0.,-1.,0.));
#3827=DIRECTION('',(0.,0.,-1.));
#3828=DIRECTION('',(0.,1.,0.));
#3829=DIRECTION('',(0.,0.,1.));
#3830=DIRECTION('',(0.,1.,0.));
#3831=DIRECTION('',(0.,1.,0.));
#3832=DIRECTION('',(0.,-1.,0.));
#3833=DIRECTION('',(0.,0.,-1.));
#3834=DIRECTION('',(0.,1.,0.));
#3835=DIRECTION('',(0.,0.,1.));
#3836=DIRECTION('',(0.,1.,0.));
#3837=DIRECTION('',(0.,-1.,0.));
#3838=DIRECTION('',(0.,0.,-1.));
#3839=DIRECTION('',(0.,1.,0.));
#3840=DIRECTION('',(0.,1.,0.));
#3841=DIRECTION('',(0.,0.,1.));
#3842=DIRECTION('',(0.,1.,0.));
#3843=DIRECTION('',(0.,-1.,0.));
#3844=DIRECTION('',(0.,0.,-1.));
#3845=DIRECTION('',(0.,1.,0.));
#3846=DIRECTION('',(0.,1.,0.));
#3847=DIRECTION('',(0.,0.,1.));
#3848=DIRECTION('',(0.,1.,0.));
#3849=DIRECTION('',(0.,-1.,0.));
#3850=DIRECTION('',(0.,0.,-1.));
#3851=DIRECTION('',(0.,1.,0.));
#3852=DIRECTION('',(0.,1.,0.));
#3853=DIRECTION('',(0.,1.,0.));
#3854=DIRECTION('',(0.,1.,0.));
#3855=DIRECTION('',(0.,0.,1.));
#3856=DIRECTION('',(0.,-1.,0.));
#3857=DIRECTION('',(0.,0.,-1.));
#3858=DIRECTION('',(0.,1.,0.));
#3859=DIRECTION('',(0.,-1.,0.));
#3860=DIRECTION('',(0.,0.,-1.));
#3861=DIRECTION('',(0.,1.,0.));
#3862=DIRECTION('',(0.,1.,0.));
#3863=DIRECTION('',(0.,0.,1.));
#3864=DIRECTION('',(0.,-1.,0.));
#3865=DIRECTION('',(0.,0.,-1.));
#3866=DIRECTION('',(0.,-1.,0.));
#3867=DIRECTION('',(0.,0.,-1.));
#3868=DIRECTION('',(0.,1.,0.));
#3869=DIRECTION('',(0.,0.,1.));
#3870=DIRECTION('',(0.,-1.,0.));
#3871=DIRECTION('',(0.,0.,-1.));
#3872=DIRECTION('',(0.,-1.,0.));
#3873=DIRECTION('',(0.,0.,-1.));
#3874=DIRECTION('',(0.,1.,0.));
#3875=DIRECTION('',(0.,1.,0.));
#3876=DIRECTION('',(0.,1.,0.));
#3877=DIRECTION('',(0.866025403784438,0.,-0.5));
#3878=DIRECTION('',(0.,-1.,0.));
#3879=DIRECTION('',(-0.866025403784438,0.,0.5));
#3880=DIRECTION('',(0.,1.,0.));
#3881=DIRECTION('',(0.,-1.,0.));
#3882=DIRECTION('',(-0.866025403784438,0.,0.5));
#3883=DIRECTION('',(0.,1.,0.));
#3884=DIRECTION('',(0.,1.,0.));
#3885=DIRECTION('',(0.866025403784438,0.,-0.5));
#3886=DIRECTION('',(0.,-1.,0.));
#3887=DIRECTION('',(-0.866025403784438,0.,0.5));
#3888=DIRECTION('',(0.,-1.,0.));
#3889=DIRECTION('',(-0.866025403784438,0.,0.5));
#3890=DIRECTION('',(0.,1.,0.));
#3891=DIRECTION('',(0.866025403784438,0.,-0.5));
#3892=DIRECTION('',(0.,-1.,0.));
#3893=DIRECTION('',(-0.866025403784438,0.,0.5));
#3894=DIRECTION('',(0.,-1.,0.));
#3895=DIRECTION('',(-0.866025403784438,0.,0.5));
#3896=DIRECTION('',(0.,1.,0.));
#3897=DIRECTION('',(0.,1.,0.));
#3898=DIRECTION('',(0.,1.,0.));
#3899=DIRECTION('',(0.587785252292473,0.,-0.809016994374948));
#3900=DIRECTION('',(0.,-1.,0.));
#3901=DIRECTION('',(-0.587785252292473,0.,0.809016994374948));
#3902=DIRECTION('',(0.,1.,0.));
#3903=DIRECTION('',(0.,-1.,0.));
#3904=DIRECTION('',(-0.587785252292473,0.,0.809016994374948));
#3905=DIRECTION('',(0.,1.,0.));
#3906=DIRECTION('',(0.,1.,0.));
#3907=DIRECTION('',(0.587785252292473,0.,-0.809016994374948));
#3908=DIRECTION('',(0.,-1.,0.));
#3909=DIRECTION('',(-0.587785252292473,0.,0.809016994374948));
#3910=DIRECTION('',(0.,-1.,0.));
#3911=DIRECTION('',(-0.587785252292473,0.,0.809016994374948));
#3912=DIRECTION('',(0.,1.,0.));
#3913=DIRECTION('',(0.587785252292473,0.,-0.809016994374948));
#3914=DIRECTION('',(0.,-1.,0.));
#3915=DIRECTION('',(-0.587785252292473,0.,0.809016994374948));
#3916=DIRECTION('',(0.,-1.,0.));
#3917=DIRECTION('',(-0.587785252292473,0.,0.809016994374948));
#3918=DIRECTION('',(0.,1.,0.));
#3919=DIRECTION('',(0.,1.,0.));
#3920=DIRECTION('',(0.,1.,0.));
#3921=DIRECTION('',(0.994521895368273,0.,-0.104528463267653));
#3922=DIRECTION('',(0.,-1.,0.));
#3923=DIRECTION('',(-0.994521895368273,0.,0.104528463267653));
#3924=DIRECTION('',(0.,1.,0.));
#3925=DIRECTION('',(0.,-1.,0.));
#3926=DIRECTION('',(-0.994521895368273,0.,0.104528463267653));
#3927=DIRECTION('',(0.,1.,0.));
#3928=DIRECTION('',(0.,1.,0.));
#3929=DIRECTION('',(0.994521895368273,0.,-0.104528463267653));
#3930=DIRECTION('',(0.,-1.,0.));
#3931=DIRECTION('',(-0.994521895368273,0.,0.104528463267653));
#3932=DIRECTION('',(0.,-1.,0.));
#3933=DIRECTION('',(-0.994521895368273,0.,0.104528463267653));
#3934=DIRECTION('',(0.,1.,0.));
#3935=DIRECTION('',(0.994521895368273,0.,-0.104528463267653));
#3936=DIRECTION('',(0.,-1.,0.));
#3937=DIRECTION('',(-0.994521895368273,0.,0.104528463267653));
#3938=DIRECTION('',(0.,-1.,0.));
#3939=DIRECTION('',(-0.994521895368273,0.,0.104528463267653));
#3940=DIRECTION('',(0.,1.,0.));
#3941=DIRECTION('',(0.,1.,0.));
#3942=DIRECTION('',(0.,1.,0.));
#3943=DIRECTION('',(0.951056516295154,0.,0.309016994374948));
#3944=DIRECTION('',(0.,-1.,0.));
#3945=DIRECTION('',(-0.951056516295154,0.,-0.309016994374948));
#3946=DIRECTION('',(0.,1.,0.));
#3947=DIRECTION('',(0.,-1.,0.));
#3948=DIRECTION('',(-0.951056516295154,0.,-0.309016994374948));
#3949=DIRECTION('',(0.,1.,0.));
#3950=DIRECTION('',(0.,1.,0.));
#3951=DIRECTION('',(0.951056516295154,0.,0.309016994374948));
#3952=DIRECTION('',(0.,-1.,0.));
#3953=DIRECTION('',(-0.951056516295154,0.,-0.309016994374948));
#3954=DIRECTION('',(0.,-1.,0.));
#3955=DIRECTION('',(-0.951056516295154,0.,-0.309016994374948));
#3956=DIRECTION('',(0.,1.,0.));
#3957=DIRECTION('',(0.951056516295154,0.,0.309016994374948));
#3958=DIRECTION('',(0.,-1.,0.));
#3959=DIRECTION('',(-0.951056516295154,0.,-0.309016994374948));
#3960=DIRECTION('',(0.,-1.,0.));
#3961=DIRECTION('',(-0.951056516295154,0.,-0.309016994374948));
#3962=DIRECTION('',(0.,1.,0.));
#3963=DIRECTION('',(0.,1.,0.));
#3964=DIRECTION('',(0.,1.,0.));
#3965=DIRECTION('',(0.4067366430758,0.,0.913545457642601));
#3966=DIRECTION('',(0.,-1.,0.));
#3967=DIRECTION('',(-0.4067366430758,0.,-0.913545457642601));
#3968=DIRECTION('',(0.,1.,0.));
#3969=DIRECTION('',(0.,-1.,0.));
#3970=DIRECTION('',(-0.4067366430758,0.,-0.913545457642601));
#3971=DIRECTION('',(0.,1.,0.));
#3972=DIRECTION('',(0.,1.,0.));
#3973=DIRECTION('',(0.4067366430758,0.,0.913545457642601));
#3974=DIRECTION('',(0.,-1.,0.));
#3975=DIRECTION('',(-0.4067366430758,0.,-0.913545457642601));
#3976=DIRECTION('',(0.,-1.,0.));
#3977=DIRECTION('',(-0.4067366430758,0.,-0.913545457642601));
#3978=DIRECTION('',(0.,1.,0.));
#3979=DIRECTION('',(0.4067366430758,0.,0.913545457642601));
#3980=DIRECTION('',(0.,-1.,0.));
#3981=DIRECTION('',(-0.4067366430758,0.,-0.913545457642601));
#3982=DIRECTION('',(0.,-1.,0.));
#3983=DIRECTION('',(-0.4067366430758,0.,-0.913545457642601));
#3984=DIRECTION('',(0.,1.,0.));
#3985=DIRECTION('',(0.,1.,0.));
#3986=DIRECTION('',(0.,1.,0.));
#3987=DIRECTION('',(0.743144825477395,0.,0.669130606358858));
#3988=DIRECTION('',(0.,-1.,0.));
#3989=DIRECTION('',(-0.743144825477395,0.,-0.669130606358858));
#3990=DIRECTION('',(0.,1.,0.));
#3991=DIRECTION('',(0.,-1.,0.));
#3992=DIRECTION('',(-0.743144825477395,0.,-0.669130606358858));
#3993=DIRECTION('',(0.,1.,0.));
#3994=DIRECTION('',(0.,1.,0.));
#3995=DIRECTION('',(0.743144825477395,0.,0.669130606358858));
#3996=DIRECTION('',(0.,-1.,0.));
#3997=DIRECTION('',(-0.743144825477395,0.,-0.669130606358858));
#3998=DIRECTION('',(0.,-1.,0.));
#3999=DIRECTION('',(-0.743144825477395,0.,-0.669130606358858));
#4000=DIRECTION('',(0.,1.,0.));
#4001=DIRECTION('',(0.743144825477395,0.,0.669130606358858));
#4002=DIRECTION('',(0.,-1.,0.));
#4003=DIRECTION('',(-0.743144825477395,0.,-0.669130606358858));
#4004=DIRECTION('',(0.,-1.,0.));
#4005=DIRECTION('',(-0.743144825477395,0.,-0.669130606358858));
#4006=DIRECTION('',(0.,1.,0.));
#4007=DIRECTION('',(0.,1.,0.));
#4008=DIRECTION('',(0.,1.,0.));
#4009=DIRECTION('',(0.207911690817759,0.,-0.978147600733806));
#4010=DIRECTION('',(0.,-1.,0.));
#4011=DIRECTION('',(-0.207911690817759,0.,0.978147600733806));
#4012=DIRECTION('',(0.,1.,0.));
#4013=DIRECTION('',(0.,-1.,0.));
#4014=DIRECTION('',(-0.207911690817759,0.,0.978147600733806));
#4015=DIRECTION('',(0.,1.,0.));
#4016=DIRECTION('',(0.,1.,0.));
#4017=DIRECTION('',(0.207911690817759,0.,-0.978147600733806));
#4018=DIRECTION('',(0.,-1.,0.));
#4019=DIRECTION('',(-0.207911690817759,0.,0.978147600733806));
#4020=DIRECTION('',(0.,-1.,0.));
#4021=DIRECTION('',(-0.207911690817759,0.,0.978147600733806));
#4022=DIRECTION('',(0.,1.,0.));
#4023=DIRECTION('',(0.207911690817759,0.,-0.978147600733806));
#4024=DIRECTION('',(0.,-1.,0.));
#4025=DIRECTION('',(-0.207911690817759,0.,0.978147600733806));
#4026=DIRECTION('',(0.,-1.,0.));
#4027=DIRECTION('',(-0.207911690817759,0.,0.978147600733806));
#4028=DIRECTION('',(0.,1.,0.));
#4029=DIRECTION('',(0.,1.,0.));
#4030=DIRECTION('',(0.,1.,0.));
#4031=DIRECTION('',(-0.207911690817759,0.,-0.978147600733806));
#4032=DIRECTION('',(0.,-1.,0.));
#4033=DIRECTION('',(0.207911690817759,0.,0.978147600733806));
#4034=DIRECTION('',(0.,1.,0.));
#4035=DIRECTION('',(0.,-1.,0.));
#4036=DIRECTION('',(0.207911690817759,0.,0.978147600733806));
#4037=DIRECTION('',(0.,1.,0.));
#4038=DIRECTION('',(0.,1.,0.));
#4039=DIRECTION('',(-0.207911690817759,0.,-0.978147600733806));
#4040=DIRECTION('',(0.,-1.,0.));
#4041=DIRECTION('',(0.207911690817759,0.,0.978147600733806));
#4042=DIRECTION('',(0.,-1.,0.));
#4043=DIRECTION('',(0.207911690817759,0.,0.978147600733806));
#4044=DIRECTION('',(0.,1.,0.));
#4045=DIRECTION('',(-0.207911690817759,0.,-0.978147600733806));
#4046=DIRECTION('',(0.,-1.,0.));
#4047=DIRECTION('',(0.207911690817759,0.,0.978147600733806));
#4048=DIRECTION('',(0.,-1.,0.));
#4049=DIRECTION('',(0.207911690817759,0.,0.978147600733806));
#4050=DIRECTION('',(0.,1.,0.));
#4051=DIRECTION('',(0.,1.,0.));
#4052=DIRECTION('',(0.,1.,0.));
#4053=DIRECTION('',(-0.866025403784439,0.,-0.5));
#4054=DIRECTION('',(0.,-1.,0.));
#4055=DIRECTION('',(0.866025403784439,0.,0.5));
#4056=DIRECTION('',(0.,1.,0.));
#4057=DIRECTION('',(0.,-1.,0.));
#4058=DIRECTION('',(0.866025403784439,0.,0.5));
#4059=DIRECTION('',(0.,1.,0.));
#4060=DIRECTION('',(0.,1.,0.));
#4061=DIRECTION('',(-0.866025403784439,0.,-0.5));
#4062=DIRECTION('',(0.,-1.,0.));
#4063=DIRECTION('',(0.866025403784439,0.,0.5));
#4064=DIRECTION('',(0.,-1.,0.));
#4065=DIRECTION('',(0.866025403784439,0.,0.5));
#4066=DIRECTION('',(0.,1.,0.));
#4067=DIRECTION('',(-0.866025403784439,0.,-0.5));
#4068=DIRECTION('',(0.,-1.,0.));
#4069=DIRECTION('',(0.866025403784439,0.,0.5));
#4070=DIRECTION('',(0.,-1.,0.));
#4071=DIRECTION('',(0.866025403784439,0.,0.5));
#4072=DIRECTION('',(0.,1.,0.));
#4073=DIRECTION('',(0.,1.,0.));
#4074=DIRECTION('',(0.,1.,0.));
#4075=DIRECTION('',(-0.587785252292473,0.,-0.809016994374947));
#4076=DIRECTION('',(0.,-1.,0.));
#4077=DIRECTION('',(0.587785252292473,0.,0.809016994374947));
#4078=DIRECTION('',(0.,1.,0.));
#4079=DIRECTION('',(0.,-1.,0.));
#4080=DIRECTION('',(0.587785252292473,0.,0.809016994374947));
#4081=DIRECTION('',(0.,1.,0.));
#4082=DIRECTION('',(0.,1.,0.));
#4083=DIRECTION('',(-0.587785252292473,0.,-0.809016994374947));
#4084=DIRECTION('',(0.,-1.,0.));
#4085=DIRECTION('',(0.587785252292473,0.,0.809016994374947));
#4086=DIRECTION('',(0.,-1.,0.));
#4087=DIRECTION('',(0.587785252292473,0.,0.809016994374947));
#4088=DIRECTION('',(0.,1.,0.));
#4089=DIRECTION('',(-0.587785252292473,0.,-0.809016994374947));
#4090=DIRECTION('',(0.,-1.,0.));
#4091=DIRECTION('',(0.587785252292473,0.,0.809016994374947));
#4092=DIRECTION('',(0.,-1.,0.));
#4093=DIRECTION('',(0.587785252292473,0.,0.809016994374947));
#4094=DIRECTION('',(0.,1.,0.));
#4095=DIRECTION('',(0.,1.,0.));
#4096=DIRECTION('',(0.,1.,0.));
#4097=DIRECTION('',(-0.743144825477394,0.,0.669130606358858));
#4098=DIRECTION('',(0.,-1.,0.));
#4099=DIRECTION('',(0.743144825477394,0.,-0.669130606358858));
#4100=DIRECTION('',(0.,1.,0.));
#4101=DIRECTION('',(0.,-1.,0.));
#4102=DIRECTION('',(0.743144825477394,0.,-0.669130606358858));
#4103=DIRECTION('',(0.,1.,0.));
#4104=DIRECTION('',(0.,1.,0.));
#4105=DIRECTION('',(-0.743144825477394,0.,0.669130606358858));
#4106=DIRECTION('',(0.,-1.,0.));
#4107=DIRECTION('',(0.743144825477394,0.,-0.669130606358858));
#4108=DIRECTION('',(0.,-1.,0.));
#4109=DIRECTION('',(0.743144825477394,0.,-0.669130606358858));
#4110=DIRECTION('',(0.,1.,0.));
#4111=DIRECTION('',(-0.743144825477394,0.,0.669130606358858));
#4112=DIRECTION('',(0.,-1.,0.));
#4113=DIRECTION('',(0.743144825477394,0.,-0.669130606358858));
#4114=DIRECTION('',(0.,-1.,0.));
#4115=DIRECTION('',(0.743144825477394,0.,-0.669130606358858));
#4116=DIRECTION('',(0.,1.,0.));
#4117=DIRECTION('',(0.,1.,0.));
#4118=DIRECTION('',(0.,1.,0.));
#4119=DIRECTION('',(-0.4067366430758,0.,0.913545457642601));
#4120=DIRECTION('',(0.,-1.,0.));
#4121=DIRECTION('',(0.4067366430758,0.,-0.913545457642601));
#4122=DIRECTION('',(0.,1.,0.));
#4123=DIRECTION('',(0.,-1.,0.));
#4124=DIRECTION('',(0.4067366430758,0.,-0.913545457642601));
#4125=DIRECTION('',(0.,1.,0.));
#4126=DIRECTION('',(0.,1.,0.));
#4127=DIRECTION('',(-0.4067366430758,0.,0.913545457642601));
#4128=DIRECTION('',(0.,-1.,0.));
#4129=DIRECTION('',(0.4067366430758,0.,-0.913545457642601));
#4130=DIRECTION('',(0.,-1.,0.));
#4131=DIRECTION('',(0.4067366430758,0.,-0.913545457642601));
#4132=DIRECTION('',(0.,1.,0.));
#4133=DIRECTION('',(-0.4067366430758,0.,0.913545457642601));
#4134=DIRECTION('',(0.,-1.,0.));
#4135=DIRECTION('',(0.4067366430758,0.,-0.913545457642601));
#4136=DIRECTION('',(0.,-1.,0.));
#4137=DIRECTION('',(0.4067366430758,0.,-0.913545457642601));
#4138=DIRECTION('',(0.,1.,0.));
#4139=DIRECTION('',(0.,1.,0.));
#4140=DIRECTION('',(0.,1.,0.));
#4141=DIRECTION('',(-0.951056516295154,0.,0.309016994374948));
#4142=DIRECTION('',(0.,-1.,0.));
#4143=DIRECTION('',(0.951056516295154,0.,-0.309016994374948));
#4144=DIRECTION('',(0.,1.,0.));
#4145=DIRECTION('',(0.,-1.,0.));
#4146=DIRECTION('',(0.951056516295154,0.,-0.309016994374948));
#4147=DIRECTION('',(0.,1.,0.));
#4148=DIRECTION('',(0.,1.,0.));
#4149=DIRECTION('',(-0.951056516295154,0.,0.309016994374948));
#4150=DIRECTION('',(0.,-1.,0.));
#4151=DIRECTION('',(0.951056516295154,0.,-0.309016994374948));
#4152=DIRECTION('',(0.,-1.,0.));
#4153=DIRECTION('',(0.951056516295154,0.,-0.309016994374948));
#4154=DIRECTION('',(0.,1.,0.));
#4155=DIRECTION('',(-0.951056516295154,0.,0.309016994374948));
#4156=DIRECTION('',(0.,-1.,0.));
#4157=DIRECTION('',(0.951056516295154,0.,-0.309016994374948));
#4158=DIRECTION('',(0.,-1.,0.));
#4159=DIRECTION('',(0.951056516295154,0.,-0.309016994374948));
#4160=DIRECTION('',(0.,1.,0.));
#4161=DIRECTION('',(0.,1.,0.));
#4162=DIRECTION('',(0.,1.,0.));
#4163=DIRECTION('',(-0.994521895368273,0.,-0.104528463267654));
#4164=DIRECTION('',(0.,-1.,0.));
#4165=DIRECTION('',(0.994521895368273,0.,0.104528463267654));
#4166=DIRECTION('',(0.,1.,0.));
#4167=DIRECTION('',(0.,-1.,0.));
#4168=DIRECTION('',(0.994521895368273,0.,0.104528463267654));
#4169=DIRECTION('',(0.,1.,0.));
#4170=DIRECTION('',(0.,1.,0.));
#4171=DIRECTION('',(-0.994521895368273,0.,-0.104528463267654));
#4172=DIRECTION('',(0.,-1.,0.));
#4173=DIRECTION('',(0.994521895368273,0.,0.104528463267654));
#4174=DIRECTION('',(0.,-1.,0.));
#4175=DIRECTION('',(0.994521895368273,0.,0.104528463267654));
#4176=DIRECTION('',(0.,1.,0.));
#4177=DIRECTION('',(-0.994521895368273,0.,-0.104528463267654));
#4178=DIRECTION('',(0.,-1.,0.));
#4179=DIRECTION('',(0.994521895368273,0.,0.104528463267654));
#4180=DIRECTION('',(0.,-1.,0.));
#4181=DIRECTION('',(0.994521895368273,0.,0.104528463267654));
#4182=DIRECTION('',(0.,-1.,0.));
#4183=DIRECTION('',(1.,0.,0.));
#4184=DIRECTION('',(0.,-1.,0.));
#4185=DIRECTION('',(0.,0.,-1.));
#4186=DIRECTION('',(0.,-1.,0.));
#4187=DIRECTION('',(1.,0.,0.));
#4188=DIRECTION('',(0.,-1.,0.));
#4189=DIRECTION('',(0.,0.,-1.));
#4190=DIRECTION('',(0.,-1.,0.));
#4191=DIRECTION('',(1.,0.,0.));
#4192=DIRECTION('',(0.,-1.,0.));
#4193=DIRECTION('',(0.,0.,-1.));
#4194=DIRECTION('',(0.,-1.,0.));
#4195=DIRECTION('',(1.,0.,0.));
#4196=DIRECTION('',(0.,-1.,0.));
#4197=DIRECTION('',(0.,0.,-1.));
#4198=DIRECTION('',(0.,-1.,0.));
#4199=DIRECTION('',(1.,0.,0.));
#4200=DIRECTION('',(0.,-1.,0.));
#4201=DIRECTION('',(0.,0.,-1.));
#4202=DIRECTION('',(0.,-1.,0.));
#4203=DIRECTION('',(1.,0.,0.));
#4204=DIRECTION('',(0.,-1.,0.));
#4205=DIRECTION('',(0.,0.,-1.));
#4206=DIRECTION('',(0.,-1.,0.));
#4207=DIRECTION('',(1.,0.,0.));
#4208=DIRECTION('',(0.,-1.,0.));
#4209=DIRECTION('',(0.,0.,-1.));
#4210=DIRECTION('',(0.,-1.,0.));
#4211=DIRECTION('',(1.,0.,0.));
#4212=DIRECTION('',(0.,-1.,0.));
#4213=DIRECTION('',(0.,0.,-1.));
#4214=DIRECTION('',(0.,-1.,0.));
#4215=DIRECTION('',(1.,0.,0.));
#4216=DIRECTION('',(0.,-1.,0.));
#4217=DIRECTION('',(0.,0.,-1.));
#4218=DIRECTION('',(0.,-1.,0.));
#4219=DIRECTION('',(1.,0.,0.));
#4220=DIRECTION('',(0.,-1.,0.));
#4221=DIRECTION('',(0.,0.,-1.));
#4222=DIRECTION('',(0.,-1.,0.));
#4223=DIRECTION('',(1.,0.,0.));
#4224=DIRECTION('',(0.,-1.,0.));
#4225=DIRECTION('',(0.,0.,-1.));
#4226=DIRECTION('',(0.,-1.,0.));
#4227=DIRECTION('',(1.,0.,0.));
#4228=DIRECTION('',(0.,-1.,0.));
#4229=DIRECTION('',(0.,0.,-1.));
#4230=DIRECTION('',(0.,-1.,0.));
#4231=DIRECTION('',(1.,0.,0.));
#4232=DIRECTION('',(0.,-1.,0.));
#4233=DIRECTION('',(0.,0.,-1.));
#4234=DIRECTION('',(0.,-1.,0.));
#4235=DIRECTION('',(1.,0.,0.));
#4236=DIRECTION('',(0.,-1.,0.));
#4237=DIRECTION('',(0.,0.,-1.));
#4238=DIRECTION('',(0.,1.,0.));
#4239=DIRECTION('',(0.,0.,1.));
#4240=DIRECTION('',(0.,-1.,0.));
#4241=DIRECTION('',(0.,0.,-1.));
#4242=DIRECTION('',(0.,-1.,0.));
#4243=DIRECTION('',(0.,0.,-1.));
#4244=DIRECTION('',(0.,-1.,0.));
#4245=DIRECTION('',(1.,0.,0.));
#4246=DIRECTION('',(0.,-1.,0.));
#4247=DIRECTION('',(0.,0.,-1.));
#4248=DIRECTION('',(0.,-1.,0.));
#4249=DIRECTION('',(1.,0.,0.));
#4250=DIRECTION('',(0.,-1.,0.));
#4251=DIRECTION('',(0.,0.,-1.));
#4252=DIRECTION('',(0.,1.,0.));
#4253=DIRECTION('',(0.,0.,1.));
#4254=DIRECTION('',(0.,-1.,0.));
#4255=DIRECTION('',(0.,-0.707106781186548,0.707106781186548));
#4256=DIRECTION('',(0.,-0.707106781186548,-0.707106781186548));
#4257=DIRECTION('',(0.,-1.,0.));
#4258=DIRECTION('',(0.,1.,0.));
#4259=DIRECTION('',(0.,0.,1.));
#4260=DIRECTION('',(0.,-1.,0.));
#4261=DIRECTION('',(0.,0.707106781186547,0.707106781186548));
#4262=DIRECTION('',(0.,-0.707106781186548,0.707106781186547));
#4263=DIRECTION('',(0.,-1.,0.));
#4264=DIRECTION('',(0.,1.,0.));
#4265=DIRECTION('',(0.,0.,1.));
#4266=DIRECTION('',(0.,1.,0.));
#4267=DIRECTION('',(-1.,0.,0.));
#4268=DIRECTION('',(0.,1.,0.));
#4269=DIRECTION('',(-1.,0.,0.));
#4270=DIRECTION('',(-0.999990578351903,0.,-0.00434087634319189));
#4271=DIRECTION('',(-1.42846206608535E-16,0.,1.));
#4272=DIRECTION('',(-0.999990574012555,0.,0.0043418758665209));
#4273=DIRECTION('',(0.,1.,0.));
#4274=DIRECTION('',(-1.,0.,0.));
#4275=DIRECTION('',(0.999990574012555,0.,0.00434187586652111));
#4276=DIRECTION('',(1.42846206608535E-16,0.,-1.));
#4277=DIRECTION('',(0.999990578351903,0.,-0.0043408763431883));
#4278=DIRECTION('',(-1.,0.,-1.42846206608535E-16));
#4279=DIRECTION('',(-1.42846206608535E-16,0.,1.));
#4280=DIRECTION('',(1.01007521359669E-16,0.707106781186548,-0.707106781186547));
#4281=DIRECTION('',(-1.42846206608535E-16,0.,1.));
#4282=DIRECTION('',(1.01007521359669E-16,-0.707106781186548,-0.707106781186547));
#4283=DIRECTION('',(0.,-1.,0.));
#4284=DIRECTION('',(-1.01007521359669E-16,-0.707106781186548,0.707106781186547));
#4285=DIRECTION('',(1.42846206608535E-16,0.,-1.));
#4286=DIRECTION('',(-1.0100752135967E-16,0.707106781186548,0.707106781186548));
#4287=DIRECTION('',(0.,1.,0.));
#4288=DIRECTION('',(-1.,0.,-1.42846206608535E-16));
#4289=DIRECTION('',(-1.42846206608535E-16,0.,1.));
#4290=DIRECTION('',(0.,1.,0.));
#4291=DIRECTION('',(-1.01007521359669E-16,0.707106781186548,0.707106781186547));
#4292=DIRECTION('',(1.42846206608535E-16,0.,-1.));
#4293=DIRECTION('',(-1.01007521359669E-16,-0.707106781186548,0.707106781186547));
#4294=DIRECTION('',(0.,-1.,0.));
#4295=DIRECTION('',(1.01007521359669E-16,-0.707106781186548,-0.707106781186548));
#4296=DIRECTION('',(-1.42846206608535E-16,0.,1.));
#4297=DIRECTION('',(1.01007521359669E-16,0.707106781186548,-0.707106781186547));
#4298=DIRECTION('',(0.,1.,0.));
#4299=DIRECTION('',(-1.,0.,0.));
#4300=DIRECTION('',(-0.999990576182354,0.,0.00434137610497111));
#4301=DIRECTION('',(-1.42846206608535E-16,0.,1.));
#4302=DIRECTION('',(-0.999990576182354,0.,-0.00434137610497019));
#4303=DIRECTION('',(0.,1.,0.));
#4304=DIRECTION('',(0.,0.,1.));
#4305=DIRECTION('',(0.,-1.,0.));
#4306=DIRECTION('',(0.,0.,-1.));
#4307=DIRECTION('',(0.,-1.,0.));
#4308=DIRECTION('',(0.,0.,-1.));
#4309=DIRECTION('',(0.,0.,1.));
#4310=DIRECTION('',(0.,0.,-1.));
#4311=DIRECTION('',(-1.,0.,0.));
#4312=DIRECTION('',(0.,0.,1.));
#4313=DIRECTION('',(0.,0.,-1.));
#4314=DIRECTION('',(0.,0.,1.));
#4315=DIRECTION('',(0.,-1.,0.));
#4316=DIRECTION('',(0.,0.,-1.));
#4317=DIRECTION('',(0.,0.,1.));
#4318=DIRECTION('',(0.,-1.,0.));
#4319=DIRECTION('',(0.,0.,-1.));
#4320=DIRECTION('',(0.,0.,-1.));
#4321=DIRECTION('',(-1.,0.,0.));
#4322=DIRECTION('',(0.,0.,1.));
#4323=DIRECTION('',(0.,0.,1.));
#4324=DIRECTION('',(0.,0.,-1.));
#4325=DIRECTION('',(0.,-1.,0.));
#4326=DIRECTION('',(0.,0.,-1.));
#4327=DIRECTION('',(0.,1.,0.));
#4328=DIRECTION('',(0.,0.,1.));
#4329=DIRECTION('',(0.,-0.707106781186547,-0.707106781186548));
#4330=DIRECTION('',(0.,-0.707106781186548,0.707106781186547));
#4331=DIRECTION('',(0.,-1.,0.));
#4332=DIRECTION('',(0.,-1.,0.));
#4333=DIRECTION('',(0.,0.707106781186547,-0.707106781186548));
#4334=DIRECTION('',(0.,-0.707106781186548,-0.707106781186547));
#4335=DIRECTION('',(0.,-1.,0.));
#4336=DIRECTION('',(0.,-1.,0.));
#4337=DIRECTION('',(0.,1.,0.));
#4338=DIRECTION('',(-1.,0.,0.));
#4339=DIRECTION('',(0.,1.,0.));
#4340=DIRECTION('',(0.,0.,1.));
#4341=DIRECTION('',(0.,1.,0.));
#4342=DIRECTION('',(0.,0.,1.));
#4343=DIRECTION('',(-0.707106781186548,-0.707106781186548,0.));
#4344=DIRECTION('',(-0.707106781186548,0.707106781186548,0.));
#4345=DIRECTION('',(-0.707106781186548,0.707106781186548,0.));
#4346=DIRECTION('',(0.707106781186548,0.707106781186548,0.));
#4347=DIRECTION('',(0.,0.707106781186547,-0.707106781186548));
#4348=DIRECTION('',(-1.,0.,0.));
#4349=DIRECTION('',(-1.0100752135967E-16,0.707106781186548,0.707106781186547));
#4350=DIRECTION('',(-0.999981152631127,0.00434133519340454,0.00434133519340453));
#4351=DIRECTION('',(0.999981152631127,0.00434133519340454,0.00434133519340453));
#4352=DIRECTION('',(1.01007521359669E-16,-0.707106781186548,-0.707106781186547));
#4353=DIRECTION('',(0.,0.707106781186547,0.707106781186548));
#4354=DIRECTION('',(1.,0.,0.));
#4355=DIRECTION('',(-0.999981148291653,-0.00434183494082502,0.00434183494082502));
#4356=DIRECTION('',(-1.0100752135967E-16,-0.707106781186548,0.707106781186547));
#4357=DIRECTION('',(1.01007521359669E-16,0.707106781186548,-0.707106781186547));
#4358=DIRECTION('',(0.999981148291653,-0.00434183494082524,0.00434183494082524));
#4359=DIRECTION('',(0.,-0.707106781186547,-0.707106781186548));
#4360=DIRECTION('',(1.,0.,0.));
#4361=DIRECTION('',(0.999981152631127,-0.00434133519340524,0.00434133519340523));
#4362=DIRECTION('',(1.01007521359669E-16,0.707106781186548,-0.707106781186547));
#4363=DIRECTION('',(-1.01007521359669E-16,-0.707106781186548,0.707106781186547));
#4364=DIRECTION('',(-0.999981152631127,-0.00434133519340545,0.00434133519340545));
#4365=DIRECTION('',(0.,-0.707106781186548,0.707106781186548));
#4366=DIRECTION('',(-1.,0.,0.));
#4367=DIRECTION('',(1.0100752135967E-16,-0.707106781186548,-0.707106781186548));
#4368=DIRECTION('',(0.999981156970103,0.00434083544575319,0.00434083544575319));
#4369=DIRECTION('',(-0.999981156970103,0.0043408354457496,0.0043408354457496));
#4370=DIRECTION('',(-1.0100752135967E-16,0.707106781186548,0.707106781186548));
#4371=DIRECTION('',(-0.00434187586652111,0.,0.999990574012555));
#4372=DIRECTION('',(0.,-1.,0.));
#4373=DIRECTION('',(-0.580201025475879,-0.814469412406513,-0.0025191845760467));
#4374=DIRECTION('',(-0.708630212875327,0.705573351693102,-0.00307681342157578));
#4375=DIRECTION('',(-0.00434187586652089,0.,-0.999990574012555));
#4376=DIRECTION('',(0.,-1.,0.));
#4377=DIRECTION('',(-0.707103448573167,-0.707103448573167,0.00307018433801256));
#4378=DIRECTION('',(-0.578531979324917,0.815655833711316,0.0025119377165348));
#4379=DIRECTION('',(-0.00434137610497019,0.,0.999990576182354));
#4380=DIRECTION('',(0.,-1.,0.));
#4381=DIRECTION('',(-0.708630213647457,-0.705573352461902,-0.00307645926878014));
#4382=DIRECTION('',(-0.580200888872478,0.814469510616905,-0.00251889401263129));
#4383=DIRECTION('',(-0.00434137610497019,0.,-0.999990576182354));
#4384=DIRECTION('',(0.,-1.,0.));
#4385=DIRECTION('',(-0.578531843306641,-0.81565593107915,0.00251164798980845));
#4386=DIRECTION('',(-0.707103449340317,0.707103449340317,0.00306983094823511));
#4387=DIRECTION('',(0.0043408763431883,0.,0.999990578351903));
#4388=DIRECTION('',(0.,-1.,0.));
#4389=DIRECTION('',(-0.708630214419499,0.705573353230613,0.00307610511582196));
#4390=DIRECTION('',(0.580200752269012,0.814469608827204,-0.00251860344922));
#4391=DIRECTION('',(0.00434087634319189,0.,-0.999990578351903));
#4392=DIRECTION('',(0.,-1.,0.));
#4393=DIRECTION('',(0.578531707288303,-0.815656028446891,0.00251135826308801));
#4394=DIRECTION('',(-0.70710345010738,-0.70710345010738,-0.00306947755829789));
#4395=DIRECTION('',(0.00434137610497111,0.,0.999990576182354));
#4396=DIRECTION('',(0.,-1.,0.));
#4397=DIRECTION('',(0.580200888872477,-0.814469510616905,-0.00251889401263182));
#4398=DIRECTION('',(-0.708630213647457,-0.705573352461902,0.00307645926878079));
#4399=DIRECTION('',(0.00434137610497089,0.,-0.999990576182354));
#4400=DIRECTION('',(0.,-1.,0.));
#4401=DIRECTION('',(-0.707103449340317,0.707103449340317,-0.00306983094823561));
#4402=DIRECTION('',(0.578531843306641,0.81565593107915,0.00251164798980887));
#4403=DIRECTION('',(0.707106781186547,0.,-0.707106781186548));
#4404=DIRECTION('',(0.,-1.,0.));
#4405=DIRECTION('',(0.67938353862362,-0.277265242853298,0.679383538623619));
#4406=DIRECTION('',(0.,1.,0.));
#4407=DIRECTION('',(0.67938353862362,0.277265242853299,0.679383538623619));
#4408=DIRECTION('',(-0.705576691470956,0.501079600688803,-0.501079600688803));
#4409=DIRECTION('',(-1.01007521359669E-16,0.707106781186548,0.707106781186548));
#4410=DIRECTION('',(-0.358756271389191,0.357208682675129,0.862378046311723));
#4411=DIRECTION('',(-0.680179745768932,-0.280524318001373,0.677245613094375));
#4412=DIRECTION('',(-0.705576691470956,-0.7086335671226,-1.00788953848026E-16));
#4413=DIRECTION('',(-1.42846206608535E-16,0.,1.));
#4414=DIRECTION('',(0.358756271389191,-0.357208682675129,0.862378046311723));
#4415=DIRECTION('',(-0.705576691470955,0.,-0.7086335671226));
#4416=DIRECTION('',(0.,1.,0.));
#4417=DIRECTION('',(0.680179745768933,-0.280524318001372,-0.677245613094375));
#4418=DIRECTION('',(0.705576691470956,-0.501079600688803,-0.501079600688803));
#4419=DIRECTION('',(-1.01007521359669E-16,-0.707106781186548,0.707106781186547));
#4420=DIRECTION('',(0.362680423383576,-0.35213015248319,0.862825165492103));
#4421=DIRECTION('',(0.705576691470955,0.501079600688803,0.501079600688803));
#4422=DIRECTION('',(1.01007521359669E-16,0.707106781186548,-0.707106781186547));
#4423=DIRECTION('',(-0.358756271389191,-0.35720868267513,0.862378046311723));
#4424=DIRECTION('',(-0.921869975509582,0.,0.387499352585217));
#4425=DIRECTION('',(0.,-1.,0.));
#4426=DIRECTION('',(-0.362680423383576,-0.352130152483191,-0.862825165492103));
#4427=DIRECTION('',(0.705576691470956,-0.7086335671226,1.00788953848026E-16));
#4428=DIRECTION('',(1.42846206608535E-16,0.,-1.));
#4429=DIRECTION('',(-0.358756271389191,-0.35720868267513,-0.862378046311723));
#4430=DIRECTION('',(-0.705576691470955,-0.501079600688803,0.501079600688803));
#4431=DIRECTION('',(1.01007521359669E-16,-0.707106781186548,-0.707106781186547));
#4432=DIRECTION('',(-0.707106781186547,0.,0.707106781186548));
#4433=DIRECTION('',(0.,-1.,0.));
#4434=DIRECTION('',(-0.678598344545847,-0.281084637714821,-0.678598344545847));
#4435=DIRECTION('',(-0.678598344545847,0.28108463771482,-0.678598344545847));
#4436=DIRECTION('',(0.707106781186547,0.,0.707106781186548));
#4437=DIRECTION('',(0.,1.,0.));
#4438=DIRECTION('',(0.678598344545847,0.281084637714822,-0.678598344545846));
#4439=DIRECTION('',(0.678598344545847,-0.281084637714824,-0.678598344545846));
#4440=DIRECTION('',(0.707106781186531,-0.707106781186564,0.));
#4441=DIRECTION('',(0.,0.,1.));
#4442=DIRECTION('',(0.,0.,-1.));
#4443=DIRECTION('',(0.707106781186531,-0.707106781186564,0.));
#4444=DIRECTION('',(-0.707106781186564,-0.707106781186531,0.));
#4445=DIRECTION('',(0.707106781186531,-0.707106781186564,0.));
#4446=DIRECTION('',(-0.707106781186564,-0.707106781186531,0.));
#4447=DIRECTION('',(0.707106781186548,0.707106781186548,0.));
#4448=DIRECTION('',(0.,0.,-1.));
#4449=DIRECTION('',(0.,0.,-1.));
#4450=DIRECTION('',(0.707106781186548,0.707106781186548,0.));
#4451=DIRECTION('',(0.707106781186548,-0.707106781186548,0.));
#4452=DIRECTION('',(0.707106781186548,0.707106781186548,0.));
#4453=DIRECTION('',(0.707106781186548,-0.707106781186548,0.));
#4454=DIRECTION('',(-0.707106781186548,-0.707106781186548,0.));
#4455=DIRECTION('',(0.,0.,-1.));
#4456=DIRECTION('',(-0.707106781186548,0.707106781186548,0.));
#4457=DIRECTION('',(0.,0.,1.));
#4458=DIRECTION('',(0.707106781186547,-0.5,-0.5));
#4459=DIRECTION('',(-1.01007521359669E-16,-0.707106781186548,0.707106781186547));
#4460=DIRECTION('',(0.357406744336593,-0.357406744336593,0.862856209461017));
#4461=DIRECTION('',(-0.707106781186547,-0.5,0.5));
#4462=DIRECTION('',(1.0100752135967E-16,-0.707106781186548,-0.707106781186548));
#4463=DIRECTION('',(-0.357406744336593,-0.357406744336593,-0.862856209461017));
#4464=DIRECTION('',(-0.707106781186548,0.5,-0.5));
#4465=DIRECTION('',(-1.01007521359669E-16,0.707106781186548,0.707106781186547));
#4466=DIRECTION('',(0.357406744336593,-0.357406744336593,-0.862856209461017));
#4467=DIRECTION('',(0.707106781186548,0.5,0.5));
#4468=DIRECTION('',(1.01007521359669E-16,0.707106781186548,-0.707106781186547));
#4469=DIRECTION('',(-0.357406744336593,-0.357406744336593,0.862856209461017));
#4470=DIRECTION('',(0.707106781186548,0.707106781186548,1.0100752135967E-16));
#4471=DIRECTION('',(-1.42846206608535E-16,0.,1.));
#4472=DIRECTION('',(-0.707106781186547,0.707106781186548,-1.01007521359669E-16));
#4473=DIRECTION('',(1.42846206608535E-16,0.,-1.));
#4474=DIRECTION('',(0.,-1.,0.));
#4475=DIRECTION('',(0.,0.,-1.));
#4476=DIRECTION('',(0.,-1.,0.));
#4477=DIRECTION('',(0.,0.,-1.));
#4478=DIRECTION('',(0.,-1.,0.));
#4479=DIRECTION('',(0.,0.,-1.));
#4480=DIRECTION('',(0.,-1.,0.));
#4481=DIRECTION('',(1.,0.,0.));
#4482=DIRECTION('',(0.,-1.,0.));
#4483=DIRECTION('',(1.,0.,0.));
#4484=CARTESIAN_POINT('',(0.,0.,0.));
#4485=CARTESIAN_POINT('',(-2.60208521396521E-18,0.00679639940725109,-0.077240003));
#4486=CARTESIAN_POINT('',(0.0015625318,0.00679639940725109,-0.077240003));
#4487=CARTESIAN_POINT('',(0.0015625318,0.00679639940725109,0.006071997));
#4488=CARTESIAN_POINT('',(0.0015625318,0.00679639940725109,0.00361363464928263));
#4489=CARTESIAN_POINT('',(-2.68529247613933E-8,0.00679639940725109,-3.33150210649463E-9));
#4490=CARTESIAN_POINT('',(-0.00156253180000001,0.00679639940725109,0.00361365787153913));
#4491=CARTESIAN_POINT('',(-0.00156253180000001,0.00679639940725109,0.006071997));
#4492=CARTESIAN_POINT('',(-0.00156253180000001,0.00679639940725109,0.006071997));
#4493=CARTESIAN_POINT('',(-2.60208521396521E-18,0.00679639940725109,0.006071997));
#4494=CARTESIAN_POINT('',(-2.60208521396521E-18,0.034428600692749,-0.077240003));
#4495=CARTESIAN_POINT('',(-3.46944695195361E-18,0.034428600692749,-0.006071997));
#4496=CARTESIAN_POINT('',(-0.00156253180000001,0.034428600692749,-0.006071997));
#4497=CARTESIAN_POINT('',(0.0015625318,0.034428600692749,-0.006071997));
#4498=CARTESIAN_POINT('',(0.0015625318,0.034428600692749,0.006071997));
#4499=CARTESIAN_POINT('',(0.0015625318,0.034428600692749,-0.00132705958138958));
#4500=CARTESIAN_POINT('',(2.68529247622607E-8,0.034428600692749,-3.33150210619948E-9));
#4501=CARTESIAN_POINT('',(-0.00156253180000001,0.034428600692749,-0.00132699634435859));
#4502=CARTESIAN_POINT('',(-0.00156253180000001,0.034428600692749,-0.077240003));
#4503=CARTESIAN_POINT('',(-3.46944695195361E-18,0.03966250005,5.20417042793042E-18));
#4504=CARTESIAN_POINT('',(0.130777772512881,0.03966250005,0.006071997));
#4505=CARTESIAN_POINT('',(0.00612964782882457,0.03966250005,0.00661314648972683));
#4506=CARTESIAN_POINT('',(0.0116341144,0.03966250005,0.00658924930488141));
#4507=CARTESIAN_POINT('',(0.0116341144,0.03966250005,-0.00647972381704404));
#4508=CARTESIAN_POINT('',(0.0116341144,0.03966250005,-0.00658924930488138));
#4509=CARTESIAN_POINT('',(0.130777772512857,0.03966250005,-0.006071997));
#4510=CARTESIAN_POINT('',(0.0061296478288246,0.03966250005,-0.0066131464897268));
#4511=CARTESIAN_POINT('',(0.,0.03966250005,-1.83003689896474E-18));
#4512=CARTESIAN_POINT('',(-5.20417042793042E-18,0.03966250005,0.006071997));
#4513=CARTESIAN_POINT('',(0.00666609509988417,0.00664247465,0.006071997));
#4514=CARTESIAN_POINT('',(-0.0116053153383672,0.00664247465,0.006071997));
#4515=CARTESIAN_POINT('',(0.0116341144,0.00664247465,0.006071997));
#4516=CARTESIAN_POINT('',(0.0116341144,0.03458504005,0.006071997));
#4517=CARTESIAN_POINT('',(0.0116341144,0.03458504005,0.006071997));
#4518=CARTESIAN_POINT('',(-5.20417042793042E-18,0.03458504005,0.006071997));
#4519=CARTESIAN_POINT('',(-0.0116053153383672,0.03458504005,0.006071997));
#4520=CARTESIAN_POINT('',(-0.0135943017901695,0.0373857576966854,0.006071997));
#4521=CARTESIAN_POINT('',(-0.0116341144,0.0346255923825962,0.006071997));
#4522=CARTESIAN_POINT('',(-0.0116341144,0.03966250005,0.006071997));
#4523=CARTESIAN_POINT('',(-0.0116341144,0.00660192231740375,0.006071997));
#4524=CARTESIAN_POINT('',(-0.01400347174812,0.00326559947308755,0.006071997));
#4525=CARTESIAN_POINT('',(-0.00486453180000001,0.02061250005,0.006071997));
#4526=CARTESIAN_POINT('',(-0.00486453180000001,0.031126600692749,0.006071997));
#4527=CARTESIAN_POINT('',(-0.00486453180000001,0.0100983994072511,0.006071997));
#4528=CARTESIAN_POINT('',(-0.00486453180000001,0.031126600692749,0.006071997));
#4529=CARTESIAN_POINT('',(-0.00156253180000001,0.034428600692749,0.006071997));
#4530=CARTESIAN_POINT('',(-2.60208521396521E-18,0.034428600692749,0.006071997));
#4531=CARTESIAN_POINT('',(0.0015625318,0.034428600692749,0.006071997));
#4532=CARTESIAN_POINT('',(0.0015625318,0.034428600692749,0.006071997));
#4533=CARTESIAN_POINT('',(0.0048645318,0.031126600692749,0.006071997));
#4534=CARTESIAN_POINT('',(0.0048645318,0.02061250005,0.006071997));
#4535=CARTESIAN_POINT('',(0.0048645318,0.0100983994072509,0.006071997));
#4536=CARTESIAN_POINT('',(0.0048645318,0.0100983994072509,0.006071997));
#4537=CARTESIAN_POINT('',(-0.00156253180000001,0.00679639940725109,0.006071997));
#4538=CARTESIAN_POINT('',(-3.46944695195361E-18,0.03966250005,-0.006071997));
#4539=CARTESIAN_POINT('',(0.00666611891823054,0.03458504005,-0.006071997));
#4540=CARTESIAN_POINT('',(-0.0116053153383672,0.03458504005,-0.006071997));
#4541=CARTESIAN_POINT('',(0.0116341144,0.03458504005,-0.006071997));
#4542=CARTESIAN_POINT('',(0.0116341144,0.03966250005,-0.006071997));
#4543=CARTESIAN_POINT('',(0.0116341144,0.00663996005,-0.006071997));
#4544=CARTESIAN_POINT('',(-3.46944695195361E-18,0.00663996005,-0.006071997));
#4545=CARTESIAN_POINT('',(-0.0116053153383672,0.00663996005,-0.006071997));
#4546=CARTESIAN_POINT('',(-0.0116053153383672,0.03458504005,-0.006071997));
#4547=CARTESIAN_POINT('',(0.00183568377862548,0.0378268162713745,-0.006071997));
#4548=CARTESIAN_POINT('',(-0.00486453180000001,0.031126600692749,-0.006071997));
#4549=CARTESIAN_POINT('',(-0.00486453180000001,0.03966250005,-0.006071997));
#4550=CARTESIAN_POINT('',(-0.00486453180000001,0.0100983994072511,-0.006071997));
#4551=CARTESIAN_POINT('',(-0.0172143162213745,0.0224481838286256,-0.006071997));
#4552=CARTESIAN_POINT('',(-0.00156253180000001,0.00679639940725109,-0.006071997));
#4553=CARTESIAN_POINT('',(-3.46944695195361E-18,0.00679639940725109,-0.006071997));
#4554=CARTESIAN_POINT('',(0.0015625318,0.00679639940725109,-0.006071997));
#4555=CARTESIAN_POINT('',(0.0172143162213744,0.0224481838286248,-0.006071997));
#4556=CARTESIAN_POINT('',(0.0048645318,0.0100983994072509,-0.006071997));
#4557=CARTESIAN_POINT('',(0.0048645318,0.03966250005,-0.006071997));
#4558=CARTESIAN_POINT('',(0.0048645318,0.031126600692749,-0.006071997));
#4559=CARTESIAN_POINT('',(-0.00183568377862549,0.0378268162713745,-0.006071997));
#4560=CARTESIAN_POINT('',(0.,-0.001,0.));
#4561=CARTESIAN_POINT('',(-2.68529247622607E-8,-0.001,-3.3315021067357E-9));
#4562=CARTESIAN_POINT('',(0.00196842836481766,-0.001,-0.00461470516972986));
#4563=CARTESIAN_POINT('',(0.00301223488741661,-0.001,-0.00401205619851116));
#4564=CARTESIAN_POINT('',(0.00170347223474094,-0.001,-0.0047807802974282));
#4565=CARTESIAN_POINT('',(0.00199105131121379,-0.001,-0.00465797568155292));
#4566=CARTESIAN_POINT('',(0.00187202511416706,-0.001,-0.00437914697423229));
#4567=CARTESIAN_POINT('',(0.0019865702808263,-0.001,-0.00464751997974673));
#4568=CARTESIAN_POINT('',(0.00210944786036386,-0.001,-0.00493541536889867));
#4569=CARTESIAN_POINT('',(0.00211258455505801,-0.001,-0.00494161397725624));
#4570=CARTESIAN_POINT('',(0.00211525245480406,-0.001,-0.00494715643389995));
#4571=CARTESIAN_POINT('',(0.00211857292563173,-0.001,-0.00495359197944172));
#4572=CARTESIAN_POINT('',(0.00212319150910281,-0.001,-0.0049621839688096));
#4573=CARTESIAN_POINT('',(0.00212898892095348,-0.001,-0.0049724465204661));
#4574=CARTESIAN_POINT('',(0.00213609899047692,-0.001,-0.00498447360977287));
#4575=CARTESIAN_POINT('',(0.00214457381083788,-0.001,-0.00499817317850344));
#4576=CARTESIAN_POINT('',(0.00215448875736874,-0.001,-0.00501350757326682));
#4577=CARTESIAN_POINT('',(0.00216591030502273,-0.001,-0.00503042008889379));
#4578=CARTESIAN_POINT('',(0.00217890558128375,-0.001,-0.00504885699309904));
#4579=CARTESIAN_POINT('',(0.00219353946939691,-0.001,-0.00506876106707173));
#4580=CARTESIAN_POINT('',(0.0022098753813368,-0.001,-0.00509007354053165));
#4581=CARTESIAN_POINT('',(0.00222797496419722,-0.001,-0.00511273358542652));
#4582=CARTESIAN_POINT('',(0.00224789811668166,-0.001,-0.00513667851782713));
#4583=CARTESIAN_POINT('',(0.00226970291835793,-0.001,-0.00516184379891633));
#4584=CARTESIAN_POINT('',(0.00229344558543748,-0.001,-0.00518816309525417));
#4585=CARTESIAN_POINT('',(0.00231918042063362,-0.001,-0.00521556832399928));
#4586=CARTESIAN_POINT('',(0.00234695976630134,-0.001,-0.00524398970405517));
#4587=CARTESIAN_POINT('',(0.00237683395828435,-0.001,-0.00527335580713516));
#4588=CARTESIAN_POINT('',(0.00240885128118709,-0.001,-0.00530359361038986));
#4589=CARTESIAN_POINT('',(0.00244305792502235,-0.001,-0.00533462855002302));
#4590=CARTESIAN_POINT('',(0.00247949794280169,-0.001,-0.00536638457623838));
#4591=CARTESIAN_POINT('',(0.00251821321106242,-0.001,-0.00539878420848572));
#4592=CARTESIAN_POINT('',(0.00255924338570314,-0.001,-0.00543174859468097));
#4593=CARTESIAN_POINT('',(0.00260262588264128,-0.001,-0.00546519756011403));
#4594=CARTESIAN_POINT('',(0.00264839576987141,-0.001,-0.00549904970082171));
#4595=CARTESIAN_POINT('',(0.00269658600683621,-0.001,-0.00553322231078937));
#4596=CARTESIAN_POINT('',(0.00274722635813902,-0.001,-0.00556763195125792));
#4597=CARTESIAN_POINT('',(0.00280034739627892,-0.001,-0.00560219256283721));
#4598=CARTESIAN_POINT('',(0.00285596502117832,-0.001,-0.00563682299255186));
#4599=CARTESIAN_POINT('',(0.0029141395415039,-0.001,-0.00567141849764633));
#4600=CARTESIAN_POINT('',(0.00296881004407893,-0.001,-0.0057025750142537));
#4601=CARTESIAN_POINT('',(0.00300458823264958,-0.001,-0.00572194541696432));
#4602=CARTESIAN_POINT('',(0.00301963166236045,-0.001,-0.00573003958307423));
#4603=CARTESIAN_POINT('',(0.00301963166236045,-0.001,-0.00573003958307423));
#4604=CARTESIAN_POINT('',(0.,-0.001,3.9660186590387E-19));
#4605=CARTESIAN_POINT('',(0.00345254401245245,-0.001,-0.0054800975212131));
#4606=CARTESIAN_POINT('',(0.00285643996950739,-0.001,-0.00381079479250729));
#4607=CARTESIAN_POINT('',(0.00303158522664325,-0.001,-0.00404418031947213));
#4608=CARTESIAN_POINT('',(0.00321947115751246,-0.001,-0.00429454311948317));
#4609=CARTESIAN_POINT('',(0.00322327096247114,-0.001,-0.004300358880951));
#4610=CARTESIAN_POINT('',(0.00322673692085096,-0.001,-0.00430544057822769));
#4611=CARTESIAN_POINT('',(0.0032306500313635,-0.001,-0.00431153396308786));
#4612=CARTESIAN_POINT('',(0.0032357816206896,-0.001,-0.00431982976838726));
#4613=CARTESIAN_POINT('',(0.00324177054520644,-0.001,-0.00432998175015438));
#4614=CARTESIAN_POINT('',(0.00324863127531796,-0.001,-0.00434215279563774));
#4615=CARTESIAN_POINT('',(0.00325625803967905,-0.001,-0.00435634198972813));
#4616=CARTESIAN_POINT('',(0.00326458054183036,-0.001,-0.00437259578268271));
#4617=CARTESIAN_POINT('',(0.00327351643617823,-0.001,-0.00439094339091509));
#4618=CARTESIAN_POINT('',(0.00328298562545661,-0.001,-0.00441141608238896));
#4619=CARTESIAN_POINT('',(0.00329290611509917,-0.001,-0.00443404143823743));
#4620=CARTESIAN_POINT('',(0.00330319530256301,-0.001,-0.00445884498970133));
#4621=CARTESIAN_POINT('',(0.00331376968566265,-0.001,-0.00448584971070378));
#4622=CARTESIAN_POINT('',(0.00332454502917126,-0.001,-0.00451507613307908));
#4623=CARTESIAN_POINT('',(0.00333543640104974,-0.001,-0.00454654228579981));
#4624=CARTESIAN_POINT('',(0.00334635824674828,-0.001,-0.00458026368681322));
#4625=CARTESIAN_POINT('',(0.00335722445343999,-0.001,-0.00461625332222784));
#4626=CARTESIAN_POINT('',(0.00336794841774514,-0.001,-0.00465452163130454));
#4627=CARTESIAN_POINT('',(0.00337844311303107,-0.001,-0.00469507649201935));
#4628=CARTESIAN_POINT('',(0.0033886211573529,-0.001,-0.00473792320864165));
#4629=CARTESIAN_POINT('',(0.0033983948815625,-0.001,-0.00478306450099777));
#4630=CARTESIAN_POINT('',(0.00340767639809857,-0.001,-0.00483050049521671));
#4631=CARTESIAN_POINT('',(0.00341637766856768,-0.001,-0.00488022871716851));
#4632=CARTESIAN_POINT('',(0.00342441057711257,-0.001,-0.0049322440838267));
#4633=CARTESIAN_POINT('',(0.00343168698243884,-0.001,-0.00498653891097126));
#4634=CARTESIAN_POINT('',(0.0034381188526491,-0.001,-0.00504310286639475));
#4635=CARTESIAN_POINT('',(0.00344361808251232,-0.001,-0.00510192314080449));
#4636=CARTESIAN_POINT('',(0.00344809752964177,-0.001,-0.00516298379172356));
#4637=CARTESIAN_POINT('',(0.00345146737816981,-0.001,-0.00522626826601776));
#4638=CARTESIAN_POINT('',(0.00345364939759697,-0.001,-0.00529174975693612));
#4639=CARTESIAN_POINT('',(0.00345452272370275,-0.001,-0.00535942812193828));
#4640=CARTESIAN_POINT('',(0.00345416980729064,-0.001,-0.0054223524243096));
#4641=CARTESIAN_POINT('',(0.00345305597383425,-0.001,-0.00546302244586849));
#4642=CARTESIAN_POINT('',(0.00345254401245245,-0.001,-0.0054800975212131));
#4643=CARTESIAN_POINT('',(0.00303839961482806,-0.001,-0.00405328885652591));
#4644=CARTESIAN_POINT('',(0.00328854107011447,-0.001,-0.00386564037864119));
#4645=CARTESIAN_POINT('',(0.,-0.001,0.));
#4646=CARTESIAN_POINT('',(-2.68529247622607E-8,-0.001,-3.3315021067357E-9));
#4647=CARTESIAN_POINT('',(0.00367521013686181,-0.001,-0.00341510538984598));
#4648=CARTESIAN_POINT('',(0.0043836570872714,-0.001,-0.00244000417422044));
#4649=CARTESIAN_POINT('',(0.00350071785172674,-0.001,-0.00367459554637142));
#4650=CARTESIAN_POINT('',(0.00371348527353625,-0.001,-0.0034454389991776));
#4651=CARTESIAN_POINT('',(0.00349133957947498,-0.001,-0.00323912861596934));
#4652=CARTESIAN_POINT('',(0.00370513893152654,-0.001,-0.00343770983954341));
#4653=CARTESIAN_POINT('',(0.00393449079029986,-0.001,-0.00365073655036903));
#4654=CARTESIAN_POINT('',(0.00393987750464482,-0.001,-0.00365512345220754));
#4655=CARTESIAN_POINT('',(0.00394456907254892,-0.001,-0.00365910160571182));
#4656=CARTESIAN_POINT('',(0.0039502200457808,-0.001,-0.00366363021195108));
#4657=CARTESIAN_POINT('',(0.00395793400864437,-0.001,-0.00366960083767342));
#4658=CARTESIAN_POINT('',(0.0039674043637168,-0.001,-0.00367661812528838));
#4659=CARTESIAN_POINT('',(0.00397879159336407,-0.001,-0.00368471349228324));
#4660=CARTESIAN_POINT('',(0.00399210584360622,-0.001,-0.00369378165108443));
#4661=CARTESIAN_POINT('',(0.00400740065822192,-0.001,-0.00370375754569797));
#4662=CARTESIAN_POINT('',(0.00402471370103255,-0.001,-0.00371456233557478));
#4663=CARTESIAN_POINT('',(0.00404408444115676,-0.001,-0.00372611963062223));
#4664=CARTESIAN_POINT('',(0.00406554887940138,-0.001,-0.00373835076846227));
#4665=CARTESIAN_POINT('',(0.00408914104146125,-0.001,-0.0037511762677987));
#4666=CARTESIAN_POINT('',(0.00411489250376109,-0.001,-0.00376451548530867));
#4667=CARTESIAN_POINT('',(0.00414283249063847,-0.001,-0.00377828679337579));
#4668=CARTESIAN_POINT('',(0.0041729878101169,-0.001,-0.00379240760976838));
#4669=CARTESIAN_POINT('',(0.00420538283802032,-0.001,-0.00380679447068057));
#4670=CARTESIAN_POINT('',(0.00424003949055944,-0.001,-0.00382136309243854));
#4671=CARTESIAN_POINT('',(0.00427697720232599,-0.001,-0.0038360284372848));
#4672=CARTESIAN_POINT('',(0.00431621290489978,-0.001,-0.00385070477880042));
#4673=CARTESIAN_POINT('',(0.00435776100739326,-0.001,-0.0038653057681751));
#4674=CARTESIAN_POINT('',(0.00440163337865461,-0.001,-0.00387974450082075));
#4675=CARTESIAN_POINT('',(0.00444783933087361,-0.001,-0.00389393358381737));
#4676=CARTESIAN_POINT('',(0.00449638560599179,-0.001,-0.00390778520243807));
#4677=CARTESIAN_POINT('',(0.00454727635944321,-0.001,-0.00392121119221254));
#4678=CARTESIAN_POINT('',(0.00460051316237684,-0.001,-0.00393412309147389));
#4679=CARTESIAN_POINT('',(0.00465609494102512,-0.001,-0.00394643227056293));
#4680=CARTESIAN_POINT('',(0.00471401816577041,-0.001,-0.00395804976796259));
#4681=CARTESIAN_POINT('',(0.00477427609033014,-0.001,-0.00396888725221867));
#4682=CARTESIAN_POINT('',(0.00483686164056451,-0.001,-0.00397885366921055));
#4683=CARTESIAN_POINT('',(0.00490175633388664,-0.001,-0.00398786841492515));
#4684=CARTESIAN_POINT('',(0.00496897266228824,-0.001,-0.00399581127234928));
#4685=CARTESIAN_POINT('',(0.00503158914855752,-0.001,-0.00400203766987928));
#4686=CARTESIAN_POINT('',(0.00507215280278246,-0.001,-0.00400518111297371));
#4687=CARTESIAN_POINT('',(0.00508918785361423,-0.001,-0.00400645678755588));
#4688=CARTESIAN_POINT('',(0.00508918785361423,-0.001,-0.00400645678755588));
#4689=CARTESIAN_POINT('',(0.,-0.001,3.9660186590387E-19));
#4690=CARTESIAN_POINT('',(0.00538301236939333,-0.001,-0.00360204203624634));
#4691=CARTESIAN_POINT('',(0.0041594776405274,-0.001,-0.00231951546835813));
#4692=CARTESIAN_POINT('',(0.00441440724039167,-0.001,-0.00246148576245829));
#4693=CARTESIAN_POINT('',(0.00468788130391973,-0.001,-0.00261378346836815));
#4694=CARTESIAN_POINT('',(0.00469371808177603,-0.001,-0.00261755091092659));
#4695=CARTESIAN_POINT('',(0.00469895130480173,-0.001,-0.00262078354011437));
#4696=CARTESIAN_POINT('',(0.00470500451203872,-0.001,-0.0026247585187412));
#4697=CARTESIAN_POINT('',(0.00471306666015714,-0.001,-0.00263024990857381));
#4698=CARTESIAN_POINT('',(0.00472266699793019,-0.001,-0.00263708829034962));
#4699=CARTESIAN_POINT('',(0.00473388499694232,-0.001,-0.0026454165833311));
#4700=CARTESIAN_POINT('',(0.00474662365805317,-0.001,-0.00265527697260622));
#4701=CARTESIAN_POINT('',(0.00476083765527332,-0.001,-0.00266674048474232));
#4702=CARTESIAN_POINT('',(0.00477646364554569,-0.001,-0.00267986730323168));
#4703=CARTESIAN_POINT('',(0.00479344117420332,-0.001,-0.00269471857127361));
#4704=CARTESIAN_POINT('',(0.00481170655374008,-0.001,-0.00271135283568165));
#4705=CARTESIAN_POINT('',(0.00483119470746928,-0.001,-0.00272982701788589));
#4706=CARTESIAN_POINT('',(0.00485183869668507,-0.001,-0.00275019606900804));
#4707=CARTESIAN_POINT('',(0.00487356991972795,-0.001,-0.00277251300736545));
#4708=CARTESIAN_POINT('',(0.00489631812036317,-0.001,-0.00279682884821662));
#4709=CARTESIAN_POINT('',(0.00492001145233814,-0.001,-0.00282319256608215));
#4710=CARTESIAN_POINT('',(0.00494457652959723,-0.001,-0.00285165104960463));
#4711=CARTESIAN_POINT('',(0.00496993848204617,-0.001,-0.00288224906029138));
#4712=CARTESIAN_POINT('',(0.00499602101116152,-0.001,-0.00291502919195202));
#4713=CARTESIAN_POINT('',(0.00502274644700518,-0.001,-0.00295003183171668));
#4714=CARTESIAN_POINT('',(0.00505003580607815,-0.001,-0.00298729512252536));
#4715=CARTESIAN_POINT('',(0.00507780885039929,-0.001,-0.00302685492669431));
#4716=CARTESIAN_POINT('',(0.00510598414657486,-0.001,-0.00306874479243391));
#4717=CARTESIAN_POINT('',(0.00513447912931062,-0.001,-0.00311299591611645));
#4718=CARTESIAN_POINT('',(0.00516321015207356,-0.001,-0.00315963712815178));
#4719=CARTESIAN_POINT('',(0.00519209259123633,-0.001,-0.00320869479539718));
#4720=CARTESIAN_POINT('',(0.00522104074865661,-0.001,-0.00326019305160742));
#4721=CARTESIAN_POINT('',(0.00524996853141332,-0.001,-0.00331415277660697));
#4722=CARTESIAN_POINT('',(0.00527878715586229,-0.001,-0.00337059537975977));
#4723=CARTESIAN_POINT('',(0.0053074142515982,-0.001,-0.00342952819109098));
#4724=CARTESIAN_POINT('',(0.00533573934568501,-0.001,-0.00349100024029081));
#4725=CARTESIAN_POINT('',(0.00536101056001421,-0.001,-0.0035486279949342));
#4726=CARTESIAN_POINT('',(0.00537653501056223,-0.001,-0.00358623494527254));
#4727=CARTESIAN_POINT('',(0.00538301236939333,-0.001,-0.00360204203624634));
#4728=CARTESIAN_POINT('',(0.00442433726954911,-0.001,-0.00246703516373465));
#4729=CARTESIAN_POINT('',(0.004576529347821,-0.001,-0.00219386805331223));
#4730=CARTESIAN_POINT('',(0.,-0.001,0.));
#4731=CARTESIAN_POINT('',(-2.68529247622607E-8,-0.001,-3.3315021067357E-9));
#4732=CARTESIAN_POINT('',(0.0047465131244851,-0.001,-0.00162501017544152));
#4733=CARTESIAN_POINT('',(0.00499710460235443,-0.001,-0.000446059626894597));
#4734=CARTESIAN_POINT('',(0.00469265754912573,-0.001,-0.00193303984269448));
#4735=CARTESIAN_POINT('',(0.00479382389610967,-0.001,-0.00163715461301381));
#4736=CARTESIAN_POINT('',(0.00450696971366733,-0.001,-0.00153903549344563));
#4737=CARTESIAN_POINT('',(0.00478305540083537,-0.001,-0.0016334884374696));
#4738=CARTESIAN_POINT('',(0.00507922451886632,-0.001,-0.00173481221638023));
#4739=CARTESIAN_POINT('',(0.00508592984101507,-0.001,-0.00173662887651805));
#4740=CARTESIAN_POINT('',(0.00509183386236505,-0.001,-0.00173835486800161));
#4741=CARTESIAN_POINT('',(0.00509883823339186,-0.001,-0.00174019349777849));
#4742=CARTESIAN_POINT('',(0.00510831376138968,-0.001,-0.00174251038442648));
#4743=CARTESIAN_POINT('',(0.00511981954925635,-0.001,-0.00174506905522119));
#4744=CARTESIAN_POINT('',(0.00513351498357171,-0.001,-0.00174783293740664));
#4745=CARTESIAN_POINT('',(0.00514936650887201,-0.001,-0.00175070171924009));
#4746=CARTESIAN_POINT('',(0.00516739657917646,-0.001,-0.00175359419089695));
#4747=CARTESIAN_POINT('',(0.00518760753475772,-0.001,-0.00175642300869547));
#4748=CARTESIAN_POINT('',(0.00521000436180001,-0.001,-0.00175910233327669));
#4749=CARTESIAN_POINT('',(0.00523458795380527,-0.001,-0.00176154566013513));
#4750=CARTESIAN_POINT('',(0.00526135706683691,-0.001,-0.00176366653999679));
#4751=CARTESIAN_POINT('',(0.00529030774679985,-0.001,-0.0017653784582314));
#4752=CARTESIAN_POINT('',(0.00532143349051226,-0.001,-0.00176659495769184));
#4753=CARTESIAN_POINT('',(0.00535472519910255,-0.001,-0.00176722969194995));
#4754=CARTESIAN_POINT('',(0.00539017119320574,-0.001,-0.00176719649848424));
#4755=CARTESIAN_POINT('',(0.00542775721301804,-0.001,-0.00176640946620132));
#4756=CARTESIAN_POINT('',(0.0054674664249504,-0.001,-0.00176478300448357));
#4757=CARTESIAN_POINT('',(0.00550927942869479,-0.001,-0.0017622319116564));
#4758=CARTESIAN_POINT('',(0.00555317426640523,-0.001,-0.00175867144344235));
#4759=CARTESIAN_POINT('',(0.0055991264335336,-0.001,-0.00175401738105428));
#4760=CARTESIAN_POINT('',(0.00564710889128569,-0.001,-0.00174818609947828));
#4761=CARTESIAN_POINT('',(0.00569709208126432,-0.001,-0.00174109463377482));
#4762=CARTESIAN_POINT('',(0.00574904393992671,-0.001,-0.00173266075152522));
#4763=CARTESIAN_POINT('',(0.00580292992198744,-0.001,-0.00172280299993165));
#4764=CARTESIAN_POINT('',(0.00585871299758096,-0.001,-0.00171144084851216));
#4765=CARTESIAN_POINT('',(0.00591635375833232,-0.001,-0.00169849446250177));
#4766=CARTESIAN_POINT('',(0.00597581011356653,-0.001,-0.00168388589106204));
#4767=CARTESIAN_POINT('',(0.00603703856568798,-0.001,-0.00166753482942657));
#4768=CARTESIAN_POINT('',(0.00609998944540766,-0.001,-0.00164937515971068));
#4769=CARTESIAN_POINT('',(0.00616462526806348,-0.001,-0.00162929197725724));
#4770=CARTESIAN_POINT('',(0.00622436077869812,-0.001,-0.00160951165501189));
#4771=CARTESIAN_POINT('',(0.00626269607425263,-0.001,-0.00159588460862182));
#4772=CARTESIAN_POINT('',(0.00627877723115791,-0.001,-0.00159012121595185));
#4773=CARTESIAN_POINT('',(0.00627877723115791,-0.001,-0.00159012121595185));
#4774=CARTESIAN_POINT('',(0.,-0.001,3.9660186590387E-19));
#4775=CARTESIAN_POINT('',(0.00638270898453396,-0.001,-0.001101160759688));
#4776=CARTESIAN_POINT('',(0.00474330383983215,-0.001,-0.000427170847593357));
#4777=CARTESIAN_POINT('',(0.00503393813864558,-0.001,-0.000453177955219296));
#4778=CARTESIAN_POINT('',(0.00534571418481463,-0.001,-0.000481076910094931));
#4779=CARTESIAN_POINT('',(0.00535257870365172,-0.001,-0.000482144608699474));
#4780=CARTESIAN_POINT('',(0.00535867431951982,-0.001,-0.000482969218844271));
#4781=CARTESIAN_POINT('',(0.00536582096895832,-0.001,-0.00048413848132162));
#4782=CARTESIAN_POINT('',(0.00537541965721707,-0.001,-0.000485875944497679));
#4783=CARTESIAN_POINT('',(0.00538697142262905,-0.001,-0.000488218307948396));
#4784=CARTESIAN_POINT('',(0.00540060699660025,-0.001,-0.000491263810911318));
#4785=CARTESIAN_POINT('',(0.00541625492422771,-0.001,-0.000495090444486684));
#4786=CARTESIAN_POINT('',(0.00543390268726722,-0.001,-0.000499781530413243));
#4787=CARTESIAN_POINT('',(0.00545351689778834,-0.001,-0.000505417812989382));
#4788=CARTESIAN_POINT('',(0.0054750671968843,-0.001,-0.000512079738435391));
#4789=CARTESIAN_POINT('',(0.00549851921625759,-0.001,-0.000519846695969292));
#4790=CARTESIAN_POINT('',(0.00552383665742806,-0.001,-0.000528797154978068));
#4791=CARTESIAN_POINT('',(0.00555098071947984,-0.001,-0.000539008542233878));
#4792=CARTESIAN_POINT('',(0.0055799102961709,-0.001,-0.000550557195188396));
#4793=CARTESIAN_POINT('',(0.00561058195501211,-0.001,-0.000563518294384353));
#4794=CARTESIAN_POINT('',(0.00564294998091789,-0.001,-0.000577965802776198));
#4795=CARTESIAN_POINT('',(0.00567696640371953,-0.001,-0.000593972404068303));
#4796=CARTESIAN_POINT('',(0.00571258103232773,-0.001,-0.000611609442343149));
#4797=CARTESIAN_POINT('',(0.00574974148903612,-0.001,-0.000630946862387347));
#4798=CARTESIAN_POINT('',(0.00578839324575129,-0.001,-0.000652053150890064));
#4799=CARTESIAN_POINT('',(0.00582847966158786,-0.001,-0.000674995278644125));
#4800=CARTESIAN_POINT('',(0.00586994202202076,-0.001,-0.000699838643232724));
#4801=CARTESIAN_POINT('',(0.00591271957922951,-0.001,-0.000726647014416279));
#4802=CARTESIAN_POINT('',(0.00595674959477233,-0.001,-0.000755482473829585));
#4803=CARTESIAN_POINT('',(0.00600196738012308,-0.001,-0.000786405381472682));
#4804=CARTESIAN_POINT('',(0.00604830635211839,-0.001,-0.000819474244198353));
#4805=CARTESIAN_POINT('',(0.00609569803769203,-0.001,-0.000854745965863376));
#4806=CARTESIAN_POINT('',(0.0061440722796367,-0.001,-0.000892274638282273));
#4807=CARTESIAN_POINT('',(0.00619335667803039,-0.001,-0.000932115931443595));
#4808=CARTESIAN_POINT('',(0.0062434789651533,-0.001,-0.000974310044720697));
#4809=CARTESIAN_POINT('',(0.00629435816112813,-0.001,-0.00101894670235551));
#4810=CARTESIAN_POINT('',(0.00634088388365934,-0.001,-0.00106131354696141));
#4811=CARTESIAN_POINT('',(0.00637036229967682,-0.001,-0.0010893548427173));
#4812=CARTESIAN_POINT('',(0.00638270898453396,-0.001,-0.001101160759688));
#4813=CARTESIAN_POINT('',(0.00504526681652284,-0.001,-0.000454208678822802));
#4814=CARTESIAN_POINT('',(0.00507319412482539,-0.001,-0.000142756010900004));
#4815=CARTESIAN_POINT('',(0.,-0.001,0.));
#4816=CARTESIAN_POINT('',(-2.68529247622607E-8,-0.001,-3.3315021067357E-9));
#4817=CARTESIAN_POINT('',(0.00499710402062086,-0.001,0.000446059480954994));
#4818=CARTESIAN_POINT('',(0.00474651097218817,-0.001,0.00162500979914399));
#4819=CARTESIAN_POINT('',(0.00507319412482539,-0.001,0.000142756010900004));
#4820=CARTESIAN_POINT('',(0.00504526681652285,-0.001,0.000454208678822803));
#4821=CARTESIAN_POINT('',(0.00474330383983215,-0.001,0.000427170847593357));
#4822=CARTESIAN_POINT('',(0.00503393813864558,-0.001,0.000453177955219296));
#4823=CARTESIAN_POINT('',(0.00534571418481463,-0.001,0.000481076910094931));
#4824=CARTESIAN_POINT('',(0.00535257870365172,-0.001,0.000482144608699474));
#4825=CARTESIAN_POINT('',(0.00535867431951982,-0.001,0.000482969218844271));
#4826=CARTESIAN_POINT('',(0.00536582096895832,-0.001,0.00048413848132162));
#4827=CARTESIAN_POINT('',(0.00537541965721707,-0.001,0.000485875944497679));
#4828=CARTESIAN_POINT('',(0.00538697142262905,-0.001,0.000488218307948396));
#4829=CARTESIAN_POINT('',(0.00540060699660025,-0.001,0.000491263810911318));
#4830=CARTESIAN_POINT('',(0.00541625492422771,-0.001,0.000495090444486684));
#4831=CARTESIAN_POINT('',(0.00543390268726722,-0.001,0.000499781530413243));
#4832=CARTESIAN_POINT('',(0.00545351689778834,-0.001,0.000505417812989382));
#4833=CARTESIAN_POINT('',(0.0054750671968843,-0.001,0.000512079738435391));
#4834=CARTESIAN_POINT('',(0.00549851921625759,-0.001,0.000519846695969292));
#4835=CARTESIAN_POINT('',(0.00552383665742806,-0.001,0.000528797154978068));
#4836=CARTESIAN_POINT('',(0.00555098071947984,-0.001,0.000539008542233878));
#4837=CARTESIAN_POINT('',(0.0055799102961709,-0.001,0.000550557195188396));
#4838=CARTESIAN_POINT('',(0.00561058195501211,-0.001,0.000563518294384353));
#4839=CARTESIAN_POINT('',(0.00564294998091789,-0.001,0.000577965802776198));
#4840=CARTESIAN_POINT('',(0.00567696640371953,-0.001,0.000593972404068303));
#4841=CARTESIAN_POINT('',(0.00571258103232773,-0.001,0.000611609442343149));
#4842=CARTESIAN_POINT('',(0.00574974148903612,-0.001,0.000630946862387347));
#4843=CARTESIAN_POINT('',(0.00578839324575129,-0.001,0.000652053150890064));
#4844=CARTESIAN_POINT('',(0.00582847966158786,-0.001,0.000674995278644125));
#4845=CARTESIAN_POINT('',(0.00586994202202076,-0.001,0.000699838643232724));
#4846=CARTESIAN_POINT('',(0.00591271957922951,-0.001,0.000726647014416279));
#4847=CARTESIAN_POINT('',(0.00595674959477233,-0.001,0.000755482473829585));
#4848=CARTESIAN_POINT('',(0.00600196738012308,-0.001,0.000786405381472682));
#4849=CARTESIAN_POINT('',(0.00604830635211839,-0.001,0.000819474244198353));
#4850=CARTESIAN_POINT('',(0.00609569803769203,-0.001,0.000854745965863376));
#4851=CARTESIAN_POINT('',(0.0061440722796367,-0.001,0.000892274638282273));
#4852=CARTESIAN_POINT('',(0.00619335667803039,-0.001,0.000932115931443595));
#4853=CARTESIAN_POINT('',(0.0062434789651533,-0.001,0.000974310044720697));
#4854=CARTESIAN_POINT('',(0.00629435816112813,-0.001,0.00101894670235551));
#4855=CARTESIAN_POINT('',(0.00634088388365934,-0.001,0.00106131354696141));
#4856=CARTESIAN_POINT('',(0.00637036229967682,-0.001,0.0010893548427173));
#4857=CARTESIAN_POINT('',(0.00638270898453396,-0.001,0.001101160759688));
#4858=CARTESIAN_POINT('',(0.00638270898453396,-0.001,0.001101160759688));
#4859=CARTESIAN_POINT('',(0.,-0.001,3.9660186590387E-19));
#4860=CARTESIAN_POINT('',(0.00627877723115791,-0.001,0.00159012121595185));
#4861=CARTESIAN_POINT('',(0.00450696971366733,-0.001,0.00153903549344563));
#4862=CARTESIAN_POINT('',(0.00478305540083537,-0.001,0.0016334884374696));
#4863=CARTESIAN_POINT('',(0.00507922451886631,-0.001,0.00173481221638023));
#4864=CARTESIAN_POINT('',(0.00508592984101507,-0.001,0.00173662887651805));
#4865=CARTESIAN_POINT('',(0.00509183386236505,-0.001,0.00173835486800161));
#4866=CARTESIAN_POINT('',(0.00509883823339186,-0.001,0.00174019349777849));
#4867=CARTESIAN_POINT('',(0.00510831376138967,-0.001,0.00174251038442648));
#4868=CARTESIAN_POINT('',(0.00511981954925635,-0.001,0.00174506905522119));
#4869=CARTESIAN_POINT('',(0.00513351498357171,-0.001,0.00174783293740664));
#4870=CARTESIAN_POINT('',(0.00514936650887201,-0.001,0.00175070171924009));
#4871=CARTESIAN_POINT('',(0.00516739657917646,-0.001,0.00175359419089695));
#4872=CARTESIAN_POINT('',(0.00518760753475772,-0.001,0.00175642300869547));
#4873=CARTESIAN_POINT('',(0.00521000436180001,-0.001,0.00175910233327669));
#4874=CARTESIAN_POINT('',(0.00523458795380527,-0.001,0.00176154566013513));
#4875=CARTESIAN_POINT('',(0.00526135706683691,-0.001,0.00176366653999679));
#4876=CARTESIAN_POINT('',(0.00529030774679985,-0.001,0.0017653784582314));
#4877=CARTESIAN_POINT('',(0.00532143349051226,-0.001,0.00176659495769184));
#4878=CARTESIAN_POINT('',(0.00535472519910255,-0.001,0.00176722969194995));
#4879=CARTESIAN_POINT('',(0.00539017119320574,-0.001,0.00176719649848424));
#4880=CARTESIAN_POINT('',(0.00542775721301804,-0.001,0.00176640946620132));
#4881=CARTESIAN_POINT('',(0.00546746642495039,-0.001,0.00176478300448357));
#4882=CARTESIAN_POINT('',(0.00550927942869479,-0.001,0.0017622319116564));
#4883=CARTESIAN_POINT('',(0.00555317426640523,-0.001,0.00175867144344235));
#4884=CARTESIAN_POINT('',(0.0055991264335336,-0.001,0.00175401738105428));
#4885=CARTESIAN_POINT('',(0.00564710889128569,-0.001,0.00174818609947828));
#4886=CARTESIAN_POINT('',(0.00569709208126432,-0.001,0.00174109463377482));
#4887=CARTESIAN_POINT('',(0.00574904393992671,-0.001,0.00173266075152522));
#4888=CARTESIAN_POINT('',(0.00580292992198744,-0.001,0.00172280299993165));
#4889=CARTESIAN_POINT('',(0.00585871299758096,-0.001,0.00171144084851216));
#4890=CARTESIAN_POINT('',(0.00591635375833232,-0.001,0.00169849446250177));
#4891=CARTESIAN_POINT('',(0.00597581011356653,-0.001,0.00168388589106204));
#4892=CARTESIAN_POINT('',(0.00603703856568798,-0.001,0.00166753482942657));
#4893=CARTESIAN_POINT('',(0.00609998944540766,-0.001,0.00164937515971068));
#4894=CARTESIAN_POINT('',(0.00616462526806348,-0.001,0.00162929197725724));
#4895=CARTESIAN_POINT('',(0.00622436077869812,-0.001,0.00160951165501189));
#4896=CARTESIAN_POINT('',(0.00626269607425263,-0.001,0.00159588460862182));
#4897=CARTESIAN_POINT('',(0.00627877723115791,-0.001,0.00159012121595185));
#4898=CARTESIAN_POINT('',(0.00479382389610967,-0.001,0.00163715461301381));
#4899=CARTESIAN_POINT('',(0.00469265754912572,-0.001,0.00193303984269448));
#4900=CARTESIAN_POINT('',(0.,-0.001,0.));
#4901=CARTESIAN_POINT('',(-2.68529247622607E-8,-0.001,-3.3315021067357E-9));
#4902=CARTESIAN_POINT('',(0.00438365450490919,-0.001,0.00244000215065958));
#4903=CARTESIAN_POINT('',(0.00367520632638868,-0.001,0.00341510282756141));
#4904=CARTESIAN_POINT('',(0.00457652934782101,-0.001,0.00219386805331223));
#4905=CARTESIAN_POINT('',(0.00442433726954911,-0.001,0.00246703516373465));
#4906=CARTESIAN_POINT('',(0.00415947764052739,-0.001,0.00231951546835813));
#4907=CARTESIAN_POINT('',(0.00441440724039167,-0.001,0.00246148576245829));
#4908=CARTESIAN_POINT('',(0.00468788130391973,-0.001,0.00261378346836815));
#4909=CARTESIAN_POINT('',(0.00469371808177603,-0.001,0.00261755091092659));
#4910=CARTESIAN_POINT('',(0.00469895130480173,-0.001,0.00262078354011437));
#4911=CARTESIAN_POINT('',(0.00470500451203872,-0.001,0.0026247585187412));
#4912=CARTESIAN_POINT('',(0.00471306666015714,-0.001,0.00263024990857381));
#4913=CARTESIAN_POINT('',(0.00472266699793019,-0.001,0.00263708829034962));
#4914=CARTESIAN_POINT('',(0.00473388499694232,-0.001,0.0026454165833311));
#4915=CARTESIAN_POINT('',(0.00474662365805317,-0.001,0.00265527697260622));
#4916=CARTESIAN_POINT('',(0.00476083765527332,-0.001,0.00266674048474233));
#4917=CARTESIAN_POINT('',(0.00477646364554569,-0.001,0.00267986730323169));
#4918=CARTESIAN_POINT('',(0.00479344117420332,-0.001,0.00269471857127361));
#4919=CARTESIAN_POINT('',(0.00481170655374008,-0.001,0.00271135283568165));
#4920=CARTESIAN_POINT('',(0.00483119470746928,-0.001,0.00272982701788589));
#4921=CARTESIAN_POINT('',(0.00485183869668507,-0.001,0.00275019606900804));
#4922=CARTESIAN_POINT('',(0.00487356991972795,-0.001,0.00277251300736545));
#4923=CARTESIAN_POINT('',(0.00489631812036317,-0.001,0.00279682884821662));
#4924=CARTESIAN_POINT('',(0.00492001145233814,-0.001,0.00282319256608215));
#4925=CARTESIAN_POINT('',(0.00494457652959723,-0.001,0.00285165104960463));
#4926=CARTESIAN_POINT('',(0.00496993848204616,-0.001,0.00288224906029138));
#4927=CARTESIAN_POINT('',(0.00499602101116152,-0.001,0.00291502919195202));
#4928=CARTESIAN_POINT('',(0.00502274644700518,-0.001,0.00295003183171668));
#4929=CARTESIAN_POINT('',(0.00505003580607815,-0.001,0.00298729512252536));
#4930=CARTESIAN_POINT('',(0.00507780885039929,-0.001,0.00302685492669431));
#4931=CARTESIAN_POINT('',(0.00510598414657486,-0.001,0.00306874479243392));
#4932=CARTESIAN_POINT('',(0.00513447912931062,-0.001,0.00311299591611644));
#4933=CARTESIAN_POINT('',(0.00516321015207355,-0.001,0.00315963712815178));
#4934=CARTESIAN_POINT('',(0.00519209259123633,-0.001,0.00320869479539718));
#4935=CARTESIAN_POINT('',(0.00522104074865661,-0.001,0.00326019305160742));
#4936=CARTESIAN_POINT('',(0.00524996853141332,-0.001,0.00331415277660697));
#4937=CARTESIAN_POINT('',(0.00527878715586229,-0.001,0.00337059537975977));
#4938=CARTESIAN_POINT('',(0.0053074142515982,-0.001,0.00342952819109098));
#4939=CARTESIAN_POINT('',(0.00533573934568501,-0.001,0.00349100024029081));
#4940=CARTESIAN_POINT('',(0.00536101056001421,-0.001,0.0035486279949342));
#4941=CARTESIAN_POINT('',(0.00537653501056223,-0.001,0.00358623494527254));
#4942=CARTESIAN_POINT('',(0.00538301236939332,-0.001,0.00360204203624634));
#4943=CARTESIAN_POINT('',(0.00538301236939332,-0.001,0.00360204203624634));
#4944=CARTESIAN_POINT('',(0.,-0.001,3.9660186590387E-19));
#4945=CARTESIAN_POINT('',(0.00508918785361423,-0.001,0.00400645678755587));
#4946=CARTESIAN_POINT('',(0.00349133957947498,-0.001,0.00323912861596934));
#4947=CARTESIAN_POINT('',(0.00370513893152654,-0.001,0.00343770983954341));
#4948=CARTESIAN_POINT('',(0.00393449079029987,-0.001,0.00365073655036903));
#4949=CARTESIAN_POINT('',(0.00393987750464482,-0.001,0.00365512345220754));
#4950=CARTESIAN_POINT('',(0.00394456907254892,-0.001,0.00365910160571182));
#4951=CARTESIAN_POINT('',(0.0039502200457808,-0.001,0.00366363021195108));
#4952=CARTESIAN_POINT('',(0.00395793400864438,-0.001,0.00366960083767342));
#4953=CARTESIAN_POINT('',(0.0039674043637168,-0.001,0.00367661812528837));
#4954=CARTESIAN_POINT('',(0.00397879159336407,-0.001,0.00368471349228323));
#4955=CARTESIAN_POINT('',(0.00399210584360622,-0.001,0.00369378165108443));
#4956=CARTESIAN_POINT('',(0.00400740065822192,-0.001,0.00370375754569796));
#4957=CARTESIAN_POINT('',(0.00402471370103255,-0.001,0.00371456233557478));
#4958=CARTESIAN_POINT('',(0.00404408444115676,-0.001,0.00372611963062223));
#4959=CARTESIAN_POINT('',(0.00406554887940138,-0.001,0.00373835076846227));
#4960=CARTESIAN_POINT('',(0.00408914104146125,-0.001,0.00375117626779869));
#4961=CARTESIAN_POINT('',(0.00411489250376109,-0.001,0.00376451548530867));
#4962=CARTESIAN_POINT('',(0.00414283249063848,-0.001,0.00377828679337579));
#4963=CARTESIAN_POINT('',(0.0041729878101169,-0.001,0.00379240760976838));
#4964=CARTESIAN_POINT('',(0.00420538283802032,-0.001,0.00380679447068057));
#4965=CARTESIAN_POINT('',(0.00424003949055944,-0.001,0.00382136309243853));
#4966=CARTESIAN_POINT('',(0.00427697720232599,-0.001,0.00383602843728479));
#4967=CARTESIAN_POINT('',(0.00431621290489978,-0.001,0.00385070477880042));
#4968=CARTESIAN_POINT('',(0.00435776100739326,-0.001,0.0038653057681751));
#4969=CARTESIAN_POINT('',(0.00440163337865461,-0.001,0.00387974450082074));
#4970=CARTESIAN_POINT('',(0.00444783933087361,-0.001,0.00389393358381736));
#4971=CARTESIAN_POINT('',(0.00449638560599179,-0.001,0.00390778520243807));
#4972=CARTESIAN_POINT('',(0.00454727635944321,-0.001,0.00392121119221254));
#4973=CARTESIAN_POINT('',(0.00460051316237684,-0.001,0.00393412309147389));
#4974=CARTESIAN_POINT('',(0.00465609494102512,-0.001,0.00394643227056293));
#4975=CARTESIAN_POINT('',(0.00471401816577041,-0.001,0.00395804976796258));
#4976=CARTESIAN_POINT('',(0.00477427609033014,-0.001,0.00396888725221867));
#4977=CARTESIAN_POINT('',(0.00483686164056451,-0.001,0.00397885366921055));
#4978=CARTESIAN_POINT('',(0.00490175633388664,-0.001,0.00398786841492515));
#4979=CARTESIAN_POINT('',(0.00496897266228825,-0.001,0.00399581127234928));
#4980=CARTESIAN_POINT('',(0.00503158914855752,-0.001,0.00400203766987928));
#4981=CARTESIAN_POINT('',(0.00507215280278246,-0.001,0.00400518111297371));
#4982=CARTESIAN_POINT('',(0.00508918785361423,-0.001,0.00400645678755587));
#4983=CARTESIAN_POINT('',(0.00371348527353625,-0.001,0.00344543899917759));
#4984=CARTESIAN_POINT('',(0.00350071785172674,-0.001,0.00367459554637141));
#4985=CARTESIAN_POINT('',(0.,-0.001,0.));
#4986=CARTESIAN_POINT('',(-2.68529247622607E-8,-0.001,-3.3315021067357E-9));
#4987=CARTESIAN_POINT('',(0.00301223236161431,-0.001,0.0040120514318859));
#4988=CARTESIAN_POINT('',(0.00196842506944171,-0.001,0.00461469991240554));
#4989=CARTESIAN_POINT('',(0.00328854107011448,-0.001,0.0038656403786412));
#4990=CARTESIAN_POINT('',(0.00303839961482807,-0.001,0.00405328885652592));
#4991=CARTESIAN_POINT('',(0.00285643996950739,-0.001,0.00381079479250729));
#4992=CARTESIAN_POINT('',(0.00303158522664325,-0.001,0.00404418031947213));
#4993=CARTESIAN_POINT('',(0.00321947115751246,-0.001,0.00429454311948317));
#4994=CARTESIAN_POINT('',(0.00322327096247115,-0.001,0.004300358880951));
#4995=CARTESIAN_POINT('',(0.00322673692085096,-0.001,0.00430544057822769));
#4996=CARTESIAN_POINT('',(0.00323065003136351,-0.001,0.00431153396308786));
#4997=CARTESIAN_POINT('',(0.0032357816206896,-0.001,0.00431982976838725));
#4998=CARTESIAN_POINT('',(0.00324177054520644,-0.001,0.00432998175015438));
#4999=CARTESIAN_POINT('',(0.00324863127531797,-0.001,0.00434215279563774));
#5000=CARTESIAN_POINT('',(0.00325625803967905,-0.001,0.00435634198972813));
#5001=CARTESIAN_POINT('',(0.00326458054183036,-0.001,0.00437259578268271));
#5002=CARTESIAN_POINT('',(0.00327351643617823,-0.001,0.00439094339091509));
#5003=CARTESIAN_POINT('',(0.00328298562545661,-0.001,0.00441141608238895));
#5004=CARTESIAN_POINT('',(0.00329290611509917,-0.001,0.00443404143823743));
#5005=CARTESIAN_POINT('',(0.00330319530256301,-0.001,0.00445884498970133));
#5006=CARTESIAN_POINT('',(0.00331376968566265,-0.001,0.00448584971070378));
#5007=CARTESIAN_POINT('',(0.00332454502917126,-0.001,0.00451507613307908));
#5008=CARTESIAN_POINT('',(0.00333543640104974,-0.001,0.00454654228579981));
#5009=CARTESIAN_POINT('',(0.00334635824674828,-0.001,0.00458026368681321));
#5010=CARTESIAN_POINT('',(0.00335722445343999,-0.001,0.00461625332222784));
#5011=CARTESIAN_POINT('',(0.00336794841774514,-0.001,0.00465452163130454));
#5012=CARTESIAN_POINT('',(0.00337844311303107,-0.001,0.00469507649201935));
#5013=CARTESIAN_POINT('',(0.0033886211573529,-0.001,0.00473792320864164));
#5014=CARTESIAN_POINT('',(0.00339839488156251,-0.001,0.00478306450099777));
#5015=CARTESIAN_POINT('',(0.00340767639809858,-0.001,0.00483050049521671));
#5016=CARTESIAN_POINT('',(0.00341637766856768,-0.001,0.0048802287171685));
#5017=CARTESIAN_POINT('',(0.00342441057711257,-0.001,0.0049322440838267));
#5018=CARTESIAN_POINT('',(0.00343168698243884,-0.001,0.00498653891097126));
#5019=CARTESIAN_POINT('',(0.00343811885264911,-0.001,0.00504310286639475));
#5020=CARTESIAN_POINT('',(0.00344361808251232,-0.001,0.00510192314080448));
#5021=CARTESIAN_POINT('',(0.00344809752964177,-0.001,0.00516298379172356));
#5022=CARTESIAN_POINT('',(0.00345146737816981,-0.001,0.00522626826601776));
#5023=CARTESIAN_POINT('',(0.00345364939759697,-0.001,0.00529174975693612));
#5024=CARTESIAN_POINT('',(0.00345452272370275,-0.001,0.00535942812193828));
#5025=CARTESIAN_POINT('',(0.00345416980729065,-0.001,0.0054223524243096));
#5026=CARTESIAN_POINT('',(0.00345305597383426,-0.001,0.00546302244586849));
#5027=CARTESIAN_POINT('',(0.00345254401245245,-0.001,0.0054800975212131));
#5028=CARTESIAN_POINT('',(0.00345254401245245,-0.001,0.0054800975212131));
#5029=CARTESIAN_POINT('',(0.,-0.001,3.9660186590387E-19));
#5030=CARTESIAN_POINT('',(0.00301963166236045,-0.001,0.00573003958307423));
#5031=CARTESIAN_POINT('',(0.00187202511416706,-0.001,0.00437914697423229));
#5032=CARTESIAN_POINT('',(0.0019865702808263,-0.001,0.00464751997974672));
#5033=CARTESIAN_POINT('',(0.00210944786036386,-0.001,0.00493541536889867));
#5034=CARTESIAN_POINT('',(0.00211258455505801,-0.001,0.00494161397725623));
#5035=CARTESIAN_POINT('',(0.00211525245480406,-0.001,0.00494715643389995));
#5036=CARTESIAN_POINT('',(0.00211857292563174,-0.001,0.00495359197944172));
#5037=CARTESIAN_POINT('',(0.00212319150910281,-0.001,0.0049621839688096));
#5038=CARTESIAN_POINT('',(0.00212898892095348,-0.001,0.0049724465204661));
#5039=CARTESIAN_POINT('',(0.00213609899047692,-0.001,0.00498447360977287));
#5040=CARTESIAN_POINT('',(0.00214457381083788,-0.001,0.00499817317850344));
#5041=CARTESIAN_POINT('',(0.00215448875736874,-0.001,0.00501350757326682));
#5042=CARTESIAN_POINT('',(0.00216591030502273,-0.001,0.00503042008889379));
#5043=CARTESIAN_POINT('',(0.00217890558128375,-0.001,0.00504885699309904));
#5044=CARTESIAN_POINT('',(0.00219353946939691,-0.001,0.00506876106707173));
#5045=CARTESIAN_POINT('',(0.0022098753813368,-0.001,0.00509007354053165));
#5046=CARTESIAN_POINT('',(0.00222797496419722,-0.001,0.00511273358542652));
#5047=CARTESIAN_POINT('',(0.00224789811668166,-0.001,0.00513667851782713));
#5048=CARTESIAN_POINT('',(0.00226970291835793,-0.001,0.00516184379891632));
#5049=CARTESIAN_POINT('',(0.00229344558543748,-0.001,0.00518816309525417));
#5050=CARTESIAN_POINT('',(0.00231918042063362,-0.001,0.00521556832399928));
#5051=CARTESIAN_POINT('',(0.00234695976630135,-0.001,0.00524398970405517));
#5052=CARTESIAN_POINT('',(0.00237683395828435,-0.001,0.00527335580713516));
#5053=CARTESIAN_POINT('',(0.00240885128118709,-0.001,0.00530359361038986));
#5054=CARTESIAN_POINT('',(0.00244305792502235,-0.001,0.00533462855002302));
#5055=CARTESIAN_POINT('',(0.0024794979428017,-0.001,0.00536638457623838));
#5056=CARTESIAN_POINT('',(0.00251821321106242,-0.001,0.00539878420848571));
#5057=CARTESIAN_POINT('',(0.00255924338570314,-0.001,0.00543174859468097));
#5058=CARTESIAN_POINT('',(0.00260262588264128,-0.001,0.00546519756011403));
#5059=CARTESIAN_POINT('',(0.00264839576987141,-0.001,0.00549904970082171));
#5060=CARTESIAN_POINT('',(0.00269658600683622,-0.001,0.00553322231078937));
#5061=CARTESIAN_POINT('',(0.00274722635813902,-0.001,0.00556763195125792));
#5062=CARTESIAN_POINT('',(0.00280034739627892,-0.001,0.00560219256283721));
#5063=CARTESIAN_POINT('',(0.00285596502117832,-0.001,0.00563682299255186));
#5064=CARTESIAN_POINT('',(0.0029141395415039,-0.001,0.00567141849764633));
#5065=CARTESIAN_POINT('',(0.00296881004407893,-0.001,0.0057025750142537));
#5066=CARTESIAN_POINT('',(0.00300458823264958,-0.001,0.00572194541696432));
#5067=CARTESIAN_POINT('',(0.00301963166236045,-0.001,0.00573003958307423));
#5068=CARTESIAN_POINT('',(0.00199105131121378,-0.001,0.00465797568155291));
#5069=CARTESIAN_POINT('',(0.00170347223474094,-0.001,0.0047807802974282));
#5070=CARTESIAN_POINT('',(0.,-0.001,0.));
#5071=CARTESIAN_POINT('',(-2.68529247622607E-8,-0.001,-3.3315021067357E-9));
#5072=CARTESIAN_POINT('',(0.00111996352055232,-0.001,0.00489038628112782));
#5073=CARTESIAN_POINT('',(-7.87202490897375E-5,-0.001,0.00501637946383957));
#5074=CARTESIAN_POINT('',(0.00143193416592743,-0.001,0.00486900836426275));
#5075=CARTESIAN_POINT('',(0.00112709506370931,-0.001,0.0049386920830506));
#5076=CARTESIAN_POINT('',(0.00105949787781709,-0.001,0.00464315307704808));
#5077=CARTESIAN_POINT('',(0.00112457458612105,-0.001,0.00492759935902443));
#5078=CARTESIAN_POINT('',(0.00119438519999402,-0.001,0.00523273725054011));
#5079=CARTESIAN_POINT('',(0.00119549101125759,-0.001,0.00523959573292503));
#5080=CARTESIAN_POINT('',(0.00119659040930041,-0.001,0.0052456478266657));
#5081=CARTESIAN_POINT('',(0.0011976868107314,-0.001,0.00525280601616024));
#5082=CARTESIAN_POINT('',(0.00119900054285165,-0.001,0.00526247181682512));
#5083=CARTESIAN_POINT('',(0.00120034251465565,-0.001,0.00527418202870817));
#5084=CARTESIAN_POINT('',(0.00120165969330252,-0.001,0.00528809134235887));
#5085=CARTESIAN_POINT('',(0.00120285582406883,-0.001,0.0053041559007015));
#5086=CARTESIAN_POINT('',(0.00120384779492179,-0.001,0.00532238954601164));
#5087=CARTESIAN_POINT('',(0.00120454849603234,-0.001,0.00534278547584087));
#5088=CARTESIAN_POINT('',(0.00120487203708036,-0.001,0.00536533967640227));
#5089=CARTESIAN_POINT('',(0.00120473229404471,-0.001,0.00539004399412008));
#5090=CARTESIAN_POINT('',(0.00120404342125635,-0.001,0.00541688815546234));
#5091=CARTESIAN_POINT('',(0.00120271979133666,-0.001,0.00544585918475359));
#5092=CARTESIAN_POINT('',(0.00120067610052745,-0.001,0.00547694157720437));
#5093=CARTESIAN_POINT('',(0.00119782742650639,-0.001,0.00551011725812822));
#5094=CARTESIAN_POINT('',(0.00119408929958535,-0.001,0.00554536560570498));
#5095=CARTESIAN_POINT('',(0.00118937776985631,-0.001,0.00558266345809297));
#5096=CARTESIAN_POINT('',(0.00118360947516515,-0.001,0.0056219851272636));
#5097=CARTESIAN_POINT('',(0.00117670170846541,-0.001,0.00566330241318565));
#5098=CARTESIAN_POINT('',(0.00116857248493753,-0.001,0.00570658462011138));
#5099=CARTESIAN_POINT('',(0.00115914060857643,-0.001,0.0057517985744708));
#5100=CARTESIAN_POINT('',(0.00114832573879842,-0.001,0.00579890864439681));
#5101=CARTESIAN_POINT('',(0.00113604845484839,-0.001,0.00584787676121861));
#5102=CARTESIAN_POINT('',(0.00112223032633832,-0.001,0.00589866244141251));
#5103=CARTESIAN_POINT('',(0.00110679395764294,-0.001,0.00595122281479997));
#5104=CARTESIAN_POINT('',(0.00108966313010964,-0.001,0.00600551263664142));
#5105=CARTESIAN_POINT('',(0.0010707625656135,-0.001,0.00606148436943979));
#5106=CARTESIAN_POINT('',(0.00105001914001251,-0.001,0.00611908800501589));
#5107=CARTESIAN_POINT('',(0.001027357535195,-0.001,0.00617827188992462));
#5108=CARTESIAN_POINT('',(0.00100271718733144,-0.001,0.00623897971576968));
#5109=CARTESIAN_POINT('',(0.000975987739438574,-0.001,0.00630116219242665));
#5110=CARTESIAN_POINT('',(0.000950071714738977,-0.001,0.00635850285899656));
#5111=CARTESIAN_POINT('',(0.000932512189201634,-0.001,0.00639520373557291));
#5112=CARTESIAN_POINT('',(0.000925099430380867,-0.001,0.00641059435963907));
#5113=CARTESIAN_POINT('',(0.000925099430380867,-0.001,0.00641059435963907));
#5114=CARTESIAN_POINT('',(0.,-0.001,3.9660186590387E-19));
#5115=CARTESIAN_POINT('',(0.000427953724192094,-0.001,0.00646284647890365));
#5116=CARTESIAN_POINT('',(-7.09795001945971E-5,-0.001,0.00476197103734915));
#5117=CARTESIAN_POINT('',(-7.54944188532425E-5,-0.001,0.00505373169405829));
#5118=CARTESIAN_POINT('',(-8.03377683612477E-5,-0.001,0.00536671603330468));
#5119=CARTESIAN_POINT('',(-7.99934563264884E-5,-0.001,0.0053736545524837));
#5120=CARTESIAN_POINT('',(-7.98105288417076E-5,-0.001,0.00537980297116152));
#5121=CARTESIAN_POINT('',(-7.93946999898701E-5,-0.001,0.00538703269171654));
#5122=CARTESIAN_POINT('',(-7.86700909519557E-5,-0.001,0.00539676041171246));
#5123=CARTESIAN_POINT('',(-7.75480474998505E-5,-0.001,0.00540849373899675));
#5124=CARTESIAN_POINT('',(-7.5944533713797E-5,-0.001,0.00542237295761161));
#5125=CARTESIAN_POINT('',(-7.37745166657659E-5,-0.001,0.00543833515638137));
#5126=CARTESIAN_POINT('',(-7.09538225493805E-5,-0.001,0.0054563765951314));
#5127=CARTESIAN_POINT('',(-6.73986594029086E-5,-0.001,0.00547647250891124));
#5128=CARTESIAN_POINT('',(-6.30258483290012E-5,-0.001,0.00549860111404319));
#5129=CARTESIAN_POINT('',(-5.77528425467537E-5,-0.001,0.00552273652893581));
#5130=CARTESIAN_POINT('',(-5.14978083083483E-5,-0.001,0.00554885085624027));
#5131=CARTESIAN_POINT('',(-4.4179687193475E-5,-0.001,0.00557691360089767));
#5132=CARTESIAN_POINT('',(-3.5718263162697E-5,-0.001,0.00560689186128682));
#5133=CARTESIAN_POINT('',(-2.60342275888204E-5,-0.001,0.00563875030135289));
#5134=CARTESIAN_POINT('',(-1.50492441665519E-5,-0.001,0.00567245118767627));
#5135=CARTESIAN_POINT('',(-2.68601311244213E-6,-0.001,0.00570795441038981));
#5136=CARTESIAN_POINT('',(1.11316652230776E-5,-0.001,0.00574521751084354));
#5137=CARTESIAN_POINT('',(2.6478827422913E-5,-0.001,0.0057841957094827));
#5138=CARTESIAN_POINT('',(4.3429284736793E-5,-0.001,0.00582484193573286));
#5139=CARTESIAN_POINT('',(6.20555616692376E-5,-0.001,0.00586710685934739));
#5140=CARTESIAN_POINT('',(8.24288348877161E-5,-0.001,0.0059109389233544));
#5141=CARTESIAN_POINT('',(0.000104618874691547,-0.001,0.00595628437847139));
#5142=CARTESIAN_POINT('',(0.000128693980578741,-0.001,0.00600308731924222));
#5143=CARTESIAN_POINT('',(0.000154720943683172,-0.001,0.0060512897208493));
#5144=CARTESIAN_POINT('',(0.000182764910186706,-0.001,0.00610083148051022));
#5145=CARTESIAN_POINT('',(0.000212889629605231,-0.001,0.00615165044833406));
#5146=CARTESIAN_POINT('',(0.000245156230857713,-0.001,0.00620368250557631));
#5147=CARTESIAN_POINT('',(0.00027962764681927,-0.001,0.00625686146802764));
#5148=CARTESIAN_POINT('',(0.000316351410680581,-0.001,0.0063111196658371));
#5149=CARTESIAN_POINT('',(0.000355425219866913,-0.001,0.00636638594148078));
#5150=CARTESIAN_POINT('',(0.000392696712186549,-0.001,0.00641708533239604));
#5151=CARTESIAN_POINT('',(0.000417503061264407,-0.001,0.0064493333761196));
#5152=CARTESIAN_POINT('',(0.000427953724192094,-0.001,0.00646284647890365));
#5153=CARTESIAN_POINT('',(-7.56535109508465E-5,-0.001,0.00506510605220713));
#5154=CARTESIAN_POINT('',(-0.000388319207191001,-0.001,0.00506032470303413));
#5155=CARTESIAN_POINT('',(0.,-0.001,0.));
#5156=CARTESIAN_POINT('',(-2.68529247622607E-8,-0.001,-3.3315021067357E-9));
#5157=CARTESIAN_POINT('',(-0.000965965585383165,-0.001,0.00492313097147366));
#5158=CARTESIAN_POINT('',(-0.00211226297833915,-0.001,0.00455068316072019));
#5159=CARTESIAN_POINT('',(-0.000672267164261973,-0.001,0.00503048057015094));
#5160=CARTESIAN_POINT('',(-0.000979094463261993,-0.001,0.00497015058180678));
#5161=CARTESIAN_POINT('',(-0.000920641022183832,-0.001,0.0046726680128458));
#5162=CARTESIAN_POINT('',(-0.000976885216780867,-0.001,0.00495899170356659));
#5163=CARTESIAN_POINT('',(-0.00103722080925229,-0.001,0.00526614357305313));
#5164=CARTESIAN_POINT('',(-0.00103900019649728,-0.001,0.00527285888244342));
#5165=CARTESIAN_POINT('',(-0.00104045745470078,-0.001,0.00527883491065878));
#5166=CARTESIAN_POINT('',(-0.00104236734011926,-0.001,0.00528582018879397));
#5167=CARTESIAN_POINT('',(-0.00104509862142332,-0.001,0.00529518468007834));
#5168=CARTESIAN_POINT('',(-0.00104863564144851,-0.001,0.00530642832005879));
#5169=CARTESIAN_POINT('',(-0.00105308976642053,-0.001,0.00531967085518447));
#5170=CARTESIAN_POINT('',(-0.001058531091125,-0.001,0.00533483306969999));
#5171=CARTESIAN_POINT('',(-0.00106504117234265,-0.001,0.00535189380444409));
#5172=CARTESIAN_POINT('',(-0.00107269682205708,-0.001,0.00537081141431148));
#5173=CARTESIAN_POINT('',(-0.00108157487242591,-0.001,0.00539154729778488));
#5174=CARTESIAN_POINT('',(-0.00109175068529938,-0.001,0.00541405897640694));
#5175=CARTESIAN_POINT('',(-0.00110329850597663,-0.001,0.00543830214825994));
#5176=CARTESIAN_POINT('',(-0.00111629128127773,-0.001,0.00546423013168198));
#5177=CARTESIAN_POINT('',(-0.00113080063369751,-0.001,0.00549179406617883));
#5178=CARTESIAN_POINT('',(-0.00114689679200047,-0.001,0.00552094289868247));
#5179=CARTESIAN_POINT('',(-0.00116464853543661,-0.001,0.00555162343330537));
#5180=CARTESIAN_POINT('',(-0.00118412313529336,-0.001,0.00558378036514851));
#5181=CARTESIAN_POINT('',(-0.0012053862984254,-0.001,0.00561735632058731));
#5182=CARTESIAN_POINT('',(-0.00122850211149334,-0.001,0.00565229189762491));
#5183=CARTESIAN_POINT('',(-0.00125353298627129,-0.001,0.00568852570807012));
#5184=CARTESIAN_POINT('',(-0.00128053960609434,-0.001,0.0057259944209682));
#5185=CARTESIAN_POINT('',(-0.00130958087295182,-0.001,0.00576463280752952));
#5186=CARTESIAN_POINT('',(-0.0013407138573904,-0.001,0.00580437378696147));
#5187=CARTESIAN_POINT('',(-0.00137399374300228,-0.001,0.00584514847521212));
#5188=CARTESIAN_POINT('',(-0.00140947379733687,-0.001,0.0058868862287878));
#5189=CARTESIAN_POINT('',(-0.00144720524690455,-0.001,0.00592951471364327));
#5190=CARTESIAN_POINT('',(-0.00148723752645243,-0.001,0.00597295988374221));
#5191=CARTESIAN_POINT('',(-0.00152961709804934,-0.001,0.00601714631207161));
#5192=CARTESIAN_POINT('',(-0.00157439175886523,-0.001,0.00606199617622544));
#5193=CARTESIAN_POINT('',(-0.00162159393402337,-0.001,0.00610743340239532));
#5194=CARTESIAN_POINT('',(-0.00167130439154479,-0.001,0.00615336807558305));
#5195=CARTESIAN_POINT('',(-0.00171830240842163,-0.001,0.006195210384178));
#5196=CARTESIAN_POINT('',(-0.00174927142455124,-0.001,0.00622159620079476));
#5197=CARTESIAN_POINT('',(-0.00176230324746806,-0.001,0.00623264119486199));
#5198=CARTESIAN_POINT('',(-0.00176230324746806,-0.001,0.00623264119486199));
#5199=CARTESIAN_POINT('',(0.,-0.001,3.9660186590387E-19));
#5200=CARTESIAN_POINT('',(-0.0022377213007266,-0.001,0.00607816850541359));
#5201=CARTESIAN_POINT('',(-0.00200171111414409,-0.001,0.00432140704695959));
#5202=CARTESIAN_POINT('',(-0.00212450544766779,-0.001,0.00458610728675607));
#5203=CARTESIAN_POINT('',(-0.00225623226709098,-0.001,0.00487006274046776));
#5204=CARTESIAN_POINT('',(-0.00225873987239441,-0.001,0.0048765414374677));
#5205=CARTESIAN_POINT('',(-0.00226107354699484,-0.001,0.00488223270073359));
#5206=CARTESIAN_POINT('',(-0.00226363426070501,-0.001,0.00488900651193795));
#5207=CARTESIAN_POINT('',(-0.00226692891758579,-0.001,0.00489818795140107));
#5208=CARTESIAN_POINT('',(-0.00227067625403856,-0.001,0.00490936325543175));
#5209=CARTESIAN_POINT('',(-0.00227485655809097,-0.001,0.00492269476036746));
#5210=CARTESIAN_POINT('',(-0.00227936656001745,-0.001,0.0049381595799971));
#5211=CARTESIAN_POINT('',(-0.00228412784195348,-0.001,0.00495578853407256));
#5212=CARTESIAN_POINT('',(-0.00228905378332019,-0.001,0.0049755930799471));
#5213=CARTESIAN_POINT('',(-0.00229405953619381,-0.001,0.00499758714914636));
#5214=CARTESIAN_POINT('',(-0.00229905916334598,-0.001,0.00502178067246062));
#5215=CARTESIAN_POINT('',(-0.00230396655905409,-0.001,0.00504818144917746));
#5216=CARTESIAN_POINT('',(-0.00230869526930856,-0.001,0.0050767945901041));
#5217=CARTESIAN_POINT('',(-0.00231315863081599,-0.001,0.00510762266491655));
#5218=CARTESIAN_POINT('',(-0.00231726981907193,-0.001,0.00514066565024723));
#5219=CARTESIAN_POINT('',(-0.00232094192273609,-0.001,0.00517592093714791));
#5220=CARTESIAN_POINT('',(-0.0023240880107897,-0.001,0.00521338332408605));
#5221=CARTESIAN_POINT('',(-0.00232662120190027,-0.001,0.00525304501634452));
#5222=CARTESIAN_POINT('',(-0.00232845473325253,-0.001,0.00529489562589232));
#5223=CARTESIAN_POINT('',(-0.00232950202958716,-0.001,0.00533892217335991));
#5224=CARTESIAN_POINT('',(-0.00232967677205356,-0.001,0.00538510909169808));
#5225=CARTESIAN_POINT('',(-0.0023288929674208,-0.001,0.00543343823142813));
#5226=CARTESIAN_POINT('',(-0.00232706501554614,-0.001,0.00548388886827453));
#5227=CARTESIAN_POINT('',(-0.00232410778293583,-0.001,0.00553643770997029));
#5228=CARTESIAN_POINT('',(-0.0023199366520334,-0.001,0.00559105891460846));
#5229=CARTESIAN_POINT('',(-0.00231446766283636,-0.001,0.00564772407290449));
#5230=CARTESIAN_POINT('',(-0.00230761729862606,-0.001,0.00570640233737193));
#5231=CARTESIAN_POINT('',(-0.00229930363591333,-0.001,0.00576705999599429));
#5232=CARTESIAN_POINT('',(-0.00228944226311285,-0.001,0.00582966218359412));
#5233=CARTESIAN_POINT('',(-0.00227796223268618,-0.001,0.00589416641417689));
#5234=CARTESIAN_POINT('',(-0.00226474535122182,-0.001,0.00596054741923262));
#5235=CARTESIAN_POINT('',(-0.00225131744878051,-0.001,0.00602202329917702));
#5236=CARTESIAN_POINT('',(-0.00224177218230962,-0.001,0.00606157300418943));
#5237=CARTESIAN_POINT('',(-0.0022377213007266,-0.001,0.00607816850541359));
#5238=CARTESIAN_POINT('',(-0.00212927715378151,-0.001,0.00459643357139082));
#5239=CARTESIAN_POINT('',(-0.00241296673043036,-0.001,0.00446489299587875));
#5240=CARTESIAN_POINT('',(0.,-0.001,0.));
#5241=CARTESIAN_POINT('',(-2.68529247622607E-8,-0.001,-3.3315021067357E-9));
#5242=CARTESIAN_POINT('',(-0.00288487885344378,-0.001,0.00410461820222075));
#5243=CARTESIAN_POINT('',(-0.00378058418384947,-0.001,0.00329812875614864));
#5244=CARTESIAN_POINT('',(-0.00266022739439503,-0.001,0.00432213698497875));
#5245=CARTESIAN_POINT('',(-0.00291598966274133,-0.001,0.00414222489256802));
#5246=CARTESIAN_POINT('',(-0.00274159272568805,-0.001,0.00389423619936623));
#5247=CARTESIAN_POINT('',(-0.00290943269097778,-0.001,0.00413292933153678));
#5248=CARTESIAN_POINT('',(-0.00308948191772365,-0.001,0.00438898583037282));
#5249=CARTESIAN_POINT('',(-0.00309383883125731,-0.001,0.00439439682876823));
#5250=CARTESIAN_POINT('',(-0.00309760077252497,-0.001,0.00439926348188932));
#5251=CARTESIAN_POINT('',(-0.0031021867082533,-0.001,0.00440486803061632));
#5252=CARTESIAN_POINT('',(-0.00310849073963128,-0.001,0.00441231200690338));
#5253=CARTESIAN_POINT('',(-0.00311629516859049,-0.001,0.00442114494748336));
#5254=CARTESIAN_POINT('',(-0.00312575043850928,-0.001,0.00443143094945614));
#5255=CARTESIAN_POINT('',(-0.00313688836421025,-0.001,0.00444306913551041));
#5256=CARTESIAN_POINT('',(-0.00314977484531374,-0.001,0.00445600700365931));
#5257=CARTESIAN_POINT('',(-0.00316446311446815,-0.001,0.00447017526695771));
#5258=CARTESIAN_POINT('',(-0.00318100766069049,-0.001,0.00448550741071097));
#5259=CARTESIAN_POINT('',(-0.00319946005291161,-0.001,0.00450193397649133));
#5260=CARTESIAN_POINT('',(-0.00321987009837398,-0.001,0.00451938429419939));
#5261=CARTESIAN_POINT('',(-0.00324228545017127,-0.001,0.00453778604787022));
#5262=CARTESIAN_POINT('',(-0.0032667516653549,-0.001,0.00455706546972815));
#5263=CARTESIAN_POINT('',(-0.00329331213594018,-0.001,0.00457714735586288));
#5264=CARTESIAN_POINT('',(-0.0033220080581818,-0.001,0.00459795513437171));
#5265=CARTESIAN_POINT('',(-0.00335287839292983,-0.001,0.00461941092001775));
#5266=CARTESIAN_POINT('',(-0.00338595983042747,-0.001,0.00464143557400138));
#5267=CARTESIAN_POINT('',(-0.00342128675578358,-0.001,0.00466394876350498));
#5268=CARTESIAN_POINT('',(-0.00345889121616413,-0.001,0.00468686902246985));
#5269=CARTESIAN_POINT('',(-0.0034988028895343,-0.001,0.00471011381305396));
#5270=CARTESIAN_POINT('',(-0.00354104905459995,-0.001,0.00473359958819541));
#5271=CARTESIAN_POINT('',(-0.00358565456368337,-0.001,0.00475724185385825));
#5272=CARTESIAN_POINT('',(-0.00363264181183649,-0.001,0.0047809552361407));
#5273=CARTESIAN_POINT('',(-0.00368203072808967,-0.001,0.00480465353313578));
#5274=CARTESIAN_POINT('',(-0.00373383868928202,-0.001,0.00482824982870614));
#5275=CARTESIAN_POINT('',(-0.00378808073906596,-0.001,0.00485165637150856));
#5276=CARTESIAN_POINT('',(-0.00384476864372337,-0.001,0.00487478535771202));
#5277=CARTESIAN_POINT('',(-0.00390391441491755,-0.001,0.00489754625215052));
#5278=CARTESIAN_POINT('',(-0.00396551673246713,-0.001,0.00491985636945619));
#5279=CARTESIAN_POINT('',(-0.00402961280990632,-0.001,0.00494160071687712));
#5280=CARTESIAN_POINT('',(-0.00408956643487882,-0.001,0.00496070975221561));
#5281=CARTESIAN_POINT('',(-0.0041285901173672,-0.001,0.00497221816147213));
#5282=CARTESIAN_POINT('',(-0.00414498768380735,-0.001,0.00497700774572559));
#5283=CARTESIAN_POINT('',(-0.00414498768380735,-0.001,0.00497700774572559));
#5284=CARTESIAN_POINT('',(0.,-0.001,3.9660186590387E-19));
#5285=CARTESIAN_POINT('',(-0.00451647398368986,-0.001,0.00464251997891015));
#5286=CARTESIAN_POINT('',(-0.0035863286914835,-0.001,0.00313363251940017));
#5287=CARTESIAN_POINT('',(-0.0038061701840545,-0.001,0.00332550326609699));
#5288=CARTESIAN_POINT('',(-0.00404200370961402,-0.001,0.0035313313566729));
#5289=CARTESIAN_POINT('',(-0.00404692964451779,-0.001,0.00353623000592538));
#5290=CARTESIAN_POINT('',(-0.00405137640766426,-0.001,0.00354048004265717));
#5291=CARTESIAN_POINT('',(-0.0040564708932726,-0.001,0.00354562669101547));
#5292=CARTESIAN_POINT('',(-0.00406321513996635,-0.001,0.00355267429565186));
#5293=CARTESIAN_POINT('',(-0.00407118390780783,-0.001,0.0035613592648376));
#5294=CARTESIAN_POINT('',(-0.00408042521715118,-0.001,0.00357183791777783));
#5295=CARTESIAN_POINT('',(-0.00409083541774701,-0.001,0.0035841313504599));
#5296=CARTESIAN_POINT('',(-0.00410235540683381,-0.001,0.00359829961354714));
#5297=CARTESIAN_POINT('',(-0.00411491071270063,-0.001,0.00361438840561602));
#5298=CARTESIAN_POINT('',(-0.0041284294893741,-0.001,0.00363244496450819));
#5299=CARTESIAN_POINT('',(-0.00414283726850589,-0.001,0.00365251331627181));
#5300=CARTESIAN_POINT('',(-0.00415805856086028,-0.001,0.00367463560826315));
#5301=CARTESIAN_POINT('',(-0.00417401646552212,-0.001,0.00369885167345058));
#5302=CARTESIAN_POINT('',(-0.00419063285681476,-0.001,0.003725199108487));
#5303=CARTESIAN_POINT('',(-0.00420782840710209,-0.001,0.00375371320673252));
#5304=CARTESIAN_POINT('',(-0.00422552265776913,-0.001,0.00378442693482114));
#5305=CARTESIAN_POINT('',(-0.00424363407772468,-0.001,0.00381737089894718));
#5306=CARTESIAN_POINT('',(-0.00426208012652499,-0.001,0.00385257331610374));
#5307=CARTESIAN_POINT('',(-0.00428077731720145,-0.001,0.00389005998596852));
#5308=CARTESIAN_POINT('',(-0.00429964128013394,-0.001,0.00392985426462776));
#5309=CARTESIAN_POINT('',(-0.00431858682743926,-0.001,0.00397197703991392));
#5310=CARTESIAN_POINT('',(-0.00433752801833387,-0.001,0.00401644670805124));
#5311=CARTESIAN_POINT('',(-0.00435637822387392,-0.001,0.00406327915318665));
#5312=CARTESIAN_POINT('',(-0.00437505019692443,-0.001,0.0041124877236869));
#5313=CARTESIAN_POINT('',(-0.00439345612465057,-0.001,0.00416408322885615));
#5314=CARTESIAN_POINT('',(-0.00441150775067641,-0.001,0.00421807386513111));
#5315=CARTESIAN_POINT('',(-0.00442911623187989,-0.001,0.00427446542124044));
#5316=CARTESIAN_POINT('',(-0.0044461930155172,-0.001,0.00433326042100957));
#5317=CARTESIAN_POINT('',(-0.00446264680682275,-0.001,0.00439446134679887));
#5318=CARTESIAN_POINT('',(-0.00447839551138429,-0.001,0.00445805824268464));
#5319=CARTESIAN_POINT('',(-0.00449332087651869,-0.001,0.0045240760983258));
#5320=CARTESIAN_POINT('',(-0.00450605837027649,-0.001,0.00458569872916612));
#5321=CARTESIAN_POINT('',(-0.0045134246497014,-0.001,0.00462571159217294));
#5322=CARTESIAN_POINT('',(-0.00451647398368986,-0.001,0.00464251997891015));
#5323=CARTESIAN_POINT('',(-0.00381472943284767,-0.001,0.00333299596879296));
#5324=CARTESIAN_POINT('',(-0.00402039038486375,-0.001,0.00309744072745646));
#5325=CARTESIAN_POINT('',(0.,-0.001,0.));
#5326=CARTESIAN_POINT('',(-2.68529247622607E-8,-0.001,-3.3315021067357E-9));
#5327=CARTESIAN_POINT('',(-0.00430497469269232,-0.001,0.00257637263036382));
#5328=CARTESIAN_POINT('',(-0.0047952113662055,-0.001,0.0014752913792566));
#5329=CARTESIAN_POINT('',(-0.00418821014063,-0.001,0.00286645664972191));
#5330=CARTESIAN_POINT('',(-0.00434868375859827,-0.001,0.00259807088847248));
#5331=CARTESIAN_POINT('',(-0.0040884981403328,-0.001,0.00244245556899102));
#5332=CARTESIAN_POINT('',(-0.00433891282153842,-0.001,0.0025922459316));
#5333=CARTESIAN_POINT('',(-0.00460754353555848,-0.001,0.00275293256493653));
#5334=CARTESIAN_POINT('',(-0.00461372462544954,-0.001,0.00275610364155711));
#5335=CARTESIAN_POINT('',(-0.00461914077596002,-0.001,0.00275901943104715));
#5336=CARTESIAN_POINT('',(-0.00462560981204885,-0.001,0.00276227417297534));
#5337=CARTESIAN_POINT('',(-0.00463439656920518,-0.001,0.00276651050313866));
#5338=CARTESIAN_POINT('',(-0.00464511895043034,-0.001,0.00277140544864713));
#5339=CARTESIAN_POINT('',(-0.00465794046322852,-0.001,0.00277695637428052));
#5340=CARTESIAN_POINT('',(-0.00467284914138741,-0.001,0.00278305818377516));
#5341=CARTESIAN_POINT('',(-0.00468988383272394,-0.001,0.00278963611038907));
#5342=CARTESIAN_POINT('',(-0.00470906498614278,-0.001,0.00279660520567955));
#5343=CARTESIAN_POINT('',(-0.00473041532587432,-0.001,0.00280388254276958));
#5344=CARTESIAN_POINT('',(-0.00475395371119333,-0.001,0.00281138369325416));
#5345=CARTESIAN_POINT('',(-0.00477969689916093,-0.001,0.00281902383835438));
#5346=CARTESIAN_POINT('',(-0.0048076590094916,-0.001,0.00282671753188964));
#5347=CARTESIAN_POINT('',(-0.00483785165656525,-0.001,0.00283437885392136));
#5348=CARTESIAN_POINT('',(-0.00487028389277435,-0.001,0.00284192145313627));
#5349=CARTESIAN_POINT('',(-0.00490496220817159,-0.001,0.00284925862159413));
#5350=CARTESIAN_POINT('',(-0.00494189051648479,-0.001,0.00285630336078518));
#5351=CARTESIAN_POINT('',(-0.00498107014726924,-0.001,0.00286296845055216));
#5352=CARTESIAN_POINT('',(-0.00502249983858443,-0.001,0.00286916651753068));
#5353=CARTESIAN_POINT('',(-0.00506617573174197,-0.001,0.00287481010401617));
#5354=CARTESIAN_POINT('',(-0.00511209136774739,-0.001,0.00287981173682202));
#5355=CARTESIAN_POINT('',(-0.005160237685287,-0.001,0.00288408399666008));
#5356=CARTESIAN_POINT('',(-0.00521060302126641,-0.001,0.00288753958603748));
#5357=CARTESIAN_POINT('',(-0.00526317310988936,-0.001,0.00289009140312578));
#5358=CARTESIAN_POINT('',(-0.00531793109575673,-0.001,0.00289165259269752));
#5359=CARTESIAN_POINT('',(-0.00537485750142303,-0.001,0.00289213668511304));
#5360=CARTESIAN_POINT('',(-0.00543393037826185,-0.001,0.00289145739672664));
#5361=CARTESIAN_POINT('',(-0.00549512476227104,-0.001,0.00288952972896933));
#5362=CARTESIAN_POINT('',(-0.00555841480268157,-0.001,0.00288626608826787));
#5363=CARTESIAN_POINT('',(-0.00562376566227878,-0.001,0.00288159147474612));
#5364=CARTESIAN_POINT('',(-0.00569116456555192,-0.001,0.00287538570118998));
#5365=CARTESIAN_POINT('',(-0.00575370727220075,-0.001,0.00286845733746184));
#5366=CARTESIAN_POINT('',(-0.00579403807182663,-0.001,0.00286309843084705));
#5367=CARTESIAN_POINT('',(-0.00581096609358542,-0.001,0.00286080444265732));
#5368=CARTESIAN_POINT('',(-0.00581096609358542,-0.001,0.00286080444265732));
#5369=CARTESIAN_POINT('',(0.,-0.001,3.9660186590387E-19));
#5370=CARTESIAN_POINT('',(-0.0060142872839951,-0.001,0.00240413757208319));
#5371=CARTESIAN_POINT('',(-0.00455083745729207,-0.001,0.00140402446107874));
#5372=CARTESIAN_POINT('',(-0.0048297135176476,-0.001,0.00148988951948101));
#5373=CARTESIAN_POINT('',(-0.00512887599029388,-0.001,0.00158200070017108));
#5374=CARTESIAN_POINT('',(-0.00513536851590242,-0.001,0.00158447228071749));
#5375=CARTESIAN_POINT('',(-0.00514115948184933,-0.001,0.00158654622095388));
#5376=CARTESIAN_POINT('',(-0.0051479068565122,-0.001,0.00158917580420916));
#5377=CARTESIAN_POINT('',(-0.00515693455149603,-0.001,0.0015928709791517));
#5378=CARTESIAN_POINT('',(-0.00516774687837245,-0.001,0.0015975639034198));
#5379=CARTESIAN_POINT('',(-0.00518045128666659,-0.001,0.00160337785007563));
#5380=CARTESIAN_POINT('',(-0.00519496166767505,-0.001,0.00161037424961708));
#5381=CARTESIAN_POINT('',(-0.0052112484531437,-0.001,0.00161863200031368));
#5382=CARTESIAN_POINT('',(-0.00522926219706489,-0.001,0.00162822314026608));
#5383=CARTESIAN_POINT('',(-0.00524895647823713,-0.001,0.00163922004578004));
#5384=CARTESIAN_POINT('',(-0.00527028117344609,-0.001,0.00165169322565782));
#5385=CARTESIAN_POINT('',(-0.00529318446271759,-0.001,0.00166571188766365));
#5386=CARTESIAN_POINT('',(-0.00531761229509775,-0.001,0.00168134369944493));
#5387=CARTESIAN_POINT('',(-0.00534350859116592,-0.001,0.00169865478382858));
#5388=CARTESIAN_POINT('',(-0.00537081523662329,-0.001,0.00171770964835984));
#5389=CARTESIAN_POINT('',(-0.00539947213760567,-0.001,0.00173857113502441));
#5390=CARTESIAN_POINT('',(-0.00542941726041575,-0.001,0.00176130036565445));
#5391=CARTESIAN_POINT('',(-0.00546058667749115,-0.001,0.00178595668997881));
#5392=CARTESIAN_POINT('',(-0.00549291461336519,-0.001,0.00181259763438523));
#5393=CARTESIAN_POINT('',(-0.00552633349233079,-0.001,0.00184127885193628));
#5394=CARTESIAN_POINT('',(-0.00556077398723105,-0.001,0.00187205407365005));
#5395=CARTESIAN_POINT('',(-0.00559616506967203,-0.001,0.00190497506057944));
#5396=CARTESIAN_POINT('',(-0.00563243406084018,-0.001,0.00194009155878054));
#5397=CARTESIAN_POINT('',(-0.00566950668578153,-0.001,0.00197745124919997));
#5398=CARTESIAN_POINT('',(-0.00570730712001978,-0.001,0.00201709972332609));
#5399=CARTESIAN_POINT('',(-0.00574575807113475,-0.001,0.00205908036607849));
#5400=CARTESIAN_POINT('',(-0.00578478073138391,-0.001,0.00210343460147721));
#5401=CARTESIAN_POINT('',(-0.00582429523034265,-0.001,0.00215020075279722));
#5402=CARTESIAN_POINT('',(-0.00586421917575951,-0.001,0.00219941822071407));
#5403=CARTESIAN_POINT('',(-0.00590447352121808,-0.001,0.00225111130084454));
#5404=CARTESIAN_POINT('',(-0.00594496040172682,-0.001,0.00230535092007738));
#5405=CARTESIAN_POINT('',(-0.0059816608632965,-0.001,0.00235646518911729));
#5406=CARTESIAN_POINT('',(-0.0060046649919841,-0.001,0.0023900226225992));
#5407=CARTESIAN_POINT('',(-0.0060142872839951,-0.001,0.00240413757208319));
#5408=CARTESIAN_POINT('',(-0.00484058033724555,-0.001,0.00149325308387299));
#5409=CARTESIAN_POINT('',(-0.00493265201765417,-0.001,0.00119441281789134));
#5410=CARTESIAN_POINT('',(0.,-0.001,0.));
#5411=CARTESIAN_POINT('',(-2.68529247622607E-8,-0.001,-3.3315021067357E-9));
#5412=CARTESIAN_POINT('',(-0.00498070021590244,-0.001,0.000602642378118925));
#5413=CARTESIAN_POINT('',(-0.00498070102564713,-0.001,-0.000602642348805461));
#5414=CARTESIAN_POINT('',(-0.00499201330485541,-0.001,0.000915139918787002));
#5415=CARTESIAN_POINT('',(-0.00502945092604186,-0.001,0.000604686825027003));
#5416=CARTESIAN_POINT('',(-0.00472846508367445,-0.001,0.000568352181725003));
#5417=CARTESIAN_POINT('',(-0.00501815550746955,-0.001,0.000603339660274601));
#5418=CARTESIAN_POINT('',(-0.00532891901787632,-0.001,0.0006408722494155));
#5419=CARTESIAN_POINT('',(-0.00533585551752917,-0.001,0.000641255096305229));
#5420=CARTESIAN_POINT('',(-0.00534198937565502,-0.001,0.000641715855672268));
#5421=CARTESIAN_POINT('',(-0.00534922295699524,-0.001,0.000642058016353861));
#5422=CARTESIAN_POINT('',(-0.00535897312979241,-0.001,0.000642354200422345));
#5423=CARTESIAN_POINT('',(-0.00537075946615992,-0.001,0.000642464770311715));
#5424=CARTESIAN_POINT('',(-0.00538473026579489,-0.001,0.000642320814135128));
#5425=CARTESIAN_POINT('',(-0.00540083185051693,-0.001,0.000641831188775314));
#5426=CARTESIAN_POINT('',(-0.00541906929919911,-0.001,0.00064091179058411));
#5427=CARTESIAN_POINT('',(-0.00543942674120097,-0.001,0.000639476697978703));
#5428=CARTESIAN_POINT('',(-0.00546189120674036,-0.001,0.000637440910710093));
#5429=CARTESIAN_POINT('',(-0.00548644558449609,-0.001,0.000634719628834297));
#5430=CARTESIAN_POINT('',(-0.00551307068389982,-0.001,0.000631228550830328));
#5431=CARTESIAN_POINT('',(-0.00554174464985988,-0.001,0.000626883874722741));
#5432=CARTESIAN_POINT('',(-0.00557244314585293,-0.001,0.000621602384748052));
#5433=CARTESIAN_POINT('',(-0.00560513931940768,-0.001,0.000615301513116517));
#5434=CARTESIAN_POINT('',(-0.00563980383218575,-0.001,0.000607899408440955));
#5435=CARTESIAN_POINT('',(-0.00567640487407361,-0.001,0.000599315001771442));
#5436=CARTESIAN_POINT('',(-0.00571490818404649,-0.001,0.000589468072750628));
#5437=CARTESIAN_POINT('',(-0.00575527707131542,-0.001,0.000578279315115816));
#5438=CARTESIAN_POINT('',(-0.00579747243853999,-0.001,0.000565670401748215));
#5439=CARTESIAN_POINT('',(-0.00584145280658486,-0.001,0.000551564049025257));
#5440=CARTESIAN_POINT('',(-0.00588717434090027,-0.001,0.000535884081021663));
#5441=CARTESIAN_POINT('',(-0.00593459087963011,-0.001,0.000518555491317211));
#5442=CARTESIAN_POINT('',(-0.00598365396281571,-0.001,0.000499504510854268));
#5443=CARTESIAN_POINT('',(-0.00603431286508012,-0.001,0.000478658649142769));
#5444=CARTESIAN_POINT('',(-0.00608651462252052,-0.001,0.000455946834426961));
#5445=CARTESIAN_POINT('',(-0.00614020408934854,-0.001,0.000431299169984885));
#5446=CARTESIAN_POINT('',(-0.0061953238877808,-0.001,0.000404648159534361));
#5447=CARTESIAN_POINT('',(-0.00625181477444873,-0.001,0.000375924296819451));
#5448=CARTESIAN_POINT('',(-0.0063096144187753,-0.001,0.00034507323561574));
#5449=CARTESIAN_POINT('',(-0.00636866226520665,-0.001,0.000311990375708051));
#5450=CARTESIAN_POINT('',(-0.00642297985136958,-0.001,0.000280222589944101));
#5451=CARTESIAN_POINT('',(-0.00645764420648384,-0.001,0.000258922971095833));
#5452=CARTESIAN_POINT('',(-0.0064721756748129,-0.001,0.00024994206186113));
#5453=CARTESIAN_POINT('',(-0.0064721756748129,-0.001,0.00024994206186113));
#5454=CARTESIAN_POINT('',(0.,-0.001,3.9660186590387E-19));
#5455=CARTESIAN_POINT('',(-0.0064721756748129,-0.001,-0.000249942061861132));
#5456=CARTESIAN_POINT('',(-0.00472846508367445,-0.001,-0.000568352181725004));
#5457=CARTESIAN_POINT('',(-0.00501815550746955,-0.001,-0.000603339660274602));
#5458=CARTESIAN_POINT('',(-0.00532891901787632,-0.001,-0.000640872249415501));
#5459=CARTESIAN_POINT('',(-0.00533585551752916,-0.001,-0.00064125509630523));
#5460=CARTESIAN_POINT('',(-0.00534198937565502,-0.001,-0.000641715855672269));
#5461=CARTESIAN_POINT('',(-0.00534922295699524,-0.001,-0.000642058016353862));
#5462=CARTESIAN_POINT('',(-0.00535897312979241,-0.001,-0.000642354200422346));
#5463=CARTESIAN_POINT('',(-0.00537075946615992,-0.001,-0.000642464770311716));
#5464=CARTESIAN_POINT('',(-0.00538473026579489,-0.001,-0.000642320814135129));
#5465=CARTESIAN_POINT('',(-0.00540083185051693,-0.001,-0.000641831188775315));
#5466=CARTESIAN_POINT('',(-0.00541906929919911,-0.001,-0.000640911790584111));
#5467=CARTESIAN_POINT('',(-0.00543942674120097,-0.001,-0.000639476697978705));
#5468=CARTESIAN_POINT('',(-0.00546189120674036,-0.001,-0.000637440910710094));
#5469=CARTESIAN_POINT('',(-0.00548644558449609,-0.001,-0.000634719628834298));
#5470=CARTESIAN_POINT('',(-0.00551307068389982,-0.001,-0.00063122855083033));
#5471=CARTESIAN_POINT('',(-0.00554174464985988,-0.001,-0.000626883874722742));
#5472=CARTESIAN_POINT('',(-0.00557244314585292,-0.001,-0.000621602384748053));
#5473=CARTESIAN_POINT('',(-0.00560513931940767,-0.001,-0.000615301513116518));
#5474=CARTESIAN_POINT('',(-0.00563980383218575,-0.001,-0.000607899408440957));
#5475=CARTESIAN_POINT('',(-0.00567640487407361,-0.001,-0.000599315001771443));
#5476=CARTESIAN_POINT('',(-0.00571490818404649,-0.001,-0.000589468072750629));
#5477=CARTESIAN_POINT('',(-0.00575527707131542,-0.001,-0.000578279315115817));
#5478=CARTESIAN_POINT('',(-0.00579747243853999,-0.001,-0.000565670401748216));
#5479=CARTESIAN_POINT('',(-0.00584145280658486,-0.001,-0.000551564049025259));
#5480=CARTESIAN_POINT('',(-0.00588717434090027,-0.001,-0.000535884081021664));
#5481=CARTESIAN_POINT('',(-0.00593459087963011,-0.001,-0.000518555491317212));
#5482=CARTESIAN_POINT('',(-0.00598365396281571,-0.001,-0.00049950451085427));
#5483=CARTESIAN_POINT('',(-0.00603431286508012,-0.001,-0.00047865864914277));
#5484=CARTESIAN_POINT('',(-0.00608651462252052,-0.001,-0.000455946834426962));
#5485=CARTESIAN_POINT('',(-0.00614020408934853,-0.001,-0.000431299169984887));
#5486=CARTESIAN_POINT('',(-0.0061953238877808,-0.001,-0.000404648159534363));
#5487=CARTESIAN_POINT('',(-0.00625181477444873,-0.001,-0.000375924296819453));
#5488=CARTESIAN_POINT('',(-0.0063096144187753,-0.001,-0.000345073235615742));
#5489=CARTESIAN_POINT('',(-0.00636866226520665,-0.001,-0.000311990375708052));
#5490=CARTESIAN_POINT('',(-0.00642297985136958,-0.001,-0.000280222589944102));
#5491=CARTESIAN_POINT('',(-0.00645764420648384,-0.001,-0.000258922971095834));
#5492=CARTESIAN_POINT('',(-0.0064721756748129,-0.001,-0.000249942061861132));
#5493=CARTESIAN_POINT('',(-0.00502945092604185,-0.001,-0.000604686825027003));
#5494=CARTESIAN_POINT('',(-0.00499201330485541,-0.001,-0.000915139918787002));
#5495=CARTESIAN_POINT('',(0.,-0.001,0.));
#5496=CARTESIAN_POINT('',(-2.68529247622607E-8,-0.001,-3.3315021067357E-9));
#5497=CARTESIAN_POINT('',(-0.00479521314792403,-0.001,-0.00147529225108742));
#5498=CARTESIAN_POINT('',(-0.00430497790616347,-0.001,-0.00257637392387017));
#5499=CARTESIAN_POINT('',(-0.00493265201765418,-0.001,-0.00119441281789134));
#5500=CARTESIAN_POINT('',(-0.00484058033724556,-0.001,-0.001493253083873));
#5501=CARTESIAN_POINT('',(-0.00455083745729207,-0.001,-0.00140402446107874));
#5502=CARTESIAN_POINT('',(-0.00482971351764759,-0.001,-0.00148988951948101));
#5503=CARTESIAN_POINT('',(-0.00512887599029388,-0.001,-0.00158200070017108));
#5504=CARTESIAN_POINT('',(-0.00513536851590242,-0.001,-0.00158447228071749));
#5505=CARTESIAN_POINT('',(-0.00514115948184933,-0.001,-0.00158654622095388));
#5506=CARTESIAN_POINT('',(-0.0051479068565122,-0.001,-0.00158917580420916));
#5507=CARTESIAN_POINT('',(-0.00515693455149603,-0.001,-0.0015928709791517));
#5508=CARTESIAN_POINT('',(-0.00516774687837245,-0.001,-0.0015975639034198));
#5509=CARTESIAN_POINT('',(-0.00518045128666659,-0.001,-0.00160337785007564));
#5510=CARTESIAN_POINT('',(-0.00519496166767505,-0.001,-0.00161037424961708));
#5511=CARTESIAN_POINT('',(-0.0052112484531437,-0.001,-0.00161863200031368));
#5512=CARTESIAN_POINT('',(-0.00522926219706489,-0.001,-0.00162822314026608));
#5513=CARTESIAN_POINT('',(-0.00524895647823713,-0.001,-0.00163922004578004));
#5514=CARTESIAN_POINT('',(-0.00527028117344609,-0.001,-0.00165169322565782));
#5515=CARTESIAN_POINT('',(-0.00529318446271759,-0.001,-0.00166571188766365));
#5516=CARTESIAN_POINT('',(-0.00531761229509775,-0.001,-0.00168134369944493));
#5517=CARTESIAN_POINT('',(-0.00534350859116592,-0.001,-0.00169865478382858));
#5518=CARTESIAN_POINT('',(-0.00537081523662329,-0.001,-0.00171770964835984));
#5519=CARTESIAN_POINT('',(-0.00539947213760567,-0.001,-0.00173857113502441));
#5520=CARTESIAN_POINT('',(-0.00542941726041575,-0.001,-0.00176130036565445));
#5521=CARTESIAN_POINT('',(-0.00546058667749115,-0.001,-0.00178595668997881));
#5522=CARTESIAN_POINT('',(-0.00549291461336519,-0.001,-0.00181259763438523));
#5523=CARTESIAN_POINT('',(-0.00552633349233079,-0.001,-0.00184127885193628));
#5524=CARTESIAN_POINT('',(-0.00556077398723105,-0.001,-0.00187205407365005));
#5525=CARTESIAN_POINT('',(-0.00559616506967203,-0.001,-0.00190497506057944));
#5526=CARTESIAN_POINT('',(-0.00563243406084017,-0.001,-0.00194009155878054));
#5527=CARTESIAN_POINT('',(-0.00566950668578153,-0.001,-0.00197745124919997));
#5528=CARTESIAN_POINT('',(-0.00570730712001978,-0.001,-0.00201709972332609));
#5529=CARTESIAN_POINT('',(-0.00574575807113475,-0.001,-0.0020590803660785));
#5530=CARTESIAN_POINT('',(-0.00578478073138391,-0.001,-0.00210343460147721));
#5531=CARTESIAN_POINT('',(-0.00582429523034265,-0.001,-0.00215020075279723));
#5532=CARTESIAN_POINT('',(-0.00586421917575951,-0.001,-0.00219941822071407));
#5533=CARTESIAN_POINT('',(-0.00590447352121808,-0.001,-0.00225111130084454));
#5534=CARTESIAN_POINT('',(-0.00594496040172682,-0.001,-0.00230535092007738));
#5535=CARTESIAN_POINT('',(-0.0059816608632965,-0.001,-0.00235646518911729));
#5536=CARTESIAN_POINT('',(-0.0060046649919841,-0.001,-0.0023900226225992));
#5537=CARTESIAN_POINT('',(-0.0060142872839951,-0.001,-0.00240413757208319));
#5538=CARTESIAN_POINT('',(-0.0060142872839951,-0.001,-0.00240413757208319));
#5539=CARTESIAN_POINT('',(0.,-0.001,3.9660186590387E-19));
#5540=CARTESIAN_POINT('',(-0.00581096609358542,-0.001,-0.00286080444265731));
#5541=CARTESIAN_POINT('',(-0.0040884981403328,-0.001,-0.00244245556899101));
#5542=CARTESIAN_POINT('',(-0.00433891282153842,-0.001,-0.0025922459316));
#5543=CARTESIAN_POINT('',(-0.00460754353555849,-0.001,-0.00275293256493653));
#5544=CARTESIAN_POINT('',(-0.00461372462544954,-0.001,-0.00275610364155711));
#5545=CARTESIAN_POINT('',(-0.00461914077596002,-0.001,-0.00275901943104715));
#5546=CARTESIAN_POINT('',(-0.00462560981204885,-0.001,-0.00276227417297534));
#5547=CARTESIAN_POINT('',(-0.00463439656920518,-0.001,-0.00276651050313866));
#5548=CARTESIAN_POINT('',(-0.00464511895043034,-0.001,-0.00277140544864713));
#5549=CARTESIAN_POINT('',(-0.00465794046322852,-0.001,-0.00277695637428052));
#5550=CARTESIAN_POINT('',(-0.00467284914138741,-0.001,-0.00278305818377516));
#5551=CARTESIAN_POINT('',(-0.00468988383272394,-0.001,-0.00278963611038907));
#5552=CARTESIAN_POINT('',(-0.00470906498614278,-0.001,-0.00279660520567955));
#5553=CARTESIAN_POINT('',(-0.00473041532587432,-0.001,-0.00280388254276958));
#5554=CARTESIAN_POINT('',(-0.00475395371119333,-0.001,-0.00281138369325416));
#5555=CARTESIAN_POINT('',(-0.00477969689916093,-0.001,-0.00281902383835438));
#5556=CARTESIAN_POINT('',(-0.0048076590094916,-0.001,-0.00282671753188964));
#5557=CARTESIAN_POINT('',(-0.00483785165656525,-0.001,-0.00283437885392136));
#5558=CARTESIAN_POINT('',(-0.00487028389277435,-0.001,-0.00284192145313626));
#5559=CARTESIAN_POINT('',(-0.00490496220817159,-0.001,-0.00284925862159413));
#5560=CARTESIAN_POINT('',(-0.00494189051648479,-0.001,-0.00285630336078518));
#5561=CARTESIAN_POINT('',(-0.00498107014726924,-0.001,-0.00286296845055216));
#5562=CARTESIAN_POINT('',(-0.00502249983858443,-0.001,-0.00286916651753068));
#5563=CARTESIAN_POINT('',(-0.00506617573174198,-0.001,-0.00287481010401617));
#5564=CARTESIAN_POINT('',(-0.00511209136774739,-0.001,-0.00287981173682202));
#5565=CARTESIAN_POINT('',(-0.00516023768528701,-0.001,-0.00288408399666008));
#5566=CARTESIAN_POINT('',(-0.00521060302126641,-0.001,-0.00288753958603748));
#5567=CARTESIAN_POINT('',(-0.00526317310988936,-0.001,-0.00289009140312578));
#5568=CARTESIAN_POINT('',(-0.00531793109575673,-0.001,-0.00289165259269752));
#5569=CARTESIAN_POINT('',(-0.00537485750142304,-0.001,-0.00289213668511304));
#5570=CARTESIAN_POINT('',(-0.00543393037826185,-0.001,-0.00289145739672664));
#5571=CARTESIAN_POINT('',(-0.00549512476227104,-0.001,-0.00288952972896933));
#5572=CARTESIAN_POINT('',(-0.00555841480268157,-0.001,-0.00288626608826786));
#5573=CARTESIAN_POINT('',(-0.00562376566227878,-0.001,-0.00288159147474612));
#5574=CARTESIAN_POINT('',(-0.00569116456555192,-0.001,-0.00287538570118997));
#5575=CARTESIAN_POINT('',(-0.00575370727220076,-0.001,-0.00286845733746184));
#5576=CARTESIAN_POINT('',(-0.00579403807182664,-0.001,-0.00286309843084705));
#5577=CARTESIAN_POINT('',(-0.00581096609358542,-0.001,-0.00286080444265731));
#5578=CARTESIAN_POINT('',(-0.00434868375859826,-0.001,-0.00259807088847248));
#5579=CARTESIAN_POINT('',(-0.00418821014063,-0.001,-0.00286645664972191));
#5580=CARTESIAN_POINT('',(0.,-0.001,0.));
#5581=CARTESIAN_POINT('',(-2.68529247622607E-8,-0.001,-3.3315021067357E-9));
#5582=CARTESIAN_POINT('',(-0.00378058702985644,-0.001,-0.00329813215685116));
#5583=CARTESIAN_POINT('',(-0.00288488269237545,-0.001,-0.00410462216710515));
#5584=CARTESIAN_POINT('',(-0.00402039038486376,-0.001,-0.00309744072745646));
#5585=CARTESIAN_POINT('',(-0.00381472943284768,-0.001,-0.00333299596879297));
#5586=CARTESIAN_POINT('',(-0.0035863286914835,-0.001,-0.00313363251940017));
#5587=CARTESIAN_POINT('',(-0.0038061701840545,-0.001,-0.00332550326609699));
#5588=CARTESIAN_POINT('',(-0.00404200370961402,-0.001,-0.0035313313566729));
#5589=CARTESIAN_POINT('',(-0.00404692964451779,-0.001,-0.00353623000592538));
#5590=CARTESIAN_POINT('',(-0.00405137640766426,-0.001,-0.00354048004265717));
#5591=CARTESIAN_POINT('',(-0.00405647089327261,-0.001,-0.00354562669101547));
#5592=CARTESIAN_POINT('',(-0.00406321513996635,-0.001,-0.00355267429565186));
#5593=CARTESIAN_POINT('',(-0.00407118390780784,-0.001,-0.0035613592648376));
#5594=CARTESIAN_POINT('',(-0.00408042521715118,-0.001,-0.00357183791777783));
#5595=CARTESIAN_POINT('',(-0.00409083541774701,-0.001,-0.0035841313504599));
#5596=CARTESIAN_POINT('',(-0.00410235540683381,-0.001,-0.00359829961354714));
#5597=CARTESIAN_POINT('',(-0.00411491071270063,-0.001,-0.00361438840561601));
#5598=CARTESIAN_POINT('',(-0.0041284294893741,-0.001,-0.00363244496450819));
#5599=CARTESIAN_POINT('',(-0.00414283726850589,-0.001,-0.00365251331627181));
#5600=CARTESIAN_POINT('',(-0.00415805856086028,-0.001,-0.00367463560826315));
#5601=CARTESIAN_POINT('',(-0.00417401646552212,-0.001,-0.00369885167345058));
#5602=CARTESIAN_POINT('',(-0.00419063285681476,-0.001,-0.00372519910848699));
#5603=CARTESIAN_POINT('',(-0.00420782840710209,-0.001,-0.00375371320673252));
#5604=CARTESIAN_POINT('',(-0.00422552265776913,-0.001,-0.00378442693482113));
#5605=CARTESIAN_POINT('',(-0.00424363407772468,-0.001,-0.00381737089894718));
#5606=CARTESIAN_POINT('',(-0.00426208012652499,-0.001,-0.00385257331610374));
#5607=CARTESIAN_POINT('',(-0.00428077731720145,-0.001,-0.00389005998596851));
#5608=CARTESIAN_POINT('',(-0.00429964128013394,-0.001,-0.00392985426462776));
#5609=CARTESIAN_POINT('',(-0.00431858682743926,-0.001,-0.00397197703991392));
#5610=CARTESIAN_POINT('',(-0.00433752801833387,-0.001,-0.00401644670805124));
#5611=CARTESIAN_POINT('',(-0.00435637822387392,-0.001,-0.00406327915318665));
#5612=CARTESIAN_POINT('',(-0.00437505019692443,-0.001,-0.0041124877236869));
#5613=CARTESIAN_POINT('',(-0.00439345612465057,-0.001,-0.00416408322885615));
#5614=CARTESIAN_POINT('',(-0.00441150775067641,-0.001,-0.00421807386513111));
#5615=CARTESIAN_POINT('',(-0.00442911623187989,-0.001,-0.00427446542124044));
#5616=CARTESIAN_POINT('',(-0.0044461930155172,-0.001,-0.00433326042100957));
#5617=CARTESIAN_POINT('',(-0.00446264680682276,-0.001,-0.00439446134679887));
#5618=CARTESIAN_POINT('',(-0.00447839551138429,-0.001,-0.00445805824268464));
#5619=CARTESIAN_POINT('',(-0.00449332087651869,-0.001,-0.0045240760983258));
#5620=CARTESIAN_POINT('',(-0.00450605837027649,-0.001,-0.00458569872916612));
#5621=CARTESIAN_POINT('',(-0.0045134246497014,-0.001,-0.00462571159217294));
#5622=CARTESIAN_POINT('',(-0.00451647398368986,-0.001,-0.00464251997891015));
#5623=CARTESIAN_POINT('',(-0.00451647398368986,-0.001,-0.00464251997891015));
#5624=CARTESIAN_POINT('',(0.,-0.001,3.9660186590387E-19));
#5625=CARTESIAN_POINT('',(-0.00414498768380736,-0.001,-0.00497700774572559));
#5626=CARTESIAN_POINT('',(-0.00274159272568805,-0.001,-0.00389423619936623));
#5627=CARTESIAN_POINT('',(-0.00290943269097779,-0.001,-0.00413292933153678));
#5628=CARTESIAN_POINT('',(-0.00308948191772365,-0.001,-0.00438898583037282));
#5629=CARTESIAN_POINT('',(-0.00309383883125731,-0.001,-0.00439439682876823));
#5630=CARTESIAN_POINT('',(-0.00309760077252498,-0.001,-0.00439926348188932));
#5631=CARTESIAN_POINT('',(-0.0031021867082533,-0.001,-0.00440486803061632));
#5632=CARTESIAN_POINT('',(-0.00310849073963129,-0.001,-0.00441231200690338));
#5633=CARTESIAN_POINT('',(-0.0031162951685905,-0.001,-0.00442114494748335));
#5634=CARTESIAN_POINT('',(-0.00312575043850928,-0.001,-0.00443143094945614));
#5635=CARTESIAN_POINT('',(-0.00313688836421025,-0.001,-0.00444306913551041));
#5636=CARTESIAN_POINT('',(-0.00314977484531374,-0.001,-0.00445600700365931));
#5637=CARTESIAN_POINT('',(-0.00316446311446815,-0.001,-0.00447017526695771));
#5638=CARTESIAN_POINT('',(-0.00318100766069049,-0.001,-0.00448550741071096));
#5639=CARTESIAN_POINT('',(-0.00319946005291161,-0.001,-0.00450193397649133));
#5640=CARTESIAN_POINT('',(-0.00321987009837398,-0.001,-0.00451938429419939));
#5641=CARTESIAN_POINT('',(-0.00324228545017127,-0.001,-0.00453778604787022));
#5642=CARTESIAN_POINT('',(-0.00326675166535491,-0.001,-0.00455706546972815));
#5643=CARTESIAN_POINT('',(-0.00329331213594018,-0.001,-0.00457714735586287));
#5644=CARTESIAN_POINT('',(-0.0033220080581818,-0.001,-0.00459795513437171));
#5645=CARTESIAN_POINT('',(-0.00335287839292984,-0.001,-0.00461941092001775));
#5646=CARTESIAN_POINT('',(-0.00338595983042747,-0.001,-0.00464143557400137));
#5647=CARTESIAN_POINT('',(-0.00342128675578359,-0.001,-0.00466394876350497));
#5648=CARTESIAN_POINT('',(-0.00345889121616413,-0.001,-0.00468686902246985));
#5649=CARTESIAN_POINT('',(-0.0034988028895343,-0.001,-0.00471011381305396));
#5650=CARTESIAN_POINT('',(-0.00354104905459995,-0.001,-0.00473359958819541));
#5651=CARTESIAN_POINT('',(-0.00358565456368337,-0.001,-0.00475724185385825));
#5652=CARTESIAN_POINT('',(-0.0036326418118365,-0.001,-0.0047809552361407));
#5653=CARTESIAN_POINT('',(-0.00368203072808968,-0.001,-0.00480465353313577));
#5654=CARTESIAN_POINT('',(-0.00373383868928202,-0.001,-0.00482824982870614));
#5655=CARTESIAN_POINT('',(-0.00378808073906597,-0.001,-0.00485165637150856));
#5656=CARTESIAN_POINT('',(-0.00384476864372338,-0.001,-0.00487478535771201));
#5657=CARTESIAN_POINT('',(-0.00390391441491755,-0.001,-0.00489754625215052));
#5658=CARTESIAN_POINT('',(-0.00396551673246713,-0.001,-0.00491985636945619));
#5659=CARTESIAN_POINT('',(-0.00402961280990632,-0.001,-0.00494160071687711));
#5660=CARTESIAN_POINT('',(-0.00408956643487882,-0.001,-0.00496070975221561));
#5661=CARTESIAN_POINT('',(-0.0041285901173672,-0.001,-0.00497221816147213));
#5662=CARTESIAN_POINT('',(-0.00414498768380736,-0.001,-0.00497700774572559));
#5663=CARTESIAN_POINT('',(-0.00291598966274133,-0.001,-0.00414222489256802));
#5664=CARTESIAN_POINT('',(-0.00266022739439503,-0.001,-0.00432213698497875));
#5665=CARTESIAN_POINT('',(0.,-0.001,0.));
#5666=CARTESIAN_POINT('',(-2.68529247622607E-8,-0.001,-3.3315021067357E-9));
#5667=CARTESIAN_POINT('',(-0.00211226465704332,-0.001,-0.00455068904454058));
#5668=CARTESIAN_POINT('',(-0.000965967857739702,-0.001,-0.00492313718863184));
#5669=CARTESIAN_POINT('',(-0.00241296673043036,-0.001,-0.00446489299587875));
#5670=CARTESIAN_POINT('',(-0.00212927715378151,-0.001,-0.00459643357139083));
#5671=CARTESIAN_POINT('',(-0.00200171111414409,-0.001,-0.00432140704695959));
#5672=CARTESIAN_POINT('',(-0.00212450544766779,-0.001,-0.00458610728675607));
#5673=CARTESIAN_POINT('',(-0.00225623226709099,-0.001,-0.00487006274046775));
#5674=CARTESIAN_POINT('',(-0.00225873987239441,-0.001,-0.0048765414374677));
#5675=CARTESIAN_POINT('',(-0.00226107354699485,-0.001,-0.00488223270073359));
#5676=CARTESIAN_POINT('',(-0.00226363426070502,-0.001,-0.00488900651193794));
#5677=CARTESIAN_POINT('',(-0.00226692891758579,-0.001,-0.00489818795140106));
#5678=CARTESIAN_POINT('',(-0.00227067625403857,-0.001,-0.00490936325543175));
#5679=CARTESIAN_POINT('',(-0.00227485655809097,-0.001,-0.00492269476036746));
#5680=CARTESIAN_POINT('',(-0.00227936656001746,-0.001,-0.00493815957999709));
#5681=CARTESIAN_POINT('',(-0.00228412784195348,-0.001,-0.00495578853407256));
#5682=CARTESIAN_POINT('',(-0.00228905378332019,-0.001,-0.00497559307994709));
#5683=CARTESIAN_POINT('',(-0.00229405953619381,-0.001,-0.00499758714914636));
#5684=CARTESIAN_POINT('',(-0.00229905916334598,-0.001,-0.00502178067246062));
#5685=CARTESIAN_POINT('',(-0.00230396655905409,-0.001,-0.00504818144917745));
#5686=CARTESIAN_POINT('',(-0.00230869526930857,-0.001,-0.0050767945901041));
#5687=CARTESIAN_POINT('',(-0.00231315863081599,-0.001,-0.00510762266491655));
#5688=CARTESIAN_POINT('',(-0.00231726981907194,-0.001,-0.00514066565024723));
#5689=CARTESIAN_POINT('',(-0.0023209419227361,-0.001,-0.00517592093714791));
#5690=CARTESIAN_POINT('',(-0.00232408801078971,-0.001,-0.00521338332408605));
#5691=CARTESIAN_POINT('',(-0.00232662120190027,-0.001,-0.00525304501634452));
#5692=CARTESIAN_POINT('',(-0.00232845473325254,-0.001,-0.00529489562589232));
#5693=CARTESIAN_POINT('',(-0.00232950202958716,-0.001,-0.00533892217335991));
#5694=CARTESIAN_POINT('',(-0.00232967677205357,-0.001,-0.00538510909169808));
#5695=CARTESIAN_POINT('',(-0.00232889296742081,-0.001,-0.00543343823142813));
#5696=CARTESIAN_POINT('',(-0.00232706501554614,-0.001,-0.00548388886827453));
#5697=CARTESIAN_POINT('',(-0.00232410778293584,-0.001,-0.00553643770997029));
#5698=CARTESIAN_POINT('',(-0.00231993665203341,-0.001,-0.00559105891460845));
#5699=CARTESIAN_POINT('',(-0.00231446766283637,-0.001,-0.00564772407290449));
#5700=CARTESIAN_POINT('',(-0.00230761729862606,-0.001,-0.00570640233737193));
#5701=CARTESIAN_POINT('',(-0.00229930363591333,-0.001,-0.00576705999599429));
#5702=CARTESIAN_POINT('',(-0.00228944226311285,-0.001,-0.00582966218359412));
#5703=CARTESIAN_POINT('',(-0.00227796223268618,-0.001,-0.00589416641417689));
#5704=CARTESIAN_POINT('',(-0.00226474535122182,-0.001,-0.00596054741923262));
#5705=CARTESIAN_POINT('',(-0.00225131744878052,-0.001,-0.00602202329917702));
#5706=CARTESIAN_POINT('',(-0.00224177218230963,-0.001,-0.00606157300418943));
#5707=CARTESIAN_POINT('',(-0.00223772130072661,-0.001,-0.00607816850541359));
#5708=CARTESIAN_POINT('',(-0.00223772130072661,-0.001,-0.00607816850541359));
#5709=CARTESIAN_POINT('',(0.,-0.001,3.9660186590387E-19));
#5710=CARTESIAN_POINT('',(-0.00176230324746806,-0.001,-0.006232641194862));
#5711=CARTESIAN_POINT('',(-0.000920641022183831,-0.001,-0.0046726680128458));
#5712=CARTESIAN_POINT('',(-0.000976885216780866,-0.001,-0.00495899170356659));
#5713=CARTESIAN_POINT('',(-0.00103722080925229,-0.001,-0.00526614357305313));
#5714=CARTESIAN_POINT('',(-0.00103900019649728,-0.001,-0.00527285888244342));
#5715=CARTESIAN_POINT('',(-0.00104045745470078,-0.001,-0.00527883491065878));
#5716=CARTESIAN_POINT('',(-0.00104236734011926,-0.001,-0.00528582018879397));
#5717=CARTESIAN_POINT('',(-0.00104509862142332,-0.001,-0.00529518468007834));
#5718=CARTESIAN_POINT('',(-0.00104863564144851,-0.001,-0.00530642832005879));
#5719=CARTESIAN_POINT('',(-0.00105308976642053,-0.001,-0.00531967085518447));
#5720=CARTESIAN_POINT('',(-0.001058531091125,-0.001,-0.00533483306969999));
#5721=CARTESIAN_POINT('',(-0.00106504117234265,-0.001,-0.00535189380444409));
#5722=CARTESIAN_POINT('',(-0.00107269682205708,-0.001,-0.00537081141431149));
#5723=CARTESIAN_POINT('',(-0.00108157487242591,-0.001,-0.00539154729778488));
#5724=CARTESIAN_POINT('',(-0.00109175068529938,-0.001,-0.00541405897640694));
#5725=CARTESIAN_POINT('',(-0.00110329850597663,-0.001,-0.00543830214825994));
#5726=CARTESIAN_POINT('',(-0.00111629128127773,-0.001,-0.00546423013168198));
#5727=CARTESIAN_POINT('',(-0.0011308006336975,-0.001,-0.00549179406617883));
#5728=CARTESIAN_POINT('',(-0.00114689679200047,-0.001,-0.00552094289868248));
#5729=CARTESIAN_POINT('',(-0.00116464853543661,-0.001,-0.00555162343330537));
#5730=CARTESIAN_POINT('',(-0.00118412313529336,-0.001,-0.00558378036514851));
#5731=CARTESIAN_POINT('',(-0.0012053862984254,-0.001,-0.00561735632058731));
#5732=CARTESIAN_POINT('',(-0.00122850211149334,-0.001,-0.00565229189762491));
#5733=CARTESIAN_POINT('',(-0.00125353298627129,-0.001,-0.00568852570807012));
#5734=CARTESIAN_POINT('',(-0.00128053960609434,-0.001,-0.0057259944209682));
#5735=CARTESIAN_POINT('',(-0.00130958087295182,-0.001,-0.00576463280752952));
#5736=CARTESIAN_POINT('',(-0.0013407138573904,-0.001,-0.00580437378696147));
#5737=CARTESIAN_POINT('',(-0.00137399374300228,-0.001,-0.00584514847521212));
#5738=CARTESIAN_POINT('',(-0.00140947379733687,-0.001,-0.0058868862287878));
#5739=CARTESIAN_POINT('',(-0.00144720524690455,-0.001,-0.00592951471364327));
#5740=CARTESIAN_POINT('',(-0.00148723752645243,-0.001,-0.00597295988374221));
#5741=CARTESIAN_POINT('',(-0.00152961709804934,-0.001,-0.00601714631207161));
#5742=CARTESIAN_POINT('',(-0.00157439175886523,-0.001,-0.00606199617622544));
#5743=CARTESIAN_POINT('',(-0.00162159393402337,-0.001,-0.00610743340239532));
#5744=CARTESIAN_POINT('',(-0.00167130439154478,-0.001,-0.00615336807558305));
#5745=CARTESIAN_POINT('',(-0.00171830240842163,-0.001,-0.006195210384178));
#5746=CARTESIAN_POINT('',(-0.00174927142455124,-0.001,-0.00622159620079476));
#5747=CARTESIAN_POINT('',(-0.00176230324746806,-0.001,-0.006232641194862));
#5748=CARTESIAN_POINT('',(-0.000979094463261991,-0.001,-0.00497015058180677));
#5749=CARTESIAN_POINT('',(-0.000672267164261971,-0.001,-0.00503048057015094));
#5750=CARTESIAN_POINT('',(0.,-0.001,0.));
#5751=CARTESIAN_POINT('',(-2.68529247622607E-8,-0.001,-3.3315021067357E-9));
#5752=CARTESIAN_POINT('',(-7.87193012895209E-5,-0.001,-0.0050163861417121));
#5753=CARTESIAN_POINT('',(0.0011199639701509,-0.001,-0.00489039284116556));
#5754=CARTESIAN_POINT('',(-0.000388319207191,-0.001,-0.00506032470303413));
#5755=CARTESIAN_POINT('',(-7.56535109508456E-5,-0.001,-0.00506510605220713));
#5756=CARTESIAN_POINT('',(-7.09795001945961E-5,-0.001,-0.00476197103734915));
#5757=CARTESIAN_POINT('',(-7.54944188532415E-5,-0.001,-0.00505373169405829));
#5758=CARTESIAN_POINT('',(-8.03377683612465E-5,-0.001,-0.00536671603330468));
#5759=CARTESIAN_POINT('',(-7.99934563264872E-5,-0.001,-0.0053736545524837));
#5760=CARTESIAN_POINT('',(-7.98105288417065E-5,-0.001,-0.00537980297116152));
#5761=CARTESIAN_POINT('',(-7.9394699989869E-5,-0.001,-0.00538703269171654));
#5762=CARTESIAN_POINT('',(-7.86700909519547E-5,-0.001,-0.00539676041171246));
#5763=CARTESIAN_POINT('',(-7.75480474998495E-5,-0.001,-0.00540849373899675));
#5764=CARTESIAN_POINT('',(-7.59445337137959E-5,-0.001,-0.00542237295761161));
#5765=CARTESIAN_POINT('',(-7.37745166657647E-5,-0.001,-0.00543833515638138));
#5766=CARTESIAN_POINT('',(-7.09538225493794E-5,-0.001,-0.0054563765951314));
#5767=CARTESIAN_POINT('',(-6.73986594029074E-5,-0.001,-0.00547647250891124));
#5768=CARTESIAN_POINT('',(-6.3025848329E-5,-0.001,-0.00549860111404319));
#5769=CARTESIAN_POINT('',(-5.77528425467526E-5,-0.001,-0.00552273652893581));
#5770=CARTESIAN_POINT('',(-5.14978083083472E-5,-0.001,-0.00554885085624027));
#5771=CARTESIAN_POINT('',(-4.41796871934738E-5,-0.001,-0.00557691360089767));
#5772=CARTESIAN_POINT('',(-3.57182631626959E-5,-0.001,-0.00560689186128682));
#5773=CARTESIAN_POINT('',(-2.60342275888192E-5,-0.001,-0.00563875030135289));
#5774=CARTESIAN_POINT('',(-1.50492441665508E-5,-0.001,-0.00567245118767627));
#5775=CARTESIAN_POINT('',(-2.68601311244105E-6,-0.001,-0.00570795441038981));
#5776=CARTESIAN_POINT('',(1.11316652230788E-5,-0.001,-0.00574521751084354));
#5777=CARTESIAN_POINT('',(2.64788274229142E-5,-0.001,-0.0057841957094827));
#5778=CARTESIAN_POINT('',(4.34292847367942E-5,-0.001,-0.00582484193573286));
#5779=CARTESIAN_POINT('',(6.20555616692389E-5,-0.001,-0.00586710685934739));
#5780=CARTESIAN_POINT('',(8.24288348877173E-5,-0.001,-0.0059109389233544));
#5781=CARTESIAN_POINT('',(0.000104618874691549,-0.001,-0.00595628437847139));
#5782=CARTESIAN_POINT('',(0.000128693980578743,-0.001,-0.00600308731924222));
#5783=CARTESIAN_POINT('',(0.000154720943683174,-0.001,-0.0060512897208493));
#5784=CARTESIAN_POINT('',(0.000182764910186708,-0.001,-0.00610083148051023));
#5785=CARTESIAN_POINT('',(0.000212889629605233,-0.001,-0.00615165044833406));
#5786=CARTESIAN_POINT('',(0.000245156230857715,-0.001,-0.00620368250557631));
#5787=CARTESIAN_POINT('',(0.000279627646819271,-0.001,-0.00625686146802764));
#5788=CARTESIAN_POINT('',(0.000316351410680582,-0.001,-0.0063111196658371));
#5789=CARTESIAN_POINT('',(0.000355425219866914,-0.001,-0.00636638594148078));
#5790=CARTESIAN_POINT('',(0.00039269671218655,-0.001,-0.00641708533239604));
#5791=CARTESIAN_POINT('',(0.000417503061264408,-0.001,-0.0064493333761196));
#5792=CARTESIAN_POINT('',(0.000427953724192095,-0.001,-0.00646284647890365));
#5793=CARTESIAN_POINT('',(0.000427953724192095,-0.001,-0.00646284647890365));
#5794=CARTESIAN_POINT('',(0.,-0.001,3.9660186590387E-19));
#5795=CARTESIAN_POINT('',(0.000925099430380865,-0.001,-0.00641059435963907));
#5796=CARTESIAN_POINT('',(0.00105949787781709,-0.001,-0.00464315307704808));
#5797=CARTESIAN_POINT('',(0.00112457458612105,-0.001,-0.00492759935902443));
#5798=CARTESIAN_POINT('',(0.00119438519999402,-0.001,-0.00523273725054011));
#5799=CARTESIAN_POINT('',(0.00119549101125759,-0.001,-0.00523959573292503));
#5800=CARTESIAN_POINT('',(0.00119659040930041,-0.001,-0.0052456478266657));
#5801=CARTESIAN_POINT('',(0.0011976868107314,-0.001,-0.00525280601616024));
#5802=CARTESIAN_POINT('',(0.00119900054285165,-0.001,-0.00526247181682512));
#5803=CARTESIAN_POINT('',(0.00120034251465565,-0.001,-0.00527418202870817));
#5804=CARTESIAN_POINT('',(0.00120165969330252,-0.001,-0.00528809134235887));
#5805=CARTESIAN_POINT('',(0.00120285582406883,-0.001,-0.00530415590070151));
#5806=CARTESIAN_POINT('',(0.00120384779492178,-0.001,-0.00532238954601164));
#5807=CARTESIAN_POINT('',(0.00120454849603234,-0.001,-0.00534278547584087));
#5808=CARTESIAN_POINT('',(0.00120487203708036,-0.001,-0.00536533967640227));
#5809=CARTESIAN_POINT('',(0.00120473229404471,-0.001,-0.00539004399412008));
#5810=CARTESIAN_POINT('',(0.00120404342125634,-0.001,-0.00541688815546234));
#5811=CARTESIAN_POINT('',(0.00120271979133666,-0.001,-0.00544585918475359));
#5812=CARTESIAN_POINT('',(0.00120067610052744,-0.001,-0.00547694157720437));
#5813=CARTESIAN_POINT('',(0.00119782742650639,-0.001,-0.00551011725812822));
#5814=CARTESIAN_POINT('',(0.00119408929958535,-0.001,-0.00554536560570498));
#5815=CARTESIAN_POINT('',(0.00118937776985631,-0.001,-0.00558266345809298));
#5816=CARTESIAN_POINT('',(0.00118360947516515,-0.001,-0.0056219851272636));
#5817=CARTESIAN_POINT('',(0.00117670170846541,-0.001,-0.00566330241318565));
#5818=CARTESIAN_POINT('',(0.00116857248493753,-0.001,-0.00570658462011138));
#5819=CARTESIAN_POINT('',(0.00115914060857643,-0.001,-0.0057517985744708));
#5820=CARTESIAN_POINT('',(0.00114832573879841,-0.001,-0.00579890864439681));
#5821=CARTESIAN_POINT('',(0.00113604845484838,-0.001,-0.00584787676121861));
#5822=CARTESIAN_POINT('',(0.00112223032633832,-0.001,-0.00589866244141251));
#5823=CARTESIAN_POINT('',(0.00110679395764294,-0.001,-0.00595122281479997));
#5824=CARTESIAN_POINT('',(0.00108966313010964,-0.001,-0.00600551263664142));
#5825=CARTESIAN_POINT('',(0.00107076256561349,-0.001,-0.00606148436943979));
#5826=CARTESIAN_POINT('',(0.00105001914001251,-0.001,-0.00611908800501589));
#5827=CARTESIAN_POINT('',(0.001027357535195,-0.001,-0.00617827188992462));
#5828=CARTESIAN_POINT('',(0.00100271718733144,-0.001,-0.00623897971576968));
#5829=CARTESIAN_POINT('',(0.000975987739438573,-0.001,-0.00630116219242666));
#5830=CARTESIAN_POINT('',(0.000950071714738976,-0.001,-0.00635850285899656));
#5831=CARTESIAN_POINT('',(0.000932512189201632,-0.001,-0.00639520373557291));
#5832=CARTESIAN_POINT('',(0.000925099430380865,-0.001,-0.00641059435963907));
#5833=CARTESIAN_POINT('',(0.00112709506370931,-0.001,-0.00493869208305059));
#5834=CARTESIAN_POINT('',(0.00143193416592743,-0.001,-0.00486900836426275));
#5835=CARTESIAN_POINT('',(0.,-0.001,3.9660186590387E-19));
#5836=CARTESIAN_POINT('',(0.000427953724192094,-0.001,0.00646284647890365));
#5837=CARTESIAN_POINT('',(0.000427953724192094,0.,0.00646284647890365));
#5838=CARTESIAN_POINT('',(0.000925099430380867,-0.001,0.00641059435963907));
#5839=CARTESIAN_POINT('',(0.000925099430380867,0.,0.00641059435963907));
#5840=CARTESIAN_POINT('',(0.,0.,3.9660186590387E-19));
#5841=CARTESIAN_POINT('',(0.,-0.001,3.9660186590387E-19));
#5842=CARTESIAN_POINT('',(0.00301963166236045,-0.001,0.00573003958307423));
#5843=CARTESIAN_POINT('',(0.00301963166236045,0.,0.00573003958307423));
#5844=CARTESIAN_POINT('',(0.00345254401245245,-0.001,0.0054800975212131));
#5845=CARTESIAN_POINT('',(0.00345254401245245,0.,0.0054800975212131));
#5846=CARTESIAN_POINT('',(0.,0.,3.9660186590387E-19));
#5847=CARTESIAN_POINT('',(0.,-0.001,3.9660186590387E-19));
#5848=CARTESIAN_POINT('',(0.00627877723115791,-0.001,0.00159012121595185));
#5849=CARTESIAN_POINT('',(0.00627877723115791,0.,0.00159012121595185));
#5850=CARTESIAN_POINT('',(0.00638270898453396,-0.001,0.001101160759688));
#5851=CARTESIAN_POINT('',(0.00638270898453396,0.,0.001101160759688));
#5852=CARTESIAN_POINT('',(0.,0.,3.9660186590387E-19));
#5853=CARTESIAN_POINT('',(0.,-0.001,3.9660186590387E-19));
#5854=CARTESIAN_POINT('',(0.00538301236939332,-0.001,0.00360204203624634));
#5855=CARTESIAN_POINT('',(0.00538301236939332,0.,0.00360204203624634));
#5856=CARTESIAN_POINT('',(0.,0.,3.9660186590387E-19));
#5857=CARTESIAN_POINT('',(0.00508918785361423,0.,0.00400645678755587));
#5858=CARTESIAN_POINT('',(0.00508918785361423,-0.001,0.00400645678755587));
#5859=CARTESIAN_POINT('',(0.,-0.001,3.9660186590387E-19));
#5860=CARTESIAN_POINT('',(-0.00451647398368986,-0.001,0.00464251997891015));
#5861=CARTESIAN_POINT('',(-0.00451647398368986,0.,0.00464251997891015));
#5862=CARTESIAN_POINT('',(-0.00414498768380735,-0.001,0.00497700774572559));
#5863=CARTESIAN_POINT('',(-0.00414498768380735,0.,0.00497700774572559));
#5864=CARTESIAN_POINT('',(0.,0.,3.9660186590387E-19));
#5865=CARTESIAN_POINT('',(0.,-0.001,3.9660186590387E-19));
#5866=CARTESIAN_POINT('',(-0.00176230324746806,-0.001,0.00623264119486199));
#5867=CARTESIAN_POINT('',(-0.00176230324746806,0.,0.00623264119486199));
#5868=CARTESIAN_POINT('',(0.,0.,3.9660186590387E-19));
#5869=CARTESIAN_POINT('',(-0.00223772130072854,0.,0.00607816850541886));
#5870=CARTESIAN_POINT('',(-0.0022377213007266,-0.001,0.00607816850541359));
#5871=CARTESIAN_POINT('',(0.,-0.001,3.9660186590387E-19));
#5872=CARTESIAN_POINT('',(-0.00581096609358542,-0.001,0.00286080444265732));
#5873=CARTESIAN_POINT('',(-0.00581096609358542,0.,0.00286080444265732));
#5874=CARTESIAN_POINT('',(0.,0.,3.9660186590387E-19));
#5875=CARTESIAN_POINT('',(-0.0060142872839951,0.,0.00240413757208319));
#5876=CARTESIAN_POINT('',(-0.0060142872839951,-0.001,0.00240413757208319));
#5877=CARTESIAN_POINT('',(0.,-0.001,3.9660186590387E-19));
#5878=CARTESIAN_POINT('',(-0.0064721756748129,-0.001,0.00024994206186113));
#5879=CARTESIAN_POINT('',(-0.0064721756748129,0.,0.00024994206186113));
#5880=CARTESIAN_POINT('',(0.,0.,3.9660186590387E-19));
#5881=CARTESIAN_POINT('',(-0.0064721756748129,0.,-0.000249942061861132));
#5882=CARTESIAN_POINT('',(-0.0064721756748129,-0.001,-0.000249942061861132));
#5883=CARTESIAN_POINT('',(0.,-0.001,3.9660186590387E-19));
#5884=CARTESIAN_POINT('',(0.00345254401245245,-0.001,-0.0054800975212131));
#5885=CARTESIAN_POINT('',(0.00345254401245245,0.,-0.0054800975212131));
#5886=CARTESIAN_POINT('',(0.00301963166236045,-0.001,-0.00573003958307423));
#5887=CARTESIAN_POINT('',(0.00301963166236045,0.,-0.00573003958307423));
#5888=CARTESIAN_POINT('',(0.,0.,3.9660186590387E-19));
#5889=CARTESIAN_POINT('',(0.,-0.001,3.9660186590387E-19));
#5890=CARTESIAN_POINT('',(0.00508918785361423,-0.001,-0.00400645678755588));
#5891=CARTESIAN_POINT('',(0.00508918785361423,0.,-0.00400645678755588));
#5892=CARTESIAN_POINT('',(0.,0.,3.9660186590387E-19));
#5893=CARTESIAN_POINT('',(0.00538301236939333,0.,-0.00360204203624634));
#5894=CARTESIAN_POINT('',(0.00538301236939333,-0.001,-0.00360204203624634));
#5895=CARTESIAN_POINT('',(0.,-0.001,3.9660186590387E-19));
#5896=CARTESIAN_POINT('',(0.000925099430380865,-0.001,-0.00641059435963907));
#5897=CARTESIAN_POINT('',(0.000925099430380865,0.,-0.00641059435963907));
#5898=CARTESIAN_POINT('',(0.000427953724192095,-0.001,-0.00646284647890365));
#5899=CARTESIAN_POINT('',(0.000427953724192095,0.,-0.00646284647890365));
#5900=CARTESIAN_POINT('',(0.,0.,3.9660186590387E-19));
#5901=CARTESIAN_POINT('',(0.,-0.001,3.9660186590387E-19));
#5902=CARTESIAN_POINT('',(-0.00176230324746806,-0.001,-0.006232641194862));
#5903=CARTESIAN_POINT('',(-0.00176230324746806,0.,-0.006232641194862));
#5904=CARTESIAN_POINT('',(-0.00223772130072661,-0.001,-0.00607816850541359));
#5905=CARTESIAN_POINT('',(-0.00223772130072661,0.,-0.00607816850541359));
#5906=CARTESIAN_POINT('',(0.,0.,3.9660186590387E-19));
#5907=CARTESIAN_POINT('',(0.,-0.001,3.9660186590387E-19));
#5908=CARTESIAN_POINT('',(-0.0060142872839951,-0.001,-0.00240413757208319));
#5909=CARTESIAN_POINT('',(-0.0060142872839951,0.,-0.00240413757208319));
#5910=CARTESIAN_POINT('',(0.,0.,3.9660186590387E-19));
#5911=CARTESIAN_POINT('',(-0.00581096609358542,0.,-0.00286080444265731));
#5912=CARTESIAN_POINT('',(-0.00581096609358542,-0.001,-0.00286080444265731));
#5913=CARTESIAN_POINT('',(0.,-0.001,3.9660186590387E-19));
#5914=CARTESIAN_POINT('',(-0.00451647398368986,-0.001,-0.00464251997891015));
#5915=CARTESIAN_POINT('',(-0.00451647398368986,0.,-0.00464251997891015));
#5916=CARTESIAN_POINT('',(0.,0.,3.9660186590387E-19));
#5917=CARTESIAN_POINT('',(-0.00414498768380736,0.,-0.00497700774572559));
#5918=CARTESIAN_POINT('',(-0.00414498768380736,-0.001,-0.00497700774572559));
#5919=CARTESIAN_POINT('',(0.,-0.001,3.9660186590387E-19));
#5920=CARTESIAN_POINT('',(0.00627877723115791,-0.001,-0.00159012121595185));
#5921=CARTESIAN_POINT('',(0.00627877723115791,0.,-0.00159012121595185));
#5922=CARTESIAN_POINT('',(0.,0.,3.9660186590387E-19));
#5923=CARTESIAN_POINT('',(0.00638270898453396,0.,-0.001101160759688));
#5924=CARTESIAN_POINT('',(0.00638270898453396,-0.001,-0.001101160759688));
#5925=CARTESIAN_POINT('',(0.00504526683219289,-0.001,-0.000454208680227903));
#5926=CARTESIAN_POINT('',(0.00504526683219289,0.,-0.000454208680227903));
#5927=CARTESIAN_POINT('',(0.00517895034313877,-0.001,-0.000466195800617769));
#5928=CARTESIAN_POINT('',(0.00517895034313877,0.,-0.000466195800617769));
#5929=CARTESIAN_POINT('',(0.00534618580282932,-0.001,-0.000481298068707469));
#5930=CARTESIAN_POINT('',(0.00534618580282932,0.,-0.000481298068707469));
#5931=CARTESIAN_POINT('',(0.00535438441010088,-0.001,-0.000482287829674108));
#5932=CARTESIAN_POINT('',(0.00535438441010088,0.,-0.000482287829674108));
#5933=CARTESIAN_POINT('',(0.00538175799793157,-0.001,-0.000486769429059134));
#5934=CARTESIAN_POINT('',(0.00538175799793157,0.,-0.000486769429059134));
#5935=CARTESIAN_POINT('',(0.0054213595002932,-0.001,-0.000495929749712674));
#5936=CARTESIAN_POINT('',(0.0054213595002932,-2.16840434497101E-19,-0.000495929749712674));
#5937=CARTESIAN_POINT('',(0.00549798963666441,-0.001,-0.000518392183028541));
#5938=CARTESIAN_POINT('',(0.00549798963666441,-2.16840434497101E-19,-0.000518392183028541));
#5939=CARTESIAN_POINT('',(0.00560768527476096,-0.001,-0.000559963372189253));
#5940=CARTESIAN_POINT('',(0.00560768527476096,0.,-0.000559963372189253));
#5941=CARTESIAN_POINT('',(0.00580137904772049,-0.001,-0.000653747442098348));
#5942=CARTESIAN_POINT('',(0.00580137904772049,0.,-0.000653747442098348));
#5943=CARTESIAN_POINT('',(0.00606330861689973,-0.001,-0.000819475489387378));
#5944=CARTESIAN_POINT('',(0.00606330861689973,0.,-0.000819475489387378));
#5945=CARTESIAN_POINT('',(0.00627716277822896,-0.001,-0.00100023733266072));
#5946=CARTESIAN_POINT('',(0.00627716277822896,0.,-0.00100023733266072));
#5947=CARTESIAN_POINT('',(0.00638270898453396,-0.001,-0.001101160759688));
#5948=CARTESIAN_POINT('',(0.00638270898453396,0.,-0.001101160759688));
#5949=CARTESIAN_POINT('',(0.00474330383983215,0.,-0.000427170847593357));
#5950=CARTESIAN_POINT('',(0.00503393813864558,0.,-0.000453177955219296));
#5951=CARTESIAN_POINT('',(0.00534571418481463,0.,-0.000481076910094931));
#5952=CARTESIAN_POINT('',(0.00535257870365172,0.,-0.000482144608699474));
#5953=CARTESIAN_POINT('',(0.00535867431951982,0.,-0.000482969218844271));
#5954=CARTESIAN_POINT('',(0.00536582096895832,0.,-0.00048413848132162));
#5955=CARTESIAN_POINT('',(0.00537541965721707,0.,-0.000485875944497679));
#5956=CARTESIAN_POINT('',(0.00538697142262905,0.,-0.000488218307948396));
#5957=CARTESIAN_POINT('',(0.00540060699660025,0.,-0.000491263810911318));
#5958=CARTESIAN_POINT('',(0.00541625492422771,0.,-0.000495090444486684));
#5959=CARTESIAN_POINT('',(0.00543390268726722,0.,-0.000499781530413243));
#5960=CARTESIAN_POINT('',(0.00545351689778834,0.,-0.000505417812989382));
#5961=CARTESIAN_POINT('',(0.0054750671968843,0.,-0.000512079738435391));
#5962=CARTESIAN_POINT('',(0.00549851921625759,0.,-0.000519846695969292));
#5963=CARTESIAN_POINT('',(0.00552383665742806,0.,-0.000528797154978068));
#5964=CARTESIAN_POINT('',(0.00555098071947984,0.,-0.000539008542233878));
#5965=CARTESIAN_POINT('',(0.0055799102961709,0.,-0.000550557195188396));
#5966=CARTESIAN_POINT('',(0.00561058195501211,0.,-0.000563518294384353));
#5967=CARTESIAN_POINT('',(0.00564294998091789,0.,-0.000577965802776198));
#5968=CARTESIAN_POINT('',(0.00567696640371953,0.,-0.000593972404068303));
#5969=CARTESIAN_POINT('',(0.00571258103232773,0.,-0.000611609442343149));
#5970=CARTESIAN_POINT('',(0.00574974148903612,0.,-0.000630946862387347));
#5971=CARTESIAN_POINT('',(0.00578839324575129,0.,-0.000652053150890064));
#5972=CARTESIAN_POINT('',(0.00582847966158786,0.,-0.000674995278644125));
#5973=CARTESIAN_POINT('',(0.00586994202202076,0.,-0.000699838643232724));
#5974=CARTESIAN_POINT('',(0.00591271957922951,0.,-0.000726647014416279));
#5975=CARTESIAN_POINT('',(0.00595674959477233,0.,-0.000755482473829585));
#5976=CARTESIAN_POINT('',(0.00600196738012308,0.,-0.000786405381472682));
#5977=CARTESIAN_POINT('',(0.00604830635211839,0.,-0.000819474244198353));
#5978=CARTESIAN_POINT('',(0.00609569803769203,0.,-0.000854745965863376));
#5979=CARTESIAN_POINT('',(0.0061440722796367,0.,-0.000892274638282273));
#5980=CARTESIAN_POINT('',(0.00619335667803039,0.,-0.000932115931443595));
#5981=CARTESIAN_POINT('',(0.0062434789651533,0.,-0.000974310044720697));
#5982=CARTESIAN_POINT('',(0.00629435816112813,0.,-0.00101894670235551));
#5983=CARTESIAN_POINT('',(0.00634088388365934,0.,-0.00106131354696141));
#5984=CARTESIAN_POINT('',(0.00637036229967682,0.,-0.0010893548427173));
#5985=CARTESIAN_POINT('',(0.00638270898453396,0.,-0.001101160759688));
#5986=CARTESIAN_POINT('',(0.00504526681652284,0.,-0.000454208678822802));
#5987=CARTESIAN_POINT('',(0.00504526681652284,-0.001,-0.000454208678822802));
#5988=CARTESIAN_POINT('',(0.0050452668321929,-0.001,0.000454208680227904));
#5989=CARTESIAN_POINT('',(0.0050452668321929,0.,0.000454208680227904));
#5990=CARTESIAN_POINT('',(0.00517895034313878,-0.001,0.00046619580061777));
#5991=CARTESIAN_POINT('',(0.00517895034313878,0.,0.00046619580061777));
#5992=CARTESIAN_POINT('',(0.00534618580282933,-0.001,0.000481298068707469));
#5993=CARTESIAN_POINT('',(0.00534618580282933,2.16840434497101E-19,0.000481298068707469));
#5994=CARTESIAN_POINT('',(0.00535438441010088,-0.001,0.000482287829674108));
#5995=CARTESIAN_POINT('',(0.00535438441010088,0.,0.000482287829674108));
#5996=CARTESIAN_POINT('',(0.00538175799793157,-0.001,0.000486769429059134));
#5997=CARTESIAN_POINT('',(0.00538175799793157,0.,0.000486769429059134));
#5998=CARTESIAN_POINT('',(0.0054213595002932,-0.001,0.000495929749712674));
#5999=CARTESIAN_POINT('',(0.0054213595002932,0.,0.000495929749712674));
#6000=CARTESIAN_POINT('',(0.00549798963666441,-0.001,0.000518392183028541));
#6001=CARTESIAN_POINT('',(0.00549798963666441,-2.16840434497101E-19,0.000518392183028541));
#6002=CARTESIAN_POINT('',(0.00560768527476096,-0.001,0.000559963372189254));
#6003=CARTESIAN_POINT('',(0.00560768527476096,0.,0.000559963372189254));
#6004=CARTESIAN_POINT('',(0.00580137904772049,-0.001,0.000653747442098348));
#6005=CARTESIAN_POINT('',(0.00580137904772049,0.,0.000653747442098348));
#6006=CARTESIAN_POINT('',(0.00606330861689973,-0.001,0.00081947548938738));
#6007=CARTESIAN_POINT('',(0.00606330861689973,-2.16840434497101E-19,0.00081947548938738));
#6008=CARTESIAN_POINT('',(0.00627716277822896,-0.001,0.00100023733266072));
#6009=CARTESIAN_POINT('',(0.00627716277822896,0.,0.00100023733266072));
#6010=CARTESIAN_POINT('',(0.00638270898453396,-0.001,0.001101160759688));
#6011=CARTESIAN_POINT('',(0.00638270898453396,0.,0.001101160759688));
#6012=CARTESIAN_POINT('',(0.00474330383983215,0.,0.000427170847593357));
#6013=CARTESIAN_POINT('',(0.00503393813864558,0.,0.000453177955219296));
#6014=CARTESIAN_POINT('',(0.00534571418481463,0.,0.000481076910094931));
#6015=CARTESIAN_POINT('',(0.00535257870365172,0.,0.000482144608699474));
#6016=CARTESIAN_POINT('',(0.00535867431951982,0.,0.000482969218844271));
#6017=CARTESIAN_POINT('',(0.00536582096895832,0.,0.00048413848132162));
#6018=CARTESIAN_POINT('',(0.00537541965721707,0.,0.000485875944497679));
#6019=CARTESIAN_POINT('',(0.00538697142262905,0.,0.000488218307948396));
#6020=CARTESIAN_POINT('',(0.00540060699660025,0.,0.000491263810911318));
#6021=CARTESIAN_POINT('',(0.00541625492422771,0.,0.000495090444486684));
#6022=CARTESIAN_POINT('',(0.00543390268726722,0.,0.000499781530413243));
#6023=CARTESIAN_POINT('',(0.00545351689778834,0.,0.000505417812989382));
#6024=CARTESIAN_POINT('',(0.0054750671968843,0.,0.000512079738435391));
#6025=CARTESIAN_POINT('',(0.00549851921625759,0.,0.000519846695969292));
#6026=CARTESIAN_POINT('',(0.00552383665742806,0.,0.000528797154978068));
#6027=CARTESIAN_POINT('',(0.00555098071947984,0.,0.000539008542233878));
#6028=CARTESIAN_POINT('',(0.0055799102961709,0.,0.000550557195188396));
#6029=CARTESIAN_POINT('',(0.00561058195501211,0.,0.000563518294384353));
#6030=CARTESIAN_POINT('',(0.00564294998091789,0.,0.000577965802776198));
#6031=CARTESIAN_POINT('',(0.00567696640371953,0.,0.000593972404068303));
#6032=CARTESIAN_POINT('',(0.00571258103232773,0.,0.000611609442343149));
#6033=CARTESIAN_POINT('',(0.00574974148903612,0.,0.000630946862387347));
#6034=CARTESIAN_POINT('',(0.00578839324575129,0.,0.000652053150890064));
#6035=CARTESIAN_POINT('',(0.00582847966158786,0.,0.000674995278644125));
#6036=CARTESIAN_POINT('',(0.00586994202202076,0.,0.000699838643232724));
#6037=CARTESIAN_POINT('',(0.00591271957922951,0.,0.000726647014416279));
#6038=CARTESIAN_POINT('',(0.00595674959477233,0.,0.000755482473829585));
#6039=CARTESIAN_POINT('',(0.00600196738012308,0.,0.000786405381472682));
#6040=CARTESIAN_POINT('',(0.00604830635211839,0.,0.000819474244198353));
#6041=CARTESIAN_POINT('',(0.00609569803769203,0.,0.000854745965863376));
#6042=CARTESIAN_POINT('',(0.0061440722796367,0.,0.000892274638282273));
#6043=CARTESIAN_POINT('',(0.00619335667803039,0.,0.000932115931443595));
#6044=CARTESIAN_POINT('',(0.0062434789651533,0.,0.000974310044720697));
#6045=CARTESIAN_POINT('',(0.00629435816112813,0.,0.00101894670235551));
#6046=CARTESIAN_POINT('',(0.00634088388365934,0.,0.00106131354696141));
#6047=CARTESIAN_POINT('',(0.00637036229967682,0.,0.0010893548427173));
#6048=CARTESIAN_POINT('',(0.00638270898453396,0.,0.001101160759688));
#6049=CARTESIAN_POINT('',(0.00504526681652285,0.,0.000454208678822803));
#6050=CARTESIAN_POINT('',(0.00504526681652285,0.,0.000454208678822803));
#6051=CARTESIAN_POINT('',(-4.5102810375397E-17,-0.001,-5.6920614055489E-19));
#6052=CARTESIAN_POINT('',(-4.5102810375397E-17,0.,-5.6920614055489E-19));
#6053=CARTESIAN_POINT('',(0.00476061560032575,0.,-0.00013396027745227));
#6054=CARTESIAN_POINT('',(0.00476061560032575,0.,0.000133960277452269));
#6055=CARTESIAN_POINT('',(0.00476061560032575,-0.001,0.000133960277452269));
#6056=CARTESIAN_POINT('',(0.00476061560032575,-0.001,0.000133960277452269));
#6057=CARTESIAN_POINT('',(-4.5102810375397E-17,-0.001,-5.6920614055489E-19));
#6058=CARTESIAN_POINT('',(0.00476061560032575,-0.001,-0.00013396027745227));
#6059=CARTESIAN_POINT('',(0.00476061560032575,-0.001,-0.00013396027745227));
#6060=CARTESIAN_POINT('',(0.00507319412482539,-0.0005,-0.000142756010900004));
#6061=CARTESIAN_POINT('',(0.00507319412482539,-0.001,-0.000142756010900004));
#6062=CARTESIAN_POINT('',(0.00507319412482539,0.,-0.000142756010900004));
#6063=CARTESIAN_POINT('',(0.00507319412482539,-0.0005,0.000142756010900004));
#6064=CARTESIAN_POINT('',(0.00507319412482539,-0.001,0.000142756010900004));
#6065=CARTESIAN_POINT('',(0.00507319412482539,0.,0.000142756010900004));
#6066=CARTESIAN_POINT('',(-0.00291598967179321,-0.001,-0.00414222490543613));
#6067=CARTESIAN_POINT('',(-0.00291598967179321,0.,-0.00414222490543613));
#6068=CARTESIAN_POINT('',(-0.002993212578042,-0.001,-0.00425200466178743));
#6069=CARTESIAN_POINT('',(-0.002993212578042,0.,-0.00425200466178743));
#6070=CARTESIAN_POINT('',(-0.00308990925570772,-0.001,-0.00438928368424816));
#6071=CARTESIAN_POINT('',(-0.00308990925570772,-2.16840434497101E-19,-0.00438928368424816));
#6072=CARTESIAN_POINT('',(-0.00309486571748429,-0.001,-0.00439588900593767));
#6073=CARTESIAN_POINT('',(-0.00309486571748429,0.,-0.00439588900593767));
#6074=CARTESIAN_POINT('',(-0.00311243369031665,-0.001,-0.00441735442869925));
#6075=CARTESIAN_POINT('',(-0.00311243369031665,0.,-0.00441735442869925));
#6076=CARTESIAN_POINT('',(-0.00314016751189023,-0.001,-0.00444707017544567));
#6077=CARTESIAN_POINT('',(-0.00314016751189023,0.,-0.00444707017544567));
#6078=CARTESIAN_POINT('',(-0.0031979356179582,-0.001,-0.00450220260358069));
#6079=CARTESIAN_POINT('',(-0.0031979356179582,-2.16840434497101E-19,-0.00450220260358069));
#6080=CARTESIAN_POINT('',(-0.00328878514288518,-0.001,-0.00457641621827629));
#6081=CARTESIAN_POINT('',(-0.00328878514288518,0.,-0.00457641621827629));
#6082=CARTESIAN_POINT('',(-0.00346685141637651,-0.001,-0.00469726791125954));
#6083=CARTESIAN_POINT('',(-0.00346685141637651,0.,-0.00469726791125954));
#6084=CARTESIAN_POINT('',(-0.00374134090003804,-0.001,-0.00484124154852657));
#6085=CARTESIAN_POINT('',(-0.00374134090003804,0.,-0.00484124154852657));
#6086=CARTESIAN_POINT('',(-0.00400481232901221,-0.001,-0.00493606376330601));
#6087=CARTESIAN_POINT('',(-0.00400481232901221,0.,-0.00493606376330601));
#6088=CARTESIAN_POINT('',(-0.00414498768380736,-0.001,-0.00497700774572559));
#6089=CARTESIAN_POINT('',(-0.00414498768380736,0.,-0.00497700774572559));
#6090=CARTESIAN_POINT('',(-0.00274159272568805,0.,-0.00389423619936623));
#6091=CARTESIAN_POINT('',(-0.00290943269097779,0.,-0.00413292933153678));
#6092=CARTESIAN_POINT('',(-0.00308948191772365,0.,-0.00438898583037282));
#6093=CARTESIAN_POINT('',(-0.00309383883125731,0.,-0.00439439682876823));
#6094=CARTESIAN_POINT('',(-0.00309760077252498,0.,-0.00439926348188932));
#6095=CARTESIAN_POINT('',(-0.0031021867082533,0.,-0.00440486803061632));
#6096=CARTESIAN_POINT('',(-0.00310849073963129,0.,-0.00441231200690338));
#6097=CARTESIAN_POINT('',(-0.0031162951685905,0.,-0.00442114494748335));
#6098=CARTESIAN_POINT('',(-0.00312575043850928,0.,-0.00443143094945614));
#6099=CARTESIAN_POINT('',(-0.00313688836421025,0.,-0.00444306913551041));
#6100=CARTESIAN_POINT('',(-0.00314977484531374,0.,-0.00445600700365931));
#6101=CARTESIAN_POINT('',(-0.00316446311446815,0.,-0.00447017526695771));
#6102=CARTESIAN_POINT('',(-0.00318100766069049,0.,-0.00448550741071096));
#6103=CARTESIAN_POINT('',(-0.00319946005291161,0.,-0.00450193397649133));
#6104=CARTESIAN_POINT('',(-0.00321987009837398,0.,-0.00451938429419939));
#6105=CARTESIAN_POINT('',(-0.00324228545017127,0.,-0.00453778604787022));
#6106=CARTESIAN_POINT('',(-0.00326675166535491,0.,-0.00455706546972815));
#6107=CARTESIAN_POINT('',(-0.00329331213594018,0.,-0.00457714735586287));
#6108=CARTESIAN_POINT('',(-0.0033220080581818,0.,-0.00459795513437171));
#6109=CARTESIAN_POINT('',(-0.00335287839292984,0.,-0.00461941092001775));
#6110=CARTESIAN_POINT('',(-0.00338595983042747,0.,-0.00464143557400137));
#6111=CARTESIAN_POINT('',(-0.00342128675578359,0.,-0.00466394876350497));
#6112=CARTESIAN_POINT('',(-0.00345889121616413,0.,-0.00468686902246985));
#6113=CARTESIAN_POINT('',(-0.0034988028895343,0.,-0.00471011381305396));
#6114=CARTESIAN_POINT('',(-0.00354104905459995,0.,-0.00473359958819541));
#6115=CARTESIAN_POINT('',(-0.00358565456368337,0.,-0.00475724185385825));
#6116=CARTESIAN_POINT('',(-0.0036326418118365,0.,-0.0047809552361407));
#6117=CARTESIAN_POINT('',(-0.00368203072808968,0.,-0.00480465353313577));
#6118=CARTESIAN_POINT('',(-0.00373383868928202,0.,-0.00482824982870614));
#6119=CARTESIAN_POINT('',(-0.00378808073906597,0.,-0.00485165637150856));
#6120=CARTESIAN_POINT('',(-0.00384476864372338,0.,-0.00487478535771201));
#6121=CARTESIAN_POINT('',(-0.00390391441491755,0.,-0.00489754625215052));
#6122=CARTESIAN_POINT('',(-0.00396551673246713,0.,-0.00491985636945619));
#6123=CARTESIAN_POINT('',(-0.00402961280990632,0.,-0.00494160071687711));
#6124=CARTESIAN_POINT('',(-0.00408956643487882,0.,-0.00496070975221561));
#6125=CARTESIAN_POINT('',(-0.0041285901173672,0.,-0.00497221816147213));
#6126=CARTESIAN_POINT('',(-0.00414498768380736,0.,-0.00497700774572559));
#6127=CARTESIAN_POINT('',(-0.00291598966274133,0.,-0.00414222489256802));
#6128=CARTESIAN_POINT('',(-0.00291598966274133,-0.001,-0.00414222489256802));
#6129=CARTESIAN_POINT('',(-0.00212927716039968,-0.001,-0.00459643358566404));
#6130=CARTESIAN_POINT('',(-0.00212927716039968,0.,-0.00459643358566404));
#6131=CARTESIAN_POINT('',(-0.00218573776509678,-0.001,-0.0047182004624052));
#6132=CARTESIAN_POINT('',(-0.00218573776509678,0.,-0.0047182004624052));
#6133=CARTESIAN_POINT('',(-0.00225627654712161,-0.001,-0.00487058175295563));
#6134=CARTESIAN_POINT('',(-0.00225627654712161,2.16840434497101E-19,-0.00487058175295563));
#6135=CARTESIAN_POINT('',(-0.0022595186926166,-0.001,-0.00487817683561177));
#6136=CARTESIAN_POINT('',(-0.0022595186926166,-2.16840434497101E-19,-0.00487817683561177));
#6137=CARTESIAN_POINT('',(-0.00226932430761493,-0.001,-0.00490412385775838));
#6138=CARTESIAN_POINT('',(-0.00226932430761493,-2.16840434497101E-19,-0.00490412385775838));
#6139=CARTESIAN_POINT('',(-0.00228119198840296,-0.001,-0.00494299992515835));
#6140=CARTESIAN_POINT('',(-0.00228119198840296,0.,-0.00494299992515835));
#6141=CARTESIAN_POINT('',(-0.00230005401870622,-0.001,-0.00502059478660923));
#6142=CARTESIAN_POINT('',(-0.00230005401870622,-2.16840434497101E-19,-0.00502059478660923));
#6143=CARTESIAN_POINT('',(-0.0023189001318758,-0.001,-0.00513637959046555));
#6144=CARTESIAN_POINT('',(-0.0023189001318758,0.,-0.00513637959046555));
#6145=CARTESIAN_POINT('',(-0.00233452763134398,-0.001,-0.00535101535335789));
#6146=CARTESIAN_POINT('',(-0.00233452763134398,0.,-0.00535101535335789));
#6147=CARTESIAN_POINT('',(-0.00232196771686172,-0.001,-0.00566071703791397));
#6148=CARTESIAN_POINT('',(-0.00232196771686172,2.16840434497101E-19,-0.00566071703791397));
#6149=CARTESIAN_POINT('',(-0.00227235044921668,-0.001,-0.00593630109596667));
#6150=CARTESIAN_POINT('',(-0.00227235044921668,0.,-0.00593630109596667));
#6151=CARTESIAN_POINT('',(-0.00223772130072661,-0.001,-0.00607816850541359));
#6152=CARTESIAN_POINT('',(-0.00223772130072661,0.,-0.00607816850541359));
#6153=CARTESIAN_POINT('',(-0.00200171111414409,0.,-0.00432140704695959));
#6154=CARTESIAN_POINT('',(-0.00212450544766779,0.,-0.00458610728675607));
#6155=CARTESIAN_POINT('',(-0.00225623226709099,0.,-0.00487006274046775));
#6156=CARTESIAN_POINT('',(-0.00225873987239441,0.,-0.0048765414374677));
#6157=CARTESIAN_POINT('',(-0.00226107354699485,0.,-0.00488223270073359));
#6158=CARTESIAN_POINT('',(-0.00226363426070502,0.,-0.00488900651193794));
#6159=CARTESIAN_POINT('',(-0.00226692891758579,0.,-0.00489818795140106));
#6160=CARTESIAN_POINT('',(-0.00227067625403857,0.,-0.00490936325543175));
#6161=CARTESIAN_POINT('',(-0.00227485655809097,0.,-0.00492269476036746));
#6162=CARTESIAN_POINT('',(-0.00227936656001746,0.,-0.00493815957999709));
#6163=CARTESIAN_POINT('',(-0.00228412784195348,0.,-0.00495578853407256));
#6164=CARTESIAN_POINT('',(-0.00228905378332019,0.,-0.00497559307994709));
#6165=CARTESIAN_POINT('',(-0.00229405953619381,0.,-0.00499758714914636));
#6166=CARTESIAN_POINT('',(-0.00229905916334598,0.,-0.00502178067246062));
#6167=CARTESIAN_POINT('',(-0.00230396655905409,0.,-0.00504818144917745));
#6168=CARTESIAN_POINT('',(-0.00230869526930857,0.,-0.0050767945901041));
#6169=CARTESIAN_POINT('',(-0.00231315863081599,0.,-0.00510762266491655));
#6170=CARTESIAN_POINT('',(-0.00231726981907194,0.,-0.00514066565024723));
#6171=CARTESIAN_POINT('',(-0.0023209419227361,0.,-0.00517592093714791));
#6172=CARTESIAN_POINT('',(-0.00232408801078971,0.,-0.00521338332408605));
#6173=CARTESIAN_POINT('',(-0.00232662120190027,0.,-0.00525304501634452));
#6174=CARTESIAN_POINT('',(-0.00232845473325254,0.,-0.00529489562589232));
#6175=CARTESIAN_POINT('',(-0.00232950202958716,0.,-0.00533892217335991));
#6176=CARTESIAN_POINT('',(-0.00232967677205357,0.,-0.00538510909169808));
#6177=CARTESIAN_POINT('',(-0.00232889296742081,0.,-0.00543343823142813));
#6178=CARTESIAN_POINT('',(-0.00232706501554614,0.,-0.00548388886827453));
#6179=CARTESIAN_POINT('',(-0.00232410778293584,0.,-0.00553643770997029));
#6180=CARTESIAN_POINT('',(-0.00231993665203341,0.,-0.00559105891460845));
#6181=CARTESIAN_POINT('',(-0.00231446766283637,0.,-0.00564772407290449));
#6182=CARTESIAN_POINT('',(-0.00230761729862606,0.,-0.00570640233737193));
#6183=CARTESIAN_POINT('',(-0.00229930363591333,0.,-0.00576705999599429));
#6184=CARTESIAN_POINT('',(-0.00228944226311285,0.,-0.00582966218359412));
#6185=CARTESIAN_POINT('',(-0.00227796223268618,0.,-0.00589416641417689));
#6186=CARTESIAN_POINT('',(-0.00226474535122182,0.,-0.00596054741923262));
#6187=CARTESIAN_POINT('',(-0.00225131744878052,0.,-0.00602202329917702));
#6188=CARTESIAN_POINT('',(-0.00224177218230963,0.,-0.00606157300418943));
#6189=CARTESIAN_POINT('',(-0.00223772130072661,0.,-0.00607816850541359));
#6190=CARTESIAN_POINT('',(-0.00212927715378151,0.,-0.00459643357139083));
#6191=CARTESIAN_POINT('',(-0.00212927715378151,0.,-0.00459643357139083));
#6192=CARTESIAN_POINT('',(2.20584582099879E-17,-0.001,3.93447826374436E-17));
#6193=CARTESIAN_POINT('',(2.20584582099879E-17,0.,3.93447826374436E-17));
#6194=CARTESIAN_POINT('',(-0.00249632080353456,0.,-0.00405583390880847));
#6195=CARTESIAN_POINT('',(-0.0022642947967912,0.,-0.00418979418626074));
#6196=CARTESIAN_POINT('',(-0.0022642947967912,-0.001,-0.00418979418626074));
#6197=CARTESIAN_POINT('',(-0.0022642947967912,-0.001,-0.00418979418626074));
#6198=CARTESIAN_POINT('',(2.20584582099879E-17,-0.001,3.93447826374436E-17));
#6199=CARTESIAN_POINT('',(-0.00249632080353456,-0.001,-0.00405583390880847));
#6200=CARTESIAN_POINT('',(-0.00249632080353456,-0.001,-0.00405583390880847));
#6201=CARTESIAN_POINT('',(-0.00266022739439503,-0.0005,-0.00432213698497875));
#6202=CARTESIAN_POINT('',(-0.00266022739439503,-0.001,-0.00432213698497875));
#6203=CARTESIAN_POINT('',(-0.00266022739439503,0.,-0.00432213698497875));
#6204=CARTESIAN_POINT('',(-0.00241296673043036,-0.0005,-0.00446489299587875));
#6205=CARTESIAN_POINT('',(-0.00241296673043036,-0.001,-0.00446489299587875));
#6206=CARTESIAN_POINT('',(-0.00241296673043036,0.,-0.00446489299587875));
#6207=CARTESIAN_POINT('',(-0.00434868377210149,-0.001,-0.00259807089654635));
#6208=CARTESIAN_POINT('',(-0.00434868377210149,0.,-0.00259807089654635));
#6209=CARTESIAN_POINT('',(-0.00446388185690704,-0.001,-0.002666950308646));
#6210=CARTESIAN_POINT('',(-0.00446388185690704,0.,-0.002666950308646));
#6211=CARTESIAN_POINT('',(-0.00460805507631809,-0.001,-0.00275303085397429));
#6212=CARTESIAN_POINT('',(-0.00460805507631809,2.16840434497101E-19,-0.00275303085397429));
#6213=CARTESIAN_POINT('',(-0.00461526965583047,-0.001,-0.00275704914097547));
#6214=CARTESIAN_POINT('',(-0.00461526965583047,0.,-0.00275704914097547));
#6215=CARTESIAN_POINT('',(-0.00464004957160772,-0.001,-0.00276951324214021));
#6216=CARTESIAN_POINT('',(-0.00464004957160772,-2.16840434497101E-19,-0.00276951324214021));
#6217=CARTESIAN_POINT('',(-0.00467747216140747,-0.001,-0.00278537956611436));
#6218=CARTESIAN_POINT('',(-0.00467747216140747,0.,-0.00278537956611436));
#6219=CARTESIAN_POINT('',(-0.00475267033104674,-0.001,-0.00281224913986698));
#6220=CARTESIAN_POINT('',(-0.00475267033104674,-2.16840434497101E-19,-0.00281224913986698));
#6221=CARTESIAN_POINT('',(-0.00486585089838457,-0.001,-0.00284309481967355));
#6222=CARTESIAN_POINT('',(-0.00486585089838457,0.,-0.00284309481967355));
#6223=CARTESIAN_POINT('',(-0.00507767734560596,-0.001,-0.00288107225652194));
#6224=CARTESIAN_POINT('',(-0.00507767734560596,-2.16840434497101E-19,-0.00288107225652194));
#6225=CARTESIAN_POINT('',(-0.005386995320489,-0.001,-0.00290095378772341));
#6226=CARTESIAN_POINT('',(-0.005386995320489,2.16840434497101E-19,-0.00290095378772341));
#6227=CARTESIAN_POINT('',(-0.00566625611697543,-0.001,-0.00288041470675144));
#6228=CARTESIAN_POINT('',(-0.00566625611697543,0.,-0.00288041470675144));
#6229=CARTESIAN_POINT('',(-0.00581096609358542,-0.001,-0.00286080444265731));
#6230=CARTESIAN_POINT('',(-0.00581096609358542,0.,-0.00286080444265731));
#6231=CARTESIAN_POINT('',(-0.0040884981403328,0.,-0.00244245556899101));
#6232=CARTESIAN_POINT('',(-0.00433891282153842,0.,-0.0025922459316));
#6233=CARTESIAN_POINT('',(-0.00460754353555849,0.,-0.00275293256493653));
#6234=CARTESIAN_POINT('',(-0.00461372462544954,0.,-0.00275610364155711));
#6235=CARTESIAN_POINT('',(-0.00461914077596002,0.,-0.00275901943104715));
#6236=CARTESIAN_POINT('',(-0.00462560981204885,0.,-0.00276227417297534));
#6237=CARTESIAN_POINT('',(-0.00463439656920518,0.,-0.00276651050313866));
#6238=CARTESIAN_POINT('',(-0.00464511895043034,0.,-0.00277140544864713));
#6239=CARTESIAN_POINT('',(-0.00465794046322852,0.,-0.00277695637428052));
#6240=CARTESIAN_POINT('',(-0.00467284914138741,0.,-0.00278305818377516));
#6241=CARTESIAN_POINT('',(-0.00468988383272394,0.,-0.00278963611038907));
#6242=CARTESIAN_POINT('',(-0.00470906498614278,0.,-0.00279660520567955));
#6243=CARTESIAN_POINT('',(-0.00473041532587432,0.,-0.00280388254276958));
#6244=CARTESIAN_POINT('',(-0.00475395371119333,0.,-0.00281138369325416));
#6245=CARTESIAN_POINT('',(-0.00477969689916093,0.,-0.00281902383835438));
#6246=CARTESIAN_POINT('',(-0.0048076590094916,0.,-0.00282671753188964));
#6247=CARTESIAN_POINT('',(-0.00483785165656525,0.,-0.00283437885392136));
#6248=CARTESIAN_POINT('',(-0.00487028389277435,0.,-0.00284192145313626));
#6249=CARTESIAN_POINT('',(-0.00490496220817159,0.,-0.00284925862159413));
#6250=CARTESIAN_POINT('',(-0.00494189051648479,0.,-0.00285630336078518));
#6251=CARTESIAN_POINT('',(-0.00498107014726924,0.,-0.00286296845055216));
#6252=CARTESIAN_POINT('',(-0.00502249983858443,0.,-0.00286916651753068));
#6253=CARTESIAN_POINT('',(-0.00506617573174198,0.,-0.00287481010401617));
#6254=CARTESIAN_POINT('',(-0.00511209136774739,0.,-0.00287981173682202));
#6255=CARTESIAN_POINT('',(-0.00516023768528701,0.,-0.00288408399666008));
#6256=CARTESIAN_POINT('',(-0.00521060302126641,0.,-0.00288753958603748));
#6257=CARTESIAN_POINT('',(-0.00526317310988936,0.,-0.00289009140312578));
#6258=CARTESIAN_POINT('',(-0.00531793109575673,0.,-0.00289165259269752));
#6259=CARTESIAN_POINT('',(-0.00537485750142304,0.,-0.00289213668511304));
#6260=CARTESIAN_POINT('',(-0.00543393037826185,0.,-0.00289145739672664));
#6261=CARTESIAN_POINT('',(-0.00549512476227104,0.,-0.00288952972896933));
#6262=CARTESIAN_POINT('',(-0.00555841480268157,0.,-0.00288626608826786));
#6263=CARTESIAN_POINT('',(-0.00562376566227878,0.,-0.00288159147474612));
#6264=CARTESIAN_POINT('',(-0.00569116456555192,0.,-0.00287538570118997));
#6265=CARTESIAN_POINT('',(-0.00575370727220076,0.,-0.00286845733746184));
#6266=CARTESIAN_POINT('',(-0.00579403807182664,0.,-0.00286309843084705));
#6267=CARTESIAN_POINT('',(-0.00581096609358542,0.,-0.00286080444265731));
#6268=CARTESIAN_POINT('',(-0.00434868375859826,0.,-0.00259807088847248));
#6269=CARTESIAN_POINT('',(-0.00434868375859826,-0.001,-0.00259807088847248));
#6270=CARTESIAN_POINT('',(-0.00381472944469912,-0.001,-0.00333299597914034));
#6271=CARTESIAN_POINT('',(-0.00381472944469912,-2.16840434497101E-19,-0.00333299597914034));
#6272=CARTESIAN_POINT('',(-0.00391583582433943,-0.001,-0.00342127095945803));
#6273=CARTESIAN_POINT('',(-0.00391583582433943,-2.16840434497101E-19,-0.00342127095945803));
#6274=CARTESIAN_POINT('',(-0.00404225526283189,-0.001,-0.00353178748786265));
#6275=CARTESIAN_POINT('',(-0.00404225526283189,-2.16840434497101E-19,-0.00353178748786265));
#6276=CARTESIAN_POINT('',(-0.00404830630854531,-0.001,-0.0035374072417486));
#6277=CARTESIAN_POINT('',(-0.00404830630854531,-2.16840434497101E-19,-0.0035374072417486));
#6278=CARTESIAN_POINT('',(-0.00406781778827215,-0.001,-0.00355712272304228));
#6279=CARTESIAN_POINT('',(-0.00406781778827215,2.16840434497101E-19,-0.00355712272304228));
#6280=CARTESIAN_POINT('',(-0.00409447177529906,-0.001,-0.00358781075718169));
#6281=CARTESIAN_POINT('',(-0.00409447177529906,-2.16840434497101E-19,-0.00358781075718169));
#6282=CARTESIAN_POINT('',(-0.00414326377087098,-0.001,-0.00365102531150942));
#6283=CARTESIAN_POINT('',(-0.00414326377087098,-2.16840434497101E-19,-0.00365102531150942));
#6284=CARTESIAN_POINT('',(-0.00420757447439096,-0.001,-0.00374913458833077));
#6285=CARTESIAN_POINT('',(-0.00420757447439096,0.,-0.00374913458833077));
#6286=CARTESIAN_POINT('',(-0.00430915113522729,-0.001,-0.00393885783789536));
#6287=CARTESIAN_POINT('',(-0.00430915113522729,-4.33680868994202E-19,-0.00393885783789536));
#6288=CARTESIAN_POINT('',(-0.00442364410593489,-0.001,-0.0042268929824997));
#6289=CARTESIAN_POINT('',(-0.00442364410593489,0.,-0.0042268929824997));
#6290=CARTESIAN_POINT('',(-0.00449040661111473,-0.001,-0.00449883270781293));
#6291=CARTESIAN_POINT('',(-0.00449040661111473,-2.16840434497101E-19,-0.00449883270781293));
#6292=CARTESIAN_POINT('',(-0.00451647398368986,-0.001,-0.00464251997891015));
#6293=CARTESIAN_POINT('',(-0.00451647398368986,-2.16840434497101E-19,-0.00464251997891015));
#6294=CARTESIAN_POINT('',(-0.0035863286914835,0.,-0.00313363251940017));
#6295=CARTESIAN_POINT('',(-0.0038061701840545,0.,-0.00332550326609699));
#6296=CARTESIAN_POINT('',(-0.00404200370961402,0.,-0.0035313313566729));
#6297=CARTESIAN_POINT('',(-0.00404692964451779,0.,-0.00353623000592538));
#6298=CARTESIAN_POINT('',(-0.00405137640766426,0.,-0.00354048004265717));
#6299=CARTESIAN_POINT('',(-0.00405647089327261,0.,-0.00354562669101547));
#6300=CARTESIAN_POINT('',(-0.00406321513996635,0.,-0.00355267429565186));
#6301=CARTESIAN_POINT('',(-0.00407118390780784,0.,-0.0035613592648376));
#6302=CARTESIAN_POINT('',(-0.00408042521715118,0.,-0.00357183791777783));
#6303=CARTESIAN_POINT('',(-0.00409083541774701,0.,-0.0035841313504599));
#6304=CARTESIAN_POINT('',(-0.00410235540683381,0.,-0.00359829961354714));
#6305=CARTESIAN_POINT('',(-0.00411491071270063,0.,-0.00361438840561601));
#6306=CARTESIAN_POINT('',(-0.0041284294893741,0.,-0.00363244496450819));
#6307=CARTESIAN_POINT('',(-0.00414283726850589,0.,-0.00365251331627181));
#6308=CARTESIAN_POINT('',(-0.00415805856086028,0.,-0.00367463560826315));
#6309=CARTESIAN_POINT('',(-0.00417401646552212,0.,-0.00369885167345058));
#6310=CARTESIAN_POINT('',(-0.00419063285681476,0.,-0.00372519910848699));
#6311=CARTESIAN_POINT('',(-0.00420782840710209,0.,-0.00375371320673252));
#6312=CARTESIAN_POINT('',(-0.00422552265776913,0.,-0.00378442693482113));
#6313=CARTESIAN_POINT('',(-0.00424363407772468,0.,-0.00381737089894718));
#6314=CARTESIAN_POINT('',(-0.00426208012652499,0.,-0.00385257331610374));
#6315=CARTESIAN_POINT('',(-0.00428077731720145,0.,-0.00389005998596851));
#6316=CARTESIAN_POINT('',(-0.00429964128013394,0.,-0.00392985426462776));
#6317=CARTESIAN_POINT('',(-0.00431858682743926,0.,-0.00397197703991392));
#6318=CARTESIAN_POINT('',(-0.00433752801833387,0.,-0.00401644670805124));
#6319=CARTESIAN_POINT('',(-0.00435637822387392,0.,-0.00406327915318665));
#6320=CARTESIAN_POINT('',(-0.00437505019692443,0.,-0.0041124877236869));
#6321=CARTESIAN_POINT('',(-0.00439345612465057,0.,-0.00416408322885615));
#6322=CARTESIAN_POINT('',(-0.00441150775067641,0.,-0.00421807386513111));
#6323=CARTESIAN_POINT('',(-0.00442911623187989,0.,-0.00427446542124044));
#6324=CARTESIAN_POINT('',(-0.0044461930155172,0.,-0.00433326042100957));
#6325=CARTESIAN_POINT('',(-0.00446264680682276,0.,-0.00439446134679887));
#6326=CARTESIAN_POINT('',(-0.00447839551138429,0.,-0.00445805824268464));
#6327=CARTESIAN_POINT('',(-0.00449332087651869,0.,-0.0045240760983258));
#6328=CARTESIAN_POINT('',(-0.00450605837027649,0.,-0.00458569872916612));
#6329=CARTESIAN_POINT('',(-0.0045134246497014,0.,-0.00462571159217294));
#6330=CARTESIAN_POINT('',(-0.00451647398368986,0.,-0.00464251997891015));
#6331=CARTESIAN_POINT('',(-0.00381472943284768,0.,-0.00333299596879297));
#6332=CARTESIAN_POINT('',(-0.00381472943284768,0.,-0.00333299596879297));
#6333=CARTESIAN_POINT('',(3.61543691128344E-17,-0.001,2.69712642166137E-17));
#6334=CARTESIAN_POINT('',(3.61543691128344E-17,0.,2.69712642166137E-17));
#6335=CARTESIAN_POINT('',(-0.00393015879982948,0.,-0.00268984350067489));
#6336=CARTESIAN_POINT('',(-0.00377267904887057,0.,-0.00290659578273502));
#6337=CARTESIAN_POINT('',(-0.00377267904887057,-0.001,-0.00290659578273502));
#6338=CARTESIAN_POINT('',(-0.00377267904887057,-0.001,-0.00290659578273502));
#6339=CARTESIAN_POINT('',(3.61543691128344E-17,-0.001,2.69712642166137E-17));
#6340=CARTESIAN_POINT('',(-0.00393015879982948,-0.001,-0.00268984350067489));
#6341=CARTESIAN_POINT('',(-0.00393015879982948,-0.001,-0.00268984350067489));
#6342=CARTESIAN_POINT('',(-0.00418821014063,-0.0005,-0.00286645664972191));
#6343=CARTESIAN_POINT('',(-0.00418821014063,-0.001,-0.00286645664972191));
#6344=CARTESIAN_POINT('',(-0.00418821014063,0.,-0.00286645664972191));
#6345=CARTESIAN_POINT('',(-0.00402039038486376,-0.0005,-0.00309744072745646));
#6346=CARTESIAN_POINT('',(-0.00402039038486376,-0.001,-0.00309744072745646));
#6347=CARTESIAN_POINT('',(-0.00402039038486376,0.,-0.00309744072745646));
#6348=CARTESIAN_POINT('',(-0.00097909446629736,-0.001,-0.0049701505972441));
#6349=CARTESIAN_POINT('',(-0.00097909446629736,0.,-0.0049701505972441));
#6350=CARTESIAN_POINT('',(-0.00100498965195089,-0.001,-0.00510184878065613));
#6351=CARTESIAN_POINT('',(-0.00100498965195089,0.,-0.00510184878065613));
#6352=CARTESIAN_POINT('',(-0.00103749005384113,-0.001,-0.00526658949012508));
#6353=CARTESIAN_POINT('',(-0.00103749005384113,0.,-0.00526658949012508));
#6354=CARTESIAN_POINT('',(-0.00103933138061267,-0.001,-0.00527463972637534));
#6355=CARTESIAN_POINT('',(-0.00103933138061267,-2.16840434497101E-19,-0.00527463972637534));
#6356=CARTESIAN_POINT('',(-0.00104664974839741,-0.001,-0.00530139490413105));
#6357=CARTESIAN_POINT('',(-0.00104664974839741,0.,-0.00530139490413105));
#6358=CARTESIAN_POINT('',(-0.0010598993720409,-0.001,-0.0053398219510782));
#6359=CARTESIAN_POINT('',(-0.0010598993720409,0.,-0.0053398219510782));
#6360=CARTESIAN_POINT('',(-0.00109024878419166,-0.001,-0.00541368433590868));
#6361=CARTESIAN_POINT('',(-0.00109024878419166,-2.16840434497101E-19,-0.00541368433590868));
#6362=CARTESIAN_POINT('',(-0.00114305855850588,-0.001,-0.00551843367730292));
#6363=CARTESIAN_POINT('',(-0.00114305855850588,0.,-0.00551843367730292));
#6364=CARTESIAN_POINT('',(-0.0012565753818992,-0.001,-0.00570126327080107));
#6365=CARTESIAN_POINT('',(-0.0012565753818992,-4.33680868994202E-19,-0.00570126327080107));
#6366=CARTESIAN_POINT('',(-0.00144877464895543,-0.001,-0.00594443466429077));
#6367=CARTESIAN_POINT('',(-0.00144877464895543,2.16840434497101E-19,-0.00594443466429077));
#6368=CARTESIAN_POINT('',(-0.00165090010678504,-0.001,-0.00613822255245338));
#6369=CARTESIAN_POINT('',(-0.00165090010678504,0.,-0.00613822255245338));
#6370=CARTESIAN_POINT('',(-0.00176230324746806,-0.001,-0.006232641194862));
#6371=CARTESIAN_POINT('',(-0.00176230324746806,0.,-0.006232641194862));
#6372=CARTESIAN_POINT('',(-0.000920641022183831,0.,-0.0046726680128458));
#6373=CARTESIAN_POINT('',(-0.000976885216780866,0.,-0.00495899170356659));
#6374=CARTESIAN_POINT('',(-0.00103722080925229,0.,-0.00526614357305313));
#6375=CARTESIAN_POINT('',(-0.00103900019649728,0.,-0.00527285888244342));
#6376=CARTESIAN_POINT('',(-0.00104045745470078,0.,-0.00527883491065878));
#6377=CARTESIAN_POINT('',(-0.00104236734011926,0.,-0.00528582018879397));
#6378=CARTESIAN_POINT('',(-0.00104509862142332,0.,-0.00529518468007834));
#6379=CARTESIAN_POINT('',(-0.00104863564144851,0.,-0.00530642832005879));
#6380=CARTESIAN_POINT('',(-0.00105308976642053,0.,-0.00531967085518447));
#6381=CARTESIAN_POINT('',(-0.001058531091125,0.,-0.00533483306969999));
#6382=CARTESIAN_POINT('',(-0.00106504117234265,0.,-0.00535189380444409));
#6383=CARTESIAN_POINT('',(-0.00107269682205708,0.,-0.00537081141431149));
#6384=CARTESIAN_POINT('',(-0.00108157487242591,0.,-0.00539154729778488));
#6385=CARTESIAN_POINT('',(-0.00109175068529938,0.,-0.00541405897640694));
#6386=CARTESIAN_POINT('',(-0.00110329850597663,0.,-0.00543830214825994));
#6387=CARTESIAN_POINT('',(-0.00111629128127773,0.,-0.00546423013168198));
#6388=CARTESIAN_POINT('',(-0.0011308006336975,0.,-0.00549179406617883));
#6389=CARTESIAN_POINT('',(-0.00114689679200047,0.,-0.00552094289868248));
#6390=CARTESIAN_POINT('',(-0.00116464853543661,0.,-0.00555162343330537));
#6391=CARTESIAN_POINT('',(-0.00118412313529336,0.,-0.00558378036514851));
#6392=CARTESIAN_POINT('',(-0.0012053862984254,0.,-0.00561735632058731));
#6393=CARTESIAN_POINT('',(-0.00122850211149334,0.,-0.00565229189762491));
#6394=CARTESIAN_POINT('',(-0.00125353298627129,0.,-0.00568852570807012));
#6395=CARTESIAN_POINT('',(-0.00128053960609434,0.,-0.0057259944209682));
#6396=CARTESIAN_POINT('',(-0.00130958087295182,0.,-0.00576463280752952));
#6397=CARTESIAN_POINT('',(-0.0013407138573904,0.,-0.00580437378696147));
#6398=CARTESIAN_POINT('',(-0.00137399374300228,0.,-0.00584514847521212));
#6399=CARTESIAN_POINT('',(-0.00140947379733687,0.,-0.0058868862287878));
#6400=CARTESIAN_POINT('',(-0.00144720524690455,0.,-0.00592951471364327));
#6401=CARTESIAN_POINT('',(-0.00148723752645243,0.,-0.00597295988374221));
#6402=CARTESIAN_POINT('',(-0.00152961709804934,0.,-0.00601714631207161));
#6403=CARTESIAN_POINT('',(-0.00157439175886523,0.,-0.00606199617622544));
#6404=CARTESIAN_POINT('',(-0.00162159393402337,0.,-0.00610743340239532));
#6405=CARTESIAN_POINT('',(-0.00167130439154478,0.,-0.00615336807558305));
#6406=CARTESIAN_POINT('',(-0.00171830240842163,0.,-0.006195210384178));
#6407=CARTESIAN_POINT('',(-0.00174927142455124,0.,-0.00622159620079476));
#6408=CARTESIAN_POINT('',(-0.00176230324746806,0.,-0.006232641194862));
#6409=CARTESIAN_POINT('',(-0.000979094463261991,0.,-0.00497015058180677));
#6410=CARTESIAN_POINT('',(-0.000979094463261991,-0.001,-0.00497015058180677));
#6411=CARTESIAN_POINT('',(-7.56535111914085E-5,-0.001,-0.00506510606793821));
#6412=CARTESIAN_POINT('',(-7.56535111914085E-5,0.,-0.00506510606793821));
#6413=CARTESIAN_POINT('',(-7.7705789464669E-5,-0.001,-0.00519931024189695));
#6414=CARTESIAN_POINT('',(-7.7705789464669E-5,0.,-0.00519931024189695));
#6415=CARTESIAN_POINT('',(-8.01671187850532E-5,-0.001,-0.00536720818511645));
#6416=CARTESIAN_POINT('',(-8.01671187850532E-5,0.,-0.00536720818511645));
#6417=CARTESIAN_POINT('',(-8.00397676515812E-5,-0.001,-0.00537546533775239));
#6418=CARTESIAN_POINT('',(-8.00397676515812E-5,0.,-0.00537546533775239));
#6419=CARTESIAN_POINT('',(-7.84440380069674E-5,-0.001,-0.0054031574249015));
#6420=CARTESIAN_POINT('',(-7.84440380069674E-5,0.,-0.0054031574249015));
#6421=CARTESIAN_POINT('',(-7.34733827333786E-5,-0.001,-0.00544349950033056));
#6422=CARTESIAN_POINT('',(-7.34733827333786E-5,0.,-0.00544349950033056));
#6423=CARTESIAN_POINT('',(-5.91440313723737E-5,-0.001,-0.00552205781243256));
#6424=CARTESIAN_POINT('',(-5.91440313723737E-5,-2.16840434497101E-19,-0.00552205781243256));
#6425=CARTESIAN_POINT('',(-2.92668900129458E-5,-0.001,-0.00563549789886515));
#6426=CARTESIAN_POINT('',(-2.92668900129458E-5,0.,-0.00563549789886515));
#6427=CARTESIAN_POINT('',(4.3756908516424E-5,-0.001,-0.00583793370177647));
#6428=CARTESIAN_POINT('',(4.3756908516424E-5,0.,-0.00583793370177647));
#6429=CARTESIAN_POINT('',(0.000181197984871332,-0.001,-0.00611575169147308));
#6430=CARTESIAN_POINT('',(0.000181197984871332,-2.16840434497101E-19,-0.00611575169147308));
#6431=CARTESIAN_POINT('',(0.00033861574900666,-0.001,-0.0063473290950254));
#6432=CARTESIAN_POINT('',(0.00033861574900666,0.,-0.0063473290950254));
#6433=CARTESIAN_POINT('',(0.000427953724192095,-0.001,-0.00646284647890365));
#6434=CARTESIAN_POINT('',(0.000427953724192095,0.,-0.00646284647890365));
#6435=CARTESIAN_POINT('',(-7.09795001945961E-5,0.,-0.00476197103734915));
#6436=CARTESIAN_POINT('',(-7.54944188532415E-5,0.,-0.00505373169405829));
#6437=CARTESIAN_POINT('',(-8.03377683612465E-5,0.,-0.00536671603330468));
#6438=CARTESIAN_POINT('',(-7.99934563264872E-5,0.,-0.0053736545524837));
#6439=CARTESIAN_POINT('',(-7.98105288417065E-5,0.,-0.00537980297116152));
#6440=CARTESIAN_POINT('',(-7.9394699989869E-5,0.,-0.00538703269171654));
#6441=CARTESIAN_POINT('',(-7.86700909519547E-5,0.,-0.00539676041171246));
#6442=CARTESIAN_POINT('',(-7.75480474998495E-5,0.,-0.00540849373899675));
#6443=CARTESIAN_POINT('',(-7.59445337137959E-5,0.,-0.00542237295761161));
#6444=CARTESIAN_POINT('',(-7.37745166657647E-5,0.,-0.00543833515638138));
#6445=CARTESIAN_POINT('',(-7.09538225493794E-5,0.,-0.0054563765951314));
#6446=CARTESIAN_POINT('',(-6.73986594029074E-5,0.,-0.00547647250891124));
#6447=CARTESIAN_POINT('',(-6.3025848329E-5,0.,-0.00549860111404319));
#6448=CARTESIAN_POINT('',(-5.77528425467526E-5,0.,-0.00552273652893581));
#6449=CARTESIAN_POINT('',(-5.14978083083472E-5,0.,-0.00554885085624027));
#6450=CARTESIAN_POINT('',(-4.41796871934738E-5,0.,-0.00557691360089767));
#6451=CARTESIAN_POINT('',(-3.57182631626959E-5,0.,-0.00560689186128682));
#6452=CARTESIAN_POINT('',(-2.60342275888192E-5,0.,-0.00563875030135289));
#6453=CARTESIAN_POINT('',(-1.50492441665508E-5,0.,-0.00567245118767627));
#6454=CARTESIAN_POINT('',(-2.68601311244105E-6,0.,-0.00570795441038981));
#6455=CARTESIAN_POINT('',(1.11316652230788E-5,0.,-0.00574521751084354));
#6456=CARTESIAN_POINT('',(2.64788274229142E-5,0.,-0.0057841957094827));
#6457=CARTESIAN_POINT('',(4.34292847367942E-5,0.,-0.00582484193573286));
#6458=CARTESIAN_POINT('',(6.20555616692389E-5,0.,-0.00586710685934739));
#6459=CARTESIAN_POINT('',(8.24288348877173E-5,0.,-0.0059109389233544));
#6460=CARTESIAN_POINT('',(0.000104618874691549,0.,-0.00595628437847139));
#6461=CARTESIAN_POINT('',(0.000128693980578743,0.,-0.00600308731924222));
#6462=CARTESIAN_POINT('',(0.000154720943683174,0.,-0.0060512897208493));
#6463=CARTESIAN_POINT('',(0.000182764910186708,0.,-0.00610083148051023));
#6464=CARTESIAN_POINT('',(0.000212889629605233,0.,-0.00615165044833406));
#6465=CARTESIAN_POINT('',(0.000245156230857715,0.,-0.00620368250557631));
#6466=CARTESIAN_POINT('',(0.000279627646819271,0.,-0.00625686146802764));
#6467=CARTESIAN_POINT('',(0.000316351410680582,0.,-0.0063111196658371));
#6468=CARTESIAN_POINT('',(0.000355425219866914,0.,-0.00636638594148078));
#6469=CARTESIAN_POINT('',(0.00039269671218655,0.,-0.00641708533239604));
#6470=CARTESIAN_POINT('',(0.000417503061264408,0.,-0.0064493333761196));
#6471=CARTESIAN_POINT('',(0.000427953724192095,0.,-0.00646284647890365));
#6472=CARTESIAN_POINT('',(-7.56535109508456E-5,0.,-0.00506510605220713));
#6473=CARTESIAN_POINT('',(-7.56535109508458E-5,0.,-0.00506510605220714));
#6474=CARTESIAN_POINT('',(4.14843948783271E-18,-0.001,4.49152307041303E-17));
#6475=CARTESIAN_POINT('',(4.14843948783271E-18,0.,4.49152307041303E-17));
#6476=CARTESIAN_POINT('',(-0.000630846261945959,0.,-0.00472053378801474));
#6477=CARTESIAN_POINT('',(-0.000364393403874177,0.,-0.00474853911189673));
#6478=CARTESIAN_POINT('',(-0.000364393403874177,-0.001,-0.00474853911189673));
#6479=CARTESIAN_POINT('',(-0.000364393403874177,-0.001,-0.00474853911189673));
#6480=CARTESIAN_POINT('',(4.14843948783271E-18,-0.001,4.49152307041303E-17));
#6481=CARTESIAN_POINT('',(-0.000630846261945959,-0.001,-0.00472053378801474));
#6482=CARTESIAN_POINT('',(-0.000630846261945959,-0.001,-0.00472053378801474));
#6483=CARTESIAN_POINT('',(-0.000672267164261971,-0.0005,-0.00503048057015094));
#6484=CARTESIAN_POINT('',(-0.000672267164261971,-0.001,-0.00503048057015094));
#6485=CARTESIAN_POINT('',(-0.000672267164261971,0.,-0.00503048057015094));
#6486=CARTESIAN_POINT('',(-0.000388319207191,-0.0005,-0.00506032470303413));
#6487=CARTESIAN_POINT('',(-0.000388319207191,-0.001,-0.00506032470303413));
#6488=CARTESIAN_POINT('',(-0.000388319207191,0.,-0.00506032470303413));
#6489=CARTESIAN_POINT('',(0.00112709506721529,-0.001,-0.00493869209838789));
#6490=CARTESIAN_POINT('',(0.00112709506721529,0.,-0.00493869209838789));
#6491=CARTESIAN_POINT('',(0.00115700511500688,-0.001,-0.00506953689650828));
#6492=CARTESIAN_POINT('',(0.00115700511500688,0.,-0.00506953689650828));
#6493=CARTESIAN_POINT('',(0.00119432060363582,-0.001,-0.00523325412769591));
#6494=CARTESIAN_POINT('',(0.00119432060363582,0.,-0.00523325412769591));
#6495=CARTESIAN_POINT('',(0.00119591279399604,-0.001,-0.00524135731952514));
#6496=CARTESIAN_POINT('',(0.00119591279399604,-2.16840434497101E-19,-0.00524135731952514));
#6497=CARTESIAN_POINT('',(0.00120010944353419,-0.001,-0.00526877603897784));
#6498=CARTESIAN_POINT('',(0.00120010944353419,0.,-0.00526877603897784));
#6499=CARTESIAN_POINT('',(0.0012036349981178,-0.001,-0.00530927000060981));
#6500=CARTESIAN_POINT('',(0.0012036349981178,0.,-0.00530927000060981));
#6501=CARTESIAN_POINT('',(0.00120595196896088,-0.001,-0.00538909086477986));
#6502=CARTESIAN_POINT('',(0.00120595196896088,-2.16840434497101E-19,-0.00538909086477986));
#6503=CARTESIAN_POINT('',(0.00120031323500009,-0.001,-0.00550626382012777));
#6504=CARTESIAN_POINT('',(0.00120031323500009,0.,-0.00550626382012777));
#6505=CARTESIAN_POINT('',(0.00117097395173746,-0.001,-0.00571945841647029));
#6506=CARTESIAN_POINT('',(0.00117097395173746,0.,-0.00571945841647029));
#6507=CARTESIAN_POINT('',(0.00109429790063605,-0.001,-0.0060197810231055));
#6508=CARTESIAN_POINT('',(0.00109429790063605,0.,-0.0060197810231055));
#6509=CARTESIAN_POINT('',(0.000988467741861933,-0.001,-0.0062790268982804));
#6510=CARTESIAN_POINT('',(0.000988467741861933,0.,-0.0062790268982804));
#6511=CARTESIAN_POINT('',(0.000925099430380865,-0.001,-0.00641059435963907));
#6512=CARTESIAN_POINT('',(0.000925099430380865,0.,-0.00641059435963907));
#6513=CARTESIAN_POINT('',(0.00105949787781709,0.,-0.00464315307704808));
#6514=CARTESIAN_POINT('',(0.00112457458612105,0.,-0.00492759935902443));
#6515=CARTESIAN_POINT('',(0.00119438519999402,0.,-0.00523273725054011));
#6516=CARTESIAN_POINT('',(0.00119549101125759,0.,-0.00523959573292503));
#6517=CARTESIAN_POINT('',(0.00119659040930041,0.,-0.0052456478266657));
#6518=CARTESIAN_POINT('',(0.0011976868107314,0.,-0.00525280601616024));
#6519=CARTESIAN_POINT('',(0.00119900054285165,0.,-0.00526247181682512));
#6520=CARTESIAN_POINT('',(0.00120034251465565,0.,-0.00527418202870817));
#6521=CARTESIAN_POINT('',(0.00120165969330252,0.,-0.00528809134235887));
#6522=CARTESIAN_POINT('',(0.00120285582406883,0.,-0.00530415590070151));
#6523=CARTESIAN_POINT('',(0.00120384779492178,0.,-0.00532238954601164));
#6524=CARTESIAN_POINT('',(0.00120454849603234,0.,-0.00534278547584087));
#6525=CARTESIAN_POINT('',(0.00120487203708036,0.,-0.00536533967640227));
#6526=CARTESIAN_POINT('',(0.00120473229404471,0.,-0.00539004399412008));
#6527=CARTESIAN_POINT('',(0.00120404342125634,0.,-0.00541688815546234));
#6528=CARTESIAN_POINT('',(0.00120271979133666,0.,-0.00544585918475359));
#6529=CARTESIAN_POINT('',(0.00120067610052744,0.,-0.00547694157720437));
#6530=CARTESIAN_POINT('',(0.00119782742650639,0.,-0.00551011725812822));
#6531=CARTESIAN_POINT('',(0.00119408929958535,0.,-0.00554536560570498));
#6532=CARTESIAN_POINT('',(0.00118937776985631,0.,-0.00558266345809298));
#6533=CARTESIAN_POINT('',(0.00118360947516515,0.,-0.0056219851272636));
#6534=CARTESIAN_POINT('',(0.00117670170846541,0.,-0.00566330241318565));
#6535=CARTESIAN_POINT('',(0.00116857248493753,0.,-0.00570658462011138));
#6536=CARTESIAN_POINT('',(0.00115914060857643,0.,-0.0057517985744708));
#6537=CARTESIAN_POINT('',(0.00114832573879841,0.,-0.00579890864439681));
#6538=CARTESIAN_POINT('',(0.00113604845484838,0.,-0.00584787676121861));
#6539=CARTESIAN_POINT('',(0.00112223032633832,0.,-0.00589866244141251));
#6540=CARTESIAN_POINT('',(0.00110679395764294,0.,-0.00595122281479997));
#6541=CARTESIAN_POINT('',(0.00108966313010964,0.,-0.00600551263664142));
#6542=CARTESIAN_POINT('',(0.00107076256561349,0.,-0.00606148436943979));
#6543=CARTESIAN_POINT('',(0.00105001914001251,0.,-0.00611908800501589));
#6544=CARTESIAN_POINT('',(0.001027357535195,0.,-0.00617827188992462));
#6545=CARTESIAN_POINT('',(0.00100271718733144,0.,-0.00623897971576968));
#6546=CARTESIAN_POINT('',(0.000975987739438573,0.,-0.00630116219242666));
#6547=CARTESIAN_POINT('',(0.000950071714738976,0.,-0.00635850285899656));
#6548=CARTESIAN_POINT('',(0.000932512189201632,0.,-0.00639520373557291));
#6549=CARTESIAN_POINT('',(0.000925099430380865,0.,-0.00641059435963907));
#6550=CARTESIAN_POINT('',(0.00112709506370931,0.,-0.00493869208305059));
#6551=CARTESIAN_POINT('',(0.00112709506370931,-0.001,-0.00493869208305059));
#6552=CARTESIAN_POINT('',(0.00199105131739243,-0.001,-0.00465797569602182));
#6553=CARTESIAN_POINT('',(0.00199105131739243,0.,-0.00465797569602182));
#6554=CARTESIAN_POINT('',(0.00204376222310081,-0.001,-0.00478141204631403));
#6555=CARTESIAN_POINT('',(0.00204376222310081,0.,-0.00478141204631403));
#6556=CARTESIAN_POINT('',(0.00210980393268484,-0.001,-0.00493579556251502));
#6557=CARTESIAN_POINT('',(0.00210980393268484,-4.33680868994202E-19,-0.00493579556251502));
#6558=CARTESIAN_POINT('',(0.00211327876027886,-0.001,-0.00494328704842612));
#6559=CARTESIAN_POINT('',(0.00211327876027886,0.,-0.00494328704842612));
#6560=CARTESIAN_POINT('',(0.00212599991841411,-0.001,-0.00496793598713492));
#6561=CARTESIAN_POINT('',(0.00212599991841411,0.,-0.00496793598713492));
#6562=CARTESIAN_POINT('',(0.00214694943829553,-0.001,-0.00500276855925514));
#6563=CARTESIAN_POINT('',(0.00214694943829553,0.,-0.00500276855925514));
#6564=CARTESIAN_POINT('',(0.00219199249629241,-0.001,-0.00506870687616597));
#6565=CARTESIAN_POINT('',(0.00219199249629241,-2.16840434497101E-19,-0.00506870687616597));
#6566=CARTESIAN_POINT('',(0.00226542686301449,-0.001,-0.00516018742365982));
#6567=CARTESIAN_POINT('',(0.00226542686301449,0.,-0.00516018742365982));
#6568=CARTESIAN_POINT('',(0.0024144754813753,-0.001,-0.0053154202771952));
#6569=CARTESIAN_POINT('',(0.0024144754813753,0.,-0.0053154202771952));
#6570=CARTESIAN_POINT('',(0.00265303290888812,-0.001,-0.00551331731771665));
#6571=CARTESIAN_POINT('',(0.00265303290888812,0.,-0.00551331731771665));
#6572=CARTESIAN_POINT('',(0.00289103220799923,-0.001,-0.00566084622987955));
#6573=CARTESIAN_POINT('',(0.00289103220799923,0.,-0.00566084622987955));
#6574=CARTESIAN_POINT('',(0.00301963166236045,-0.001,-0.00573003958307423));
#6575=CARTESIAN_POINT('',(0.00301963166236045,0.,-0.00573003958307423));
#6576=CARTESIAN_POINT('',(0.00187202511416706,0.,-0.00437914697423229));
#6577=CARTESIAN_POINT('',(0.0019865702808263,0.,-0.00464751997974673));
#6578=CARTESIAN_POINT('',(0.00210944786036386,0.,-0.00493541536889867));
#6579=CARTESIAN_POINT('',(0.00211258455505801,0.,-0.00494161397725624));
#6580=CARTESIAN_POINT('',(0.00211525245480406,0.,-0.00494715643389995));
#6581=CARTESIAN_POINT('',(0.00211857292563173,0.,-0.00495359197944172));
#6582=CARTESIAN_POINT('',(0.00212319150910281,0.,-0.0049621839688096));
#6583=CARTESIAN_POINT('',(0.00212898892095348,0.,-0.0049724465204661));
#6584=CARTESIAN_POINT('',(0.00213609899047692,0.,-0.00498447360977287));
#6585=CARTESIAN_POINT('',(0.00214457381083788,0.,-0.00499817317850344));
#6586=CARTESIAN_POINT('',(0.00215448875736874,0.,-0.00501350757326682));
#6587=CARTESIAN_POINT('',(0.00216591030502273,0.,-0.00503042008889379));
#6588=CARTESIAN_POINT('',(0.00217890558128375,0.,-0.00504885699309904));
#6589=CARTESIAN_POINT('',(0.00219353946939691,0.,-0.00506876106707173));
#6590=CARTESIAN_POINT('',(0.0022098753813368,0.,-0.00509007354053165));
#6591=CARTESIAN_POINT('',(0.00222797496419722,0.,-0.00511273358542652));
#6592=CARTESIAN_POINT('',(0.00224789811668166,0.,-0.00513667851782713));
#6593=CARTESIAN_POINT('',(0.00226970291835793,0.,-0.00516184379891633));
#6594=CARTESIAN_POINT('',(0.00229344558543748,0.,-0.00518816309525417));
#6595=CARTESIAN_POINT('',(0.00231918042063362,0.,-0.00521556832399928));
#6596=CARTESIAN_POINT('',(0.00234695976630134,0.,-0.00524398970405517));
#6597=CARTESIAN_POINT('',(0.00237683395828435,0.,-0.00527335580713516));
#6598=CARTESIAN_POINT('',(0.00240885128118709,0.,-0.00530359361038986));
#6599=CARTESIAN_POINT('',(0.00244305792502235,0.,-0.00533462855002302));
#6600=CARTESIAN_POINT('',(0.00247949794280169,0.,-0.00536638457623838));
#6601=CARTESIAN_POINT('',(0.00251821321106242,0.,-0.00539878420848572));
#6602=CARTESIAN_POINT('',(0.00255924338570314,0.,-0.00543174859468097));
#6603=CARTESIAN_POINT('',(0.00260262588264128,0.,-0.00546519756011403));
#6604=CARTESIAN_POINT('',(0.00264839576987141,0.,-0.00549904970082171));
#6605=CARTESIAN_POINT('',(0.00269658600683621,0.,-0.00553322231078937));
#6606=CARTESIAN_POINT('',(0.00274722635813902,0.,-0.00556763195125792));
#6607=CARTESIAN_POINT('',(0.00280034739627892,0.,-0.00560219256283721));
#6608=CARTESIAN_POINT('',(0.00285596502117832,0.,-0.00563682299255186));
#6609=CARTESIAN_POINT('',(0.0029141395415039,0.,-0.00567141849764633));
#6610=CARTESIAN_POINT('',(0.00296881004407893,0.,-0.0057025750142537));
#6611=CARTESIAN_POINT('',(0.00300458823264958,0.,-0.00572194541696432));
#6612=CARTESIAN_POINT('',(0.00301963166236045,0.,-0.00573003958307423));
#6613=CARTESIAN_POINT('',(0.00199105131121379,0.,-0.00465797568155292));
#6614=CARTESIAN_POINT('',(0.00199105131121379,0.,-0.00465797568155292));
#6615=CARTESIAN_POINT('',(-1.44788821091583E-17,-0.001,4.27194273400119E-17));
#6616=CARTESIAN_POINT('',(-1.44788821091583E-17,0.,4.27194273400119E-17));
#6617=CARTESIAN_POINT('',(0.00134370732939146,0.,-0.00456901049057011));
#6618=CARTESIAN_POINT('',(0.00159851491898283,0.,-0.00448621848596224));
#6619=CARTESIAN_POINT('',(0.00159851491898283,-0.001,-0.00448621848596224));
#6620=CARTESIAN_POINT('',(0.00159851491898283,-0.001,-0.00448621848596224));
#6621=CARTESIAN_POINT('',(-1.44788821091583E-17,-0.001,4.27194273400119E-17));
#6622=CARTESIAN_POINT('',(0.00134370732939146,-0.001,-0.00456901049057011));
#6623=CARTESIAN_POINT('',(0.00134370732939146,-0.001,-0.00456901049057011));
#6624=CARTESIAN_POINT('',(0.00143193416592743,-0.0005,-0.00486900836426275));
#6625=CARTESIAN_POINT('',(0.00143193416592743,-0.001,-0.00486900836426275));
#6626=CARTESIAN_POINT('',(0.00143193416592743,0.,-0.00486900836426275));
#6627=CARTESIAN_POINT('',(0.00170347223474094,-0.0005,-0.0047807802974282));
#6628=CARTESIAN_POINT('',(0.00170347223474094,-0.001,-0.0047807802974282));
#6629=CARTESIAN_POINT('',(0.00170347223474094,0.,-0.0047807802974282));
#6630=CARTESIAN_POINT('',(0.0044243372832929,-0.001,-0.00246703517139185));
#6631=CARTESIAN_POINT('',(0.0044243372832929,0.,-0.00246703517139185));
#6632=CARTESIAN_POINT('',(0.00454158764637171,-0.001,-0.00253235993325094));
#6633=CARTESIAN_POINT('',(0.00454158764637171,0.,-0.00253235993325094));
#6634=CARTESIAN_POINT('',(0.00468822219510314,-0.001,-0.00261417733114216));
#6635=CARTESIAN_POINT('',(0.00468822219510314,2.16840434497101E-19,-0.00261417733114216));
#6636=CARTESIAN_POINT('',(0.00469530942348206,-0.001,-0.00261841619677692));
#6637=CARTESIAN_POINT('',(0.00469530942348206,-2.16840434497101E-19,-0.00261841619677692));
#6638=CARTESIAN_POINT('',(0.00471849360961469,-0.001,-0.00263364418276128));
#6639=CARTESIAN_POINT('',(0.00471849360961469,2.16840434497101E-19,-0.00263364418276128));
#6640=CARTESIAN_POINT('',(0.00475094554414085,-0.001,-0.00265811993421619));
#6641=CARTESIAN_POINT('',(0.00475094554414085,-4.33680868994202E-19,-0.00265811993421619));
#6642=CARTESIAN_POINT('',(0.00481181436241911,-0.001,-0.00270980867256558));
#6643=CARTESIAN_POINT('',(0.00481181436241911,0.,-0.00270980867256558));
#6644=CARTESIAN_POINT('',(0.00489511778839752,-0.001,-0.0027924030791916));
#6645=CARTESIAN_POINT('',(0.00489511778839752,0.,-0.0027924030791916));
#6646=CARTESIAN_POINT('',(0.00503392043708954,-0.001,-0.00295686144525453));
#6647=CARTESIAN_POINT('',(0.00503392043708954,-4.33680868994202E-19,-0.00295686144525453));
#6648=CARTESIAN_POINT('',(0.00520579733561768,-0.001,-0.00321479790374967));
#6649=CARTESIAN_POINT('',(0.00520579733561768,2.16840434497101E-19,-0.00321479790374967));
#6650=CARTESIAN_POINT('',(0.00532764036796872,-0.001,-0.00346691438827392));
#6651=CARTESIAN_POINT('',(0.00532764036796872,0.,-0.00346691438827392));
#6652=CARTESIAN_POINT('',(0.00538301236939333,-0.001,-0.00360204203624634));
#6653=CARTESIAN_POINT('',(0.00538301236939333,0.,-0.00360204203624634));
#6654=CARTESIAN_POINT('',(0.0041594776405274,0.,-0.00231951546835813));
#6655=CARTESIAN_POINT('',(0.00441440724039167,0.,-0.00246148576245829));
#6656=CARTESIAN_POINT('',(0.00468788130391973,0.,-0.00261378346836815));
#6657=CARTESIAN_POINT('',(0.00469371808177603,0.,-0.00261755091092659));
#6658=CARTESIAN_POINT('',(0.00469895130480173,0.,-0.00262078354011437));
#6659=CARTESIAN_POINT('',(0.00470500451203872,0.,-0.0026247585187412));
#6660=CARTESIAN_POINT('',(0.00471306666015714,0.,-0.00263024990857381));
#6661=CARTESIAN_POINT('',(0.00472266699793019,0.,-0.00263708829034962));
#6662=CARTESIAN_POINT('',(0.00473388499694232,0.,-0.0026454165833311));
#6663=CARTESIAN_POINT('',(0.00474662365805317,0.,-0.00265527697260622));
#6664=CARTESIAN_POINT('',(0.00476083765527332,0.,-0.00266674048474232));
#6665=CARTESIAN_POINT('',(0.00477646364554569,0.,-0.00267986730323168));
#6666=CARTESIAN_POINT('',(0.00479344117420332,0.,-0.00269471857127361));
#6667=CARTESIAN_POINT('',(0.00481170655374008,0.,-0.00271135283568165));
#6668=CARTESIAN_POINT('',(0.00483119470746928,0.,-0.00272982701788589));
#6669=CARTESIAN_POINT('',(0.00485183869668507,0.,-0.00275019606900804));
#6670=CARTESIAN_POINT('',(0.00487356991972795,0.,-0.00277251300736545));
#6671=CARTESIAN_POINT('',(0.00489631812036317,0.,-0.00279682884821662));
#6672=CARTESIAN_POINT('',(0.00492001145233814,0.,-0.00282319256608215));
#6673=CARTESIAN_POINT('',(0.00494457652959723,0.,-0.00285165104960463));
#6674=CARTESIAN_POINT('',(0.00496993848204617,0.,-0.00288224906029138));
#6675=CARTESIAN_POINT('',(0.00499602101116152,0.,-0.00291502919195202));
#6676=CARTESIAN_POINT('',(0.00502274644700518,0.,-0.00295003183171668));
#6677=CARTESIAN_POINT('',(0.00505003580607815,0.,-0.00298729512252536));
#6678=CARTESIAN_POINT('',(0.00507780885039929,0.,-0.00302685492669431));
#6679=CARTESIAN_POINT('',(0.00510598414657486,0.,-0.00306874479243391));
#6680=CARTESIAN_POINT('',(0.00513447912931062,0.,-0.00311299591611645));
#6681=CARTESIAN_POINT('',(0.00516321015207356,0.,-0.00315963712815178));
#6682=CARTESIAN_POINT('',(0.00519209259123633,0.,-0.00320869479539718));
#6683=CARTESIAN_POINT('',(0.00522104074865661,0.,-0.00326019305160742));
#6684=CARTESIAN_POINT('',(0.00524996853141332,0.,-0.00331415277660697));
#6685=CARTESIAN_POINT('',(0.00527878715586229,0.,-0.00337059537975977));
#6686=CARTESIAN_POINT('',(0.0053074142515982,0.,-0.00342952819109098));
#6687=CARTESIAN_POINT('',(0.00533573934568501,0.,-0.00349100024029081));
#6688=CARTESIAN_POINT('',(0.00536101056001421,0.,-0.0035486279949342));
#6689=CARTESIAN_POINT('',(0.00537653501056223,0.,-0.00358623494527254));
#6690=CARTESIAN_POINT('',(0.00538301236939333,0.,-0.00360204203624634));
#6691=CARTESIAN_POINT('',(0.00442433726954911,0.,-0.00246703516373465));
#6692=CARTESIAN_POINT('',(0.00442433726954911,-0.001,-0.00246703516373465));
#6693=CARTESIAN_POINT('',(0.00479382391099648,-0.001,-0.00163715461810377));
#6694=CARTESIAN_POINT('',(0.00479382391099648,0.,-0.00163715461810377));
#6695=CARTESIAN_POINT('',(0.00492082547629033,-0.001,-0.00168057782119811));
#6696=CARTESIAN_POINT('',(0.00492082547629033,0.,-0.00168057782119811));
#6697=CARTESIAN_POINT('',(0.00507974531667304,-0.001,-0.00173480200226244));
#6698=CARTESIAN_POINT('',(0.00507974531667304,0.,-0.00173480200226244));
#6699=CARTESIAN_POINT('',(0.00508763768915798,-0.001,-0.00173723248462674));
#6700=CARTESIAN_POINT('',(0.00508763768915798,0.,-0.00173723248462674));
#6701=CARTESIAN_POINT('',(0.00511446753666957,-0.001,-0.00174427218108878));
#6702=CARTESIAN_POINT('',(0.00511446753666957,-2.16840434497101E-19,-0.00174427218108878));
#6703=CARTESIAN_POINT('',(0.00515437114733996,-0.001,-0.0017520111938965));
#6704=CARTESIAN_POINT('',(0.00515437114733996,0.,-0.0017520111938965));
#6705=CARTESIAN_POINT('',(0.00523351255506264,-0.001,-0.00176265902439927));
#6706=CARTESIAN_POINT('',(0.00523351255506264,-2.16840434497101E-19,-0.00176265902439927));
#6707=CARTESIAN_POINT('',(0.00535063303289684,-0.001,-0.00176929908897215));
#6708=CARTESIAN_POINT('',(0.00535063303289684,0.,-0.00176929908897215));
#6709=CARTESIAN_POINT('',(0.00556572651712649,-0.001,-0.0017624054329057));
#6710=CARTESIAN_POINT('',(0.00556572651712649,0.,-0.0017624054329057));
#6711=CARTESIAN_POINT('',(0.00587241875489032,-0.001,-0.00171754168179109));
#6712=CARTESIAN_POINT('',(0.00587241875489032,-2.16840434497101E-19,-0.00171754168179109));
#6713=CARTESIAN_POINT('',(0.00614130671789976,-0.001,-0.00163938984464043));
#6714=CARTESIAN_POINT('',(0.00614130671789976,0.,-0.00163938984464043));
#6715=CARTESIAN_POINT('',(0.00627877723115791,-0.001,-0.00159012121595185));
#6716=CARTESIAN_POINT('',(0.00627877723115791,0.,-0.00159012121595185));
#6717=CARTESIAN_POINT('',(0.00450696971366733,0.,-0.00153903549344563));
#6718=CARTESIAN_POINT('',(0.00478305540083537,0.,-0.0016334884374696));
#6719=CARTESIAN_POINT('',(0.00507922451886632,0.,-0.00173481221638023));
#6720=CARTESIAN_POINT('',(0.00508592984101507,0.,-0.00173662887651805));
#6721=CARTESIAN_POINT('',(0.00509183386236505,0.,-0.00173835486800161));
#6722=CARTESIAN_POINT('',(0.00509883823339186,0.,-0.00174019349777849));
#6723=CARTESIAN_POINT('',(0.00510831376138968,0.,-0.00174251038442648));
#6724=CARTESIAN_POINT('',(0.00511981954925635,0.,-0.00174506905522119));
#6725=CARTESIAN_POINT('',(0.00513351498357171,0.,-0.00174783293740664));
#6726=CARTESIAN_POINT('',(0.00514936650887201,0.,-0.00175070171924009));
#6727=CARTESIAN_POINT('',(0.00516739657917646,0.,-0.00175359419089695));
#6728=CARTESIAN_POINT('',(0.00518760753475772,0.,-0.00175642300869547));
#6729=CARTESIAN_POINT('',(0.00521000436180001,0.,-0.00175910233327669));
#6730=CARTESIAN_POINT('',(0.00523458795380527,0.,-0.00176154566013513));
#6731=CARTESIAN_POINT('',(0.00526135706683691,0.,-0.00176366653999679));
#6732=CARTESIAN_POINT('',(0.00529030774679985,0.,-0.0017653784582314));
#6733=CARTESIAN_POINT('',(0.00532143349051226,0.,-0.00176659495769184));
#6734=CARTESIAN_POINT('',(0.00535472519910255,0.,-0.00176722969194995));
#6735=CARTESIAN_POINT('',(0.00539017119320574,0.,-0.00176719649848424));
#6736=CARTESIAN_POINT('',(0.00542775721301804,0.,-0.00176640946620132));
#6737=CARTESIAN_POINT('',(0.0054674664249504,0.,-0.00176478300448357));
#6738=CARTESIAN_POINT('',(0.00550927942869479,0.,-0.0017622319116564));
#6739=CARTESIAN_POINT('',(0.00555317426640523,0.,-0.00175867144344235));
#6740=CARTESIAN_POINT('',(0.0055991264335336,0.,-0.00175401738105428));
#6741=CARTESIAN_POINT('',(0.00564710889128569,0.,-0.00174818609947828));
#6742=CARTESIAN_POINT('',(0.00569709208126432,0.,-0.00174109463377482));
#6743=CARTESIAN_POINT('',(0.00574904393992671,0.,-0.00173266075152522));
#6744=CARTESIAN_POINT('',(0.00580292992198744,0.,-0.00172280299993165));
#6745=CARTESIAN_POINT('',(0.00585871299758096,0.,-0.00171144084851216));
#6746=CARTESIAN_POINT('',(0.00591635375833232,0.,-0.00169849446250177));
#6747=CARTESIAN_POINT('',(0.00597581011356653,0.,-0.00168388589106204));
#6748=CARTESIAN_POINT('',(0.00603703856568798,0.,-0.00166753482942657));
#6749=CARTESIAN_POINT('',(0.00609998944540766,0.,-0.00164937515971068));
#6750=CARTESIAN_POINT('',(0.00616462526806348,0.,-0.00162929197725724));
#6751=CARTESIAN_POINT('',(0.00622436077869812,0.,-0.00160951165501189));
#6752=CARTESIAN_POINT('',(0.00626269607425263,0.,-0.00159588460862182));
#6753=CARTESIAN_POINT('',(0.00627877723115791,0.,-0.00159012121595185));
#6754=CARTESIAN_POINT('',(0.00479382389610967,0.,-0.00163715461301381));
#6755=CARTESIAN_POINT('',(0.00479382389610967,0.,-0.00163715461301381));
#6756=CARTESIAN_POINT('',(-4.14349845401869E-17,-0.001,1.78249700012071E-17));
#6757=CARTESIAN_POINT('',(-4.14349845401869E-17,0.,1.78249700012071E-17));
#6758=CARTESIAN_POINT('',(0.00429455220370365,0.,-0.00205869561122184));
#6759=CARTESIAN_POINT('',(0.00440352531081653,0.,-0.00181393800527972));
#6760=CARTESIAN_POINT('',(0.00440352531081653,-0.001,-0.00181393800527972));
#6761=CARTESIAN_POINT('',(0.00440352531081653,-0.001,-0.00181393800527972));
#6762=CARTESIAN_POINT('',(-4.14349845401869E-17,-0.001,1.78249700012071E-17));
#6763=CARTESIAN_POINT('',(0.00429455220370365,-0.001,-0.00205869561122184));
#6764=CARTESIAN_POINT('',(0.00429455220370365,-0.001,-0.00205869561122184));
#6765=CARTESIAN_POINT('',(0.004576529347821,-0.0005,-0.00219386805331223));
#6766=CARTESIAN_POINT('',(0.004576529347821,-0.001,-0.00219386805331223));
#6767=CARTESIAN_POINT('',(0.004576529347821,0.,-0.00219386805331223));
#6768=CARTESIAN_POINT('',(0.00469265754912573,-0.0005,-0.00193303984269448));
#6769=CARTESIAN_POINT('',(0.00469265754912573,-0.001,-0.00193303984269448));
#6770=CARTESIAN_POINT('',(0.00469265754912573,0.,-0.00193303984269448));
#6771=CARTESIAN_POINT('',(0.00303839962426918,-0.001,-0.00405328886911123));
#6772=CARTESIAN_POINT('',(0.00303839962426918,0.,-0.00405328886911123));
#6773=CARTESIAN_POINT('',(0.00311894318651848,-0.001,-0.00416065602765728));
#6774=CARTESIAN_POINT('',(0.00311894318651848,0.,-0.00416065602765728));
#6775=CARTESIAN_POINT('',(0.00321962237868208,-0.001,-0.00429504158396689));
#6776=CARTESIAN_POINT('',(0.00321962237868208,2.16840434497101E-19,-0.00429504158396689));
#6777=CARTESIAN_POINT('',(0.00322437278199618,-0.001,-0.00430179661589263));
#6778=CARTESIAN_POINT('',(0.00322437278199618,0.,-0.00430179661589263));
#6779=CARTESIAN_POINT('',(0.00323935881002671,-0.001,-0.00432513793135773));
#6780=CARTESIAN_POINT('',(0.00323935881002671,0.,-0.00432513793135773));
#6781=CARTESIAN_POINT('',(0.00325904994242126,-0.001,-0.00436069703383223));
#6782=CARTESIAN_POINT('',(0.00325904994242126,0.,-0.00436069703383223));
#6783=CARTESIAN_POINT('',(0.00329363267095039,-0.001,-0.00443267462477709));
#6784=CARTESIAN_POINT('',(0.00329363267095039,-2.16840434497101E-19,-0.00443267462477709));
#6785=CARTESIAN_POINT('',(0.00333613996567113,-0.001,-0.00454201092561614));
#6786=CARTESIAN_POINT('',(0.00333613996567113,0.,-0.00454201092561614));
#6787=CARTESIAN_POINT('',(0.00339605125115431,-0.001,-0.00474870724228328));
#6788=CARTESIAN_POINT('',(0.00339605125115431,0.,-0.00474870724228328));
#6789=CARTESIAN_POINT('',(0.00344815640182323,-0.001,-0.00505425255503155));
#6790=CARTESIAN_POINT('',(0.00344815640182323,0.,-0.00505425255503155));
#6791=CARTESIAN_POINT('',(0.00345692053799343,-0.001,-0.00533413045022615));
#6792=CARTESIAN_POINT('',(0.00345692053799343,0.,-0.00533413045022615));
#6793=CARTESIAN_POINT('',(0.00345254401245245,-0.001,-0.0054800975212131));
#6794=CARTESIAN_POINT('',(0.00345254401245245,0.,-0.0054800975212131));
#6795=CARTESIAN_POINT('',(0.00285643996950739,0.,-0.00381079479250729));
#6796=CARTESIAN_POINT('',(0.00303158522664325,0.,-0.00404418031947213));
#6797=CARTESIAN_POINT('',(0.00321947115751246,0.,-0.00429454311948317));
#6798=CARTESIAN_POINT('',(0.00322327096247114,0.,-0.004300358880951));
#6799=CARTESIAN_POINT('',(0.00322673692085096,0.,-0.00430544057822769));
#6800=CARTESIAN_POINT('',(0.0032306500313635,0.,-0.00431153396308786));
#6801=CARTESIAN_POINT('',(0.0032357816206896,0.,-0.00431982976838726));
#6802=CARTESIAN_POINT('',(0.00324177054520644,0.,-0.00432998175015438));
#6803=CARTESIAN_POINT('',(0.00324863127531796,0.,-0.00434215279563774));
#6804=CARTESIAN_POINT('',(0.00325625803967905,0.,-0.00435634198972813));
#6805=CARTESIAN_POINT('',(0.00326458054183036,0.,-0.00437259578268271));
#6806=CARTESIAN_POINT('',(0.00327351643617823,0.,-0.00439094339091509));
#6807=CARTESIAN_POINT('',(0.00328298562545661,0.,-0.00441141608238896));
#6808=CARTESIAN_POINT('',(0.00329290611509917,0.,-0.00443404143823743));
#6809=CARTESIAN_POINT('',(0.00330319530256301,0.,-0.00445884498970133));
#6810=CARTESIAN_POINT('',(0.00331376968566265,0.,-0.00448584971070378));
#6811=CARTESIAN_POINT('',(0.00332454502917126,0.,-0.00451507613307908));
#6812=CARTESIAN_POINT('',(0.00333543640104974,0.,-0.00454654228579981));
#6813=CARTESIAN_POINT('',(0.00334635824674828,0.,-0.00458026368681322));
#6814=CARTESIAN_POINT('',(0.00335722445343999,0.,-0.00461625332222784));
#6815=CARTESIAN_POINT('',(0.00336794841774514,0.,-0.00465452163130454));
#6816=CARTESIAN_POINT('',(0.00337844311303107,0.,-0.00469507649201935));
#6817=CARTESIAN_POINT('',(0.0033886211573529,0.,-0.00473792320864165));
#6818=CARTESIAN_POINT('',(0.0033983948815625,0.,-0.00478306450099777));
#6819=CARTESIAN_POINT('',(0.00340767639809857,0.,-0.00483050049521671));
#6820=CARTESIAN_POINT('',(0.00341637766856768,0.,-0.00488022871716851));
#6821=CARTESIAN_POINT('',(0.00342441057711257,0.,-0.0049322440838267));
#6822=CARTESIAN_POINT('',(0.00343168698243884,0.,-0.00498653891097126));
#6823=CARTESIAN_POINT('',(0.0034381188526491,0.,-0.00504310286639475));
#6824=CARTESIAN_POINT('',(0.00344361808251232,0.,-0.00510192314080449));
#6825=CARTESIAN_POINT('',(0.00344809752964177,0.,-0.00516298379172356));
#6826=CARTESIAN_POINT('',(0.00345146737816981,0.,-0.00522626826601776));
#6827=CARTESIAN_POINT('',(0.00345364939759697,0.,-0.00529174975693612));
#6828=CARTESIAN_POINT('',(0.00345452272370275,0.,-0.00535942812193828));
#6829=CARTESIAN_POINT('',(0.00345416980729064,0.,-0.0054223524243096));
#6830=CARTESIAN_POINT('',(0.00345305597383425,0.,-0.00546302244586849));
#6831=CARTESIAN_POINT('',(0.00345254401245245,0.,-0.0054800975212131));
#6832=CARTESIAN_POINT('',(0.00303839961482806,0.,-0.00405328885652591));
#6833=CARTESIAN_POINT('',(0.00303839961482806,-0.001,-0.00405328885652591));
#6834=CARTESIAN_POINT('',(0.00371348528506575,-0.001,-0.00344543900988252));
#6835=CARTESIAN_POINT('',(0.00371348528506575,-2.16840434497101E-19,-0.00344543900988252));
#6836=CARTESIAN_POINT('',(0.00381184518029525,-0.001,-0.00353676427015864));
#6837=CARTESIAN_POINT('',(0.00381184518029525,-2.16840434497101E-19,-0.00353676427015864));
#6838=CARTESIAN_POINT('',(0.00393497071722652,-0.001,-0.00365093904685975));
#6839=CARTESIAN_POINT('',(0.00393497071722652,-4.33680868994202E-19,-0.00365093904685975));
#6840=CARTESIAN_POINT('',(0.00394119219202226,-0.001,-0.00365636952007397));
#6841=CARTESIAN_POINT('',(0.00394119219202226,0.,-0.00365636952007397));
#6842=CARTESIAN_POINT('',(0.00396283917483846,-0.001,-0.00367371328491114));
#6843=CARTESIAN_POINT('',(0.00396283917483846,0.,-0.00367371328491114));
#6844=CARTESIAN_POINT('',(0.00399614519701981,-0.001,-0.00369701348555896));
#6845=CARTESIAN_POINT('',(0.00399614519701981,0.,-0.00369701348555896));
#6846=CARTESIAN_POINT('',(0.00406411360772157,-0.001,-0.00373893047325392));
#6847=CARTESIAN_POINT('',(0.00406411360772157,-2.16840434497101E-19,-0.00373893047325392));
#6848=CARTESIAN_POINT('',(0.00416840773066976,-0.001,-0.00379263366407265));
#6849=CARTESIAN_POINT('',(0.00416840773066976,-4.33680868994202E-19,-0.00379263366407265));
#6850=CARTESIAN_POINT('',(0.00436770930868326,-0.001,-0.00387382239760964));
#6851=CARTESIAN_POINT('',(0.00436770930868326,4.33680868994202E-19,-0.00387382239760964));
#6852=CARTESIAN_POINT('',(0.00466613434091081,-0.001,-0.00395758029281155));
#6853=CARTESIAN_POINT('',(0.00466613434091081,-4.33680868994202E-19,-0.00395758029281155));
#6854=CARTESIAN_POINT('',(0.00494356293402569,-0.001,-0.0039955516244141));
#6855=CARTESIAN_POINT('',(0.00494356293402569,-2.16840434497101E-19,-0.0039955516244141));
#6856=CARTESIAN_POINT('',(0.00508918785361423,-0.001,-0.00400645678755588));
#6857=CARTESIAN_POINT('',(0.00508918785361423,-2.16840434497101E-19,-0.00400645678755588));
#6858=CARTESIAN_POINT('',(0.00349133957947498,0.,-0.00323912861596934));
#6859=CARTESIAN_POINT('',(0.00370513893152654,0.,-0.00343770983954341));
#6860=CARTESIAN_POINT('',(0.00393449079029986,0.,-0.00365073655036903));
#6861=CARTESIAN_POINT('',(0.00393987750464482,0.,-0.00365512345220754));
#6862=CARTESIAN_POINT('',(0.00394456907254892,0.,-0.00365910160571182));
#6863=CARTESIAN_POINT('',(0.0039502200457808,0.,-0.00366363021195108));
#6864=CARTESIAN_POINT('',(0.00395793400864437,0.,-0.00366960083767342));
#6865=CARTESIAN_POINT('',(0.0039674043637168,0.,-0.00367661812528838));
#6866=CARTESIAN_POINT('',(0.00397879159336407,0.,-0.00368471349228324));
#6867=CARTESIAN_POINT('',(0.00399210584360622,0.,-0.00369378165108443));
#6868=CARTESIAN_POINT('',(0.00400740065822192,0.,-0.00370375754569797));
#6869=CARTESIAN_POINT('',(0.00402471370103255,0.,-0.00371456233557478));
#6870=CARTESIAN_POINT('',(0.00404408444115676,0.,-0.00372611963062223));
#6871=CARTESIAN_POINT('',(0.00406554887940138,0.,-0.00373835076846227));
#6872=CARTESIAN_POINT('',(0.00408914104146125,0.,-0.0037511762677987));
#6873=CARTESIAN_POINT('',(0.00411489250376109,0.,-0.00376451548530867));
#6874=CARTESIAN_POINT('',(0.00414283249063847,0.,-0.00377828679337579));
#6875=CARTESIAN_POINT('',(0.0041729878101169,0.,-0.00379240760976838));
#6876=CARTESIAN_POINT('',(0.00420538283802032,0.,-0.00380679447068057));
#6877=CARTESIAN_POINT('',(0.00424003949055944,0.,-0.00382136309243854));
#6878=CARTESIAN_POINT('',(0.00427697720232599,0.,-0.0038360284372848));
#6879=CARTESIAN_POINT('',(0.00431621290489978,0.,-0.00385070477880042));
#6880=CARTESIAN_POINT('',(0.00435776100739326,0.,-0.0038653057681751));
#6881=CARTESIAN_POINT('',(0.00440163337865461,0.,-0.00387974450082075));
#6882=CARTESIAN_POINT('',(0.00444783933087361,0.,-0.00389393358381737));
#6883=CARTESIAN_POINT('',(0.00449638560599179,0.,-0.00390778520243807));
#6884=CARTESIAN_POINT('',(0.00454727635944321,0.,-0.00392121119221254));
#6885=CARTESIAN_POINT('',(0.00460051316237684,0.,-0.00393412309147389));
#6886=CARTESIAN_POINT('',(0.00465609494102512,0.,-0.00394643227056293));
#6887=CARTESIAN_POINT('',(0.00471401816577041,0.,-0.00395804976796259));
#6888=CARTESIAN_POINT('',(0.00477427609033014,0.,-0.00396888725221867));
#6889=CARTESIAN_POINT('',(0.00483686164056451,0.,-0.00397885366921055));
#6890=CARTESIAN_POINT('',(0.00490175633388664,0.,-0.00398786841492515));
#6891=CARTESIAN_POINT('',(0.00496897266228824,0.,-0.00399581127234928));
#6892=CARTESIAN_POINT('',(0.00503158914855752,0.,-0.00400203766987928));
#6893=CARTESIAN_POINT('',(0.00507215280278246,0.,-0.00400518111297371));
#6894=CARTESIAN_POINT('',(0.00508918785361423,0.,-0.00400645678755588));
#6895=CARTESIAN_POINT('',(0.00371348527353625,0.,-0.0034454389991776));
#6896=CARTESIAN_POINT('',(0.00371348527353625,0.,-0.0034454389991776));
#6897=CARTESIAN_POINT('',(-3.06026734529613E-17,-0.001,3.31370468949917E-17));
#6898=CARTESIAN_POINT('',(-3.06026734529613E-17,0.,3.31370468949917E-17));
#6899=CARTESIAN_POINT('',(0.00308592171627924,0.,-0.00362746377114868));
#6900=CARTESIAN_POINT('',(0.00328502549029558,0.,-0.00344818992778941));
#6901=CARTESIAN_POINT('',(0.00328502549029558,-0.001,-0.00344818992778941));
#6902=CARTESIAN_POINT('',(0.00328502549029558,-0.001,-0.00344818992778941));
#6903=CARTESIAN_POINT('',(-3.06026734529613E-17,-0.001,3.31370468949917E-17));
#6904=CARTESIAN_POINT('',(0.00308592171627924,-0.001,-0.00362746377114868));
#6905=CARTESIAN_POINT('',(0.00308592171627924,-0.001,-0.00362746377114868));
#6906=CARTESIAN_POINT('',(0.00328854107011447,-0.0005,-0.00386564037864119));
#6907=CARTESIAN_POINT('',(0.00328854107011447,-0.001,-0.00386564037864119));
#6908=CARTESIAN_POINT('',(0.00328854107011447,0.,-0.00386564037864119));
#6909=CARTESIAN_POINT('',(0.00350071785172674,-0.0005,-0.00367459554637142));
#6910=CARTESIAN_POINT('',(0.00350071785172674,-0.001,-0.00367459554637142));
#6911=CARTESIAN_POINT('',(0.00350071785172674,0.,-0.00367459554637142));
#6912=CARTESIAN_POINT('',(-0.00502945094166161,-0.001,-0.000604686826910594));
#6913=CARTESIAN_POINT('',(-0.00502945094166161,0.,-0.000604686826910594));
#6914=CARTESIAN_POINT('',(-0.00516270540961929,-0.001,-0.000620756018656752));
#6915=CARTESIAN_POINT('',(-0.00516270540961929,0.,-0.000620756018656752));
#6916=CARTESIAN_POINT('',(-0.00532942631136692,-0.001,-0.00064075397854812));
#6917=CARTESIAN_POINT('',(-0.00532942631136692,2.16840434497101E-19,-0.00064075397854812));
#6918=CARTESIAN_POINT('',(-0.00533765154227504,-0.001,-0.000641490432533483));
#6919=CARTESIAN_POINT('',(-0.00533765154227504,0.,-0.000641490432533483));
#6920=CARTESIAN_POINT('',(-0.00536535872844083,-0.001,-0.000642798055777197));
#6921=CARTESIAN_POINT('',(-0.00536535872844083,0.,-0.000642798055777197));
#6922=CARTESIAN_POINT('',(-0.00540599938071679,-0.001,-0.000642071525422912));
#6923=CARTESIAN_POINT('',(-0.00540599938071679,0.,-0.000642071525422912));
#6924=CARTESIAN_POINT('',(-0.00548562516724281,-0.001,-0.000636032251388891));
#6925=CARTESIAN_POINT('',(-0.00548562516724281,-2.16840434497101E-19,-0.000636032251388891));
#6926=CARTESIAN_POINT('',(-0.0056015668286856,-0.001,-0.000618176498043675));
#6927=CARTESIAN_POINT('',(-0.0056015668286856,0.,-0.000618176498043675));
#6928=CARTESIAN_POINT('',(-0.00581052673252963,-0.001,-0.00056671303491193));
#6929=CARTESIAN_POINT('',(-0.00581052673252963,-2.16840434497101E-19,-0.00056671303491193));
#6930=CARTESIAN_POINT('',(-0.0061011893107113,-0.001,-0.000459064762685088));
#6931=CARTESIAN_POINT('',(-0.0061011893107113,2.16840434497101E-19,-0.000459064762685088));
#6932=CARTESIAN_POINT('',(-0.00634795274599274,-0.001,-0.000326715779653417));
#6933=CARTESIAN_POINT('',(-0.00634795274599274,0.,-0.000326715779653417));
#6934=CARTESIAN_POINT('',(-0.0064721756748129,-0.001,-0.000249942061861132));
#6935=CARTESIAN_POINT('',(-0.0064721756748129,0.,-0.000249942061861132));
#6936=CARTESIAN_POINT('',(-0.00472846508367445,0.,-0.000568352181725004));
#6937=CARTESIAN_POINT('',(-0.00501815550746955,0.,-0.000603339660274602));
#6938=CARTESIAN_POINT('',(-0.00532891901787632,0.,-0.000640872249415501));
#6939=CARTESIAN_POINT('',(-0.00533585551752916,0.,-0.00064125509630523));
#6940=CARTESIAN_POINT('',(-0.00534198937565502,0.,-0.000641715855672269));
#6941=CARTESIAN_POINT('',(-0.00534922295699524,0.,-0.000642058016353862));
#6942=CARTESIAN_POINT('',(-0.00535897312979241,0.,-0.000642354200422346));
#6943=CARTESIAN_POINT('',(-0.00537075946615992,0.,-0.000642464770311716));
#6944=CARTESIAN_POINT('',(-0.00538473026579489,0.,-0.000642320814135129));
#6945=CARTESIAN_POINT('',(-0.00540083185051693,0.,-0.000641831188775315));
#6946=CARTESIAN_POINT('',(-0.00541906929919911,0.,-0.000640911790584111));
#6947=CARTESIAN_POINT('',(-0.00543942674120097,0.,-0.000639476697978705));
#6948=CARTESIAN_POINT('',(-0.00546189120674036,0.,-0.000637440910710094));
#6949=CARTESIAN_POINT('',(-0.00548644558449609,0.,-0.000634719628834298));
#6950=CARTESIAN_POINT('',(-0.00551307068389982,0.,-0.00063122855083033));
#6951=CARTESIAN_POINT('',(-0.00554174464985988,0.,-0.000626883874722742));
#6952=CARTESIAN_POINT('',(-0.00557244314585292,0.,-0.000621602384748053));
#6953=CARTESIAN_POINT('',(-0.00560513931940767,0.,-0.000615301513116518));
#6954=CARTESIAN_POINT('',(-0.00563980383218575,0.,-0.000607899408440957));
#6955=CARTESIAN_POINT('',(-0.00567640487407361,0.,-0.000599315001771443));
#6956=CARTESIAN_POINT('',(-0.00571490818404649,0.,-0.000589468072750629));
#6957=CARTESIAN_POINT('',(-0.00575527707131542,0.,-0.000578279315115817));
#6958=CARTESIAN_POINT('',(-0.00579747243853999,0.,-0.000565670401748216));
#6959=CARTESIAN_POINT('',(-0.00584145280658486,0.,-0.000551564049025259));
#6960=CARTESIAN_POINT('',(-0.00588717434090027,0.,-0.000535884081021664));
#6961=CARTESIAN_POINT('',(-0.00593459087963011,0.,-0.000518555491317212));
#6962=CARTESIAN_POINT('',(-0.00598365396281571,0.,-0.00049950451085427));
#6963=CARTESIAN_POINT('',(-0.00603431286508012,0.,-0.00047865864914277));
#6964=CARTESIAN_POINT('',(-0.00608651462252052,0.,-0.000455946834426962));
#6965=CARTESIAN_POINT('',(-0.00614020408934853,0.,-0.000431299169984887));
#6966=CARTESIAN_POINT('',(-0.0061953238877808,0.,-0.000404648159534363));
#6967=CARTESIAN_POINT('',(-0.00625181477444873,0.,-0.000375924296819453));
#6968=CARTESIAN_POINT('',(-0.0063096144187753,0.,-0.000345073235615742));
#6969=CARTESIAN_POINT('',(-0.00636866226520665,0.,-0.000311990375708052));
#6970=CARTESIAN_POINT('',(-0.00642297985136958,0.,-0.000280222589944102));
#6971=CARTESIAN_POINT('',(-0.00645764420648384,0.,-0.000258922971095834));
#6972=CARTESIAN_POINT('',(-0.0064721756748129,0.,-0.000249942061861132));
#6973=CARTESIAN_POINT('',(-0.00502945092604185,0.,-0.000604686825027003));
#6974=CARTESIAN_POINT('',(-0.00502945092604185,-0.001,-0.000604686825027003));
#6975=CARTESIAN_POINT('',(-0.00484058035228104,-0.001,-0.00149325308850538));
#6976=CARTESIAN_POINT('',(-0.00484058035228104,0.,-0.00149325308850538));
#6977=CARTESIAN_POINT('',(-0.00496885029530214,-0.001,-0.00153277262634965));
#6978=CARTESIAN_POINT('',(-0.00496885029530214,0.,-0.00153277262634965));
#6979=CARTESIAN_POINT('',(-0.00512929132086235,-0.001,-0.00158231508083617));
#6980=CARTESIAN_POINT('',(-0.00512929132086235,2.16840434497101E-19,-0.00158231508083617));
#6981=CARTESIAN_POINT('',(-0.0051371049860183,-0.001,-0.00158498779945117));
#6982=CARTESIAN_POINT('',(-0.0051371049860183,-2.16840434497101E-19,-0.00158498779945117));
#6983=CARTESIAN_POINT('',(-0.00516294861837266,-0.001,-0.00159506275406671));
#6984=CARTESIAN_POINT('',(-0.00516294861837266,-2.16840434497101E-19,-0.00159506275406671));
#6985=CARTESIAN_POINT('',(-0.00519978019513761,-0.001,-0.00161225651505085));
#6986=CARTESIAN_POINT('',(-0.00519978019513761,2.16840434497101E-19,-0.00161225651505085));
#6987=CARTESIAN_POINT('',(-0.00527006557668246,-0.001,-0.00165016039152595));
#6988=CARTESIAN_POINT('',(-0.00527006557668246,-2.16840434497101E-19,-0.00165016039152595));
#6989=CARTESIAN_POINT('',(-0.00536872096566984,-0.001,-0.00171363015605513));
#6990=CARTESIAN_POINT('',(-0.00536872096566984,-2.16840434497101E-19,-0.00171363015605513));
#6991=CARTESIAN_POINT('',(-0.00553868326042072,-0.001,-0.00184563601886066));
#6992=CARTESIAN_POINT('',(-0.00553868326042072,0.,-0.00184563601886066));
#6993=CARTESIAN_POINT('',(-0.00576043224154684,-0.001,-0.00206220073029395));
#6994=CARTESIAN_POINT('',(-0.00576043224154684,2.16840434497101E-19,-0.00206220073029395));
#6995=CARTESIAN_POINT('',(-0.00593203067588766,-0.001,-0.00228347527386633));
#6996=CARTESIAN_POINT('',(-0.00593203067588766,0.,-0.00228347527386633));
#6997=CARTESIAN_POINT('',(-0.0060142872839951,-0.001,-0.00240413757208319));
#6998=CARTESIAN_POINT('',(-0.0060142872839951,0.,-0.00240413757208319));
#6999=CARTESIAN_POINT('',(-0.00455083745729207,0.,-0.00140402446107874));
#7000=CARTESIAN_POINT('',(-0.00482971351764759,0.,-0.00148988951948101));
#7001=CARTESIAN_POINT('',(-0.00512887599029388,0.,-0.00158200070017108));
#7002=CARTESIAN_POINT('',(-0.00513536851590242,0.,-0.00158447228071749));
#7003=CARTESIAN_POINT('',(-0.00514115948184933,0.,-0.00158654622095388));
#7004=CARTESIAN_POINT('',(-0.0051479068565122,0.,-0.00158917580420916));
#7005=CARTESIAN_POINT('',(-0.00515693455149603,0.,-0.0015928709791517));
#7006=CARTESIAN_POINT('',(-0.00516774687837245,0.,-0.0015975639034198));
#7007=CARTESIAN_POINT('',(-0.00518045128666659,0.,-0.00160337785007564));
#7008=CARTESIAN_POINT('',(-0.00519496166767505,0.,-0.00161037424961708));
#7009=CARTESIAN_POINT('',(-0.0052112484531437,0.,-0.00161863200031368));
#7010=CARTESIAN_POINT('',(-0.00522926219706489,0.,-0.00162822314026608));
#7011=CARTESIAN_POINT('',(-0.00524895647823713,0.,-0.00163922004578004));
#7012=CARTESIAN_POINT('',(-0.00527028117344609,0.,-0.00165169322565782));
#7013=CARTESIAN_POINT('',(-0.00529318446271759,0.,-0.00166571188766365));
#7014=CARTESIAN_POINT('',(-0.00531761229509775,0.,-0.00168134369944493));
#7015=CARTESIAN_POINT('',(-0.00534350859116592,0.,-0.00169865478382858));
#7016=CARTESIAN_POINT('',(-0.00537081523662329,0.,-0.00171770964835984));
#7017=CARTESIAN_POINT('',(-0.00539947213760567,0.,-0.00173857113502441));
#7018=CARTESIAN_POINT('',(-0.00542941726041575,0.,-0.00176130036565445));
#7019=CARTESIAN_POINT('',(-0.00546058667749115,0.,-0.00178595668997881));
#7020=CARTESIAN_POINT('',(-0.00549291461336519,0.,-0.00181259763438523));
#7021=CARTESIAN_POINT('',(-0.00552633349233079,0.,-0.00184127885193628));
#7022=CARTESIAN_POINT('',(-0.00556077398723105,0.,-0.00187205407365005));
#7023=CARTESIAN_POINT('',(-0.00559616506967203,0.,-0.00190497506057944));
#7024=CARTESIAN_POINT('',(-0.00563243406084017,0.,-0.00194009155878054));
#7025=CARTESIAN_POINT('',(-0.00566950668578153,0.,-0.00197745124919997));
#7026=CARTESIAN_POINT('',(-0.00570730712001978,0.,-0.00201709972332609));
#7027=CARTESIAN_POINT('',(-0.00574575807113475,0.,-0.0020590803660785));
#7028=CARTESIAN_POINT('',(-0.00578478073138391,0.,-0.00210343460147721));
#7029=CARTESIAN_POINT('',(-0.00582429523034265,0.,-0.00215020075279723));
#7030=CARTESIAN_POINT('',(-0.00586421917575951,0.,-0.00219941822071407));
#7031=CARTESIAN_POINT('',(-0.00590447352121808,0.,-0.00225111130084454));
#7032=CARTESIAN_POINT('',(-0.00594496040172682,0.,-0.00230535092007738));
#7033=CARTESIAN_POINT('',(-0.0059816608632965,0.,-0.00235646518911729));
#7034=CARTESIAN_POINT('',(-0.0060046649919841,0.,-0.0023900226225992));
#7035=CARTESIAN_POINT('',(-0.0060142872839951,0.,-0.00240413757208319));
#7036=CARTESIAN_POINT('',(-0.00484058033724556,0.,-0.001493253083873));
#7037=CARTESIAN_POINT('',(-0.00484058033724556,0.,-0.001493253083873));
#7038=CARTESIAN_POINT('',(4.39988611439397E-17,-0.001,9.93416918648829E-18));
#7039=CARTESIAN_POINT('',(4.39988611439397E-17,0.,9.93416918648829E-18));
#7040=CARTESIAN_POINT('',(-0.00468443663526208,0.,-0.000858754714813558));
#7041=CARTESIAN_POINT('',(-0.00462873281968704,0.,-0.0011208205627807));
#7042=CARTESIAN_POINT('',(-0.00462873281968704,-0.001,-0.0011208205627807));
#7043=CARTESIAN_POINT('',(-0.00462873281968704,-0.001,-0.0011208205627807));
#7044=CARTESIAN_POINT('',(4.39988611439397E-17,-0.001,9.93416918648829E-18));
#7045=CARTESIAN_POINT('',(-0.00468443663526208,-0.001,-0.000858754714813558));
#7046=CARTESIAN_POINT('',(-0.00468443663526208,-0.001,-0.000858754714813558));
#7047=CARTESIAN_POINT('',(-0.00499201330485541,-0.0005,-0.000915139918787002));
#7048=CARTESIAN_POINT('',(-0.00499201330485541,-0.001,-0.000915139918787002));
#7049=CARTESIAN_POINT('',(-0.00499201330485541,0.,-0.000915139918787002));
#7050=CARTESIAN_POINT('',(-0.00493265201765418,-0.0005,-0.00119441281789134));
#7051=CARTESIAN_POINT('',(-0.00493265201765418,-0.001,-0.00119441281789134));
#7052=CARTESIAN_POINT('',(-0.00493265201765418,0.,-0.00119441281789134));
#7053=CARTESIAN_POINT('',(-0.00484058035228103,-0.001,0.00149325308850537));
#7054=CARTESIAN_POINT('',(-0.00484058035228103,0.,0.00149325308850537));
#7055=CARTESIAN_POINT('',(-0.00496885029530213,-0.001,0.00153277262634964));
#7056=CARTESIAN_POINT('',(-0.00496885029530213,0.,0.00153277262634964));
#7057=CARTESIAN_POINT('',(-0.00512929132086234,-0.001,0.00158231508083617));
#7058=CARTESIAN_POINT('',(-0.00512929132086234,0.,0.00158231508083617));
#7059=CARTESIAN_POINT('',(-0.0051371049860183,-0.001,0.00158498779945117));
#7060=CARTESIAN_POINT('',(-0.0051371049860183,-2.16840434497101E-19,0.00158498779945117));
#7061=CARTESIAN_POINT('',(-0.00516294861837265,-0.001,0.00159506275406671));
#7062=CARTESIAN_POINT('',(-0.00516294861837265,0.,0.00159506275406671));
#7063=CARTESIAN_POINT('',(-0.00519978019513761,-0.001,0.00161225651505084));
#7064=CARTESIAN_POINT('',(-0.00519978019513761,0.,0.00161225651505084));
#7065=CARTESIAN_POINT('',(-0.00527006557668246,-0.001,0.00165016039152595));
#7066=CARTESIAN_POINT('',(-0.00527006557668246,-2.16840434497101E-19,0.00165016039152595));
#7067=CARTESIAN_POINT('',(-0.00536872096566984,-0.001,0.00171363015605513));
#7068=CARTESIAN_POINT('',(-0.00536872096566984,4.33680868994202E-19,0.00171363015605513));
#7069=CARTESIAN_POINT('',(-0.00553868326042072,-0.001,0.00184563601886065));
#7070=CARTESIAN_POINT('',(-0.00553868326042072,-4.33680868994202E-19,0.00184563601886065));
#7071=CARTESIAN_POINT('',(-0.00576043224154684,-0.001,0.00206220073029395));
#7072=CARTESIAN_POINT('',(-0.00576043224154684,2.16840434497101E-19,0.00206220073029395));
#7073=CARTESIAN_POINT('',(-0.00593203067588766,-0.001,0.00228347527386633));
#7074=CARTESIAN_POINT('',(-0.00593203067588766,0.,0.00228347527386633));
#7075=CARTESIAN_POINT('',(-0.0060142872839951,-0.001,0.00240413757208319));
#7076=CARTESIAN_POINT('',(-0.0060142872839951,0.,0.00240413757208319));
#7077=CARTESIAN_POINT('',(-0.00455083745729207,0.,0.00140402446107874));
#7078=CARTESIAN_POINT('',(-0.0048297135176476,0.,0.00148988951948101));
#7079=CARTESIAN_POINT('',(-0.00512887599029388,0.,0.00158200070017108));
#7080=CARTESIAN_POINT('',(-0.00513536851590242,0.,0.00158447228071749));
#7081=CARTESIAN_POINT('',(-0.00514115948184933,0.,0.00158654622095388));
#7082=CARTESIAN_POINT('',(-0.0051479068565122,0.,0.00158917580420916));
#7083=CARTESIAN_POINT('',(-0.00515693455149603,0.,0.0015928709791517));
#7084=CARTESIAN_POINT('',(-0.00516774687837245,0.,0.0015975639034198));
#7085=CARTESIAN_POINT('',(-0.00518045128666659,0.,0.00160337785007563));
#7086=CARTESIAN_POINT('',(-0.00519496166767505,0.,0.00161037424961708));
#7087=CARTESIAN_POINT('',(-0.0052112484531437,0.,0.00161863200031368));
#7088=CARTESIAN_POINT('',(-0.00522926219706489,0.,0.00162822314026608));
#7089=CARTESIAN_POINT('',(-0.00524895647823713,0.,0.00163922004578004));
#7090=CARTESIAN_POINT('',(-0.00527028117344609,0.,0.00165169322565782));
#7091=CARTESIAN_POINT('',(-0.00529318446271759,0.,0.00166571188766365));
#7092=CARTESIAN_POINT('',(-0.00531761229509775,0.,0.00168134369944493));
#7093=CARTESIAN_POINT('',(-0.00534350859116592,0.,0.00169865478382858));
#7094=CARTESIAN_POINT('',(-0.00537081523662329,0.,0.00171770964835984));
#7095=CARTESIAN_POINT('',(-0.00539947213760567,0.,0.00173857113502441));
#7096=CARTESIAN_POINT('',(-0.00542941726041575,0.,0.00176130036565445));
#7097=CARTESIAN_POINT('',(-0.00546058667749115,0.,0.00178595668997881));
#7098=CARTESIAN_POINT('',(-0.00549291461336519,0.,0.00181259763438523));
#7099=CARTESIAN_POINT('',(-0.00552633349233079,0.,0.00184127885193628));
#7100=CARTESIAN_POINT('',(-0.00556077398723105,0.,0.00187205407365005));
#7101=CARTESIAN_POINT('',(-0.00559616506967203,0.,0.00190497506057944));
#7102=CARTESIAN_POINT('',(-0.00563243406084018,0.,0.00194009155878054));
#7103=CARTESIAN_POINT('',(-0.00566950668578153,0.,0.00197745124919997));
#7104=CARTESIAN_POINT('',(-0.00570730712001978,0.,0.00201709972332609));
#7105=CARTESIAN_POINT('',(-0.00574575807113475,0.,0.00205908036607849));
#7106=CARTESIAN_POINT('',(-0.00578478073138391,0.,0.00210343460147721));
#7107=CARTESIAN_POINT('',(-0.00582429523034265,0.,0.00215020075279722));
#7108=CARTESIAN_POINT('',(-0.00586421917575951,0.,0.00219941822071407));
#7109=CARTESIAN_POINT('',(-0.00590447352121808,0.,0.00225111130084454));
#7110=CARTESIAN_POINT('',(-0.00594496040172682,0.,0.00230535092007738));
#7111=CARTESIAN_POINT('',(-0.0059816608632965,0.,0.00235646518911729));
#7112=CARTESIAN_POINT('',(-0.0060046649919841,0.,0.0023900226225992));
#7113=CARTESIAN_POINT('',(-0.0060142872839951,0.,0.00240413757208319));
#7114=CARTESIAN_POINT('',(-0.00484058033724555,0.,0.00149325308387299));
#7115=CARTESIAN_POINT('',(-0.00484058033724555,-0.001,0.00149325308387299));
#7116=CARTESIAN_POINT('',(-0.00502945094166162,-0.001,0.000604686826910594));
#7117=CARTESIAN_POINT('',(-0.00502945094166162,0.,0.000604686826910594));
#7118=CARTESIAN_POINT('',(-0.0051627054096193,-0.001,0.000620756018656752));
#7119=CARTESIAN_POINT('',(-0.0051627054096193,0.,0.000620756018656752));
#7120=CARTESIAN_POINT('',(-0.00532942631136693,-0.001,0.00064075397854812));
#7121=CARTESIAN_POINT('',(-0.00532942631136693,-2.16840434497101E-19,0.00064075397854812));
#7122=CARTESIAN_POINT('',(-0.00533765154227505,-0.001,0.000641490432533482));
#7123=CARTESIAN_POINT('',(-0.00533765154227505,0.,0.000641490432533482));
#7124=CARTESIAN_POINT('',(-0.00536535872844082,-0.001,0.000642798055777196));
#7125=CARTESIAN_POINT('',(-0.00536535872844082,0.,0.000642798055777196));
#7126=CARTESIAN_POINT('',(-0.00540599938071679,-0.001,0.000642071525422911));
#7127=CARTESIAN_POINT('',(-0.00540599938071679,0.,0.000642071525422911));
#7128=CARTESIAN_POINT('',(-0.0054856251672428,-0.001,0.00063603225138889));
#7129=CARTESIAN_POINT('',(-0.0054856251672428,-2.16840434497101E-19,0.00063603225138889));
#7130=CARTESIAN_POINT('',(-0.00560156682868562,-0.001,0.000618176498043674));
#7131=CARTESIAN_POINT('',(-0.00560156682868562,0.,0.000618176498043674));
#7132=CARTESIAN_POINT('',(-0.00581052673252962,-0.001,0.000566713034911928));
#7133=CARTESIAN_POINT('',(-0.00581052673252962,0.,0.000566713034911928));
#7134=CARTESIAN_POINT('',(-0.00610118931071131,-0.001,0.000459064762685087));
#7135=CARTESIAN_POINT('',(-0.00610118931071131,0.,0.000459064762685087));
#7136=CARTESIAN_POINT('',(-0.00634795274599274,-0.001,0.000326715779653415));
#7137=CARTESIAN_POINT('',(-0.00634795274599274,0.,0.000326715779653415));
#7138=CARTESIAN_POINT('',(-0.0064721756748129,-0.001,0.00024994206186113));
#7139=CARTESIAN_POINT('',(-0.0064721756748129,0.,0.00024994206186113));
#7140=CARTESIAN_POINT('',(-0.00472846508367445,0.,0.000568352181725003));
#7141=CARTESIAN_POINT('',(-0.00501815550746955,0.,0.000603339660274601));
#7142=CARTESIAN_POINT('',(-0.00532891901787632,0.,0.0006408722494155));
#7143=CARTESIAN_POINT('',(-0.00533585551752917,0.,0.000641255096305229));
#7144=CARTESIAN_POINT('',(-0.00534198937565502,0.,0.000641715855672268));
#7145=CARTESIAN_POINT('',(-0.00534922295699524,0.,0.000642058016353861));
#7146=CARTESIAN_POINT('',(-0.00535897312979241,0.,0.000642354200422345));
#7147=CARTESIAN_POINT('',(-0.00537075946615992,0.,0.000642464770311715));
#7148=CARTESIAN_POINT('',(-0.00538473026579489,0.,0.000642320814135128));
#7149=CARTESIAN_POINT('',(-0.00540083185051693,0.,0.000641831188775314));
#7150=CARTESIAN_POINT('',(-0.00541906929919911,0.,0.00064091179058411));
#7151=CARTESIAN_POINT('',(-0.00543942674120097,0.,0.000639476697978703));
#7152=CARTESIAN_POINT('',(-0.00546189120674036,0.,0.000637440910710093));
#7153=CARTESIAN_POINT('',(-0.00548644558449609,0.,0.000634719628834297));
#7154=CARTESIAN_POINT('',(-0.00551307068389982,0.,0.000631228550830328));
#7155=CARTESIAN_POINT('',(-0.00554174464985988,0.,0.000626883874722741));
#7156=CARTESIAN_POINT('',(-0.00557244314585293,0.,0.000621602384748052));
#7157=CARTESIAN_POINT('',(-0.00560513931940768,0.,0.000615301513116517));
#7158=CARTESIAN_POINT('',(-0.00563980383218575,0.,0.000607899408440955));
#7159=CARTESIAN_POINT('',(-0.00567640487407361,0.,0.000599315001771442));
#7160=CARTESIAN_POINT('',(-0.00571490818404649,0.,0.000589468072750628));
#7161=CARTESIAN_POINT('',(-0.00575527707131542,0.,0.000578279315115816));
#7162=CARTESIAN_POINT('',(-0.00579747243853999,0.,0.000565670401748215));
#7163=CARTESIAN_POINT('',(-0.00584145280658486,0.,0.000551564049025257));
#7164=CARTESIAN_POINT('',(-0.00588717434090027,0.,0.000535884081021663));
#7165=CARTESIAN_POINT('',(-0.00593459087963011,0.,0.000518555491317211));
#7166=CARTESIAN_POINT('',(-0.00598365396281571,0.,0.000499504510854268));
#7167=CARTESIAN_POINT('',(-0.00603431286508012,0.,0.000478658649142769));
#7168=CARTESIAN_POINT('',(-0.00608651462252052,0.,0.000455946834426961));
#7169=CARTESIAN_POINT('',(-0.00614020408934854,0.,0.000431299169984885));
#7170=CARTESIAN_POINT('',(-0.0061953238877808,0.,0.000404648159534361));
#7171=CARTESIAN_POINT('',(-0.00625181477444873,0.,0.000375924296819451));
#7172=CARTESIAN_POINT('',(-0.0063096144187753,0.,0.00034507323561574));
#7173=CARTESIAN_POINT('',(-0.00636866226520665,0.,0.000311990375708051));
#7174=CARTESIAN_POINT('',(-0.00642297985136958,0.,0.000280222589944101));
#7175=CARTESIAN_POINT('',(-0.00645764420648384,0.,0.000258922971095833));
#7176=CARTESIAN_POINT('',(-0.0064721756748129,0.,0.00024994206186113));
#7177=CARTESIAN_POINT('',(-0.00502945092604186,0.,0.000604686825027003));
#7178=CARTESIAN_POINT('',(-0.00502945092604186,0.,0.000604686825027003));
#7179=CARTESIAN_POINT('',(4.4235550366153E-17,-0.001,-8.82063394507485E-18));
#7180=CARTESIAN_POINT('',(4.4235550366153E-17,0.,-8.82063394507485E-18));
#7181=CARTESIAN_POINT('',(-0.00462873281968704,0.,0.0011208205627807));
#7182=CARTESIAN_POINT('',(-0.00468443663526208,0.,0.000858754714813557));
#7183=CARTESIAN_POINT('',(-0.00468443663526208,-0.001,0.000858754714813557));
#7184=CARTESIAN_POINT('',(-0.00468443663526208,-0.001,0.000858754714813557));
#7185=CARTESIAN_POINT('',(4.4235550366153E-17,-0.001,-8.82063394507485E-18));
#7186=CARTESIAN_POINT('',(-0.00462873281968704,-0.001,0.0011208205627807));
#7187=CARTESIAN_POINT('',(-0.00462873281968704,-0.001,0.0011208205627807));
#7188=CARTESIAN_POINT('',(-0.00493265201765417,-0.0005,0.00119441281789134));
#7189=CARTESIAN_POINT('',(-0.00493265201765417,-0.001,0.00119441281789134));
#7190=CARTESIAN_POINT('',(-0.00493265201765417,0.,0.00119441281789134));
#7191=CARTESIAN_POINT('',(-0.00499201330485541,-0.0005,0.000915139918787002));
#7192=CARTESIAN_POINT('',(-0.00499201330485541,-0.001,0.000915139918787002));
#7193=CARTESIAN_POINT('',(-0.00499201330485541,0.,0.000915139918787002));
#7194=CARTESIAN_POINT('',(-0.00212927716039968,-0.001,0.00459643358566403));
#7195=CARTESIAN_POINT('',(-0.00212927716039968,0.,0.00459643358566403));
#7196=CARTESIAN_POINT('',(-0.00218573776509677,-0.001,0.0047182004624052));
#7197=CARTESIAN_POINT('',(-0.00218573776509677,0.,0.0047182004624052));
#7198=CARTESIAN_POINT('',(-0.0022562765471216,-0.001,0.00487058175295563));
#7199=CARTESIAN_POINT('',(-0.0022562765471216,2.16840434497101E-19,0.00487058175295563));
#7200=CARTESIAN_POINT('',(-0.0022595186926166,-0.001,0.00487817683561177));
#7201=CARTESIAN_POINT('',(-0.0022595186926166,0.,0.00487817683561177));
#7202=CARTESIAN_POINT('',(-0.00226932430761493,-0.001,0.0049041238577584));
#7203=CARTESIAN_POINT('',(-0.00226932430761493,0.,0.0049041238577584));
#7204=CARTESIAN_POINT('',(-0.00228119198840296,-0.001,0.00494299992515835));
#7205=CARTESIAN_POINT('',(-0.00228119198840296,0.,0.00494299992515835));
#7206=CARTESIAN_POINT('',(-0.00230005401870622,-0.001,0.00502059478660923));
#7207=CARTESIAN_POINT('',(-0.00230005401870622,-2.16840434497101E-19,0.00502059478660923));
#7208=CARTESIAN_POINT('',(-0.00231890013187579,-0.001,0.00513637959046555));
#7209=CARTESIAN_POINT('',(-0.00231890013187579,0.,0.00513637959046555));
#7210=CARTESIAN_POINT('',(-0.00233452763134398,-0.001,0.00535101535335788));
#7211=CARTESIAN_POINT('',(-0.00233452763134398,0.,0.00535101535335788));
#7212=CARTESIAN_POINT('',(-0.00232196771686172,-0.001,0.00566071703791397));
#7213=CARTESIAN_POINT('',(-0.00232196771686172,0.,0.00566071703791397));
#7214=CARTESIAN_POINT('',(-0.00227235044921668,-0.001,0.00593630109596667));
#7215=CARTESIAN_POINT('',(-0.00227235044921668,0.,0.00593630109596667));
#7216=CARTESIAN_POINT('',(-0.0022377213007266,-0.001,0.00607816850541359));
#7217=CARTESIAN_POINT('',(-0.0022377213007266,0.,0.00607816850541359));
#7218=CARTESIAN_POINT('',(-0.00200171111414409,0.,0.00432140704695959));
#7219=CARTESIAN_POINT('',(-0.00212450544766779,0.,0.00458610728675607));
#7220=CARTESIAN_POINT('',(-0.00225623226709098,0.,0.00487006274046776));
#7221=CARTESIAN_POINT('',(-0.00225873987239441,0.,0.0048765414374677));
#7222=CARTESIAN_POINT('',(-0.00226107354699484,0.,0.00488223270073359));
#7223=CARTESIAN_POINT('',(-0.00226363426070501,0.,0.00488900651193795));
#7224=CARTESIAN_POINT('',(-0.00226692891758579,0.,0.00489818795140107));
#7225=CARTESIAN_POINT('',(-0.00227067625403856,0.,0.00490936325543175));
#7226=CARTESIAN_POINT('',(-0.00227485655809097,0.,0.00492269476036746));
#7227=CARTESIAN_POINT('',(-0.00227936656001745,0.,0.0049381595799971));
#7228=CARTESIAN_POINT('',(-0.00228412784195348,0.,0.00495578853407256));
#7229=CARTESIAN_POINT('',(-0.00228905378332019,0.,0.0049755930799471));
#7230=CARTESIAN_POINT('',(-0.00229405953619381,0.,0.00499758714914636));
#7231=CARTESIAN_POINT('',(-0.00229905916334598,0.,0.00502178067246062));
#7232=CARTESIAN_POINT('',(-0.00230396655905409,0.,0.00504818144917746));
#7233=CARTESIAN_POINT('',(-0.00230869526930856,0.,0.0050767945901041));
#7234=CARTESIAN_POINT('',(-0.00231315863081599,0.,0.00510762266491655));
#7235=CARTESIAN_POINT('',(-0.00231726981907193,0.,0.00514066565024723));
#7236=CARTESIAN_POINT('',(-0.00232094192273609,0.,0.00517592093714791));
#7237=CARTESIAN_POINT('',(-0.0023240880107897,0.,0.00521338332408605));
#7238=CARTESIAN_POINT('',(-0.00232662120190027,0.,0.00525304501634452));
#7239=CARTESIAN_POINT('',(-0.00232845473325253,0.,0.00529489562589232));
#7240=CARTESIAN_POINT('',(-0.00232950202958716,0.,0.00533892217335991));
#7241=CARTESIAN_POINT('',(-0.00232967677205356,0.,0.00538510909169808));
#7242=CARTESIAN_POINT('',(-0.0023288929674208,0.,0.00543343823142813));
#7243=CARTESIAN_POINT('',(-0.00232706501554614,0.,0.00548388886827453));
#7244=CARTESIAN_POINT('',(-0.00232410778293583,0.,0.00553643770997029));
#7245=CARTESIAN_POINT('',(-0.0023199366520334,0.,0.00559105891460846));
#7246=CARTESIAN_POINT('',(-0.00231446766283636,0.,0.00564772407290449));
#7247=CARTESIAN_POINT('',(-0.00230761729862606,0.,0.00570640233737193));
#7248=CARTESIAN_POINT('',(-0.00229930363591333,0.,0.00576705999599429));
#7249=CARTESIAN_POINT('',(-0.00228944226311285,0.,0.00582966218359412));
#7250=CARTESIAN_POINT('',(-0.00227796223268618,0.,0.00589416641417689));
#7251=CARTESIAN_POINT('',(-0.00226474535122182,0.,0.00596054741923262));
#7252=CARTESIAN_POINT('',(-0.00225131744878051,0.,0.00602202329917702));
#7253=CARTESIAN_POINT('',(-0.00224177218230962,0.,0.00606157300418943));
#7254=CARTESIAN_POINT('',(-0.0022377213007266,0.,0.00607816850541359));
#7255=CARTESIAN_POINT('',(-0.00212927715378151,0.,0.00459643357139082));
#7256=CARTESIAN_POINT('',(-0.00212927715378151,-0.001,0.00459643357139082));
#7257=CARTESIAN_POINT('',(-0.00291598967179321,-0.001,0.00414222490543614));
#7258=CARTESIAN_POINT('',(-0.00291598967179321,0.,0.00414222490543614));
#7259=CARTESIAN_POINT('',(-0.002993212578042,-0.001,0.00425200466178743));
#7260=CARTESIAN_POINT('',(-0.002993212578042,0.,0.00425200466178743));
#7261=CARTESIAN_POINT('',(-0.00308990925570772,-0.001,0.00438928368424816));
#7262=CARTESIAN_POINT('',(-0.00308990925570772,-4.33680868994202E-19,0.00438928368424816));
#7263=CARTESIAN_POINT('',(-0.00309486571748428,-0.001,0.00439588900593766));
#7264=CARTESIAN_POINT('',(-0.00309486571748428,4.33680868994202E-19,0.00439588900593766));
#7265=CARTESIAN_POINT('',(-0.00311243369031664,-0.001,0.00441735442869926));
#7266=CARTESIAN_POINT('',(-0.00311243369031664,-2.16840434497101E-19,0.00441735442869926));
#7267=CARTESIAN_POINT('',(-0.00314016751189023,-0.001,0.00444707017544567));
#7268=CARTESIAN_POINT('',(-0.00314016751189023,0.,0.00444707017544567));
#7269=CARTESIAN_POINT('',(-0.0031979356179582,-0.001,0.0045022026035807));
#7270=CARTESIAN_POINT('',(-0.0031979356179582,-2.16840434497101E-19,0.0045022026035807));
#7271=CARTESIAN_POINT('',(-0.00328878514288518,-0.001,0.00457641621827629));
#7272=CARTESIAN_POINT('',(-0.00328878514288518,0.,0.00457641621827629));
#7273=CARTESIAN_POINT('',(-0.0034668514163765,-0.001,0.00469726791125955));
#7274=CARTESIAN_POINT('',(-0.0034668514163765,0.,0.00469726791125955));
#7275=CARTESIAN_POINT('',(-0.00374134090003802,-0.001,0.00484124154852657));
#7276=CARTESIAN_POINT('',(-0.00374134090003802,-2.16840434497101E-19,0.00484124154852657));
#7277=CARTESIAN_POINT('',(-0.00400481232901225,-0.001,0.004936063763306));
#7278=CARTESIAN_POINT('',(-0.00400481232901225,0.,0.004936063763306));
#7279=CARTESIAN_POINT('',(-0.00414498768380735,-0.001,0.00497700774572559));
#7280=CARTESIAN_POINT('',(-0.00414498768380735,0.,0.00497700774572559));
#7281=CARTESIAN_POINT('',(-0.00274159272568805,0.,0.00389423619936623));
#7282=CARTESIAN_POINT('',(-0.00290943269097778,0.,0.00413292933153678));
#7283=CARTESIAN_POINT('',(-0.00308948191772365,0.,0.00438898583037282));
#7284=CARTESIAN_POINT('',(-0.00309383883125731,0.,0.00439439682876823));
#7285=CARTESIAN_POINT('',(-0.00309760077252497,0.,0.00439926348188932));
#7286=CARTESIAN_POINT('',(-0.0031021867082533,0.,0.00440486803061632));
#7287=CARTESIAN_POINT('',(-0.00310849073963128,0.,0.00441231200690338));
#7288=CARTESIAN_POINT('',(-0.00311629516859049,0.,0.00442114494748336));
#7289=CARTESIAN_POINT('',(-0.00312575043850928,0.,0.00443143094945614));
#7290=CARTESIAN_POINT('',(-0.00313688836421025,0.,0.00444306913551041));
#7291=CARTESIAN_POINT('',(-0.00314977484531374,0.,0.00445600700365931));
#7292=CARTESIAN_POINT('',(-0.00316446311446815,0.,0.00447017526695771));
#7293=CARTESIAN_POINT('',(-0.00318100766069049,0.,0.00448550741071097));
#7294=CARTESIAN_POINT('',(-0.00319946005291161,0.,0.00450193397649133));
#7295=CARTESIAN_POINT('',(-0.00321987009837398,0.,0.00451938429419939));
#7296=CARTESIAN_POINT('',(-0.00324228545017127,0.,0.00453778604787022));
#7297=CARTESIAN_POINT('',(-0.0032667516653549,0.,0.00455706546972815));
#7298=CARTESIAN_POINT('',(-0.00329331213594018,0.,0.00457714735586288));
#7299=CARTESIAN_POINT('',(-0.0033220080581818,0.,0.00459795513437171));
#7300=CARTESIAN_POINT('',(-0.00335287839292983,0.,0.00461941092001775));
#7301=CARTESIAN_POINT('',(-0.00338595983042747,0.,0.00464143557400138));
#7302=CARTESIAN_POINT('',(-0.00342128675578358,0.,0.00466394876350498));
#7303=CARTESIAN_POINT('',(-0.00345889121616413,0.,0.00468686902246985));
#7304=CARTESIAN_POINT('',(-0.0034988028895343,0.,0.00471011381305396));
#7305=CARTESIAN_POINT('',(-0.00354104905459995,0.,0.00473359958819541));
#7306=CARTESIAN_POINT('',(-0.00358565456368337,0.,0.00475724185385825));
#7307=CARTESIAN_POINT('',(-0.00363264181183649,0.,0.0047809552361407));
#7308=CARTESIAN_POINT('',(-0.00368203072808967,0.,0.00480465353313578));
#7309=CARTESIAN_POINT('',(-0.00373383868928202,0.,0.00482824982870614));
#7310=CARTESIAN_POINT('',(-0.00378808073906596,0.,0.00485165637150856));
#7311=CARTESIAN_POINT('',(-0.00384476864372337,0.,0.00487478535771202));
#7312=CARTESIAN_POINT('',(-0.00390391441491755,0.,0.00489754625215052));
#7313=CARTESIAN_POINT('',(-0.00396551673246713,0.,0.00491985636945619));
#7314=CARTESIAN_POINT('',(-0.00402961280990632,0.,0.00494160071687712));
#7315=CARTESIAN_POINT('',(-0.00408956643487882,0.,0.00496070975221561));
#7316=CARTESIAN_POINT('',(-0.0041285901173672,0.,0.00497221816147213));
#7317=CARTESIAN_POINT('',(-0.00414498768380735,0.,0.00497700774572559));
#7318=CARTESIAN_POINT('',(-0.00291598966274133,0.,0.00414222489256802));
#7319=CARTESIAN_POINT('',(-0.00291598966274133,0.,0.00414222489256802));
#7320=CARTESIAN_POINT('',(2.30443521654091E-17,-0.001,-3.87755764968887E-17));
#7321=CARTESIAN_POINT('',(2.30443521654091E-17,0.,-3.87755764968887E-17));
#7322=CARTESIAN_POINT('',(-0.0022642947967912,0.,0.00418979418626074));
#7323=CARTESIAN_POINT('',(-0.00249632080353456,0.,0.00405583390880847));
#7324=CARTESIAN_POINT('',(-0.00249632080353455,-0.001,0.00405583390880847));
#7325=CARTESIAN_POINT('',(-0.00249632080353455,-0.001,0.00405583390880847));
#7326=CARTESIAN_POINT('',(2.30443521654091E-17,-0.001,-3.87755764968887E-17));
#7327=CARTESIAN_POINT('',(-0.0022642947967912,-0.001,0.00418979418626074));
#7328=CARTESIAN_POINT('',(-0.0022642947967912,-0.001,0.00418979418626074));
#7329=CARTESIAN_POINT('',(-0.00241296673043036,-0.0005,0.00446489299587875));
#7330=CARTESIAN_POINT('',(-0.00241296673043036,-0.001,0.00446489299587875));
#7331=CARTESIAN_POINT('',(-0.00241296673043036,0.,0.00446489299587875));
#7332=CARTESIAN_POINT('',(-0.00266022739439503,-0.0005,0.00432213698497875));
#7333=CARTESIAN_POINT('',(-0.00266022739439503,-0.001,0.00432213698497875));
#7334=CARTESIAN_POINT('',(-0.00266022739439503,0.,0.00432213698497875));
#7335=CARTESIAN_POINT('',(-0.00381472944469911,-0.001,0.00333299597914033));
#7336=CARTESIAN_POINT('',(-0.00381472944469911,0.,0.00333299597914033));
#7337=CARTESIAN_POINT('',(-0.00391583582433943,-0.001,0.00342127095945802));
#7338=CARTESIAN_POINT('',(-0.00391583582433943,0.,0.00342127095945802));
#7339=CARTESIAN_POINT('',(-0.00404225526283189,-0.001,0.00353178748786265));
#7340=CARTESIAN_POINT('',(-0.00404225526283189,2.16840434497101E-19,0.00353178748786265));
#7341=CARTESIAN_POINT('',(-0.00404830630854531,-0.001,0.0035374072417486));
#7342=CARTESIAN_POINT('',(-0.00404830630854531,-2.16840434497101E-19,0.0035374072417486));
#7343=CARTESIAN_POINT('',(-0.00406781778827215,-0.001,0.00355712272304228));
#7344=CARTESIAN_POINT('',(-0.00406781778827215,2.16840434497101E-19,0.00355712272304228));
#7345=CARTESIAN_POINT('',(-0.00409447177529906,-0.001,0.00358781075718169));
#7346=CARTESIAN_POINT('',(-0.00409447177529906,-4.33680868994202E-19,0.00358781075718169));
#7347=CARTESIAN_POINT('',(-0.00414326377087098,-0.001,0.00365102531150942));
#7348=CARTESIAN_POINT('',(-0.00414326377087098,0.,0.00365102531150942));
#7349=CARTESIAN_POINT('',(-0.00420757447439097,-0.001,0.00374913458833077));
#7350=CARTESIAN_POINT('',(-0.00420757447439097,-2.16840434497101E-19,0.00374913458833077));
#7351=CARTESIAN_POINT('',(-0.00430915113522728,-0.001,0.00393885783789537));
#7352=CARTESIAN_POINT('',(-0.00430915113522728,0.,0.00393885783789537));
#7353=CARTESIAN_POINT('',(-0.00442364410593489,-0.001,0.00422689298249969));
#7354=CARTESIAN_POINT('',(-0.00442364410593489,0.,0.00422689298249969));
#7355=CARTESIAN_POINT('',(-0.00449040661111473,-0.001,0.00449883270781293));
#7356=CARTESIAN_POINT('',(-0.00449040661111473,0.,0.00449883270781293));
#7357=CARTESIAN_POINT('',(-0.00451647398368986,-0.001,0.00464251997891015));
#7358=CARTESIAN_POINT('',(-0.00451647398368986,0.,0.00464251997891015));
#7359=CARTESIAN_POINT('',(-0.0035863286914835,0.,0.00313363251940017));
#7360=CARTESIAN_POINT('',(-0.0038061701840545,0.,0.00332550326609699));
#7361=CARTESIAN_POINT('',(-0.00404200370961402,0.,0.0035313313566729));
#7362=CARTESIAN_POINT('',(-0.00404692964451779,0.,0.00353623000592538));
#7363=CARTESIAN_POINT('',(-0.00405137640766426,0.,0.00354048004265717));
#7364=CARTESIAN_POINT('',(-0.0040564708932726,0.,0.00354562669101547));
#7365=CARTESIAN_POINT('',(-0.00406321513996635,0.,0.00355267429565186));
#7366=CARTESIAN_POINT('',(-0.00407118390780783,0.,0.0035613592648376));
#7367=CARTESIAN_POINT('',(-0.00408042521715118,0.,0.00357183791777783));
#7368=CARTESIAN_POINT('',(-0.00409083541774701,0.,0.0035841313504599));
#7369=CARTESIAN_POINT('',(-0.00410235540683381,0.,0.00359829961354714));
#7370=CARTESIAN_POINT('',(-0.00411491071270063,0.,0.00361438840561602));
#7371=CARTESIAN_POINT('',(-0.0041284294893741,0.,0.00363244496450819));
#7372=CARTESIAN_POINT('',(-0.00414283726850589,0.,0.00365251331627181));
#7373=CARTESIAN_POINT('',(-0.00415805856086028,0.,0.00367463560826315));
#7374=CARTESIAN_POINT('',(-0.00417401646552212,0.,0.00369885167345058));
#7375=CARTESIAN_POINT('',(-0.00419063285681476,0.,0.003725199108487));
#7376=CARTESIAN_POINT('',(-0.00420782840710209,0.,0.00375371320673252));
#7377=CARTESIAN_POINT('',(-0.00422552265776913,0.,0.00378442693482114));
#7378=CARTESIAN_POINT('',(-0.00424363407772468,0.,0.00381737089894718));
#7379=CARTESIAN_POINT('',(-0.00426208012652499,0.,0.00385257331610374));
#7380=CARTESIAN_POINT('',(-0.00428077731720145,0.,0.00389005998596852));
#7381=CARTESIAN_POINT('',(-0.00429964128013394,0.,0.00392985426462776));
#7382=CARTESIAN_POINT('',(-0.00431858682743926,0.,0.00397197703991392));
#7383=CARTESIAN_POINT('',(-0.00433752801833387,0.,0.00401644670805124));
#7384=CARTESIAN_POINT('',(-0.00435637822387392,0.,0.00406327915318665));
#7385=CARTESIAN_POINT('',(-0.00437505019692443,0.,0.0041124877236869));
#7386=CARTESIAN_POINT('',(-0.00439345612465057,0.,0.00416408322885615));
#7387=CARTESIAN_POINT('',(-0.00441150775067641,0.,0.00421807386513111));
#7388=CARTESIAN_POINT('',(-0.00442911623187989,0.,0.00427446542124044));
#7389=CARTESIAN_POINT('',(-0.0044461930155172,0.,0.00433326042100957));
#7390=CARTESIAN_POINT('',(-0.00446264680682275,0.,0.00439446134679887));
#7391=CARTESIAN_POINT('',(-0.00447839551138429,0.,0.00445805824268464));
#7392=CARTESIAN_POINT('',(-0.00449332087651869,0.,0.0045240760983258));
#7393=CARTESIAN_POINT('',(-0.00450605837027649,0.,0.00458569872916612));
#7394=CARTESIAN_POINT('',(-0.0045134246497014,0.,0.00462571159217294));
#7395=CARTESIAN_POINT('',(-0.00451647398368986,0.,0.00464251997891015));
#7396=CARTESIAN_POINT('',(-0.00381472943284767,0.,0.00333299596879296));
#7397=CARTESIAN_POINT('',(-0.00381472943284767,-0.001,0.00333299596879296));
#7398=CARTESIAN_POINT('',(-0.0043486837721015,-0.001,0.00259807089654636));
#7399=CARTESIAN_POINT('',(-0.0043486837721015,0.,0.00259807089654636));
#7400=CARTESIAN_POINT('',(-0.00446388185690704,-0.001,0.00266695030864601));
#7401=CARTESIAN_POINT('',(-0.00446388185690704,0.,0.00266695030864601));
#7402=CARTESIAN_POINT('',(-0.00460805507631809,-0.001,0.00275303085397429));
#7403=CARTESIAN_POINT('',(-0.00460805507631809,2.16840434497101E-19,0.00275303085397429));
#7404=CARTESIAN_POINT('',(-0.00461526965583047,-0.001,0.00275704914097547));
#7405=CARTESIAN_POINT('',(-0.00461526965583047,0.,0.00275704914097547));
#7406=CARTESIAN_POINT('',(-0.00464004957160773,-0.001,0.00276951324214021));
#7407=CARTESIAN_POINT('',(-0.00464004957160773,0.,0.00276951324214021));
#7408=CARTESIAN_POINT('',(-0.00467747216140747,-0.001,0.00278537956611436));
#7409=CARTESIAN_POINT('',(-0.00467747216140747,0.,0.00278537956611436));
#7410=CARTESIAN_POINT('',(-0.00475267033104674,-0.001,0.00281224913986698));
#7411=CARTESIAN_POINT('',(-0.00475267033104674,2.16840434497101E-19,0.00281224913986698));
#7412=CARTESIAN_POINT('',(-0.00486585089838458,-0.001,0.00284309481967356));
#7413=CARTESIAN_POINT('',(-0.00486585089838458,0.,0.00284309481967356));
#7414=CARTESIAN_POINT('',(-0.00507767734560595,-0.001,0.00288107225652194));
#7415=CARTESIAN_POINT('',(-0.00507767734560595,0.,0.00288107225652194));
#7416=CARTESIAN_POINT('',(-0.00538699532048903,-0.001,0.00290095378772343));
#7417=CARTESIAN_POINT('',(-0.00538699532048903,2.16840434497101E-19,0.00290095378772343));
#7418=CARTESIAN_POINT('',(-0.00566625611697534,-0.001,0.0028804147067514));
#7419=CARTESIAN_POINT('',(-0.00566625611697534,0.,0.0028804147067514));
#7420=CARTESIAN_POINT('',(-0.00581096609358542,-0.001,0.00286080444265732));
#7421=CARTESIAN_POINT('',(-0.00581096609358542,0.,0.00286080444265732));
#7422=CARTESIAN_POINT('',(-0.0040884981403328,0.,0.00244245556899102));
#7423=CARTESIAN_POINT('',(-0.00433891282153842,0.,0.0025922459316));
#7424=CARTESIAN_POINT('',(-0.00460754353555848,0.,0.00275293256493653));
#7425=CARTESIAN_POINT('',(-0.00461372462544954,0.,0.00275610364155711));
#7426=CARTESIAN_POINT('',(-0.00461914077596002,0.,0.00275901943104715));
#7427=CARTESIAN_POINT('',(-0.00462560981204885,0.,0.00276227417297534));
#7428=CARTESIAN_POINT('',(-0.00463439656920518,0.,0.00276651050313866));
#7429=CARTESIAN_POINT('',(-0.00464511895043034,0.,0.00277140544864713));
#7430=CARTESIAN_POINT('',(-0.00465794046322852,0.,0.00277695637428052));
#7431=CARTESIAN_POINT('',(-0.00467284914138741,0.,0.00278305818377516));
#7432=CARTESIAN_POINT('',(-0.00468988383272394,0.,0.00278963611038907));
#7433=CARTESIAN_POINT('',(-0.00470906498614278,0.,0.00279660520567955));
#7434=CARTESIAN_POINT('',(-0.00473041532587432,0.,0.00280388254276958));
#7435=CARTESIAN_POINT('',(-0.00475395371119333,0.,0.00281138369325416));
#7436=CARTESIAN_POINT('',(-0.00477969689916093,0.,0.00281902383835438));
#7437=CARTESIAN_POINT('',(-0.0048076590094916,0.,0.00282671753188964));
#7438=CARTESIAN_POINT('',(-0.00483785165656525,0.,0.00283437885392136));
#7439=CARTESIAN_POINT('',(-0.00487028389277435,0.,0.00284192145313627));
#7440=CARTESIAN_POINT('',(-0.00490496220817159,0.,0.00284925862159413));
#7441=CARTESIAN_POINT('',(-0.00494189051648479,0.,0.00285630336078518));
#7442=CARTESIAN_POINT('',(-0.00498107014726924,0.,0.00286296845055216));
#7443=CARTESIAN_POINT('',(-0.00502249983858443,0.,0.00286916651753068));
#7444=CARTESIAN_POINT('',(-0.00506617573174197,0.,0.00287481010401617));
#7445=CARTESIAN_POINT('',(-0.00511209136774739,0.,0.00287981173682202));
#7446=CARTESIAN_POINT('',(-0.005160237685287,0.,0.00288408399666008));
#7447=CARTESIAN_POINT('',(-0.00521060302126641,0.,0.00288753958603748));
#7448=CARTESIAN_POINT('',(-0.00526317310988936,0.,0.00289009140312578));
#7449=CARTESIAN_POINT('',(-0.00531793109575673,0.,0.00289165259269752));
#7450=CARTESIAN_POINT('',(-0.00537485750142303,0.,0.00289213668511304));
#7451=CARTESIAN_POINT('',(-0.00543393037826185,0.,0.00289145739672664));
#7452=CARTESIAN_POINT('',(-0.00549512476227104,0.,0.00288952972896933));
#7453=CARTESIAN_POINT('',(-0.00555841480268157,0.,0.00288626608826787));
#7454=CARTESIAN_POINT('',(-0.00562376566227878,0.,0.00288159147474612));
#7455=CARTESIAN_POINT('',(-0.00569116456555192,0.,0.00287538570118998));
#7456=CARTESIAN_POINT('',(-0.00575370727220075,0.,0.00286845733746184));
#7457=CARTESIAN_POINT('',(-0.00579403807182663,0.,0.00286309843084705));
#7458=CARTESIAN_POINT('',(-0.00581096609358542,0.,0.00286080444265732));
#7459=CARTESIAN_POINT('',(-0.00434868375859827,0.,0.00259807088847248));
#7460=CARTESIAN_POINT('',(-0.00434868375859827,0.,0.00259807088847248));
#7461=CARTESIAN_POINT('',(3.68235110626993E-17,-0.001,-2.60502693345908E-17));
#7462=CARTESIAN_POINT('',(3.68235110626993E-17,0.,-2.60502693345908E-17));
#7463=CARTESIAN_POINT('',(-0.00377267904887057,0.,0.00290659578273502));
#7464=CARTESIAN_POINT('',(-0.00393015879982948,0.,0.00268984350067489));
#7465=CARTESIAN_POINT('',(-0.00393015879982948,-0.001,0.00268984350067489));
#7466=CARTESIAN_POINT('',(-0.00393015879982948,-0.001,0.00268984350067489));
#7467=CARTESIAN_POINT('',(3.68235110626993E-17,-0.001,-2.60502693345908E-17));
#7468=CARTESIAN_POINT('',(-0.00377267904887057,-0.001,0.00290659578273502));
#7469=CARTESIAN_POINT('',(-0.00377267904887057,-0.001,0.00290659578273502));
#7470=CARTESIAN_POINT('',(-0.00402039038486375,-0.0005,0.00309744072745646));
#7471=CARTESIAN_POINT('',(-0.00402039038486375,-0.001,0.00309744072745646));
#7472=CARTESIAN_POINT('',(-0.00402039038486375,0.,0.00309744072745646));
#7473=CARTESIAN_POINT('',(-0.00418821014063,-0.0005,0.00286645664972191));
#7474=CARTESIAN_POINT('',(-0.00418821014063,-0.001,0.00286645664972191));
#7475=CARTESIAN_POINT('',(-0.00418821014063,0.,0.00286645664972191));
#7476=CARTESIAN_POINT('',(0.00371348528506575,-0.001,0.00344543900988252));
#7477=CARTESIAN_POINT('',(0.00371348528506575,0.,0.00344543900988252));
#7478=CARTESIAN_POINT('',(0.00381184518029525,-0.001,0.00353676427015863));
#7479=CARTESIAN_POINT('',(0.00381184518029525,0.,0.00353676427015863));
#7480=CARTESIAN_POINT('',(0.00393497071722652,-0.001,0.00365093904685974));
#7481=CARTESIAN_POINT('',(0.00393497071722652,2.16840434497101E-19,0.00365093904685974));
#7482=CARTESIAN_POINT('',(0.00394119219202226,-0.001,0.00365636952007397));
#7483=CARTESIAN_POINT('',(0.00394119219202226,-2.16840434497101E-19,0.00365636952007397));
#7484=CARTESIAN_POINT('',(0.00396283917483847,-0.001,0.00367371328491113));
#7485=CARTESIAN_POINT('',(0.00396283917483847,2.16840434497101E-19,0.00367371328491113));
#7486=CARTESIAN_POINT('',(0.00399614519701981,-0.001,0.00369701348555896));
#7487=CARTESIAN_POINT('',(0.00399614519701981,-4.33680868994202E-19,0.00369701348555896));
#7488=CARTESIAN_POINT('',(0.00406411360772157,-0.001,0.00373893047325392));
#7489=CARTESIAN_POINT('',(0.00406411360772157,0.,0.00373893047325392));
#7490=CARTESIAN_POINT('',(0.00416840773066977,-0.001,0.00379263366407265));
#7491=CARTESIAN_POINT('',(0.00416840773066977,-2.16840434497101E-19,0.00379263366407265));
#7492=CARTESIAN_POINT('',(0.00436770930868325,-0.001,0.00387382239760964));
#7493=CARTESIAN_POINT('',(0.00436770930868325,0.,0.00387382239760964));
#7494=CARTESIAN_POINT('',(0.00466613434091081,-0.001,0.00395758029281154));
#7495=CARTESIAN_POINT('',(0.00466613434091081,0.,0.00395758029281154));
#7496=CARTESIAN_POINT('',(0.00494356293402569,-0.001,0.00399555162441409));
#7497=CARTESIAN_POINT('',(0.00494356293402569,0.,0.00399555162441409));
#7498=CARTESIAN_POINT('',(0.00508918785361423,-0.001,0.00400645678755587));
#7499=CARTESIAN_POINT('',(0.00508918785361423,0.,0.00400645678755587));
#7500=CARTESIAN_POINT('',(0.00349133957947498,0.,0.00323912861596934));
#7501=CARTESIAN_POINT('',(0.00370513893152654,0.,0.00343770983954341));
#7502=CARTESIAN_POINT('',(0.00393449079029987,0.,0.00365073655036903));
#7503=CARTESIAN_POINT('',(0.00393987750464482,0.,0.00365512345220754));
#7504=CARTESIAN_POINT('',(0.00394456907254892,0.,0.00365910160571182));
#7505=CARTESIAN_POINT('',(0.0039502200457808,0.,0.00366363021195108));
#7506=CARTESIAN_POINT('',(0.00395793400864438,0.,0.00366960083767342));
#7507=CARTESIAN_POINT('',(0.0039674043637168,0.,0.00367661812528837));
#7508=CARTESIAN_POINT('',(0.00397879159336407,0.,0.00368471349228323));
#7509=CARTESIAN_POINT('',(0.00399210584360622,0.,0.00369378165108443));
#7510=CARTESIAN_POINT('',(0.00400740065822192,0.,0.00370375754569796));
#7511=CARTESIAN_POINT('',(0.00402471370103255,0.,0.00371456233557478));
#7512=CARTESIAN_POINT('',(0.00404408444115676,0.,0.00372611963062223));
#7513=CARTESIAN_POINT('',(0.00406554887940138,0.,0.00373835076846227));
#7514=CARTESIAN_POINT('',(0.00408914104146125,0.,0.00375117626779869));
#7515=CARTESIAN_POINT('',(0.00411489250376109,0.,0.00376451548530867));
#7516=CARTESIAN_POINT('',(0.00414283249063848,0.,0.00377828679337579));
#7517=CARTESIAN_POINT('',(0.0041729878101169,0.,0.00379240760976838));
#7518=CARTESIAN_POINT('',(0.00420538283802032,0.,0.00380679447068057));
#7519=CARTESIAN_POINT('',(0.00424003949055944,0.,0.00382136309243853));
#7520=CARTESIAN_POINT('',(0.00427697720232599,0.,0.00383602843728479));
#7521=CARTESIAN_POINT('',(0.00431621290489978,0.,0.00385070477880042));
#7522=CARTESIAN_POINT('',(0.00435776100739326,0.,0.0038653057681751));
#7523=CARTESIAN_POINT('',(0.00440163337865461,0.,0.00387974450082074));
#7524=CARTESIAN_POINT('',(0.00444783933087361,0.,0.00389393358381736));
#7525=CARTESIAN_POINT('',(0.00449638560599179,0.,0.00390778520243807));
#7526=CARTESIAN_POINT('',(0.00454727635944321,0.,0.00392121119221254));
#7527=CARTESIAN_POINT('',(0.00460051316237684,0.,0.00393412309147389));
#7528=CARTESIAN_POINT('',(0.00465609494102512,0.,0.00394643227056293));
#7529=CARTESIAN_POINT('',(0.00471401816577041,0.,0.00395804976796258));
#7530=CARTESIAN_POINT('',(0.00477427609033014,0.,0.00396888725221867));
#7531=CARTESIAN_POINT('',(0.00483686164056451,0.,0.00397885366921055));
#7532=CARTESIAN_POINT('',(0.00490175633388664,0.,0.00398786841492515));
#7533=CARTESIAN_POINT('',(0.00496897266228825,0.,0.00399581127234928));
#7534=CARTESIAN_POINT('',(0.00503158914855752,0.,0.00400203766987928));
#7535=CARTESIAN_POINT('',(0.00507215280278246,0.,0.00400518111297371));
#7536=CARTESIAN_POINT('',(0.00508918785361423,0.,0.00400645678755587));
#7537=CARTESIAN_POINT('',(0.00371348527353625,0.,0.00344543899917759));
#7538=CARTESIAN_POINT('',(0.00371348527353625,-0.001,0.0034454389991776));
#7539=CARTESIAN_POINT('',(0.00303839962426919,-0.001,0.00405328886911123));
#7540=CARTESIAN_POINT('',(0.00303839962426919,0.,0.00405328886911123));
#7541=CARTESIAN_POINT('',(0.00311894318651848,-0.001,0.00416065602765728));
#7542=CARTESIAN_POINT('',(0.00311894318651848,0.,0.00416065602765728));
#7543=CARTESIAN_POINT('',(0.00321962237868208,-0.001,0.00429504158396689));
#7544=CARTESIAN_POINT('',(0.00321962237868208,-2.16840434497101E-19,0.00429504158396689));
#7545=CARTESIAN_POINT('',(0.00322437278199619,-0.001,0.00430179661589264));
#7546=CARTESIAN_POINT('',(0.00322437278199619,0.,0.00430179661589264));
#7547=CARTESIAN_POINT('',(0.00323935881002671,-0.001,0.00432513793135772));
#7548=CARTESIAN_POINT('',(0.00323935881002671,0.,0.00432513793135772));
#7549=CARTESIAN_POINT('',(0.00325904994242126,-0.001,0.00436069703383223));
#7550=CARTESIAN_POINT('',(0.00325904994242126,0.,0.00436069703383223));
#7551=CARTESIAN_POINT('',(0.00329363267095039,-0.001,0.00443267462477708));
#7552=CARTESIAN_POINT('',(0.00329363267095039,-2.16840434497101E-19,0.00443267462477708));
#7553=CARTESIAN_POINT('',(0.00333613996567113,-0.001,0.00454201092561614));
#7554=CARTESIAN_POINT('',(0.00333613996567113,0.,0.00454201092561614));
#7555=CARTESIAN_POINT('',(0.00339605125115432,-0.001,0.00474870724228328));
#7556=CARTESIAN_POINT('',(0.00339605125115432,-2.16840434497101E-19,0.00474870724228328));
#7557=CARTESIAN_POINT('',(0.00344815640182322,-0.001,0.00505425255503155));
#7558=CARTESIAN_POINT('',(0.00344815640182322,-2.16840434497101E-19,0.00505425255503155));
#7559=CARTESIAN_POINT('',(0.00345692053799347,-0.001,0.00533413045022615));
#7560=CARTESIAN_POINT('',(0.00345692053799347,0.,0.00533413045022615));
#7561=CARTESIAN_POINT('',(0.00345254401245245,-0.001,0.0054800975212131));
#7562=CARTESIAN_POINT('',(0.00345254401245245,0.,0.0054800975212131));
#7563=CARTESIAN_POINT('',(0.00285643996950739,0.,0.00381079479250729));
#7564=CARTESIAN_POINT('',(0.00303158522664325,0.,0.00404418031947213));
#7565=CARTESIAN_POINT('',(0.00321947115751246,0.,0.00429454311948317));
#7566=CARTESIAN_POINT('',(0.00322327096247115,0.,0.004300358880951));
#7567=CARTESIAN_POINT('',(0.00322673692085096,0.,0.00430544057822769));
#7568=CARTESIAN_POINT('',(0.00323065003136351,0.,0.00431153396308786));
#7569=CARTESIAN_POINT('',(0.0032357816206896,0.,0.00431982976838725));
#7570=CARTESIAN_POINT('',(0.00324177054520644,0.,0.00432998175015438));
#7571=CARTESIAN_POINT('',(0.00324863127531797,0.,0.00434215279563774));
#7572=CARTESIAN_POINT('',(0.00325625803967905,0.,0.00435634198972813));
#7573=CARTESIAN_POINT('',(0.00326458054183036,0.,0.00437259578268271));
#7574=CARTESIAN_POINT('',(0.00327351643617823,0.,0.00439094339091509));
#7575=CARTESIAN_POINT('',(0.00328298562545661,0.,0.00441141608238895));
#7576=CARTESIAN_POINT('',(0.00329290611509917,0.,0.00443404143823743));
#7577=CARTESIAN_POINT('',(0.00330319530256301,0.,0.00445884498970133));
#7578=CARTESIAN_POINT('',(0.00331376968566265,0.,0.00448584971070378));
#7579=CARTESIAN_POINT('',(0.00332454502917126,0.,0.00451507613307908));
#7580=CARTESIAN_POINT('',(0.00333543640104974,0.,0.00454654228579981));
#7581=CARTESIAN_POINT('',(0.00334635824674828,0.,0.00458026368681321));
#7582=CARTESIAN_POINT('',(0.00335722445343999,0.,0.00461625332222784));
#7583=CARTESIAN_POINT('',(0.00336794841774514,0.,0.00465452163130454));
#7584=CARTESIAN_POINT('',(0.00337844311303107,0.,0.00469507649201935));
#7585=CARTESIAN_POINT('',(0.0033886211573529,0.,0.00473792320864164));
#7586=CARTESIAN_POINT('',(0.00339839488156251,0.,0.00478306450099777));
#7587=CARTESIAN_POINT('',(0.00340767639809858,0.,0.00483050049521671));
#7588=CARTESIAN_POINT('',(0.00341637766856768,0.,0.0048802287171685));
#7589=CARTESIAN_POINT('',(0.00342441057711257,0.,0.0049322440838267));
#7590=CARTESIAN_POINT('',(0.00343168698243884,0.,0.00498653891097126));
#7591=CARTESIAN_POINT('',(0.00343811885264911,0.,0.00504310286639475));
#7592=CARTESIAN_POINT('',(0.00344361808251232,0.,0.00510192314080448));
#7593=CARTESIAN_POINT('',(0.00344809752964177,0.,0.00516298379172356));
#7594=CARTESIAN_POINT('',(0.00345146737816981,0.,0.00522626826601776));
#7595=CARTESIAN_POINT('',(0.00345364939759697,0.,0.00529174975693612));
#7596=CARTESIAN_POINT('',(0.00345452272370275,0.,0.00535942812193828));
#7597=CARTESIAN_POINT('',(0.00345416980729065,0.,0.0054223524243096));
#7598=CARTESIAN_POINT('',(0.00345305597383426,0.,0.00546302244586849));
#7599=CARTESIAN_POINT('',(0.00345254401245245,0.,0.0054800975212131));
#7600=CARTESIAN_POINT('',(0.00303839961482807,0.,0.00405328885652592));
#7601=CARTESIAN_POINT('',(0.00303839961482807,0.,0.00405328885652592));
#7602=CARTESIAN_POINT('',(-2.97566682569947E-17,-0.001,-3.38987933949371E-17));
#7603=CARTESIAN_POINT('',(-2.97566682569947E-17,0.,-3.38987933949371E-17));
#7604=CARTESIAN_POINT('',(0.00328502549029558,0.,0.00344818992778941));
#7605=CARTESIAN_POINT('',(0.00308592171627924,0.,0.00362746377114868));
#7606=CARTESIAN_POINT('',(0.00308592171627924,-0.001,0.00362746377114868));
#7607=CARTESIAN_POINT('',(0.00308592171627924,-0.001,0.00362746377114868));
#7608=CARTESIAN_POINT('',(-2.97566682569947E-17,-0.001,-3.38987933949371E-17));
#7609=CARTESIAN_POINT('',(0.00328502549029558,-0.001,0.00344818992778941));
#7610=CARTESIAN_POINT('',(0.00328502549029558,-0.001,0.00344818992778941));
#7611=CARTESIAN_POINT('',(0.00350071785172674,-0.0005,0.00367459554637141));
#7612=CARTESIAN_POINT('',(0.00350071785172674,-0.001,0.00367459554637141));
#7613=CARTESIAN_POINT('',(0.00350071785172674,0.,0.00367459554637141));
#7614=CARTESIAN_POINT('',(0.00328854107011448,-0.0005,0.0038656403786412));
#7615=CARTESIAN_POINT('',(0.00328854107011448,-0.001,0.0038656403786412));
#7616=CARTESIAN_POINT('',(0.00328854107011448,0.,0.0038656403786412));
#7617=CARTESIAN_POINT('',(0.00479382391099648,-0.001,0.00163715461810377));
#7618=CARTESIAN_POINT('',(0.00479382391099648,0.,0.00163715461810377));
#7619=CARTESIAN_POINT('',(0.00492082547629032,-0.001,0.00168057782119811));
#7620=CARTESIAN_POINT('',(0.00492082547629032,0.,0.00168057782119811));
#7621=CARTESIAN_POINT('',(0.00507974531667303,-0.001,0.00173480200226244));
#7622=CARTESIAN_POINT('',(0.00507974531667303,0.,0.00173480200226244));
#7623=CARTESIAN_POINT('',(0.00508763768915798,-0.001,0.00173723248462674));
#7624=CARTESIAN_POINT('',(0.00508763768915798,0.,0.00173723248462674));
#7625=CARTESIAN_POINT('',(0.00511446753666956,-0.001,0.00174427218108878));
#7626=CARTESIAN_POINT('',(0.00511446753666956,0.,0.00174427218108878));
#7627=CARTESIAN_POINT('',(0.00515437114733996,-0.001,0.0017520111938965));
#7628=CARTESIAN_POINT('',(0.00515437114733996,0.,0.0017520111938965));
#7629=CARTESIAN_POINT('',(0.00523351255506264,-0.001,0.00176265902439927));
#7630=CARTESIAN_POINT('',(0.00523351255506264,0.,0.00176265902439927));
#7631=CARTESIAN_POINT('',(0.00535063303289684,-0.001,0.00176929908897215));
#7632=CARTESIAN_POINT('',(0.00535063303289684,-2.16840434497101E-19,0.00176929908897215));
#7633=CARTESIAN_POINT('',(0.00556572651712648,-0.001,0.0017624054329057));
#7634=CARTESIAN_POINT('',(0.00556572651712648,2.16840434497101E-19,0.0017624054329057));
#7635=CARTESIAN_POINT('',(0.00587241875489032,-0.001,0.00171754168179109));
#7636=CARTESIAN_POINT('',(0.00587241875489032,0.,0.00171754168179109));
#7637=CARTESIAN_POINT('',(0.00614130671789976,-0.001,0.00163938984464043));
#7638=CARTESIAN_POINT('',(0.00614130671789976,0.,0.00163938984464043));
#7639=CARTESIAN_POINT('',(0.00627877723115791,-0.001,0.00159012121595185));
#7640=CARTESIAN_POINT('',(0.00627877723115791,0.,0.00159012121595185));
#7641=CARTESIAN_POINT('',(0.00450696971366733,0.,0.00153903549344563));
#7642=CARTESIAN_POINT('',(0.00478305540083537,0.,0.0016334884374696));
#7643=CARTESIAN_POINT('',(0.00507922451886631,0.,0.00173481221638023));
#7644=CARTESIAN_POINT('',(0.00508592984101507,0.,0.00173662887651805));
#7645=CARTESIAN_POINT('',(0.00509183386236505,0.,0.00173835486800161));
#7646=CARTESIAN_POINT('',(0.00509883823339186,0.,0.00174019349777849));
#7647=CARTESIAN_POINT('',(0.00510831376138967,0.,0.00174251038442648));
#7648=CARTESIAN_POINT('',(0.00511981954925635,0.,0.00174506905522119));
#7649=CARTESIAN_POINT('',(0.00513351498357171,0.,0.00174783293740664));
#7650=CARTESIAN_POINT('',(0.00514936650887201,0.,0.00175070171924009));
#7651=CARTESIAN_POINT('',(0.00516739657917646,0.,0.00175359419089695));
#7652=CARTESIAN_POINT('',(0.00518760753475772,0.,0.00175642300869547));
#7653=CARTESIAN_POINT('',(0.00521000436180001,0.,0.00175910233327669));
#7654=CARTESIAN_POINT('',(0.00523458795380527,0.,0.00176154566013513));
#7655=CARTESIAN_POINT('',(0.00526135706683691,0.,0.00176366653999679));
#7656=CARTESIAN_POINT('',(0.00529030774679985,0.,0.0017653784582314));
#7657=CARTESIAN_POINT('',(0.00532143349051226,0.,0.00176659495769184));
#7658=CARTESIAN_POINT('',(0.00535472519910255,0.,0.00176722969194995));
#7659=CARTESIAN_POINT('',(0.00539017119320574,0.,0.00176719649848424));
#7660=CARTESIAN_POINT('',(0.00542775721301804,0.,0.00176640946620132));
#7661=CARTESIAN_POINT('',(0.00546746642495039,0.,0.00176478300448357));
#7662=CARTESIAN_POINT('',(0.00550927942869479,0.,0.0017622319116564));
#7663=CARTESIAN_POINT('',(0.00555317426640523,0.,0.00175867144344235));
#7664=CARTESIAN_POINT('',(0.0055991264335336,0.,0.00175401738105428));
#7665=CARTESIAN_POINT('',(0.00564710889128569,0.,0.00174818609947828));
#7666=CARTESIAN_POINT('',(0.00569709208126432,0.,0.00174109463377482));
#7667=CARTESIAN_POINT('',(0.00574904393992671,0.,0.00173266075152522));
#7668=CARTESIAN_POINT('',(0.00580292992198744,0.,0.00172280299993165));
#7669=CARTESIAN_POINT('',(0.00585871299758096,0.,0.00171144084851216));
#7670=CARTESIAN_POINT('',(0.00591635375833232,0.,0.00169849446250177));
#7671=CARTESIAN_POINT('',(0.00597581011356653,0.,0.00168388589106204));
#7672=CARTESIAN_POINT('',(0.00603703856568798,0.,0.00166753482942657));
#7673=CARTESIAN_POINT('',(0.00609998944540766,0.,0.00164937515971068));
#7674=CARTESIAN_POINT('',(0.00616462526806348,0.,0.00162929197725724));
#7675=CARTESIAN_POINT('',(0.00622436077869812,0.,0.00160951165501189));
#7676=CARTESIAN_POINT('',(0.00626269607425263,0.,0.00159588460862182));
#7677=CARTESIAN_POINT('',(0.00627877723115791,0.,0.00159012121595185));
#7678=CARTESIAN_POINT('',(0.00479382389610967,0.,0.00163715461301381));
#7679=CARTESIAN_POINT('',(0.00479382389610967,-0.001,0.00163715461301381));
#7680=CARTESIAN_POINT('',(0.00442433728329291,-0.001,0.00246703517139186));
#7681=CARTESIAN_POINT('',(0.00442433728329291,-2.16840434497101E-19,0.00246703517139186));
#7682=CARTESIAN_POINT('',(0.00454158764637171,-0.001,0.00253235993325095));
#7683=CARTESIAN_POINT('',(0.00454158764637171,-2.16840434497101E-19,0.00253235993325095));
#7684=CARTESIAN_POINT('',(0.00468822219510315,-0.001,0.00261417733114216));
#7685=CARTESIAN_POINT('',(0.00468822219510315,-2.16840434497101E-19,0.00261417733114216));
#7686=CARTESIAN_POINT('',(0.00469530942348206,-0.001,0.00261841619677692));
#7687=CARTESIAN_POINT('',(0.00469530942348206,-2.16840434497101E-19,0.00261841619677692));
#7688=CARTESIAN_POINT('',(0.00471849360961469,-0.001,0.00263364418276128));
#7689=CARTESIAN_POINT('',(0.00471849360961469,2.16840434497101E-19,0.00263364418276128));
#7690=CARTESIAN_POINT('',(0.00475094554414085,-0.001,0.0026581199342162));
#7691=CARTESIAN_POINT('',(0.00475094554414085,-2.16840434497101E-19,0.0026581199342162));
#7692=CARTESIAN_POINT('',(0.00481181436241911,-0.001,0.00270980867256558));
#7693=CARTESIAN_POINT('',(0.00481181436241911,0.,0.00270980867256558));
#7694=CARTESIAN_POINT('',(0.00489511778839752,-0.001,0.0027924030791916));
#7695=CARTESIAN_POINT('',(0.00489511778839752,-4.33680868994202E-19,0.0027924030791916));
#7696=CARTESIAN_POINT('',(0.00503392043708954,-0.001,0.00295686144525452));
#7697=CARTESIAN_POINT('',(0.00503392043708954,4.33680868994202E-19,0.00295686144525452));
#7698=CARTESIAN_POINT('',(0.00520579733561765,-0.001,0.00321479790374967));
#7699=CARTESIAN_POINT('',(0.00520579733561765,-4.33680868994202E-19,0.00321479790374967));
#7700=CARTESIAN_POINT('',(0.0053276403679688,-0.001,0.00346691438827392));
#7701=CARTESIAN_POINT('',(0.0053276403679688,-2.16840434497101E-19,0.00346691438827392));
#7702=CARTESIAN_POINT('',(0.00538301236939332,-0.001,0.00360204203624634));
#7703=CARTESIAN_POINT('',(0.00538301236939332,-2.16840434497101E-19,0.00360204203624634));
#7704=CARTESIAN_POINT('',(0.00415947764052739,0.,0.00231951546835813));
#7705=CARTESIAN_POINT('',(0.00441440724039167,0.,0.00246148576245829));
#7706=CARTESIAN_POINT('',(0.00468788130391973,0.,0.00261378346836815));
#7707=CARTESIAN_POINT('',(0.00469371808177603,0.,0.00261755091092659));
#7708=CARTESIAN_POINT('',(0.00469895130480173,0.,0.00262078354011437));
#7709=CARTESIAN_POINT('',(0.00470500451203872,0.,0.0026247585187412));
#7710=CARTESIAN_POINT('',(0.00471306666015714,0.,0.00263024990857381));
#7711=CARTESIAN_POINT('',(0.00472266699793019,0.,0.00263708829034962));
#7712=CARTESIAN_POINT('',(0.00473388499694232,0.,0.0026454165833311));
#7713=CARTESIAN_POINT('',(0.00474662365805317,0.,0.00265527697260622));
#7714=CARTESIAN_POINT('',(0.00476083765527332,0.,0.00266674048474233));
#7715=CARTESIAN_POINT('',(0.00477646364554569,0.,0.00267986730323169));
#7716=CARTESIAN_POINT('',(0.00479344117420332,0.,0.00269471857127361));
#7717=CARTESIAN_POINT('',(0.00481170655374008,0.,0.00271135283568165));
#7718=CARTESIAN_POINT('',(0.00483119470746928,0.,0.00272982701788589));
#7719=CARTESIAN_POINT('',(0.00485183869668507,0.,0.00275019606900804));
#7720=CARTESIAN_POINT('',(0.00487356991972795,0.,0.00277251300736545));
#7721=CARTESIAN_POINT('',(0.00489631812036317,0.,0.00279682884821662));
#7722=CARTESIAN_POINT('',(0.00492001145233814,0.,0.00282319256608215));
#7723=CARTESIAN_POINT('',(0.00494457652959723,0.,0.00285165104960463));
#7724=CARTESIAN_POINT('',(0.00496993848204616,0.,0.00288224906029138));
#7725=CARTESIAN_POINT('',(0.00499602101116152,0.,0.00291502919195202));
#7726=CARTESIAN_POINT('',(0.00502274644700518,0.,0.00295003183171668));
#7727=CARTESIAN_POINT('',(0.00505003580607815,0.,0.00298729512252536));
#7728=CARTESIAN_POINT('',(0.00507780885039929,0.,0.00302685492669431));
#7729=CARTESIAN_POINT('',(0.00510598414657486,0.,0.00306874479243392));
#7730=CARTESIAN_POINT('',(0.00513447912931062,0.,0.00311299591611644));
#7731=CARTESIAN_POINT('',(0.00516321015207355,0.,0.00315963712815178));
#7732=CARTESIAN_POINT('',(0.00519209259123633,0.,0.00320869479539718));
#7733=CARTESIAN_POINT('',(0.00522104074865661,0.,0.00326019305160742));
#7734=CARTESIAN_POINT('',(0.00524996853141332,0.,0.00331415277660697));
#7735=CARTESIAN_POINT('',(0.00527878715586229,0.,0.00337059537975977));
#7736=CARTESIAN_POINT('',(0.0053074142515982,0.,0.00342952819109098));
#7737=CARTESIAN_POINT('',(0.00533573934568501,0.,0.00349100024029081));
#7738=CARTESIAN_POINT('',(0.00536101056001421,0.,0.0035486279949342));
#7739=CARTESIAN_POINT('',(0.00537653501056223,0.,0.00358623494527254));
#7740=CARTESIAN_POINT('',(0.00538301236939332,0.,0.00360204203624634));
#7741=CARTESIAN_POINT('',(0.00442433726954911,0.,0.00246703516373465));
#7742=CARTESIAN_POINT('',(0.00442433726954911,0.,0.00246703516373465));
#7743=CARTESIAN_POINT('',(-4.0971950550532E-17,-0.001,-1.88649613695396E-17));
#7744=CARTESIAN_POINT('',(-4.0971950550532E-17,0.,-1.88649613695396E-17));
#7745=CARTESIAN_POINT('',(0.00440352531081653,0.,0.00181393800527972));
#7746=CARTESIAN_POINT('',(0.00429455220370365,0.,0.00205869561122184));
#7747=CARTESIAN_POINT('',(0.00429455220370365,-0.001,0.00205869561122184));
#7748=CARTESIAN_POINT('',(0.00429455220370365,-0.001,0.00205869561122184));
#7749=CARTESIAN_POINT('',(-4.0971950550532E-17,-0.001,-1.88649613695396E-17));
#7750=CARTESIAN_POINT('',(0.00440352531081653,-0.001,0.00181393800527972));
#7751=CARTESIAN_POINT('',(0.00440352531081653,-0.001,0.00181393800527972));
#7752=CARTESIAN_POINT('',(0.00469265754912572,-0.0005,0.00193303984269448));
#7753=CARTESIAN_POINT('',(0.00469265754912572,-0.001,0.00193303984269448));
#7754=CARTESIAN_POINT('',(0.00469265754912572,0.,0.00193303984269448));
#7755=CARTESIAN_POINT('',(0.00457652934782101,-0.0005,0.00219386805331223));
#7756=CARTESIAN_POINT('',(0.00457652934782101,-0.001,0.00219386805331223));
#7757=CARTESIAN_POINT('',(0.00457652934782101,0.,0.00219386805331223));
#7758=CARTESIAN_POINT('',(0.00199105131739243,-0.001,0.00465797569602181));
#7759=CARTESIAN_POINT('',(0.00199105131739243,0.,0.00465797569602181));
#7760=CARTESIAN_POINT('',(0.00204376222310081,-0.001,0.00478141204631402));
#7761=CARTESIAN_POINT('',(0.00204376222310081,0.,0.00478141204631402));
#7762=CARTESIAN_POINT('',(0.00210980393268484,-0.001,0.00493579556251501));
#7763=CARTESIAN_POINT('',(0.00210980393268484,2.16840434497101E-19,0.00493579556251501));
#7764=CARTESIAN_POINT('',(0.00211327876027886,-0.001,0.00494328704842611));
#7765=CARTESIAN_POINT('',(0.00211327876027886,-2.16840434497101E-19,0.00494328704842611));
#7766=CARTESIAN_POINT('',(0.00212599991841411,-0.001,0.00496793598713492));
#7767=CARTESIAN_POINT('',(0.00212599991841411,0.,0.00496793598713492));
#7768=CARTESIAN_POINT('',(0.00214694943829553,-0.001,0.00500276855925514));
#7769=CARTESIAN_POINT('',(0.00214694943829553,0.,0.00500276855925514));
#7770=CARTESIAN_POINT('',(0.00219199249629242,-0.001,0.00506870687616597));
#7771=CARTESIAN_POINT('',(0.00219199249629242,-2.16840434497101E-19,0.00506870687616597));
#7772=CARTESIAN_POINT('',(0.00226542686301448,-0.001,0.00516018742365981));
#7773=CARTESIAN_POINT('',(0.00226542686301448,4.33680868994202E-19,0.00516018742365981));
#7774=CARTESIAN_POINT('',(0.0024144754813753,-0.001,0.0053154202771952));
#7775=CARTESIAN_POINT('',(0.0024144754813753,-4.33680868994202E-19,0.0053154202771952));
#7776=CARTESIAN_POINT('',(0.00265303290888812,-0.001,0.00551331731771665));
#7777=CARTESIAN_POINT('',(0.00265303290888812,2.16840434497101E-19,0.00551331731771665));
#7778=CARTESIAN_POINT('',(0.00289103220799923,-0.001,0.00566084622987955));
#7779=CARTESIAN_POINT('',(0.00289103220799923,0.,0.00566084622987955));
#7780=CARTESIAN_POINT('',(0.00301963166236045,-0.001,0.00573003958307423));
#7781=CARTESIAN_POINT('',(0.00301963166236045,0.,0.00573003958307423));
#7782=CARTESIAN_POINT('',(0.00187202511416706,0.,0.00437914697423229));
#7783=CARTESIAN_POINT('',(0.0019865702808263,0.,0.00464751997974672));
#7784=CARTESIAN_POINT('',(0.00210944786036386,0.,0.00493541536889867));
#7785=CARTESIAN_POINT('',(0.00211258455505801,0.,0.00494161397725623));
#7786=CARTESIAN_POINT('',(0.00211525245480406,0.,0.00494715643389995));
#7787=CARTESIAN_POINT('',(0.00211857292563174,0.,0.00495359197944172));
#7788=CARTESIAN_POINT('',(0.00212319150910281,0.,0.0049621839688096));
#7789=CARTESIAN_POINT('',(0.00212898892095348,0.,0.0049724465204661));
#7790=CARTESIAN_POINT('',(0.00213609899047692,0.,0.00498447360977287));
#7791=CARTESIAN_POINT('',(0.00214457381083788,0.,0.00499817317850344));
#7792=CARTESIAN_POINT('',(0.00215448875736874,0.,0.00501350757326682));
#7793=CARTESIAN_POINT('',(0.00216591030502273,0.,0.00503042008889379));
#7794=CARTESIAN_POINT('',(0.00217890558128375,0.,0.00504885699309904));
#7795=CARTESIAN_POINT('',(0.00219353946939691,0.,0.00506876106707173));
#7796=CARTESIAN_POINT('',(0.0022098753813368,0.,0.00509007354053165));
#7797=CARTESIAN_POINT('',(0.00222797496419722,0.,0.00511273358542652));
#7798=CARTESIAN_POINT('',(0.00224789811668166,0.,0.00513667851782713));
#7799=CARTESIAN_POINT('',(0.00226970291835793,0.,0.00516184379891632));
#7800=CARTESIAN_POINT('',(0.00229344558543748,0.,0.00518816309525417));
#7801=CARTESIAN_POINT('',(0.00231918042063362,0.,0.00521556832399928));
#7802=CARTESIAN_POINT('',(0.00234695976630135,0.,0.00524398970405517));
#7803=CARTESIAN_POINT('',(0.00237683395828435,0.,0.00527335580713516));
#7804=CARTESIAN_POINT('',(0.00240885128118709,0.,0.00530359361038986));
#7805=CARTESIAN_POINT('',(0.00244305792502235,0.,0.00533462855002302));
#7806=CARTESIAN_POINT('',(0.0024794979428017,0.,0.00536638457623838));
#7807=CARTESIAN_POINT('',(0.00251821321106242,0.,0.00539878420848571));
#7808=CARTESIAN_POINT('',(0.00255924338570314,0.,0.00543174859468097));
#7809=CARTESIAN_POINT('',(0.00260262588264128,0.,0.00546519756011403));
#7810=CARTESIAN_POINT('',(0.00264839576987141,0.,0.00549904970082171));
#7811=CARTESIAN_POINT('',(0.00269658600683622,0.,0.00553322231078937));
#7812=CARTESIAN_POINT('',(0.00274722635813902,0.,0.00556763195125792));
#7813=CARTESIAN_POINT('',(0.00280034739627892,0.,0.00560219256283721));
#7814=CARTESIAN_POINT('',(0.00285596502117832,0.,0.00563682299255186));
#7815=CARTESIAN_POINT('',(0.0029141395415039,0.,0.00567141849764633));
#7816=CARTESIAN_POINT('',(0.00296881004407893,0.,0.0057025750142537));
#7817=CARTESIAN_POINT('',(0.00300458823264958,0.,0.00572194541696432));
#7818=CARTESIAN_POINT('',(0.00301963166236045,0.,0.00573003958307423));
#7819=CARTESIAN_POINT('',(0.00199105131121378,0.,0.00465797568155291));
#7820=CARTESIAN_POINT('',(0.00199105131121378,-0.001,0.00465797568155292));
#7821=CARTESIAN_POINT('',(0.00112709506721529,-0.001,0.0049386920983879));
#7822=CARTESIAN_POINT('',(0.00112709506721529,0.,0.0049386920983879));
#7823=CARTESIAN_POINT('',(0.00115700511500688,-0.001,0.00506953689650829));
#7824=CARTESIAN_POINT('',(0.00115700511500688,0.,0.00506953689650829));
#7825=CARTESIAN_POINT('',(0.00119432060363582,-0.001,0.00523325412769592));
#7826=CARTESIAN_POINT('',(0.00119432060363582,-2.16840434497101E-19,0.00523325412769592));
#7827=CARTESIAN_POINT('',(0.00119591279399604,-0.001,0.00524135731952514));
#7828=CARTESIAN_POINT('',(0.00119591279399604,0.,0.00524135731952514));
#7829=CARTESIAN_POINT('',(0.00120010944353419,-0.001,0.00526877603897785));
#7830=CARTESIAN_POINT('',(0.00120010944353419,0.,0.00526877603897785));
#7831=CARTESIAN_POINT('',(0.00120363499811781,-0.001,0.0053092700006098));
#7832=CARTESIAN_POINT('',(0.00120363499811781,0.,0.0053092700006098));
#7833=CARTESIAN_POINT('',(0.00120595196896088,-0.001,0.00538909086477987));
#7834=CARTESIAN_POINT('',(0.00120595196896088,2.16840434497101E-19,0.00538909086477987));
#7835=CARTESIAN_POINT('',(0.00120031323500009,-0.001,0.00550626382012778));
#7836=CARTESIAN_POINT('',(0.00120031323500009,0.,0.00550626382012778));
#7837=CARTESIAN_POINT('',(0.00117097395173746,-0.001,0.00571945841647029));
#7838=CARTESIAN_POINT('',(0.00117097395173746,0.,0.00571945841647029));
#7839=CARTESIAN_POINT('',(0.00109429790063605,-0.001,0.0060197810231055));
#7840=CARTESIAN_POINT('',(0.00109429790063605,2.16840434497101E-19,0.0060197810231055));
#7841=CARTESIAN_POINT('',(0.000988467741861936,-0.001,0.0062790268982804));
#7842=CARTESIAN_POINT('',(0.000988467741861936,0.,0.0062790268982804));
#7843=CARTESIAN_POINT('',(0.000925099430380867,-0.001,0.00641059435963907));
#7844=CARTESIAN_POINT('',(0.000925099430380867,0.,0.00641059435963907));
#7845=CARTESIAN_POINT('',(0.00105949787781709,0.,0.00464315307704808));
#7846=CARTESIAN_POINT('',(0.00112457458612105,0.,0.00492759935902443));
#7847=CARTESIAN_POINT('',(0.00119438519999402,0.,0.00523273725054011));
#7848=CARTESIAN_POINT('',(0.00119549101125759,0.,0.00523959573292503));
#7849=CARTESIAN_POINT('',(0.00119659040930041,0.,0.0052456478266657));
#7850=CARTESIAN_POINT('',(0.0011976868107314,0.,0.00525280601616024));
#7851=CARTESIAN_POINT('',(0.00119900054285165,0.,0.00526247181682512));
#7852=CARTESIAN_POINT('',(0.00120034251465565,0.,0.00527418202870817));
#7853=CARTESIAN_POINT('',(0.00120165969330252,0.,0.00528809134235887));
#7854=CARTESIAN_POINT('',(0.00120285582406883,0.,0.0053041559007015));
#7855=CARTESIAN_POINT('',(0.00120384779492179,0.,0.00532238954601164));
#7856=CARTESIAN_POINT('',(0.00120454849603234,0.,0.00534278547584087));
#7857=CARTESIAN_POINT('',(0.00120487203708036,0.,0.00536533967640227));
#7858=CARTESIAN_POINT('',(0.00120473229404471,0.,0.00539004399412008));
#7859=CARTESIAN_POINT('',(0.00120404342125635,0.,0.00541688815546234));
#7860=CARTESIAN_POINT('',(0.00120271979133666,0.,0.00544585918475359));
#7861=CARTESIAN_POINT('',(0.00120067610052745,0.,0.00547694157720437));
#7862=CARTESIAN_POINT('',(0.00119782742650639,0.,0.00551011725812822));
#7863=CARTESIAN_POINT('',(0.00119408929958535,0.,0.00554536560570498));
#7864=CARTESIAN_POINT('',(0.00118937776985631,0.,0.00558266345809297));
#7865=CARTESIAN_POINT('',(0.00118360947516515,0.,0.0056219851272636));
#7866=CARTESIAN_POINT('',(0.00117670170846541,0.,0.00566330241318565));
#7867=CARTESIAN_POINT('',(0.00116857248493753,0.,0.00570658462011138));
#7868=CARTESIAN_POINT('',(0.00115914060857643,0.,0.0057517985744708));
#7869=CARTESIAN_POINT('',(0.00114832573879842,0.,0.00579890864439681));
#7870=CARTESIAN_POINT('',(0.00113604845484839,0.,0.00584787676121861));
#7871=CARTESIAN_POINT('',(0.00112223032633832,0.,0.00589866244141251));
#7872=CARTESIAN_POINT('',(0.00110679395764294,0.,0.00595122281479997));
#7873=CARTESIAN_POINT('',(0.00108966313010964,0.,0.00600551263664142));
#7874=CARTESIAN_POINT('',(0.0010707625656135,0.,0.00606148436943979));
#7875=CARTESIAN_POINT('',(0.00105001914001251,0.,0.00611908800501589));
#7876=CARTESIAN_POINT('',(0.001027357535195,0.,0.00617827188992462));
#7877=CARTESIAN_POINT('',(0.00100271718733144,0.,0.00623897971576968));
#7878=CARTESIAN_POINT('',(0.000975987739438574,0.,0.00630116219242665));
#7879=CARTESIAN_POINT('',(0.000950071714738977,0.,0.00635850285899656));
#7880=CARTESIAN_POINT('',(0.000932512189201634,0.,0.00639520373557291));
#7881=CARTESIAN_POINT('',(0.000925099430380867,0.,0.00641059435963907));
#7882=CARTESIAN_POINT('',(0.00112709506370931,0.,0.0049386920830506));
#7883=CARTESIAN_POINT('',(0.00112709506370931,0.,0.0049386920830506));
#7884=CARTESIAN_POINT('',(-1.33961876909784E-17,-0.001,-4.307121608148E-17));
#7885=CARTESIAN_POINT('',(-1.33961876909784E-17,0.,-4.307121608148E-17));
#7886=CARTESIAN_POINT('',(0.00159851491898284,0.,0.00448621848596224));
#7887=CARTESIAN_POINT('',(0.00134370732939146,0.,0.00456901049057011));
#7888=CARTESIAN_POINT('',(0.00134370732939146,-0.001,0.00456901049057011));
#7889=CARTESIAN_POINT('',(0.00134370732939146,-0.001,0.00456901049057011));
#7890=CARTESIAN_POINT('',(-1.33961876909784E-17,-0.001,-4.307121608148E-17));
#7891=CARTESIAN_POINT('',(0.00159851491898284,-0.001,0.00448621848596224));
#7892=CARTESIAN_POINT('',(0.00159851491898284,-0.001,0.00448621848596224));
#7893=CARTESIAN_POINT('',(0.00170347223474094,-0.0005,0.0047807802974282));
#7894=CARTESIAN_POINT('',(0.00170347223474094,-0.001,0.0047807802974282));
#7895=CARTESIAN_POINT('',(0.00170347223474094,0.,0.0047807802974282));
#7896=CARTESIAN_POINT('',(0.00143193416592743,-0.0005,0.00486900836426275));
#7897=CARTESIAN_POINT('',(0.00143193416592743,-0.001,0.00486900836426275));
#7898=CARTESIAN_POINT('',(0.00143193416592743,0.,0.00486900836426275));
#7899=CARTESIAN_POINT('',(-7.56535111914095E-5,-0.001,0.00506510606793821));
#7900=CARTESIAN_POINT('',(-7.56535111914095E-5,0.,0.00506510606793821));
#7901=CARTESIAN_POINT('',(-7.77057894646701E-5,-0.001,0.00519931024189695));
#7902=CARTESIAN_POINT('',(-7.77057894646701E-5,0.,0.00519931024189695));
#7903=CARTESIAN_POINT('',(-8.01671187850545E-5,-0.001,0.00536720818511645));
#7904=CARTESIAN_POINT('',(-8.01671187850545E-5,2.16840434497101E-19,0.00536720818511645));
#7905=CARTESIAN_POINT('',(-8.00397676515824E-5,-0.001,0.00537546533775239));
#7906=CARTESIAN_POINT('',(-8.00397676515824E-5,0.,0.00537546533775239));
#7907=CARTESIAN_POINT('',(-7.84440380069683E-5,-0.001,0.0054031574249015));
#7908=CARTESIAN_POINT('',(-7.84440380069683E-5,0.,0.0054031574249015));
#7909=CARTESIAN_POINT('',(-7.34733827333798E-5,-0.001,0.00544349950033055));
#7910=CARTESIAN_POINT('',(-7.34733827333798E-5,0.,0.00544349950033055));
#7911=CARTESIAN_POINT('',(-5.91440313723749E-5,-0.001,0.00552205781243256));
#7912=CARTESIAN_POINT('',(-5.91440313723749E-5,-2.16840434497101E-19,0.00552205781243256));
#7913=CARTESIAN_POINT('',(-2.92668900129469E-5,-0.001,0.00563549789886515));
#7914=CARTESIAN_POINT('',(-2.92668900129469E-5,0.,0.00563549789886515));
#7915=CARTESIAN_POINT('',(4.37569085164228E-5,-0.001,0.00583793370177647));
#7916=CARTESIAN_POINT('',(4.37569085164228E-5,0.,0.00583793370177647));
#7917=CARTESIAN_POINT('',(0.000181197984871331,-0.001,0.00611575169147307));
#7918=CARTESIAN_POINT('',(0.000181197984871331,-2.16840434497101E-19,0.00611575169147307));
#7919=CARTESIAN_POINT('',(0.000338615749006658,-0.001,0.0063473290950254));
#7920=CARTESIAN_POINT('',(0.000338615749006658,0.,0.0063473290950254));
#7921=CARTESIAN_POINT('',(0.000427953724192094,-0.001,0.00646284647890365));
#7922=CARTESIAN_POINT('',(0.000427953724192094,0.,0.00646284647890365));
#7923=CARTESIAN_POINT('',(-7.09795001945971E-5,0.,0.00476197103734915));
#7924=CARTESIAN_POINT('',(-7.54944188532425E-5,0.,0.00505373169405829));
#7925=CARTESIAN_POINT('',(-8.03377683612477E-5,0.,0.00536671603330468));
#7926=CARTESIAN_POINT('',(-7.99934563264884E-5,0.,0.0053736545524837));
#7927=CARTESIAN_POINT('',(-7.98105288417076E-5,0.,0.00537980297116152));
#7928=CARTESIAN_POINT('',(-7.93946999898701E-5,0.,0.00538703269171654));
#7929=CARTESIAN_POINT('',(-7.86700909519557E-5,0.,0.00539676041171246));
#7930=CARTESIAN_POINT('',(-7.75480474998505E-5,0.,0.00540849373899675));
#7931=CARTESIAN_POINT('',(-7.5944533713797E-5,0.,0.00542237295761161));
#7932=CARTESIAN_POINT('',(-7.37745166657659E-5,0.,0.00543833515638137));
#7933=CARTESIAN_POINT('',(-7.09538225493805E-5,0.,0.0054563765951314));
#7934=CARTESIAN_POINT('',(-6.73986594029086E-5,0.,0.00547647250891124));
#7935=CARTESIAN_POINT('',(-6.30258483290012E-5,0.,0.00549860111404319));
#7936=CARTESIAN_POINT('',(-5.77528425467537E-5,0.,0.00552273652893581));
#7937=CARTESIAN_POINT('',(-5.14978083083483E-5,0.,0.00554885085624027));
#7938=CARTESIAN_POINT('',(-4.4179687193475E-5,0.,0.00557691360089767));
#7939=CARTESIAN_POINT('',(-3.5718263162697E-5,0.,0.00560689186128682));
#7940=CARTESIAN_POINT('',(-2.60342275888204E-5,0.,0.00563875030135289));
#7941=CARTESIAN_POINT('',(-1.50492441665519E-5,0.,0.00567245118767627));
#7942=CARTESIAN_POINT('',(-2.68601311244213E-6,0.,0.00570795441038981));
#7943=CARTESIAN_POINT('',(1.11316652230776E-5,0.,0.00574521751084354));
#7944=CARTESIAN_POINT('',(2.6478827422913E-5,0.,0.0057841957094827));
#7945=CARTESIAN_POINT('',(4.3429284736793E-5,0.,0.00582484193573286));
#7946=CARTESIAN_POINT('',(6.20555616692376E-5,0.,0.00586710685934739));
#7947=CARTESIAN_POINT('',(8.24288348877161E-5,0.,0.0059109389233544));
#7948=CARTESIAN_POINT('',(0.000104618874691547,0.,0.00595628437847139));
#7949=CARTESIAN_POINT('',(0.000128693980578741,0.,0.00600308731924222));
#7950=CARTESIAN_POINT('',(0.000154720943683172,0.,0.0060512897208493));
#7951=CARTESIAN_POINT('',(0.000182764910186706,0.,0.00610083148051022));
#7952=CARTESIAN_POINT('',(0.000212889629605231,0.,0.00615165044833406));
#7953=CARTESIAN_POINT('',(0.000245156230857713,0.,0.00620368250557631));
#7954=CARTESIAN_POINT('',(0.00027962764681927,0.,0.00625686146802764));
#7955=CARTESIAN_POINT('',(0.000316351410680581,0.,0.0063111196658371));
#7956=CARTESIAN_POINT('',(0.000355425219866913,0.,0.00636638594148078));
#7957=CARTESIAN_POINT('',(0.000392696712186549,0.,0.00641708533239604));
#7958=CARTESIAN_POINT('',(0.000417503061264407,0.,0.0064493333761196));
#7959=CARTESIAN_POINT('',(0.000427953724192094,0.,0.00646284647890365));
#7960=CARTESIAN_POINT('',(-7.56535109508465E-5,0.,0.00506510605220713));
#7961=CARTESIAN_POINT('',(-7.56535109508466E-5,-0.001,0.00506510605220713));
#7962=CARTESIAN_POINT('',(-0.000979094466297363,-0.001,0.00497015059724411));
#7963=CARTESIAN_POINT('',(-0.000979094466297363,0.,0.00497015059724411));
#7964=CARTESIAN_POINT('',(-0.0010049896519509,-0.001,0.00510184878065614));
#7965=CARTESIAN_POINT('',(-0.0010049896519509,0.,0.00510184878065614));
#7966=CARTESIAN_POINT('',(-0.00103749005384114,-0.001,0.00526658949012508));
#7967=CARTESIAN_POINT('',(-0.00103749005384114,2.16840434497101E-19,0.00526658949012508));
#7968=CARTESIAN_POINT('',(-0.00103933138061267,-0.001,0.00527463972637534));
#7969=CARTESIAN_POINT('',(-0.00103933138061267,-2.16840434497101E-19,0.00527463972637534));
#7970=CARTESIAN_POINT('',(-0.00104664974839741,-0.000999999999999999,0.00530139490413105));
#7971=CARTESIAN_POINT('',(-0.00104664974839741,6.50521303491303E-19,0.00530139490413105));
#7972=CARTESIAN_POINT('',(-0.0010598993720409,-0.001,0.0053398219510782));
#7973=CARTESIAN_POINT('',(-0.0010598993720409,0.,0.0053398219510782));
#7974=CARTESIAN_POINT('',(-0.00109024878419166,-0.001,0.00541368433590869));
#7975=CARTESIAN_POINT('',(-0.00109024878419166,-2.16840434497101E-19,0.00541368433590869));
#7976=CARTESIAN_POINT('',(-0.00114305855850588,-0.001,0.00551843367730291));
#7977=CARTESIAN_POINT('',(-0.00114305855850588,2.16840434497101E-19,0.00551843367730291));
#7978=CARTESIAN_POINT('',(-0.0012565753818992,-0.001,0.00570126327080109));
#7979=CARTESIAN_POINT('',(-0.0012565753818992,0.,0.00570126327080109));
#7980=CARTESIAN_POINT('',(-0.00144877464895543,-0.001,0.00594443466429073));
#7981=CARTESIAN_POINT('',(-0.00144877464895543,0.,0.00594443466429073));
#7982=CARTESIAN_POINT('',(-0.00165090010678504,-0.001,0.00613822255245345));
#7983=CARTESIAN_POINT('',(-0.00165090010678504,0.,0.00613822255245345));
#7984=CARTESIAN_POINT('',(-0.00176230324746806,-0.001,0.00623264119486199));
#7985=CARTESIAN_POINT('',(-0.00176230324746806,0.,0.00623264119486199));
#7986=CARTESIAN_POINT('',(-0.000920641022183832,0.,0.0046726680128458));
#7987=CARTESIAN_POINT('',(-0.000976885216780867,0.,0.00495899170356659));
#7988=CARTESIAN_POINT('',(-0.00103722080925229,0.,0.00526614357305313));
#7989=CARTESIAN_POINT('',(-0.00103900019649728,0.,0.00527285888244342));
#7990=CARTESIAN_POINT('',(-0.00104045745470078,0.,0.00527883491065878));
#7991=CARTESIAN_POINT('',(-0.00104236734011926,0.,0.00528582018879397));
#7992=CARTESIAN_POINT('',(-0.00104509862142332,0.,0.00529518468007834));
#7993=CARTESIAN_POINT('',(-0.00104863564144851,0.,0.00530642832005879));
#7994=CARTESIAN_POINT('',(-0.00105308976642053,0.,0.00531967085518447));
#7995=CARTESIAN_POINT('',(-0.001058531091125,0.,0.00533483306969999));
#7996=CARTESIAN_POINT('',(-0.00106504117234265,0.,0.00535189380444409));
#7997=CARTESIAN_POINT('',(-0.00107269682205708,0.,0.00537081141431148));
#7998=CARTESIAN_POINT('',(-0.00108157487242591,0.,0.00539154729778488));
#7999=CARTESIAN_POINT('',(-0.00109175068529938,0.,0.00541405897640694));
#8000=CARTESIAN_POINT('',(-0.00110329850597663,0.,0.00543830214825994));
#8001=CARTESIAN_POINT('',(-0.00111629128127773,0.,0.00546423013168198));
#8002=CARTESIAN_POINT('',(-0.00113080063369751,0.,0.00549179406617883));
#8003=CARTESIAN_POINT('',(-0.00114689679200047,0.,0.00552094289868247));
#8004=CARTESIAN_POINT('',(-0.00116464853543661,0.,0.00555162343330537));
#8005=CARTESIAN_POINT('',(-0.00118412313529336,0.,0.00558378036514851));
#8006=CARTESIAN_POINT('',(-0.0012053862984254,0.,0.00561735632058731));
#8007=CARTESIAN_POINT('',(-0.00122850211149334,0.,0.00565229189762491));
#8008=CARTESIAN_POINT('',(-0.00125353298627129,0.,0.00568852570807012));
#8009=CARTESIAN_POINT('',(-0.00128053960609434,0.,0.0057259944209682));
#8010=CARTESIAN_POINT('',(-0.00130958087295182,0.,0.00576463280752952));
#8011=CARTESIAN_POINT('',(-0.0013407138573904,0.,0.00580437378696147));
#8012=CARTESIAN_POINT('',(-0.00137399374300228,0.,0.00584514847521212));
#8013=CARTESIAN_POINT('',(-0.00140947379733687,0.,0.0058868862287878));
#8014=CARTESIAN_POINT('',(-0.00144720524690455,0.,0.00592951471364327));
#8015=CARTESIAN_POINT('',(-0.00148723752645243,0.,0.00597295988374221));
#8016=CARTESIAN_POINT('',(-0.00152961709804934,0.,0.00601714631207161));
#8017=CARTESIAN_POINT('',(-0.00157439175886523,0.,0.00606199617622544));
#8018=CARTESIAN_POINT('',(-0.00162159393402337,0.,0.00610743340239532));
#8019=CARTESIAN_POINT('',(-0.00167130439154479,0.,0.00615336807558305));
#8020=CARTESIAN_POINT('',(-0.00171830240842163,0.,0.006195210384178));
#8021=CARTESIAN_POINT('',(-0.00174927142455124,0.,0.00622159620079476));
#8022=CARTESIAN_POINT('',(-0.00176230324746806,0.,0.00623264119486199));
#8023=CARTESIAN_POINT('',(-0.000979094463261993,0.,0.00497015058180678));
#8024=CARTESIAN_POINT('',(-0.000979094463261993,0.,0.00497015058180678));
#8025=CARTESIAN_POINT('',(5.28061542735254E-18,-0.001,-4.47962342178209E-17));
#8026=CARTESIAN_POINT('',(5.28061542735254E-18,0.,-4.47962342178209E-17));
#8027=CARTESIAN_POINT('',(-0.000364393403874178,0.,0.00474853911189673));
#8028=CARTESIAN_POINT('',(-0.00063084626194596,0.,0.00472053378801474));
#8029=CARTESIAN_POINT('',(-0.00063084626194596,-0.001,0.00472053378801474));
#8030=CARTESIAN_POINT('',(-0.00063084626194596,-0.001,0.00472053378801474));
#8031=CARTESIAN_POINT('',(5.28061542735254E-18,-0.001,-4.47962342178209E-17));
#8032=CARTESIAN_POINT('',(-0.000364393403874178,-0.001,0.00474853911189673));
#8033=CARTESIAN_POINT('',(-0.000364393403874178,-0.001,0.00474853911189673));
#8034=CARTESIAN_POINT('',(-0.000388319207191001,-0.0005,0.00506032470303413));
#8035=CARTESIAN_POINT('',(-0.000388319207191001,-0.001,0.00506032470303413));
#8036=CARTESIAN_POINT('',(-0.000388319207191001,0.,0.00506032470303413));
#8037=CARTESIAN_POINT('',(-0.000672267164261973,-0.0005,0.00503048057015094));
#8038=CARTESIAN_POINT('',(-0.000672267164261973,-0.001,0.00503048057015094));
#8039=CARTESIAN_POINT('',(-0.000672267164261973,0.,0.00503048057015094));
#8040=CARTESIAN_POINT('',(-2.68529247622607E-8,-0.001,-3.33150210717059E-9));
#8041=CARTESIAN_POINT('',(-2.68529247622607E-8,-0.001,-3.3315021067357E-9));
#8042=CARTESIAN_POINT('',(-2.68529247622607E-8,-0.001,-3.33150210717059E-9));
#8043=CARTESIAN_POINT('',(-2.68529247622607E-8,-0.001,-3.3315021067357E-9));
#8044=CARTESIAN_POINT('',(-2.68529247622607E-8,-0.001,-3.33150210717059E-9));
#8045=CARTESIAN_POINT('',(-2.68529247622607E-8,-0.001,-3.3315021067357E-9));
#8046=CARTESIAN_POINT('',(-2.68529247622607E-8,-0.001,-3.33150210717059E-9));
#8047=CARTESIAN_POINT('',(-2.68529247622607E-8,-0.001,-3.3315021067357E-9));
#8048=CARTESIAN_POINT('',(-2.68529247622607E-8,-0.001,-3.33150210717059E-9));
#8049=CARTESIAN_POINT('',(-2.68529247622607E-8,-0.001,-3.3315021067357E-9));
#8050=CARTESIAN_POINT('',(-2.68529247622607E-8,-0.001,-3.33150210717059E-9));
#8051=CARTESIAN_POINT('',(-2.68529247622607E-8,-0.001,-3.3315021067357E-9));
#8052=CARTESIAN_POINT('',(-2.68529247622607E-8,-0.001,-3.33150210717059E-9));
#8053=CARTESIAN_POINT('',(-2.68529247622607E-8,-0.001,-3.3315021067357E-9));
#8054=CARTESIAN_POINT('',(-2.68529247622607E-8,-0.001,-3.33150210717059E-9));
#8055=CARTESIAN_POINT('',(-2.68529247622607E-8,-0.001,-3.3315021067357E-9));
#8056=CARTESIAN_POINT('',(-2.68529247622607E-8,-0.001,-3.33150210717059E-9));
#8057=CARTESIAN_POINT('',(-2.68529247622607E-8,-0.001,-3.3315021067357E-9));
#8058=CARTESIAN_POINT('',(-2.68529247622607E-8,-0.001,-3.33150210717059E-9));
#8059=CARTESIAN_POINT('',(-2.68529247622607E-8,-0.001,-3.3315021067357E-9));
#8060=CARTESIAN_POINT('',(-2.68529247622607E-8,-0.001,-3.33150210717059E-9));
#8061=CARTESIAN_POINT('',(-2.68529247622607E-8,-0.001,-3.3315021067357E-9));
#8062=CARTESIAN_POINT('',(-2.68529247622607E-8,-0.001,-3.33150210717059E-9));
#8063=CARTESIAN_POINT('',(-2.68529247622607E-8,-0.001,-3.3315021067357E-9));
#8064=CARTESIAN_POINT('',(-2.68529247622607E-8,-0.001,-3.33150210717059E-9));
#8065=CARTESIAN_POINT('',(-2.68529247622607E-8,-0.001,-3.3315021067357E-9));
#8066=CARTESIAN_POINT('',(-2.68529247622607E-8,-0.001,-3.33150210717059E-9));
#8067=CARTESIAN_POINT('',(-2.68529247622607E-8,-0.001,-3.3315021067357E-9));
#8068=CARTESIAN_POINT('',(-2.68529247622607E-8,-0.001396875,-3.3315021067357E-9));
#8069=CARTESIAN_POINT('',(-2.68529247622607E-8,-0.001396875,-3.3315021067357E-9));
#8070=CARTESIAN_POINT('',(-2.68529247622607E-8,-0.001396875,-0.00501700333150211));
#8071=CARTESIAN_POINT('',(-2.68529247622607E-8,-0.001,-3.3315021067357E-9));
#8072=CARTESIAN_POINT('',(-2.68529247622607E-8,-0.001396875,-3.33150210717059E-9));
#8073=CARTESIAN_POINT('',(-2.68529247613933E-8,-0.001396875,-3.33150210649463E-9));
#8074=CARTESIAN_POINT('',(-2.68529247613933E-8,-0.001396875,-0.00393700333150211));
#8075=CARTESIAN_POINT('',(-2.68529247622607E-8,-0.001,-3.33150210717059E-9));
#8076=CARTESIAN_POINT('',(-2.68529247622607E-8,0.00156250005,3.33150209371671E-9));
#8077=CARTESIAN_POINT('',(-2.68529247622607E-8,0.00156250005,3.33150209371671E-9));
#8078=CARTESIAN_POINT('',(-0.00612967137671959,0.00156250005,-0.00661314622161646));
#8079=CARTESIAN_POINT('',(-0.00612967798677606,0.00156250005,0.00661314675783692));
#8080=CARTESIAN_POINT('',(-0.00612967137671959,0.00156250005,-0.00661314622161646));
#8081=CARTESIAN_POINT('',(-0.00612967137671959,0.00609881082838354,-0.00661314622161646));
#8082=CARTESIAN_POINT('',(-2.68529247622607E-8,0.0127119603815021,3.33150209371671E-9));
#8083=CARTESIAN_POINT('',(0.00612961767087003,0.00609881082838351,-0.00661314622161649));
#8084=CARTESIAN_POINT('',(0.00612961767087003,0.00156250005,-0.00661314622161649));
#8085=CARTESIAN_POINT('',(0.00612961767087003,0.00156250005,-0.00661314622161649));
#8086=CARTESIAN_POINT('',(-2.68529247622607E-8,0.00156250005,3.33150209371671E-9));
#8087=CARTESIAN_POINT('',(0.00612962428092657,0.00156250005,0.00661314675783689));
#8088=CARTESIAN_POINT('',(0.00612962428092657,0.00156250005,0.00661314675783689));
#8089=CARTESIAN_POINT('',(0.00612962428092657,0.00610132489216312,0.00661314675783689));
#8090=CARTESIAN_POINT('',(-2.68529247622607E-8,0.0127144683184979,3.33150209371671E-9));
#8091=CARTESIAN_POINT('',(-0.00612967798677606,0.00610132489216309,0.00661314675783692));
#8092=CARTESIAN_POINT('',(-0.00612967798677606,0.00156250005,0.00661314675783692));
#8093=CARTESIAN_POINT('',(-2.68529247622607E-8,0.,3.33150209371671E-9));
#8094=CARTESIAN_POINT('',(-2.68529247622607E-8,0.,0.00901700333150209));
#8095=CARTESIAN_POINT('',(-2.68529247622607E-8,0.,3.33150209502753E-9));
#8096=CARTESIAN_POINT('',(-3.46944695195361E-18,0.00156250005,5.20417042793042E-18));
#8097=CARTESIAN_POINT('',(2.88220811788615E-5,0.00156250005,-0.00663962927038039));
#8098=CARTESIAN_POINT('',(0.0116341144,0.00156250005,-0.00658925165685765));
#8099=CARTESIAN_POINT('',(0.0116341144,0.00156250005,6.86605953722015E-18));
#8100=CARTESIAN_POINT('',(0.0116341144,0.00156250005,0.00658924671974992));
#8101=CARTESIAN_POINT('',(2.88287466352879E-5,0.00156250005,0.00663963590442017));
#8102=CARTESIAN_POINT('',(-3.46944695195361E-18,0.00156250005,5.20417042793042E-18));
#8103=CARTESIAN_POINT('',(-2.88287476477529E-5,0.00156250005,0.00663963613760213));
#8104=CARTESIAN_POINT('',(-0.0116053153383672,0.00156250005,0.00658937199606562));
#8105=CARTESIAN_POINT('',(-0.0116053153383672,0.00156250005,-0.00657491818125792));
#8106=CARTESIAN_POINT('',(-0.0116053153383672,0.00156250005,-0.00658937690433348));
#8107=CARTESIAN_POINT('',(-2.88220821908348E-5,0.00156250005,-0.0066396295035086));
#8108=CARTESIAN_POINT('',(0.0149361144,0.03966250005,6.50521303491303E-18));
#8109=CARTESIAN_POINT('',(0.0149361144,0.036422638141478,-0.00323986190852202));
#8110=CARTESIAN_POINT('',(0.0149361144,0.035952773232956,-0.002769997));
#8111=CARTESIAN_POINT('',(0.0149361144,0.03636050005,-0.00317772381704405));
#8112=CARTESIAN_POINT('',(0.0149361144,0.03636050005,0.00647972381704404));
#8113=CARTESIAN_POINT('',(0.0149361144,0.03636050005,0.00317772381704405));
#8114=CARTESIAN_POINT('',(0.0149361144,0.036422638141478,0.00323986190852203));
#8115=CARTESIAN_POINT('',(0.0149361144,0.035952773232956,0.002769997));
#8116=CARTESIAN_POINT('',(0.0149361144,0.00664247465000002,0.002769997));
#8117=CARTESIAN_POINT('',(0.0149361144,0.00527474146704402,0.002769997));
#8118=CARTESIAN_POINT('',(0.0149361144,0.023853619258522,-0.015808880791478));
#8119=CARTESIAN_POINT('',(0.0149361144,0.00486450005,0.00318023841704403));
#8120=CARTESIAN_POINT('',(0.0149361144,0.00486450005,6.50521303491303E-18));
#8121=CARTESIAN_POINT('',(0.0149361144,0.00486450005,-0.00317772381704404));
#8122=CARTESIAN_POINT('',(0.0149361144,0.023852361958522,0.015810138091478));
#8123=CARTESIAN_POINT('',(0.0149361144,0.00527222686704404,-0.002769997));
#8124=CARTESIAN_POINT('',(0.0149361144,0.03966250005,-0.002769997));
#8125=CARTESIAN_POINT('',(-0.0149361144,0.03966250005,5.63785129692462E-18));
#8126=CARTESIAN_POINT('',(-0.0149361144,0.03966250005,0.0014106546576905));
#8127=CARTESIAN_POINT('',(-0.0149361144,0.00661367558836721,0.0014106546576905));
#8128=CARTESIAN_POINT('',(-0.0149361144,0.0346138391116328,0.0014106546576905));
#8129=CARTESIAN_POINT('',(-0.0149361144,0.0374330276978602,0.00422984324391785));
#8130=CARTESIAN_POINT('',(-0.0149361144,0.0363460692585486,0.00314288480460632));
#8131=CARTESIAN_POINT('',(-0.0149361144,0.0363460692585486,5.63785129692462E-18));
#8132=CARTESIAN_POINT('',(-0.0149361144,0.0363460692585486,-0.00314288480460631));
#8133=CARTESIAN_POINT('',(-0.0149361144,0.0369301107519711,-0.00372692629802885));
#8134=CARTESIAN_POINT('',(-0.0149361144,0.0359587506624909,-0.00275556620854861));
#8135=CARTESIAN_POINT('',(-0.0149361144,0.00663996005000001,-0.00275556620854861));
#8136=CARTESIAN_POINT('',(-0.0149361144,0.0052662494375091,-0.00275556620854861));
#8137=CARTESIAN_POINT('',(-0.0149361144,0.00379196816677093,-0.00422984747928678));
#8138=CARTESIAN_POINT('',(-0.0149361144,0.00487893084145139,-0.00314288480460632));
#8139=CARTESIAN_POINT('',(-0.0149361144,0.00487893084145139,0.00657490994368456));
#8140=CARTESIAN_POINT('',(-0.0149361144,0.00487893084145139,0.00314539940460632));
#8141=CARTESIAN_POINT('',(-0.0149361144,0.00759940394802885,0.000424926298028862));
#8142=CARTESIAN_POINT('',(-3.46944695195361E-18,0.03966250005,5.20417042793042E-18));
#8143=CARTESIAN_POINT('',(-0.130777772512857,0.03966250005,-0.006071997));
#8144=CARTESIAN_POINT('',(-0.00612964782882457,0.03966250005,-0.00661314648972683));
#8145=CARTESIAN_POINT('',(-0.0116053153383672,0.03966250005,-0.00658937433361767));
#8146=CARTESIAN_POINT('',(-0.0116053153383672,0.03966250005,3.54639515534882E-18));
#8147=CARTESIAN_POINT('',(-0.0116053153383672,0.03966250005,0.00658937433361767));
#8148=CARTESIAN_POINT('',(-0.130777772512881,0.03966250005,0.006071997));
#8149=CARTESIAN_POINT('',(-0.00612964782882457,0.03966250005,0.00661314648972683));
#8150=CARTESIAN_POINT('',(0.,0.03966250005,-1.83003689896474E-18));
#8151=CARTESIAN_POINT('',(-2.60208521396521E-18,0.034428600692749,-0.077240003));
#8152=CARTESIAN_POINT('',(2.68529247622607E-8,0.034428600692749,-3.33150210619948E-9));
#8153=CARTESIAN_POINT('',(0.0015625318,0.034428600692749,0.00132705291838537));
#8154=CARTESIAN_POINT('',(-0.00156253180000001,0.034428600692749,0.00132698968135438));
#8155=CARTESIAN_POINT('',(0.0015625318,0.034428600692749,0.006071997));
#8156=CARTESIAN_POINT('',(-0.00156253180000001,0.034428600692749,-0.077240003));
#8157=CARTESIAN_POINT('',(-0.00486453180000001,0.02061250005,-0.077240003));
#8158=CARTESIAN_POINT('',(-0.00486453180000001,0.0100983994072511,-0.006071997));
#8159=CARTESIAN_POINT('',(-0.00486453180000001,0.031126600692749,-0.077240003));
#8160=CARTESIAN_POINT('',(-2.60208521396521E-18,0.00679639940725109,-0.077240003));
#8161=CARTESIAN_POINT('',(-0.00156253180000001,0.00679639940725109,0.006071997));
#8162=CARTESIAN_POINT('',(-0.00156253180000001,0.00679639940725109,-0.00361366453454333));
#8163=CARTESIAN_POINT('',(-2.68529247613933E-8,0.00679639940725109,-3.33150210649463E-9));
#8164=CARTESIAN_POINT('',(0.0015625318,0.00679639940725109,-0.00361364131228684));
#8165=CARTESIAN_POINT('',(0.0015625318,0.00679639940725109,-0.077240003));
#8166=CARTESIAN_POINT('',(0.0048645318,0.02061250005,-0.077240003));
#8167=CARTESIAN_POINT('',(0.0048645318,0.0100983994072509,-0.077240003));
#8168=CARTESIAN_POINT('',(0.0048645318,0.031126600692749,-0.006071997));
#8169=CARTESIAN_POINT('',(0.,0.04474250005,-1.83003689896474E-18));
#8170=CARTESIAN_POINT('',(0.,0.04474250005,-1.83003689896474E-18));
#8171=CARTESIAN_POINT('',(0.,0.04474250005,0.009017));
#8172=CARTESIAN_POINT('',(0.,0.02851304305,-1.83003689896474E-18));
#8173=CARTESIAN_POINT('',(0.0061296478288246,0.0351261895397268,-0.0066131464897268));
#8174=CARTESIAN_POINT('',(-0.00612964782882457,0.0351261895397268,-0.00661314648972683));
#8175=CARTESIAN_POINT('',(-0.00612964782882457,0.04474250005,-0.00661314648972683));
#8176=CARTESIAN_POINT('',(-0.00612964782882457,0.04474250005,0.00661314648972683));
#8177=CARTESIAN_POINT('',(-0.00612964782882457,0.0351261895397268,0.00661314648972683));
#8178=CARTESIAN_POINT('',(0.,0.02851304305,-1.83003689896474E-18));
#8179=CARTESIAN_POINT('',(0.00612964782882457,0.0351261895397268,0.00661314648972683));
#8180=CARTESIAN_POINT('',(0.00612964782882457,0.04474250005,0.00661314648972683));
#8181=CARTESIAN_POINT('',(0.0061296478288246,0.04474250005,-0.0066131464897268));
#8182=CARTESIAN_POINT('',(0.,0.04474250005,0.));
#8183=CARTESIAN_POINT('',(2.68529247622607E-8,0.04474250005,-3.33150210619948E-9));
#8184=CARTESIAN_POINT('',(2.68529247622607E-8,0.04474250005,0.00204999666849789));
#8185=CARTESIAN_POINT('',(2.68529247622607E-8,0.03004250005,-3.33150210619948E-9));
#8186=CARTESIAN_POINT('',(2.68529247622607E-8,0.0359911056398242,-3.33150210619948E-9));
#8187=CARTESIAN_POINT('',(2.68529247622607E-8,0.0359911593456738,-3.33150210619948E-9));
#8188=CARTESIAN_POINT('',(-5.20417042793042E-18,0.03458504005,0.006071997));
#8189=CARTESIAN_POINT('',(0.0116341144,0.03458504005,0.006071997));
#8190=CARTESIAN_POINT('',(0.0116341144,0.0351022923548814,0.00658924930488141));
#8191=CARTESIAN_POINT('',(4.9295873825993E-6,0.0351527794957288,0.00663973644572879));
#8192=CARTESIAN_POINT('',(-4.92958738260971E-6,0.0351527794957288,0.00663973644572879));
#8193=CARTESIAN_POINT('',(-0.0116053153383672,0.0351024173836176,0.00658937433361767));
#8194=CARTESIAN_POINT('',(-0.0116053153383672,0.03128304005,0.002769997));
#8195=CARTESIAN_POINT('',(-2.68529247622607E-8,0.00156250005,0.0111519716));
#8196=CARTESIAN_POINT('',(-3.92086598774919E-5,0.00607454033282192,0.00663993131717809));
#8197=CARTESIAN_POINT('',(0.0116341144,0.00612522493025009,0.00658924671974992));
#8198=CARTESIAN_POINT('',(0.0116341144,0.00156250005,0.0111519716));
#8199=CARTESIAN_POINT('',(-0.0116053153383672,0.00613956170631545,0.00657490994368456));
#8200=CARTESIAN_POINT('',(-0.0116053153383672,0.00612509965393439,0.00658937199606562));
#8201=CARTESIAN_POINT('',(3.91549540279691E-5,0.0060745403328219,0.00663993131717811));
#8202=CARTESIAN_POINT('',(0.,0.03966250005,-0.011149457));
#8203=CARTESIAN_POINT('',(-3.91554932961717E-5,0.0351529708874483,-0.00663992783744826));
#8204=CARTESIAN_POINT('',(0.0116341144,0.0351022923548814,-0.00658924930488138));
#8205=CARTESIAN_POINT('',(0.0116341144,0.03966250005,-0.011149457));
#8206=CARTESIAN_POINT('',(-0.0116053153383672,0.035087956995889,-0.00657491394588898));
#8207=CARTESIAN_POINT('',(-0.0116053153383672,0.0351024173836176,-0.00658937433361767));
#8208=CARTESIAN_POINT('',(3.91554932961735E-5,0.0351529708874483,-0.00663992783744829));
#8209=CARTESIAN_POINT('',(-3.46944695195361E-18,0.00663996005,-0.006071997));
#8210=CARTESIAN_POINT('',(0.0116341144,0.00663996005,-0.006071997));
#8211=CARTESIAN_POINT('',(0.0116341144,0.00612270539314235,-0.00658925165685765));
#8212=CARTESIAN_POINT('',(4.92898988089234E-6,0.00607222406168763,-0.00663973298831237));
#8213=CARTESIAN_POINT('',(-4.92899190483755E-6,0.00607222382856381,-0.00663973322143618));
#8214=CARTESIAN_POINT('',(-0.0116053153383672,0.00612258014566652,-0.00658937690433348));
#8215=CARTESIAN_POINT('',(-0.0116053153383672,0.00663996005,-0.006071997));
#8216=CARTESIAN_POINT('',(-0.130763516816368,0.00156250005,0.006071997));
#8217=CARTESIAN_POINT('',(-0.0137547302550966,0.00310781318359336,0.00658003941534274));
#8218=CARTESIAN_POINT('',(-0.0135068284816361,0.00345581052054966,0.00658111578421603));
#8219=CARTESIAN_POINT('',(-0.0116196822973557,0.00157680503336506,0.00658930961592511));
#8220=CARTESIAN_POINT('',(0.130763463110518,0.00156250005,0.006071997));
#8221=CARTESIAN_POINT('',(0.0149503881208976,0.00487877377089765,0.00657484773518973));
#8222=CARTESIAN_POINT('',(0.0135274620762628,0.00345584772626283,0.00658102596167866));
#8223=CARTESIAN_POINT('',(0.00440611348324577,0.0163157784770061,0.0066206300983129));
#8224=CARTESIAN_POINT('',(-0.130777772512881,0.04474250005,0.006071997));
#8225=CARTESIAN_POINT('',(-0.014950448185723,0.0363317973053476,0.00657485171694772));
#8226=CARTESIAN_POINT('',(-0.0135057791246205,0.0377702344097909,0.00658112362779453));
#8227=CARTESIAN_POINT('',(-0.013360182729768,0.0375658503305223,0.00658175572246085));
#8228=CARTESIAN_POINT('',(0.130777772512881,0.04474250005,0.006071997));
#8229=CARTESIAN_POINT('',(0.0113907834701283,0.0347592268547518,0.00659030570592128));
#8230=CARTESIAN_POINT('',(0.0135264171530351,0.0377701972969649,0.00658103402950675));
#8231=CARTESIAN_POINT('',(0.0116484176047403,0.0396481968452597,0.00658918720870494));
#8232=CARTESIAN_POINT('',(-0.13079208521122,0.00156250005,-0.006071997));
#8233=CARTESIAN_POINT('',(-0.0116196790007034,0.0015768017509337,-0.00658931455286399));
#8234=CARTESIAN_POINT('',(-0.0135057776574052,0.00345476422932308,-0.00658112715468541));
#8235=CARTESIAN_POINT('',(-0.00438582852337176,0.0162570940689029,-0.00662071609912552));
#8236=CARTESIAN_POINT('',(0.130792031505273,0.00156250005,-0.006071997));
#8237=CARTESIAN_POINT('',(0.0113907823050607,0.00646577265747969,-0.00659030794134405));
#8238=CARTESIAN_POINT('',(0.013526415784621,0.00345480143462104,-0.00658103733315049));
#8239=CARTESIAN_POINT('',(0.0149503848528891,0.00487877050288909,-0.00657485600127028));
#8240=CARTESIAN_POINT('',(-0.130777772512857,0.04474250005,-0.006071997));
#8241=CARTESIAN_POINT('',(-0.0137535450628458,0.0381180411890016,-0.0065800479725339));
#8242=CARTESIAN_POINT('',(-0.0135057791246204,0.0377702344097909,-0.00658112362779452));
#8243=CARTESIAN_POINT('',(-0.014950448185723,0.0363317973053476,-0.00657485171694771));
#8244=CARTESIAN_POINT('',(0.130777772512857,0.04474250005,-0.006071997));
#8245=CARTESIAN_POINT('',(0.0116484176047403,0.0396481968452597,-0.00658918720870491));
#8246=CARTESIAN_POINT('',(0.0135264171530351,0.0377701972969649,-0.00658103402950672));
#8247=CARTESIAN_POINT('',(0.013367206333734,0.0375457303975931,-0.00658172523006704));
#8248=CARTESIAN_POINT('',(-0.0116341144,0.03966250005,0.006071997));
#8249=CARTESIAN_POINT('',(-0.0148105384941179,0.0359219322963436,0.00289557290588214));
#8250=CARTESIAN_POINT('',(-0.0139503860403384,0.0355708929122113,0.00375572535966166));
#8251=CARTESIAN_POINT('',(-0.0139503860403384,0.03966250005,0.00375572535966166));
#8252=CARTESIAN_POINT('',(-0.0139503860403384,0.00565662178778874,0.00375572535966166));
#8253=CARTESIAN_POINT('',(-0.0102253718088772,0.00717684845917745,0.00748073959112279));
#8254=CARTESIAN_POINT('',(-0.0149361144,0.0238421578480289,0.0158203422019711));
#8255=CARTESIAN_POINT('',(-0.0232331783138595,0.0131402032068504,0.016801590982398));
#8256=CARTESIAN_POINT('',(-0.0199486707696365,0.0031989371339854,0.00223536719227904));
#8257=CARTESIAN_POINT('',(-0.0116053153383672,0.00156250005,3.54639515534882E-18));
#8258=CARTESIAN_POINT('',(-0.0150555517054527,0.00499785292294651,0.00285829610259516));
#8259=CARTESIAN_POINT('',(-0.0149361144,0.03966250005,-0.00275556620854861));
#8260=CARTESIAN_POINT('',(-0.0156428155586405,0.0362502131204538,-0.00205191358961194));
#8261=CARTESIAN_POINT('',(-0.0116053153383672,0.00156250005,0.0111519716));
#8262=CARTESIAN_POINT('',(-0.0191568033288246,0.0107115858704429,-0.00863046250415936));
#8263=CARTESIAN_POINT('',(-0.0116053153383672,0.03966250005,-0.011149457));
#8264=CARTESIAN_POINT('',(-0.0159084712028467,0.0353779069702906,-0.000805534277715676));
#8265=CARTESIAN_POINT('',(-0.0149361144,0.03966250005,0.0014106546576905));
#8266=CARTESIAN_POINT('',(-0.0141345879301588,0.0353920494032481,0.00331750477806667));
#8267=CARTESIAN_POINT('',(-0.0149361144,0.0363460692585486,5.63785129692462E-18));
#8268=CARTESIAN_POINT('',(-0.0159084712028467,0.0353779069702906,0.000805534277715687));
#8269=CARTESIAN_POINT('',(-0.0149361144,0.0364328422519712,0.00322965779802886));
#8270=CARTESIAN_POINT('',(0.0116341144,0.03966250005,-0.006071997));
#8271=CARTESIAN_POINT('',(0.0148093673338225,0.0359002728791543,-0.00289674406617748));
#8272=CARTESIAN_POINT('',(0.0116341144,0.00663996005,-0.006071997));
#8273=CARTESIAN_POINT('',(0.0149361144,0.03966250005,0.002769997));
#8274=CARTESIAN_POINT('',(0.0116341144,0.03458504005,0.006071997));
#8275=CARTESIAN_POINT('',(0.0199478065060286,0.00319883062628875,-0.00224169510602861));
#8276=CARTESIAN_POINT('',(0.0048645318,0.0100983994072509,-0.077240003));
#8277=CARTESIAN_POINT('',(0.00366925739274901,0.008903125,-0.077240003));
#8278=CARTESIAN_POINT('',(0.00366925739274901,0.008903125,0.00142699425940345));
#8279=CARTESIAN_POINT('',(0.00366925739274901,0.008903125,-0.00142700092240766));
#8280=CARTESIAN_POINT('',(-2.68529247613933E-8,0.0052338407543264,-3.33150210649463E-9));
#8281=CARTESIAN_POINT('',(-2.68529247613933E-8,0.0052338407543264,-3.33150210649463E-9));
#8282=CARTESIAN_POINT('',(-0.00156253180000001,0.00679639940725109,-0.077240003));
#8283=CARTESIAN_POINT('',(-0.00366925739274892,0.008903125,-0.077240003));
#8284=CARTESIAN_POINT('',(-0.00366925739274892,0.008903125,-0.0014271390102733));
#8285=CARTESIAN_POINT('',(-0.00366925739274892,0.008903125,0.00142713234726909));
#8286=CARTESIAN_POINT('',(-2.68529247613933E-8,0.00523389446017584,-3.33150210649463E-9));
#8287=CARTESIAN_POINT('',(-2.68529247613933E-8,0.00523389446017584,-3.33150210649463E-9));
#8288=CARTESIAN_POINT('',(0.0015625318,0.034428600692749,-0.077240003));
#8289=CARTESIAN_POINT('',(-0.00486453180000001,0.031126600692749,-0.077240003));
#8290=CARTESIAN_POINT('',(0.0149361144,0.036422638141478,-0.00323986190852202));
#8291=CARTESIAN_POINT('',(0.0149090141011426,0.0363876003488574,-0.00324314972608997));
#8292=CARTESIAN_POINT('',(0.0116341144,0.00663996005,-0.006071997));
#8293=CARTESIAN_POINT('',(0.0138485480937886,0.00377693374378864,-0.00580334114347951));
#8294=CARTESIAN_POINT('',(0.0116341144,0.03458504005,0.006071997));
#8295=CARTESIAN_POINT('',(0.0138485480937886,0.0374480663562113,0.00580334114347952));
#8296=CARTESIAN_POINT('',(0.0149361144,0.023853619258522,-0.015808880791478));
#8297=CARTESIAN_POINT('',(0.0232178429396084,0.0131462285896084,-0.016813622943171));
#8298=CARTESIAN_POINT('',(0.0116341144,0.03966250005,6.86605953722015E-18));
#8299=CARTESIAN_POINT('',(0.0149361144,0.00486450005,6.50521303491303E-18));
#8300=CARTESIAN_POINT('',(-2.68529247613933E-8,0.008903125,-3.33150210649463E-9));
#8301=CARTESIAN_POINT('',(-2.68529247613933E-8,0.008903125,-3.33150210649463E-9));
#8302=CARTESIAN_POINT('',(-2.68529247613933E-8,0.008903125,-3.33150210649463E-9));
#8303=CARTESIAN_POINT('',(-2.68529247613933E-8,0.008903125,-3.33150210630323E-9));
#8304=CARTESIAN_POINT('',(-2.68529247613933E-8,0.008903125,-3.33150210630323E-9));
#8305=MECHANICAL_DESIGN_GEOMETRIC_PRESENTATION_REPRESENTATION('',(#3197),
#8306);
#8306=(
GEOMETRIC_REPRESENTATION_CONTEXT(3)
GLOBAL_UNCERTAINTY_ASSIGNED_CONTEXT((#8307))
GLOBAL_UNIT_ASSIGNED_CONTEXT((#8310,#8309,#8308))
REPRESENTATION_CONTEXT('WeaponV2','TOP_LEVEL_ASSEMBLY_PART')
);
#8307=UNCERTAINTY_MEASURE_WITH_UNIT(LENGTH_MEASURE(2.E-5),#8310,
'DISTANCE_ACCURACY_VALUE','Maximum Tolerance applied to model');
#8308=(
NAMED_UNIT(*)
SI_UNIT($,.STERADIAN.)
SOLID_ANGLE_UNIT()
);
#8309=(
NAMED_UNIT(*)
PLANE_ANGLE_UNIT()
SI_UNIT($,.RADIAN.)
);
#8310=(
LENGTH_UNIT()
NAMED_UNIT(*)
SI_UNIT($,.METRE.)
);
#8311=PRODUCT_DEFINITION_SHAPE('','',#8312);
#8312=PRODUCT_DEFINITION('','',#8314,#8313);
#8313=PRODUCT_DEFINITION_CONTEXT('',#8320,'design');
#8314=PRODUCT_DEFINITION_FORMATION_WITH_SPECIFIED_SOURCE('','',#8316,
 .NOT_KNOWN.);
#8315=PRODUCT_RELATED_PRODUCT_CATEGORY('','',(#8316));
#8316=PRODUCT('WeaponV2','WeaponV2','WeaponV2',(#8318));
#8317=PRODUCT_CATEGORY('','');
#8318=PRODUCT_CONTEXT('',#8320,'mechanical');
#8319=APPLICATION_PROTOCOL_DEFINITION('international standard',
'ap242_managed_model_based_3d_engineering',2020,#8320);
#8320=APPLICATION_CONTEXT('managed model based 3d engineering');
ENDSEC;
END-ISO-10303-21;
