ISO-10303-21;
HEADER;
/* Generated by software containing ST-Developer
 * from STEP Tools, Inc. (www.steptools.com) 
 */
/* OPTION: using custom renumber hook */

FILE_DESCRIPTION(
/* description */ ('STEP AP242 Edition 2',
'CAx-IF Rec.Pracs.---Representation and Presentation of Product Manufa
cturing Information (PMI)---4.0---2014-10-13',
'CAx-IF Rec.Pracs.---3D Tessellated Geometry---0.4---2014-09-14','2;1',
'CAx-IF Rec.Pracs.---User Defined Attributes---1.5---2016-08-15'),
/* implementation_level */ '2;1');

FILE_NAME(
/* name */ 'BodyFinalPart1',
/* time_stamp */ '2026-05-02T18:40:48Z',
/* author */ (''),
/* organization */ (''),
/* preprocessor_version */ 'ST-DEVELOPER v20',
/* originating_system */ 'ONSHAPE BY PTC INC, 1.214',
/* authorisation */ '  ');

FILE_SCHEMA (('AP242_MANAGED_MODEL_BASED_3D_ENGINEERING_MIM_LF { 1 0 10303 442 3 1 4 }'));
ENDSEC;

DATA;
#10=SHAPE_REPRESENTATION_RELATIONSHIP('','',#5277,#11);
#11=ADVANCED_BREP_SHAPE_REPRESENTATION('',(#5275),#12305);
#12=B_SPLINE_SURFACE_WITH_KNOTS('',3,1,((#7672,#7673),(#7674,#7675),(#7676,
#7677),(#7678,#7679),(#7680,#7681),(#7682,#7683),(#7684,#7685)),
 .SURF_OF_LINEAR_EXTRUSION.,.F.,.F.,.F.,(4,1,1,1,4),(2,2),(0.620197631869063,
0.652850011428748,0.685502390988433,0.718154770548118,0.750807150107803),
(0.,1.),.UNSPECIFIED.);
#13=B_SPLINE_SURFACE_WITH_KNOTS('',3,1,((#7703,#7704),(#7705,#7706),(#7707,
#7708),(#7709,#7710),(#7711,#7712),(#7713,#7714),(#7715,#7716),(#7717,#7718),
(#7719,#7720),(#7721,#7722),(#7723,#7724)),.SURF_OF_LINEAR_EXTRUSION.,.F.,
 .F.,.F.,(4,1,1,1,1,1,1,1,4),(2,2),(0.782387740392522,0.809589272843457,
0.836790805294392,0.863992337745326,0.891193870196261,0.918395402647196,
0.94559693509813,0.972798467549065,1.),(0.,1.),.UNSPECIFIED.);
#14=B_SPLINE_SURFACE_WITH_KNOTS('',3,1,((#7737,#7738),(#7739,#7740),(#7741,
#7742),(#7743,#7744),(#7745,#7746),(#7747,#7748),(#7749,#7750),(#7751,#7752),
(#7753,#7754),(#7755,#7756),(#7757,#7758),(#7759,#7760),(#7761,#7762),(#7763,
#7764),(#7765,#7766),(#7767,#7768),(#7769,#7770),(#7771,#7772),(#7773,#7774),
(#7775,#7776)),.SURF_OF_LINEAR_EXTRUSION.,.F.,.F.,.F.,(4,1,1,1,1,1,1,1,
1,1,1,1,1,1,1,1,1,4),(2,2),(0.,0.0569640564385591,0.113928112877118,0.170892169315677,
0.227856225754236,0.284820282192795,0.341784338631354,0.398748395069913,
0.427230423289193,0.455712451508473,0.512676507947032,0.569640564385591,
0.62660462082415,0.683568677262709,0.740532733701268,0.797496790139827,
0.854460846578386,0.911424903016945),(0.,1.),.UNSPECIFIED.);
#15=B_SPLINE_SURFACE_WITH_KNOTS('',3,1,((#7792,#7793),(#7794,#7795),(#7796,
#7797),(#7798,#7799)),.SURF_OF_LINEAR_EXTRUSION.,.F.,.F.,.F.,(4,4),(2,2),
(0.911424903016945,1.),(0.,1.),.PIECEWISE_BEZIER_KNOTS.);
#16=B_SPLINE_SURFACE_WITH_KNOTS('',3,1,((#7806,#7807),(#7808,#7809),(#7810,
#7811),(#7812,#7813),(#7814,#7815),(#7816,#7817),(#7818,#7819),(#7820,#7821),
(#7822,#7823),(#7824,#7825)),.SURF_OF_LINEAR_EXTRUSION.,.F.,.F.,.F.,(4,
1,1,1,1,1,1,4),(2,2),(0.,0.0457382327959004,0.0686073491938506,0.0914764655918007,
0.114345581989751,0.137214698387701,0.160083814785651,0.182952931183601),
(0.,1.),.UNSPECIFIED.);
#17=B_SPLINE_SURFACE_WITH_KNOTS('',3,1,((#7838,#7839),(#7840,#7841),(#7842,
#7843),(#7844,#7845)),.SURF_OF_LINEAR_EXTRUSION.,.F.,.F.,.F.,(4,4),(2,2),
(0.182952931183601,0.215835952429471),(0.,1.),.PIECEWISE_BEZIER_KNOTS.);
#18=B_SPLINE_SURFACE_WITH_KNOTS('',3,1,((#7859,#7860),(#7861,#7862),(#7863,
#7864),(#7865,#7866),(#7867,#7868),(#7869,#7870),(#7871,#7872),(#7873,#7874),
(#7875,#7876),(#7877,#7878),(#7879,#7880)),.SURF_OF_LINEAR_EXTRUSION.,.F.,
 .F.,.F.,(4,1,1,1,1,1,1,1,4),(2,2),(0.215835952429471,0.239078990368682,
0.262322028307893,0.285565066247103,0.308808104186314,0.332051142125525,
0.355294180064736,0.378537218003947,0.401780255943157),(0.,1.),
 .UNSPECIFIED.);
#19=B_SPLINE_SURFACE_WITH_KNOTS('',3,1,((#7900,#7901),(#7902,#7903),(#7904,
#7905),(#7906,#7907),(#7908,#7909)),.SURF_OF_LINEAR_EXTRUSION.,.F.,.F.,
 .F.,(4,1,4),(2,2),(0.,0.5,1.),(0.,1.),.UNSPECIFIED.);
#20=B_SPLINE_SURFACE_WITH_KNOTS('',3,1,((#7926,#7927),(#7928,#7929),(#7930,
#7931),(#7932,#7933),(#7934,#7935),(#7936,#7937),(#7938,#7939),(#7940,#7941),
(#7942,#7943),(#7944,#7945),(#7946,#7947),(#7948,#7949),(#7950,#7951),(#7952,
#7953),(#7954,#7955),(#7956,#7957),(#7958,#7959),(#7960,#7961),(#7962,#7963),
(#7964,#7965),(#7966,#7967),(#7968,#7969),(#7970,#7971),(#7972,#7973),(#7974,
#7975),(#7976,#7977),(#7978,#7979),(#7980,#7981),(#7982,#7983),(#7984,#7985),
(#7986,#7987),(#7988,#7989),(#7990,#7991),(#7992,#7993),(#7994,#7995),(#7996,
#7997),(#7998,#7999),(#8000,#8001),(#8002,#8003),(#8004,#8005),(#8006,#8007),
(#8008,#8009),(#8010,#8011),(#8012,#8013),(#8014,#8015),(#8016,#8017),(#8018,
#8019),(#8020,#8021)),.SURF_OF_LINEAR_EXTRUSION.,.F.,.F.,.F.,(4,1,1,1,1,
1,1,1,1,1,1,1,1,1,1,1,1,1,1,1,1,1,1,1,1,1,1,1,1,1,1,1,1,1,1,1,1,1,1,1,1,
1,1,1,1,4),(2,2),(0.,0.03125,0.0625,0.09375,0.125,0.15625,0.171875,0.1875,
0.21875,0.25,0.265625,0.28125,0.3125,0.328125,0.34375,0.359375,0.375,0.40625,
0.4375,0.453125,0.46875,0.484375,0.5,0.515625,0.53125,0.546875,0.5625,0.578125,
0.59375,0.609375,0.625,0.65625,0.6875,0.71875,0.75,0.78125,0.8125,0.84375,
0.859375,0.875,0.890625,0.90625,0.921875,0.9375,0.96875,1.),(0.,1.),
 .UNSPECIFIED.);
#21=B_SPLINE_SURFACE_WITH_KNOTS('',3,1,((#8084,#8085),(#8086,#8087),(#8088,
#8089),(#8090,#8091),(#8092,#8093),(#8094,#8095)),
 .SURF_OF_LINEAR_EXTRUSION.,.F.,.F.,.F.,(4,1,1,4),(2,2),(0.432912644191774,
0.515359837926249,0.556583434793486,0.597807031660723),(0.,1.),
 .UNSPECIFIED.);
#22=B_SPLINE_SURFACE_WITH_KNOTS('',3,1,((#8138,#8139),(#8140,#8141),(#8142,
#8143),(#8144,#8145),(#8146,#8147),(#8148,#8149),(#8150,#8151)),
 .SURF_OF_LINEAR_EXTRUSION.,.F.,.F.,.F.,(4,1,1,1,4),(2,2),(0.720222062122377,
0.750831288761928,0.781440515401478,0.812049742041029,0.842658968680579),
(0.,1.),.UNSPECIFIED.);
#23=B_SPLINE_SURFACE_WITH_KNOTS('',3,1,((#8169,#8170),(#8171,#8172),(#8173,
#8174),(#8175,#8176),(#8177,#8178),(#8179,#8180)),
 .SURF_OF_LINEAR_EXTRUSION.,.F.,.F.,.F.,(4,1,1,4),(2,2),(0.546473282540404,
0.582822189882345,0.619171097224286,0.691868911908167),(0.,1.),
 .UNSPECIFIED.);
#24=B_SPLINE_SURFACE_WITH_KNOTS('',3,1,((#8198,#8199),(#8200,#8201),(#8202,
#8203),(#8204,#8205),(#8206,#8207),(#8208,#8209),(#8210,#8211),(#8212,#8213),
(#8214,#8215),(#8216,#8217)),.SURF_OF_LINEAR_EXTRUSION.,.F.,.F.,.F.,(4,
1,1,1,1,1,1,4),(2,2),(0.307223055720021,0.360166976538629,0.386638936947933,
0.413110897357237,0.439582857766541,0.466054818175845,0.492526778585149,
0.518998738994453),(0.,1.),.UNSPECIFIED.);
#25=B_SPLINE_SURFACE_WITH_KNOTS('',3,1,((#8237,#8238),(#8239,#8240),(#8241,
#8242),(#8243,#8244),(#8245,#8246),(#8247,#8248),(#8249,#8250),(#8251,#8252),
(#8253,#8254),(#8255,#8256),(#8257,#8258),(#8259,#8260),(#8261,#8262),(#8263,
#8264)),.SURF_OF_LINEAR_EXTRUSION.,.F.,.F.,.F.,(4,1,1,1,1,1,1,1,1,1,1,4),
(2,2),(0.00243275150250663,0.0186310445317717,0.0348293375610367,0.0672259236195667,
0.0834242166488317,0.0996225096780967,0.115820802707362,0.132019095736627,
0.164415681795157,0.196812267853687,0.229208853912217,0.261605439970747),
(0.,1.),.UNSPECIFIED.);
#26=B_SPLINE_SURFACE_WITH_KNOTS('',3,1,((#8279,#8280),(#8281,#8282),(#8283,
#8284),(#8285,#8286),(#8287,#8288),(#8289,#8290),(#8291,#8292)),
 .SURF_OF_LINEAR_EXTRUSION.,.F.,.F.,.F.,(4,1,1,1,4),(2,2),(0.776182116737009,
0.831212206441532,0.886242296146055,0.941272385850577,0.9963024755551),
(0.,1.),.UNSPECIFIED.);
#27=B_SPLINE_SURFACE_WITH_KNOTS('',3,1,((#8309,#8310),(#8311,#8312),(#8313,
#8314),(#8315,#8316),(#8317,#8318),(#8319,#8320),(#8321,#8322)),
 .SURF_OF_LINEAR_EXTRUSION.,.F.,.F.,.F.,(4,1,1,1,4),(2,2),(0.493501359422944,
0.553006872720779,0.612512386018614,0.67201789931645,0.731523412614285),
(0.,1.),.UNSPECIFIED.);
#28=B_SPLINE_SURFACE_WITH_KNOTS('',3,1,((#8340,#8341),(#8342,#8343),(#8344,
#8345),(#8346,#8347),(#8348,#8349),(#8350,#8351),(#8352,#8353)),
 .SURF_OF_LINEAR_EXTRUSION.,.F.,.F.,.F.,(4,1,1,1,4),(2,2),(0.145173969055288,
0.222452156793978,0.299730344532668,0.377008532271359,0.454286720010049),
(0.,1.),.UNSPECIFIED.);
#29=B_SPLINE_SURFACE_WITH_KNOTS('',3,1,((#8366,#8367),(#8368,#8369),(#8370,
#8371),(#8372,#8373)),.SURF_OF_LINEAR_EXTRUSION.,.F.,.F.,.F.,(4,4),(2,2),
(0.0647793038661131,0.145173969055288),(0.,1.),.PIECEWISE_BEZIER_KNOTS.);
#30=B_SPLINE_SURFACE_WITH_KNOTS('',3,1,((#8387,#8388),(#8389,#8390),(#8391,
#8392),(#8393,#8394)),.SURF_OF_LINEAR_EXTRUSION.,.F.,.F.,.F.,(4,4),(2,2),
(0.,0.0647793038661131),(0.,1.),.PIECEWISE_BEZIER_KNOTS.);
#31=B_SPLINE_SURFACE_WITH_KNOTS('',3,1,((#8403,#8404),(#8405,#8406),(#8407,
#8408),(#8409,#8410),(#8411,#8412),(#8413,#8414),(#8415,#8416)),
 .SURF_OF_LINEAR_EXTRUSION.,.F.,.F.,.F.,(4,1,1,1,4),(2,2),(0.,0.25,0.5,
0.75,1.),(0.,1.),.UNSPECIFIED.);
#32=B_SPLINE_SURFACE_WITH_KNOTS('',3,1,((#8425,#8426),(#8427,#8428),(#8429,
#8430),(#8431,#8432),(#8433,#8434),(#8435,#8436),(#8437,#8438)),
 .SURF_OF_LINEAR_EXTRUSION.,.F.,.F.,.F.,(4,1,1,1,4),(2,2),(0.634011089258264,
0.725508316943698,0.817005544629132,0.908502772314566,1.),(0.,1.),
 .UNSPECIFIED.);
#33=B_SPLINE_SURFACE_WITH_KNOTS('',3,1,((#8475,#8476),(#8477,#8478),(#8479,
#8480),(#8481,#8482),(#8483,#8484),(#8485,#8486),(#8487,#8488),(#8489,#8490),
(#8491,#8492),(#8493,#8494),(#8495,#8496)),.SURF_OF_LINEAR_EXTRUSION.,.F.,
 .F.,.F.,(4,1,1,1,1,1,1,1,4),(2,2),(0.778561491469759,0.806241305036039,
0.833921118602319,0.861600932168599,0.889280745734879,0.91696055930116,
0.94464037286744,0.97232018643372,1.),(0.,1.),.UNSPECIFIED.);
#34=B_SPLINE_SURFACE_WITH_KNOTS('',3,1,((#8517,#8518),(#8519,#8520),(#8521,
#8522),(#8523,#8524),(#8525,#8526)),.SURF_OF_LINEAR_EXTRUSION.,.F.,.F.,
 .F.,(4,1,4),(2,2),(0.588089102766921,0.660886117200449,0.733683131633976),
(0.,1.),.UNSPECIFIED.);
#35=B_SPLINE_SURFACE_WITH_KNOTS('',3,1,((#8544,#8545),(#8546,#8547),(#8548,
#8549),(#8550,#8551),(#8552,#8553),(#8554,#8555),(#8556,#8557)),
 .SURF_OF_LINEAR_EXTRUSION.,.F.,.F.,.F.,(4,1,1,1,4),(2,2),(0.384953845831596,
0.426200120484565,0.467446395137534,0.508692669790503,0.549938944443472),
(0.,1.),.UNSPECIFIED.);
#36=B_SPLINE_SURFACE_WITH_KNOTS('',3,1,((#8569,#8570),(#8571,#8572),(#8573,
#8574),(#8575,#8576)),.SURF_OF_LINEAR_EXTRUSION.,.F.,.F.,.F.,(4,4),(2,2),
(0.348905542706787,0.384953845831596),(0.,1.),.PIECEWISE_BEZIER_KNOTS.);
#37=B_SPLINE_SURFACE_WITH_KNOTS('',3,1,((#8590,#8591),(#8592,#8593),(#8594,
#8595),(#8596,#8597),(#8598,#8599),(#8600,#8601),(#8602,#8603)),
 .SURF_OF_LINEAR_EXTRUSION.,.F.,.F.,.F.,(4,1,1,1,4),(2,2),(0.202409745932226,
0.239033695125867,0.275657644319507,0.312281593513147,0.348905542706787),
(0.,1.),.UNSPECIFIED.);
#38=B_SPLINE_SURFACE_WITH_KNOTS('',3,1,((#8615,#8616),(#8617,#8618),(#8619,
#8620),(#8621,#8622)),.SURF_OF_LINEAR_EXTRUSION.,.F.,.F.,.F.,(4,4),(2,2),
(0.145270625745788,0.202409745932226),(0.,1.),.PIECEWISE_BEZIER_KNOTS.);
#39=B_SPLINE_SURFACE_WITH_KNOTS('',3,1,((#8636,#8637),(#8638,#8639),(#8640,
#8641),(#8642,#8643),(#8644,#8645),(#8646,#8647),(#8648,#8649),(#8650,#8651),
(#8652,#8653),(#8654,#8655),(#8656,#8657)),.SURF_OF_LINEAR_EXTRUSION.,.F.,
 .F.,.F.,(4,1,1,1,1,1,1,1,4),(2,2),(0.,0.0181588282182235,0.036317656436447,
0.0544764846546705,0.072635312872894,0.0907941410911175,0.108952969309341,
0.127111797527565,0.145270625745788),(0.,1.),.UNSPECIFIED.);
#40=B_SPLINE_SURFACE_WITH_KNOTS('',3,1,((#8669,#8670),(#8671,#8672),(#8673,
#8674),(#8675,#8676),(#8677,#8678),(#8679,#8680),(#8681,#8682),(#8683,#8684),
(#8685,#8686),(#8687,#8688),(#8689,#8690),(#8691,#8692),(#8693,#8694),(#8695,
#8696),(#8697,#8698),(#8699,#8700),(#8701,#8702)),
 .SURF_OF_LINEAR_EXTRUSION.,.F.,.F.,.F.,(4,1,1,1,1,1,1,1,1,1,1,1,1,1,4),
(2,2),(0.68346863872179,0.723035058881566,0.742818268961454,0.762601479041342,
0.782384689121231,0.802167899201119,0.821951109281007,0.841734319360895,
0.861517529440783,0.881300739520671,0.901083949600559,0.920867159680448,
0.940650369760336,0.960433579840224,1.),(0.,1.),.UNSPECIFIED.);
#41=B_SPLINE_SURFACE_WITH_KNOTS('',3,1,((#8723,#8724),(#8725,#8726),(#8727,
#8728),(#8729,#8730),(#8731,#8732)),.SURF_OF_LINEAR_EXTRUSION.,.F.,.F.,
 .F.,(4,1,4),(2,2),(0.538502002781292,0.597659210257676,0.656816417734059),
(0.,1.),.UNSPECIFIED.);
#42=B_SPLINE_SURFACE_WITH_KNOTS('',3,1,((#8749,#8750),(#8751,#8752),(#8753,
#8754),(#8755,#8756)),.SURF_OF_LINEAR_EXTRUSION.,.F.,.F.,.F.,(4,4),(2,2),
(0.391421284341653,0.51340294848309),(0.,1.),.PIECEWISE_BEZIER_KNOTS.);
#43=B_SPLINE_SURFACE_WITH_KNOTS('',3,1,((#8774,#8775),(#8776,#8777),(#8778,
#8779),(#8780,#8781),(#8782,#8783)),.SURF_OF_LINEAR_EXTRUSION.,.F.,.F.,
 .F.,(4,1,4),(2,2),(0.23291511299113,0.299366831025496,0.365818549059863),
(0.,1.),.UNSPECIFIED.);
#44=B_SPLINE_SURFACE_WITH_KNOTS('',3,1,((#8801,#8802),(#8803,#8804),(#8805,
#8806),(#8807,#8808),(#8809,#8810),(#8811,#8812),(#8813,#8814),(#8815,#8816)),
 .SURF_OF_LINEAR_EXTRUSION.,.F.,.F.,.F.,(4,1,1,1,1,4),(2,2),(0.,0.0241353047426999,
0.0482706094853999,0.0965412189707997,0.1448118284562,0.193082437941599),
(0.,1.),.UNSPECIFIED.);
#45=B_SPLINE_SURFACE_WITH_KNOTS('',3,1,((#8866,#8867),(#8868,#8869),(#8870,
#8871),(#8872,#8873),(#8874,#8875),(#8876,#8877),(#8878,#8879),(#8880,#8881),
(#8882,#8883),(#8884,#8885),(#8886,#8887),(#8888,#8889),(#8890,#8891),(#8892,
#8893),(#8894,#8895),(#8896,#8897),(#8898,#8899),(#8900,#8901),(#8902,#8903),
(#8904,#8905),(#8906,#8907),(#8908,#8909),(#8910,#8911),(#8912,#8913),(#8914,
#8915),(#8916,#8917),(#8918,#8919),(#8920,#8921),(#8922,#8923),(#8924,#8925),
(#8926,#8927),(#8928,#8929),(#8930,#8931),(#8932,#8933),(#8934,#8935),(#8936,
#8937),(#8938,#8939)),.SURF_OF_LINEAR_EXTRUSION.,.F.,.F.,.F.,(4,1,1,1,1,
1,1,1,1,1,1,1,1,1,1,1,1,1,1,1,1,1,1,1,1,1,1,1,1,1,1,1,1,1,4),(2,2),(0.,
0.03125,0.0625,0.09375,0.125,0.15625,0.1875,0.21875,0.25,0.28125,0.3125,
0.34375,0.375,0.40625,0.4375,0.46875,0.5,0.53125,0.5625,0.59375,0.625,0.65625,
0.6875,0.71875,0.75,0.78125,0.8125,0.84375,0.875,0.90625,0.921875,0.9375,
0.953125,0.96875,1.),(0.,1.),.UNSPECIFIED.);
#46=B_SPLINE_SURFACE_WITH_KNOTS('',3,1,((#8964,#8965),(#8966,#8967),(#8968,
#8969),(#8970,#8971),(#8972,#8973),(#8974,#8975)),
 .SURF_OF_LINEAR_EXTRUSION.,.F.,.F.,.F.,(4,1,1,4),(2,2),(0.,0.352087882233042,
0.528131823349563,0.704175764466084),(0.,1.),.UNSPECIFIED.);
#47=B_SPLINE_SURFACE_WITH_KNOTS('',3,1,((#8992,#8993),(#8994,#8995),(#8996,
#8997),(#8998,#8999),(#9000,#9001)),.SURF_OF_LINEAR_EXTRUSION.,.F.,.F.,
 .F.,(4,1,4),(2,2),(0.,0.5,1.),(0.,1.),.UNSPECIFIED.);
#48=B_SPLINE_SURFACE_WITH_KNOTS('',3,1,((#9010,#9011),(#9012,#9013),(#9014,
#9015),(#9016,#9017),(#9018,#9019)),.SURF_OF_LINEAR_EXTRUSION.,.F.,.F.,
 .F.,(4,1,4),(2,2),(0.,0.097697875324963,0.195395750649926),(0.,1.),
 .UNSPECIFIED.);
#49=B_SPLINE_SURFACE_WITH_KNOTS('',3,1,((#9037,#9038),(#9039,#9040),(#9041,
#9042),(#9043,#9044),(#9045,#9046),(#9047,#9048),(#9049,#9050)),
 .SURF_OF_LINEAR_EXTRUSION.,.F.,.F.,.F.,(4,1,1,1,4),(2,2),(0.252700847368711,
0.308774662579374,0.364848477790037,0.420922293000701,0.476996108211364),
(0.,1.),.UNSPECIFIED.);
#50=B_SPLINE_SURFACE_WITH_KNOTS('',3,1,((#9069,#9070),(#9071,#9072),(#9073,
#9074),(#9075,#9076),(#9077,#9078),(#9079,#9080),(#9081,#9082)),
 .SURF_OF_LINEAR_EXTRUSION.,.F.,.F.,.F.,(4,1,1,1,4),(2,2),(0.51390708300644,
0.560417853651042,0.606928624295644,0.653439394940246,0.699950165584848),
(0.,1.),.UNSPECIFIED.);
#51=B_SPLINE_SURFACE_WITH_KNOTS('',3,1,((#9100,#9101),(#9102,#9103),(#9104,
#9105),(#9106,#9107),(#9108,#9109),(#9110,#9111),(#9112,#9113),(#9114,#9115),
(#9116,#9117),(#9118,#9119),(#9120,#9121)),.SURF_OF_LINEAR_EXTRUSION.,.F.,
 .F.,.F.,(4,1,1,1,1,1,1,1,4),(2,2),(0.755961601886672,0.816971201415004,
0.84747600117917,0.877980800943336,0.908485600707502,0.923738000589585,
0.938990400471668,0.969495200235834,1.),(0.,1.),.UNSPECIFIED.);
#52=B_SPLINE_SURFACE_WITH_KNOTS('',3,1,((#9294,#9295),(#9296,#9297),(#9298,
#9299),(#9300,#9301),(#9302,#9303),(#9304,#9305),(#9306,#9307),(#9308,#9309),
(#9310,#9311),(#9312,#9313),(#9314,#9315),(#9316,#9317),(#9318,#9319),(#9320,
#9321),(#9322,#9323),(#9324,#9325),(#9326,#9327),(#9328,#9329)),
 .SURF_OF_LINEAR_EXTRUSION.,.F.,.F.,.F.,(4,1,1,1,1,1,1,1,1,1,1,1,1,1,1,
4),(2,2),(0.,0.125,0.25,0.3125,0.375,0.4375,0.5,0.5625,0.625,0.6875,0.71875,
0.75,0.8125,0.875,0.9375,1.),(0.,1.),.UNSPECIFIED.);
#53=B_SPLINE_SURFACE_WITH_KNOTS('',3,1,((#9344,#9345),(#9346,#9347),(#9348,
#9349),(#9350,#9351)),.SURF_OF_LINEAR_EXTRUSION.,.F.,.F.,.F.,(4,4),(2,2),
(0.963709750003257,1.),(0.,1.),.PIECEWISE_BEZIER_KNOTS.);
#54=B_SPLINE_SURFACE_WITH_KNOTS('',3,1,((#9358,#9359),(#9360,#9361),(#9362,
#9363),(#9364,#9365),(#9366,#9367),(#9368,#9369),(#9370,#9371),(#9372,#9373),
(#9374,#9375),(#9376,#9377),(#9378,#9379),(#9380,#9381),(#9382,#9383),(#9384,
#9385),(#9386,#9387)),.SURF_OF_LINEAR_EXTRUSION.,.F.,.F.,.F.,(4,1,1,1,1,
1,1,1,1,1,1,1,4),(2,2),(0.,0.0789145902534619,0.118371885380193,0.157829180506924,
0.236743770760386,0.276201065887117,0.315658361013847,0.355115656140578,
0.394572951267309,0.473487541520771,0.512944836647502,0.552402131774233,
0.631316722027695),(0.,1.),.UNSPECIFIED.);
#55=B_SPLINE_SURFACE_WITH_KNOTS('',3,1,((#9443,#9444),(#9445,#9446),(#9447,
#9448),(#9449,#9450),(#9451,#9452),(#9453,#9454),(#9455,#9456),(#9457,#9458),
(#9459,#9460),(#9461,#9462),(#9463,#9464),(#9465,#9466),(#9467,#9468),(#9469,
#9470),(#9471,#9472),(#9473,#9474)),.SURF_OF_LINEAR_EXTRUSION.,.F.,.F.,
 .F.,(4,1,1,1,1,1,1,1,1,1,1,1,1,4),(2,2),(0.,0.125,0.25,0.3125,0.375,0.4375,
0.5,0.5625,0.625,0.6875,0.75,0.8125,0.875,1.),(0.,1.),.UNSPECIFIED.);
#56=B_SPLINE_SURFACE_WITH_KNOTS('',3,1,((#9492,#9493),(#9494,#9495),(#9496,
#9497),(#9498,#9499),(#9500,#9501),(#9502,#9503),(#9504,#9505),(#9506,#9507),
(#9508,#9509),(#9510,#9511),(#9512,#9513),(#9514,#9515),(#9516,#9517),(#9518,
#9519),(#9520,#9521),(#9522,#9523),(#9524,#9525)),
 .SURF_OF_LINEAR_EXTRUSION.,.F.,.F.,.F.,(4,1,1,1,1,1,1,1,1,1,1,1,1,1,4),
(2,2),(0.,0.0625,0.125,0.1875,0.25,0.3125,0.375,0.4375,0.5,0.5625,0.625,
0.75,0.8125,0.875,1.),(0.,1.),.UNSPECIFIED.);
#57=B_SPLINE_SURFACE_WITH_KNOTS('',3,1,((#9538,#9539),(#9540,#9541),(#9542,
#9543),(#9544,#9545)),.SURF_OF_LINEAR_EXTRUSION.,.F.,.F.,.F.,(4,4),(2,2),
(0.09148968154193,0.196203638321659),(0.,1.),.PIECEWISE_BEZIER_KNOTS.);
#58=B_SPLINE_SURFACE_WITH_KNOTS('',3,1,((#9562,#9563),(#9564,#9565),(#9566,
#9567),(#9568,#9569)),.SURF_OF_LINEAR_EXTRUSION.,.F.,.F.,.F.,(4,4),(2,2),
(0.441934950457939,0.529855392064163),(0.,1.),.PIECEWISE_BEZIER_KNOTS.);
#59=B_SPLINE_SURFACE_WITH_KNOTS('',3,1,((#9593,#9594),(#9595,#9596),(#9597,
#9598),(#9599,#9600),(#9601,#9602)),.SURF_OF_LINEAR_EXTRUSION.,.F.,.F.,
 .F.,(4,1,4),(2,2),(0.54902773936812,0.682041236084076,0.815054732800031),
(0.,1.),.UNSPECIFIED.);
#60=B_SPLINE_SURFACE_WITH_KNOTS('',3,1,((#9619,#9620),(#9621,#9622),(#9623,
#9624),(#9625,#9626),(#9627,#9628),(#9629,#9630),(#9631,#9632),(#9633,#9634),
(#9635,#9636)),.SURF_OF_LINEAR_EXTRUSION.,.F.,.F.,.F.,(4,1,1,1,1,1,4),(2,
2),(0.,0.0405646793565273,0.0811293587130545,0.121694038069582,0.162258717426109,
0.243388076139164,0.324517434852218),(0.,1.),.UNSPECIFIED.);
#61=B_SPLINE_SURFACE_WITH_KNOTS('',3,1,((#9649,#9650),(#9651,#9652),(#9653,
#9654),(#9655,#9656),(#9657,#9658),(#9659,#9660),(#9661,#9662),(#9663,#9664),
(#9665,#9666)),.SURF_OF_LINEAR_EXTRUSION.,.F.,.F.,.F.,(4,1,1,1,1,1,4),(2,
2),(0.,0.25,0.5,0.625,0.75,0.875,1.),(0.,1.),.UNSPECIFIED.);
#62=B_SPLINE_SURFACE_WITH_KNOTS('',3,1,((#9675,#9676),(#9677,#9678),(#9679,
#9680),(#9681,#9682),(#9683,#9684),(#9685,#9686),(#9687,#9688),(#9689,#9690),
(#9691,#9692),(#9693,#9694)),.SURF_OF_LINEAR_EXTRUSION.,.F.,.F.,.F.,(4,
1,1,1,1,1,1,4),(2,2),(0.,0.0740966871431015,0.111145030714652,0.148193374286203,
0.185241717857754,0.222290061429304,0.259338405000855,0.296386748572406),
(0.,1.),.UNSPECIFIED.);
#63=B_SPLINE_SURFACE_WITH_KNOTS('',3,1,((#9703,#9704),(#9705,#9706),(#9707,
#9708),(#9709,#9710),(#9711,#9712),(#9713,#9714),(#9715,#9716),(#9717,#9718),
(#9719,#9720)),.SURF_OF_LINEAR_EXTRUSION.,.F.,.F.,.F.,(4,1,1,1,1,1,4),(2,
2),(0.703151710757556,0.777363783068167,0.814469819223473,0.851575855378778,
0.925787927689389,0.962893963844695,1.),(0.,1.),.UNSPECIFIED.);
#64=B_SPLINE_SURFACE_WITH_KNOTS('',3,1,((#9730,#9731),(#9732,#9733),(#9734,
#9735),(#9736,#9737),(#9738,#9739),(#9740,#9741),(#9742,#9743),(#9744,#9745),
(#9746,#9747),(#9748,#9749)),.SURF_OF_LINEAR_EXTRUSION.,.F.,.F.,.F.,(4,
1,1,1,1,1,1,4),(2,2),(0.,0.0431905423585684,0.0863810847171367,0.129571627075705,
0.172762169434273,0.215952711792842,0.25914325415141,0.345524338868547),
(0.,1.),.UNSPECIFIED.);
#65=B_SPLINE_SURFACE_WITH_KNOTS('',3,1,((#9758,#9759),(#9760,#9761),(#9762,
#9763),(#9764,#9765),(#9766,#9767),(#9768,#9769),(#9770,#9771),(#9772,#9773),
(#9774,#9775)),.SURF_OF_LINEAR_EXTRUSION.,.F.,.F.,.F.,(4,1,1,1,1,1,4),(2,
2),(0.734612289629751,0.800959217222313,0.867306144814876,0.900479608611157,
0.933653072407438,0.966826536203719,1.),(0.,1.),.UNSPECIFIED.);
#66=B_SPLINE_SURFACE_WITH_KNOTS('',3,1,((#9784,#9785),(#9786,#9787),(#9788,
#9789),(#9790,#9791),(#9792,#9793),(#9794,#9795),(#9796,#9797)),
 .SURF_OF_LINEAR_EXTRUSION.,.F.,.F.,.F.,(4,1,1,1,4),(2,2),(0.760994882175006,
0.820746161631255,0.880497441087503,0.940248720543752,1.),(0.,1.),
 .UNSPECIFIED.);
#67=B_SPLINE_SURFACE_WITH_KNOTS('',3,1,((#9805,#9806),(#9807,#9808),(#9809,
#9810),(#9811,#9812),(#9813,#9814),(#9815,#9816),(#9817,#9818),(#9819,#9820)),
 .SURF_OF_LINEAR_EXTRUSION.,.F.,.F.,.F.,(4,1,1,1,1,4),(2,2),(0.,0.0758300690185885,
0.113745103527883,0.151660138037177,0.227490207055766,0.303320276074354),
(0.,1.),.UNSPECIFIED.);
#68=B_SPLINE_SURFACE_WITH_KNOTS('',3,1,((#9829,#9830),(#9831,#9832),(#9833,
#9834),(#9835,#9836),(#9837,#9838),(#9839,#9840),(#9841,#9842),(#9843,#9844)),
 .SURF_OF_LINEAR_EXTRUSION.,.F.,.F.,.F.,(4,1,1,1,1,4),(2,2),(0.536764555623555,
0.579266000935405,0.621767446247256,0.706770336870957,0.791773227494658,
0.876776118118359),(0.,1.),.UNSPECIFIED.);
#69=B_SPLINE_SURFACE_WITH_KNOTS('',3,1,((#9852,#9853),(#9854,#9855),(#9856,
#9857),(#9858,#9859),(#9860,#9861),(#9862,#9863),(#9864,#9865),(#9866,#9867)),
 .SURF_OF_LINEAR_EXTRUSION.,.F.,.F.,.F.,(4,1,1,1,1,4),(2,2),(0.409810520194716,
0.490241985503078,0.570673450811441,0.610889183465622,0.651104916119803,
0.731536381428166),(0.,1.),.UNSPECIFIED.);
#70=B_SPLINE_SURFACE_WITH_KNOTS('',3,1,((#9876,#9877),(#9878,#9879),(#9880,
#9881),(#9882,#9883),(#9884,#9885),(#9886,#9887),(#9888,#9889),(#9890,#9891),
(#9892,#9893),(#9894,#9895)),.SURF_OF_LINEAR_EXTRUSION.,.F.,.F.,.F.,(4,
1,1,1,1,1,1,4),(2,2),(0.372339554062453,0.414736647592925,0.457133741123397,
0.499530834653869,0.541927928184341,0.626722115245284,0.669119208775756,
0.711516302306228),(0.,1.),.UNSPECIFIED.);
#71=B_SPLINE_SURFACE_WITH_KNOTS('',3,1,((#9903,#9904),(#9905,#9906),(#9907,
#9908),(#9909,#9910),(#9911,#9912),(#9913,#9914)),
 .SURF_OF_LINEAR_EXTRUSION.,.F.,.F.,.F.,(4,1,1,4),(2,2),(0.3531454439011,
0.497775390495283,0.570090363792374,0.642405337089466),(0.,1.),
 .UNSPECIFIED.);
#72=B_SPLINE_SURFACE_WITH_KNOTS('',3,1,((#9922,#9923),(#9924,#9925),(#9926,
#9927),(#9928,#9929),(#9930,#9931),(#9932,#9933)),
 .SURF_OF_LINEAR_EXTRUSION.,.F.,.F.,.F.,(4,1,1,4),(2,2),(0.337922708544581,
0.420511101548165,0.503099494551749,0.668276280558917),(0.,1.),
 .UNSPECIFIED.);
#73=B_SPLINE_SURFACE_WITH_KNOTS('',3,1,((#9941,#9942),(#9943,#9944),(#9945,
#9946),(#9947,#9948),(#9949,#9950)),.SURF_OF_LINEAR_EXTRUSION.,.F.,.F.,
 .F.,(4,1,4),(2,2),(0.439092368751961,0.618049942951977,0.797007517151994),
(0.,1.),.UNSPECIFIED.);
#74=B_SPLINE_SURFACE_WITH_KNOTS('',3,1,((#9959,#9960),(#9961,#9962),(#9963,
#9964),(#9965,#9966),(#9967,#9968)),.SURF_OF_LINEAR_EXTRUSION.,.F.,.F.,
 .F.,(4,1,4),(2,2),(0.387389557220472,0.536940155260094,0.686490753299716),
(0.,1.),.UNSPECIFIED.);
#75=B_SPLINE_SURFACE_WITH_KNOTS('',3,1,((#9976,#9977),(#9978,#9979),(#9980,
#9981),(#9982,#9983),(#9984,#9985),(#9986,#9987)),
 .SURF_OF_LINEAR_EXTRUSION.,.F.,.F.,.F.,(4,1,1,4),(2,2),(0.390342411986429,
0.579383228316385,0.673903636481363,0.768424044646341),(0.,1.),
 .UNSPECIFIED.);
#76=B_SPLINE_SURFACE_WITH_KNOTS('',3,1,((#9995,#9996),(#9997,#9998),(#9999,
#10000),(#10001,#10002),(#10003,#10004),(#10005,#10006)),
 .SURF_OF_LINEAR_EXTRUSION.,.F.,.F.,.F.,(4,1,1,4),(2,2),(0.,0.0656619824680307,
0.131323964936061,0.262647929872123),(0.,1.),.UNSPECIFIED.);
#77=B_SPLINE_SURFACE_WITH_KNOTS('',3,1,((#10017,#10018),(#10019,#10020),
(#10021,#10022),(#10023,#10024),(#10025,#10026),(#10027,#10028),(#10029,
#10030),(#10031,#10032),(#10033,#10034),(#10035,#10036)),
 .SURF_OF_LINEAR_EXTRUSION.,.F.,.F.,.F.,(4,1,1,1,1,1,1,4),(2,2),(0.,0.0669096067209713,
0.100364410081457,0.133819213441943,0.167274016802428,0.200728820162914,
0.234183623523399,0.267638426883885),(0.,1.),.UNSPECIFIED.);
#78=B_SPLINE_SURFACE_WITH_KNOTS('',3,1,((#10044,#10045),(#10046,#10047),
(#10048,#10049),(#10050,#10051)),.SURF_OF_LINEAR_EXTRUSION.,.F.,.F.,.F.,
(4,4),(2,2),(0.866490664014014,1.),(0.,1.),.PIECEWISE_BEZIER_KNOTS.);
#79=B_SPLINE_SURFACE_WITH_KNOTS('',3,1,((#10057,#10058),(#10059,#10060),
(#10061,#10062),(#10063,#10064)),.SURF_OF_LINEAR_EXTRUSION.,.F.,.F.,.F.,
(4,4),(2,2),(0.836148188462405,0.998529184239335),(0.,1.),
 .PIECEWISE_BEZIER_KNOTS.);
#80=B_SPLINE_SURFACE_WITH_KNOTS('',3,1,((#10069,#10070),(#10071,#10072),
(#10073,#10074),(#10075,#10076),(#10077,#10078),(#10079,#10080),(#10081,
#10082),(#10083,#10084),(#10085,#10086),(#10087,#10088),(#10089,#10090)),
 .SURF_OF_LINEAR_EXTRUSION.,.F.,.F.,.F.,(4,1,1,1,1,1,1,1,4),(2,2),(0.00168540887958625,
0.0415079500624408,0.0813304912452954,0.12115303242815,0.160975573611005,
0.200798114793859,0.240620655976714,0.280443197159568,0.320265738342423),
(0.,1.),.UNSPECIFIED.);
#81=B_SPLINE_SURFACE_WITH_KNOTS('',3,1,((#10101,#10102),(#10103,#10104),
(#10105,#10106),(#10107,#10108),(#10109,#10110),(#10111,#10112),(#10113,
#10114),(#10115,#10116),(#10117,#10118)),.SURF_OF_LINEAR_EXTRUSION.,.F.,
 .F.,.F.,(4,1,1,1,1,1,4),(2,2),(0.00200428188074773,0.101097877065411,0.150644674657743,
0.200191472250074,0.249738269842406,0.299285067434738,0.398378662619401),
(0.,1.),.UNSPECIFIED.);
#82=B_SPLINE_SURFACE_WITH_KNOTS('',3,1,((#10127,#10128),(#10129,#10130),
(#10131,#10132),(#10133,#10134),(#10135,#10136)),
 .SURF_OF_LINEAR_EXTRUSION.,.F.,.F.,.F.,(4,1,4),(2,2),(0.810294196077504,
0.904582172639689,0.998870149201874),(0.,1.),.UNSPECIFIED.);
#83=B_SPLINE_SURFACE_WITH_KNOTS('',3,1,((#10146,#10147),(#10148,#10149),
(#10150,#10151),(#10152,#10153),(#10154,#10155),(#10156,#10157),(#10158,
#10159),(#10160,#10161),(#10162,#10163),(#10164,#10165)),
 .SURF_OF_LINEAR_EXTRUSION.,.F.,.F.,.F.,(4,1,1,1,1,1,1,4),(2,2),(0.,0.24986366085825,
0.374795491287376,0.499727321716501,0.624659152145626,0.749590982574751,
0.874522813003877,0.999454643433002),(0.,1.),.UNSPECIFIED.);
#84=B_SPLINE_SURFACE_WITH_KNOTS('',3,1,((#10166,#10167),(#10168,#10169),
(#10170,#10171),(#10172,#10173),(#10174,#10175),(#10176,#10177),(#10178,
#10179),(#10180,#10181)),.SURF_OF_LINEAR_EXTRUSION.,.F.,.F.,.F.,(4,1,1,
1,1,4),(2,2),(0.,0.0915248106858478,0.293837760780255,0.527843018518348,
0.786082445012957,1.),(0.,1.),.UNSPECIFIED.);
#85=B_SPLINE_SURFACE_WITH_KNOTS('',3,1,((#10186,#10187),(#10188,#10189),
(#10190,#10191),(#10192,#10193),(#10194,#10195),(#10196,#10197),(#10198,
#10199),(#10200,#10201),(#10202,#10203),(#10204,#10205),(#10206,#10207),
(#10208,#10209),(#10210,#10211),(#10212,#10213),(#10214,#10215),(#10216,
#10217),(#10218,#10219),(#10220,#10221),(#10222,#10223)),
 .SURF_OF_LINEAR_EXTRUSION.,.F.,.F.,.F.,(4,1,1,1,1,1,1,1,1,1,1,1,1,1,1,
1,4),(2,2),(0.,0.0625,0.125,0.1875,0.25,0.375,0.4375,0.5,0.5625,0.625,0.75,
0.8125,0.875,0.90625,0.9375,0.96875,1.),(0.,1.),.UNSPECIFIED.);
#86=B_SPLINE_SURFACE_WITH_KNOTS('',3,1,((#10246,#10247),(#10248,#10249),
(#10250,#10251),(#10252,#10253),(#10254,#10255)),
 .SURF_OF_LINEAR_EXTRUSION.,.F.,.F.,.F.,(4,1,4),(2,2),(0.,0.319952976251518,
1.),(0.,1.),.UNSPECIFIED.);
#87=B_SPLINE_SURFACE_WITH_KNOTS('',3,1,((#10263,#10264),(#10265,#10266),
(#10267,#10268),(#10269,#10270),(#10271,#10272),(#10273,#10274),(#10275,
#10276),(#10277,#10278),(#10279,#10280),(#10281,#10282),(#10283,#10284),
(#10285,#10286),(#10287,#10288),(#10289,#10290),(#10291,#10292),(#10293,
#10294),(#10295,#10296),(#10297,#10298),(#10299,#10300),(#10301,#10302),
(#10303,#10304),(#10305,#10306),(#10307,#10308),(#10309,#10310)),
 .SURF_OF_LINEAR_EXTRUSION.,.F.,.F.,.F.,(4,1,1,1,1,1,1,1,1,1,1,1,1,1,1,
1,1,1,1,1,1,4),(2,2),(0.,0.00569824785832407,0.0134055451237036,0.0231909502676999,
0.0394445155881212,0.0827146845047384,0.149925690521508,0.231065181297179,
0.282549624575812,0.330075462881088,0.393039789312275,0.477792927421947,
0.562168428050544,0.648733119300792,0.716203613352947,0.774329963255071,
0.822347742429149,0.859959258709847,0.890046867310446,0.910971567335084,
0.951119150567934,1.),(0.,1.),.UNSPECIFIED.);
#88=B_SPLINE_SURFACE_WITH_KNOTS('',3,1,((#10345,#10346),(#10347,#10348),
(#10349,#10350),(#10351,#10352),(#10353,#10354),(#10355,#10356),(#10357,
#10358),(#10359,#10360),(#10361,#10362),(#10363,#10364),(#10365,#10366),
(#10367,#10368),(#10369,#10370),(#10371,#10372),(#10373,#10374),(#10375,
#10376),(#10377,#10378),(#10379,#10380),(#10381,#10382),(#10383,#10384),
(#10385,#10386),(#10387,#10388),(#10389,#10390)),
 .SURF_OF_LINEAR_EXTRUSION.,.F.,.F.,.F.,(4,1,1,1,1,1,1,1,1,1,1,1,1,1,1,
1,1,1,1,1,4),(2,2),(0.,0.029149283532886,0.0640446628816591,0.0990903685482591,
0.149388356105874,0.207513573326397,0.271217430043298,0.31588971916969,
0.361375311091117,0.407873623275354,0.451187906321832,0.499310777562677,
0.565421913922424,0.638912237907163,0.708337029016564,0.778772400943018,
0.856782632366193,0.873435681920859,0.890693440645447,0.918431535046504,
1.),(0.,1.),.UNSPECIFIED.);
#89=B_SPLINE_SURFACE_WITH_KNOTS('',3,1,((#10416,#10417),(#10418,#10419),
(#10420,#10421),(#10422,#10423),(#10424,#10425),(#10426,#10427),(#10428,
#10429),(#10430,#10431)),.SURF_OF_LINEAR_EXTRUSION.,.F.,.F.,.F.,(4,1,1,
1,1,4),(2,2),(0.,0.25,0.5,0.625,0.75,1.),(0.,1.),.UNSPECIFIED.);
#90=B_SPLINE_SURFACE_WITH_KNOTS('',3,1,((#10440,#10441),(#10442,#10443),
(#10444,#10445),(#10446,#10447),(#10448,#10449),(#10450,#10451),(#10452,
#10453),(#10454,#10455),(#10456,#10457),(#10458,#10459),(#10460,#10461),
(#10462,#10463),(#10464,#10465),(#10466,#10467),(#10468,#10469),(#10470,
#10471)),.SURF_OF_LINEAR_EXTRUSION.,.F.,.F.,.F.,(4,1,1,1,1,1,1,1,1,1,1,
1,1,4),(2,2),(0.,0.0625,0.125,0.1875,0.25,0.3125,0.375,0.4375,0.5,0.5625,
0.625,0.75,0.875,1.),(0.,1.),.UNSPECIFIED.);
#91=B_SPLINE_SURFACE_WITH_KNOTS('',3,1,((#10899,#10900),(#10901,#10902),
(#10903,#10904),(#10905,#10906),(#10907,#10908),(#10909,#10910),(#10911,
#10912),(#10913,#10914),(#10915,#10916),(#10917,#10918),(#10919,#10920),
(#10921,#10922),(#10923,#10924),(#10925,#10926),(#10927,#10928),(#10929,
#10930),(#10931,#10932),(#10933,#10934),(#10935,#10936),(#10937,#10938),
(#10939,#10940),(#10941,#10942),(#10943,#10944),(#10945,#10946)),
 .SURF_OF_LINEAR_EXTRUSION.,.F.,.F.,.F.,(4,1,1,1,1,1,1,1,1,1,1,1,1,1,1,
1,1,1,1,1,1,4),(2,2),(0.,0.0625,0.125,0.1875,0.25,0.3125,0.375,0.40625,
0.4375,0.46875,0.5,0.53125,0.5625,0.59375,0.625,0.65625,0.6875,0.75,0.8125,
0.875,0.9375,1.),(0.,1.),.UNSPECIFIED.);
#92=B_SPLINE_SURFACE_WITH_KNOTS('',3,1,((#10972,#10973),(#10974,#10975),
(#10976,#10977),(#10978,#10979),(#10980,#10981),(#10982,#10983),(#10984,
#10985),(#10986,#10987),(#10988,#10989),(#10990,#10991)),
 .SURF_OF_LINEAR_EXTRUSION.,.F.,.F.,.F.,(4,1,1,1,1,1,1,4),(2,2),(0.,0.125,
0.25,0.5,0.625,0.75,0.875,1.),(0.,1.),.UNSPECIFIED.);
#93=B_SPLINE_SURFACE_WITH_KNOTS('',3,1,((#11009,#11010),(#11011,#11012),
(#11013,#11014),(#11015,#11016),(#11017,#11018),(#11019,#11020),(#11021,
#11022),(#11023,#11024),(#11025,#11026),(#11027,#11028),(#11029,#11030),
(#11031,#11032),(#11033,#11034),(#11035,#11036),(#11037,#11038)),
 .SURF_OF_LINEAR_EXTRUSION.,.F.,.F.,.F.,(4,1,1,1,1,1,1,1,1,1,1,1,4),(2,
2),(0.,0.0656217016087634,0.132375905096381,0.223711568444337,0.28192115080861,
0.355340078889038,0.422528956234222,0.501278363187388,0.571788405258616,
0.65774096834105,0.756133793098236,0.877306645722933,1.),(0.,1.),
 .UNSPECIFIED.);
#94=B_SPLINE_SURFACE_WITH_KNOTS('',3,1,((#11054,#11055),(#11056,#11057),
(#11058,#11059),(#11060,#11061),(#11062,#11063),(#11064,#11065),(#11066,
#11067),(#11068,#11069),(#11070,#11071),(#11072,#11073),(#11074,#11075)),
 .SURF_OF_LINEAR_EXTRUSION.,.F.,.F.,.F.,(4,1,1,1,1,1,1,1,4),(2,2),(0.,0.127817708369251,
0.318875442655004,0.508550486209055,0.732884617991401,0.821057812086433,
0.881582075436128,0.944362264034339,1.),(0.,1.),.UNSPECIFIED.);
#95=B_SPLINE_SURFACE_WITH_KNOTS('',3,1,((#11099,#11100),(#11101,#11102),
(#11103,#11104),(#11105,#11106),(#11107,#11108),(#11109,#11110),(#11111,
#11112),(#11113,#11114),(#11115,#11116),(#11117,#11118),(#11119,#11120),
(#11121,#11122)),.SURF_OF_LINEAR_EXTRUSION.,.F.,.F.,.F.,(4,1,1,1,1,1,1,
1,1,4),(2,2),(0.,0.125,0.25,0.375,0.5,0.625,0.6875,0.75,0.875,1.),(0.,1.),
 .UNSPECIFIED.);
#96=B_SPLINE_SURFACE_WITH_KNOTS('',3,1,((#11140,#11141),(#11142,#11143),
(#11144,#11145),(#11146,#11147),(#11148,#11149),(#11150,#11151),(#11152,
#11153)),.SURF_OF_LINEAR_EXTRUSION.,.F.,.F.,.F.,(4,1,1,1,4),(2,2),(0.,0.240309586508264,
0.506858588313268,0.748676529428151,1.),(0.,1.),.UNSPECIFIED.);
#97=B_SPLINE_SURFACE_WITH_KNOTS('',3,1,((#11181,#11182),(#11183,#11184),
(#11185,#11186),(#11187,#11188),(#11189,#11190),(#11191,#11192),(#11193,
#11194),(#11195,#11196),(#11197,#11198),(#11199,#11200),(#11201,#11202)),
 .SURF_OF_LINEAR_EXTRUSION.,.F.,.F.,.F.,(4,1,1,1,1,1,1,1,4),(2,2),(0.,0.101372409148324,
0.260005282054029,0.387649783236979,0.479542476534623,0.590774056364057,
0.71094624878383,0.844996615733169,1.),(0.,1.),.UNSPECIFIED.);
#98=B_SPLINE_SURFACE_WITH_KNOTS('',3,1,((#11225,#11226),(#11227,#11228),
(#11229,#11230),(#11231,#11232),(#11233,#11234),(#11235,#11236),(#11237,
#11238),(#11239,#11240),(#11241,#11242),(#11243,#11244),(#11245,#11246)),
 .SURF_OF_LINEAR_EXTRUSION.,.F.,.F.,.F.,(4,1,1,1,1,1,1,1,4),(2,2),(0.,0.125,
0.25,0.375,0.5,0.625,0.75,0.875,1.),(0.,1.),.UNSPECIFIED.);
#99=B_SPLINE_SURFACE_WITH_KNOTS('',3,1,((#11269,#11270),(#11271,#11272),
(#11273,#11274),(#11275,#11276),(#11277,#11278),(#11279,#11280),(#11281,
#11282),(#11283,#11284),(#11285,#11286),(#11287,#11288),(#11289,#11290),
(#11291,#11292)),.SURF_OF_LINEAR_EXTRUSION.,.F.,.F.,.F.,(4,1,1,1,1,1,1,
1,1,4),(2,2),(0.,0.0613603082191846,0.16380525405629,0.268622268713318,
0.411007827557134,0.523776958110938,0.635058220113284,0.757531058371336,
0.887326937425319,1.),(0.,1.),.UNSPECIFIED.);
#100=B_SPLINE_SURFACE_WITH_KNOTS('',3,1,((#11313,#11314),(#11315,#11316),
(#11317,#11318),(#11319,#11320),(#11321,#11322),(#11323,#11324),(#11325,
#11326),(#11327,#11328),(#11329,#11330),(#11331,#11332),(#11333,#11334),
(#11335,#11336),(#11337,#11338),(#11339,#11340),(#11341,#11342),(#11343,
#11344),(#11345,#11346),(#11347,#11348),(#11349,#11350),(#11351,#11352),
(#11353,#11354),(#11355,#11356)),.SURF_OF_LINEAR_EXTRUSION.,.F.,.F.,.F.,
(4,1,1,1,1,1,1,1,1,1,1,1,1,1,1,1,1,1,1,4),(2,2),(0.,0.0625,0.125,0.1875,
0.25,0.3125,0.375,0.4375,0.5,0.5625,0.625,0.65625,0.6875,0.75,0.78125,0.8125,
0.84375,0.875,0.9375,1.),(0.,1.),.UNSPECIFIED.);
#101=B_SPLINE_SURFACE_WITH_KNOTS('',3,1,((#11383,#11384),(#11385,#11386),
(#11387,#11388),(#11389,#11390),(#11391,#11392),(#11393,#11394),(#11395,
#11396),(#11397,#11398),(#11399,#11400),(#11401,#11402),(#11403,#11404),
(#11405,#11406),(#11407,#11408)),.SURF_OF_LINEAR_EXTRUSION.,.F.,.F.,.F.,
(4,1,1,1,1,1,1,1,1,1,4),(2,2),(0.,0.0716783728234488,0.201462204742673,
0.351985429895752,0.453312238503597,0.531131505749847,0.608074752221663,
0.687191601236581,0.794711152589731,0.901206841852244,1.),(0.,1.),
 .UNSPECIFIED.);
#102=B_SPLINE_SURFACE_WITH_KNOTS('',3,1,((#11428,#11429),(#11430,#11431),
(#11432,#11433),(#11434,#11435),(#11436,#11437),(#11438,#11439),(#11440,
#11441),(#11442,#11443),(#11444,#11445),(#11446,#11447),(#11448,#11449),
(#11450,#11451),(#11452,#11453),(#11454,#11455)),
 .SURF_OF_LINEAR_EXTRUSION.,.F.,.F.,.F.,(4,1,1,1,1,1,1,1,1,1,1,4),(2,2),
(0.,0.08623849645613,0.228781198885112,0.318429721310933,0.398429855580078,
0.47016064642521,0.540608256899536,0.617589901528134,0.706482375945767,
0.820387815025198,0.927564722627483,1.),(0.,1.),.UNSPECIFIED.);
#103=B_SPLINE_SURFACE_WITH_KNOTS('',3,1,((#11480,#11481),(#11482,#11483),
(#11484,#11485),(#11486,#11487),(#11488,#11489),(#11490,#11491),(#11492,
#11493)),.SURF_OF_LINEAR_EXTRUSION.,.F.,.F.,.F.,(4,1,1,1,4),(2,2),(0.,0.25,
0.5,0.75,1.),(0.,1.),.UNSPECIFIED.);
#104=B_SPLINE_SURFACE_WITH_KNOTS('',3,1,((#11502,#11503),(#11504,#11505),
(#11506,#11507),(#11508,#11509),(#11510,#11511),(#11512,#11513),(#11514,
#11515)),.SURF_OF_LINEAR_EXTRUSION.,.F.,.F.,.F.,(4,1,1,1,4),(2,2),(0.,0.25,
0.5,0.75,1.),(0.,1.),.UNSPECIFIED.);
#105=B_SPLINE_SURFACE_WITH_KNOTS('',3,1,((#11531,#11532),(#11533,#11534),
(#11535,#11536),(#11537,#11538),(#11539,#11540),(#11541,#11542),(#11543,
#11544),(#11545,#11546),(#11547,#11548)),.SURF_OF_LINEAR_EXTRUSION.,.F.,
 .F.,.F.,(4,1,1,1,1,1,4),(2,2),(0.,0.105964566538178,0.245128948267405,
0.415049699364738,0.603262256384388,0.804375097798541,1.),(0.,1.),
 .UNSPECIFIED.);
#106=B_SPLINE_SURFACE_WITH_KNOTS('',3,1,((#11564,#11565),(#11566,#11567),
(#11568,#11569),(#11570,#11571),(#11572,#11573),(#11574,#11575),(#11576,
#11577),(#11578,#11579),(#11580,#11581),(#11582,#11583)),
 .SURF_OF_LINEAR_EXTRUSION.,.F.,.F.,.F.,(4,1,1,1,1,1,1,4),(2,2),(0.,0.125,
0.25,0.5,0.625,0.75,0.875,1.),(0.,1.),.UNSPECIFIED.);
#107=B_SPLINE_SURFACE_WITH_KNOTS('',3,1,((#11595,#11596),(#11597,#11598),
(#11599,#11600),(#11601,#11602),(#11603,#11604),(#11605,#11606),(#11607,
#11608),(#11609,#11610),(#11611,#11612),(#11613,#11614),(#11615,#11616),
(#11617,#11618),(#11619,#11620),(#11621,#11622),(#11623,#11624),(#11625,
#11626),(#11627,#11628),(#11629,#11630),(#11631,#11632),(#11633,#11634),
(#11635,#11636),(#11637,#11638),(#11639,#11640),(#11641,#11642)),
 .SURF_OF_LINEAR_EXTRUSION.,.F.,.F.,.F.,(4,1,1,1,1,1,1,1,1,1,1,1,1,1,1,
1,1,1,1,1,1,4),(2,2),(0.,0.03125,0.0625,0.09375,0.125,0.15625,0.1875,0.25,
0.3125,0.375,0.4375,0.5,0.53125,0.5625,0.59375,0.625,0.6875,0.71875,0.75,
0.8125,0.875,1.),(0.,1.),.UNSPECIFIED.);
#108=B_SPLINE_SURFACE_WITH_KNOTS('',3,1,((#11669,#11670),(#11671,#11672),
(#11673,#11674),(#11675,#11676),(#11677,#11678),(#11679,#11680),(#11681,
#11682),(#11683,#11684),(#11685,#11686)),.SURF_OF_LINEAR_EXTRUSION.,.F.,
 .F.,.F.,(4,1,1,1,1,1,4),(2,2),(0.,0.25,0.5,0.625,0.75,0.875,1.),(0.,1.),
 .UNSPECIFIED.);
#109=B_SPLINE_SURFACE_WITH_KNOTS('',3,1,((#11698,#11699),(#11700,#11701),
(#11702,#11703),(#11704,#11705),(#11706,#11707),(#11708,#11709),(#11710,
#11711),(#11712,#11713),(#11714,#11715),(#11716,#11717),(#11718,#11719),
(#11720,#11721)),.SURF_OF_LINEAR_EXTRUSION.,.F.,.F.,.F.,(4,1,1,1,1,1,1,
1,1,4),(2,2),(0.,0.0780900470606613,0.162188599472051,0.248203801308767,
0.338816588291665,0.45084908022658,0.595863425878086,0.773519222141865,
0.924991767676232,1.),(0.,1.),.UNSPECIFIED.);
#110=B_SPLINE_SURFACE_WITH_KNOTS('',3,1,((#11735,#11736),(#11737,#11738),
(#11739,#11740),(#11741,#11742),(#11743,#11744),(#11745,#11746),(#11747,
#11748),(#11749,#11750),(#11751,#11752),(#11753,#11754),(#11755,#11756),
(#11757,#11758),(#11759,#11760),(#11761,#11762),(#11763,#11764),(#11765,
#11766),(#11767,#11768),(#11769,#11770),(#11771,#11772),(#11773,#11774),
(#11775,#11776),(#11777,#11778),(#11779,#11780),(#11781,#11782),(#11783,
#11784)),.SURF_OF_LINEAR_EXTRUSION.,.F.,.F.,.F.,(4,1,1,1,1,1,1,1,1,1,1,
1,1,1,1,1,1,1,1,1,1,1,4),(2,2),(0.,0.0399960230350982,0.08706933045798,
0.122542904180695,0.167441425836844,0.208298069356039,0.247300516584871,
0.287275873833545,0.336133888694727,0.393546624619138,0.434331012213747,
0.498791094311678,0.546962847334605,0.603513594399132,0.665337986257357,
0.721772887813688,0.76527818122314,0.798771323658224,0.841326384132074,
0.877785484729249,0.90960092080019,0.955996324886127,1.),(0.,1.),
 .UNSPECIFIED.);
#111=B_SPLINE_SURFACE_WITH_KNOTS('',3,1,((#11814,#11815),(#11816,#11817),
(#11818,#11819),(#11820,#11821),(#11822,#11823),(#11824,#11825),(#11826,
#11827),(#11828,#11829),(#11830,#11831),(#11832,#11833),(#11834,#11835),
(#11836,#11837),(#11838,#11839),(#11840,#11841),(#11842,#11843),(#11844,
#11845),(#11846,#11847),(#11848,#11849),(#11850,#11851),(#11852,#11853),
(#11854,#11855),(#11856,#11857),(#11858,#11859),(#11860,#11861),(#11862,
#11863),(#11864,#11865),(#11866,#11867),(#11868,#11869),(#11870,#11871),
(#11872,#11873),(#11874,#11875),(#11876,#11877)),
 .SURF_OF_LINEAR_EXTRUSION.,.F.,.F.,.F.,(4,1,1,1,1,1,1,1,1,1,1,1,1,1,1,
1,1,1,1,1,1,1,1,1,1,1,1,1,1,4),(2,2),(0.,0.03125,0.0625,0.078125,0.09375,
0.125,0.15625,0.1875,0.21875,0.25,0.28125,0.3125,0.375,0.4375,0.5,0.53125,
0.5625,0.59375,0.625,0.6875,0.71875,0.75,0.78125,0.8125,0.84375,0.875,0.90625,
0.9375,0.96875,1.),(0.,1.),.UNSPECIFIED.);
#112=B_SPLINE_SURFACE_WITH_KNOTS('',3,1,((#11908,#11909),(#11910,#11911),
(#11912,#11913),(#11914,#11915),(#11916,#11917),(#11918,#11919),(#11920,
#11921),(#11922,#11923),(#11924,#11925),(#11926,#11927),(#11928,#11929),
(#11930,#11931),(#11932,#11933),(#11934,#11935),(#11936,#11937),(#11938,
#11939),(#11940,#11941),(#11942,#11943),(#11944,#11945),(#11946,#11947),
(#11948,#11949),(#11950,#11951),(#11952,#11953),(#11954,#11955),(#11956,
#11957),(#11958,#11959),(#11960,#11961),(#11962,#11963),(#11964,#11965),
(#11966,#11967),(#11968,#11969),(#11970,#11971),(#11972,#11973),(#11974,
#11975),(#11976,#11977),(#11978,#11979),(#11980,#11981),(#11982,#11983),
(#11984,#11985),(#11986,#11987),(#11988,#11989),(#11990,#11991),(#11992,
#11993),(#11994,#11995),(#11996,#11997),(#11998,#11999),(#12000,#12001),
(#12002,#12003)),.SURF_OF_LINEAR_EXTRUSION.,.F.,.F.,.F.,(4,1,1,1,1,1,1,
1,1,1,1,1,1,1,1,1,1,1,1,1,1,1,1,1,1,1,1,1,1,1,1,1,1,1,1,1,1,1,1,1,1,1,1,
1,1,4),(2,2),(0.,0.015625,0.03125,0.046875,0.0625,0.09375,0.125,0.15625,
0.1875,0.21875,0.25,0.265625,0.28125,0.3125,0.34375,0.359375,0.375,0.390625,
0.40625,0.421875,0.4375,0.46875,0.5,0.53125,0.5625,0.59375,0.625,0.65625,
0.6875,0.71875,0.75,0.765625,0.78125,0.796875,0.8125,0.828125,0.84375,0.875,
0.890625,0.90625,0.921875,0.9375,0.953125,0.96875,0.984375,1.),(0.,1.),
 .UNSPECIFIED.);
#113=B_SPLINE_SURFACE_WITH_KNOTS('',3,1,((#12050,#12051),(#12052,#12053),
(#12054,#12055),(#12056,#12057),(#12058,#12059),(#12060,#12061),(#12062,
#12063),(#12064,#12065),(#12066,#12067),(#12068,#12069),(#12070,#12071),
(#12072,#12073),(#12074,#12075),(#12076,#12077),(#12078,#12079),(#12080,
#12081),(#12082,#12083),(#12084,#12085),(#12086,#12087),(#12088,#12089),
(#12090,#12091),(#12092,#12093),(#12094,#12095),(#12096,#12097),(#12098,
#12099),(#12100,#12101),(#12102,#12103),(#12104,#12105),(#12106,#12107),
(#12108,#12109)),.SURF_OF_LINEAR_EXTRUSION.,.T.,.F.,.F.,(1,3,1,1,1,1,1,
1,1,1,1,1,1,1,1,1,1,1,1,1,1,1,1,1,1,1,1,1,3,1),(2,2),(-0.0373421774873808,
0.,0.0216856050785286,0.0468152565707047,0.0716115385426796,0.101196851558889,
0.136813541842731,0.181549725627462,0.224276876002507,0.281198015640909,
0.323888661365126,0.357076130060468,0.404010298390251,0.442898487880628,
0.475386920731532,0.50132041996298,0.531889135224719,0.573937634702191,
0.599070602297279,0.631399258876906,0.672487521449566,0.70246521646306,
0.739495327145351,0.76655554387562,0.811341157684393,0.856907616897379,
0.913245890195266,0.962657822512619,1.,1.02168560507853),(0.,1.),
 .UNSPECIFIED.);
#114=B_SPLINE_SURFACE_WITH_KNOTS('',3,1,((#12142,#12143),(#12144,#12145),
(#12146,#12147),(#12148,#12149),(#12150,#12151),(#12152,#12153),(#12154,
#12155),(#12156,#12157),(#12158,#12159),(#12160,#12161),(#12162,#12163),
(#12164,#12165)),.SURF_OF_LINEAR_EXTRUSION.,.F.,.F.,.F.,(4,1,1,1,1,1,1,
1,1,4),(2,2),(0.,0.0542625483527049,0.149796643311248,0.268636522277944,
0.43295594606312,0.614410748639823,0.729268234261758,0.82355688038813,0.909323969297541,
1.),(0.,1.),.UNSPECIFIED.);
#115=B_SPLINE_SURFACE_WITH_KNOTS('',3,1,((#12182,#12183),(#12184,#12185),
(#12186,#12187),(#12188,#12189),(#12190,#12191),(#12192,#12193),(#12194,
#12195),(#12196,#12197),(#12198,#12199),(#12200,#12201),(#12202,#12203),
(#12204,#12205),(#12206,#12207),(#12208,#12209),(#12210,#12211),(#12212,
#12213),(#12214,#12215),(#12216,#12217),(#12218,#12219),(#12220,#12221),
(#12222,#12223),(#12224,#12225),(#12226,#12227),(#12228,#12229),(#12230,
#12231),(#12232,#12233),(#12234,#12235),(#12236,#12237),(#12238,#12239),
(#12240,#12241),(#12242,#12243),(#12244,#12245),(#12246,#12247)),
 .SURF_OF_LINEAR_EXTRUSION.,.F.,.F.,.F.,(4,1,1,1,1,1,1,1,1,1,1,1,1,1,1,
1,1,1,1,1,1,1,1,1,1,1,1,1,1,1,4),(2,2),(0.,0.0625,0.09375,0.125,0.15625,
0.1875,0.21875,0.25,0.28125,0.3125,0.34375,0.375,0.40625,0.4375,0.46875,
0.5,0.5625,0.59375,0.625,0.65625,0.6875,0.71875,0.75,0.78125,0.8125,0.84375,
0.875,0.90625,0.9375,0.96875,1.),(0.,1.),.UNSPECIFIED.);
#116=ELLIPSE('',#5390,0.00849113670195075,0.00600414034193136);
#117=ELLIPSE('',#5393,0.00849113670195075,0.00600414034193136);
#118=ELLIPSE('',#5397,0.0024528272,0.0012264136);
#119=ELLIPSE('',#5398,0.00245282720000001,0.0012264136);
#120=SPHERICAL_SURFACE('',#5364,0.001165098);
#121=SPHERICAL_SURFACE('',#5365,0.001165098);
#122=CYLINDRICAL_SURFACE('',#5301,0.001165098);
#123=CYLINDRICAL_SURFACE('',#5303,0.001165098);
#124=CYLINDRICAL_SURFACE('',#5320,0.0008763);
#125=CYLINDRICAL_SURFACE('',#5323,0.0032639);
#126=CYLINDRICAL_SURFACE('',#5326,0.0008763);
#127=CYLINDRICAL_SURFACE('',#5329,0.0008763);
#128=CYLINDRICAL_SURFACE('',#5332,0.0008763);
#129=CYLINDRICAL_SURFACE('',#5335,0.0032639);
#130=CYLINDRICAL_SURFACE('',#5354,0.00249514681444863);
#131=CYLINDRICAL_SURFACE('',#5355,0.0012715748);
#132=CYLINDRICAL_SURFACE('',#5356,0.0012715748);
#133=CYLINDRICAL_SURFACE('',#5357,0.0024951436);
#134=CYLINDRICAL_SURFACE('',#5358,0.0024951436);
#135=CYLINDRICAL_SURFACE('',#5359,0.0024951436);
#136=CYLINDRICAL_SURFACE('',#5360,0.00127157181529026);
#137=CYLINDRICAL_SURFACE('',#5361,0.001165098);
#138=CYLINDRICAL_SURFACE('',#5366,0.00382721491717452);
#139=CYLINDRICAL_SURFACE('',#5370,0.00382721491717452);
#140=CYLINDRICAL_SURFACE('',#5374,0.0018386425);
#141=CYLINDRICAL_SURFACE('',#5375,0.0018386425);
#142=CYLINDRICAL_SURFACE('',#5376,0.0024150066);
#143=CYLINDRICAL_SURFACE('',#5379,0.002413);
#144=CYLINDRICAL_SURFACE('',#5382,0.002413);
#145=CYLINDRICAL_SURFACE('',#5385,0.002413);
#146=CYLINDRICAL_SURFACE('',#5388,0.00600414034193136);
#147=CYLINDRICAL_SURFACE('',#5392,0.00600414034193136);
#148=CYLINDRICAL_SURFACE('',#5396,0.0012264136);
#149=CYLINDRICAL_SURFACE('',#5406,0.0316240215405381);
#150=CYLINDRICAL_SURFACE('',#5409,0.0113073896270932);
#151=CYLINDRICAL_SURFACE('',#5412,0.0109917510625065);
#152=CYLINDRICAL_SURFACE('',#5423,0.000410642732968579);
#153=CYLINDRICAL_SURFACE('',#5424,0.012564179163259);
#154=CYLINDRICAL_SURFACE('',#5427,0.00829640601581531);
#155=CYLINDRICAL_SURFACE('',#5430,0.0183671423962139);
#156=CYLINDRICAL_SURFACE('',#5433,0.0111430951808739);
#157=CYLINDRICAL_SURFACE('',#5436,0.213215353592324);
#158=CYLINDRICAL_SURFACE('',#5439,0.0188893021972013);
#159=CYLINDRICAL_SURFACE('',#5442,0.0628417344721257);
#160=CYLINDRICAL_SURFACE('',#5451,0.0267906181945095);
#161=CYLINDRICAL_SURFACE('',#5454,0.0158156516330735);
#162=CYLINDRICAL_SURFACE('',#5457,0.0198223167490977);
#163=CYLINDRICAL_SURFACE('',#5460,0.0254200999450012);
#164=CYLINDRICAL_SURFACE('',#5463,0.0259680993112026);
#165=CYLINDRICAL_SURFACE('',#5466,0.0474135714385824);
#166=CYLINDRICAL_SURFACE('',#5477,0.000487398335695118);
#167=CYLINDRICAL_SURFACE('',#5480,0.000402549621861927);
#168=CYLINDRICAL_SURFACE('',#5483,0.000534688249560829);
#169=CYLINDRICAL_SURFACE('',#5486,0.000386195915857238);
#170=CYLINDRICAL_SURFACE('',#5489,0.000532433017571637);
#171=CYLINDRICAL_SURFACE('',#5492,0.000574585751775807);
#172=CYLINDRICAL_SURFACE('',#5495,0.000493015402769215);
#173=CYLINDRICAL_SURFACE('',#5496,0.01264723059103);
#174=CYLINDRICAL_SURFACE('',#5499,0.0285444685204019);
#175=CYLINDRICAL_SURFACE('',#5502,0.0253250668273391);
#176=CYLINDRICAL_SURFACE('',#5505,0.00968647099572394);
#177=CYLINDRICAL_SURFACE('',#5516,0.000327690502690118);
#178=CYLINDRICAL_SURFACE('',#5519,0.000389858375926328);
#179=CYLINDRICAL_SURFACE('',#5522,0.000322405248880386);
#180=CYLINDRICAL_SURFACE('',#5525,0.000493812643277113);
#181=CYLINDRICAL_SURFACE('',#5528,0.000536127955012977);
#182=CYLINDRICAL_SURFACE('',#5531,0.000361294303631057);
#183=CYLINDRICAL_SURFACE('',#5534,0.000290367716647463);
#184=CYLINDRICAL_SURFACE('',#5542,0.000505799547790307);
#185=CYLINDRICAL_SURFACE('',#5545,0.000510619193149473);
#186=CYLINDRICAL_SURFACE('',#5548,0.00037640036150541);
#187=CYLINDRICAL_SURFACE('',#5551,0.000259299535371859);
#188=CYLINDRICAL_SURFACE('',#5555,0.00643861991815736);
#189=CYLINDRICAL_SURFACE('',#5560,0.00367191673172853);
#190=CYLINDRICAL_SURFACE('',#5564,0.107503133606078);
#191=CYLINDRICAL_SURFACE('',#5568,0.00133750269591186);
#192=CYLINDRICAL_SURFACE('',#5589,0.0939516444730936);
#193=CYLINDRICAL_SURFACE('',#5598,0.000377458899190547);
#194=B_SPLINE_CURVE_WITH_KNOTS('',3,(#6789,#6790,#6791,#6792,#6793,#6794,
#6795,#6796,#6797,#6798,#6799,#6800,#6801,#6802),.UNSPECIFIED.,.F.,.F.,
(4,1,1,1,1,1,1,1,1,1,1,4),(0.,0.0861618792742387,0.158329174194993,0.256432565046165,
0.41347807968717,0.597298697676443,0.781964701135028,0.875011865004506,
0.912633293665582,0.948403974685355,0.976544486043996,1.),.UNSPECIFIED.);
#195=B_SPLINE_CURVE_WITH_KNOTS('',3,(#6805,#6806,#6807,#6808,#6809,#6810,
#6811,#6812,#6813,#6814),.UNSPECIFIED.,.F.,.F.,(4,1,1,1,1,1,1,4),(0.,0.0591258891849158,
0.155770228063934,0.321817113747803,0.438538096834036,0.622921925035492,
0.798859291917578,1.),.UNSPECIFIED.);
#196=B_SPLINE_CURVE_WITH_KNOTS('',3,(#6816,#6817,#6818,#6819,#6820,#6821),
 .UNSPECIFIED.,.F.,.F.,(4,1,1,4),(0.,0.220367336255928,0.601543772609792,
1.),.UNSPECIFIED.);
#197=B_SPLINE_CURVE_WITH_KNOTS('',3,(#6823,#6824,#6825,#6826,#6827,#6828,
#6829,#6830,#6831,#6832,#6833,#6834,#6835,#6836,#6837,#6838,#6839,#6840,
#6841,#6842,#6843,#6844,#6845),.UNSPECIFIED.,.F.,.F.,(4,1,1,1,1,1,1,1,1,
1,1,1,1,1,1,1,1,1,1,1,4),(0.,0.029149283532886,0.0640446628816591,0.0990903685482591,
0.149388356105874,0.207513573326397,0.271217430043298,0.31588971916969,
0.361375311091117,0.407873623275354,0.451187906321832,0.499310777562677,
0.565421913922424,0.638912237907163,0.708337029016564,0.778772400943018,
0.856782632366193,0.873435681920859,0.890693440645447,0.918431535046504,
1.),.UNSPECIFIED.);
#198=B_SPLINE_CURVE_WITH_KNOTS('',3,(#6851,#6852,#6853,#6854,#6855,#6856,
#6857,#6858,#6859,#6860,#6861,#6862,#6863,#6864,#6865,#6866,#6867,#6868,
#6869,#6870,#6871,#6872,#6873,#6874),.UNSPECIFIED.,.F.,.F.,(4,1,1,1,1,1,
1,1,1,1,1,1,1,1,1,1,1,1,1,1,1,4),(0.,0.00569824785832407,0.0134055451237036,
0.0231909502676999,0.0394445155881212,0.0827146845047384,0.149925690521508,
0.231065181297179,0.282549624575812,0.330075462881088,0.393039789312275,
0.477792927421947,0.562168428050544,0.648733119300792,0.716203613352947,
0.774329963255071,0.822347742429149,0.859959258709847,0.890046867310446,
0.910971567335084,0.951119150567934,1.),.UNSPECIFIED.);
#199=B_SPLINE_CURVE_WITH_KNOTS('',3,(#6876,#6877,#6878,#6879,#6880),
 .UNSPECIFIED.,.F.,.F.,(4,1,4),(0.,0.319952976251518,1.),.UNSPECIFIED.);
#200=B_SPLINE_CURVE_WITH_KNOTS('',3,(#6896,#6897,#6898,#6899,#6900,#6901),
 .UNSPECIFIED.,.F.,.F.,(4,1,1,4),(0.536764555623555,0.567478108895594,0.838842930365332,
0.876776118118359),.UNSPECIFIED.);
#201=B_SPLINE_CURVE_WITH_KNOTS('',3,(#6904,#6905,#6906,#6907,#6908,#6909,
#6910),.UNSPECIFIED.,.F.,.F.,(4,1,1,1,4),(0.,0.28486088597984,0.641624563413193,
0.828834336343511,0.999454643433002),.UNSPECIFIED.);
#202=B_SPLINE_CURVE_WITH_KNOTS('',3,(#6914,#6915,#6916,#6917,#6918,#6919,
#6920,#6921),.UNSPECIFIED.,.F.,.F.,(4,1,1,1,1,4),(0.,0.0915248106858478,
0.293837760780255,0.527843018518348,0.786082445012957,1.),.UNSPECIFIED.);
#203=B_SPLINE_CURVE_WITH_KNOTS('',3,(#6923,#6924,#6925,#6926,#6927,#6928,
#6929),.UNSPECIFIED.,.F.,.F.,(4,1,1,1,4),(0.00200428188074773,0.0860411990110478,
0.17646397209036,0.277630527020679,0.398378662619401),.UNSPECIFIED.);
#204=B_SPLINE_CURVE_WITH_KNOTS('',3,(#6931,#6932,#6933,#6934,#6935,#6936,
#6937,#6938),.UNSPECIFIED.,.F.,.F.,(4,1,1,1,1,4),(0.,0.0348482283041062,
0.0731102857822868,0.119079748034648,0.161913126690053,0.182952931183601),
 .UNSPECIFIED.);
#205=B_SPLINE_CURVE_WITH_KNOTS('',3,(#6940,#6941,#6942,#6943),
 .UNSPECIFIED.,.F.,.F.,(4,4),(0.911424903016945,1.),
 .PIECEWISE_BEZIER_KNOTS.);
#206=B_SPLINE_CURVE_WITH_KNOTS('',3,(#6945,#6946,#6947,#6948,#6949,#6950,
#6951,#6952,#6953,#6954,#6955,#6956,#6957),.UNSPECIFIED.,.F.,.F.,(4,1,1,
1,1,1,1,1,1,1,4),(0.,0.0496237898224337,0.114261357068281,0.186734985063783,
0.289090203309708,0.423208897012105,0.506274203670107,0.584883172247564,
0.690350503454409,0.815726750535417,0.911424903016945),.UNSPECIFIED.);
#207=B_SPLINE_CURVE_WITH_KNOTS('',3,(#6959,#6960,#6961,#6962,#6963,#6964,
#6965,#6966,#6967),.UNSPECIFIED.,.F.,.F.,(4,1,1,1,1,1,4),(0.782387740392522,
0.785310945675727,0.827786152365892,0.879712073771242,0.921624694095247,
0.945004318010202,1.),.UNSPECIFIED.);
#208=B_SPLINE_CURVE_WITH_KNOTS('',3,(#6969,#6970,#6971,#6972,#6973,#6974,
#6975,#6976,#6977),.UNSPECIFIED.,.F.,.F.,(4,1,1,1,1,1,4),(0.00168540887958625,
0.045577699032924,0.102712288431179,0.178418572974447,0.243022350195208,
0.288392216676889,0.320265738342423),.UNSPECIFIED.);
#209=B_SPLINE_CURVE_WITH_KNOTS('',3,(#6979,#6980,#6981,#6982,#6983,#6984),
 .UNSPECIFIED.,.F.,.F.,(4,1,1,4),(0.776182116737009,0.874569339695663,0.957840352398199,
0.9963024755551),.UNSPECIFIED.);
#210=B_SPLINE_CURVE_WITH_KNOTS('',3,(#6986,#6987,#6988,#6989,#6990,#6991,
#6992,#6993,#6994,#6995,#6996),.UNSPECIFIED.,.F.,.F.,(4,1,1,1,1,1,1,1,4),
(0.00243275150250663,0.013552584564076,0.0417743866875055,0.0900278151447518,
0.122300130048506,0.156897005136655,0.203362541642237,0.250934547123675,
0.261605439970747),.UNSPECIFIED.);
#211=B_SPLINE_CURVE_WITH_KNOTS('',3,(#6998,#6999,#7000,#7001,#7002,#7003,
#7004),.UNSPECIFIED.,.F.,.F.,(4,1,1,1,4),(0.387389557220472,0.399679236984095,
0.534662306194211,0.664027733092569,0.686490753299716),.UNSPECIFIED.);
#212=B_SPLINE_CURVE_WITH_KNOTS('',3,(#7006,#7007,#7008,#7009,#7010,#7011,
#7012,#7013,#7014,#7015),.UNSPECIFIED.,.F.,.F.,(4,1,1,1,1,1,1,4),(0.68346863872179,
0.733295210445503,0.780381562708512,0.829731052871541,0.865892179717097,
0.910164816190891,0.941587775950956,1.),.UNSPECIFIED.);
#213=B_SPLINE_CURVE_WITH_KNOTS('',3,(#7017,#7018,#7019,#7020,#7021,#7022,
#7023,#7024),.UNSPECIFIED.,.F.,.F.,(4,1,1,1,1,4),(0.,0.0293310351825295,
0.0635281002599383,0.0898188433040796,0.134633984945803,0.145270625745788),
 .UNSPECIFIED.);
#214=B_SPLINE_CURVE_WITH_KNOTS('',3,(#7026,#7027,#7028,#7029,#7030,#7031,
#7032),.UNSPECIFIED.,.F.,.F.,(4,1,1,1,4),(0.760994882175006,0.776778649245241,
0.875587500578878,0.954094210777582,1.),.UNSPECIFIED.);
#215=B_SPLINE_CURVE_WITH_KNOTS('',3,(#7034,#7035,#7036,#7037,#7038,#7039),
 .UNSPECIFIED.,.F.,.F.,(4,1,1,4),(0.,0.31656482104852,0.604877778638668,
0.704175764466084),.UNSPECIFIED.);
#216=B_SPLINE_CURVE_WITH_KNOTS('',3,(#7041,#7042,#7043,#7044,#7045,#7046,
#7047,#7048,#7049,#7050,#7051,#7052,#7053,#7054,#7055,#7056,#7057,#7058,
#7059,#7060),.UNSPECIFIED.,.F.,.F.,(4,1,1,1,1,1,1,1,1,1,1,1,1,1,1,1,1,4),
(0.,0.0640865410917574,0.104534690068721,0.167101291108268,0.236495201660582,
0.289800297711601,0.350303391237711,0.412856948064644,0.475493379897318,
0.534117680081508,0.604637702447519,0.6697395300218,0.748410687919445,0.813312166214309,
0.864232166372301,0.914370185021626,0.962018491425915,1.),.UNSPECIFIED.);
#217=B_SPLINE_CURVE_WITH_KNOTS('',3,(#7062,#7063,#7064,#7065,#7066,#7067,
#7068,#7069),.UNSPECIFIED.,.F.,.F.,(4,1,1,1,1,4),(0.755961601886672,0.849236243602192,
0.900458851939189,0.930743184618498,0.965914502695391,1.),.UNSPECIFIED.);
#218=B_SPLINE_CURVE_WITH_KNOTS('',3,(#7071,#7072,#7073,#7074,#7075,#7076,
#7077),.UNSPECIFIED.,.F.,.F.,(4,1,1,1,4),(0.,0.276902198047921,0.567173527207592,
0.823107648650046,1.),.UNSPECIFIED.);
#219=B_SPLINE_CURVE_WITH_KNOTS('',3,(#7081,#7082,#7083,#7084,#7085,#7086,
#7087,#7088),.UNSPECIFIED.,.F.,.F.,(4,1,1,1,1,4),(0.778561491469759,0.785939675381696,
0.86440506105404,0.906293866239606,0.95466582807757,1.),.UNSPECIFIED.);
#220=B_SPLINE_CURVE_WITH_KNOTS('',3,(#7090,#7091,#7092,#7093,#7094,#7095,
#7096,#7097,#7098),.UNSPECIFIED.,.F.,.F.,(4,1,1,1,1,1,4),(0.,0.0235766987189956,
0.0592464888006503,0.104089321434268,0.143890996796708,0.191039405204996,
0.193082437941599),.UNSPECIFIED.);
#221=B_SPLINE_CURVE_WITH_KNOTS('',3,(#7100,#7101,#7102,#7103,#7104,#7105,
#7106),.UNSPECIFIED.,.F.,.F.,(4,1,1,1,4),(0.372339554062453,0.39443802334071,
0.514256621456887,0.650763651835745,0.711516302306228),.UNSPECIFIED.);
#222=B_SPLINE_CURVE_WITH_KNOTS('',3,(#7109,#7110,#7111,#7112,#7113,#7114),
 .UNSPECIFIED.,.F.,.F.,(4,1,1,4),(0.391421284341653,0.405157105138195,0.495630367495686,
0.51340294848309),.UNSPECIFIED.);
#223=B_SPLINE_CURVE_WITH_KNOTS('',3,(#7116,#7117,#7118,#7119,#7120,#7121,
#7122),.UNSPECIFIED.,.F.,.F.,(4,1,1,1,4),(0.337922708544581,0.37933202478543,
0.524242353800824,0.647269198060553,0.668276280558917),.UNSPECIFIED.);
#224=B_SPLINE_CURVE_WITH_KNOTS('',3,(#7124,#7125,#7126,#7127,#7128,#7129),
 .UNSPECIFIED.,.F.,.F.,(4,1,1,4),(0.546473282540404,0.604268880469983,0.683573929809904,
0.691868911908167),.UNSPECIFIED.);
#225=B_SPLINE_CURVE_WITH_KNOTS('',3,(#7131,#7132,#7133,#7134,#7135,#7136),
 .UNSPECIFIED.,.F.,.F.,(4,1,1,4),(0.3531454439011,0.374499647887189,0.542375890839891,
0.642405337089466),.UNSPECIFIED.);
#226=B_SPLINE_CURVE_WITH_KNOTS('',3,(#7139,#7140,#7141,#7142,#7143,#7144),
 .UNSPECIFIED.,.F.,.F.,(4,1,1,4),(0.720222062122377,0.751860763889887,0.837537040562377,
0.842658968680579),.UNSPECIFIED.);
#227=B_SPLINE_CURVE_WITH_KNOTS('',3,(#7146,#7147,#7148,#7149,#7150,#7151,
#7152),.UNSPECIFIED.,.F.,.F.,(4,1,1,1,4),(0.409810520194716,0.433200924104112,
0.61093380390458,0.731225994419751,0.731536381428166),.UNSPECIFIED.);
#228=B_SPLINE_CURVE_WITH_KNOTS('',3,(#7154,#7155,#7156,#7157,#7158,#7159),
 .UNSPECIFIED.,.F.,.F.,(4,1,1,4),(0.23291511299113,0.254223031572498,0.327084354751342,
0.365818549059863),.UNSPECIFIED.);
#229=B_SPLINE_CURVE_WITH_KNOTS('',3,(#7161,#7162,#7163,#7164,#7165,#7166,
#7167),.UNSPECIFIED.,.F.,.F.,(4,1,1,1,4),(0.,0.0642185367147375,0.1570095774578,
0.233040460337755,0.267638426883885),.UNSPECIFIED.);
#230=B_SPLINE_CURVE_WITH_KNOTS('',3,(#7170,#7171,#7172,#7173,#7174,#7175,
#7176),.UNSPECIFIED.,.F.,.F.,(4,1,1,1,4),(0.432912644191774,0.447577510636002,
0.515007599005836,0.574461457318487,0.597807031660723),.UNSPECIFIED.);
#231=B_SPLINE_CURVE_WITH_KNOTS('',3,(#7180,#7181,#7182,#7183,#7184,#7185,
#7186),.UNSPECIFIED.,.F.,.F.,(4,1,1,1,4),(0.145173969055288,0.187096082701078,
0.28636888297114,0.39244754813896,0.454286720010049),.UNSPECIFIED.);
#232=B_SPLINE_CURVE_WITH_KNOTS('',3,(#7188,#7189,#7190,#7191),
 .UNSPECIFIED.,.F.,.F.,(4,4),(0.866490664014014,1.),
 .PIECEWISE_BEZIER_KNOTS.);
#233=B_SPLINE_CURVE_WITH_KNOTS('',3,(#7194,#7195,#7196,#7197,#7198,#7199),
 .UNSPECIFIED.,.F.,.F.,(4,1,1,4),(0.493501359422944,0.519879561060457,0.6335285773229,
0.731523412614285),.UNSPECIFIED.);
#234=B_SPLINE_CURVE_WITH_KNOTS('',3,(#7201,#7202,#7203,#7204),
 .UNSPECIFIED.,.F.,.F.,(4,4),(0.836148188462405,0.998529184239335),
 .PIECEWISE_BEZIER_KNOTS.);
#235=B_SPLINE_CURVE_WITH_KNOTS('',3,(#7206,#7207,#7208,#7209,#7210,#7211),
 .UNSPECIFIED.,.F.,.F.,(4,1,1,4),(0.620197631869063,0.650657319179867,0.719620042453945,
0.750807150107803),.UNSPECIFIED.);
#236=B_SPLINE_CURVE_WITH_KNOTS('',3,(#7213,#7214,#7215,#7216,#7217,#7218,
#7219),.UNSPECIFIED.,.F.,.F.,(4,1,1,1,4),(0.439092368751961,0.471023382559946,
0.633009664514603,0.794783947853826,0.797007517151994),.UNSPECIFIED.);
#237=B_SPLINE_CURVE_WITH_KNOTS('',3,(#7222,#7223,#7224,#7225,#7226),
 .UNSPECIFIED.,.F.,.F.,(4,1,4),(0.538502002781292,0.575925890879793,0.656816417734059),
 .UNSPECIFIED.);
#238=B_SPLINE_CURVE_WITH_KNOTS('',3,(#7228,#7229,#7230,#7231,#7232,#7233),
 .UNSPECIFIED.,.F.,.F.,(4,1,1,4),(0.390342411986429,0.448687222457356,0.614754950867998,
0.768424044646341),.UNSPECIFIED.);
#239=B_SPLINE_CURVE_WITH_KNOTS('',3,(#7235,#7236,#7237,#7238,#7239,#7240,
#7241,#7242),.UNSPECIFIED.,.F.,.F.,(4,1,1,1,1,4),(0.307223055720021,0.333759301184723,
0.377237006061034,0.427639987070136,0.473767454526404,0.518998738994453),
 .UNSPECIFIED.);
#240=B_SPLINE_CURVE_WITH_KNOTS('',3,(#7244,#7245,#7246,#7247,#7248),
 .UNSPECIFIED.,.F.,.F.,(4,1,4),(0.,0.51949133038891,1.),.UNSPECIFIED.);
#241=B_SPLINE_CURVE_WITH_KNOTS('',3,(#7251,#7252,#7253,#7254,#7255,#7256,
#7257),.UNSPECIFIED.,.F.,.F.,(4,1,1,1,4),(0.,0.0690700409060196,0.141603520171563,
0.287390411879336,0.303320276074354),.UNSPECIFIED.);
#242=B_SPLINE_CURVE_WITH_KNOTS('',3,(#7259,#7260,#7261,#7262,#7263,#7264),
 .UNSPECIFIED.,.F.,.F.,(4,1,1,4),(0.202409745932226,0.232395637799999,0.308825519954526,
0.348905542706787),.UNSPECIFIED.);
#243=B_SPLINE_CURVE_WITH_KNOTS('',3,(#7266,#7267,#7268,#7269,#7270,#7271,
#7272,#7273),.UNSPECIFIED.,.F.,.F.,(4,1,1,1,1,4),(0.,0.0647287514591939,
0.141715368913949,0.252180977568827,0.338479718565683,0.345524338868547),
 .UNSPECIFIED.);
#244=B_SPLINE_CURVE_WITH_KNOTS('',3,(#7275,#7276,#7277,#7278,#7279,#7280,
#7281),.UNSPECIFIED.,.F.,.F.,(4,1,1,1,4),(0.,0.0452365355936281,0.0950048939597755,
0.148991899948086,0.195395750649926),.UNSPECIFIED.);
#245=B_SPLINE_CURVE_WITH_KNOTS('',3,(#7283,#7284,#7285,#7286,#7287,#7288,
#7289),.UNSPECIFIED.,.F.,.F.,(4,1,1,1,4),(0.734612289629751,0.787390880178073,
0.89014917607554,0.961325844274194,1.),.UNSPECIFIED.);
#246=B_SPLINE_CURVE_WITH_KNOTS('',3,(#7292,#7293,#7294,#7295,#7296,#7297),
 .UNSPECIFIED.,.F.,.F.,(4,1,1,4),(0.384953845831596,0.442054264640673,0.516732738187259,
0.549938944443472),.UNSPECIFIED.);
#247=B_SPLINE_CURVE_WITH_KNOTS('',3,(#7299,#7300,#7301,#7302,#7303,#7304,
#7305,#7306),.UNSPECIFIED.,.F.,.F.,(4,1,1,1,1,4),(0.,0.0650945882224804,
0.131676202114541,0.215494422520354,0.286190710447245,0.296386748572406),
 .UNSPECIFIED.);
#248=B_SPLINE_CURVE_WITH_KNOTS('',3,(#7308,#7309,#7310,#7311,#7312,#7313,
#7314),.UNSPECIFIED.,.F.,.F.,(4,1,1,1,4),(0.252700847368711,0.29950346206119,
0.379427871727473,0.455250036619861,0.476996108211364),.UNSPECIFIED.);
#249=B_SPLINE_CURVE_WITH_KNOTS('',3,(#7316,#7317,#7318,#7319,#7320,#7321,
#7322,#7323),.UNSPECIFIED.,.F.,.F.,(4,1,1,1,1,4),(0.703151710757556,0.718001958203622,
0.827100940154307,0.920174198822233,0.977208422703914,1.),.UNSPECIFIED.);
#250=B_SPLINE_CURVE_WITH_KNOTS('',3,(#7326,#7327,#7328,#7329,#7330,#7331),
 .UNSPECIFIED.,.F.,.F.,(4,1,1,4),(0.588089102766921,0.655507387473683,0.717488421702451,
0.733683131633976),.UNSPECIFIED.);
#251=B_SPLINE_CURVE_WITH_KNOTS('',3,(#7333,#7334,#7335,#7336,#7337,#7338,
#7339,#7340),.UNSPECIFIED.,.F.,.F.,(4,1,1,1,1,4),(0.,0.0512197098343061,
0.1402103290756,0.232803819521256,0.309938423158224,0.324517434852218),
 .UNSPECIFIED.);
#252=B_SPLINE_CURVE_WITH_KNOTS('',3,(#7342,#7343,#7344,#7345,#7346,#7347),
 .UNSPECIFIED.,.F.,.F.,(4,1,1,4),(0.51390708300644,0.565480627927736,0.637934147636228,
0.699950165584848),.UNSPECIFIED.);
#253=B_SPLINE_CURVE_WITH_KNOTS('',3,(#7349,#7350,#7351,#7352,#7353),
 .UNSPECIFIED.,.F.,.F.,(4,1,4),(0.810294196077504,0.868698401025724,0.998870149201874),
 .UNSPECIFIED.);
#254=B_SPLINE_CURVE_WITH_KNOTS('',3,(#7356,#7357,#7358,#7359,#7360,#7361),
 .UNSPECIFIED.,.F.,.F.,(4,1,1,4),(0.634011089258264,0.723012875151841,0.836840031025934,
1.),.UNSPECIFIED.);
#255=B_SPLINE_CURVE_WITH_KNOTS('',3,(#7363,#7364,#7365,#7366,#7367,#7368),
 .UNSPECIFIED.,.F.,.F.,(4,1,1,4),(0.,0.246543681267683,0.612242877456606,
1.),.UNSPECIFIED.);
#256=B_SPLINE_CURVE_WITH_KNOTS('',3,(#7370,#7371,#7372,#7373,#7374),
 .UNSPECIFIED.,.F.,.F.,(4,1,4),(0.,0.0499617271734245,0.0647793038661131),
 .UNSPECIFIED.);
#257=B_SPLINE_CURVE_WITH_KNOTS('',3,(#7376,#7377,#7378,#7379,#7380,#7381,
#7382),.UNSPECIFIED.,.F.,.F.,(4,1,1,1,4),(0.,0.058679682429448,0.138114791512154,
0.252237148508999,0.262647929872123),.UNSPECIFIED.);
#258=B_SPLINE_CURVE_WITH_KNOTS('',3,(#7384,#7385,#7386,#7387,#7388,#7389,
#7390,#7391),.UNSPECIFIED.,.F.,.F.,(4,1,1,1,1,4),(0.215835952429471,0.251197330990726,
0.289236417092856,0.344167351712695,0.391713181259406,0.401780255943157),
 .UNSPECIFIED.);
#259=B_SPLINE_CURVE_WITH_KNOTS('',3,(#7421,#7422,#7423,#7424,#7425),
 .UNSPECIFIED.,.F.,.F.,(4,1,4),(0.,0.00112217890674523,0.00224435781349045),
 .UNSPECIFIED.);
#260=B_SPLINE_CURVE_WITH_KNOTS('',3,(#7428,#7429,#7430,#7431,#7432),
 .UNSPECIFIED.,.F.,.F.,(4,1,4),(0.,0.00112217890674523,0.00224435781349046),
 .UNSPECIFIED.);
#261=B_SPLINE_CURVE_WITH_KNOTS('',3,(#7690,#7691,#7692,#7693,#7694,#7695),
 .UNSPECIFIED.,.F.,.F.,(4,1,1,4),(0.620197631869063,0.650657319179867,0.719620042453945,
0.750807150107803),.UNSPECIFIED.);
#262=B_SPLINE_CURVE_WITH_KNOTS('',3,(#7727,#7728,#7729,#7730,#7731,#7732,
#7733,#7734,#7735),.UNSPECIFIED.,.F.,.F.,(4,1,1,1,1,1,4),(0.782387740392522,
0.785310945675727,0.827786152365892,0.879712073771242,0.921624694095247,
0.945004318010202,1.),.UNSPECIFIED.);
#263=B_SPLINE_CURVE_WITH_KNOTS('',3,(#7779,#7780,#7781,#7782,#7783,#7784,
#7785,#7786,#7787,#7788,#7789,#7790,#7791),.UNSPECIFIED.,.F.,.F.,(4,1,1,
1,1,1,1,1,1,1,4),(0.,0.0496237898224337,0.114261357068281,0.186734985063783,
0.289090203309708,0.423208897012105,0.506274203670107,0.584883172247564,
0.690350503454409,0.815726750535417,0.911424903016945),.UNSPECIFIED.);
#264=B_SPLINE_CURVE_WITH_KNOTS('',3,(#7802,#7803,#7804,#7805),
 .UNSPECIFIED.,.F.,.F.,(4,4),(0.911424903016945,1.),
 .PIECEWISE_BEZIER_KNOTS.);
#265=B_SPLINE_CURVE_WITH_KNOTS('',3,(#7830,#7831,#7832,#7833,#7834,#7835,
#7836,#7837),.UNSPECIFIED.,.F.,.F.,(4,1,1,1,1,4),(0.,0.0348482283041062,
0.0731102857822868,0.119079748034648,0.161913126690053,0.182952931183601),
 .UNSPECIFIED.);
#266=B_SPLINE_CURVE_WITH_KNOTS('',3,(#7846,#7847,#7848,#7849,#7850),
 .UNSPECIFIED.,.F.,.F.,(4,1,4),(0.182952931183601,0.190706164600032,0.215835952429471),
 .UNSPECIFIED.);
#267=B_SPLINE_CURVE_WITH_KNOTS('',3,(#7854,#7855,#7856,#7857,#7858),
 .UNSPECIFIED.,.F.,.F.,(4,1,4),(0.182952931183601,0.190706164600032,0.215835952429471),
 .UNSPECIFIED.);
#268=B_SPLINE_CURVE_WITH_KNOTS('',3,(#7885,#7886,#7887,#7888,#7889,#7890,
#7891,#7892),.UNSPECIFIED.,.F.,.F.,(4,1,1,1,1,4),(0.215835952429471,0.251197330990726,
0.289236417092856,0.344167351712695,0.391713181259406,0.401780255943157),
 .UNSPECIFIED.);
#269=B_SPLINE_CURVE_WITH_KNOTS('',3,(#7910,#7911,#7912,#7913,#7914),
 .UNSPECIFIED.,.F.,.F.,(4,1,4),(0.,0.465090383449752,1.),.UNSPECIFIED.);
#270=B_SPLINE_CURVE_WITH_KNOTS('',3,(#7919,#7920,#7921,#7922,#7923),
 .UNSPECIFIED.,.F.,.F.,(4,1,4),(0.,0.465090383449752,1.),.UNSPECIFIED.);
#271=B_SPLINE_CURVE_WITH_KNOTS('',3,(#8022,#8023,#8024,#8025,#8026,#8027,
#8028,#8029,#8030,#8031,#8032,#8033,#8034,#8035,#8036,#8037,#8038,#8039,
#8040,#8041,#8042,#8043,#8044,#8045,#8046,#8047,#8048,#8049,#8050,#8051,
#8052),.UNSPECIFIED.,.F.,.F.,(4,1,1,1,1,1,1,1,1,1,1,1,1,1,1,1,1,1,1,1,1,
1,1,1,1,1,1,1,4),(0.,0.0213968705165309,0.0501363572623007,0.0884112009388188,
0.129824297510789,0.172332471641472,0.222542430616492,0.268980514408669,
0.318553071522285,0.347947654549939,0.379128802275217,0.408445802690201,
0.434910937565719,0.454590904083081,0.475936220258083,0.514569291940678,
0.549388080290306,0.588889771954226,0.621502027192551,0.663666331879527,
0.722324475549333,0.779109612212278,0.817167450986305,0.861992683766267,
0.901245109303058,0.922356538654642,0.94473366621504,0.972314892520704,
1.),.UNSPECIFIED.);
#272=B_SPLINE_CURVE_WITH_KNOTS('',3,(#8053,#8054,#8055,#8056,#8057,#8058,
#8059,#8060,#8061,#8062,#8063,#8064,#8065,#8066,#8067,#8068,#8069,#8070,
#8071,#8072,#8073,#8074,#8075,#8076,#8077,#8078,#8079,#8080,#8081,#8082,
#8083),.UNSPECIFIED.,.F.,.F.,(4,1,1,1,1,1,1,1,1,1,1,1,1,1,1,1,1,1,1,1,1,
1,1,1,1,1,1,1,4),(0.,0.0213968705165309,0.0501363572623007,0.0884112009388188,
0.129824297510789,0.172332471641472,0.222542430616492,0.268980514408669,
0.318553071522285,0.347947654549939,0.379128802275217,0.408445802690201,
0.434910937565719,0.454590904083081,0.475936220258083,0.514569291940678,
0.549388080290306,0.588889771954226,0.621502027192551,0.663666331879527,
0.722324475549333,0.779109612212278,0.817167450986305,0.861992683766267,
0.901245109303058,0.922356538654642,0.94473366621504,0.972314892520704,
1.),.UNSPECIFIED.);
#273=B_SPLINE_CURVE_WITH_KNOTS('',3,(#8097,#8098,#8099,#8100,#8101,#8102,
#8103),.UNSPECIFIED.,.F.,.F.,(4,1,1,1,4),(0.432912644191774,0.447577510636002,
0.515007599005836,0.574461457318487,0.597807031660723),.UNSPECIFIED.);
#274=B_SPLINE_CURVE_WITH_KNOTS('',3,(#8156,#8157,#8158,#8159,#8160,#8161),
 .UNSPECIFIED.,.F.,.F.,(4,1,1,4),(0.720222062122377,0.751860763889887,0.837537040562377,
0.842658968680579),.UNSPECIFIED.);
#275=B_SPLINE_CURVE_WITH_KNOTS('',3,(#8185,#8186,#8187,#8188,#8189,#8190),
 .UNSPECIFIED.,.F.,.F.,(4,1,1,4),(0.546473282540404,0.604268880469983,0.683573929809904,
0.691868911908167),.UNSPECIFIED.);
#276=B_SPLINE_CURVE_WITH_KNOTS('',3,(#8222,#8223,#8224,#8225,#8226,#8227,
#8228,#8229),.UNSPECIFIED.,.F.,.F.,(4,1,1,1,1,4),(0.307223055720021,0.333759301184723,
0.377237006061034,0.427639987070136,0.473767454526404,0.518998738994453),
 .UNSPECIFIED.);
#277=B_SPLINE_CURVE_WITH_KNOTS('',3,(#8267,#8268,#8269,#8270,#8271,#8272,
#8273,#8274,#8275,#8276,#8277),.UNSPECIFIED.,.F.,.F.,(4,1,1,1,1,1,1,1,4),
(0.00243275150250663,0.013552584564076,0.0417743866875055,0.0900278151447518,
0.122300130048506,0.156897005136655,0.203362541642237,0.250934547123675,
0.261605439970747),.UNSPECIFIED.);
#278=B_SPLINE_CURVE_WITH_KNOTS('',3,(#8297,#8298,#8299,#8300,#8301,#8302),
 .UNSPECIFIED.,.F.,.F.,(4,1,1,4),(0.776182116737009,0.874569339695663,0.957840352398199,
0.9963024755551),.UNSPECIFIED.);
#279=B_SPLINE_CURVE_WITH_KNOTS('',3,(#8327,#8328,#8329,#8330,#8331,#8332),
 .UNSPECIFIED.,.F.,.F.,(4,1,1,4),(0.493501359422944,0.519879561060457,0.6335285773229,
0.731523412614285),.UNSPECIFIED.);
#280=B_SPLINE_CURVE_WITH_KNOTS('',3,(#8358,#8359,#8360,#8361,#8362,#8363,
#8364),.UNSPECIFIED.,.F.,.F.,(4,1,1,1,4),(0.145173969055288,0.187096082701078,
0.28636888297114,0.39244754813896,0.454286720010049),.UNSPECIFIED.);
#281=B_SPLINE_CURVE_WITH_KNOTS('',3,(#8374,#8375,#8376,#8377,#8378),
 .UNSPECIFIED.,.F.,.F.,(4,1,4),(0.0647793038661131,0.112949786758767,0.145173969055288),
 .UNSPECIFIED.);
#282=B_SPLINE_CURVE_WITH_KNOTS('',3,(#8382,#8383,#8384,#8385,#8386),
 .UNSPECIFIED.,.F.,.F.,(4,1,4),(0.0647793038661131,0.112949786758767,0.145173969055288),
 .UNSPECIFIED.);
#283=B_SPLINE_CURVE_WITH_KNOTS('',3,(#8397,#8398,#8399,#8400,#8401),
 .UNSPECIFIED.,.F.,.F.,(4,1,4),(0.,0.0499617271734245,0.0647793038661131),
 .UNSPECIFIED.);
#284=B_SPLINE_CURVE_WITH_KNOTS('',3,(#8419,#8420,#8421,#8422,#8423,#8424),
 .UNSPECIFIED.,.F.,.F.,(4,1,1,4),(0.,0.246543681267683,0.612242877456606,
1.),.UNSPECIFIED.);
#285=B_SPLINE_CURVE_WITH_KNOTS('',3,(#8440,#8441,#8442,#8443,#8444,#8445),
 .UNSPECIFIED.,.F.,.F.,(4,1,1,4),(0.634011089258264,0.723012875151841,0.836840031025934,
1.),.UNSPECIFIED.);
#286=B_SPLINE_CURVE_WITH_KNOTS('',3,(#8447,#8448,#8449,#8450,#8451,#8452,
#8453,#8454),.UNSPECIFIED.,.F.,.F.,(4,1,1,1,1,4),(0.,0.0915248106858478,
0.293837760780255,0.527843018518348,0.786082445012957,1.),.UNSPECIFIED.);
#287=B_SPLINE_CURVE_WITH_KNOTS('',3,(#8458,#8459,#8460,#8461,#8462,#8463,
#8464),.UNSPECIFIED.,.F.,.F.,(4,1,1,1,4),(0.,0.28486088597984,0.641624563413193,
0.828834336343511,0.999454643433002),.UNSPECIFIED.);
#288=B_SPLINE_CURVE_WITH_KNOTS('',3,(#8501,#8502,#8503,#8504,#8505,#8506,
#8507,#8508),.UNSPECIFIED.,.F.,.F.,(4,1,1,1,1,4),(0.778561491469759,0.785939675381696,
0.86440506105404,0.906293866239606,0.95466582807757,1.),.UNSPECIFIED.);
#289=B_SPLINE_CURVE_WITH_KNOTS('',3,(#8531,#8532,#8533,#8534,#8535,#8536),
 .UNSPECIFIED.,.F.,.F.,(4,1,1,4),(0.588089102766921,0.655507387473683,0.717488421702451,
0.733683131633976),.UNSPECIFIED.);
#290=B_SPLINE_CURVE_WITH_KNOTS('',3,(#8562,#8563,#8564,#8565,#8566,#8567),
 .UNSPECIFIED.,.F.,.F.,(4,1,1,4),(0.384953845831596,0.442054264640673,0.516732738187259,
0.549938944443472),.UNSPECIFIED.);
#291=B_SPLINE_CURVE_WITH_KNOTS('',3,(#8577,#8578,#8579,#8580,#8581),
 .UNSPECIFIED.,.F.,.F.,(4,1,4),(0.348905542706787,0.376245899730454,0.384953845831596),
 .UNSPECIFIED.);
#292=B_SPLINE_CURVE_WITH_KNOTS('',3,(#8585,#8586,#8587,#8588,#8589),
 .UNSPECIFIED.,.F.,.F.,(4,1,4),(0.348905542706787,0.376245899730454,0.384953845831596),
 .UNSPECIFIED.);
#293=B_SPLINE_CURVE_WITH_KNOTS('',3,(#8608,#8609,#8610,#8611,#8612,#8613),
 .UNSPECIFIED.,.F.,.F.,(4,1,1,4),(0.202409745932226,0.232395637799999,0.308825519954526,
0.348905542706787),.UNSPECIFIED.);
#294=B_SPLINE_CURVE_WITH_KNOTS('',3,(#8623,#8624,#8625,#8626,#8627),
 .UNSPECIFIED.,.F.,.F.,(4,1,4),(0.145270625745788,0.181821896989766,0.202409745932226),
 .UNSPECIFIED.);
#295=B_SPLINE_CURVE_WITH_KNOTS('',3,(#8631,#8632,#8633,#8634,#8635),
 .UNSPECIFIED.,.F.,.F.,(4,1,4),(0.145270625745788,0.181821896989766,0.202409745932226),
 .UNSPECIFIED.);
#296=B_SPLINE_CURVE_WITH_KNOTS('',3,(#8660,#8661,#8662,#8663,#8664,#8665,
#8666,#8667),.UNSPECIFIED.,.F.,.F.,(4,1,1,1,1,4),(0.,0.0293310351825295,
0.0635281002599383,0.0898188433040796,0.134633984945803,0.145270625745788),
 .UNSPECIFIED.);
#297=B_SPLINE_CURVE_WITH_KNOTS('',3,(#8707,#8708,#8709,#8710,#8711,#8712,
#8713,#8714,#8715,#8716),.UNSPECIFIED.,.F.,.F.,(4,1,1,1,1,1,1,4),(0.68346863872179,
0.733295210445503,0.780381562708512,0.829731052871541,0.865892179717097,
0.910164816190891,0.941587775950956,1.),.UNSPECIFIED.);
#298=B_SPLINE_CURVE_WITH_KNOTS('',3,(#8737,#8738,#8739,#8740,#8741),
 .UNSPECIFIED.,.F.,.F.,(4,1,4),(0.538502002781292,0.575925890879793,0.656816417734059),
 .UNSPECIFIED.);
#299=B_SPLINE_CURVE_WITH_KNOTS('',3,(#8761,#8762,#8763,#8764,#8765,#8766),
 .UNSPECIFIED.,.F.,.F.,(4,1,1,4),(0.391421284341653,0.405157105138195,0.495630367495686,
0.51340294848309),.UNSPECIFIED.);
#300=B_SPLINE_CURVE_WITH_KNOTS('',3,(#8788,#8789,#8790,#8791,#8792,#8793),
 .UNSPECIFIED.,.F.,.F.,(4,1,1,4),(0.23291511299113,0.254223031572498,0.327084354751342,
0.365818549059863),.UNSPECIFIED.);
#301=B_SPLINE_CURVE_WITH_KNOTS('',3,(#8817,#8818,#8819,#8820,#8821,#8822,
#8823,#8824,#8825),.UNSPECIFIED.,.F.,.F.,(4,1,1,1,1,1,4),(0.,0.0235766987189956,
0.0592464888006503,0.104089321434268,0.143890996796708,0.191039405204996,
0.193082437941599),.UNSPECIFIED.);
#302=B_SPLINE_CURVE_WITH_KNOTS('',3,(#8942,#8943,#8944,#8945,#8946,#8947,
#8948,#8949,#8950,#8951,#8952,#8953,#8954,#8955,#8956,#8957,#8958,#8959,
#8960,#8961),.UNSPECIFIED.,.F.,.F.,(4,1,1,1,1,1,1,1,1,1,1,1,1,1,1,1,1,4),
(0.,0.0640865410917574,0.104534690068721,0.167101291108268,0.236495201660582,
0.289800297711601,0.350303391237711,0.412856948064644,0.475493379897318,
0.534117680081508,0.604637702447519,0.6697395300218,0.748410687919445,0.813312166214309,
0.864232166372301,0.914370185021626,0.962018491425915,1.),.UNSPECIFIED.);
#303=B_SPLINE_CURVE_WITH_KNOTS('',3,(#8980,#8981,#8982,#8983,#8984,#8985),
 .UNSPECIFIED.,.F.,.F.,(4,1,1,4),(0.,0.31656482104852,0.604877778638668,
0.704175764466084),.UNSPECIFIED.);
#304=B_SPLINE_CURVE_WITH_KNOTS('',3,(#9004,#9005,#9006,#9007,#9008),
 .UNSPECIFIED.,.F.,.F.,(4,1,4),(0.,0.51949133038891,1.),.UNSPECIFIED.);
#305=B_SPLINE_CURVE_WITH_KNOTS('',3,(#9024,#9025,#9026,#9027,#9028,#9029,
#9030),.UNSPECIFIED.,.F.,.F.,(4,1,1,1,4),(0.,0.0452365355936281,0.0950048939597755,
0.148991899948086,0.195395750649926),.UNSPECIFIED.);
#306=B_SPLINE_CURVE_WITH_KNOTS('',3,(#9055,#9056,#9057,#9058,#9059,#9060,
#9061),.UNSPECIFIED.,.F.,.F.,(4,1,1,1,4),(0.252700847368711,0.29950346206119,
0.379427871727473,0.455250036619861,0.476996108211364),.UNSPECIFIED.);
#307=B_SPLINE_CURVE_WITH_KNOTS('',3,(#9087,#9088,#9089,#9090,#9091,#9092),
 .UNSPECIFIED.,.F.,.F.,(4,1,1,4),(0.51390708300644,0.565480627927736,0.637934147636228,
0.699950165584848),.UNSPECIFIED.);
#308=B_SPLINE_CURVE_WITH_KNOTS('',3,(#9122,#9123,#9124,#9125,#9126,#9127,
#9128,#9129),.UNSPECIFIED.,.F.,.F.,(4,1,1,1,1,4),(0.755961601886672,0.849236243602192,
0.900458851939189,0.930743184618498,0.965914502695391,1.),.UNSPECIFIED.);
#309=B_SPLINE_CURVE_WITH_KNOTS('',3,(#9178,#9179,#9180,#9181,#9182,#9183,
#9184),.UNSPECIFIED.,.F.,.F.,(4,1,1,1,4),(0.54902773936812,0.572884452456513,
0.672904448587173,0.767448868482885,0.815054732800031),.UNSPECIFIED.);
#310=B_SPLINE_CURVE_WITH_KNOTS('',3,(#9194,#9195,#9196,#9197,#9198),
 .UNSPECIFIED.,.F.,.F.,(4,1,4),(0.441934950457939,0.52319255680236,0.529855392064163),
 .UNSPECIFIED.);
#311=B_SPLINE_CURVE_WITH_KNOTS('',3,(#9199,#9200,#9201,#9202,#9203,#9204,
#9205,#9206,#9207),.UNSPECIFIED.,.F.,.F.,(4,1,1,1,1,1,4),(0.,0.298486034470022,
0.454769436041687,0.606197961461813,0.708839468605962,0.847850560372793,
1.),.UNSPECIFIED.);
#312=B_SPLINE_CURVE_WITH_KNOTS('',3,(#9212,#9213,#9214,#9215,#9216),
 .UNSPECIFIED.,.F.,.F.,(4,1,4),(0.09148968154193,0.157006874035201,0.196203638321659),
 .UNSPECIFIED.);
#313=B_SPLINE_CURVE_WITH_KNOTS('',3,(#9218,#9219,#9220,#9221,#9222,#9223,
#9224,#9225,#9226,#9227),.UNSPECIFIED.,.F.,.F.,(4,1,1,1,1,1,1,4),(0.,0.0766215906106612,
0.169495222668556,0.292053584490541,0.416773792240334,0.627402853749796,
0.801404684240062,1.),.UNSPECIFIED.);
#314=B_SPLINE_CURVE_WITH_KNOTS('',3,(#9250,#9251,#9252,#9253,#9254,#9255,
#9256,#9257,#9258,#9259),.UNSPECIFIED.,.F.,.F.,(4,1,1,1,1,1,1,4),(0.,0.130190615964118,
0.259088172665441,0.38876379565912,0.51607394366254,0.722094871831237,0.810614205755593,
1.),.UNSPECIFIED.);
#315=B_SPLINE_CURVE_WITH_KNOTS('',3,(#9264,#9265,#9266,#9267,#9268,#9269,
#9270,#9271,#9272),.UNSPECIFIED.,.F.,.F.,(4,1,1,1,1,1,4),(0.,0.0657920445829841,
0.144421807475756,0.275019608684186,0.373777274778708,0.523052770975849,
0.631316722027695),.UNSPECIFIED.);
#316=B_SPLINE_CURVE_WITH_KNOTS('',3,(#9274,#9275,#9276,#9277),
 .UNSPECIFIED.,.F.,.F.,(4,4),(0.963709750003257,1.),
 .PIECEWISE_BEZIER_KNOTS.);
#317=B_SPLINE_CURVE_WITH_KNOTS('',3,(#9332,#9333,#9334,#9335,#9336,#9337,
#9338,#9339,#9340,#9341),.UNSPECIFIED.,.F.,.F.,(4,1,1,1,1,1,1,4),(0.,0.130190615964118,
0.259088172665441,0.38876379565912,0.51607394366254,0.722094871831237,0.810614205755593,
1.),.UNSPECIFIED.);
#318=B_SPLINE_CURVE_WITH_KNOTS('',3,(#9354,#9355,#9356,#9357),
 .UNSPECIFIED.,.F.,.F.,(4,4),(0.963709750003257,1.),
 .PIECEWISE_BEZIER_KNOTS.);
#319=B_SPLINE_CURVE_WITH_KNOTS('',3,(#9390,#9391,#9392,#9393,#9394,#9395,
#9396,#9397,#9398),.UNSPECIFIED.,.F.,.F.,(4,1,1,1,1,1,4),(0.,0.0657920445829841,
0.144421807475756,0.275019608684186,0.373777274778708,0.523052770975849,
0.631316722027695),.UNSPECIFIED.);
#320=B_SPLINE_CURVE_WITH_KNOTS('',3,(#9477,#9478,#9479,#9480,#9481,#9482,
#9483,#9484,#9485),.UNSPECIFIED.,.F.,.F.,(4,1,1,1,1,1,4),(0.,0.298486034470022,
0.454769436041687,0.606197961461813,0.708839468605962,0.847850560372793,
1.),.UNSPECIFIED.);
#321=B_SPLINE_CURVE_WITH_KNOTS('',3,(#9528,#9529,#9530,#9531,#9532,#9533,
#9534,#9535,#9536,#9537),.UNSPECIFIED.,.F.,.F.,(4,1,1,1,1,1,1,4),(0.,0.0766215906106612,
0.169495222668556,0.292053584490541,0.416773792240334,0.627402853749796,
0.801404684240062,1.),.UNSPECIFIED.);
#322=B_SPLINE_CURVE_WITH_KNOTS('',3,(#9548,#9549,#9550,#9551,#9552),
 .UNSPECIFIED.,.F.,.F.,(4,1,4),(0.09148968154193,0.157006874035201,0.196203638321659),
 .UNSPECIFIED.);
#323=B_SPLINE_CURVE_WITH_KNOTS('',3,(#9572,#9573,#9574,#9575,#9576),
 .UNSPECIFIED.,.F.,.F.,(4,1,4),(0.441934950457939,0.52319255680236,0.529855392064163),
 .UNSPECIFIED.);
#324=B_SPLINE_CURVE_WITH_KNOTS('',3,(#9605,#9606,#9607,#9608,#9609,#9610,
#9611),.UNSPECIFIED.,.F.,.F.,(4,1,1,1,4),(0.54902773936812,0.572884452456513,
0.672904448587173,0.767448868482885,0.815054732800031),.UNSPECIFIED.);
#325=B_SPLINE_CURVE_WITH_KNOTS('',3,(#9637,#9638,#9639,#9640,#9641,#9642,
#9643,#9644),.UNSPECIFIED.,.F.,.F.,(4,1,1,1,1,4),(0.,0.0512197098343061,
0.1402103290756,0.232803819521256,0.309938423158224,0.324517434852218),
 .UNSPECIFIED.);
#326=B_SPLINE_CURVE_WITH_KNOTS('',3,(#9667,#9668,#9669,#9670,#9671,#9672,
#9673),.UNSPECIFIED.,.F.,.F.,(4,1,1,1,4),(0.,0.276902198047921,0.567173527207592,
0.823107648650046,1.),.UNSPECIFIED.);
#327=B_SPLINE_CURVE_WITH_KNOTS('',3,(#9695,#9696,#9697,#9698,#9699,#9700,
#9701,#9702),.UNSPECIFIED.,.F.,.F.,(4,1,1,1,1,4),(0.,0.0650945882224804,
0.131676202114541,0.215494422520354,0.286190710447245,0.296386748572406),
 .UNSPECIFIED.);
#328=B_SPLINE_CURVE_WITH_KNOTS('',3,(#9721,#9722,#9723,#9724,#9725,#9726,
#9727,#9728),.UNSPECIFIED.,.F.,.F.,(4,1,1,1,1,4),(0.703151710757556,0.718001958203622,
0.827100940154307,0.920174198822233,0.977208422703914,1.),.UNSPECIFIED.);
#329=B_SPLINE_CURVE_WITH_KNOTS('',3,(#9750,#9751,#9752,#9753,#9754,#9755,
#9756,#9757),.UNSPECIFIED.,.F.,.F.,(4,1,1,1,1,4),(0.,0.0647287514591939,
0.141715368913949,0.252180977568827,0.338479718565683,0.345524338868547),
 .UNSPECIFIED.);
#330=B_SPLINE_CURVE_WITH_KNOTS('',3,(#9776,#9777,#9778,#9779,#9780,#9781,
#9782),.UNSPECIFIED.,.F.,.F.,(4,1,1,1,4),(0.734612289629751,0.787390880178073,
0.89014917607554,0.961325844274194,1.),.UNSPECIFIED.);
#331=B_SPLINE_CURVE_WITH_KNOTS('',3,(#9798,#9799,#9800,#9801,#9802,#9803,
#9804),.UNSPECIFIED.,.F.,.F.,(4,1,1,1,4),(0.760994882175006,0.776778649245241,
0.875587500578878,0.954094210777582,1.),.UNSPECIFIED.);
#332=B_SPLINE_CURVE_WITH_KNOTS('',3,(#9821,#9822,#9823,#9824,#9825,#9826,
#9827),.UNSPECIFIED.,.F.,.F.,(4,1,1,1,4),(0.,0.0690700409060196,0.141603520171563,
0.287390411879336,0.303320276074354),.UNSPECIFIED.);
#333=B_SPLINE_CURVE_WITH_KNOTS('',3,(#9845,#9846,#9847,#9848,#9849,#9850),
 .UNSPECIFIED.,.F.,.F.,(4,1,1,4),(0.536764555623555,0.567478108895594,0.838842930365332,
0.876776118118359),.UNSPECIFIED.);
#334=B_SPLINE_CURVE_WITH_KNOTS('',3,(#9868,#9869,#9870,#9871,#9872,#9873,
#9874),.UNSPECIFIED.,.F.,.F.,(4,1,1,1,4),(0.409810520194716,0.433200924104112,
0.61093380390458,0.731225994419751,0.731536381428166),.UNSPECIFIED.);
#335=B_SPLINE_CURVE_WITH_KNOTS('',3,(#9896,#9897,#9898,#9899,#9900,#9901,
#9902),.UNSPECIFIED.,.F.,.F.,(4,1,1,1,4),(0.372339554062453,0.39443802334071,
0.514256621456887,0.650763651835745,0.711516302306228),.UNSPECIFIED.);
#336=B_SPLINE_CURVE_WITH_KNOTS('',3,(#9915,#9916,#9917,#9918,#9919,#9920),
 .UNSPECIFIED.,.F.,.F.,(4,1,1,4),(0.3531454439011,0.374499647887189,0.542375890839891,
0.642405337089466),.UNSPECIFIED.);
#337=B_SPLINE_CURVE_WITH_KNOTS('',3,(#9934,#9935,#9936,#9937,#9938,#9939,
#9940),.UNSPECIFIED.,.F.,.F.,(4,1,1,1,4),(0.337922708544581,0.37933202478543,
0.524242353800824,0.647269198060553,0.668276280558917),.UNSPECIFIED.);
#338=B_SPLINE_CURVE_WITH_KNOTS('',3,(#9951,#9952,#9953,#9954,#9955,#9956,
#9957),.UNSPECIFIED.,.F.,.F.,(4,1,1,1,4),(0.439092368751961,0.471023382559946,
0.633009664514603,0.794783947853826,0.797007517151994),.UNSPECIFIED.);
#339=B_SPLINE_CURVE_WITH_KNOTS('',3,(#9969,#9970,#9971,#9972,#9973,#9974,
#9975),.UNSPECIFIED.,.F.,.F.,(4,1,1,1,4),(0.387389557220472,0.399679236984095,
0.534662306194211,0.664027733092569,0.686490753299716),.UNSPECIFIED.);
#340=B_SPLINE_CURVE_WITH_KNOTS('',3,(#9988,#9989,#9990,#9991,#9992,#9993),
 .UNSPECIFIED.,.F.,.F.,(4,1,1,4),(0.390342411986429,0.448687222457356,0.614754950867998,
0.768424044646341),.UNSPECIFIED.);
#341=B_SPLINE_CURVE_WITH_KNOTS('',3,(#10007,#10008,#10009,#10010,#10011,
#10012,#10013),.UNSPECIFIED.,.F.,.F.,(4,1,1,1,4),(0.,0.058679682429448,
0.138114791512154,0.252237148508999,0.262647929872123),.UNSPECIFIED.);
#342=B_SPLINE_CURVE_WITH_KNOTS('',3,(#10037,#10038,#10039,#10040,#10041,
#10042,#10043),.UNSPECIFIED.,.F.,.F.,(4,1,1,1,4),(0.,0.0642185367147375,
0.1570095774578,0.233040460337755,0.267638426883885),.UNSPECIFIED.);
#343=B_SPLINE_CURVE_WITH_KNOTS('',3,(#10052,#10053,#10054,#10055),
 .UNSPECIFIED.,.F.,.F.,(4,4),(0.866490664014014,1.),
 .PIECEWISE_BEZIER_KNOTS.);
#344=B_SPLINE_CURVE_WITH_KNOTS('',3,(#10065,#10066,#10067,#10068),
 .UNSPECIFIED.,.F.,.F.,(4,4),(0.836148188462405,0.998529184239335),
 .PIECEWISE_BEZIER_KNOTS.);
#345=B_SPLINE_CURVE_WITH_KNOTS('',3,(#10091,#10092,#10093,#10094,#10095,
#10096,#10097,#10098,#10099),.UNSPECIFIED.,.F.,.F.,(4,1,1,1,1,1,4),(0.00168540887958625,
0.045577699032924,0.102712288431179,0.178418572974447,0.243022350195208,
0.288392216676889,0.320265738342423),.UNSPECIFIED.);
#346=B_SPLINE_CURVE_WITH_KNOTS('',3,(#10120,#10121,#10122,#10123,#10124,
#10125,#10126),.UNSPECIFIED.,.F.,.F.,(4,1,1,1,4),(0.00200428188074773,0.0860411990110478,
0.17646397209036,0.277630527020679,0.398378662619401),.UNSPECIFIED.);
#347=B_SPLINE_CURVE_WITH_KNOTS('',3,(#10137,#10138,#10139,#10140,#10141),
 .UNSPECIFIED.,.F.,.F.,(4,1,4),(0.810294196077504,0.868698401025724,0.998870149201874),
 .UNSPECIFIED.);
#348=B_SPLINE_CURVE_WITH_KNOTS('',3,(#10226,#10227,#10228,#10229,#10230,
#10231,#10232,#10233,#10234,#10235,#10236,#10237,#10238,#10239),
 .UNSPECIFIED.,.F.,.F.,(4,1,1,1,1,1,1,1,1,1,1,4),(0.,0.0861618792742387,
0.158329174194993,0.256432565046165,0.41347807968717,0.597298697676443,
0.781964701135028,0.875011865004506,0.912633293665582,0.948403974685355,
0.976544486043996,1.),.UNSPECIFIED.);
#349=B_SPLINE_CURVE_WITH_KNOTS('',3,(#10258,#10259,#10260,#10261,#10262),
 .UNSPECIFIED.,.F.,.F.,(4,1,4),(0.,0.319952976251518,1.),.UNSPECIFIED.);
#350=B_SPLINE_CURVE_WITH_KNOTS('',3,(#10313,#10314,#10315,#10316,#10317,
#10318,#10319,#10320,#10321,#10322,#10323,#10324,#10325,#10326,#10327,#10328,
#10329,#10330,#10331,#10332,#10333,#10334,#10335,#10336),.UNSPECIFIED.,
 .F.,.F.,(4,1,1,1,1,1,1,1,1,1,1,1,1,1,1,1,1,1,1,1,1,4),(0.,0.00569824785832407,
0.0134055451237036,0.0231909502676999,0.0394445155881212,0.0827146845047384,
0.149925690521508,0.231065181297179,0.282549624575812,0.330075462881088,
0.393039789312275,0.477792927421947,0.562168428050544,0.648733119300792,
0.716203613352947,0.774329963255071,0.822347742429149,0.859959258709847,
0.890046867310446,0.910971567335084,0.951119150567934,1.),.UNSPECIFIED.);
#351=B_SPLINE_CURVE_WITH_KNOTS('',3,(#10393,#10394,#10395,#10396,#10397,
#10398,#10399,#10400,#10401,#10402,#10403,#10404,#10405,#10406,#10407,#10408,
#10409,#10410,#10411,#10412,#10413,#10414,#10415),.UNSPECIFIED.,.F.,.F.,
(4,1,1,1,1,1,1,1,1,1,1,1,1,1,1,1,1,1,1,1,4),(0.,0.029149283532886,0.0640446628816591,
0.0990903685482591,0.149388356105874,0.207513573326397,0.271217430043298,
0.31588971916969,0.361375311091117,0.407873623275354,0.451187906321832,
0.499310777562677,0.565421913922424,0.638912237907163,0.708337029016564,
0.778772400943018,0.856782632366193,0.873435681920859,0.890693440645447,
0.918431535046504,1.),.UNSPECIFIED.);
#352=B_SPLINE_CURVE_WITH_KNOTS('',3,(#10434,#10435,#10436,#10437,#10438,
#10439),.UNSPECIFIED.,.F.,.F.,(4,1,1,4),(0.,0.220367336255928,0.601543772609792,
1.),.UNSPECIFIED.);
#353=B_SPLINE_CURVE_WITH_KNOTS('',3,(#10472,#10473,#10474,#10475,#10476,
#10477,#10478,#10479,#10480,#10481),.UNSPECIFIED.,.F.,.F.,(4,1,1,1,1,1,
1,4),(0.,0.0591258891849158,0.155770228063934,0.321817113747803,0.438538096834036,
0.622921925035492,0.798859291917578,1.),.UNSPECIFIED.);
#354=B_SPLINE_CURVE_WITH_KNOTS('',3,(#10483,#10484,#10485,#10486,#10487,
#10488,#10489,#10490,#10491,#10492,#10493,#10494,#10495,#10496,#10497,#10498,
#10499,#10500,#10501,#10502),.UNSPECIFIED.,.F.,.F.,(4,1,1,1,1,1,1,1,1,1,
1,1,1,1,1,1,1,4),(0.,0.043045132139023,0.0929087133657547,0.151699934460331,
0.214065933009342,0.287273402106376,0.369684980396328,0.429701914316342,
0.493260864119867,0.545270792188181,0.599840860973006,0.657314163860827,
0.69350237280519,0.730310639438902,0.774383336142649,0.836187558350978,
0.920884769896484,1.),.UNSPECIFIED.);
#355=B_SPLINE_CURVE_WITH_KNOTS('',3,(#10507,#10508,#10509,#10510,#10511,
#10512,#10513),.UNSPECIFIED.,.F.,.F.,(4,1,1,1,4),(0.,0.189625745842092,
0.480475473757239,0.770336076005841,1.),.UNSPECIFIED.);
#356=B_SPLINE_CURVE_WITH_KNOTS('',3,(#10519,#10520,#10521,#10522,#10523,
#10524,#10525,#10526,#10527,#10528,#10529,#10530,#10531,#10532),
 .UNSPECIFIED.,.F.,.F.,(4,1,1,1,1,1,1,1,1,1,1,4),(0.,0.08623849645613,0.228781198885112,
0.318429721310933,0.398429855580078,0.47016064642521,0.540608256899536,
0.617589901528134,0.706482375945767,0.820387815025198,0.927564722627483,
1.),.UNSPECIFIED.);
#357=B_SPLINE_CURVE_WITH_KNOTS('',3,(#10536,#10537,#10538,#10539,#10540,
#10541,#10542,#10543,#10544,#10545,#10546,#10547,#10548),.UNSPECIFIED.,
 .F.,.F.,(4,1,1,1,1,1,1,1,1,1,4),(0.,0.0716783728234488,0.201462204742673,
0.351985429895752,0.453312238503597,0.531131505749847,0.608074752221663,
0.687191601236581,0.794711152589731,0.901206841852244,1.),.UNSPECIFIED.);
#358=B_SPLINE_CURVE_WITH_KNOTS('',3,(#10551,#10552,#10553,#10554,#10555,
#10556,#10557,#10558,#10559,#10560,#10561,#10562,#10563,#10564,#10565,#10566,
#10567,#10568,#10569,#10570,#10571,#10572,#10573,#10574,#10575,#10576,#10577,
#10578,#10579),.UNSPECIFIED.,.F.,.F.,(4,1,1,1,1,1,1,1,1,1,1,1,1,1,1,1,1,
1,1,1,1,1,1,1,1,1,4),(0.,0.0225283662603692,0.0465572502585444,0.0809144186122593,
0.109722676356904,0.13208761094381,0.154027487059664,0.184141622839462,
0.223459017292316,0.259470627823827,0.298402110931201,0.337265014369084,
0.379043446365316,0.420888327743379,0.466637199205296,0.517653181529584,
0.576357844825246,0.629027407418508,0.689698928471576,0.737638920369895,
0.787558140215233,0.826649530949426,0.87130236881723,0.913048671611351,
0.943768164487868,0.973411290655867,1.),.UNSPECIFIED.);
#359=B_SPLINE_CURVE_WITH_KNOTS('',3,(#10582,#10583,#10584,#10585,#10586,
#10587,#10588,#10589,#10590,#10591,#10592,#10593,#10594,#10595,#10596,#10597,
#10598,#10599,#10600,#10601,#10602,#10603,#10604,#10605,#10606),
 .UNSPECIFIED.,.F.,.F.,(4,1,1,1,1,1,1,1,1,1,1,1,1,1,1,1,1,1,1,1,1,1,4),
(0.,0.0399960230350982,0.08706933045798,0.122542904180695,0.167441425836844,
0.208298069356039,0.247300516584871,0.287275873833545,0.336133888694727,
0.393546624619138,0.434331012213747,0.498791094311678,0.546962847334605,
0.603513594399132,0.665337986257357,0.721772887813688,0.76527818122314,
0.798771323658224,0.841326384132074,0.877785484729249,0.90960092080019,
0.955996324886127,1.),.UNSPECIFIED.);
#360=B_SPLINE_CURVE_WITH_KNOTS('',3,(#10610,#10611,#10612,#10613,#10614,
#10615,#10616,#10617,#10618,#10619,#10620,#10621,#10622,#10623,#10624,#10625,
#10626,#10627,#10628,#10629,#10630,#10631,#10632,#10633,#10634,#10635,#10636,
#10637,#10638,#10639,#10640,#10641,#10642,#10643,#10644,#10645,#10646,#10647,
#10648),.UNSPECIFIED.,.F.,.F.,(4,1,1,1,1,1,1,1,1,1,1,1,1,1,1,1,1,1,1,1,
1,1,1,1,1,1,1,1,1,1,1,1,1,1,1,1,4),(0.,0.0195970564334382,0.0449046609313526,
0.0639922943002924,0.086715995357333,0.114266598057982,0.144666515602988,
0.177530484805565,0.208484942945467,0.242937921259914,0.268885686052316,
0.288675515694811,0.311953555900632,0.338733016259014,0.366345869257196,
0.381033855727594,0.400392666215254,0.424202280168167,0.446530783176478,
0.471878471263281,0.500723472683616,0.533794623237407,0.559731054791423,
0.587297494143167,0.616524191069086,0.65274082052959,0.690404332991652,
0.726141309389662,0.770912581678281,0.800192934309614,0.832390510334336,
0.867652824160548,0.897843124466884,0.932623662734515,0.962439896441023,
0.980437039308808,1.),.UNSPECIFIED.);
#361=B_SPLINE_CURVE_WITH_KNOTS('',3,(#10649,#10650,#10651,#10652,#10653,
#10654,#10655,#10656,#10657,#10658,#10659,#10660,#10661,#10662,#10663,#10664,
#10665,#10666,#10667,#10668,#10669,#10670,#10671,#10672,#10673,#10674,#10675,
#10676,#10677,#10678),.UNSPECIFIED.,.T.,.F.,(1,3,1,1,1,1,1,1,1,1,1,1,1,
1,1,1,1,1,1,1,1,1,1,1,1,1,1,1,3,1),(-0.0373421774873808,0.,0.0216856050785286,
0.0468152565707047,0.0716115385426796,0.101196851558889,0.136813541842731,
0.181549725627462,0.224276876002507,0.281198015640909,0.323888661365126,
0.357076130060468,0.404010298390251,0.442898487880628,0.475386920731532,
0.50132041996298,0.531889135224719,0.573937634702191,0.599070602297279,
0.631399258876906,0.672487521449566,0.70246521646306,0.739495327145351,
0.76655554387562,0.811341157684393,0.856907616897379,0.913245890195266,
0.962657822512619,1.,1.02168560507853),.UNSPECIFIED.);
#362=B_SPLINE_CURVE_WITH_KNOTS('',3,(#10680,#10681,#10682,#10683,#10684,
#10685,#10686),.UNSPECIFIED.,.F.,.F.,(4,1,1,1,4),(0.,0.240309586508264,
0.506858588313268,0.748676529428151,1.),.UNSPECIFIED.);
#363=B_SPLINE_CURVE_WITH_KNOTS('',3,(#10689,#10690,#10691,#10692,#10693,
#10694,#10695,#10696,#10697,#10698,#10699,#10700,#10701),.UNSPECIFIED.,
 .F.,.F.,(4,1,1,1,1,1,1,1,1,1,4),(0.,0.0613742821170151,0.131858225802538,
0.224710929430393,0.339729518006252,0.46134630785397,0.574124081097246,
0.673927010745287,0.795942804748379,0.906060454394207,1.),.UNSPECIFIED.);
#364=B_SPLINE_CURVE_WITH_KNOTS('',3,(#10703,#10704,#10705,#10706,#10707,
#10708,#10709,#10710,#10711,#10712,#10713,#10714),.UNSPECIFIED.,.F.,.F.,
(4,1,1,1,1,1,1,1,1,4),(0.,0.0613603082191846,0.16380525405629,0.268622268713318,
0.411007827557134,0.523776958110938,0.635058220113284,0.757531058371336,
0.887326937425319,1.),.UNSPECIFIED.);
#365=B_SPLINE_CURVE_WITH_KNOTS('',3,(#10715,#10716,#10717,#10718,#10719,
#10720,#10721,#10722,#10723,#10724,#10725,#10726,#10727,#10728,#10729,#10730,
#10731,#10732,#10733,#10734,#10735,#10736,#10737,#10738,#10739),
 .UNSPECIFIED.,.F.,.F.,(4,1,1,1,1,1,1,1,1,1,1,1,1,1,1,1,1,1,1,1,1,1,4),
(0.,0.0366911323828261,0.0853225378107611,0.145849414647877,0.195248253694553,
0.237994164951122,0.283308706219493,0.329277617807229,0.367439115680337,
0.41322985412641,0.455882412673592,0.499415819085365,0.560080145373623,
0.619645528337833,0.667506484161137,0.695929604775534,0.731446633431812,
0.776546226771758,0.826311427722702,0.88155036726226,0.927502240466553,
0.96175622318839,1.),.UNSPECIFIED.);
#366=B_SPLINE_CURVE_WITH_KNOTS('',3,(#10742,#10743,#10744,#10745,#10746,
#10747,#10748,#10749,#10750,#10751,#10752,#10753),.UNSPECIFIED.,.F.,.F.,
(4,1,1,1,1,1,1,1,1,4),(0.,0.0542625483527049,0.149796643311248,0.268636522277944,
0.43295594606312,0.614410748639823,0.729268234261758,0.82355688038813,0.909323969297541,
1.),.UNSPECIFIED.);
#367=B_SPLINE_CURVE_WITH_KNOTS('',3,(#10757,#10758,#10759,#10760,#10761,
#10762,#10763),.UNSPECIFIED.,.F.,.F.,(4,1,1,1,4),(0.,0.194143084834623,
0.470394449225887,0.792304306966796,1.),.UNSPECIFIED.);
#368=B_SPLINE_CURVE_WITH_KNOTS('',3,(#10765,#10766,#10767,#10768,#10769,
#10770,#10771,#10772,#10773,#10774,#10775,#10776),.UNSPECIFIED.,.F.,.F.,
(4,1,1,1,1,1,1,1,1,4),(0.,0.0780900470606613,0.162188599472051,0.248203801308767,
0.338816588291665,0.45084908022658,0.595863425878086,0.773519222141865,
0.924991767676232,1.),.UNSPECIFIED.);
#369=B_SPLINE_CURVE_WITH_KNOTS('',3,(#10778,#10779,#10780,#10781,#10782,
#10783,#10784,#10785,#10786),.UNSPECIFIED.,.F.,.F.,(4,1,1,1,1,1,4),(0.,
0.116174667452623,0.254256256215654,0.467258946269944,0.685959862028719,
0.836730263997416,1.),.UNSPECIFIED.);
#370=B_SPLINE_CURVE_WITH_KNOTS('',3,(#10790,#10791,#10792,#10793,#10794,
#10795,#10796,#10797,#10798,#10799,#10800,#10801,#10802,#10803,#10804,#10805,
#10806,#10807,#10808,#10809),.UNSPECIFIED.,.F.,.F.,(4,1,1,1,1,1,1,1,1,1,
1,1,1,1,1,1,1,4),(0.,0.040609199289766,0.0910190895737794,0.145461981409318,
0.226255036728139,0.310300898912732,0.393026128533148,0.504827312243055,
0.551340390896091,0.593428409713878,0.628846809025199,0.66965880586784,
0.72889676656309,0.787115093243643,0.853941985137249,0.91234763687845,0.957430407347804,
1.),.UNSPECIFIED.);
#371=B_SPLINE_CURVE_WITH_KNOTS('',3,(#10811,#10812,#10813,#10814,#10815,
#10816,#10817,#10818,#10819),.UNSPECIFIED.,.F.,.F.,(4,1,1,1,1,1,4),(0.,
0.115744672750133,0.312818553265255,0.544434363312665,0.73176894603532,
0.917009886764873,1.),.UNSPECIFIED.);
#372=B_SPLINE_CURVE_WITH_KNOTS('',3,(#10823,#10824,#10825,#10826,#10827,
#10828,#10829,#10830,#10831),.UNSPECIFIED.,.F.,.F.,(4,1,1,1,1,1,4),(0.,
0.105964566538178,0.245128948267405,0.415049699364738,0.603262256384388,
0.804375097798541,1.),.UNSPECIFIED.);
#373=B_SPLINE_CURVE_WITH_KNOTS('',3,(#10832,#10833,#10834,#10835,#10836,
#10837,#10838,#10839,#10840,#10841,#10842),.UNSPECIFIED.,.F.,.F.,(4,1,1,
1,1,1,1,1,4),(0.,0.110276845250625,0.273429845552412,0.447029030824844,
0.580052031758717,0.682353206499795,0.792922354335339,0.892643099215036,
1.),.UNSPECIFIED.);
#374=B_SPLINE_CURVE_WITH_KNOTS('',3,(#10845,#10846,#10847,#10848,#10849,
#10850,#10851,#10852,#10853,#10854,#10855,#10856,#10857,#10858,#10859,#10860,
#10861,#10862,#10863,#10864,#10865),.UNSPECIFIED.,.F.,.F.,(4,1,1,1,1,1,
1,1,1,1,1,1,1,1,1,1,1,1,4),(0.,0.0649431274098071,0.121552555843847,0.186646289221846,
0.253121800989921,0.310323602094343,0.394114921841385,0.446741441457128,
0.479512260844479,0.510649619337332,0.537729774042445,0.564565843878662,
0.604340753564351,0.640084064080679,0.680865468359344,0.741491615529828,
0.819144976788019,0.920010301360688,1.),.UNSPECIFIED.);
#375=B_SPLINE_CURVE_WITH_KNOTS('',3,(#10867,#10868,#10869,#10870,#10871,
#10872,#10873,#10874,#10875,#10876,#10877,#10878,#10879,#10880,#10881),
 .UNSPECIFIED.,.F.,.F.,(4,1,1,1,1,1,1,1,1,1,1,1,4),(0.,0.0656217016087634,
0.132375905096381,0.223711568444337,0.28192115080861,0.355340078889038,
0.422528956234222,0.501278363187388,0.571788405258616,0.65774096834105,
0.756133793098236,0.877306645722933,1.),.UNSPECIFIED.);
#376=B_SPLINE_CURVE_WITH_KNOTS('',3,(#10949,#10950,#10951,#10952,#10953,
#10954,#10955,#10956,#10957,#10958,#10959,#10960,#10961,#10962,#10963,#10964,
#10965,#10966,#10967,#10968,#10969),.UNSPECIFIED.,.F.,.F.,(4,1,1,1,1,1,
1,1,1,1,1,1,1,1,1,1,1,1,4),(0.,0.0649431274098071,0.121552555843847,0.186646289221846,
0.253121800989921,0.310323602094343,0.394114921841385,0.446741441457128,
0.479512260844479,0.510649619337332,0.537729774042445,0.564565843878662,
0.604340753564351,0.640084064080679,0.680865468359344,0.741491615529828,
0.819144976788019,0.920010301360688,1.),.UNSPECIFIED.);
#377=B_SPLINE_CURVE_WITH_KNOTS('',3,(#10994,#10995,#10996,#10997,#10998,
#10999,#11000,#11001,#11002,#11003,#11004),.UNSPECIFIED.,.F.,.F.,(4,1,1,
1,1,1,1,1,4),(0.,0.110276845250625,0.273429845552412,0.447029030824844,
0.580052031758717,0.682353206499795,0.792922354335339,0.892643099215036,
1.),.UNSPECIFIED.);
#378=B_SPLINE_CURVE_WITH_KNOTS('',3,(#11039,#11040,#11041,#11042,#11043,
#11044,#11045,#11046,#11047,#11048,#11049,#11050,#11051,#11052,#11053),
 .UNSPECIFIED.,.F.,.F.,(4,1,1,1,1,1,1,1,1,1,1,1,4),(0.,0.0656217016087634,
0.132375905096381,0.223711568444337,0.28192115080861,0.355340078889038,
0.422528956234222,0.501278363187388,0.571788405258616,0.65774096834105,
0.756133793098236,0.877306645722933,1.),.UNSPECIFIED.);
#379=B_SPLINE_CURVE_WITH_KNOTS('',3,(#11076,#11077,#11078,#11079,#11080,
#11081,#11082,#11083,#11084,#11085,#11086),.UNSPECIFIED.,.F.,.F.,(4,1,1,
1,1,1,1,1,4),(0.,0.127817708369251,0.318875442655004,0.508550486209055,
0.732884617991401,0.821057812086433,0.881582075436128,0.944362264034339,
1.),.UNSPECIFIED.);
#380=B_SPLINE_CURVE_WITH_KNOTS('',3,(#11087,#11088,#11089,#11090,#11091,
#11092,#11093,#11094,#11095,#11096,#11097),.UNSPECIFIED.,.F.,.F.,(4,1,1,
1,1,1,1,1,4),(0.,0.127817708369251,0.318875442655004,0.508550486209055,
0.732884617991401,0.821057812086433,0.881582075436128,0.944362264034339,
1.),.UNSPECIFIED.);
#381=B_SPLINE_CURVE_WITH_KNOTS('',3,(#11125,#11126,#11127,#11128,#11129,
#11130,#11131,#11132,#11133,#11134,#11135,#11136,#11137),.UNSPECIFIED.,
 .F.,.F.,(4,1,1,1,1,1,1,1,1,1,4),(0.,0.0613742821170151,0.131858225802538,
0.224710929430393,0.339729518006252,0.46134630785397,0.574124081097246,
0.673927010745287,0.795942804748379,0.906060454394207,1.),.UNSPECIFIED.);
#382=B_SPLINE_CURVE_WITH_KNOTS('',3,(#11156,#11157,#11158,#11159,#11160,
#11161,#11162),.UNSPECIFIED.,.F.,.F.,(4,1,1,1,4),(0.,0.240309586508264,
0.506858588313268,0.748676529428151,1.),.UNSPECIFIED.);
#383=B_SPLINE_CURVE_WITH_KNOTS('',3,(#11203,#11204,#11205,#11206,#11207,
#11208,#11209,#11210,#11211,#11212,#11213),.UNSPECIFIED.,.F.,.F.,(4,1,1,
1,1,1,1,1,4),(0.,0.101372409148324,0.260005282054029,0.387649783236979,
0.479542476534623,0.590774056364057,0.71094624878383,0.844996615733169,
1.),.UNSPECIFIED.);
#384=B_SPLINE_CURVE_WITH_KNOTS('',3,(#11214,#11215,#11216,#11217,#11218,
#11219,#11220,#11221,#11222,#11223,#11224),.UNSPECIFIED.,.F.,.F.,(4,1,1,
1,1,1,1,1,4),(0.,0.101372409148324,0.260005282054029,0.387649783236979,
0.479542476534623,0.590774056364057,0.71094624878383,0.844996615733169,
1.),.UNSPECIFIED.);
#385=B_SPLINE_CURVE_WITH_KNOTS('',3,(#11247,#11248,#11249,#11250,#11251,
#11252,#11253,#11254,#11255,#11256,#11257),.UNSPECIFIED.,.F.,.F.,(4,1,1,
1,1,1,1,1,4),(0.,0.0964993951341317,0.234162381264549,0.354421914950957,
0.469302594050736,0.595366006903522,0.710016550461183,0.828370656659337,
1.),.UNSPECIFIED.);
#386=B_SPLINE_CURVE_WITH_KNOTS('',3,(#11258,#11259,#11260,#11261,#11262,
#11263,#11264,#11265,#11266,#11267,#11268),.UNSPECIFIED.,.F.,.F.,(4,1,1,
1,1,1,1,1,4),(0.,0.0964993951341317,0.234162381264549,0.354421914950957,
0.469302594050736,0.595366006903522,0.710016550461183,0.828370656659337,
1.),.UNSPECIFIED.);
#387=B_SPLINE_CURVE_WITH_KNOTS('',3,(#11293,#11294,#11295,#11296,#11297,
#11298,#11299,#11300,#11301,#11302,#11303,#11304),.UNSPECIFIED.,.F.,.F.,
(4,1,1,1,1,1,1,1,1,4),(0.,0.0613603082191846,0.16380525405629,0.268622268713318,
0.411007827557134,0.523776958110938,0.635058220113284,0.757531058371336,
0.887326937425319,1.),.UNSPECIFIED.);
#388=B_SPLINE_CURVE_WITH_KNOTS('',3,(#11359,#11360,#11361,#11362,#11363,
#11364,#11365,#11366,#11367,#11368,#11369,#11370,#11371,#11372,#11373,#11374,
#11375,#11376,#11377,#11378),.UNSPECIFIED.,.F.,.F.,(4,1,1,1,1,1,1,1,1,1,
1,1,1,1,1,1,1,4),(0.,0.043045132139023,0.0929087133657547,0.151699934460331,
0.214065933009342,0.287273402106376,0.369684980396328,0.429701914316342,
0.493260864119867,0.545270792188181,0.599840860973006,0.657314163860827,
0.69350237280519,0.730310639438902,0.774383336142649,0.836187558350978,
0.920884769896484,1.),.UNSPECIFIED.);
#389=B_SPLINE_CURVE_WITH_KNOTS('',3,(#11411,#11412,#11413,#11414,#11415,
#11416,#11417,#11418,#11419,#11420,#11421,#11422,#11423),.UNSPECIFIED.,
 .F.,.F.,(4,1,1,1,1,1,1,1,1,1,4),(0.,0.0716783728234488,0.201462204742673,
0.351985429895752,0.453312238503597,0.531131505749847,0.608074752221663,
0.687191601236581,0.794711152589731,0.901206841852244,1.),.UNSPECIFIED.);
#390=B_SPLINE_CURVE_WITH_KNOTS('',3,(#11458,#11459,#11460,#11461,#11462,
#11463,#11464,#11465,#11466,#11467,#11468,#11469,#11470,#11471),
 .UNSPECIFIED.,.F.,.F.,(4,1,1,1,1,1,1,1,1,1,1,4),(0.,0.08623849645613,0.228781198885112,
0.318429721310933,0.398429855580078,0.47016064642521,0.540608256899536,
0.617589901528134,0.706482375945767,0.820387815025198,0.927564722627483,
1.),.UNSPECIFIED.);
#391=B_SPLINE_CURVE_WITH_KNOTS('',3,(#11494,#11495,#11496,#11497,#11498,
#11499,#11500),.UNSPECIFIED.,.F.,.F.,(4,1,1,1,4),(0.,0.189625745842092,
0.480475473757239,0.770336076005841,1.),.UNSPECIFIED.);
#392=B_SPLINE_CURVE_WITH_KNOTS('',3,(#11518,#11519,#11520,#11521,#11522,
#11523,#11524),.UNSPECIFIED.,.F.,.F.,(4,1,1,1,4),(0.,0.194143084834623,
0.470394449225887,0.792304306966796,1.),.UNSPECIFIED.);
#393=B_SPLINE_CURVE_WITH_KNOTS('',3,(#11551,#11552,#11553,#11554,#11555,
#11556,#11557,#11558,#11559),.UNSPECIFIED.,.F.,.F.,(4,1,1,1,1,1,4),(0.,
0.105964566538178,0.245128948267405,0.415049699364738,0.603262256384388,
0.804375097798541,1.),.UNSPECIFIED.);
#394=B_SPLINE_CURVE_WITH_KNOTS('',3,(#11586,#11587,#11588,#11589,#11590,
#11591,#11592,#11593,#11594),.UNSPECIFIED.,.F.,.F.,(4,1,1,1,1,1,4),(0.,
0.115744672750133,0.312818553265255,0.544434363312665,0.73176894603532,
0.917009886764873,1.),.UNSPECIFIED.);
#395=B_SPLINE_CURVE_WITH_KNOTS('',3,(#11645,#11646,#11647,#11648,#11649,
#11650,#11651,#11652,#11653,#11654,#11655,#11656,#11657,#11658,#11659,#11660,
#11661,#11662,#11663,#11664),.UNSPECIFIED.,.F.,.F.,(4,1,1,1,1,1,1,1,1,1,
1,1,1,1,1,1,1,4),(0.,0.040609199289766,0.0910190895737794,0.145461981409318,
0.226255036728139,0.310300898912732,0.393026128533148,0.504827312243055,
0.551340390896091,0.593428409713878,0.628846809025199,0.66965880586784,
0.72889676656309,0.787115093243643,0.853941985137249,0.91234763687845,0.957430407347804,
1.),.UNSPECIFIED.);
#396=B_SPLINE_CURVE_WITH_KNOTS('',3,(#11689,#11690,#11691,#11692,#11693,
#11694,#11695,#11696,#11697),.UNSPECIFIED.,.F.,.F.,(4,1,1,1,1,1,4),(0.,
0.116174667452623,0.254256256215654,0.467258946269944,0.685959862028719,
0.836730263997416,1.),.UNSPECIFIED.);
#397=B_SPLINE_CURVE_WITH_KNOTS('',3,(#11722,#11723,#11724,#11725,#11726,
#11727,#11728,#11729,#11730,#11731,#11732,#11733),.UNSPECIFIED.,.F.,.F.,
(4,1,1,1,1,1,1,1,1,4),(0.,0.0780900470606613,0.162188599472051,0.248203801308767,
0.338816588291665,0.45084908022658,0.595863425878086,0.773519222141865,
0.924991767676232,1.),.UNSPECIFIED.);
#398=B_SPLINE_CURVE_WITH_KNOTS('',3,(#11787,#11788,#11789,#11790,#11791,
#11792,#11793,#11794,#11795,#11796,#11797,#11798,#11799,#11800,#11801,#11802,
#11803,#11804,#11805,#11806,#11807,#11808,#11809,#11810,#11811),
 .UNSPECIFIED.,.F.,.F.,(4,1,1,1,1,1,1,1,1,1,1,1,1,1,1,1,1,1,1,1,1,1,4),
(0.,0.0399960230350982,0.08706933045798,0.122542904180695,0.167441425836844,
0.208298069356039,0.247300516584871,0.287275873833545,0.336133888694727,
0.393546624619138,0.434331012213747,0.498791094311678,0.546962847334605,
0.603513594399132,0.665337986257357,0.721772887813688,0.76527818122314,
0.798771323658224,0.841326384132074,0.877785484729249,0.90960092080019,
0.955996324886127,1.),.UNSPECIFIED.);
#399=B_SPLINE_CURVE_WITH_KNOTS('',3,(#11878,#11879,#11880,#11881,#11882,
#11883,#11884,#11885,#11886,#11887,#11888,#11889,#11890,#11891,#11892,#11893,
#11894,#11895,#11896,#11897,#11898,#11899,#11900,#11901,#11902,#11903,#11904,
#11905,#11906),.UNSPECIFIED.,.F.,.F.,(4,1,1,1,1,1,1,1,1,1,1,1,1,1,1,1,1,
1,1,1,1,1,1,1,1,1,4),(0.,0.0225283662603692,0.0465572502585444,0.0809144186122593,
0.109722676356904,0.13208761094381,0.154027487059664,0.184141622839462,
0.223459017292316,0.259470627823827,0.298402110931201,0.337265014369084,
0.379043446365316,0.420888327743379,0.466637199205296,0.517653181529584,
0.576357844825246,0.629027407418508,0.689698928471576,0.737638920369895,
0.787558140215233,0.826649530949426,0.87130236881723,0.913048671611351,
0.943768164487868,0.973411290655867,1.),.UNSPECIFIED.);
#400=B_SPLINE_CURVE_WITH_KNOTS('',3,(#12006,#12007,#12008,#12009,#12010,
#12011,#12012,#12013,#12014,#12015,#12016,#12017,#12018,#12019,#12020,#12021,
#12022,#12023,#12024,#12025,#12026,#12027,#12028,#12029,#12030,#12031,#12032,
#12033,#12034,#12035,#12036,#12037,#12038,#12039,#12040,#12041,#12042,#12043,
#12044),.UNSPECIFIED.,.F.,.F.,(4,1,1,1,1,1,1,1,1,1,1,1,1,1,1,1,1,1,1,1,
1,1,1,1,1,1,1,1,1,1,1,1,1,1,1,1,4),(0.,0.0195970564334382,0.0449046609313526,
0.0639922943002924,0.086715995357333,0.114266598057982,0.144666515602988,
0.177530484805565,0.208484942945467,0.242937921259914,0.268885686052316,
0.288675515694811,0.311953555900632,0.338733016259014,0.366345869257196,
0.381033855727594,0.400392666215254,0.424202280168167,0.446530783176478,
0.471878471263281,0.500723472683616,0.533794623237407,0.559731054791423,
0.587297494143167,0.616524191069086,0.65274082052959,0.690404332991652,
0.726141309389662,0.770912581678281,0.800192934309614,0.832390510334336,
0.867652824160548,0.897843124466884,0.932623662734515,0.962439896441023,
0.980437039308808,1.),.UNSPECIFIED.);
#401=B_SPLINE_CURVE_WITH_KNOTS('',3,(#12110,#12111,#12112,#12113,#12114,
#12115,#12116,#12117,#12118,#12119,#12120,#12121,#12122,#12123,#12124,#12125,
#12126,#12127,#12128,#12129,#12130,#12131,#12132,#12133,#12134,#12135,#12136,
#12137,#12138,#12139),.UNSPECIFIED.,.T.,.F.,(1,3,1,1,1,1,1,1,1,1,1,1,1,
1,1,1,1,1,1,1,1,1,1,1,1,1,1,1,3,1),(-0.0373421774873808,0.,0.0216856050785286,
0.0468152565707047,0.0716115385426796,0.101196851558889,0.136813541842731,
0.181549725627462,0.224276876002507,0.281198015640909,0.323888661365126,
0.357076130060468,0.404010298390251,0.442898487880628,0.475386920731532,
0.50132041996298,0.531889135224719,0.573937634702191,0.599070602297279,
0.631399258876906,0.672487521449566,0.70246521646306,0.739495327145351,
0.76655554387562,0.811341157684393,0.856907616897379,0.913245890195266,
0.962657822512619,1.,1.02168560507853),.UNSPECIFIED.);
#402=B_SPLINE_CURVE_WITH_KNOTS('',3,(#12168,#12169,#12170,#12171,#12172,
#12173,#12174,#12175,#12176,#12177,#12178,#12179),.UNSPECIFIED.,.F.,.F.,
(4,1,1,1,1,1,1,1,1,4),(0.,0.0542625483527049,0.149796643311248,0.268636522277944,
0.43295594606312,0.614410748639823,0.729268234261758,0.82355688038813,0.909323969297541,
1.),.UNSPECIFIED.);
#403=B_SPLINE_CURVE_WITH_KNOTS('',3,(#12248,#12249,#12250,#12251,#12252,
#12253,#12254,#12255,#12256,#12257,#12258,#12259,#12260,#12261,#12262,#12263,
#12264,#12265,#12266,#12267,#12268,#12269,#12270,#12271,#12272),
 .UNSPECIFIED.,.F.,.F.,(4,1,1,1,1,1,1,1,1,1,1,1,1,1,1,1,1,1,1,1,1,1,4),
(0.,0.0366911323828261,0.0853225378107611,0.145849414647877,0.195248253694553,
0.237994164951122,0.283308706219493,0.329277617807229,0.367439115680337,
0.41322985412641,0.455882412673592,0.499415819085365,0.560080145373623,
0.619645528337833,0.667506484161137,0.695929604775534,0.731446633431812,
0.776546226771758,0.826311427722702,0.88155036726226,0.927502240466553,
0.96175622318839,1.),.UNSPECIFIED.);
#404=LINE('',#6734,#770);
#405=LINE('',#6737,#771);
#406=LINE('',#6741,#772);
#407=LINE('',#6743,#773);
#408=LINE('',#6745,#774);
#409=LINE('',#6749,#775);
#410=LINE('',#6752,#776);
#411=LINE('',#6755,#777);
#412=LINE('',#6757,#778);
#413=LINE('',#6759,#779);
#414=LINE('',#6761,#780);
#415=LINE('',#6763,#781);
#416=LINE('',#6765,#782);
#417=LINE('',#6767,#783);
#418=LINE('',#6769,#784);
#419=LINE('',#6771,#785);
#420=LINE('',#6773,#786);
#421=LINE('',#6775,#787);
#422=LINE('',#6777,#788);
#423=LINE('',#6779,#789);
#424=LINE('',#6781,#790);
#425=LINE('',#6784,#791);
#426=LINE('',#6786,#792);
#427=LINE('',#6788,#793);
#428=LINE('',#6847,#794);
#429=LINE('',#6849,#795);
#430=LINE('',#6882,#796);
#431=LINE('',#6884,#797);
#432=LINE('',#6887,#798);
#433=LINE('',#6889,#799);
#434=LINE('',#6891,#800);
#435=LINE('',#6893,#801);
#436=LINE('',#6895,#802);
#437=LINE('',#6912,#803);
#438=LINE('',#7079,#804);
#439=LINE('',#7401,#805);
#440=LINE('',#7404,#806);
#441=LINE('',#7406,#807);
#442=LINE('',#7408,#808);
#443=LINE('',#7409,#809);
#444=LINE('',#7412,#810);
#445=LINE('',#7414,#811);
#446=LINE('',#7416,#812);
#447=LINE('',#7418,#813);
#448=LINE('',#7434,#814);
#449=LINE('',#7438,#815);
#450=LINE('',#7440,#816);
#451=LINE('',#7442,#817);
#452=LINE('',#7445,#818);
#453=LINE('',#7447,#819);
#454=LINE('',#7450,#820);
#455=LINE('',#7451,#821);
#456=LINE('',#7453,#822);
#457=LINE('',#7455,#823);
#458=LINE('',#7456,#824);
#459=LINE('',#7460,#825);
#460=LINE('',#7476,#826);
#461=LINE('',#7479,#827);
#462=LINE('',#7480,#828);
#463=LINE('',#7483,#829);
#464=LINE('',#7485,#830);
#465=LINE('',#7487,#831);
#466=LINE('',#7489,#832);
#467=LINE('',#7493,#833);
#468=LINE('',#7494,#834);
#469=LINE('',#7496,#835);
#470=LINE('',#7498,#836);
#471=LINE('',#7530,#837);
#472=LINE('',#7532,#838);
#473=LINE('',#7534,#839);
#474=LINE('',#7535,#840);
#475=LINE('',#7537,#841);
#476=LINE('',#7539,#842);
#477=LINE('',#7541,#843);
#478=LINE('',#7543,#844);
#479=LINE('',#7545,#845);
#480=LINE('',#7547,#846);
#481=LINE('',#7548,#847);
#482=LINE('',#7550,#848);
#483=LINE('',#7552,#849);
#484=LINE('',#7568,#850);
#485=LINE('',#7570,#851);
#486=LINE('',#7572,#852);
#487=LINE('',#7574,#853);
#488=LINE('',#7576,#854);
#489=LINE('',#7579,#855);
#490=LINE('',#7581,#856);
#491=LINE('',#7583,#857);
#492=LINE('',#7586,#858);
#493=LINE('',#7587,#859);
#494=LINE('',#7588,#860);
#495=LINE('',#7589,#861);
#496=LINE('',#7645,#862);
#497=LINE('',#7647,#863);
#498=LINE('',#7648,#864);
#499=LINE('',#7650,#865);
#500=LINE('',#7652,#866);
#501=LINE('',#7653,#867);
#502=LINE('',#7655,#868);
#503=LINE('',#7656,#869);
#504=LINE('',#7660,#870);
#505=LINE('',#7662,#871);
#506=LINE('',#7664,#872);
#507=LINE('',#7669,#873);
#508=LINE('',#7686,#874);
#509=LINE('',#7688,#875);
#510=LINE('',#7696,#876);
#511=LINE('',#7700,#877);
#512=LINE('',#7725,#878);
#513=LINE('',#7736,#879);
#514=LINE('',#7777,#880);
#515=LINE('',#7800,#881);
#516=LINE('',#7826,#882);
#517=LINE('',#7828,#883);
#518=LINE('',#7852,#884);
#519=LINE('',#7881,#885);
#520=LINE('',#7883,#886);
#521=LINE('',#7893,#887);
#522=LINE('',#7897,#888);
#523=LINE('',#7917,#889);
#524=LINE('',#7925,#890);
#525=LINE('',#8096,#891);
#526=LINE('',#8104,#892);
#527=LINE('',#8124,#893);
#528=LINE('',#8128,#894);
#529=LINE('',#8133,#895);
#530=LINE('',#8137,#896);
#531=LINE('',#8152,#897);
#532=LINE('',#8154,#898);
#533=LINE('',#8162,#899);
#534=LINE('',#8166,#900);
#535=LINE('',#8181,#901);
#536=LINE('',#8183,#902);
#537=LINE('',#8191,#903);
#538=LINE('',#8195,#904);
#539=LINE('',#8218,#905);
#540=LINE('',#8220,#906);
#541=LINE('',#8230,#907);
#542=LINE('',#8234,#908);
#543=LINE('',#8265,#909);
#544=LINE('',#8278,#910);
#545=LINE('',#8293,#911);
#546=LINE('',#8295,#912);
#547=LINE('',#8306,#913);
#548=LINE('',#8323,#914);
#549=LINE('',#8325,#915);
#550=LINE('',#8333,#916);
#551=LINE('',#8337,#917);
#552=LINE('',#8354,#918);
#553=LINE('',#8356,#919);
#554=LINE('',#8365,#920);
#555=LINE('',#8380,#921);
#556=LINE('',#8395,#922);
#557=LINE('',#8402,#923);
#558=LINE('',#8417,#924);
#559=LINE('',#8439,#925);
#560=LINE('',#8456,#926);
#561=LINE('',#8497,#927);
#562=LINE('',#8499,#928);
#563=LINE('',#8510,#929);
#564=LINE('',#8514,#930);
#565=LINE('',#8527,#931);
#566=LINE('',#8529,#932);
#567=LINE('',#8537,#933);
#568=LINE('',#8541,#934);
#569=LINE('',#8558,#935);
#570=LINE('',#8560,#936);
#571=LINE('',#8568,#937);
#572=LINE('',#8583,#938);
#573=LINE('',#8604,#939);
#574=LINE('',#8606,#940);
#575=LINE('',#8614,#941);
#576=LINE('',#8629,#942);
#577=LINE('',#8658,#943);
#578=LINE('',#8668,#944);
#579=LINE('',#8703,#945);
#580=LINE('',#8705,#946);
#581=LINE('',#8720,#947);
#582=LINE('',#8733,#948);
#583=LINE('',#8735,#949);
#584=LINE('',#8742,#950);
#585=LINE('',#8746,#951);
#586=LINE('',#8757,#952);
#587=LINE('',#8759,#953);
#588=LINE('',#8767,#954);
#589=LINE('',#8771,#955);
#590=LINE('',#8784,#956);
#591=LINE('',#8786,#957);
#592=LINE('',#8794,#958);
#593=LINE('',#8798,#959);
#594=LINE('',#8826,#960);
#595=LINE('',#8940,#961);
#596=LINE('',#8963,#962);
#597=LINE('',#8976,#963);
#598=LINE('',#8978,#964);
#599=LINE('',#8989,#965);
#600=LINE('',#9002,#966);
#601=LINE('',#9009,#967);
#602=LINE('',#9020,#968);
#603=LINE('',#9022,#969);
#604=LINE('',#9034,#970);
#605=LINE('',#9051,#971);
#606=LINE('',#9053,#972);
#607=LINE('',#9062,#973);
#608=LINE('',#9066,#974);
#609=LINE('',#9083,#975);
#610=LINE('',#9085,#976);
#611=LINE('',#9093,#977);
#612=LINE('',#9097,#978);
#613=LINE('',#9130,#979);
#614=LINE('',#9171,#980);
#615=LINE('',#9174,#981);
#616=LINE('',#9176,#982);
#617=LINE('',#9186,#983);
#618=LINE('',#9188,#984);
#619=LINE('',#9190,#985);
#620=LINE('',#9192,#986);
#621=LINE('',#9210,#987);
#622=LINE('',#9230,#988);
#623=LINE('',#9233,#989);
#624=LINE('',#9237,#990);
#625=LINE('',#9239,#991);
#626=LINE('',#9243,#992);
#627=LINE('',#9245,#993);
#628=LINE('',#9247,#994);
#629=LINE('',#9262,#995);
#630=LINE('',#9330,#996);
#631=LINE('',#9343,#997);
#632=LINE('',#9352,#998);
#633=LINE('',#9388,#999);
#634=LINE('',#9400,#1000);
#635=LINE('',#9403,#1001);
#636=LINE('',#9405,#1002);
#637=LINE('',#9407,#1003);
#638=LINE('',#9409,#1004);
#639=LINE('',#9413,#1005);
#640=LINE('',#9415,#1006);
#641=LINE('',#9417,#1007);
#642=LINE('',#9419,#1008);
#643=LINE('',#9421,#1009);
#644=LINE('',#9423,#1010);
#645=LINE('',#9425,#1011);
#646=LINE('',#9429,#1012);
#647=LINE('',#9431,#1013);
#648=LINE('',#9433,#1014);
#649=LINE('',#9435,#1015);
#650=LINE('',#9437,#1016);
#651=LINE('',#9441,#1017);
#652=LINE('',#9475,#1018);
#653=LINE('',#9487,#1019);
#654=LINE('',#9489,#1020);
#655=LINE('',#9526,#1021);
#656=LINE('',#9546,#1022);
#657=LINE('',#9554,#1023);
#658=LINE('',#9557,#1024);
#659=LINE('',#9559,#1025);
#660=LINE('',#9561,#1026);
#661=LINE('',#9570,#1027);
#662=LINE('',#9578,#1028);
#663=LINE('',#9580,#1029);
#664=LINE('',#9582,#1030);
#665=LINE('',#9584,#1031);
#666=LINE('',#9586,#1032);
#667=LINE('',#9588,#1033);
#668=LINE('',#9590,#1034);
#669=LINE('',#9592,#1035);
#670=LINE('',#9603,#1036);
#671=LINE('',#9613,#1037);
#672=LINE('',#9615,#1038);
#673=LINE('',#9617,#1039);
#674=LINE('',#9646,#1040);
#675=LINE('',#9648,#1041);
#676=LINE('',#9851,#1042);
#677=LINE('',#10119,#1043);
#678=LINE('',#10144,#1044);
#679=LINE('',#10145,#1045);
#680=LINE('',#10224,#1046);
#681=LINE('',#10241,#1047);
#682=LINE('',#10243,#1048);
#683=LINE('',#10245,#1049);
#684=LINE('',#10256,#1050);
#685=LINE('',#10311,#1051);
#686=LINE('',#10338,#1052);
#687=LINE('',#10340,#1053);
#688=LINE('',#10342,#1054);
#689=LINE('',#10344,#1055);
#690=LINE('',#10391,#1056);
#691=LINE('',#10432,#1057);
#692=LINE('',#10505,#1058);
#693=LINE('',#10515,#1059);
#694=LINE('',#10517,#1060);
#695=LINE('',#10534,#1061);
#696=LINE('',#10550,#1062);
#697=LINE('',#10607,#1063);
#698=LINE('',#10754,#1064);
#699=LINE('',#10788,#1065);
#700=LINE('',#10821,#1066);
#701=LINE('',#10883,#1067);
#702=LINE('',#10885,#1068);
#703=LINE('',#10888,#1069);
#704=LINE('',#10890,#1070);
#705=LINE('',#10892,#1071);
#706=LINE('',#10894,#1072);
#707=LINE('',#10896,#1073);
#708=LINE('',#10898,#1074);
#709=LINE('',#10947,#1075);
#710=LINE('',#10971,#1076);
#711=LINE('',#10992,#1077);
#712=LINE('',#11006,#1078);
#713=LINE('',#11008,#1079);
#714=LINE('',#11123,#1080);
#715=LINE('',#11139,#1081);
#716=LINE('',#11154,#1082);
#717=LINE('',#11164,#1083);
#718=LINE('',#11167,#1084);
#719=LINE('',#11169,#1085);
#720=LINE('',#11171,#1086);
#721=LINE('',#11173,#1087);
#722=LINE('',#11176,#1088);
#723=LINE('',#11178,#1089);
#724=LINE('',#11180,#1090);
#725=LINE('',#11308,#1091);
#726=LINE('',#11310,#1092);
#727=LINE('',#11312,#1093);
#728=LINE('',#11357,#1094);
#729=LINE('',#11380,#1095);
#730=LINE('',#11382,#1096);
#731=LINE('',#11409,#1097);
#732=LINE('',#11425,#1098);
#733=LINE('',#11427,#1099);
#734=LINE('',#11456,#1100);
#735=LINE('',#11473,#1101);
#736=LINE('',#11475,#1102);
#737=LINE('',#11477,#1103);
#738=LINE('',#11479,#1104);
#739=LINE('',#11516,#1105);
#740=LINE('',#11526,#1106);
#741=LINE('',#11528,#1107);
#742=LINE('',#11530,#1108);
#743=LINE('',#11549,#1109);
#744=LINE('',#11561,#1110);
#745=LINE('',#11563,#1111);
#746=LINE('',#11584,#1112);
#747=LINE('',#11643,#1113);
#748=LINE('',#11666,#1114);
#749=LINE('',#11668,#1115);
#750=LINE('',#11687,#1116);
#751=LINE('',#11785,#1117);
#752=LINE('',#11813,#1118);
#753=LINE('',#12004,#1119);
#754=LINE('',#12046,#1120);
#755=LINE('',#12048,#1121);
#756=LINE('',#12166,#1122);
#757=LINE('',#12181,#1123);
#758=LINE('',#12277,#1124);
#759=LINE('',#12279,#1125);
#760=LINE('',#12281,#1126);
#761=LINE('',#12283,#1127);
#762=LINE('',#12285,#1128);
#763=LINE('',#12288,#1129);
#764=LINE('',#12290,#1130);
#765=LINE('',#12292,#1131);
#766=LINE('',#12294,#1132);
#767=LINE('',#12296,#1133);
#768=LINE('',#12299,#1134);
#769=LINE('',#12302,#1135);
#770=VECTOR('',#5646,1.);
#771=VECTOR('',#5647,1.);
#772=VECTOR('',#5650,1.);
#773=VECTOR('',#5651,1.);
#774=VECTOR('',#5652,1.);
#775=VECTOR('',#5655,1.);
#776=VECTOR('',#5658,1.);
#777=VECTOR('',#5659,1.);
#778=VECTOR('',#5660,1.);
#779=VECTOR('',#5661,1.);
#780=VECTOR('',#5662,1.);
#781=VECTOR('',#5663,1.);
#782=VECTOR('',#5664,1.);
#783=VECTOR('',#5665,1.);
#784=VECTOR('',#5666,1.);
#785=VECTOR('',#5667,1.);
#786=VECTOR('',#5668,1.);
#787=VECTOR('',#5669,1.);
#788=VECTOR('',#5670,1.);
#789=VECTOR('',#5671,1.);
#790=VECTOR('',#5674,1.);
#791=VECTOR('',#5675,1.);
#792=VECTOR('',#5676,1.);
#793=VECTOR('',#5677,1.);
#794=VECTOR('',#5678,1.);
#795=VECTOR('',#5679,1.);
#796=VECTOR('',#5680,1.);
#797=VECTOR('',#5683,1.);
#798=VECTOR('',#5684,1.);
#799=VECTOR('',#5685,1.);
#800=VECTOR('',#5686,1.);
#801=VECTOR('',#5687,1.);
#802=VECTOR('',#5688,1.);
#803=VECTOR('',#5689,1.);
#804=VECTOR('',#5690,1.);
#805=VECTOR('',#5721,1.);
#806=VECTOR('',#5722,1.);
#807=VECTOR('',#5723,1.);
#808=VECTOR('',#5724,1.);
#809=VECTOR('',#5725,1.);
#810=VECTOR('',#5726,1.);
#811=VECTOR('',#5727,1.);
#812=VECTOR('',#5728,1.);
#813=VECTOR('',#5731,1.);
#814=VECTOR('',#5736,1.);
#815=VECTOR('',#5741,1.);
#816=VECTOR('',#5742,1.);
#817=VECTOR('',#5743,1.);
#818=VECTOR('',#5746,1.);
#819=VECTOR('',#5749,1.);
#820=VECTOR('',#5750,1.);
#821=VECTOR('',#5751,1.);
#822=VECTOR('',#5752,1.);
#823=VECTOR('',#5753,1.);
#824=VECTOR('',#5754,1.);
#825=VECTOR('',#5757,1.);
#826=VECTOR('',#5774,1.);
#827=VECTOR('',#5775,1.);
#828=VECTOR('',#5776,1.);
#829=VECTOR('',#5779,1.);
#830=VECTOR('',#5782,1.);
#831=VECTOR('',#5783,1.);
#832=VECTOR('',#5784,1.);
#833=VECTOR('',#5787,1.);
#834=VECTOR('',#5788,1.);
#835=VECTOR('',#5789,1.);
#836=VECTOR('',#5790,1.);
#837=VECTOR('',#5829,1.);
#838=VECTOR('',#5830,1.);
#839=VECTOR('',#5831,1.);
#840=VECTOR('',#5832,1.);
#841=VECTOR('',#5833,1.);
#842=VECTOR('',#5834,1.);
#843=VECTOR('',#5835,1.);
#844=VECTOR('',#5838,1.);
#845=VECTOR('',#5839,1.);
#846=VECTOR('',#5840,1.);
#847=VECTOR('',#5841,1.);
#848=VECTOR('',#5842,1.);
#849=VECTOR('',#5843,1.);
#850=VECTOR('',#5860,1.);
#851=VECTOR('',#5861,1.);
#852=VECTOR('',#5864,1.);
#853=VECTOR('',#5865,1.);
#854=VECTOR('',#5868,1.);
#855=VECTOR('',#5873,1.);
#856=VECTOR('',#5874,1.);
#857=VECTOR('',#5877,1.);
#858=VECTOR('',#5878,1.);
#859=VECTOR('',#5879,1.);
#860=VECTOR('',#5880,1.);
#861=VECTOR('',#5881,1.);
#862=VECTOR('',#5976,1.);
#863=VECTOR('',#5977,1.);
#864=VECTOR('',#5978,1.);
#865=VECTOR('',#5981,1.);
#866=VECTOR('',#5982,1.);
#867=VECTOR('',#5983,1.);
#868=VECTOR('',#5986,1.);
#869=VECTOR('',#5987,1.);
#870=VECTOR('',#5994,1.);
#871=VECTOR('',#5997,1.);
#872=VECTOR('',#6000,1.);
#873=VECTOR('',#6003,1.);
#874=VECTOR('',#6006,1.);
#875=VECTOR('',#6007,1.);
#876=VECTOR('',#6008,1.);
#877=VECTOR('',#6013,1.);
#878=VECTOR('',#6016,1.);
#879=VECTOR('',#6017,1.);
#880=VECTOR('',#6018,1.);
#881=VECTOR('',#6019,1.);
#882=VECTOR('',#6020,1.);
#883=VECTOR('',#6021,1.);
#884=VECTOR('',#6022,1.);
#885=VECTOR('',#6023,1.);
#886=VECTOR('',#6024,1.);
#887=VECTOR('',#6025,1.);
#888=VECTOR('',#6030,1.);
#889=VECTOR('',#6033,1.);
#890=VECTOR('',#6034,1.);
#891=VECTOR('',#6035,1.);
#892=VECTOR('',#6036,1.);
#893=VECTOR('',#6059,1.);
#894=VECTOR('',#6062,1.);
#895=VECTOR('',#6067,1.);
#896=VECTOR('',#6070,1.);
#897=VECTOR('',#6071,1.);
#898=VECTOR('',#6072,1.);
#899=VECTOR('',#6073,1.);
#900=VECTOR('',#6078,1.);
#901=VECTOR('',#6081,1.);
#902=VECTOR('',#6082,1.);
#903=VECTOR('',#6083,1.);
#904=VECTOR('',#6088,1.);
#905=VECTOR('',#6091,1.);
#906=VECTOR('',#6092,1.);
#907=VECTOR('',#6093,1.);
#908=VECTOR('',#6098,1.);
#909=VECTOR('',#6101,1.);
#910=VECTOR('',#6102,1.);
#911=VECTOR('',#6103,1.);
#912=VECTOR('',#6104,1.);
#913=VECTOR('',#6109,1.);
#914=VECTOR('',#6112,1.);
#915=VECTOR('',#6113,1.);
#916=VECTOR('',#6114,1.);
#917=VECTOR('',#6119,1.);
#918=VECTOR('',#6122,1.);
#919=VECTOR('',#6123,1.);
#920=VECTOR('',#6124,1.);
#921=VECTOR('',#6125,1.);
#922=VECTOR('',#6126,1.);
#923=VECTOR('',#6127,1.);
#924=VECTOR('',#6128,1.);
#925=VECTOR('',#6129,1.);
#926=VECTOR('',#6132,1.);
#927=VECTOR('',#6143,1.);
#928=VECTOR('',#6144,1.);
#929=VECTOR('',#6145,1.);
#930=VECTOR('',#6150,1.);
#931=VECTOR('',#6153,1.);
#932=VECTOR('',#6154,1.);
#933=VECTOR('',#6155,1.);
#934=VECTOR('',#6160,1.);
#935=VECTOR('',#6163,1.);
#936=VECTOR('',#6164,1.);
#937=VECTOR('',#6165,1.);
#938=VECTOR('',#6166,1.);
#939=VECTOR('',#6167,1.);
#940=VECTOR('',#6168,1.);
#941=VECTOR('',#6169,1.);
#942=VECTOR('',#6170,1.);
#943=VECTOR('',#6171,1.);
#944=VECTOR('',#6172,1.);
#945=VECTOR('',#6173,1.);
#946=VECTOR('',#6174,1.);
#947=VECTOR('',#6179,1.);
#948=VECTOR('',#6182,1.);
#949=VECTOR('',#6183,1.);
#950=VECTOR('',#6184,1.);
#951=VECTOR('',#6189,1.);
#952=VECTOR('',#6192,1.);
#953=VECTOR('',#6193,1.);
#954=VECTOR('',#6194,1.);
#955=VECTOR('',#6199,1.);
#956=VECTOR('',#6202,1.);
#957=VECTOR('',#6203,1.);
#958=VECTOR('',#6204,1.);
#959=VECTOR('',#6209,1.);
#960=VECTOR('',#6212,1.);
#961=VECTOR('',#6267,1.);
#962=VECTOR('',#6268,1.);
#963=VECTOR('',#6269,1.);
#964=VECTOR('',#6270,1.);
#965=VECTOR('',#6275,1.);
#966=VECTOR('',#6278,1.);
#967=VECTOR('',#6279,1.);
#968=VECTOR('',#6280,1.);
#969=VECTOR('',#6281,1.);
#970=VECTOR('',#6286,1.);
#971=VECTOR('',#6289,1.);
#972=VECTOR('',#6290,1.);
#973=VECTOR('',#6291,1.);
#974=VECTOR('',#6296,1.);
#975=VECTOR('',#6299,1.);
#976=VECTOR('',#6300,1.);
#977=VECTOR('',#6301,1.);
#978=VECTOR('',#6306,1.);
#979=VECTOR('',#6309,1.);
#980=VECTOR('',#6366,1.);
#981=VECTOR('',#6367,1.);
#982=VECTOR('',#6368,1.);
#983=VECTOR('',#6369,1.);
#984=VECTOR('',#6370,1.);
#985=VECTOR('',#6371,1.);
#986=VECTOR('',#6372,1.);
#987=VECTOR('',#6373,1.);
#988=VECTOR('',#6376,1.);
#989=VECTOR('',#6377,1.);
#990=VECTOR('',#6380,1.);
#991=VECTOR('',#6381,1.);
#992=VECTOR('',#6384,1.);
#993=VECTOR('',#6385,1.);
#994=VECTOR('',#6386,1.);
#995=VECTOR('',#6389,1.);
#996=VECTOR('',#6414,1.);
#997=VECTOR('',#6415,1.);
#998=VECTOR('',#6416,1.);
#999=VECTOR('',#6417,1.);
#1000=VECTOR('',#6420,1.);
#1001=VECTOR('',#6425,1.);
#1002=VECTOR('',#6426,1.);
#1003=VECTOR('',#6427,1.);
#1004=VECTOR('',#6430,1.);
#1005=VECTOR('',#6435,1.);
#1006=VECTOR('',#6436,1.);
#1007=VECTOR('',#6439,1.);
#1008=VECTOR('',#6440,1.);
#1009=VECTOR('',#6443,1.);
#1010=VECTOR('',#6444,1.);
#1011=VECTOR('',#6447,1.);
#1012=VECTOR('',#6452,1.);
#1013=VECTOR('',#6453,1.);
#1014=VECTOR('',#6456,1.);
#1015=VECTOR('',#6457,1.);
#1016=VECTOR('',#6460,1.);
#1017=VECTOR('',#6465,1.);
#1018=VECTOR('',#6468,1.);
#1019=VECTOR('',#6469,1.);
#1020=VECTOR('',#6472,1.);
#1021=VECTOR('',#6475,1.);
#1022=VECTOR('',#6476,1.);
#1023=VECTOR('',#6479,1.);
#1024=VECTOR('',#6484,1.);
#1025=VECTOR('',#6485,1.);
#1026=VECTOR('',#6486,1.);
#1027=VECTOR('',#6487,1.);
#1028=VECTOR('',#6490,1.);
#1029=VECTOR('',#6491,1.);
#1030=VECTOR('',#6494,1.);
#1031=VECTOR('',#6495,1.);
#1032=VECTOR('',#6498,1.);
#1033=VECTOR('',#6499,1.);
#1034=VECTOR('',#6502,1.);
#1035=VECTOR('',#6503,1.);
#1036=VECTOR('',#6504,1.);
#1037=VECTOR('',#6507,1.);
#1038=VECTOR('',#6508,1.);
#1039=VECTOR('',#6511,1.);
#1040=VECTOR('',#6516,1.);
#1041=VECTOR('',#6517,1.);
#1042=VECTOR('',#6526,1.);
#1043=VECTOR('',#6545,1.);
#1044=VECTOR('',#6550,1.);
#1045=VECTOR('',#6551,1.);
#1046=VECTOR('',#6558,1.);
#1047=VECTOR('',#6559,1.);
#1048=VECTOR('',#6562,1.);
#1049=VECTOR('',#6563,1.);
#1050=VECTOR('',#6564,1.);
#1051=VECTOR('',#6565,1.);
#1052=VECTOR('',#6568,1.);
#1053=VECTOR('',#6569,1.);
#1054=VECTOR('',#6572,1.);
#1055=VECTOR('',#6573,1.);
#1056=VECTOR('',#6574,1.);
#1057=VECTOR('',#6575,1.);
#1058=VECTOR('',#6578,1.);
#1059=VECTOR('',#6579,1.);
#1060=VECTOR('',#6580,1.);
#1061=VECTOR('',#6581,1.);
#1062=VECTOR('',#6582,1.);
#1063=VECTOR('',#6583,1.);
#1064=VECTOR('',#6584,1.);
#1065=VECTOR('',#6585,1.);
#1066=VECTOR('',#6586,1.);
#1067=VECTOR('',#6587,1.);
#1068=VECTOR('',#6590,1.);
#1069=VECTOR('',#6591,1.);
#1070=VECTOR('',#6592,1.);
#1071=VECTOR('',#6593,1.);
#1072=VECTOR('',#6596,1.);
#1073=VECTOR('',#6597,1.);
#1074=VECTOR('',#6598,1.);
#1075=VECTOR('',#6599,1.);
#1076=VECTOR('',#6600,1.);
#1077=VECTOR('',#6601,1.);
#1078=VECTOR('',#6604,1.);
#1079=VECTOR('',#6605,1.);
#1080=VECTOR('',#6608,1.);
#1081=VECTOR('',#6609,1.);
#1082=VECTOR('',#6610,1.);
#1083=VECTOR('',#6613,1.);
#1084=VECTOR('',#6614,1.);
#1085=VECTOR('',#6615,1.);
#1086=VECTOR('',#6616,1.);
#1087=VECTOR('',#6619,1.);
#1088=VECTOR('',#6620,1.);
#1089=VECTOR('',#6621,1.);
#1090=VECTOR('',#6622,1.);
#1091=VECTOR('',#6629,1.);
#1092=VECTOR('',#6630,1.);
#1093=VECTOR('',#6631,1.);
#1094=VECTOR('',#6632,1.);
#1095=VECTOR('',#6635,1.);
#1096=VECTOR('',#6636,1.);
#1097=VECTOR('',#6637,1.);
#1098=VECTOR('',#6640,1.);
#1099=VECTOR('',#6641,1.);
#1100=VECTOR('',#6642,1.);
#1101=VECTOR('',#6645,1.);
#1102=VECTOR('',#6646,1.);
#1103=VECTOR('',#6649,1.);
#1104=VECTOR('',#6650,1.);
#1105=VECTOR('',#6653,1.);
#1106=VECTOR('',#6654,1.);
#1107=VECTOR('',#6657,1.);
#1108=VECTOR('',#6658,1.);
#1109=VECTOR('',#6659,1.);
#1110=VECTOR('',#6662,1.);
#1111=VECTOR('',#6663,1.);
#1112=VECTOR('',#6664,1.);
#1113=VECTOR('',#6665,1.);
#1114=VECTOR('',#6668,1.);
#1115=VECTOR('',#6669,1.);
#1116=VECTOR('',#6670,1.);
#1117=VECTOR('',#6673,1.);
#1118=VECTOR('',#6674,1.);
#1119=VECTOR('',#6677,1.);
#1120=VECTOR('',#6678,1.);
#1121=VECTOR('',#6681,1.);
#1122=VECTOR('',#6686,1.);
#1123=VECTOR('',#6687,1.);
#1124=VECTOR('',#6696,1.);
#1125=VECTOR('',#6697,1.);
#1126=VECTOR('',#6700,1.);
#1127=VECTOR('',#6701,1.);
#1128=VECTOR('',#6704,1.);
#1129=VECTOR('',#6709,1.);
#1130=VECTOR('',#6710,1.);
#1131=VECTOR('',#6713,1.);
#1132=VECTOR('',#6714,1.);
#1133=VECTOR('',#6717,1.);
#1134=VECTOR('',#6722,1.);
#1135=VECTOR('',#6727,1.);
#1136=ORIENTED_EDGE('',*,*,#2580,.T.);
#1137=ORIENTED_EDGE('',*,*,#2581,.T.);
#1138=ORIENTED_EDGE('',*,*,#2582,.T.);
#1139=ORIENTED_EDGE('',*,*,#2583,.F.);
#1140=ORIENTED_EDGE('',*,*,#2584,.T.);
#1141=ORIENTED_EDGE('',*,*,#2585,.F.);
#1142=ORIENTED_EDGE('',*,*,#2586,.F.);
#1143=ORIENTED_EDGE('',*,*,#2587,.T.);
#1144=ORIENTED_EDGE('',*,*,#2588,.F.);
#1145=ORIENTED_EDGE('',*,*,#2589,.F.);
#1146=ORIENTED_EDGE('',*,*,#2590,.T.);
#1147=ORIENTED_EDGE('',*,*,#2591,.T.);
#1148=ORIENTED_EDGE('',*,*,#2592,.T.);
#1149=ORIENTED_EDGE('',*,*,#2593,.T.);
#1150=ORIENTED_EDGE('',*,*,#2594,.T.);
#1151=ORIENTED_EDGE('',*,*,#2595,.T.);
#1152=ORIENTED_EDGE('',*,*,#2596,.T.);
#1153=ORIENTED_EDGE('',*,*,#2597,.T.);
#1154=ORIENTED_EDGE('',*,*,#2598,.T.);
#1155=ORIENTED_EDGE('',*,*,#2599,.F.);
#1156=ORIENTED_EDGE('',*,*,#2600,.F.);
#1157=ORIENTED_EDGE('',*,*,#2601,.F.);
#1158=ORIENTED_EDGE('',*,*,#2602,.T.);
#1159=ORIENTED_EDGE('',*,*,#2603,.T.);
#1160=ORIENTED_EDGE('',*,*,#2604,.T.);
#1161=ORIENTED_EDGE('',*,*,#2605,.T.);
#1162=ORIENTED_EDGE('',*,*,#2606,.T.);
#1163=ORIENTED_EDGE('',*,*,#2607,.T.);
#1164=ORIENTED_EDGE('',*,*,#2608,.T.);
#1165=ORIENTED_EDGE('',*,*,#2609,.T.);
#1166=ORIENTED_EDGE('',*,*,#2610,.T.);
#1167=ORIENTED_EDGE('',*,*,#2611,.T.);
#1168=ORIENTED_EDGE('',*,*,#2612,.T.);
#1169=ORIENTED_EDGE('',*,*,#2613,.T.);
#1170=ORIENTED_EDGE('',*,*,#2614,.T.);
#1171=ORIENTED_EDGE('',*,*,#2615,.T.);
#1172=ORIENTED_EDGE('',*,*,#2616,.F.);
#1173=ORIENTED_EDGE('',*,*,#2617,.T.);
#1174=ORIENTED_EDGE('',*,*,#2618,.T.);
#1175=ORIENTED_EDGE('',*,*,#2619,.T.);
#1176=ORIENTED_EDGE('',*,*,#2620,.T.);
#1177=ORIENTED_EDGE('',*,*,#2621,.T.);
#1178=ORIENTED_EDGE('',*,*,#2622,.T.);
#1179=ORIENTED_EDGE('',*,*,#2623,.F.);
#1180=ORIENTED_EDGE('',*,*,#2624,.T.);
#1181=ORIENTED_EDGE('',*,*,#2625,.T.);
#1182=ORIENTED_EDGE('',*,*,#2626,.T.);
#1183=ORIENTED_EDGE('',*,*,#2627,.F.);
#1184=ORIENTED_EDGE('',*,*,#2628,.F.);
#1185=ORIENTED_EDGE('',*,*,#2629,.F.);
#1186=ORIENTED_EDGE('',*,*,#2630,.F.);
#1187=ORIENTED_EDGE('',*,*,#2631,.F.);
#1188=ORIENTED_EDGE('',*,*,#2632,.T.);
#1189=ORIENTED_EDGE('',*,*,#2633,.T.);
#1190=ORIENTED_EDGE('',*,*,#2634,.T.);
#1191=ORIENTED_EDGE('',*,*,#2635,.T.);
#1192=ORIENTED_EDGE('',*,*,#2636,.T.);
#1193=ORIENTED_EDGE('',*,*,#2637,.T.);
#1194=ORIENTED_EDGE('',*,*,#2638,.T.);
#1195=ORIENTED_EDGE('',*,*,#2639,.F.);
#1196=ORIENTED_EDGE('',*,*,#2640,.F.);
#1197=ORIENTED_EDGE('',*,*,#2641,.F.);
#1198=ORIENTED_EDGE('',*,*,#2642,.F.);
#1199=ORIENTED_EDGE('',*,*,#2643,.F.);
#1200=ORIENTED_EDGE('',*,*,#2644,.T.);
#1201=ORIENTED_EDGE('',*,*,#2645,.T.);
#1202=ORIENTED_EDGE('',*,*,#2646,.F.);
#1203=ORIENTED_EDGE('',*,*,#2647,.T.);
#1204=ORIENTED_EDGE('',*,*,#2648,.F.);
#1205=ORIENTED_EDGE('',*,*,#2649,.T.);
#1206=ORIENTED_EDGE('',*,*,#2650,.F.);
#1207=ORIENTED_EDGE('',*,*,#2651,.T.);
#1208=ORIENTED_EDGE('',*,*,#2652,.F.);
#1209=ORIENTED_EDGE('',*,*,#2653,.T.);
#1210=ORIENTED_EDGE('',*,*,#2654,.F.);
#1211=ORIENTED_EDGE('',*,*,#2655,.F.);
#1212=ORIENTED_EDGE('',*,*,#2656,.F.);
#1213=ORIENTED_EDGE('',*,*,#2657,.T.);
#1214=ORIENTED_EDGE('',*,*,#2658,.F.);
#1215=ORIENTED_EDGE('',*,*,#2659,.T.);
#1216=ORIENTED_EDGE('',*,*,#2660,.T.);
#1217=ORIENTED_EDGE('',*,*,#2661,.F.);
#1218=ORIENTED_EDGE('',*,*,#2662,.F.);
#1219=ORIENTED_EDGE('',*,*,#2663,.T.);
#1220=ORIENTED_EDGE('',*,*,#2664,.T.);
#1221=ORIENTED_EDGE('',*,*,#2665,.T.);
#1222=ORIENTED_EDGE('',*,*,#2666,.F.);
#1223=ORIENTED_EDGE('',*,*,#2667,.T.);
#1224=ORIENTED_EDGE('',*,*,#2668,.T.);
#1225=ORIENTED_EDGE('',*,*,#2669,.F.);
#1226=ORIENTED_EDGE('',*,*,#2670,.F.);
#1227=ORIENTED_EDGE('',*,*,#2671,.F.);
#1228=ORIENTED_EDGE('',*,*,#2672,.T.);
#1229=ORIENTED_EDGE('',*,*,#2673,.F.);
#1230=ORIENTED_EDGE('',*,*,#2674,.F.);
#1231=ORIENTED_EDGE('',*,*,#2675,.F.);
#1232=ORIENTED_EDGE('',*,*,#2676,.T.);
#1233=ORIENTED_EDGE('',*,*,#2677,.F.);
#1234=ORIENTED_EDGE('',*,*,#2678,.F.);
#1235=ORIENTED_EDGE('',*,*,#2679,.F.);
#1236=ORIENTED_EDGE('',*,*,#2680,.T.);
#1237=ORIENTED_EDGE('',*,*,#2681,.T.);
#1238=ORIENTED_EDGE('',*,*,#2682,.T.);
#1239=ORIENTED_EDGE('',*,*,#2683,.F.);
#1240=ORIENTED_EDGE('',*,*,#2684,.F.);
#1241=ORIENTED_EDGE('',*,*,#2685,.F.);
#1242=ORIENTED_EDGE('',*,*,#2686,.F.);
#1243=ORIENTED_EDGE('',*,*,#2687,.F.);
#1244=ORIENTED_EDGE('',*,*,#2688,.F.);
#1245=ORIENTED_EDGE('',*,*,#2689,.F.);
#1246=ORIENTED_EDGE('',*,*,#2690,.T.);
#1247=ORIENTED_EDGE('',*,*,#2691,.T.);
#1248=ORIENTED_EDGE('',*,*,#2692,.F.);
#1249=ORIENTED_EDGE('',*,*,#2693,.T.);
#1250=ORIENTED_EDGE('',*,*,#2694,.T.);
#1251=ORIENTED_EDGE('',*,*,#2695,.T.);
#1252=ORIENTED_EDGE('',*,*,#2696,.T.);
#1253=ORIENTED_EDGE('',*,*,#2697,.F.);
#1254=ORIENTED_EDGE('',*,*,#2698,.T.);
#1255=ORIENTED_EDGE('',*,*,#2693,.F.);
#1256=ORIENTED_EDGE('',*,*,#2699,.T.);
#1257=ORIENTED_EDGE('',*,*,#2695,.F.);
#1258=ORIENTED_EDGE('',*,*,#2700,.T.);
#1259=ORIENTED_EDGE('',*,*,#2701,.F.);
#1260=ORIENTED_EDGE('',*,*,#2702,.T.);
#1261=ORIENTED_EDGE('',*,*,#2703,.T.);
#1262=ORIENTED_EDGE('',*,*,#2704,.T.);
#1263=ORIENTED_EDGE('',*,*,#2705,.T.);
#1264=ORIENTED_EDGE('',*,*,#2697,.T.);
#1265=ORIENTED_EDGE('',*,*,#2706,.F.);
#1266=ORIENTED_EDGE('',*,*,#2707,.T.);
#1267=ORIENTED_EDGE('',*,*,#2708,.T.);
#1268=ORIENTED_EDGE('',*,*,#2709,.T.);
#1269=ORIENTED_EDGE('',*,*,#2602,.F.);
#1270=ORIENTED_EDGE('',*,*,#2710,.T.);
#1271=ORIENTED_EDGE('',*,*,#2711,.F.);
#1272=ORIENTED_EDGE('',*,*,#2712,.T.);
#1273=ORIENTED_EDGE('',*,*,#2598,.F.);
#1274=ORIENTED_EDGE('',*,*,#2713,.T.);
#1275=ORIENTED_EDGE('',*,*,#2714,.T.);
#1276=ORIENTED_EDGE('',*,*,#2715,.T.);
#1277=ORIENTED_EDGE('',*,*,#2716,.T.);
#1278=ORIENTED_EDGE('',*,*,#2717,.T.);
#1279=ORIENTED_EDGE('',*,*,#2718,.T.);
#1280=ORIENTED_EDGE('',*,*,#2719,.T.);
#1281=ORIENTED_EDGE('',*,*,#2720,.T.);
#1282=ORIENTED_EDGE('',*,*,#2721,.T.);
#1283=ORIENTED_EDGE('',*,*,#2722,.T.);
#1284=ORIENTED_EDGE('',*,*,#2723,.T.);
#1285=ORIENTED_EDGE('',*,*,#2724,.T.);
#1286=ORIENTED_EDGE('',*,*,#2725,.F.);
#1287=ORIENTED_EDGE('',*,*,#2726,.F.);
#1288=ORIENTED_EDGE('',*,*,#2701,.T.);
#1289=ORIENTED_EDGE('',*,*,#2727,.T.);
#1290=ORIENTED_EDGE('',*,*,#2592,.F.);
#1291=ORIENTED_EDGE('',*,*,#2728,.T.);
#1292=ORIENTED_EDGE('',*,*,#2729,.T.);
#1293=ORIENTED_EDGE('',*,*,#2730,.T.);
#1294=ORIENTED_EDGE('',*,*,#2731,.F.);
#1295=ORIENTED_EDGE('',*,*,#2732,.T.);
#1296=ORIENTED_EDGE('',*,*,#2596,.F.);
#1297=ORIENTED_EDGE('',*,*,#2733,.F.);
#1298=ORIENTED_EDGE('',*,*,#2734,.T.);
#1299=ORIENTED_EDGE('',*,*,#2735,.F.);
#1300=ORIENTED_EDGE('',*,*,#2736,.T.);
#1301=ORIENTED_EDGE('',*,*,#2737,.F.);
#1302=ORIENTED_EDGE('',*,*,#2738,.T.);
#1303=ORIENTED_EDGE('',*,*,#2739,.F.);
#1304=ORIENTED_EDGE('',*,*,#2740,.T.);
#1305=ORIENTED_EDGE('',*,*,#2741,.F.);
#1306=ORIENTED_EDGE('',*,*,#2742,.F.);
#1307=ORIENTED_EDGE('',*,*,#2743,.F.);
#1308=ORIENTED_EDGE('',*,*,#2744,.F.);
#1309=ORIENTED_EDGE('',*,*,#2745,.F.);
#1310=ORIENTED_EDGE('',*,*,#2746,.F.);
#1311=ORIENTED_EDGE('',*,*,#2747,.F.);
#1312=ORIENTED_EDGE('',*,*,#2584,.F.);
#1313=ORIENTED_EDGE('',*,*,#2748,.T.);
#1314=ORIENTED_EDGE('',*,*,#2749,.T.);
#1315=ORIENTED_EDGE('',*,*,#2750,.T.);
#1316=ORIENTED_EDGE('',*,*,#2582,.F.);
#1317=ORIENTED_EDGE('',*,*,#2751,.T.);
#1318=ORIENTED_EDGE('',*,*,#2752,.F.);
#1319=ORIENTED_EDGE('',*,*,#2753,.F.);
#1320=ORIENTED_EDGE('',*,*,#2754,.T.);
#1321=ORIENTED_EDGE('',*,*,#2690,.F.);
#1322=ORIENTED_EDGE('',*,*,#2755,.F.);
#1323=ORIENTED_EDGE('',*,*,#2756,.T.);
#1324=ORIENTED_EDGE('',*,*,#2757,.T.);
#1325=ORIENTED_EDGE('',*,*,#2753,.T.);
#1326=ORIENTED_EDGE('',*,*,#2758,.T.);
#1327=ORIENTED_EDGE('',*,*,#2759,.F.);
#1328=ORIENTED_EDGE('',*,*,#2760,.F.);
#1329=ORIENTED_EDGE('',*,*,#2761,.F.);
#1330=ORIENTED_EDGE('',*,*,#2762,.F.);
#1331=ORIENTED_EDGE('',*,*,#2763,.F.);
#1332=ORIENTED_EDGE('',*,*,#2764,.F.);
#1333=ORIENTED_EDGE('',*,*,#2765,.F.);
#1334=ORIENTED_EDGE('',*,*,#2766,.F.);
#1335=ORIENTED_EDGE('',*,*,#2767,.F.);
#1336=ORIENTED_EDGE('',*,*,#2746,.T.);
#1337=ORIENTED_EDGE('',*,*,#2744,.T.);
#1338=ORIENTED_EDGE('',*,*,#2742,.T.);
#1339=ORIENTED_EDGE('',*,*,#2689,.T.);
#1340=ORIENTED_EDGE('',*,*,#2768,.F.);
#1341=ORIENTED_EDGE('',*,*,#2769,.F.);
#1342=ORIENTED_EDGE('',*,*,#2755,.T.);
#1343=ORIENTED_EDGE('',*,*,#2692,.T.);
#1344=ORIENTED_EDGE('',*,*,#2770,.F.);
#1345=ORIENTED_EDGE('',*,*,#2771,.F.);
#1346=ORIENTED_EDGE('',*,*,#2768,.T.);
#1347=ORIENTED_EDGE('',*,*,#2740,.F.);
#1348=ORIENTED_EDGE('',*,*,#2738,.F.);
#1349=ORIENTED_EDGE('',*,*,#2736,.F.);
#1350=ORIENTED_EDGE('',*,*,#2691,.F.);
#1351=ORIENTED_EDGE('',*,*,#2757,.F.);
#1352=ORIENTED_EDGE('',*,*,#2772,.T.);
#1353=ORIENTED_EDGE('',*,*,#2770,.T.);
#1354=ORIENTED_EDGE('',*,*,#2756,.F.);
#1355=ORIENTED_EDGE('',*,*,#2769,.T.);
#1356=ORIENTED_EDGE('',*,*,#2771,.T.);
#1357=ORIENTED_EDGE('',*,*,#2772,.F.);
#1358=ORIENTED_EDGE('',*,*,#2752,.T.);
#1359=ORIENTED_EDGE('',*,*,#2773,.T.);
#1360=ORIENTED_EDGE('',*,*,#2774,.F.);
#1361=ORIENTED_EDGE('',*,*,#2758,.F.);
#1362=ORIENTED_EDGE('',*,*,#2775,.F.);
#1363=ORIENTED_EDGE('',*,*,#2776,.T.);
#1364=ORIENTED_EDGE('',*,*,#2586,.T.);
#1365=ORIENTED_EDGE('',*,*,#2777,.F.);
#1366=ORIENTED_EDGE('',*,*,#2759,.T.);
#1367=ORIENTED_EDGE('',*,*,#2774,.T.);
#1368=ORIENTED_EDGE('',*,*,#2778,.T.);
#1369=ORIENTED_EDGE('',*,*,#2588,.T.);
#1370=ORIENTED_EDGE('',*,*,#2779,.T.);
#1371=ORIENTED_EDGE('',*,*,#2760,.T.);
#1372=ORIENTED_EDGE('',*,*,#2777,.T.);
#1373=ORIENTED_EDGE('',*,*,#2585,.T.);
#1374=ORIENTED_EDGE('',*,*,#2754,.F.);
#1375=ORIENTED_EDGE('',*,*,#2722,.F.);
#1376=ORIENTED_EDGE('',*,*,#2767,.T.);
#1377=ORIENTED_EDGE('',*,*,#2721,.F.);
#1378=ORIENTED_EDGE('',*,*,#2766,.T.);
#1379=ORIENTED_EDGE('',*,*,#2720,.F.);
#1380=ORIENTED_EDGE('',*,*,#2765,.T.);
#1381=ORIENTED_EDGE('',*,*,#2719,.F.);
#1382=ORIENTED_EDGE('',*,*,#2764,.T.);
#1383=ORIENTED_EDGE('',*,*,#2718,.F.);
#1384=ORIENTED_EDGE('',*,*,#2763,.T.);
#1385=ORIENTED_EDGE('',*,*,#2717,.F.);
#1386=ORIENTED_EDGE('',*,*,#2762,.T.);
#1387=ORIENTED_EDGE('',*,*,#2716,.F.);
#1388=ORIENTED_EDGE('',*,*,#2761,.T.);
#1389=ORIENTED_EDGE('',*,*,#2707,.F.);
#1390=ORIENTED_EDGE('',*,*,#2780,.T.);
#1391=ORIENTED_EDGE('',*,*,#2696,.F.);
#1392=ORIENTED_EDGE('',*,*,#2781,.T.);
#1393=ORIENTED_EDGE('',*,*,#2725,.T.);
#1394=ORIENTED_EDGE('',*,*,#2590,.F.);
#1395=ORIENTED_EDGE('',*,*,#2699,.F.);
#1396=ORIENTED_EDGE('',*,*,#2780,.F.);
#1397=ORIENTED_EDGE('',*,*,#2706,.T.);
#1398=ORIENTED_EDGE('',*,*,#2726,.T.);
#1399=ORIENTED_EDGE('',*,*,#2781,.F.);
#1400=ORIENTED_EDGE('',*,*,#2702,.F.);
#1401=ORIENTED_EDGE('',*,*,#2748,.F.);
#1402=ORIENTED_EDGE('',*,*,#2583,.T.);
#1403=ORIENTED_EDGE('',*,*,#2750,.F.);
#1404=ORIENTED_EDGE('',*,*,#2782,.F.);
#1405=ORIENTED_EDGE('',*,*,#2783,.F.);
#1406=ORIENTED_EDGE('',*,*,#2749,.F.);
#1407=ORIENTED_EDGE('',*,*,#2782,.T.);
#1408=ORIENTED_EDGE('',*,*,#2776,.F.);
#1409=ORIENTED_EDGE('',*,*,#2784,.T.);
#1410=ORIENTED_EDGE('',*,*,#2779,.F.);
#1411=ORIENTED_EDGE('',*,*,#2587,.F.);
#1412=ORIENTED_EDGE('',*,*,#2785,.T.);
#1413=ORIENTED_EDGE('',*,*,#2784,.F.);
#1414=ORIENTED_EDGE('',*,*,#2775,.T.);
#1415=ORIENTED_EDGE('',*,*,#2589,.T.);
#1416=ORIENTED_EDGE('',*,*,#2785,.F.);
#1417=ORIENTED_EDGE('',*,*,#2580,.F.);
#1418=ORIENTED_EDGE('',*,*,#2783,.T.);
#1419=ORIENTED_EDGE('',*,*,#2786,.F.);
#1420=ORIENTED_EDGE('',*,*,#2688,.T.);
#1421=ORIENTED_EDGE('',*,*,#2786,.T.);
#1422=ORIENTED_EDGE('',*,*,#2787,.F.);
#1423=ORIENTED_EDGE('',*,*,#2687,.T.);
#1424=ORIENTED_EDGE('',*,*,#2787,.T.);
#1425=ORIENTED_EDGE('',*,*,#2788,.F.);
#1426=ORIENTED_EDGE('',*,*,#2686,.T.);
#1427=ORIENTED_EDGE('',*,*,#2788,.T.);
#1428=ORIENTED_EDGE('',*,*,#2789,.F.);
#1429=ORIENTED_EDGE('',*,*,#2685,.T.);
#1430=ORIENTED_EDGE('',*,*,#2789,.T.);
#1431=ORIENTED_EDGE('',*,*,#2790,.F.);
#1432=ORIENTED_EDGE('',*,*,#2714,.F.);
#1433=ORIENTED_EDGE('',*,*,#2791,.T.);
#1434=ORIENTED_EDGE('',*,*,#2790,.T.);
#1435=ORIENTED_EDGE('',*,*,#2747,.T.);
#1436=ORIENTED_EDGE('',*,*,#2745,.T.);
#1437=ORIENTED_EDGE('',*,*,#2743,.T.);
#1438=ORIENTED_EDGE('',*,*,#2731,.T.);
#1439=ORIENTED_EDGE('',*,*,#2792,.T.);
#1440=ORIENTED_EDGE('',*,*,#2793,.F.);
#1441=ORIENTED_EDGE('',*,*,#2793,.T.);
#1442=ORIENTED_EDGE('',*,*,#2741,.T.);
#1443=ORIENTED_EDGE('',*,*,#2739,.T.);
#1444=ORIENTED_EDGE('',*,*,#2737,.T.);
#1445=ORIENTED_EDGE('',*,*,#2620,.F.);
#1446=ORIENTED_EDGE('',*,*,#2794,.T.);
#1447=ORIENTED_EDGE('',*,*,#2727,.F.);
#1448=ORIENTED_EDGE('',*,*,#2700,.F.);
#1449=ORIENTED_EDGE('',*,*,#2694,.F.);
#1450=ORIENTED_EDGE('',*,*,#2698,.F.);
#1451=ORIENTED_EDGE('',*,*,#2705,.F.);
#1452=ORIENTED_EDGE('',*,*,#2795,.T.);
#1453=ORIENTED_EDGE('',*,*,#2796,.F.);
#1454=ORIENTED_EDGE('',*,*,#2797,.T.);
#1455=ORIENTED_EDGE('',*,*,#2715,.F.);
#1456=ORIENTED_EDGE('',*,*,#2791,.F.);
#1457=ORIENTED_EDGE('',*,*,#2713,.F.);
#1458=ORIENTED_EDGE('',*,*,#2798,.T.);
#1459=ORIENTED_EDGE('',*,*,#2604,.F.);
#1460=ORIENTED_EDGE('',*,*,#2799,.F.);
#1461=ORIENTED_EDGE('',*,*,#2800,.T.);
#1462=ORIENTED_EDGE('',*,*,#2617,.F.);
#1463=ORIENTED_EDGE('',*,*,#2801,.T.);
#1464=ORIENTED_EDGE('',*,*,#2796,.T.);
#1465=ORIENTED_EDGE('',*,*,#2607,.F.);
#1466=ORIENTED_EDGE('',*,*,#2730,.F.);
#1467=ORIENTED_EDGE('',*,*,#2802,.T.);
#1468=ORIENTED_EDGE('',*,*,#2799,.T.);
#1469=ORIENTED_EDGE('',*,*,#2606,.F.);
#1470=ORIENTED_EDGE('',*,*,#2803,.T.);
#1471=ORIENTED_EDGE('',*,*,#2732,.F.);
#1472=ORIENTED_EDGE('',*,*,#2792,.F.);
#1473=ORIENTED_EDGE('',*,*,#2597,.F.);
#1474=ORIENTED_EDGE('',*,*,#2803,.F.);
#1475=ORIENTED_EDGE('',*,*,#2605,.F.);
#1476=ORIENTED_EDGE('',*,*,#2798,.F.);
#1477=ORIENTED_EDGE('',*,*,#2778,.F.);
#1478=ORIENTED_EDGE('',*,*,#2773,.F.);
#1479=ORIENTED_EDGE('',*,*,#2751,.F.);
#1480=ORIENTED_EDGE('',*,*,#2581,.F.);
#1481=ORIENTED_EDGE('',*,*,#2622,.F.);
#1482=ORIENTED_EDGE('',*,*,#2804,.T.);
#1483=ORIENTED_EDGE('',*,*,#2708,.F.);
#1484=ORIENTED_EDGE('',*,*,#2797,.F.);
#1485=ORIENTED_EDGE('',*,*,#2801,.F.);
#1486=ORIENTED_EDGE('',*,*,#2729,.F.);
#1487=ORIENTED_EDGE('',*,*,#2805,.T.);
#1488=ORIENTED_EDGE('',*,*,#2618,.F.);
#1489=ORIENTED_EDGE('',*,*,#2800,.F.);
#1490=ORIENTED_EDGE('',*,*,#2802,.F.);
#1491=ORIENTED_EDGE('',*,*,#2806,.T.);
#1492=ORIENTED_EDGE('',*,*,#2807,.T.);
#1493=ORIENTED_EDGE('',*,*,#2808,.F.);
#1494=ORIENTED_EDGE('',*,*,#2809,.F.);
#1495=ORIENTED_EDGE('',*,*,#2661,.T.);
#1496=ORIENTED_EDGE('',*,*,#2810,.F.);
#1497=ORIENTED_EDGE('',*,*,#2811,.F.);
#1498=ORIENTED_EDGE('',*,*,#2812,.F.);
#1499=ORIENTED_EDGE('',*,*,#2808,.T.);
#1500=ORIENTED_EDGE('',*,*,#2813,.T.);
#1501=ORIENTED_EDGE('',*,*,#2811,.T.);
#1502=ORIENTED_EDGE('',*,*,#2814,.T.);
#1503=ORIENTED_EDGE('',*,*,#2815,.F.);
#1504=ORIENTED_EDGE('',*,*,#2816,.F.);
#1505=ORIENTED_EDGE('',*,*,#2631,.T.);
#1506=ORIENTED_EDGE('',*,*,#2817,.F.);
#1507=ORIENTED_EDGE('',*,*,#2818,.F.);
#1508=ORIENTED_EDGE('',*,*,#2815,.T.);
#1509=ORIENTED_EDGE('',*,*,#2819,.T.);
#1510=ORIENTED_EDGE('',*,*,#2630,.T.);
#1511=ORIENTED_EDGE('',*,*,#2820,.F.);
#1512=ORIENTED_EDGE('',*,*,#2821,.F.);
#1513=ORIENTED_EDGE('',*,*,#2817,.T.);
#1514=ORIENTED_EDGE('',*,*,#2629,.T.);
#1515=ORIENTED_EDGE('',*,*,#2822,.F.);
#1516=ORIENTED_EDGE('',*,*,#2823,.F.);
#1517=ORIENTED_EDGE('',*,*,#2820,.T.);
#1518=ORIENTED_EDGE('',*,*,#2628,.T.);
#1519=ORIENTED_EDGE('',*,*,#2824,.F.);
#1520=ORIENTED_EDGE('',*,*,#2825,.F.);
#1521=ORIENTED_EDGE('',*,*,#2826,.F.);
#1522=ORIENTED_EDGE('',*,*,#2822,.T.);
#1523=ORIENTED_EDGE('',*,*,#2825,.T.);
#1524=ORIENTED_EDGE('',*,*,#2827,.T.);
#1525=ORIENTED_EDGE('',*,*,#2828,.F.);
#1526=ORIENTED_EDGE('',*,*,#2829,.F.);
#1527=ORIENTED_EDGE('',*,*,#2684,.T.);
#1528=ORIENTED_EDGE('',*,*,#2830,.F.);
#1529=ORIENTED_EDGE('',*,*,#2831,.F.);
#1530=ORIENTED_EDGE('',*,*,#2832,.F.);
#1531=ORIENTED_EDGE('',*,*,#2828,.T.);
#1532=ORIENTED_EDGE('',*,*,#2833,.T.);
#1533=ORIENTED_EDGE('',*,*,#2831,.T.);
#1534=ORIENTED_EDGE('',*,*,#2834,.T.);
#1535=ORIENTED_EDGE('',*,*,#2835,.F.);
#1536=ORIENTED_EDGE('',*,*,#2836,.F.);
#1537=ORIENTED_EDGE('',*,*,#2837,.F.);
#1538=ORIENTED_EDGE('',*,*,#2838,.F.);
#1539=ORIENTED_EDGE('',*,*,#2839,.T.);
#1540=ORIENTED_EDGE('',*,*,#2840,.T.);
#1541=ORIENTED_EDGE('',*,*,#2841,.F.);
#1542=ORIENTED_EDGE('',*,*,#2840,.F.);
#1543=ORIENTED_EDGE('',*,*,#2842,.T.);
#1544=ORIENTED_EDGE('',*,*,#2838,.T.);
#1545=ORIENTED_EDGE('',*,*,#2655,.T.);
#1546=ORIENTED_EDGE('',*,*,#2843,.F.);
#1547=ORIENTED_EDGE('',*,*,#2806,.F.);
#1548=ORIENTED_EDGE('',*,*,#2844,.F.);
#1549=ORIENTED_EDGE('',*,*,#2835,.T.);
#1550=ORIENTED_EDGE('',*,*,#2845,.T.);
#1551=ORIENTED_EDGE('',*,*,#2846,.F.);
#1552=ORIENTED_EDGE('',*,*,#2847,.F.);
#1553=ORIENTED_EDGE('',*,*,#2848,.F.);
#1554=ORIENTED_EDGE('',*,*,#2849,.F.);
#1555=ORIENTED_EDGE('',*,*,#2850,.F.);
#1556=ORIENTED_EDGE('',*,*,#2839,.F.);
#1557=ORIENTED_EDGE('',*,*,#2842,.F.);
#1558=ORIENTED_EDGE('',*,*,#2809,.T.);
#1559=ORIENTED_EDGE('',*,*,#2812,.T.);
#1560=ORIENTED_EDGE('',*,*,#2816,.T.);
#1561=ORIENTED_EDGE('',*,*,#2818,.T.);
#1562=ORIENTED_EDGE('',*,*,#2821,.T.);
#1563=ORIENTED_EDGE('',*,*,#2823,.T.);
#1564=ORIENTED_EDGE('',*,*,#2826,.T.);
#1565=ORIENTED_EDGE('',*,*,#2829,.T.);
#1566=ORIENTED_EDGE('',*,*,#2832,.T.);
#1567=ORIENTED_EDGE('',*,*,#2836,.T.);
#1568=ORIENTED_EDGE('',*,*,#2844,.T.);
#1569=ORIENTED_EDGE('',*,*,#2851,.T.);
#1570=ORIENTED_EDGE('',*,*,#2851,.F.);
#1571=ORIENTED_EDGE('',*,*,#2846,.T.);
#1572=ORIENTED_EDGE('',*,*,#2852,.F.);
#1573=ORIENTED_EDGE('',*,*,#2853,.F.);
#1574=ORIENTED_EDGE('',*,*,#2854,.T.);
#1575=ORIENTED_EDGE('',*,*,#2855,.T.);
#1576=ORIENTED_EDGE('',*,*,#2856,.F.);
#1577=ORIENTED_EDGE('',*,*,#2857,.F.);
#1578=ORIENTED_EDGE('',*,*,#2858,.T.);
#1579=ORIENTED_EDGE('',*,*,#2859,.T.);
#1580=ORIENTED_EDGE('',*,*,#2651,.F.);
#1581=ORIENTED_EDGE('',*,*,#2860,.F.);
#1582=ORIENTED_EDGE('',*,*,#2861,.F.);
#1583=ORIENTED_EDGE('',*,*,#2862,.T.);
#1584=ORIENTED_EDGE('',*,*,#2857,.T.);
#1585=ORIENTED_EDGE('',*,*,#2863,.T.);
#1586=ORIENTED_EDGE('',*,*,#2864,.F.);
#1587=ORIENTED_EDGE('',*,*,#2865,.F.);
#1588=ORIENTED_EDGE('',*,*,#2866,.T.);
#1589=ORIENTED_EDGE('',*,*,#2861,.T.);
#1590=ORIENTED_EDGE('',*,*,#2649,.F.);
#1591=ORIENTED_EDGE('',*,*,#2867,.F.);
#1592=ORIENTED_EDGE('',*,*,#2868,.F.);
#1593=ORIENTED_EDGE('',*,*,#2869,.T.);
#1594=ORIENTED_EDGE('',*,*,#2865,.T.);
#1595=ORIENTED_EDGE('',*,*,#2870,.T.);
#1596=ORIENTED_EDGE('',*,*,#2871,.F.);
#1597=ORIENTED_EDGE('',*,*,#2872,.F.);
#1598=ORIENTED_EDGE('',*,*,#2873,.T.);
#1599=ORIENTED_EDGE('',*,*,#2868,.T.);
#1600=ORIENTED_EDGE('',*,*,#2665,.F.);
#1601=ORIENTED_EDGE('',*,*,#2874,.F.);
#1602=ORIENTED_EDGE('',*,*,#2875,.F.);
#1603=ORIENTED_EDGE('',*,*,#2876,.T.);
#1604=ORIENTED_EDGE('',*,*,#2872,.T.);
#1605=ORIENTED_EDGE('',*,*,#2877,.T.);
#1606=ORIENTED_EDGE('',*,*,#2878,.F.);
#1607=ORIENTED_EDGE('',*,*,#2879,.F.);
#1608=ORIENTED_EDGE('',*,*,#2880,.T.);
#1609=ORIENTED_EDGE('',*,*,#2875,.T.);
#1610=ORIENTED_EDGE('',*,*,#2634,.F.);
#1611=ORIENTED_EDGE('',*,*,#2881,.F.);
#1612=ORIENTED_EDGE('',*,*,#2882,.T.);
#1613=ORIENTED_EDGE('',*,*,#2879,.T.);
#1614=ORIENTED_EDGE('',*,*,#2883,.T.);
#1615=ORIENTED_EDGE('',*,*,#2633,.F.);
#1616=ORIENTED_EDGE('',*,*,#2884,.F.);
#1617=ORIENTED_EDGE('',*,*,#2885,.F.);
#1618=ORIENTED_EDGE('',*,*,#2886,.T.);
#1619=ORIENTED_EDGE('',*,*,#2881,.T.);
#1620=ORIENTED_EDGE('',*,*,#2887,.F.);
#1621=ORIENTED_EDGE('',*,*,#2888,.F.);
#1622=ORIENTED_EDGE('',*,*,#2889,.T.);
#1623=ORIENTED_EDGE('',*,*,#2885,.T.);
#1624=ORIENTED_EDGE('',*,*,#2659,.F.);
#1625=ORIENTED_EDGE('',*,*,#2890,.F.);
#1626=ORIENTED_EDGE('',*,*,#2891,.F.);
#1627=ORIENTED_EDGE('',*,*,#2892,.T.);
#1628=ORIENTED_EDGE('',*,*,#2888,.T.);
#1629=ORIENTED_EDGE('',*,*,#2893,.T.);
#1630=ORIENTED_EDGE('',*,*,#2894,.F.);
#1631=ORIENTED_EDGE('',*,*,#2895,.F.);
#1632=ORIENTED_EDGE('',*,*,#2896,.T.);
#1633=ORIENTED_EDGE('',*,*,#2891,.T.);
#1634=ORIENTED_EDGE('',*,*,#2657,.F.);
#1635=ORIENTED_EDGE('',*,*,#2897,.F.);
#1636=ORIENTED_EDGE('',*,*,#2898,.F.);
#1637=ORIENTED_EDGE('',*,*,#2899,.T.);
#1638=ORIENTED_EDGE('',*,*,#2895,.T.);
#1639=ORIENTED_EDGE('',*,*,#2900,.T.);
#1640=ORIENTED_EDGE('',*,*,#2901,.F.);
#1641=ORIENTED_EDGE('',*,*,#2902,.F.);
#1642=ORIENTED_EDGE('',*,*,#2903,.T.);
#1643=ORIENTED_EDGE('',*,*,#2898,.T.);
#1644=ORIENTED_EDGE('',*,*,#2682,.F.);
#1645=ORIENTED_EDGE('',*,*,#2904,.F.);
#1646=ORIENTED_EDGE('',*,*,#2905,.T.);
#1647=ORIENTED_EDGE('',*,*,#2902,.T.);
#1648=ORIENTED_EDGE('',*,*,#2906,.T.);
#1649=ORIENTED_EDGE('',*,*,#2681,.F.);
#1650=ORIENTED_EDGE('',*,*,#2907,.F.);
#1651=ORIENTED_EDGE('',*,*,#2908,.T.);
#1652=ORIENTED_EDGE('',*,*,#2904,.T.);
#1653=ORIENTED_EDGE('',*,*,#2680,.F.);
#1654=ORIENTED_EDGE('',*,*,#2909,.F.);
#1655=ORIENTED_EDGE('',*,*,#2855,.F.);
#1656=ORIENTED_EDGE('',*,*,#2910,.T.);
#1657=ORIENTED_EDGE('',*,*,#2907,.T.);
#1658=ORIENTED_EDGE('',*,*,#2854,.F.);
#1659=ORIENTED_EDGE('',*,*,#2911,.F.);
#1660=ORIENTED_EDGE('',*,*,#2912,.F.);
#1661=ORIENTED_EDGE('',*,*,#2913,.F.);
#1662=ORIENTED_EDGE('',*,*,#2858,.F.);
#1663=ORIENTED_EDGE('',*,*,#2862,.F.);
#1664=ORIENTED_EDGE('',*,*,#2866,.F.);
#1665=ORIENTED_EDGE('',*,*,#2869,.F.);
#1666=ORIENTED_EDGE('',*,*,#2873,.F.);
#1667=ORIENTED_EDGE('',*,*,#2876,.F.);
#1668=ORIENTED_EDGE('',*,*,#2880,.F.);
#1669=ORIENTED_EDGE('',*,*,#2882,.F.);
#1670=ORIENTED_EDGE('',*,*,#2886,.F.);
#1671=ORIENTED_EDGE('',*,*,#2889,.F.);
#1672=ORIENTED_EDGE('',*,*,#2892,.F.);
#1673=ORIENTED_EDGE('',*,*,#2896,.F.);
#1674=ORIENTED_EDGE('',*,*,#2899,.F.);
#1675=ORIENTED_EDGE('',*,*,#2903,.F.);
#1676=ORIENTED_EDGE('',*,*,#2905,.F.);
#1677=ORIENTED_EDGE('',*,*,#2908,.F.);
#1678=ORIENTED_EDGE('',*,*,#2910,.F.);
#1679=ORIENTED_EDGE('',*,*,#2914,.F.);
#1680=ORIENTED_EDGE('',*,*,#2915,.F.);
#1681=ORIENTED_EDGE('',*,*,#2916,.F.);
#1682=ORIENTED_EDGE('',*,*,#2917,.F.);
#1683=ORIENTED_EDGE('',*,*,#2918,.T.);
#1684=ORIENTED_EDGE('',*,*,#2644,.F.);
#1685=ORIENTED_EDGE('',*,*,#2919,.F.);
#1686=ORIENTED_EDGE('',*,*,#2920,.F.);
#1687=ORIENTED_EDGE('',*,*,#2921,.T.);
#1688=ORIENTED_EDGE('',*,*,#2922,.T.);
#1689=ORIENTED_EDGE('',*,*,#2923,.F.);
#1690=ORIENTED_EDGE('',*,*,#2924,.F.);
#1691=ORIENTED_EDGE('',*,*,#2925,.T.);
#1692=ORIENTED_EDGE('',*,*,#2920,.T.);
#1693=ORIENTED_EDGE('',*,*,#2676,.F.);
#1694=ORIENTED_EDGE('',*,*,#2926,.F.);
#1695=ORIENTED_EDGE('',*,*,#2927,.F.);
#1696=ORIENTED_EDGE('',*,*,#2928,.T.);
#1697=ORIENTED_EDGE('',*,*,#2924,.T.);
#1698=ORIENTED_EDGE('',*,*,#2929,.T.);
#1699=ORIENTED_EDGE('',*,*,#2930,.F.);
#1700=ORIENTED_EDGE('',*,*,#2931,.F.);
#1701=ORIENTED_EDGE('',*,*,#2932,.T.);
#1702=ORIENTED_EDGE('',*,*,#2927,.T.);
#1703=ORIENTED_EDGE('',*,*,#2672,.F.);
#1704=ORIENTED_EDGE('',*,*,#2933,.F.);
#1705=ORIENTED_EDGE('',*,*,#2934,.F.);
#1706=ORIENTED_EDGE('',*,*,#2935,.T.);
#1707=ORIENTED_EDGE('',*,*,#2931,.T.);
#1708=ORIENTED_EDGE('',*,*,#2936,.T.);
#1709=ORIENTED_EDGE('',*,*,#2937,.F.);
#1710=ORIENTED_EDGE('',*,*,#2938,.F.);
#1711=ORIENTED_EDGE('',*,*,#2939,.T.);
#1712=ORIENTED_EDGE('',*,*,#2934,.T.);
#1713=ORIENTED_EDGE('',*,*,#2668,.F.);
#1714=ORIENTED_EDGE('',*,*,#2940,.F.);
#1715=ORIENTED_EDGE('',*,*,#2941,.F.);
#1716=ORIENTED_EDGE('',*,*,#2942,.T.);
#1717=ORIENTED_EDGE('',*,*,#2938,.T.);
#1718=ORIENTED_EDGE('',*,*,#2943,.T.);
#1719=ORIENTED_EDGE('',*,*,#2944,.F.);
#1720=ORIENTED_EDGE('',*,*,#2945,.F.);
#1721=ORIENTED_EDGE('',*,*,#2946,.T.);
#1722=ORIENTED_EDGE('',*,*,#2941,.T.);
#1723=ORIENTED_EDGE('',*,*,#2637,.F.);
#1724=ORIENTED_EDGE('',*,*,#2947,.F.);
#1725=ORIENTED_EDGE('',*,*,#2948,.T.);
#1726=ORIENTED_EDGE('',*,*,#2945,.T.);
#1727=ORIENTED_EDGE('',*,*,#2949,.T.);
#1728=ORIENTED_EDGE('',*,*,#2636,.F.);
#1729=ORIENTED_EDGE('',*,*,#2950,.F.);
#1730=ORIENTED_EDGE('',*,*,#2951,.F.);
#1731=ORIENTED_EDGE('',*,*,#2952,.T.);
#1732=ORIENTED_EDGE('',*,*,#2947,.T.);
#1733=ORIENTED_EDGE('',*,*,#2953,.F.);
#1734=ORIENTED_EDGE('',*,*,#2954,.F.);
#1735=ORIENTED_EDGE('',*,*,#2955,.T.);
#1736=ORIENTED_EDGE('',*,*,#2951,.T.);
#1737=ORIENTED_EDGE('',*,*,#2663,.F.);
#1738=ORIENTED_EDGE('',*,*,#2956,.F.);
#1739=ORIENTED_EDGE('',*,*,#2957,.F.);
#1740=ORIENTED_EDGE('',*,*,#2958,.T.);
#1741=ORIENTED_EDGE('',*,*,#2954,.T.);
#1742=ORIENTED_EDGE('',*,*,#2959,.T.);
#1743=ORIENTED_EDGE('',*,*,#2960,.F.);
#1744=ORIENTED_EDGE('',*,*,#2961,.F.);
#1745=ORIENTED_EDGE('',*,*,#2962,.T.);
#1746=ORIENTED_EDGE('',*,*,#2957,.T.);
#1747=ORIENTED_EDGE('',*,*,#2647,.F.);
#1748=ORIENTED_EDGE('',*,*,#2963,.F.);
#1749=ORIENTED_EDGE('',*,*,#2964,.F.);
#1750=ORIENTED_EDGE('',*,*,#2965,.T.);
#1751=ORIENTED_EDGE('',*,*,#2961,.T.);
#1752=ORIENTED_EDGE('',*,*,#2966,.T.);
#1753=ORIENTED_EDGE('',*,*,#2967,.F.);
#1754=ORIENTED_EDGE('',*,*,#2968,.F.);
#1755=ORIENTED_EDGE('',*,*,#2969,.T.);
#1756=ORIENTED_EDGE('',*,*,#2964,.T.);
#1757=ORIENTED_EDGE('',*,*,#2653,.F.);
#1758=ORIENTED_EDGE('',*,*,#2970,.F.);
#1759=ORIENTED_EDGE('',*,*,#2971,.F.);
#1760=ORIENTED_EDGE('',*,*,#2972,.T.);
#1761=ORIENTED_EDGE('',*,*,#2968,.T.);
#1762=ORIENTED_EDGE('',*,*,#2973,.T.);
#1763=ORIENTED_EDGE('',*,*,#2974,.F.);
#1764=ORIENTED_EDGE('',*,*,#2975,.F.);
#1765=ORIENTED_EDGE('',*,*,#2976,.T.);
#1766=ORIENTED_EDGE('',*,*,#2971,.T.);
#1767=ORIENTED_EDGE('',*,*,#2645,.F.);
#1768=ORIENTED_EDGE('',*,*,#2922,.F.);
#1769=ORIENTED_EDGE('',*,*,#2977,.T.);
#1770=ORIENTED_EDGE('',*,*,#2975,.T.);
#1771=ORIENTED_EDGE('',*,*,#2978,.T.);
#1772=ORIENTED_EDGE('',*,*,#2921,.F.);
#1773=ORIENTED_EDGE('',*,*,#2925,.F.);
#1774=ORIENTED_EDGE('',*,*,#2928,.F.);
#1775=ORIENTED_EDGE('',*,*,#2932,.F.);
#1776=ORIENTED_EDGE('',*,*,#2935,.F.);
#1777=ORIENTED_EDGE('',*,*,#2939,.F.);
#1778=ORIENTED_EDGE('',*,*,#2942,.F.);
#1779=ORIENTED_EDGE('',*,*,#2946,.F.);
#1780=ORIENTED_EDGE('',*,*,#2948,.F.);
#1781=ORIENTED_EDGE('',*,*,#2952,.F.);
#1782=ORIENTED_EDGE('',*,*,#2955,.F.);
#1783=ORIENTED_EDGE('',*,*,#2958,.F.);
#1784=ORIENTED_EDGE('',*,*,#2962,.F.);
#1785=ORIENTED_EDGE('',*,*,#2965,.F.);
#1786=ORIENTED_EDGE('',*,*,#2969,.F.);
#1787=ORIENTED_EDGE('',*,*,#2972,.F.);
#1788=ORIENTED_EDGE('',*,*,#2976,.F.);
#1789=ORIENTED_EDGE('',*,*,#2977,.F.);
#1790=ORIENTED_EDGE('',*,*,#2979,.F.);
#1791=ORIENTED_EDGE('',*,*,#2980,.F.);
#1792=ORIENTED_EDGE('',*,*,#2981,.F.);
#1793=ORIENTED_EDGE('',*,*,#2982,.F.);
#1794=ORIENTED_EDGE('',*,*,#2983,.F.);
#1795=ORIENTED_EDGE('',*,*,#2984,.T.);
#1796=ORIENTED_EDGE('',*,*,#2984,.F.);
#1797=ORIENTED_EDGE('',*,*,#2916,.T.);
#1798=ORIENTED_EDGE('',*,*,#2985,.T.);
#1799=ORIENTED_EDGE('',*,*,#2985,.F.);
#1800=ORIENTED_EDGE('',*,*,#2917,.T.);
#1801=ORIENTED_EDGE('',*,*,#2986,.T.);
#1802=ORIENTED_EDGE('',*,*,#2986,.F.);
#1803=ORIENTED_EDGE('',*,*,#2915,.T.);
#1804=ORIENTED_EDGE('',*,*,#2987,.T.);
#1805=ORIENTED_EDGE('',*,*,#2987,.F.);
#1806=ORIENTED_EDGE('',*,*,#2979,.T.);
#1807=ORIENTED_EDGE('',*,*,#2988,.T.);
#1808=ORIENTED_EDGE('',*,*,#2988,.F.);
#1809=ORIENTED_EDGE('',*,*,#2980,.T.);
#1810=ORIENTED_EDGE('',*,*,#2989,.T.);
#1811=ORIENTED_EDGE('',*,*,#2989,.F.);
#1812=ORIENTED_EDGE('',*,*,#2981,.T.);
#1813=ORIENTED_EDGE('',*,*,#2990,.T.);
#1814=ORIENTED_EDGE('',*,*,#2990,.F.);
#1815=ORIENTED_EDGE('',*,*,#2982,.T.);
#1816=ORIENTED_EDGE('',*,*,#2640,.T.);
#1817=ORIENTED_EDGE('',*,*,#2991,.F.);
#1818=ORIENTED_EDGE('',*,*,#2992,.F.);
#1819=ORIENTED_EDGE('',*,*,#2993,.T.);
#1820=ORIENTED_EDGE('',*,*,#2639,.T.);
#1821=ORIENTED_EDGE('',*,*,#2994,.F.);
#1822=ORIENTED_EDGE('',*,*,#2995,.F.);
#1823=ORIENTED_EDGE('',*,*,#2996,.F.);
#1824=ORIENTED_EDGE('',*,*,#2991,.T.);
#1825=ORIENTED_EDGE('',*,*,#2995,.T.);
#1826=ORIENTED_EDGE('',*,*,#2997,.T.);
#1827=ORIENTED_EDGE('',*,*,#2998,.F.);
#1828=ORIENTED_EDGE('',*,*,#2999,.F.);
#1829=ORIENTED_EDGE('',*,*,#2666,.T.);
#1830=ORIENTED_EDGE('',*,*,#3000,.F.);
#1831=ORIENTED_EDGE('',*,*,#3001,.F.);
#1832=ORIENTED_EDGE('',*,*,#2998,.T.);
#1833=ORIENTED_EDGE('',*,*,#3002,.T.);
#1834=ORIENTED_EDGE('',*,*,#2670,.T.);
#1835=ORIENTED_EDGE('',*,*,#3003,.F.);
#1836=ORIENTED_EDGE('',*,*,#3004,.F.);
#1837=ORIENTED_EDGE('',*,*,#3005,.F.);
#1838=ORIENTED_EDGE('',*,*,#3000,.T.);
#1839=ORIENTED_EDGE('',*,*,#3004,.T.);
#1840=ORIENTED_EDGE('',*,*,#3006,.T.);
#1841=ORIENTED_EDGE('',*,*,#3007,.F.);
#1842=ORIENTED_EDGE('',*,*,#3008,.F.);
#1843=ORIENTED_EDGE('',*,*,#2674,.T.);
#1844=ORIENTED_EDGE('',*,*,#3009,.F.);
#1845=ORIENTED_EDGE('',*,*,#3010,.F.);
#1846=ORIENTED_EDGE('',*,*,#3011,.F.);
#1847=ORIENTED_EDGE('',*,*,#3007,.T.);
#1848=ORIENTED_EDGE('',*,*,#3012,.T.);
#1849=ORIENTED_EDGE('',*,*,#3010,.T.);
#1850=ORIENTED_EDGE('',*,*,#3013,.T.);
#1851=ORIENTED_EDGE('',*,*,#3014,.F.);
#1852=ORIENTED_EDGE('',*,*,#3015,.F.);
#1853=ORIENTED_EDGE('',*,*,#2678,.T.);
#1854=ORIENTED_EDGE('',*,*,#3016,.F.);
#1855=ORIENTED_EDGE('',*,*,#3017,.F.);
#1856=ORIENTED_EDGE('',*,*,#3018,.F.);
#1857=ORIENTED_EDGE('',*,*,#3014,.T.);
#1858=ORIENTED_EDGE('',*,*,#3019,.T.);
#1859=ORIENTED_EDGE('',*,*,#3017,.T.);
#1860=ORIENTED_EDGE('',*,*,#3020,.T.);
#1861=ORIENTED_EDGE('',*,*,#3021,.F.);
#1862=ORIENTED_EDGE('',*,*,#3022,.F.);
#1863=ORIENTED_EDGE('',*,*,#2641,.T.);
#1864=ORIENTED_EDGE('',*,*,#2993,.F.);
#1865=ORIENTED_EDGE('',*,*,#3023,.F.);
#1866=ORIENTED_EDGE('',*,*,#3021,.T.);
#1867=ORIENTED_EDGE('',*,*,#3024,.T.);
#1868=ORIENTED_EDGE('',*,*,#3025,.F.);
#1869=ORIENTED_EDGE('',*,*,#3026,.F.);
#1870=ORIENTED_EDGE('',*,*,#3027,.F.);
#1871=ORIENTED_EDGE('',*,*,#3028,.F.);
#1872=ORIENTED_EDGE('',*,*,#3029,.F.);
#1873=ORIENTED_EDGE('',*,*,#2992,.T.);
#1874=ORIENTED_EDGE('',*,*,#2996,.T.);
#1875=ORIENTED_EDGE('',*,*,#2999,.T.);
#1876=ORIENTED_EDGE('',*,*,#3001,.T.);
#1877=ORIENTED_EDGE('',*,*,#3005,.T.);
#1878=ORIENTED_EDGE('',*,*,#3008,.T.);
#1879=ORIENTED_EDGE('',*,*,#3011,.T.);
#1880=ORIENTED_EDGE('',*,*,#3015,.T.);
#1881=ORIENTED_EDGE('',*,*,#3018,.T.);
#1882=ORIENTED_EDGE('',*,*,#3022,.T.);
#1883=ORIENTED_EDGE('',*,*,#3023,.T.);
#1884=ORIENTED_EDGE('',*,*,#3030,.T.);
#1885=ORIENTED_EDGE('',*,*,#3030,.F.);
#1886=ORIENTED_EDGE('',*,*,#3028,.T.);
#1887=ORIENTED_EDGE('',*,*,#3031,.T.);
#1888=ORIENTED_EDGE('',*,*,#3031,.F.);
#1889=ORIENTED_EDGE('',*,*,#3027,.T.);
#1890=ORIENTED_EDGE('',*,*,#3032,.T.);
#1891=ORIENTED_EDGE('',*,*,#3032,.F.);
#1892=ORIENTED_EDGE('',*,*,#3026,.T.);
#1893=ORIENTED_EDGE('',*,*,#3033,.T.);
#1894=ORIENTED_EDGE('',*,*,#3033,.F.);
#1895=ORIENTED_EDGE('',*,*,#2848,.T.);
#1896=ORIENTED_EDGE('',*,*,#3034,.T.);
#1897=ORIENTED_EDGE('',*,*,#3034,.F.);
#1898=ORIENTED_EDGE('',*,*,#2849,.T.);
#1899=ORIENTED_EDGE('',*,*,#3035,.T.);
#1900=ORIENTED_EDGE('',*,*,#3035,.F.);
#1901=ORIENTED_EDGE('',*,*,#2850,.T.);
#1902=ORIENTED_EDGE('',*,*,#3036,.T.);
#1903=ORIENTED_EDGE('',*,*,#3036,.F.);
#1904=ORIENTED_EDGE('',*,*,#3025,.T.);
#1905=ORIENTED_EDGE('',*,*,#3037,.F.);
#1906=ORIENTED_EDGE('',*,*,#3038,.F.);
#1907=ORIENTED_EDGE('',*,*,#3039,.T.);
#1908=ORIENTED_EDGE('',*,*,#3040,.F.);
#1909=ORIENTED_EDGE('',*,*,#3041,.F.);
#1910=ORIENTED_EDGE('',*,*,#3042,.T.);
#1911=ORIENTED_EDGE('',*,*,#3043,.T.);
#1912=ORIENTED_EDGE('',*,*,#3044,.T.);
#1913=ORIENTED_EDGE('',*,*,#3045,.F.);
#1914=ORIENTED_EDGE('',*,*,#3046,.F.);
#1915=ORIENTED_EDGE('',*,*,#3047,.T.);
#1916=ORIENTED_EDGE('',*,*,#3048,.F.);
#1917=ORIENTED_EDGE('',*,*,#3049,.T.);
#1918=ORIENTED_EDGE('',*,*,#3050,.F.);
#1919=ORIENTED_EDGE('',*,*,#3051,.F.);
#1920=ORIENTED_EDGE('',*,*,#3052,.F.);
#1921=ORIENTED_EDGE('',*,*,#3053,.F.);
#1922=ORIENTED_EDGE('',*,*,#3054,.F.);
#1923=ORIENTED_EDGE('',*,*,#3055,.F.);
#1924=ORIENTED_EDGE('',*,*,#3056,.F.);
#1925=ORIENTED_EDGE('',*,*,#3057,.T.);
#1926=ORIENTED_EDGE('',*,*,#3058,.T.);
#1927=ORIENTED_EDGE('',*,*,#3059,.T.);
#1928=ORIENTED_EDGE('',*,*,#3060,.F.);
#1929=ORIENTED_EDGE('',*,*,#3061,.F.);
#1930=ORIENTED_EDGE('',*,*,#3062,.T.);
#1931=ORIENTED_EDGE('',*,*,#3063,.F.);
#1932=ORIENTED_EDGE('',*,*,#3064,.F.);
#1933=ORIENTED_EDGE('',*,*,#2841,.T.);
#1934=ORIENTED_EDGE('',*,*,#2837,.T.);
#1935=ORIENTED_EDGE('',*,*,#3065,.T.);
#1936=ORIENTED_EDGE('',*,*,#3065,.F.);
#1937=ORIENTED_EDGE('',*,*,#2847,.T.);
#1938=ORIENTED_EDGE('',*,*,#3066,.T.);
#1939=ORIENTED_EDGE('',*,*,#3066,.F.);
#1940=ORIENTED_EDGE('',*,*,#2914,.T.);
#1941=ORIENTED_EDGE('',*,*,#3067,.T.);
#1942=ORIENTED_EDGE('',*,*,#3067,.F.);
#1943=ORIENTED_EDGE('',*,*,#2983,.T.);
#1944=ORIENTED_EDGE('',*,*,#3068,.T.);
#1945=ORIENTED_EDGE('',*,*,#3068,.F.);
#1946=ORIENTED_EDGE('',*,*,#3029,.T.);
#1947=ORIENTED_EDGE('',*,*,#3061,.T.);
#1948=ORIENTED_EDGE('',*,*,#3069,.F.);
#1949=ORIENTED_EDGE('',*,*,#3070,.F.);
#1950=ORIENTED_EDGE('',*,*,#3071,.T.);
#1951=ORIENTED_EDGE('',*,*,#3064,.T.);
#1952=ORIENTED_EDGE('',*,*,#3072,.F.);
#1953=ORIENTED_EDGE('',*,*,#3073,.F.);
#1954=ORIENTED_EDGE('',*,*,#3069,.T.);
#1955=ORIENTED_EDGE('',*,*,#3063,.T.);
#1956=ORIENTED_EDGE('',*,*,#3074,.F.);
#1957=ORIENTED_EDGE('',*,*,#3075,.F.);
#1958=ORIENTED_EDGE('',*,*,#3072,.T.);
#1959=ORIENTED_EDGE('',*,*,#3062,.F.);
#1960=ORIENTED_EDGE('',*,*,#3071,.F.);
#1961=ORIENTED_EDGE('',*,*,#3076,.T.);
#1962=ORIENTED_EDGE('',*,*,#3074,.T.);
#1963=ORIENTED_EDGE('',*,*,#3070,.T.);
#1964=ORIENTED_EDGE('',*,*,#3073,.T.);
#1965=ORIENTED_EDGE('',*,*,#3075,.T.);
#1966=ORIENTED_EDGE('',*,*,#3076,.F.);
#1967=ORIENTED_EDGE('',*,*,#3051,.T.);
#1968=ORIENTED_EDGE('',*,*,#3077,.F.);
#1969=ORIENTED_EDGE('',*,*,#3078,.F.);
#1970=ORIENTED_EDGE('',*,*,#3079,.T.);
#1971=ORIENTED_EDGE('',*,*,#3060,.T.);
#1972=ORIENTED_EDGE('',*,*,#3080,.F.);
#1973=ORIENTED_EDGE('',*,*,#3081,.F.);
#1974=ORIENTED_EDGE('',*,*,#3077,.T.);
#1975=ORIENTED_EDGE('',*,*,#3059,.F.);
#1976=ORIENTED_EDGE('',*,*,#3082,.F.);
#1977=ORIENTED_EDGE('',*,*,#3083,.T.);
#1978=ORIENTED_EDGE('',*,*,#3080,.T.);
#1979=ORIENTED_EDGE('',*,*,#3058,.F.);
#1980=ORIENTED_EDGE('',*,*,#3084,.F.);
#1981=ORIENTED_EDGE('',*,*,#3085,.T.);
#1982=ORIENTED_EDGE('',*,*,#3082,.T.);
#1983=ORIENTED_EDGE('',*,*,#3057,.F.);
#1984=ORIENTED_EDGE('',*,*,#3086,.F.);
#1985=ORIENTED_EDGE('',*,*,#3087,.T.);
#1986=ORIENTED_EDGE('',*,*,#3084,.T.);
#1987=ORIENTED_EDGE('',*,*,#3056,.T.);
#1988=ORIENTED_EDGE('',*,*,#3088,.F.);
#1989=ORIENTED_EDGE('',*,*,#3089,.F.);
#1990=ORIENTED_EDGE('',*,*,#3086,.T.);
#1991=ORIENTED_EDGE('',*,*,#3055,.T.);
#1992=ORIENTED_EDGE('',*,*,#3090,.F.);
#1993=ORIENTED_EDGE('',*,*,#3091,.F.);
#1994=ORIENTED_EDGE('',*,*,#3088,.T.);
#1995=ORIENTED_EDGE('',*,*,#3054,.T.);
#1996=ORIENTED_EDGE('',*,*,#3092,.F.);
#1997=ORIENTED_EDGE('',*,*,#3093,.F.);
#1998=ORIENTED_EDGE('',*,*,#3090,.T.);
#1999=ORIENTED_EDGE('',*,*,#3053,.T.);
#2000=ORIENTED_EDGE('',*,*,#3094,.F.);
#2001=ORIENTED_EDGE('',*,*,#3095,.F.);
#2002=ORIENTED_EDGE('',*,*,#3092,.T.);
#2003=ORIENTED_EDGE('',*,*,#3052,.T.);
#2004=ORIENTED_EDGE('',*,*,#3079,.F.);
#2005=ORIENTED_EDGE('',*,*,#3096,.F.);
#2006=ORIENTED_EDGE('',*,*,#3094,.T.);
#2007=ORIENTED_EDGE('',*,*,#3078,.T.);
#2008=ORIENTED_EDGE('',*,*,#3081,.T.);
#2009=ORIENTED_EDGE('',*,*,#3083,.F.);
#2010=ORIENTED_EDGE('',*,*,#3085,.F.);
#2011=ORIENTED_EDGE('',*,*,#3087,.F.);
#2012=ORIENTED_EDGE('',*,*,#3089,.T.);
#2013=ORIENTED_EDGE('',*,*,#3091,.T.);
#2014=ORIENTED_EDGE('',*,*,#3093,.T.);
#2015=ORIENTED_EDGE('',*,*,#3095,.T.);
#2016=ORIENTED_EDGE('',*,*,#3096,.T.);
#2017=ORIENTED_EDGE('',*,*,#3046,.T.);
#2018=ORIENTED_EDGE('',*,*,#3097,.F.);
#2019=ORIENTED_EDGE('',*,*,#3098,.F.);
#2020=ORIENTED_EDGE('',*,*,#3099,.T.);
#2021=ORIENTED_EDGE('',*,*,#3050,.T.);
#2022=ORIENTED_EDGE('',*,*,#3100,.F.);
#2023=ORIENTED_EDGE('',*,*,#3101,.F.);
#2024=ORIENTED_EDGE('',*,*,#3097,.T.);
#2025=ORIENTED_EDGE('',*,*,#3049,.F.);
#2026=ORIENTED_EDGE('',*,*,#3102,.F.);
#2027=ORIENTED_EDGE('',*,*,#3103,.T.);
#2028=ORIENTED_EDGE('',*,*,#3100,.T.);
#2029=ORIENTED_EDGE('',*,*,#3048,.T.);
#2030=ORIENTED_EDGE('',*,*,#3104,.F.);
#2031=ORIENTED_EDGE('',*,*,#3105,.F.);
#2032=ORIENTED_EDGE('',*,*,#3102,.T.);
#2033=ORIENTED_EDGE('',*,*,#3047,.F.);
#2034=ORIENTED_EDGE('',*,*,#3099,.F.);
#2035=ORIENTED_EDGE('',*,*,#3106,.T.);
#2036=ORIENTED_EDGE('',*,*,#3104,.T.);
#2037=ORIENTED_EDGE('',*,*,#3098,.T.);
#2038=ORIENTED_EDGE('',*,*,#3101,.T.);
#2039=ORIENTED_EDGE('',*,*,#3103,.F.);
#2040=ORIENTED_EDGE('',*,*,#3105,.T.);
#2041=ORIENTED_EDGE('',*,*,#3106,.F.);
#2042=ORIENTED_EDGE('',*,*,#3037,.T.);
#2043=ORIENTED_EDGE('',*,*,#3107,.F.);
#2044=ORIENTED_EDGE('',*,*,#3108,.F.);
#2045=ORIENTED_EDGE('',*,*,#3109,.T.);
#2046=ORIENTED_EDGE('',*,*,#3045,.T.);
#2047=ORIENTED_EDGE('',*,*,#3110,.F.);
#2048=ORIENTED_EDGE('',*,*,#3111,.F.);
#2049=ORIENTED_EDGE('',*,*,#3107,.T.);
#2050=ORIENTED_EDGE('',*,*,#3044,.F.);
#2051=ORIENTED_EDGE('',*,*,#3112,.F.);
#2052=ORIENTED_EDGE('',*,*,#3113,.T.);
#2053=ORIENTED_EDGE('',*,*,#3110,.T.);
#2054=ORIENTED_EDGE('',*,*,#3043,.F.);
#2055=ORIENTED_EDGE('',*,*,#3114,.F.);
#2056=ORIENTED_EDGE('',*,*,#3115,.T.);
#2057=ORIENTED_EDGE('',*,*,#3112,.T.);
#2058=ORIENTED_EDGE('',*,*,#3042,.F.);
#2059=ORIENTED_EDGE('',*,*,#3116,.F.);
#2060=ORIENTED_EDGE('',*,*,#3117,.T.);
#2061=ORIENTED_EDGE('',*,*,#3114,.T.);
#2062=ORIENTED_EDGE('',*,*,#3041,.T.);
#2063=ORIENTED_EDGE('',*,*,#3118,.F.);
#2064=ORIENTED_EDGE('',*,*,#3119,.F.);
#2065=ORIENTED_EDGE('',*,*,#3116,.T.);
#2066=ORIENTED_EDGE('',*,*,#3040,.T.);
#2067=ORIENTED_EDGE('',*,*,#3120,.F.);
#2068=ORIENTED_EDGE('',*,*,#3121,.F.);
#2069=ORIENTED_EDGE('',*,*,#3118,.T.);
#2070=ORIENTED_EDGE('',*,*,#3039,.F.);
#2071=ORIENTED_EDGE('',*,*,#3122,.F.);
#2072=ORIENTED_EDGE('',*,*,#3123,.T.);
#2073=ORIENTED_EDGE('',*,*,#3120,.T.);
#2074=ORIENTED_EDGE('',*,*,#3038,.T.);
#2075=ORIENTED_EDGE('',*,*,#3109,.F.);
#2076=ORIENTED_EDGE('',*,*,#3124,.F.);
#2077=ORIENTED_EDGE('',*,*,#3122,.T.);
#2078=ORIENTED_EDGE('',*,*,#3108,.T.);
#2079=ORIENTED_EDGE('',*,*,#3111,.T.);
#2080=ORIENTED_EDGE('',*,*,#3113,.F.);
#2081=ORIENTED_EDGE('',*,*,#3115,.F.);
#2082=ORIENTED_EDGE('',*,*,#3117,.F.);
#2083=ORIENTED_EDGE('',*,*,#3119,.T.);
#2084=ORIENTED_EDGE('',*,*,#3121,.T.);
#2085=ORIENTED_EDGE('',*,*,#3123,.F.);
#2086=ORIENTED_EDGE('',*,*,#3124,.T.);
#2087=ORIENTED_EDGE('',*,*,#2677,.T.);
#2088=ORIENTED_EDGE('',*,*,#2929,.F.);
#2089=ORIENTED_EDGE('',*,*,#3125,.F.);
#2090=ORIENTED_EDGE('',*,*,#3016,.T.);
#2091=ORIENTED_EDGE('',*,*,#2643,.T.);
#2092=ORIENTED_EDGE('',*,*,#3126,.F.);
#2093=ORIENTED_EDGE('',*,*,#3127,.F.);
#2094=ORIENTED_EDGE('',*,*,#2919,.T.);
#2095=ORIENTED_EDGE('',*,*,#2642,.T.);
#2096=ORIENTED_EDGE('',*,*,#3024,.F.);
#2097=ORIENTED_EDGE('',*,*,#3128,.F.);
#2098=ORIENTED_EDGE('',*,*,#3126,.T.);
#2099=ORIENTED_EDGE('',*,*,#3020,.F.);
#2100=ORIENTED_EDGE('',*,*,#3125,.T.);
#2101=ORIENTED_EDGE('',*,*,#2923,.T.);
#2102=ORIENTED_EDGE('',*,*,#3127,.T.);
#2103=ORIENTED_EDGE('',*,*,#3128,.T.);
#2104=ORIENTED_EDGE('',*,*,#2673,.T.);
#2105=ORIENTED_EDGE('',*,*,#2936,.F.);
#2106=ORIENTED_EDGE('',*,*,#3129,.F.);
#2107=ORIENTED_EDGE('',*,*,#3009,.T.);
#2108=ORIENTED_EDGE('',*,*,#2675,.T.);
#2109=ORIENTED_EDGE('',*,*,#3019,.F.);
#2110=ORIENTED_EDGE('',*,*,#3130,.F.);
#2111=ORIENTED_EDGE('',*,*,#2926,.T.);
#2112=ORIENTED_EDGE('',*,*,#3129,.T.);
#2113=ORIENTED_EDGE('',*,*,#2930,.T.);
#2114=ORIENTED_EDGE('',*,*,#3130,.T.);
#2115=ORIENTED_EDGE('',*,*,#3013,.F.);
#2116=ORIENTED_EDGE('',*,*,#2669,.T.);
#2117=ORIENTED_EDGE('',*,*,#2943,.F.);
#2118=ORIENTED_EDGE('',*,*,#3131,.F.);
#2119=ORIENTED_EDGE('',*,*,#3003,.T.);
#2120=ORIENTED_EDGE('',*,*,#2671,.T.);
#2121=ORIENTED_EDGE('',*,*,#3012,.F.);
#2122=ORIENTED_EDGE('',*,*,#3132,.F.);
#2123=ORIENTED_EDGE('',*,*,#2933,.T.);
#2124=ORIENTED_EDGE('',*,*,#3006,.F.);
#2125=ORIENTED_EDGE('',*,*,#3131,.T.);
#2126=ORIENTED_EDGE('',*,*,#2937,.T.);
#2127=ORIENTED_EDGE('',*,*,#3132,.T.);
#2128=ORIENTED_EDGE('',*,*,#2638,.F.);
#2129=ORIENTED_EDGE('',*,*,#2949,.F.);
#2130=ORIENTED_EDGE('',*,*,#3133,.T.);
#2131=ORIENTED_EDGE('',*,*,#2994,.T.);
#2132=ORIENTED_EDGE('',*,*,#2667,.F.);
#2133=ORIENTED_EDGE('',*,*,#3002,.F.);
#2134=ORIENTED_EDGE('',*,*,#3134,.T.);
#2135=ORIENTED_EDGE('',*,*,#2940,.T.);
#2136=ORIENTED_EDGE('',*,*,#3133,.F.);
#2137=ORIENTED_EDGE('',*,*,#2944,.T.);
#2138=ORIENTED_EDGE('',*,*,#3134,.F.);
#2139=ORIENTED_EDGE('',*,*,#2997,.F.);
#2140=ORIENTED_EDGE('',*,*,#2623,.T.);
#2141=ORIENTED_EDGE('',*,*,#2978,.F.);
#2142=ORIENTED_EDGE('',*,*,#3135,.F.);
#2143=ORIENTED_EDGE('',*,*,#3136,.T.);
#2144=ORIENTED_EDGE('',*,*,#2652,.T.);
#2145=ORIENTED_EDGE('',*,*,#2863,.F.);
#2146=ORIENTED_EDGE('',*,*,#3137,.F.);
#2147=ORIENTED_EDGE('',*,*,#2970,.T.);
#2148=ORIENTED_EDGE('',*,*,#2856,.T.);
#2149=ORIENTED_EDGE('',*,*,#3135,.T.);
#2150=ORIENTED_EDGE('',*,*,#2974,.T.);
#2151=ORIENTED_EDGE('',*,*,#3137,.T.);
#2152=ORIENTED_EDGE('',*,*,#2646,.T.);
#2153=ORIENTED_EDGE('',*,*,#2870,.F.);
#2154=ORIENTED_EDGE('',*,*,#3138,.F.);
#2155=ORIENTED_EDGE('',*,*,#2963,.T.);
#2156=ORIENTED_EDGE('',*,*,#2650,.T.);
#2157=ORIENTED_EDGE('',*,*,#2973,.F.);
#2158=ORIENTED_EDGE('',*,*,#3139,.F.);
#2159=ORIENTED_EDGE('',*,*,#2860,.T.);
#2160=ORIENTED_EDGE('',*,*,#3138,.T.);
#2161=ORIENTED_EDGE('',*,*,#2864,.T.);
#2162=ORIENTED_EDGE('',*,*,#3139,.T.);
#2163=ORIENTED_EDGE('',*,*,#2967,.T.);
#2164=ORIENTED_EDGE('',*,*,#2648,.T.);
#2165=ORIENTED_EDGE('',*,*,#2966,.F.);
#2166=ORIENTED_EDGE('',*,*,#3140,.F.);
#2167=ORIENTED_EDGE('',*,*,#2867,.T.);
#2168=ORIENTED_EDGE('',*,*,#2662,.T.);
#2169=ORIENTED_EDGE('',*,*,#2877,.F.);
#2170=ORIENTED_EDGE('',*,*,#3141,.F.);
#2171=ORIENTED_EDGE('',*,*,#2956,.T.);
#2172=ORIENTED_EDGE('',*,*,#2871,.T.);
#2173=ORIENTED_EDGE('',*,*,#3140,.T.);
#2174=ORIENTED_EDGE('',*,*,#2960,.T.);
#2175=ORIENTED_EDGE('',*,*,#3141,.T.);
#2176=ORIENTED_EDGE('',*,*,#2635,.F.);
#2177=ORIENTED_EDGE('',*,*,#2883,.F.);
#2178=ORIENTED_EDGE('',*,*,#3142,.T.);
#2179=ORIENTED_EDGE('',*,*,#2950,.T.);
#2180=ORIENTED_EDGE('',*,*,#2664,.F.);
#2181=ORIENTED_EDGE('',*,*,#2959,.F.);
#2182=ORIENTED_EDGE('',*,*,#3143,.T.);
#2183=ORIENTED_EDGE('',*,*,#2874,.T.);
#2184=ORIENTED_EDGE('',*,*,#3142,.F.);
#2185=ORIENTED_EDGE('',*,*,#2878,.T.);
#2186=ORIENTED_EDGE('',*,*,#3143,.F.);
#2187=ORIENTED_EDGE('',*,*,#2953,.T.);
#2188=ORIENTED_EDGE('',*,*,#2683,.T.);
#2189=ORIENTED_EDGE('',*,*,#2906,.F.);
#2190=ORIENTED_EDGE('',*,*,#3144,.F.);
#2191=ORIENTED_EDGE('',*,*,#2830,.T.);
#2192=ORIENTED_EDGE('',*,*,#2656,.T.);
#2193=ORIENTED_EDGE('',*,*,#2845,.F.);
#2194=ORIENTED_EDGE('',*,*,#3145,.F.);
#2195=ORIENTED_EDGE('',*,*,#2897,.T.);
#2196=ORIENTED_EDGE('',*,*,#3144,.T.);
#2197=ORIENTED_EDGE('',*,*,#2901,.T.);
#2198=ORIENTED_EDGE('',*,*,#3145,.T.);
#2199=ORIENTED_EDGE('',*,*,#2834,.F.);
#2200=ORIENTED_EDGE('',*,*,#2654,.T.);
#2201=ORIENTED_EDGE('',*,*,#2900,.F.);
#2202=ORIENTED_EDGE('',*,*,#3146,.F.);
#2203=ORIENTED_EDGE('',*,*,#2843,.T.);
#2204=ORIENTED_EDGE('',*,*,#2658,.T.);
#2205=ORIENTED_EDGE('',*,*,#2813,.F.);
#2206=ORIENTED_EDGE('',*,*,#3147,.F.);
#2207=ORIENTED_EDGE('',*,*,#2890,.T.);
#2208=ORIENTED_EDGE('',*,*,#2807,.F.);
#2209=ORIENTED_EDGE('',*,*,#3146,.T.);
#2210=ORIENTED_EDGE('',*,*,#2894,.T.);
#2211=ORIENTED_EDGE('',*,*,#3147,.T.);
#2212=ORIENTED_EDGE('',*,*,#2660,.F.);
#2213=ORIENTED_EDGE('',*,*,#2893,.F.);
#2214=ORIENTED_EDGE('',*,*,#3148,.T.);
#2215=ORIENTED_EDGE('',*,*,#2810,.T.);
#2216=ORIENTED_EDGE('',*,*,#2632,.F.);
#2217=ORIENTED_EDGE('',*,*,#2819,.F.);
#2218=ORIENTED_EDGE('',*,*,#3149,.T.);
#2219=ORIENTED_EDGE('',*,*,#2884,.T.);
#2220=ORIENTED_EDGE('',*,*,#3148,.F.);
#2221=ORIENTED_EDGE('',*,*,#2887,.T.);
#2222=ORIENTED_EDGE('',*,*,#3149,.F.);
#2223=ORIENTED_EDGE('',*,*,#2814,.F.);
#2224=ORIENTED_EDGE('',*,*,#2627,.T.);
#2225=ORIENTED_EDGE('',*,*,#3150,.F.);
#2226=ORIENTED_EDGE('',*,*,#3151,.F.);
#2227=ORIENTED_EDGE('',*,*,#2824,.T.);
#2228=ORIENTED_EDGE('',*,*,#2679,.T.);
#2229=ORIENTED_EDGE('',*,*,#2833,.F.);
#2230=ORIENTED_EDGE('',*,*,#3152,.F.);
#2231=ORIENTED_EDGE('',*,*,#2909,.T.);
#2232=ORIENTED_EDGE('',*,*,#2827,.F.);
#2233=ORIENTED_EDGE('',*,*,#3151,.T.);
#2234=ORIENTED_EDGE('',*,*,#2852,.T.);
#2235=ORIENTED_EDGE('',*,*,#3152,.T.);
#2236=ORIENTED_EDGE('',*,*,#2625,.F.);
#2237=ORIENTED_EDGE('',*,*,#3153,.F.);
#2238=ORIENTED_EDGE('',*,*,#2912,.T.);
#2239=ORIENTED_EDGE('',*,*,#3154,.T.);
#2240=ORIENTED_EDGE('',*,*,#2624,.F.);
#2241=ORIENTED_EDGE('',*,*,#3136,.F.);
#2242=ORIENTED_EDGE('',*,*,#2859,.F.);
#2243=ORIENTED_EDGE('',*,*,#2913,.T.);
#2244=ORIENTED_EDGE('',*,*,#3153,.T.);
#2245=ORIENTED_EDGE('',*,*,#2626,.F.);
#2246=ORIENTED_EDGE('',*,*,#3154,.F.);
#2247=ORIENTED_EDGE('',*,*,#2911,.T.);
#2248=ORIENTED_EDGE('',*,*,#2853,.T.);
#2249=ORIENTED_EDGE('',*,*,#3150,.T.);
#2250=ORIENTED_EDGE('',*,*,#3155,.T.);
#2251=ORIENTED_EDGE('',*,*,#3155,.F.);
#2252=ORIENTED_EDGE('',*,*,#2918,.F.);
#2253=ORIENTED_EDGE('',*,*,#2608,.F.);
#2254=ORIENTED_EDGE('',*,*,#3156,.F.);
#2255=ORIENTED_EDGE('',*,*,#3157,.T.);
#2256=ORIENTED_EDGE('',*,*,#3158,.T.);
#2257=ORIENTED_EDGE('',*,*,#2616,.T.);
#2258=ORIENTED_EDGE('',*,*,#3159,.F.);
#2259=ORIENTED_EDGE('',*,*,#3160,.F.);
#2260=ORIENTED_EDGE('',*,*,#3156,.T.);
#2261=ORIENTED_EDGE('',*,*,#2615,.F.);
#2262=ORIENTED_EDGE('',*,*,#3161,.F.);
#2263=ORIENTED_EDGE('',*,*,#3162,.T.);
#2264=ORIENTED_EDGE('',*,*,#3159,.T.);
#2265=ORIENTED_EDGE('',*,*,#2614,.F.);
#2266=ORIENTED_EDGE('',*,*,#3163,.F.);
#2267=ORIENTED_EDGE('',*,*,#3164,.T.);
#2268=ORIENTED_EDGE('',*,*,#3161,.T.);
#2269=ORIENTED_EDGE('',*,*,#2613,.F.);
#2270=ORIENTED_EDGE('',*,*,#3165,.F.);
#2271=ORIENTED_EDGE('',*,*,#3166,.T.);
#2272=ORIENTED_EDGE('',*,*,#3163,.T.);
#2273=ORIENTED_EDGE('',*,*,#2612,.F.);
#2274=ORIENTED_EDGE('',*,*,#3167,.F.);
#2275=ORIENTED_EDGE('',*,*,#3168,.T.);
#2276=ORIENTED_EDGE('',*,*,#3165,.T.);
#2277=ORIENTED_EDGE('',*,*,#2611,.F.);
#2278=ORIENTED_EDGE('',*,*,#3169,.F.);
#2279=ORIENTED_EDGE('',*,*,#3170,.T.);
#2280=ORIENTED_EDGE('',*,*,#3167,.T.);
#2281=ORIENTED_EDGE('',*,*,#2610,.F.);
#2282=ORIENTED_EDGE('',*,*,#3171,.F.);
#2283=ORIENTED_EDGE('',*,*,#3172,.T.);
#2284=ORIENTED_EDGE('',*,*,#3169,.T.);
#2285=ORIENTED_EDGE('',*,*,#2609,.F.);
#2286=ORIENTED_EDGE('',*,*,#3158,.F.);
#2287=ORIENTED_EDGE('',*,*,#3173,.T.);
#2288=ORIENTED_EDGE('',*,*,#3171,.T.);
#2289=ORIENTED_EDGE('',*,*,#3157,.F.);
#2290=ORIENTED_EDGE('',*,*,#3160,.T.);
#2291=ORIENTED_EDGE('',*,*,#3162,.F.);
#2292=ORIENTED_EDGE('',*,*,#3164,.F.);
#2293=ORIENTED_EDGE('',*,*,#3166,.F.);
#2294=ORIENTED_EDGE('',*,*,#3168,.F.);
#2295=ORIENTED_EDGE('',*,*,#3170,.F.);
#2296=ORIENTED_EDGE('',*,*,#3172,.F.);
#2297=ORIENTED_EDGE('',*,*,#3173,.F.);
#2298=ORIENTED_EDGE('',*,*,#3174,.F.);
#2299=ORIENTED_EDGE('',*,*,#3175,.T.);
#2300=ORIENTED_EDGE('',*,*,#3176,.F.);
#2301=ORIENTED_EDGE('',*,*,#3177,.F.);
#2302=ORIENTED_EDGE('',*,*,#3178,.F.);
#2303=ORIENTED_EDGE('',*,*,#3179,.F.);
#2304=ORIENTED_EDGE('',*,*,#3180,.F.);
#2305=ORIENTED_EDGE('',*,*,#3181,.F.);
#2306=ORIENTED_EDGE('',*,*,#3182,.F.);
#2307=ORIENTED_EDGE('',*,*,#3183,.T.);
#2308=ORIENTED_EDGE('',*,*,#3184,.T.);
#2309=ORIENTED_EDGE('',*,*,#3185,.F.);
#2310=ORIENTED_EDGE('',*,*,#3186,.T.);
#2311=ORIENTED_EDGE('',*,*,#3187,.T.);
#2312=ORIENTED_EDGE('',*,*,#3188,.F.);
#2313=ORIENTED_EDGE('',*,*,#3189,.T.);
#2314=ORIENTED_EDGE('',*,*,#3190,.F.);
#2315=ORIENTED_EDGE('',*,*,#3191,.F.);
#2316=ORIENTED_EDGE('',*,*,#3192,.F.);
#2317=ORIENTED_EDGE('',*,*,#3193,.F.);
#2318=ORIENTED_EDGE('',*,*,#3194,.F.);
#2319=ORIENTED_EDGE('',*,*,#3195,.F.);
#2320=ORIENTED_EDGE('',*,*,#3196,.F.);
#2321=ORIENTED_EDGE('',*,*,#3197,.F.);
#2322=ORIENTED_EDGE('',*,*,#3198,.F.);
#2323=ORIENTED_EDGE('',*,*,#3199,.F.);
#2324=ORIENTED_EDGE('',*,*,#3200,.F.);
#2325=ORIENTED_EDGE('',*,*,#3201,.F.);
#2326=ORIENTED_EDGE('',*,*,#3202,.T.);
#2327=ORIENTED_EDGE('',*,*,#3203,.T.);
#2328=ORIENTED_EDGE('',*,*,#3204,.T.);
#2329=ORIENTED_EDGE('',*,*,#3205,.T.);
#2330=ORIENTED_EDGE('',*,*,#3206,.F.);
#2331=ORIENTED_EDGE('',*,*,#3207,.F.);
#2332=ORIENTED_EDGE('',*,*,#3208,.T.);
#2333=ORIENTED_EDGE('',*,*,#3209,.T.);
#2334=ORIENTED_EDGE('',*,*,#3210,.T.);
#2335=ORIENTED_EDGE('',*,*,#3211,.F.);
#2336=ORIENTED_EDGE('',*,*,#3212,.F.);
#2337=ORIENTED_EDGE('',*,*,#3207,.T.);
#2338=ORIENTED_EDGE('',*,*,#3213,.F.);
#2339=ORIENTED_EDGE('',*,*,#3214,.T.);
#2340=ORIENTED_EDGE('',*,*,#3215,.T.);
#2341=ORIENTED_EDGE('',*,*,#3203,.F.);
#2342=ORIENTED_EDGE('',*,*,#3216,.F.);
#2343=ORIENTED_EDGE('',*,*,#3217,.T.);
#2344=ORIENTED_EDGE('',*,*,#3213,.T.);
#2345=ORIENTED_EDGE('',*,*,#3202,.F.);
#2346=ORIENTED_EDGE('',*,*,#3218,.F.);
#2347=ORIENTED_EDGE('',*,*,#3219,.T.);
#2348=ORIENTED_EDGE('',*,*,#3216,.T.);
#2349=ORIENTED_EDGE('',*,*,#3205,.F.);
#2350=ORIENTED_EDGE('',*,*,#3215,.F.);
#2351=ORIENTED_EDGE('',*,*,#3220,.T.);
#2352=ORIENTED_EDGE('',*,*,#3218,.T.);
#2353=ORIENTED_EDGE('',*,*,#3204,.F.);
#2354=ORIENTED_EDGE('',*,*,#3221,.F.);
#2355=ORIENTED_EDGE('',*,*,#3209,.F.);
#2356=ORIENTED_EDGE('',*,*,#3222,.T.);
#2357=ORIENTED_EDGE('',*,*,#3211,.T.);
#2358=ORIENTED_EDGE('',*,*,#3214,.F.);
#2359=ORIENTED_EDGE('',*,*,#3217,.F.);
#2360=ORIENTED_EDGE('',*,*,#3219,.F.);
#2361=ORIENTED_EDGE('',*,*,#3220,.F.);
#2362=ORIENTED_EDGE('',*,*,#3208,.F.);
#2363=ORIENTED_EDGE('',*,*,#3212,.T.);
#2364=ORIENTED_EDGE('',*,*,#3222,.F.);
#2365=ORIENTED_EDGE('',*,*,#3223,.F.);
#2366=ORIENTED_EDGE('',*,*,#3224,.T.);
#2367=ORIENTED_EDGE('',*,*,#3225,.T.);
#2368=ORIENTED_EDGE('',*,*,#3189,.F.);
#2369=ORIENTED_EDGE('',*,*,#3188,.T.);
#2370=ORIENTED_EDGE('',*,*,#3226,.F.);
#2371=ORIENTED_EDGE('',*,*,#3227,.F.);
#2372=ORIENTED_EDGE('',*,*,#3223,.T.);
#2373=ORIENTED_EDGE('',*,*,#3228,.F.);
#2374=ORIENTED_EDGE('',*,*,#3229,.F.);
#2375=ORIENTED_EDGE('',*,*,#3230,.T.);
#2376=ORIENTED_EDGE('',*,*,#3231,.T.);
#2377=ORIENTED_EDGE('',*,*,#3232,.F.);
#2378=ORIENTED_EDGE('',*,*,#3233,.F.);
#2379=ORIENTED_EDGE('',*,*,#3234,.T.);
#2380=ORIENTED_EDGE('',*,*,#3235,.T.);
#2381=ORIENTED_EDGE('',*,*,#3236,.T.);
#2382=ORIENTED_EDGE('',*,*,#3231,.F.);
#2383=ORIENTED_EDGE('',*,*,#3237,.F.);
#2384=ORIENTED_EDGE('',*,*,#3229,.T.);
#2385=ORIENTED_EDGE('',*,*,#3238,.T.);
#2386=ORIENTED_EDGE('',*,*,#3235,.F.);
#2387=ORIENTED_EDGE('',*,*,#3239,.F.);
#2388=ORIENTED_EDGE('',*,*,#3233,.T.);
#2389=ORIENTED_EDGE('',*,*,#3190,.T.);
#2390=ORIENTED_EDGE('',*,*,#3225,.F.);
#2391=ORIENTED_EDGE('',*,*,#3240,.F.);
#2392=ORIENTED_EDGE('',*,*,#3226,.T.);
#2393=ORIENTED_EDGE('',*,*,#3234,.F.);
#2394=ORIENTED_EDGE('',*,*,#3239,.T.);
#2395=ORIENTED_EDGE('',*,*,#3230,.F.);
#2396=ORIENTED_EDGE('',*,*,#3237,.T.);
#2397=ORIENTED_EDGE('',*,*,#3224,.F.);
#2398=ORIENTED_EDGE('',*,*,#3227,.T.);
#2399=ORIENTED_EDGE('',*,*,#3240,.T.);
#2400=ORIENTED_EDGE('',*,*,#3228,.T.);
#2401=ORIENTED_EDGE('',*,*,#3236,.F.);
#2402=ORIENTED_EDGE('',*,*,#3241,.F.);
#2403=ORIENTED_EDGE('',*,*,#3242,.T.);
#2404=ORIENTED_EDGE('',*,*,#3243,.T.);
#2405=ORIENTED_EDGE('',*,*,#3175,.F.);
#2406=ORIENTED_EDGE('',*,*,#3174,.T.);
#2407=ORIENTED_EDGE('',*,*,#3244,.F.);
#2408=ORIENTED_EDGE('',*,*,#3245,.F.);
#2409=ORIENTED_EDGE('',*,*,#3241,.T.);
#2410=ORIENTED_EDGE('',*,*,#3182,.T.);
#2411=ORIENTED_EDGE('',*,*,#3246,.F.);
#2412=ORIENTED_EDGE('',*,*,#3247,.F.);
#2413=ORIENTED_EDGE('',*,*,#3244,.T.);
#2414=ORIENTED_EDGE('',*,*,#3181,.T.);
#2415=ORIENTED_EDGE('',*,*,#3248,.F.);
#2416=ORIENTED_EDGE('',*,*,#3249,.F.);
#2417=ORIENTED_EDGE('',*,*,#3246,.T.);
#2418=ORIENTED_EDGE('',*,*,#3180,.T.);
#2419=ORIENTED_EDGE('',*,*,#3250,.F.);
#2420=ORIENTED_EDGE('',*,*,#3251,.F.);
#2421=ORIENTED_EDGE('',*,*,#3248,.T.);
#2422=ORIENTED_EDGE('',*,*,#3179,.T.);
#2423=ORIENTED_EDGE('',*,*,#3252,.F.);
#2424=ORIENTED_EDGE('',*,*,#3253,.F.);
#2425=ORIENTED_EDGE('',*,*,#3250,.T.);
#2426=ORIENTED_EDGE('',*,*,#3178,.T.);
#2427=ORIENTED_EDGE('',*,*,#3254,.F.);
#2428=ORIENTED_EDGE('',*,*,#3255,.F.);
#2429=ORIENTED_EDGE('',*,*,#3252,.T.);
#2430=ORIENTED_EDGE('',*,*,#3177,.T.);
#2431=ORIENTED_EDGE('',*,*,#3256,.F.);
#2432=ORIENTED_EDGE('',*,*,#3257,.F.);
#2433=ORIENTED_EDGE('',*,*,#3254,.T.);
#2434=ORIENTED_EDGE('',*,*,#3176,.T.);
#2435=ORIENTED_EDGE('',*,*,#3243,.F.);
#2436=ORIENTED_EDGE('',*,*,#3258,.F.);
#2437=ORIENTED_EDGE('',*,*,#3256,.T.);
#2438=ORIENTED_EDGE('',*,*,#3242,.F.);
#2439=ORIENTED_EDGE('',*,*,#3245,.T.);
#2440=ORIENTED_EDGE('',*,*,#3247,.T.);
#2441=ORIENTED_EDGE('',*,*,#3249,.T.);
#2442=ORIENTED_EDGE('',*,*,#3251,.T.);
#2443=ORIENTED_EDGE('',*,*,#3253,.T.);
#2444=ORIENTED_EDGE('',*,*,#3255,.T.);
#2445=ORIENTED_EDGE('',*,*,#3257,.T.);
#2446=ORIENTED_EDGE('',*,*,#3258,.T.);
#2447=ORIENTED_EDGE('',*,*,#3194,.T.);
#2448=ORIENTED_EDGE('',*,*,#3259,.F.);
#2449=ORIENTED_EDGE('',*,*,#3260,.F.);
#2450=ORIENTED_EDGE('',*,*,#3261,.T.);
#2451=ORIENTED_EDGE('',*,*,#3193,.T.);
#2452=ORIENTED_EDGE('',*,*,#3262,.F.);
#2453=ORIENTED_EDGE('',*,*,#3263,.F.);
#2454=ORIENTED_EDGE('',*,*,#3259,.T.);
#2455=ORIENTED_EDGE('',*,*,#3201,.T.);
#2456=ORIENTED_EDGE('',*,*,#3264,.F.);
#2457=ORIENTED_EDGE('',*,*,#3265,.F.);
#2458=ORIENTED_EDGE('',*,*,#3262,.T.);
#2459=ORIENTED_EDGE('',*,*,#3200,.T.);
#2460=ORIENTED_EDGE('',*,*,#3266,.F.);
#2461=ORIENTED_EDGE('',*,*,#3267,.F.);
#2462=ORIENTED_EDGE('',*,*,#3264,.T.);
#2463=ORIENTED_EDGE('',*,*,#3199,.T.);
#2464=ORIENTED_EDGE('',*,*,#3268,.F.);
#2465=ORIENTED_EDGE('',*,*,#3269,.F.);
#2466=ORIENTED_EDGE('',*,*,#3266,.T.);
#2467=ORIENTED_EDGE('',*,*,#3198,.T.);
#2468=ORIENTED_EDGE('',*,*,#3270,.F.);
#2469=ORIENTED_EDGE('',*,*,#3271,.F.);
#2470=ORIENTED_EDGE('',*,*,#3268,.T.);
#2471=ORIENTED_EDGE('',*,*,#3197,.T.);
#2472=ORIENTED_EDGE('',*,*,#3272,.F.);
#2473=ORIENTED_EDGE('',*,*,#3273,.F.);
#2474=ORIENTED_EDGE('',*,*,#3270,.T.);
#2475=ORIENTED_EDGE('',*,*,#3196,.T.);
#2476=ORIENTED_EDGE('',*,*,#3274,.F.);
#2477=ORIENTED_EDGE('',*,*,#3275,.F.);
#2478=ORIENTED_EDGE('',*,*,#3272,.T.);
#2479=ORIENTED_EDGE('',*,*,#3195,.T.);
#2480=ORIENTED_EDGE('',*,*,#3261,.F.);
#2481=ORIENTED_EDGE('',*,*,#3276,.F.);
#2482=ORIENTED_EDGE('',*,*,#3274,.T.);
#2483=ORIENTED_EDGE('',*,*,#3260,.T.);
#2484=ORIENTED_EDGE('',*,*,#3263,.T.);
#2485=ORIENTED_EDGE('',*,*,#3265,.T.);
#2486=ORIENTED_EDGE('',*,*,#3267,.T.);
#2487=ORIENTED_EDGE('',*,*,#3269,.T.);
#2488=ORIENTED_EDGE('',*,*,#3271,.T.);
#2489=ORIENTED_EDGE('',*,*,#3273,.T.);
#2490=ORIENTED_EDGE('',*,*,#3275,.T.);
#2491=ORIENTED_EDGE('',*,*,#3276,.T.);
#2492=ORIENTED_EDGE('',*,*,#3277,.F.);
#2493=ORIENTED_EDGE('',*,*,#3278,.T.);
#2494=ORIENTED_EDGE('',*,*,#3279,.T.);
#2495=ORIENTED_EDGE('',*,*,#3184,.F.);
#2496=ORIENTED_EDGE('',*,*,#3279,.F.);
#2497=ORIENTED_EDGE('',*,*,#3280,.T.);
#2498=ORIENTED_EDGE('',*,*,#3277,.T.);
#2499=ORIENTED_EDGE('',*,*,#3183,.F.);
#2500=ORIENTED_EDGE('',*,*,#3278,.F.);
#2501=ORIENTED_EDGE('',*,*,#3280,.F.);
#2502=ORIENTED_EDGE('',*,*,#3281,.F.);
#2503=ORIENTED_EDGE('',*,*,#3282,.T.);
#2504=ORIENTED_EDGE('',*,*,#3283,.T.);
#2505=ORIENTED_EDGE('',*,*,#3186,.F.);
#2506=ORIENTED_EDGE('',*,*,#3185,.T.);
#2507=ORIENTED_EDGE('',*,*,#3283,.F.);
#2508=ORIENTED_EDGE('',*,*,#3284,.F.);
#2509=ORIENTED_EDGE('',*,*,#3281,.T.);
#2510=ORIENTED_EDGE('',*,*,#3282,.F.);
#2511=ORIENTED_EDGE('',*,*,#3284,.T.);
#2512=ORIENTED_EDGE('',*,*,#3187,.F.);
#2513=ORIENTED_EDGE('',*,*,#3285,.T.);
#2514=ORIENTED_EDGE('',*,*,#3285,.F.);
#2515=ORIENTED_EDGE('',*,*,#3192,.T.);
#2516=ORIENTED_EDGE('',*,*,#3286,.F.);
#2517=ORIENTED_EDGE('',*,*,#3287,.F.);
#2518=ORIENTED_EDGE('',*,*,#3288,.T.);
#2519=ORIENTED_EDGE('',*,*,#3191,.T.);
#2520=ORIENTED_EDGE('',*,*,#3288,.F.);
#2521=ORIENTED_EDGE('',*,*,#3289,.F.);
#2522=ORIENTED_EDGE('',*,*,#3286,.T.);
#2523=ORIENTED_EDGE('',*,*,#3287,.T.);
#2524=ORIENTED_EDGE('',*,*,#3289,.T.);
#2525=ORIENTED_EDGE('',*,*,#3206,.T.);
#2526=ORIENTED_EDGE('',*,*,#3221,.T.);
#2527=ORIENTED_EDGE('',*,*,#3210,.F.);
#2528=ORIENTED_EDGE('',*,*,#3232,.T.);
#2529=ORIENTED_EDGE('',*,*,#3238,.F.);
#2530=ORIENTED_EDGE('',*,*,#2593,.F.);
#2531=ORIENTED_EDGE('',*,*,#2735,.T.);
#2532=ORIENTED_EDGE('',*,*,#3290,.F.);
#2533=ORIENTED_EDGE('',*,*,#3291,.F.);
#2534=ORIENTED_EDGE('',*,*,#2595,.F.);
#2535=ORIENTED_EDGE('',*,*,#3292,.F.);
#2536=ORIENTED_EDGE('',*,*,#3293,.T.);
#2537=ORIENTED_EDGE('',*,*,#2733,.T.);
#2538=ORIENTED_EDGE('',*,*,#2734,.F.);
#2539=ORIENTED_EDGE('',*,*,#3293,.F.);
#2540=ORIENTED_EDGE('',*,*,#3294,.T.);
#2541=ORIENTED_EDGE('',*,*,#3290,.T.);
#2542=ORIENTED_EDGE('',*,*,#2594,.F.);
#2543=ORIENTED_EDGE('',*,*,#3291,.T.);
#2544=ORIENTED_EDGE('',*,*,#3294,.F.);
#2545=ORIENTED_EDGE('',*,*,#3292,.T.);
#2546=ORIENTED_EDGE('',*,*,#2710,.F.);
#2547=ORIENTED_EDGE('',*,*,#2601,.T.);
#2548=ORIENTED_EDGE('',*,*,#3295,.T.);
#2549=ORIENTED_EDGE('',*,*,#3296,.T.);
#2550=ORIENTED_EDGE('',*,*,#3297,.T.);
#2551=ORIENTED_EDGE('',*,*,#2599,.T.);
#2552=ORIENTED_EDGE('',*,*,#2712,.F.);
#2553=ORIENTED_EDGE('',*,*,#3298,.F.);
#2554=ORIENTED_EDGE('',*,*,#2711,.T.);
#2555=ORIENTED_EDGE('',*,*,#3296,.F.);
#2556=ORIENTED_EDGE('',*,*,#3299,.F.);
#2557=ORIENTED_EDGE('',*,*,#3298,.T.);
#2558=ORIENTED_EDGE('',*,*,#3295,.F.);
#2559=ORIENTED_EDGE('',*,*,#2600,.T.);
#2560=ORIENTED_EDGE('',*,*,#3297,.F.);
#2561=ORIENTED_EDGE('',*,*,#3299,.T.);
#2562=ORIENTED_EDGE('',*,*,#2619,.F.);
#2563=ORIENTED_EDGE('',*,*,#2805,.F.);
#2564=ORIENTED_EDGE('',*,*,#3300,.F.);
#2565=ORIENTED_EDGE('',*,*,#2723,.F.);
#2566=ORIENTED_EDGE('',*,*,#2794,.F.);
#2567=ORIENTED_EDGE('',*,*,#2591,.F.);
#2568=ORIENTED_EDGE('',*,*,#2724,.F.);
#2569=ORIENTED_EDGE('',*,*,#3300,.T.);
#2570=ORIENTED_EDGE('',*,*,#2728,.F.);
#2571=ORIENTED_EDGE('',*,*,#2603,.F.);
#2572=ORIENTED_EDGE('',*,*,#2709,.F.);
#2573=ORIENTED_EDGE('',*,*,#3301,.F.);
#2574=ORIENTED_EDGE('',*,*,#2703,.F.);
#2575=ORIENTED_EDGE('',*,*,#3301,.T.);
#2576=ORIENTED_EDGE('',*,*,#2804,.F.);
#2577=ORIENTED_EDGE('',*,*,#2621,.F.);
#2578=ORIENTED_EDGE('',*,*,#2795,.F.);
#2579=ORIENTED_EDGE('',*,*,#2704,.F.);
#2580=EDGE_CURVE('',#3302,#3302,#3792,.T.);
#2581=EDGE_CURVE('',#3303,#3304,#404,.T.);
#2582=EDGE_CURVE('',#3304,#3305,#405,.T.);
#2583=EDGE_CURVE('',#3306,#3305,#3793,.T.);
#2584=EDGE_CURVE('',#3306,#3307,#406,.T.);
#2585=EDGE_CURVE('',#3308,#3307,#407,.T.);
#2586=EDGE_CURVE('',#3309,#3308,#408,.T.);
#2587=EDGE_CURVE('',#3309,#3310,#3794,.T.);
#2588=EDGE_CURVE('',#3303,#3310,#409,.T.);
#2589=EDGE_CURVE('',#3311,#3311,#3795,.T.);
#2590=EDGE_CURVE('',#3312,#3313,#410,.T.);
#2591=EDGE_CURVE('',#3313,#3314,#411,.T.);
#2592=EDGE_CURVE('',#3314,#3315,#412,.T.);
#2593=EDGE_CURVE('',#3315,#3316,#413,.T.);
#2594=EDGE_CURVE('',#3316,#3317,#414,.T.);
#2595=EDGE_CURVE('',#3317,#3318,#415,.T.);
#2596=EDGE_CURVE('',#3318,#3319,#416,.T.);
#2597=EDGE_CURVE('',#3319,#3320,#417,.T.);
#2598=EDGE_CURVE('',#3320,#3321,#418,.T.);
#2599=EDGE_CURVE('',#3322,#3321,#419,.T.);
#2600=EDGE_CURVE('',#3323,#3322,#420,.T.);
#2601=EDGE_CURVE('',#3324,#3323,#421,.T.);
#2602=EDGE_CURVE('',#3324,#3325,#422,.T.);
#2603=EDGE_CURVE('',#3325,#3312,#423,.F.);
#2604=EDGE_CURVE('',#3326,#3327,#424,.T.);
#2605=EDGE_CURVE('',#3327,#3328,#425,.T.);
#2606=EDGE_CURVE('',#3328,#3329,#426,.T.);
#2607=EDGE_CURVE('',#3329,#3326,#427,.T.);
#2608=EDGE_CURVE('',#3330,#3331,#194,.T.);
#2609=EDGE_CURVE('',#3331,#3332,#195,.T.);
#2610=EDGE_CURVE('',#3332,#3333,#196,.T.);
#2611=EDGE_CURVE('',#3333,#3334,#197,.T.);
#2612=EDGE_CURVE('',#3334,#3335,#428,.T.);
#2613=EDGE_CURVE('',#3335,#3336,#429,.T.);
#2614=EDGE_CURVE('',#3336,#3337,#198,.T.);
#2615=EDGE_CURVE('',#3337,#3338,#199,.T.);
#2616=EDGE_CURVE('',#3330,#3338,#430,.T.);
#2617=EDGE_CURVE('',#3339,#3340,#431,.T.);
#2618=EDGE_CURVE('',#3340,#3341,#432,.T.);
#2619=EDGE_CURVE('',#3341,#3342,#433,.F.);
#2620=EDGE_CURVE('',#3342,#3343,#434,.F.);
#2621=EDGE_CURVE('',#3343,#3344,#435,.T.);
#2622=EDGE_CURVE('',#3344,#3339,#436,.T.);
#2623=EDGE_CURVE('',#3345,#3346,#200,.T.);
#2624=EDGE_CURVE('',#3345,#3347,#201,.T.);
#2625=EDGE_CURVE('',#3347,#3348,#437,.T.);
#2626=EDGE_CURVE('',#3348,#3349,#202,.T.);
#2627=EDGE_CURVE('',#3350,#3349,#203,.T.);
#2628=EDGE_CURVE('',#3351,#3350,#204,.T.);
#2629=EDGE_CURVE('',#3352,#3351,#205,.T.);
#2630=EDGE_CURVE('',#3353,#3352,#206,.T.);
#2631=EDGE_CURVE('',#3354,#3353,#207,.T.);
#2632=EDGE_CURVE('',#3354,#3355,#208,.T.);
#2633=EDGE_CURVE('',#3355,#3356,#209,.T.);
#2634=EDGE_CURVE('',#3356,#3357,#210,.T.);
#2635=EDGE_CURVE('',#3357,#3358,#211,.T.);
#2636=EDGE_CURVE('',#3358,#3359,#212,.T.);
#2637=EDGE_CURVE('',#3359,#3360,#213,.T.);
#2638=EDGE_CURVE('',#3360,#3361,#214,.T.);
#2639=EDGE_CURVE('',#3362,#3361,#215,.T.);
#2640=EDGE_CURVE('',#3363,#3362,#216,.T.);
#2641=EDGE_CURVE('',#3364,#3363,#217,.T.);
#2642=EDGE_CURVE('',#3365,#3364,#218,.T.);
#2643=EDGE_CURVE('',#3366,#3365,#438,.T.);
#2644=EDGE_CURVE('',#3366,#3367,#219,.T.);
#2645=EDGE_CURVE('',#3367,#3346,#220,.T.);
#2646=EDGE_CURVE('',#3368,#3369,#221,.T.);
#2647=EDGE_CURVE('',#3368,#3370,#222,.T.);
#2648=EDGE_CURVE('',#3371,#3370,#223,.T.);
#2649=EDGE_CURVE('',#3371,#3369,#224,.T.);
#2650=EDGE_CURVE('',#3372,#3373,#225,.T.);
#2651=EDGE_CURVE('',#3372,#3374,#226,.T.);
#2652=EDGE_CURVE('',#3375,#3374,#227,.T.);
#2653=EDGE_CURVE('',#3375,#3373,#228,.T.);
#2654=EDGE_CURVE('',#3376,#3377,#229,.T.);
#2655=EDGE_CURVE('',#3378,#3376,#230,.T.);
#2656=EDGE_CURVE('',#3379,#3378,#3796,.F.);
#2657=EDGE_CURVE('',#3379,#3377,#231,.T.);
#2658=EDGE_CURVE('',#3380,#3381,#232,.T.);
#2659=EDGE_CURVE('',#3380,#3382,#233,.T.);
#2660=EDGE_CURVE('',#3382,#3383,#234,.T.);
#2661=EDGE_CURVE('',#3381,#3383,#235,.T.);
#2662=EDGE_CURVE('',#3384,#3385,#236,.T.);
#2663=EDGE_CURVE('',#3384,#3386,#237,.T.);
#2664=EDGE_CURVE('',#3386,#3387,#238,.T.);
#2665=EDGE_CURVE('',#3387,#3385,#239,.T.);
#2666=EDGE_CURVE('',#3388,#3389,#240,.T.);
#2667=EDGE_CURVE('',#3388,#3390,#241,.T.);
#2668=EDGE_CURVE('',#3390,#3391,#242,.T.);
#2669=EDGE_CURVE('',#3392,#3391,#243,.T.);
#2670=EDGE_CURVE('',#3389,#3392,#244,.T.);
#2671=EDGE_CURVE('',#3393,#3394,#245,.T.);
#2672=EDGE_CURVE('',#3393,#3395,#246,.T.);
#2673=EDGE_CURVE('',#3396,#3395,#247,.T.);
#2674=EDGE_CURVE('',#3394,#3396,#248,.T.);
#2675=EDGE_CURVE('',#3397,#3398,#249,.T.);
#2676=EDGE_CURVE('',#3397,#3399,#250,.T.);
#2677=EDGE_CURVE('',#3400,#3399,#251,.T.);
#2678=EDGE_CURVE('',#3398,#3400,#252,.T.);
#2679=EDGE_CURVE('',#3401,#3402,#253,.T.);
#2680=EDGE_CURVE('',#3401,#3403,#254,.T.);
#2681=EDGE_CURVE('',#3403,#3404,#255,.T.);
#2682=EDGE_CURVE('',#3404,#3405,#256,.T.);
#2683=EDGE_CURVE('',#3406,#3405,#257,.T.);
#2684=EDGE_CURVE('',#3402,#3406,#258,.T.);
#2685=EDGE_CURVE('',#3407,#3407,#3797,.T.);
#2686=EDGE_CURVE('',#3408,#3408,#3798,.T.);
#2687=EDGE_CURVE('',#3409,#3409,#3799,.T.);
#2688=EDGE_CURVE('',#3410,#3410,#3800,.T.);
#2689=EDGE_CURVE('',#3411,#3412,#439,.T.);
#2690=EDGE_CURVE('',#3411,#3413,#440,.T.);
#2691=EDGE_CURVE('',#3413,#3414,#441,.T.);
#2692=EDGE_CURVE('',#3412,#3414,#442,.T.);
#2693=EDGE_CURVE('',#3415,#3416,#443,.T.);
#2694=EDGE_CURVE('',#3416,#3417,#444,.T.);
#2695=EDGE_CURVE('',#3417,#3418,#445,.F.);
#2696=EDGE_CURVE('',#3418,#3415,#446,.F.);
#2697=EDGE_CURVE('',#3419,#3420,#447,.F.);
#2698=EDGE_CURVE('',#3419,#3416,#259,.T.);
#2699=EDGE_CURVE('',#3415,#3420,#3801,.F.);
#2700=EDGE_CURVE('',#3417,#3421,#260,.F.);
#2701=EDGE_CURVE('',#3422,#3421,#448,.T.);
#2702=EDGE_CURVE('',#3422,#3418,#3802,.T.);
#2703=EDGE_CURVE('',#3312,#3423,#449,.T.);
#2704=EDGE_CURVE('',#3423,#3424,#450,.T.);
#2705=EDGE_CURVE('',#3424,#3419,#451,.F.);
#2706=EDGE_CURVE('',#3425,#3420,#3803,.T.);
#2707=EDGE_CURVE('',#3425,#3312,#452,.T.);
#2708=EDGE_CURVE('',#3426,#3427,#453,.T.);
#2709=EDGE_CURVE('',#3427,#3325,#454,.T.);
#2710=EDGE_CURVE('',#3324,#3428,#455,.T.);
#2711=EDGE_CURVE('',#3429,#3428,#456,.T.);
#2712=EDGE_CURVE('',#3429,#3321,#457,.T.);
#2713=EDGE_CURVE('',#3320,#3430,#458,.T.);
#2714=EDGE_CURVE('',#3430,#3431,#3804,.T.);
#2715=EDGE_CURVE('',#3431,#3426,#459,.T.);
#2716=EDGE_CURVE('',#3432,#3432,#3805,.T.);
#2717=EDGE_CURVE('',#3433,#3433,#3806,.T.);
#2718=EDGE_CURVE('',#3434,#3434,#3807,.T.);
#2719=EDGE_CURVE('',#3435,#3435,#3808,.T.);
#2720=EDGE_CURVE('',#3436,#3436,#3809,.T.);
#2721=EDGE_CURVE('',#3437,#3437,#3810,.T.);
#2722=EDGE_CURVE('',#3438,#3438,#3811,.T.);
#2723=EDGE_CURVE('',#3439,#3440,#460,.T.);
#2724=EDGE_CURVE('',#3440,#3313,#461,.T.);
#2725=EDGE_CURVE('',#3441,#3313,#462,.F.);
#2726=EDGE_CURVE('',#3422,#3441,#3812,.T.);
#2727=EDGE_CURVE('',#3421,#3439,#463,.F.);
#2728=EDGE_CURVE('',#3314,#3442,#464,.T.);
#2729=EDGE_CURVE('',#3442,#3443,#465,.T.);
#2730=EDGE_CURVE('',#3443,#3444,#466,.T.);
#2731=EDGE_CURVE('',#3445,#3444,#3813,.T.);
#2732=EDGE_CURVE('',#3445,#3319,#467,.T.);
#2733=EDGE_CURVE('',#3446,#3318,#468,.T.);
#2734=EDGE_CURVE('',#3446,#3447,#469,.T.);
#2735=EDGE_CURVE('',#3315,#3447,#470,.T.);
#2736=EDGE_CURVE('',#3448,#3448,#3814,.T.);
#2737=EDGE_CURVE('',#3449,#3449,#3815,.F.);
#2738=EDGE_CURVE('',#3450,#3450,#3816,.T.);
#2739=EDGE_CURVE('',#3451,#3451,#3817,.F.);
#2740=EDGE_CURVE('',#3452,#3452,#3818,.T.);
#2741=EDGE_CURVE('',#3453,#3453,#3819,.F.);
#2742=EDGE_CURVE('',#3454,#3454,#3820,.T.);
#2743=EDGE_CURVE('',#3455,#3455,#3821,.F.);
#2744=EDGE_CURVE('',#3456,#3456,#3822,.T.);
#2745=EDGE_CURVE('',#3457,#3457,#3823,.F.);
#2746=EDGE_CURVE('',#3458,#3458,#3824,.T.);
#2747=EDGE_CURVE('',#3459,#3459,#3825,.F.);
#2748=EDGE_CURVE('',#3306,#3460,#471,.F.);
#2749=EDGE_CURVE('',#3460,#3461,#472,.T.);
#2750=EDGE_CURVE('',#3461,#3305,#473,.T.);
#2751=EDGE_CURVE('',#3304,#3462,#474,.F.);
#2752=EDGE_CURVE('',#3463,#3462,#475,.T.);
#2753=EDGE_CURVE('',#3464,#3463,#476,.T.);
#2754=EDGE_CURVE('',#3464,#3307,#477,.T.);
#2755=EDGE_CURVE('',#3465,#3411,#478,.T.);
#2756=EDGE_CURVE('',#3465,#3466,#479,.T.);
#2757=EDGE_CURVE('',#3466,#3413,#480,.T.);
#2758=EDGE_CURVE('',#3463,#3467,#481,.T.);
#2759=EDGE_CURVE('',#3468,#3467,#482,.T.);
#2760=EDGE_CURVE('',#3464,#3468,#483,.T.);
#2761=EDGE_CURVE('',#3469,#3469,#3826,.T.);
#2762=EDGE_CURVE('',#3470,#3470,#3827,.T.);
#2763=EDGE_CURVE('',#3471,#3471,#3828,.T.);
#2764=EDGE_CURVE('',#3472,#3472,#3829,.T.);
#2765=EDGE_CURVE('',#3473,#3473,#3830,.T.);
#2766=EDGE_CURVE('',#3474,#3474,#3831,.T.);
#2767=EDGE_CURVE('',#3475,#3475,#3832,.T.);
#2768=EDGE_CURVE('',#3476,#3412,#484,.T.);
#2769=EDGE_CURVE('',#3465,#3476,#485,.T.);
#2770=EDGE_CURVE('',#3477,#3414,#486,.T.);
#2771=EDGE_CURVE('',#3476,#3477,#487,.T.);
#2772=EDGE_CURVE('',#3466,#3477,#488,.T.);
#2773=EDGE_CURVE('',#3462,#3478,#489,.T.);
#2774=EDGE_CURVE('',#3467,#3478,#490,.T.);
#2775=EDGE_CURVE('',#3479,#3480,#491,.T.);
#2776=EDGE_CURVE('',#3479,#3309,#492,.T.);
#2777=EDGE_CURVE('',#3468,#3308,#493,.T.);
#2778=EDGE_CURVE('',#3478,#3303,#494,.F.);
#2779=EDGE_CURVE('',#3310,#3480,#495,.F.);
#2780=EDGE_CURVE('',#3425,#3415,#3833,.T.);
#2781=EDGE_CURVE('',#3418,#3441,#3834,.F.);
#2782=EDGE_CURVE('',#3460,#3461,#3835,.T.);
#2783=EDGE_CURVE('',#3481,#3481,#3836,.F.);
#2784=EDGE_CURVE('',#3479,#3480,#3837,.T.);
#2785=EDGE_CURVE('',#3482,#3482,#3838,.T.);
#2786=EDGE_CURVE('',#3483,#3483,#3839,.T.);
#2787=EDGE_CURVE('',#3484,#3484,#3840,.T.);
#2788=EDGE_CURVE('',#3485,#3485,#3841,.T.);
#2789=EDGE_CURVE('',#3486,#3486,#3842,.T.);
#2790=EDGE_CURVE('',#3487,#3487,#3843,.T.);
#2791=EDGE_CURVE('',#3430,#3431,#116,.F.);
#2792=EDGE_CURVE('',#3444,#3445,#117,.T.);
#2793=EDGE_CURVE('',#3488,#3488,#3844,.T.);
#2794=EDGE_CURVE('',#3342,#3439,#118,.F.);
#2795=EDGE_CURVE('',#3424,#3343,#119,.T.);
#2796=EDGE_CURVE('',#3489,#3326,#496,.T.);
#2797=EDGE_CURVE('',#3489,#3426,#497,.F.);
#2798=EDGE_CURVE('',#3320,#3327,#498,.F.);
#2799=EDGE_CURVE('',#3490,#3329,#499,.F.);
#2800=EDGE_CURVE('',#3490,#3340,#500,.F.);
#2801=EDGE_CURVE('',#3339,#3489,#501,.T.);
#2802=EDGE_CURVE('',#3443,#3490,#502,.F.);
#2803=EDGE_CURVE('',#3328,#3319,#503,.T.);
#2804=EDGE_CURVE('',#3344,#3427,#504,.T.);
#2805=EDGE_CURVE('',#3442,#3341,#505,.F.);
#2806=EDGE_CURVE('',#3491,#3492,#506,.T.);
#2807=EDGE_CURVE('',#3492,#3493,#3845,.T.);
#2808=EDGE_CURVE('',#3494,#3493,#507,.T.);
#2809=EDGE_CURVE('',#3491,#3494,#3846,.T.);
#2810=EDGE_CURVE('',#3495,#3383,#508,.T.);
#2811=EDGE_CURVE('',#3496,#3495,#509,.T.);
#2812=EDGE_CURVE('',#3494,#3496,#261,.T.);
#2813=EDGE_CURVE('',#3493,#3381,#510,.T.);
#2814=EDGE_CURVE('',#3495,#3497,#3847,.T.);
#2815=EDGE_CURVE('',#3498,#3497,#511,.T.);
#2816=EDGE_CURVE('',#3496,#3498,#3848,.T.);
#2817=EDGE_CURVE('',#3499,#3353,#512,.T.);
#2818=EDGE_CURVE('',#3498,#3499,#262,.T.);
#2819=EDGE_CURVE('',#3497,#3354,#513,.T.);
#2820=EDGE_CURVE('',#3500,#3352,#514,.T.);
#2821=EDGE_CURVE('',#3499,#3500,#263,.T.);
#2822=EDGE_CURVE('',#3501,#3351,#515,.T.);
#2823=EDGE_CURVE('',#3500,#3501,#264,.T.);
#2824=EDGE_CURVE('',#3502,#3350,#516,.T.);
#2825=EDGE_CURVE('',#3503,#3502,#517,.T.);
#2826=EDGE_CURVE('',#3501,#3503,#265,.T.);
#2827=EDGE_CURVE('',#3502,#3504,#266,.T.);
#2828=EDGE_CURVE('',#3505,#3504,#518,.T.);
#2829=EDGE_CURVE('',#3503,#3505,#267,.T.);
#2830=EDGE_CURVE('',#3506,#3406,#519,.T.);
#2831=EDGE_CURVE('',#3507,#3506,#520,.T.);
#2832=EDGE_CURVE('',#3505,#3507,#268,.T.);
#2833=EDGE_CURVE('',#3504,#3402,#521,.T.);
#2834=EDGE_CURVE('',#3506,#3508,#3849,.T.);
#2835=EDGE_CURVE('',#3509,#3508,#522,.T.);
#2836=EDGE_CURVE('',#3507,#3509,#3850,.T.);
#2837=EDGE_CURVE('',#3510,#3511,#269,.T.);
#2838=EDGE_CURVE('',#3512,#3510,#523,.T.);
#2839=EDGE_CURVE('',#3512,#3513,#270,.T.);
#2840=EDGE_CURVE('',#3513,#3511,#524,.T.);
#2841=EDGE_CURVE('',#3511,#3510,#271,.T.);
#2842=EDGE_CURVE('',#3513,#3512,#272,.T.);
#2843=EDGE_CURVE('',#3492,#3376,#525,.T.);
#2844=EDGE_CURVE('',#3509,#3491,#273,.T.);
#2845=EDGE_CURVE('',#3508,#3378,#526,.T.);
#2846=EDGE_CURVE('',#3514,#3514,#3851,.T.);
#2847=EDGE_CURVE('',#3515,#3515,#3852,.T.);
#2848=EDGE_CURVE('',#3516,#3516,#3853,.T.);
#2849=EDGE_CURVE('',#3517,#3517,#3854,.T.);
#2850=EDGE_CURVE('',#3518,#3518,#3855,.T.);
#2851=EDGE_CURVE('',#3519,#3519,#3856,.T.);
#2852=EDGE_CURVE('',#3520,#3521,#3857,.T.);
#2853=EDGE_CURVE('',#3522,#3520,#527,.T.);
#2854=EDGE_CURVE('',#3522,#3523,#3858,.T.);
#2855=EDGE_CURVE('',#3523,#3521,#528,.T.);
#2856=EDGE_CURVE('',#3524,#3525,#3859,.F.);
#2857=EDGE_CURVE('',#3526,#3524,#529,.T.);
#2858=EDGE_CURVE('',#3526,#3527,#3860,.F.);
#2859=EDGE_CURVE('',#3527,#3525,#530,.T.);
#2860=EDGE_CURVE('',#3528,#3372,#531,.T.);
#2861=EDGE_CURVE('',#3529,#3528,#532,.T.);
#2862=EDGE_CURVE('',#3529,#3526,#274,.T.);
#2863=EDGE_CURVE('',#3524,#3374,#533,.T.);
#2864=EDGE_CURVE('',#3530,#3528,#3861,.F.);
#2865=EDGE_CURVE('',#3531,#3530,#534,.T.);
#2866=EDGE_CURVE('',#3531,#3529,#3862,.F.);
#2867=EDGE_CURVE('',#3532,#3371,#535,.T.);
#2868=EDGE_CURVE('',#3533,#3532,#536,.T.);
#2869=EDGE_CURVE('',#3533,#3531,#275,.T.);
#2870=EDGE_CURVE('',#3530,#3369,#537,.T.);
#2871=EDGE_CURVE('',#3534,#3532,#3863,.F.);
#2872=EDGE_CURVE('',#3535,#3534,#538,.T.);
#2873=EDGE_CURVE('',#3535,#3533,#3864,.F.);
#2874=EDGE_CURVE('',#3536,#3387,#539,.T.);
#2875=EDGE_CURVE('',#3537,#3536,#540,.T.);
#2876=EDGE_CURVE('',#3537,#3535,#276,.T.);
#2877=EDGE_CURVE('',#3534,#3385,#541,.T.);
#2878=EDGE_CURVE('',#3538,#3536,#3865,.F.);
#2879=EDGE_CURVE('',#3539,#3538,#542,.T.);
#2880=EDGE_CURVE('',#3539,#3537,#3866,.F.);
#2881=EDGE_CURVE('',#3540,#3356,#543,.T.);
#2882=EDGE_CURVE('',#3540,#3539,#277,.T.);
#2883=EDGE_CURVE('',#3538,#3357,#544,.T.);
#2884=EDGE_CURVE('',#3541,#3355,#545,.T.);
#2885=EDGE_CURVE('',#3542,#3541,#546,.T.);
#2886=EDGE_CURVE('',#3542,#3540,#278,.T.);
#2887=EDGE_CURVE('',#3543,#3541,#3867,.T.);
#2888=EDGE_CURVE('',#3544,#3543,#547,.T.);
#2889=EDGE_CURVE('',#3544,#3542,#3868,.T.);
#2890=EDGE_CURVE('',#3545,#3380,#548,.T.);
#2891=EDGE_CURVE('',#3546,#3545,#549,.T.);
#2892=EDGE_CURVE('',#3546,#3544,#279,.T.);
#2893=EDGE_CURVE('',#3543,#3382,#550,.T.);
#2894=EDGE_CURVE('',#3547,#3545,#3869,.T.);
#2895=EDGE_CURVE('',#3548,#3547,#551,.T.);
#2896=EDGE_CURVE('',#3548,#3546,#3870,.T.);
#2897=EDGE_CURVE('',#3549,#3379,#552,.T.);
#2898=EDGE_CURVE('',#3550,#3549,#553,.T.);
#2899=EDGE_CURVE('',#3550,#3548,#280,.T.);
#2900=EDGE_CURVE('',#3547,#3377,#554,.T.);
#2901=EDGE_CURVE('',#3551,#3549,#281,.T.);
#2902=EDGE_CURVE('',#3552,#3551,#555,.T.);
#2903=EDGE_CURVE('',#3552,#3550,#282,.T.);
#2904=EDGE_CURVE('',#3553,#3404,#556,.T.);
#2905=EDGE_CURVE('',#3553,#3552,#283,.T.);
#2906=EDGE_CURVE('',#3551,#3405,#557,.T.);
#2907=EDGE_CURVE('',#3554,#3403,#558,.T.);
#2908=EDGE_CURVE('',#3554,#3553,#284,.T.);
#2909=EDGE_CURVE('',#3521,#3401,#559,.T.);
#2910=EDGE_CURVE('',#3523,#3554,#285,.T.);
#2911=EDGE_CURVE('',#3555,#3522,#286,.T.);
#2912=EDGE_CURVE('',#3556,#3555,#560,.T.);
#2913=EDGE_CURVE('',#3527,#3556,#287,.T.);
#2914=EDGE_CURVE('',#3557,#3557,#3871,.T.);
#2915=EDGE_CURVE('',#3558,#3558,#3872,.T.);
#2916=EDGE_CURVE('',#3559,#3559,#3873,.T.);
#2917=EDGE_CURVE('',#3560,#3560,#3874,.T.);
#2918=EDGE_CURVE('',#3561,#3561,#3875,.F.);
#2919=EDGE_CURVE('',#3562,#3366,#561,.T.);
#2920=EDGE_CURVE('',#3563,#3562,#562,.T.);
#2921=EDGE_CURVE('',#3563,#3564,#288,.T.);
#2922=EDGE_CURVE('',#3564,#3367,#563,.T.);
#2923=EDGE_CURVE('',#3565,#3562,#3876,.F.);
#2924=EDGE_CURVE('',#3566,#3565,#564,.T.);
#2925=EDGE_CURVE('',#3566,#3563,#3877,.F.);
#2926=EDGE_CURVE('',#3567,#3397,#565,.T.);
#2927=EDGE_CURVE('',#3568,#3567,#566,.T.);
#2928=EDGE_CURVE('',#3568,#3566,#289,.T.);
#2929=EDGE_CURVE('',#3565,#3399,#567,.T.);
#2930=EDGE_CURVE('',#3569,#3567,#3878,.F.);
#2931=EDGE_CURVE('',#3570,#3569,#568,.T.);
#2932=EDGE_CURVE('',#3570,#3568,#3879,.F.);
#2933=EDGE_CURVE('',#3571,#3393,#569,.T.);
#2934=EDGE_CURVE('',#3572,#3571,#570,.T.);
#2935=EDGE_CURVE('',#3572,#3570,#290,.T.);
#2936=EDGE_CURVE('',#3569,#3395,#571,.T.);
#2937=EDGE_CURVE('',#3573,#3571,#291,.T.);
#2938=EDGE_CURVE('',#3574,#3573,#572,.T.);
#2939=EDGE_CURVE('',#3574,#3572,#292,.T.);
#2940=EDGE_CURVE('',#3575,#3390,#573,.T.);
#2941=EDGE_CURVE('',#3576,#3575,#574,.T.);
#2942=EDGE_CURVE('',#3576,#3574,#293,.T.);
#2943=EDGE_CURVE('',#3573,#3391,#575,.T.);
#2944=EDGE_CURVE('',#3577,#3575,#294,.T.);
#2945=EDGE_CURVE('',#3578,#3577,#576,.T.);
#2946=EDGE_CURVE('',#3578,#3576,#295,.T.);
#2947=EDGE_CURVE('',#3579,#3359,#577,.T.);
#2948=EDGE_CURVE('',#3579,#3578,#296,.T.);
#2949=EDGE_CURVE('',#3577,#3360,#578,.T.);
#2950=EDGE_CURVE('',#3580,#3358,#579,.T.);
#2951=EDGE_CURVE('',#3581,#3580,#580,.T.);
#2952=EDGE_CURVE('',#3581,#3579,#297,.T.);
#2953=EDGE_CURVE('',#3582,#3580,#3880,.T.);
#2954=EDGE_CURVE('',#3583,#3582,#581,.T.);
#2955=EDGE_CURVE('',#3583,#3581,#3881,.T.);
#2956=EDGE_CURVE('',#3584,#3384,#582,.T.);
#2957=EDGE_CURVE('',#3585,#3584,#583,.T.);
#2958=EDGE_CURVE('',#3585,#3583,#298,.T.);
#2959=EDGE_CURVE('',#3582,#3386,#584,.T.);
#2960=EDGE_CURVE('',#3586,#3584,#3882,.T.);
#2961=EDGE_CURVE('',#3587,#3586,#585,.T.);
#2962=EDGE_CURVE('',#3587,#3585,#3883,.T.);
#2963=EDGE_CURVE('',#3588,#3368,#586,.T.);
#2964=EDGE_CURVE('',#3589,#3588,#587,.T.);
#2965=EDGE_CURVE('',#3589,#3587,#299,.T.);
#2966=EDGE_CURVE('',#3586,#3370,#588,.T.);
#2967=EDGE_CURVE('',#3590,#3588,#3884,.T.);
#2968=EDGE_CURVE('',#3591,#3590,#589,.T.);
#2969=EDGE_CURVE('',#3591,#3589,#3885,.T.);
#2970=EDGE_CURVE('',#3592,#3375,#590,.T.);
#2971=EDGE_CURVE('',#3593,#3592,#591,.T.);
#2972=EDGE_CURVE('',#3593,#3591,#300,.T.);
#2973=EDGE_CURVE('',#3590,#3373,#592,.T.);
#2974=EDGE_CURVE('',#3594,#3592,#3886,.T.);
#2975=EDGE_CURVE('',#3595,#3594,#593,.T.);
#2976=EDGE_CURVE('',#3595,#3593,#3887,.T.);
#2977=EDGE_CURVE('',#3564,#3595,#301,.T.);
#2978=EDGE_CURVE('',#3594,#3346,#594,.T.);
#2979=EDGE_CURVE('',#3596,#3596,#3888,.T.);
#2980=EDGE_CURVE('',#3597,#3597,#3889,.T.);
#2981=EDGE_CURVE('',#3598,#3598,#3890,.T.);
#2982=EDGE_CURVE('',#3599,#3599,#3891,.T.);
#2983=EDGE_CURVE('',#3600,#3600,#3892,.T.);
#2984=EDGE_CURVE('',#3601,#3601,#3893,.T.);
#2985=EDGE_CURVE('',#3602,#3602,#3894,.T.);
#2986=EDGE_CURVE('',#3603,#3603,#3895,.T.);
#2987=EDGE_CURVE('',#3604,#3604,#3896,.T.);
#2988=EDGE_CURVE('',#3605,#3605,#3897,.T.);
#2989=EDGE_CURVE('',#3606,#3606,#3898,.T.);
#2990=EDGE_CURVE('',#3607,#3607,#3899,.T.);
#2991=EDGE_CURVE('',#3608,#3362,#595,.T.);
#2992=EDGE_CURVE('',#3609,#3608,#302,.T.);
#2993=EDGE_CURVE('',#3609,#3363,#596,.T.);
#2994=EDGE_CURVE('',#3610,#3361,#597,.T.);
#2995=EDGE_CURVE('',#3611,#3610,#598,.T.);
#2996=EDGE_CURVE('',#3608,#3611,#303,.T.);
#2997=EDGE_CURVE('',#3610,#3612,#3900,.F.);
#2998=EDGE_CURVE('',#3613,#3612,#599,.T.);
#2999=EDGE_CURVE('',#3611,#3613,#3901,.F.);
#3000=EDGE_CURVE('',#3614,#3389,#600,.T.);
#3001=EDGE_CURVE('',#3613,#3614,#304,.T.);
#3002=EDGE_CURVE('',#3612,#3388,#601,.T.);
#3003=EDGE_CURVE('',#3615,#3392,#602,.T.);
#3004=EDGE_CURVE('',#3616,#3615,#603,.T.);
#3005=EDGE_CURVE('',#3614,#3616,#305,.T.);
#3006=EDGE_CURVE('',#3615,#3617,#3902,.F.);
#3007=EDGE_CURVE('',#3618,#3617,#604,.T.);
#3008=EDGE_CURVE('',#3616,#3618,#3903,.F.);
#3009=EDGE_CURVE('',#3619,#3396,#605,.T.);
#3010=EDGE_CURVE('',#3620,#3619,#606,.T.);
#3011=EDGE_CURVE('',#3618,#3620,#306,.T.);
#3012=EDGE_CURVE('',#3617,#3394,#607,.T.);
#3013=EDGE_CURVE('',#3619,#3621,#3904,.F.);
#3014=EDGE_CURVE('',#3622,#3621,#608,.T.);
#3015=EDGE_CURVE('',#3620,#3622,#3905,.F.);
#3016=EDGE_CURVE('',#3623,#3400,#609,.T.);
#3017=EDGE_CURVE('',#3624,#3623,#610,.T.);
#3018=EDGE_CURVE('',#3622,#3624,#307,.T.);
#3019=EDGE_CURVE('',#3621,#3398,#611,.T.);
#3020=EDGE_CURVE('',#3623,#3625,#3906,.F.);
#3021=EDGE_CURVE('',#3626,#3625,#612,.T.);
#3022=EDGE_CURVE('',#3624,#3626,#3907,.F.);
#3023=EDGE_CURVE('',#3626,#3609,#308,.T.);
#3024=EDGE_CURVE('',#3625,#3364,#613,.T.);
#3025=EDGE_CURVE('',#3627,#3627,#3908,.T.);
#3026=EDGE_CURVE('',#3628,#3628,#3909,.T.);
#3027=EDGE_CURVE('',#3629,#3629,#3910,.T.);
#3028=EDGE_CURVE('',#3630,#3630,#3911,.T.);
#3029=EDGE_CURVE('',#3631,#3631,#3912,.T.);
#3030=EDGE_CURVE('',#3632,#3632,#3913,.T.);
#3031=EDGE_CURVE('',#3633,#3633,#3914,.T.);
#3032=EDGE_CURVE('',#3634,#3634,#3915,.T.);
#3033=EDGE_CURVE('',#3635,#3635,#3916,.T.);
#3034=EDGE_CURVE('',#3636,#3636,#3917,.T.);
#3035=EDGE_CURVE('',#3637,#3637,#3918,.T.);
#3036=EDGE_CURVE('',#3638,#3638,#3919,.T.);
#3037=EDGE_CURVE('',#3639,#3640,#614,.T.);
#3038=EDGE_CURVE('',#3641,#3639,#615,.T.);
#3039=EDGE_CURVE('',#3641,#3642,#616,.T.);
#3040=EDGE_CURVE('',#3643,#3642,#309,.T.);
#3041=EDGE_CURVE('',#3644,#3643,#617,.T.);
#3042=EDGE_CURVE('',#3644,#3645,#618,.T.);
#3043=EDGE_CURVE('',#3645,#3646,#619,.T.);
#3044=EDGE_CURVE('',#3646,#3647,#620,.T.);
#3045=EDGE_CURVE('',#3640,#3647,#310,.T.);
#3046=EDGE_CURVE('',#3648,#3649,#311,.T.);
#3047=EDGE_CURVE('',#3648,#3650,#621,.T.);
#3048=EDGE_CURVE('',#3651,#3650,#312,.T.);
#3049=EDGE_CURVE('',#3651,#3652,#313,.T.);
#3050=EDGE_CURVE('',#3649,#3652,#3920,.T.);
#3051=EDGE_CURVE('',#3653,#3654,#622,.T.);
#3052=EDGE_CURVE('',#3655,#3653,#623,.T.);
#3053=EDGE_CURVE('',#3656,#3655,#3921,.T.);
#3054=EDGE_CURVE('',#3657,#3656,#624,.T.);
#3055=EDGE_CURVE('',#3658,#3657,#625,.T.);
#3056=EDGE_CURVE('',#3659,#3658,#3922,.T.);
#3057=EDGE_CURVE('',#3659,#3660,#626,.T.);
#3058=EDGE_CURVE('',#3660,#3661,#627,.T.);
#3059=EDGE_CURVE('',#3661,#3662,#628,.T.);
#3060=EDGE_CURVE('',#3654,#3662,#3923,.T.);
#3061=EDGE_CURVE('',#3663,#3664,#314,.T.);
#3062=EDGE_CURVE('',#3663,#3665,#629,.T.);
#3063=EDGE_CURVE('',#3666,#3665,#315,.T.);
#3064=EDGE_CURVE('',#3664,#3666,#316,.T.);
#3065=EDGE_CURVE('',#3667,#3667,#3924,.T.);
#3066=EDGE_CURVE('',#3668,#3668,#3925,.T.);
#3067=EDGE_CURVE('',#3669,#3669,#3926,.T.);
#3068=EDGE_CURVE('',#3670,#3670,#3927,.T.);
#3069=EDGE_CURVE('',#3671,#3664,#630,.T.);
#3070=EDGE_CURVE('',#3672,#3671,#317,.T.);
#3071=EDGE_CURVE('',#3672,#3663,#631,.T.);
#3072=EDGE_CURVE('',#3673,#3666,#632,.T.);
#3073=EDGE_CURVE('',#3671,#3673,#318,.T.);
#3074=EDGE_CURVE('',#3674,#3665,#633,.T.);
#3075=EDGE_CURVE('',#3673,#3674,#319,.T.);
#3076=EDGE_CURVE('',#3672,#3674,#634,.T.);
#3077=EDGE_CURVE('',#3675,#3654,#635,.T.);
#3078=EDGE_CURVE('',#3676,#3675,#636,.T.);
#3079=EDGE_CURVE('',#3676,#3653,#637,.T.);
#3080=EDGE_CURVE('',#3677,#3662,#638,.T.);
#3081=EDGE_CURVE('',#3675,#3677,#3928,.T.);
#3082=EDGE_CURVE('',#3678,#3661,#639,.T.);
#3083=EDGE_CURVE('',#3678,#3677,#640,.T.);
#3084=EDGE_CURVE('',#3679,#3660,#641,.T.);
#3085=EDGE_CURVE('',#3679,#3678,#642,.T.);
#3086=EDGE_CURVE('',#3680,#3659,#643,.T.);
#3087=EDGE_CURVE('',#3680,#3679,#644,.T.);
#3088=EDGE_CURVE('',#3681,#3658,#645,.T.);
#3089=EDGE_CURVE('',#3680,#3681,#3929,.T.);
#3090=EDGE_CURVE('',#3682,#3657,#646,.T.);
#3091=EDGE_CURVE('',#3681,#3682,#647,.T.);
#3092=EDGE_CURVE('',#3683,#3656,#648,.T.);
#3093=EDGE_CURVE('',#3682,#3683,#649,.T.);
#3094=EDGE_CURVE('',#3684,#3655,#650,.T.);
#3095=EDGE_CURVE('',#3683,#3684,#3930,.T.);
#3096=EDGE_CURVE('',#3684,#3676,#651,.T.);
#3097=EDGE_CURVE('',#3685,#3649,#652,.T.);
#3098=EDGE_CURVE('',#3686,#3685,#320,.T.);
#3099=EDGE_CURVE('',#3686,#3648,#653,.T.);
#3100=EDGE_CURVE('',#3687,#3652,#654,.T.);
#3101=EDGE_CURVE('',#3685,#3687,#3931,.T.);
#3102=EDGE_CURVE('',#3688,#3651,#655,.T.);
#3103=EDGE_CURVE('',#3688,#3687,#321,.T.);
#3104=EDGE_CURVE('',#3689,#3650,#656,.T.);
#3105=EDGE_CURVE('',#3688,#3689,#322,.T.);
#3106=EDGE_CURVE('',#3686,#3689,#657,.T.);
#3107=EDGE_CURVE('',#3690,#3640,#658,.T.);
#3108=EDGE_CURVE('',#3691,#3690,#659,.T.);
#3109=EDGE_CURVE('',#3691,#3639,#660,.T.);
#3110=EDGE_CURVE('',#3692,#3647,#661,.T.);
#3111=EDGE_CURVE('',#3690,#3692,#323,.T.);
#3112=EDGE_CURVE('',#3693,#3646,#662,.T.);
#3113=EDGE_CURVE('',#3693,#3692,#663,.T.);
#3114=EDGE_CURVE('',#3694,#3645,#664,.T.);
#3115=EDGE_CURVE('',#3694,#3693,#665,.T.);
#3116=EDGE_CURVE('',#3695,#3644,#666,.T.);
#3117=EDGE_CURVE('',#3695,#3694,#667,.T.);
#3118=EDGE_CURVE('',#3696,#3643,#668,.T.);
#3119=EDGE_CURVE('',#3695,#3696,#669,.T.);
#3120=EDGE_CURVE('',#3697,#3642,#670,.T.);
#3121=EDGE_CURVE('',#3696,#3697,#324,.T.);
#3122=EDGE_CURVE('',#3698,#3641,#671,.T.);
#3123=EDGE_CURVE('',#3698,#3697,#672,.T.);
#3124=EDGE_CURVE('',#3698,#3691,#673,.T.);
#3125=EDGE_CURVE('',#3623,#3565,#325,.T.);
#3126=EDGE_CURVE('',#3699,#3365,#674,.T.);
#3127=EDGE_CURVE('',#3562,#3699,#675,.T.);
#3128=EDGE_CURVE('',#3699,#3625,#326,.T.);
#3129=EDGE_CURVE('',#3619,#3569,#327,.T.);
#3130=EDGE_CURVE('',#3567,#3621,#328,.T.);
#3131=EDGE_CURVE('',#3615,#3573,#329,.T.);
#3132=EDGE_CURVE('',#3571,#3617,#330,.T.);
#3133=EDGE_CURVE('',#3577,#3610,#331,.T.);
#3134=EDGE_CURVE('',#3612,#3575,#332,.T.);
#3135=EDGE_CURVE('',#3525,#3594,#333,.T.);
#3136=EDGE_CURVE('',#3525,#3345,#676,.T.);
#3137=EDGE_CURVE('',#3592,#3524,#334,.T.);
#3138=EDGE_CURVE('',#3588,#3530,#335,.T.);
#3139=EDGE_CURVE('',#3528,#3590,#336,.T.);
#3140=EDGE_CURVE('',#3532,#3586,#337,.T.);
#3141=EDGE_CURVE('',#3584,#3534,#338,.T.);
#3142=EDGE_CURVE('',#3538,#3580,#339,.T.);
#3143=EDGE_CURVE('',#3582,#3536,#340,.T.);
#3144=EDGE_CURVE('',#3506,#3551,#341,.T.);
#3145=EDGE_CURVE('',#3549,#3508,#3932,.F.);
#3146=EDGE_CURVE('',#3492,#3547,#342,.T.);
#3147=EDGE_CURVE('',#3545,#3493,#343,.T.);
#3148=EDGE_CURVE('',#3543,#3495,#344,.T.);
#3149=EDGE_CURVE('',#3497,#3541,#345,.T.);
#3150=EDGE_CURVE('',#3520,#3349,#677,.T.);
#3151=EDGE_CURVE('',#3502,#3520,#346,.T.);
#3152=EDGE_CURVE('',#3521,#3504,#347,.T.);
#3153=EDGE_CURVE('',#3556,#3347,#678,.T.);
#3154=EDGE_CURVE('',#3555,#3348,#679,.T.);
#3155=EDGE_CURVE('',#3700,#3700,#3933,.T.);
#3156=EDGE_CURVE('',#3701,#3330,#680,.T.);
#3157=EDGE_CURVE('',#3701,#3702,#348,.T.);
#3158=EDGE_CURVE('',#3702,#3331,#681,.T.);
#3159=EDGE_CURVE('',#3703,#3338,#682,.T.);
#3160=EDGE_CURVE('',#3701,#3703,#683,.T.);
#3161=EDGE_CURVE('',#3704,#3337,#684,.T.);
#3162=EDGE_CURVE('',#3704,#3703,#349,.T.);
#3163=EDGE_CURVE('',#3705,#3336,#685,.T.);
#3164=EDGE_CURVE('',#3705,#3704,#350,.T.);
#3165=EDGE_CURVE('',#3706,#3335,#686,.T.);
#3166=EDGE_CURVE('',#3706,#3705,#687,.T.);
#3167=EDGE_CURVE('',#3707,#3334,#688,.T.);
#3168=EDGE_CURVE('',#3707,#3706,#689,.T.);
#3169=EDGE_CURVE('',#3708,#3333,#690,.T.);
#3170=EDGE_CURVE('',#3708,#3707,#351,.T.);
#3171=EDGE_CURVE('',#3709,#3332,#691,.T.);
#3172=EDGE_CURVE('',#3709,#3708,#352,.T.);
#3173=EDGE_CURVE('',#3702,#3709,#353,.T.);
#3174=EDGE_CURVE('',#3710,#3711,#354,.T.);
#3175=EDGE_CURVE('',#3710,#3712,#692,.T.);
#3176=EDGE_CURVE('',#3713,#3712,#355,.T.);
#3177=EDGE_CURVE('',#3714,#3713,#693,.T.);
#3178=EDGE_CURVE('',#3715,#3714,#694,.T.);
#3179=EDGE_CURVE('',#3716,#3715,#356,.T.);
#3180=EDGE_CURVE('',#3717,#3716,#695,.T.);
#3181=EDGE_CURVE('',#3718,#3717,#357,.T.);
#3182=EDGE_CURVE('',#3711,#3718,#696,.T.);
#3183=EDGE_CURVE('',#3719,#3720,#358,.T.);
#3184=EDGE_CURVE('',#3720,#3719,#359,.T.);
#3185=EDGE_CURVE('',#3721,#3722,#697,.T.);
#3186=EDGE_CURVE('',#3721,#3722,#360,.T.);
#3187=EDGE_CURVE('',#3723,#3723,#361,.T.);
#3188=EDGE_CURVE('',#3724,#3725,#362,.T.);
#3189=EDGE_CURVE('',#3724,#3726,#363,.T.);
#3190=EDGE_CURVE('',#3725,#3726,#364,.T.);
#3191=EDGE_CURVE('',#3727,#3728,#365,.T.);
#3192=EDGE_CURVE('',#3728,#3727,#366,.T.);
#3193=EDGE_CURVE('',#3729,#3730,#698,.T.);
#3194=EDGE_CURVE('',#3731,#3729,#367,.T.);
#3195=EDGE_CURVE('',#3732,#3731,#368,.T.);
#3196=EDGE_CURVE('',#3733,#3732,#369,.T.);
#3197=EDGE_CURVE('',#3734,#3733,#699,.T.);
#3198=EDGE_CURVE('',#3735,#3734,#370,.T.);
#3199=EDGE_CURVE('',#3736,#3735,#371,.T.);
#3200=EDGE_CURVE('',#3737,#3736,#700,.T.);
#3201=EDGE_CURVE('',#3730,#3737,#372,.T.);
#3202=EDGE_CURVE('',#3738,#3739,#373,.T.);
#3203=EDGE_CURVE('',#3739,#3740,#374,.T.);
#3204=EDGE_CURVE('',#3740,#3741,#375,.T.);
#3205=EDGE_CURVE('',#3741,#3738,#701,.T.);
#3206=EDGE_CURVE('',#3742,#3743,#702,.T.);
#3207=EDGE_CURVE('',#3744,#3742,#703,.T.);
#3208=EDGE_CURVE('',#3744,#3745,#704,.T.);
#3209=EDGE_CURVE('',#3745,#3743,#705,.T.);
#3210=EDGE_CURVE('',#3742,#3746,#706,.T.);
#3211=EDGE_CURVE('',#3747,#3746,#707,.T.);
#3212=EDGE_CURVE('',#3744,#3747,#708,.T.);
#3213=EDGE_CURVE('',#3748,#3739,#709,.T.);
#3214=EDGE_CURVE('',#3748,#3749,#376,.T.);
#3215=EDGE_CURVE('',#3749,#3740,#710,.T.);
#3216=EDGE_CURVE('',#3750,#3738,#711,.T.);
#3217=EDGE_CURVE('',#3750,#3748,#377,.T.);
#3218=EDGE_CURVE('',#3751,#3741,#712,.T.);
#3219=EDGE_CURVE('',#3751,#3750,#713,.T.);
#3220=EDGE_CURVE('',#3749,#3751,#378,.T.);
#3221=EDGE_CURVE('',#3743,#3746,#379,.T.);
#3222=EDGE_CURVE('',#3745,#3747,#380,.T.);
#3223=EDGE_CURVE('',#3752,#3724,#714,.T.);
#3224=EDGE_CURVE('',#3752,#3753,#381,.T.);
#3225=EDGE_CURVE('',#3753,#3726,#715,.T.);
#3226=EDGE_CURVE('',#3754,#3725,#716,.T.);
#3227=EDGE_CURVE('',#3752,#3754,#382,.T.);
#3228=EDGE_CURVE('',#3755,#3756,#717,.T.);
#3229=EDGE_CURVE('',#3757,#3755,#718,.T.);
#3230=EDGE_CURVE('',#3757,#3758,#719,.T.);
#3231=EDGE_CURVE('',#3758,#3756,#720,.T.);
#3232=EDGE_CURVE('',#3759,#3760,#721,.T.);
#3233=EDGE_CURVE('',#3761,#3759,#722,.T.);
#3234=EDGE_CURVE('',#3761,#3762,#723,.T.);
#3235=EDGE_CURVE('',#3762,#3760,#724,.T.);
#3236=EDGE_CURVE('',#3755,#3756,#383,.T.);
#3237=EDGE_CURVE('',#3757,#3758,#384,.T.);
#3238=EDGE_CURVE('',#3759,#3760,#385,.T.);
#3239=EDGE_CURVE('',#3761,#3762,#386,.T.);
#3240=EDGE_CURVE('',#3754,#3753,#387,.T.);
#3241=EDGE_CURVE('',#3763,#3710,#725,.T.);
#3242=EDGE_CURVE('',#3763,#3764,#726,.T.);
#3243=EDGE_CURVE('',#3764,#3712,#727,.T.);
#3244=EDGE_CURVE('',#3765,#3711,#728,.T.);
#3245=EDGE_CURVE('',#3763,#3765,#388,.T.);
#3246=EDGE_CURVE('',#3766,#3718,#729,.T.);
#3247=EDGE_CURVE('',#3765,#3766,#730,.T.);
#3248=EDGE_CURVE('',#3767,#3717,#731,.T.);
#3249=EDGE_CURVE('',#3766,#3767,#389,.T.);
#3250=EDGE_CURVE('',#3768,#3716,#732,.T.);
#3251=EDGE_CURVE('',#3767,#3768,#733,.T.);
#3252=EDGE_CURVE('',#3769,#3715,#734,.T.);
#3253=EDGE_CURVE('',#3768,#3769,#390,.T.);
#3254=EDGE_CURVE('',#3770,#3714,#735,.T.);
#3255=EDGE_CURVE('',#3769,#3770,#736,.T.);
#3256=EDGE_CURVE('',#3771,#3713,#737,.T.);
#3257=EDGE_CURVE('',#3770,#3771,#738,.T.);
#3258=EDGE_CURVE('',#3771,#3764,#391,.T.);
#3259=EDGE_CURVE('',#3772,#3729,#739,.T.);
#3260=EDGE_CURVE('',#3773,#3772,#392,.T.);
#3261=EDGE_CURVE('',#3773,#3731,#740,.T.);
#3262=EDGE_CURVE('',#3774,#3730,#741,.T.);
#3263=EDGE_CURVE('',#3772,#3774,#742,.T.);
#3264=EDGE_CURVE('',#3775,#3737,#743,.T.);
#3265=EDGE_CURVE('',#3774,#3775,#393,.T.);
#3266=EDGE_CURVE('',#3776,#3736,#744,.T.);
#3267=EDGE_CURVE('',#3775,#3776,#745,.T.);
#3268=EDGE_CURVE('',#3777,#3735,#746,.T.);
#3269=EDGE_CURVE('',#3776,#3777,#394,.T.);
#3270=EDGE_CURVE('',#3778,#3734,#747,.T.);
#3271=EDGE_CURVE('',#3777,#3778,#395,.T.);
#3272=EDGE_CURVE('',#3779,#3733,#748,.T.);
#3273=EDGE_CURVE('',#3778,#3779,#749,.T.);
#3274=EDGE_CURVE('',#3780,#3732,#750,.T.);
#3275=EDGE_CURVE('',#3779,#3780,#396,.T.);
#3276=EDGE_CURVE('',#3780,#3773,#397,.T.);
#3277=EDGE_CURVE('',#3781,#3720,#751,.T.);
#3278=EDGE_CURVE('',#3781,#3782,#398,.T.);
#3279=EDGE_CURVE('',#3782,#3719,#752,.T.);
#3280=EDGE_CURVE('',#3782,#3781,#399,.T.);
#3281=EDGE_CURVE('',#3783,#3721,#753,.T.);
#3282=EDGE_CURVE('',#3783,#3784,#400,.T.);
#3283=EDGE_CURVE('',#3784,#3722,#754,.T.);
#3284=EDGE_CURVE('',#3783,#3784,#755,.T.);
#3285=EDGE_CURVE('',#3785,#3785,#401,.T.);
#3286=EDGE_CURVE('',#3786,#3727,#756,.T.);
#3287=EDGE_CURVE('',#3787,#3786,#402,.T.);
#3288=EDGE_CURVE('',#3787,#3728,#757,.T.);
#3289=EDGE_CURVE('',#3786,#3787,#403,.T.);
#3290=EDGE_CURVE('',#3788,#3447,#758,.T.);
#3291=EDGE_CURVE('',#3316,#3788,#759,.T.);
#3292=EDGE_CURVE('',#3789,#3317,#760,.T.);
#3293=EDGE_CURVE('',#3789,#3446,#761,.T.);
#3294=EDGE_CURVE('',#3789,#3788,#762,.T.);
#3295=EDGE_CURVE('',#3323,#3790,#763,.T.);
#3296=EDGE_CURVE('',#3790,#3428,#764,.T.);
#3297=EDGE_CURVE('',#3791,#3322,#765,.T.);
#3298=EDGE_CURVE('',#3791,#3429,#766,.T.);
#3299=EDGE_CURVE('',#3791,#3790,#767,.T.);
#3300=EDGE_CURVE('',#3440,#3442,#768,.T.);
#3301=EDGE_CURVE('',#3423,#3427,#769,.T.);
#3302=VERTEX_POINT('',#6733);
#3303=VERTEX_POINT('',#6735);
#3304=VERTEX_POINT('',#6736);
#3305=VERTEX_POINT('',#6738);
#3306=VERTEX_POINT('',#6740);
#3307=VERTEX_POINT('',#6742);
#3308=VERTEX_POINT('',#6744);
#3309=VERTEX_POINT('',#6746);
#3310=VERTEX_POINT('',#6748);
#3311=VERTEX_POINT('',#6751);
#3312=VERTEX_POINT('',#6753);
#3313=VERTEX_POINT('',#6754);
#3314=VERTEX_POINT('',#6756);
#3315=VERTEX_POINT('',#6758);
#3316=VERTEX_POINT('',#6760);
#3317=VERTEX_POINT('',#6762);
#3318=VERTEX_POINT('',#6764);
#3319=VERTEX_POINT('',#6766);
#3320=VERTEX_POINT('',#6768);
#3321=VERTEX_POINT('',#6770);
#3322=VERTEX_POINT('',#6772);
#3323=VERTEX_POINT('',#6774);
#3324=VERTEX_POINT('',#6776);
#3325=VERTEX_POINT('',#6778);
#3326=VERTEX_POINT('',#6782);
#3327=VERTEX_POINT('',#6783);
#3328=VERTEX_POINT('',#6785);
#3329=VERTEX_POINT('',#6787);
#3330=VERTEX_POINT('',#6803);
#3331=VERTEX_POINT('',#6804);
#3332=VERTEX_POINT('',#6815);
#3333=VERTEX_POINT('',#6822);
#3334=VERTEX_POINT('',#6846);
#3335=VERTEX_POINT('',#6848);
#3336=VERTEX_POINT('',#6850);
#3337=VERTEX_POINT('',#6875);
#3338=VERTEX_POINT('',#6881);
#3339=VERTEX_POINT('',#6885);
#3340=VERTEX_POINT('',#6886);
#3341=VERTEX_POINT('',#6888);
#3342=VERTEX_POINT('',#6890);
#3343=VERTEX_POINT('',#6892);
#3344=VERTEX_POINT('',#6894);
#3345=VERTEX_POINT('',#6902);
#3346=VERTEX_POINT('',#6903);
#3347=VERTEX_POINT('',#6911);
#3348=VERTEX_POINT('',#6913);
#3349=VERTEX_POINT('',#6922);
#3350=VERTEX_POINT('',#6930);
#3351=VERTEX_POINT('',#6939);
#3352=VERTEX_POINT('',#6944);
#3353=VERTEX_POINT('',#6958);
#3354=VERTEX_POINT('',#6968);
#3355=VERTEX_POINT('',#6978);
#3356=VERTEX_POINT('',#6985);
#3357=VERTEX_POINT('',#6997);
#3358=VERTEX_POINT('',#7005);
#3359=VERTEX_POINT('',#7016);
#3360=VERTEX_POINT('',#7025);
#3361=VERTEX_POINT('',#7033);
#3362=VERTEX_POINT('',#7040);
#3363=VERTEX_POINT('',#7061);
#3364=VERTEX_POINT('',#7070);
#3365=VERTEX_POINT('',#7078);
#3366=VERTEX_POINT('',#7080);
#3367=VERTEX_POINT('',#7089);
#3368=VERTEX_POINT('',#7107);
#3369=VERTEX_POINT('',#7108);
#3370=VERTEX_POINT('',#7115);
#3371=VERTEX_POINT('',#7123);
#3372=VERTEX_POINT('',#7137);
#3373=VERTEX_POINT('',#7138);
#3374=VERTEX_POINT('',#7145);
#3375=VERTEX_POINT('',#7153);
#3376=VERTEX_POINT('',#7168);
#3377=VERTEX_POINT('',#7169);
#3378=VERTEX_POINT('',#7177);
#3379=VERTEX_POINT('',#7179);
#3380=VERTEX_POINT('',#7192);
#3381=VERTEX_POINT('',#7193);
#3382=VERTEX_POINT('',#7200);
#3383=VERTEX_POINT('',#7205);
#3384=VERTEX_POINT('',#7220);
#3385=VERTEX_POINT('',#7221);
#3386=VERTEX_POINT('',#7227);
#3387=VERTEX_POINT('',#7234);
#3388=VERTEX_POINT('',#7249);
#3389=VERTEX_POINT('',#7250);
#3390=VERTEX_POINT('',#7258);
#3391=VERTEX_POINT('',#7265);
#3392=VERTEX_POINT('',#7274);
#3393=VERTEX_POINT('',#7290);
#3394=VERTEX_POINT('',#7291);
#3395=VERTEX_POINT('',#7298);
#3396=VERTEX_POINT('',#7307);
#3397=VERTEX_POINT('',#7324);
#3398=VERTEX_POINT('',#7325);
#3399=VERTEX_POINT('',#7332);
#3400=VERTEX_POINT('',#7341);
#3401=VERTEX_POINT('',#7354);
#3402=VERTEX_POINT('',#7355);
#3403=VERTEX_POINT('',#7362);
#3404=VERTEX_POINT('',#7369);
#3405=VERTEX_POINT('',#7375);
#3406=VERTEX_POINT('',#7383);
#3407=VERTEX_POINT('',#7394);
#3408=VERTEX_POINT('',#7396);
#3409=VERTEX_POINT('',#7398);
#3410=VERTEX_POINT('',#7400);
#3411=VERTEX_POINT('',#7402);
#3412=VERTEX_POINT('',#7403);
#3413=VERTEX_POINT('',#7405);
#3414=VERTEX_POINT('',#7407);
#3415=VERTEX_POINT('',#7410);
#3416=VERTEX_POINT('',#7411);
#3417=VERTEX_POINT('',#7413);
#3418=VERTEX_POINT('',#7415);
#3419=VERTEX_POINT('',#7419);
#3420=VERTEX_POINT('',#7420);
#3421=VERTEX_POINT('',#7433);
#3422=VERTEX_POINT('',#7435);
#3423=VERTEX_POINT('',#7439);
#3424=VERTEX_POINT('',#7441);
#3425=VERTEX_POINT('',#7444);
#3426=VERTEX_POINT('',#7448);
#3427=VERTEX_POINT('',#7449);
#3428=VERTEX_POINT('',#7452);
#3429=VERTEX_POINT('',#7454);
#3430=VERTEX_POINT('',#7457);
#3431=VERTEX_POINT('',#7459);
#3432=VERTEX_POINT('',#7462);
#3433=VERTEX_POINT('',#7464);
#3434=VERTEX_POINT('',#7466);
#3435=VERTEX_POINT('',#7468);
#3436=VERTEX_POINT('',#7470);
#3437=VERTEX_POINT('',#7472);
#3438=VERTEX_POINT('',#7474);
#3439=VERTEX_POINT('',#7477);
#3440=VERTEX_POINT('',#7478);
#3441=VERTEX_POINT('',#7481);
#3442=VERTEX_POINT('',#7486);
#3443=VERTEX_POINT('',#7488);
#3444=VERTEX_POINT('',#7490);
#3445=VERTEX_POINT('',#7492);
#3446=VERTEX_POINT('',#7495);
#3447=VERTEX_POINT('',#7497);
#3448=VERTEX_POINT('',#7501);
#3449=VERTEX_POINT('',#7503);
#3450=VERTEX_POINT('',#7506);
#3451=VERTEX_POINT('',#7508);
#3452=VERTEX_POINT('',#7511);
#3453=VERTEX_POINT('',#7513);
#3454=VERTEX_POINT('',#7516);
#3455=VERTEX_POINT('',#7518);
#3456=VERTEX_POINT('',#7521);
#3457=VERTEX_POINT('',#7523);
#3458=VERTEX_POINT('',#7526);
#3459=VERTEX_POINT('',#7528);
#3460=VERTEX_POINT('',#7531);
#3461=VERTEX_POINT('',#7533);
#3462=VERTEX_POINT('',#7536);
#3463=VERTEX_POINT('',#7538);
#3464=VERTEX_POINT('',#7540);
#3465=VERTEX_POINT('',#7544);
#3466=VERTEX_POINT('',#7546);
#3467=VERTEX_POINT('',#7549);
#3468=VERTEX_POINT('',#7551);
#3469=VERTEX_POINT('',#7555);
#3470=VERTEX_POINT('',#7557);
#3471=VERTEX_POINT('',#7559);
#3472=VERTEX_POINT('',#7561);
#3473=VERTEX_POINT('',#7563);
#3474=VERTEX_POINT('',#7565);
#3475=VERTEX_POINT('',#7567);
#3476=VERTEX_POINT('',#7569);
#3477=VERTEX_POINT('',#7573);
#3478=VERTEX_POINT('',#7580);
#3479=VERTEX_POINT('',#7584);
#3480=VERTEX_POINT('',#7585);
#3481=VERTEX_POINT('',#7607);
#3482=VERTEX_POINT('',#7612);
#3483=VERTEX_POINT('',#7617);
#3484=VERTEX_POINT('',#7621);
#3485=VERTEX_POINT('',#7625);
#3486=VERTEX_POINT('',#7629);
#3487=VERTEX_POINT('',#7633);
#3488=VERTEX_POINT('',#7639);
#3489=VERTEX_POINT('',#7646);
#3490=VERTEX_POINT('',#7651);
#3491=VERTEX_POINT('',#7665);
#3492=VERTEX_POINT('',#7666);
#3493=VERTEX_POINT('',#7668);
#3494=VERTEX_POINT('',#7670);
#3495=VERTEX_POINT('',#7687);
#3496=VERTEX_POINT('',#7689);
#3497=VERTEX_POINT('',#7699);
#3498=VERTEX_POINT('',#7701);
#3499=VERTEX_POINT('',#7726);
#3500=VERTEX_POINT('',#7778);
#3501=VERTEX_POINT('',#7801);
#3502=VERTEX_POINT('',#7827);
#3503=VERTEX_POINT('',#7829);
#3504=VERTEX_POINT('',#7851);
#3505=VERTEX_POINT('',#7853);
#3506=VERTEX_POINT('',#7882);
#3507=VERTEX_POINT('',#7884);
#3508=VERTEX_POINT('',#7896);
#3509=VERTEX_POINT('',#7898);
#3510=VERTEX_POINT('',#7915);
#3511=VERTEX_POINT('',#7916);
#3512=VERTEX_POINT('',#7918);
#3513=VERTEX_POINT('',#7924);
#3514=VERTEX_POINT('',#8107);
#3515=VERTEX_POINT('',#8109);
#3516=VERTEX_POINT('',#8111);
#3517=VERTEX_POINT('',#8113);
#3518=VERTEX_POINT('',#8115);
#3519=VERTEX_POINT('',#8118);
#3520=VERTEX_POINT('',#8122);
#3521=VERTEX_POINT('',#8123);
#3522=VERTEX_POINT('',#8125);
#3523=VERTEX_POINT('',#8127);
#3524=VERTEX_POINT('',#8131);
#3525=VERTEX_POINT('',#8132);
#3526=VERTEX_POINT('',#8134);
#3527=VERTEX_POINT('',#8136);
#3528=VERTEX_POINT('',#8153);
#3529=VERTEX_POINT('',#8155);
#3530=VERTEX_POINT('',#8165);
#3531=VERTEX_POINT('',#8167);
#3532=VERTEX_POINT('',#8182);
#3533=VERTEX_POINT('',#8184);
#3534=VERTEX_POINT('',#8194);
#3535=VERTEX_POINT('',#8196);
#3536=VERTEX_POINT('',#8219);
#3537=VERTEX_POINT('',#8221);
#3538=VERTEX_POINT('',#8233);
#3539=VERTEX_POINT('',#8235);
#3540=VERTEX_POINT('',#8266);
#3541=VERTEX_POINT('',#8294);
#3542=VERTEX_POINT('',#8296);
#3543=VERTEX_POINT('',#8305);
#3544=VERTEX_POINT('',#8307);
#3545=VERTEX_POINT('',#8324);
#3546=VERTEX_POINT('',#8326);
#3547=VERTEX_POINT('',#8336);
#3548=VERTEX_POINT('',#8338);
#3549=VERTEX_POINT('',#8355);
#3550=VERTEX_POINT('',#8357);
#3551=VERTEX_POINT('',#8379);
#3552=VERTEX_POINT('',#8381);
#3553=VERTEX_POINT('',#8396);
#3554=VERTEX_POINT('',#8418);
#3555=VERTEX_POINT('',#8455);
#3556=VERTEX_POINT('',#8457);
#3557=VERTEX_POINT('',#8466);
#3558=VERTEX_POINT('',#8468);
#3559=VERTEX_POINT('',#8470);
#3560=VERTEX_POINT('',#8472);
#3561=VERTEX_POINT('',#8474);
#3562=VERTEX_POINT('',#8498);
#3563=VERTEX_POINT('',#8500);
#3564=VERTEX_POINT('',#8509);
#3565=VERTEX_POINT('',#8513);
#3566=VERTEX_POINT('',#8515);
#3567=VERTEX_POINT('',#8528);
#3568=VERTEX_POINT('',#8530);
#3569=VERTEX_POINT('',#8540);
#3570=VERTEX_POINT('',#8542);
#3571=VERTEX_POINT('',#8559);
#3572=VERTEX_POINT('',#8561);
#3573=VERTEX_POINT('',#8582);
#3574=VERTEX_POINT('',#8584);
#3575=VERTEX_POINT('',#8605);
#3576=VERTEX_POINT('',#8607);
#3577=VERTEX_POINT('',#8628);
#3578=VERTEX_POINT('',#8630);
#3579=VERTEX_POINT('',#8659);
#3580=VERTEX_POINT('',#8704);
#3581=VERTEX_POINT('',#8706);
#3582=VERTEX_POINT('',#8719);
#3583=VERTEX_POINT('',#8721);
#3584=VERTEX_POINT('',#8734);
#3585=VERTEX_POINT('',#8736);
#3586=VERTEX_POINT('',#8745);
#3587=VERTEX_POINT('',#8747);
#3588=VERTEX_POINT('',#8758);
#3589=VERTEX_POINT('',#8760);
#3590=VERTEX_POINT('',#8770);
#3591=VERTEX_POINT('',#8772);
#3592=VERTEX_POINT('',#8785);
#3593=VERTEX_POINT('',#8787);
#3594=VERTEX_POINT('',#8797);
#3595=VERTEX_POINT('',#8799);
#3596=VERTEX_POINT('',#8829);
#3597=VERTEX_POINT('',#8831);
#3598=VERTEX_POINT('',#8833);
#3599=VERTEX_POINT('',#8835);
#3600=VERTEX_POINT('',#8837);
#3601=VERTEX_POINT('',#8840);
#3602=VERTEX_POINT('',#8844);
#3603=VERTEX_POINT('',#8848);
#3604=VERTEX_POINT('',#8852);
#3605=VERTEX_POINT('',#8856);
#3606=VERTEX_POINT('',#8860);
#3607=VERTEX_POINT('',#8864);
#3608=VERTEX_POINT('',#8941);
#3609=VERTEX_POINT('',#8962);
#3610=VERTEX_POINT('',#8977);
#3611=VERTEX_POINT('',#8979);
#3612=VERTEX_POINT('',#8988);
#3613=VERTEX_POINT('',#8990);
#3614=VERTEX_POINT('',#9003);
#3615=VERTEX_POINT('',#9021);
#3616=VERTEX_POINT('',#9023);
#3617=VERTEX_POINT('',#9033);
#3618=VERTEX_POINT('',#9035);
#3619=VERTEX_POINT('',#9052);
#3620=VERTEX_POINT('',#9054);
#3621=VERTEX_POINT('',#9065);
#3622=VERTEX_POINT('',#9067);
#3623=VERTEX_POINT('',#9084);
#3624=VERTEX_POINT('',#9086);
#3625=VERTEX_POINT('',#9096);
#3626=VERTEX_POINT('',#9098);
#3627=VERTEX_POINT('',#9133);
#3628=VERTEX_POINT('',#9135);
#3629=VERTEX_POINT('',#9137);
#3630=VERTEX_POINT('',#9139);
#3631=VERTEX_POINT('',#9141);
#3632=VERTEX_POINT('',#9144);
#3633=VERTEX_POINT('',#9148);
#3634=VERTEX_POINT('',#9152);
#3635=VERTEX_POINT('',#9156);
#3636=VERTEX_POINT('',#9160);
#3637=VERTEX_POINT('',#9164);
#3638=VERTEX_POINT('',#9168);
#3639=VERTEX_POINT('',#9172);
#3640=VERTEX_POINT('',#9173);
#3641=VERTEX_POINT('',#9175);
#3642=VERTEX_POINT('',#9177);
#3643=VERTEX_POINT('',#9185);
#3644=VERTEX_POINT('',#9187);
#3645=VERTEX_POINT('',#9189);
#3646=VERTEX_POINT('',#9191);
#3647=VERTEX_POINT('',#9193);
#3648=VERTEX_POINT('',#9208);
#3649=VERTEX_POINT('',#9209);
#3650=VERTEX_POINT('',#9211);
#3651=VERTEX_POINT('',#9217);
#3652=VERTEX_POINT('',#9228);
#3653=VERTEX_POINT('',#9231);
#3654=VERTEX_POINT('',#9232);
#3655=VERTEX_POINT('',#9234);
#3656=VERTEX_POINT('',#9236);
#3657=VERTEX_POINT('',#9238);
#3658=VERTEX_POINT('',#9240);
#3659=VERTEX_POINT('',#9242);
#3660=VERTEX_POINT('',#9244);
#3661=VERTEX_POINT('',#9246);
#3662=VERTEX_POINT('',#9248);
#3663=VERTEX_POINT('',#9260);
#3664=VERTEX_POINT('',#9261);
#3665=VERTEX_POINT('',#9263);
#3666=VERTEX_POINT('',#9273);
#3667=VERTEX_POINT('',#9280);
#3668=VERTEX_POINT('',#9284);
#3669=VERTEX_POINT('',#9288);
#3670=VERTEX_POINT('',#9292);
#3671=VERTEX_POINT('',#9331);
#3672=VERTEX_POINT('',#9342);
#3673=VERTEX_POINT('',#9353);
#3674=VERTEX_POINT('',#9389);
#3675=VERTEX_POINT('',#9404);
#3676=VERTEX_POINT('',#9406);
#3677=VERTEX_POINT('',#9410);
#3678=VERTEX_POINT('',#9414);
#3679=VERTEX_POINT('',#9418);
#3680=VERTEX_POINT('',#9422);
#3681=VERTEX_POINT('',#9426);
#3682=VERTEX_POINT('',#9430);
#3683=VERTEX_POINT('',#9434);
#3684=VERTEX_POINT('',#9438);
#3685=VERTEX_POINT('',#9476);
#3686=VERTEX_POINT('',#9486);
#3687=VERTEX_POINT('',#9490);
#3688=VERTEX_POINT('',#9527);
#3689=VERTEX_POINT('',#9547);
#3690=VERTEX_POINT('',#9558);
#3691=VERTEX_POINT('',#9560);
#3692=VERTEX_POINT('',#9571);
#3693=VERTEX_POINT('',#9579);
#3694=VERTEX_POINT('',#9583);
#3695=VERTEX_POINT('',#9587);
#3696=VERTEX_POINT('',#9591);
#3697=VERTEX_POINT('',#9604);
#3698=VERTEX_POINT('',#9614);
#3699=VERTEX_POINT('',#9647);
#3700=VERTEX_POINT('',#10184);
#3701=VERTEX_POINT('',#10225);
#3702=VERTEX_POINT('',#10240);
#3703=VERTEX_POINT('',#10244);
#3704=VERTEX_POINT('',#10257);
#3705=VERTEX_POINT('',#10312);
#3706=VERTEX_POINT('',#10339);
#3707=VERTEX_POINT('',#10343);
#3708=VERTEX_POINT('',#10392);
#3709=VERTEX_POINT('',#10433);
#3710=VERTEX_POINT('',#10503);
#3711=VERTEX_POINT('',#10504);
#3712=VERTEX_POINT('',#10506);
#3713=VERTEX_POINT('',#10514);
#3714=VERTEX_POINT('',#10516);
#3715=VERTEX_POINT('',#10518);
#3716=VERTEX_POINT('',#10533);
#3717=VERTEX_POINT('',#10535);
#3718=VERTEX_POINT('',#10549);
#3719=VERTEX_POINT('',#10580);
#3720=VERTEX_POINT('',#10581);
#3721=VERTEX_POINT('',#10608);
#3722=VERTEX_POINT('',#10609);
#3723=VERTEX_POINT('',#10679);
#3724=VERTEX_POINT('',#10687);
#3725=VERTEX_POINT('',#10688);
#3726=VERTEX_POINT('',#10702);
#3727=VERTEX_POINT('',#10740);
#3728=VERTEX_POINT('',#10741);
#3729=VERTEX_POINT('',#10755);
#3730=VERTEX_POINT('',#10756);
#3731=VERTEX_POINT('',#10764);
#3732=VERTEX_POINT('',#10777);
#3733=VERTEX_POINT('',#10787);
#3734=VERTEX_POINT('',#10789);
#3735=VERTEX_POINT('',#10810);
#3736=VERTEX_POINT('',#10820);
#3737=VERTEX_POINT('',#10822);
#3738=VERTEX_POINT('',#10843);
#3739=VERTEX_POINT('',#10844);
#3740=VERTEX_POINT('',#10866);
#3741=VERTEX_POINT('',#10882);
#3742=VERTEX_POINT('',#10886);
#3743=VERTEX_POINT('',#10887);
#3744=VERTEX_POINT('',#10889);
#3745=VERTEX_POINT('',#10891);
#3746=VERTEX_POINT('',#10895);
#3747=VERTEX_POINT('',#10897);
#3748=VERTEX_POINT('',#10948);
#3749=VERTEX_POINT('',#10970);
#3750=VERTEX_POINT('',#10993);
#3751=VERTEX_POINT('',#11007);
#3752=VERTEX_POINT('',#11124);
#3753=VERTEX_POINT('',#11138);
#3754=VERTEX_POINT('',#11155);
#3755=VERTEX_POINT('',#11165);
#3756=VERTEX_POINT('',#11166);
#3757=VERTEX_POINT('',#11168);
#3758=VERTEX_POINT('',#11170);
#3759=VERTEX_POINT('',#11174);
#3760=VERTEX_POINT('',#11175);
#3761=VERTEX_POINT('',#11177);
#3762=VERTEX_POINT('',#11179);
#3763=VERTEX_POINT('',#11309);
#3764=VERTEX_POINT('',#11311);
#3765=VERTEX_POINT('',#11358);
#3766=VERTEX_POINT('',#11381);
#3767=VERTEX_POINT('',#11410);
#3768=VERTEX_POINT('',#11426);
#3769=VERTEX_POINT('',#11457);
#3770=VERTEX_POINT('',#11474);
#3771=VERTEX_POINT('',#11478);
#3772=VERTEX_POINT('',#11517);
#3773=VERTEX_POINT('',#11525);
#3774=VERTEX_POINT('',#11529);
#3775=VERTEX_POINT('',#11550);
#3776=VERTEX_POINT('',#11562);
#3777=VERTEX_POINT('',#11585);
#3778=VERTEX_POINT('',#11644);
#3779=VERTEX_POINT('',#11667);
#3780=VERTEX_POINT('',#11688);
#3781=VERTEX_POINT('',#11786);
#3782=VERTEX_POINT('',#11812);
#3783=VERTEX_POINT('',#12005);
#3784=VERTEX_POINT('',#12045);
#3785=VERTEX_POINT('',#12140);
#3786=VERTEX_POINT('',#12167);
#3787=VERTEX_POINT('',#12180);
#3788=VERTEX_POINT('',#12278);
#3789=VERTEX_POINT('',#12282);
#3790=VERTEX_POINT('',#12289);
#3791=VERTEX_POINT('',#12293);
#3792=CIRCLE('',#5280,0.0018386425);
#3793=CIRCLE('',#5281,0.00382721491717452);
#3794=CIRCLE('',#5282,0.00382721491717452);
#3795=CIRCLE('',#5283,0.0018386425);
#3796=CIRCLE('',#5289,0.0939516444730936);
#3797=CIRCLE('',#5297,0.002413);
#3798=CIRCLE('',#5298,0.002413);
#3799=CIRCLE('',#5299,0.002413);
#3800=CIRCLE('',#5300,0.0024150066);
#3801=CIRCLE('',#5302,0.001165098);
#3802=CIRCLE('',#5304,0.001165098);
#3803=CIRCLE('',#5306,0.001165098);
#3804=CIRCLE('',#5308,0.00600414034193136);
#3805=CIRCLE('',#5309,0.00127157181529026);
#3806=CIRCLE('',#5310,0.0024951436);
#3807=CIRCLE('',#5311,0.0024951436);
#3808=CIRCLE('',#5312,0.0024951436);
#3809=CIRCLE('',#5313,0.0012715748);
#3810=CIRCLE('',#5314,0.0012715748);
#3811=CIRCLE('',#5315,0.00249514681444863);
#3812=CIRCLE('',#5317,0.001165098);
#3813=CIRCLE('',#5319,0.00600414034193136);
#3814=CIRCLE('',#5321,0.0008763);
#3815=CIRCLE('',#5322,0.0008763);
#3816=CIRCLE('',#5324,0.0032639);
#3817=CIRCLE('',#5325,0.0032639);
#3818=CIRCLE('',#5327,0.0008763);
#3819=CIRCLE('',#5328,0.0008763);
#3820=CIRCLE('',#5330,0.0008763);
#3821=CIRCLE('',#5331,0.0008763);
#3822=CIRCLE('',#5333,0.0008763);
#3823=CIRCLE('',#5334,0.0008763);
#3824=CIRCLE('',#5336,0.0032639);
#3825=CIRCLE('',#5337,0.0032639);
#3826=CIRCLE('',#5341,0.00127157181529026);
#3827=CIRCLE('',#5342,0.0024951436);
#3828=CIRCLE('',#5343,0.0024951436);
#3829=CIRCLE('',#5344,0.0024951436);
#3830=CIRCLE('',#5345,0.0012715748);
#3831=CIRCLE('',#5346,0.0012715748);
#3832=CIRCLE('',#5347,0.00249514681444863);
#3833=CIRCLE('',#5362,0.001165098);
#3834=CIRCLE('',#5363,0.001165098);
#3835=CIRCLE('',#5367,0.00382721491717452);
#3836=CIRCLE('',#5369,0.0018386425);
#3837=CIRCLE('',#5371,0.00382721491717452);
#3838=CIRCLE('',#5373,0.0018386425);
#3839=CIRCLE('',#5377,0.0024150066);
#3840=CIRCLE('',#5380,0.002413);
#3841=CIRCLE('',#5383,0.002413);
#3842=CIRCLE('',#5386,0.002413);
#3843=CIRCLE('',#5389,0.00600414034193136);
#3844=CIRCLE('',#5394,0.00600414034193136);
#3845=CIRCLE('',#5407,0.0316240215405381);
#3846=CIRCLE('',#5408,0.0316240215405381);
#3847=CIRCLE('',#5410,0.0113073896270932);
#3848=CIRCLE('',#5411,0.0113073896270932);
#3849=CIRCLE('',#5413,0.0109917510625065);
#3850=CIRCLE('',#5414,0.0109917510625065);
#3851=CIRCLE('',#5416,0.000410642732968579);
#3852=CIRCLE('',#5417,0.000505799547790307);
#3853=CIRCLE('',#5418,0.000493812643277113);
#3854=CIRCLE('',#5419,0.000536127955012977);
#3855=CIRCLE('',#5420,0.000361294303631057);
#3856=CIRCLE('',#5422,0.000410642732968579);
#3857=CIRCLE('',#5425,0.012564179163259);
#3858=CIRCLE('',#5426,0.012564179163259);
#3859=CIRCLE('',#5428,0.00829640601581531);
#3860=CIRCLE('',#5429,0.00829640601581531);
#3861=CIRCLE('',#5431,0.0183671423962139);
#3862=CIRCLE('',#5432,0.0183671423962139);
#3863=CIRCLE('',#5434,0.0111430951808739);
#3864=CIRCLE('',#5435,0.0111430951808739);
#3865=CIRCLE('',#5437,0.213215353592324);
#3866=CIRCLE('',#5438,0.213215353592324);
#3867=CIRCLE('',#5440,0.0188893021972013);
#3868=CIRCLE('',#5441,0.0188893021972013);
#3869=CIRCLE('',#5443,0.0628417344721257);
#3870=CIRCLE('',#5444,0.0628417344721257);
#3871=CIRCLE('',#5446,0.000510619193149473);
#3872=CIRCLE('',#5447,0.000534688249560829);
#3873=CIRCLE('',#5448,0.000487398335695118);
#3874=CIRCLE('',#5449,0.000402549621861927);
#3875=CIRCLE('',#5450,0.000377458899190547);
#3876=CIRCLE('',#5452,0.0267906181945095);
#3877=CIRCLE('',#5453,0.0267906181945095);
#3878=CIRCLE('',#5455,0.0158156516330735);
#3879=CIRCLE('',#5456,0.0158156516330735);
#3880=CIRCLE('',#5458,0.0198223167490977);
#3881=CIRCLE('',#5459,0.0198223167490977);
#3882=CIRCLE('',#5461,0.0254200999450012);
#3883=CIRCLE('',#5462,0.0254200999450012);
#3884=CIRCLE('',#5464,0.0259680993112026);
#3885=CIRCLE('',#5465,0.0259680993112026);
#3886=CIRCLE('',#5467,0.0474135714385824);
#3887=CIRCLE('',#5468,0.0474135714385824);
#3888=CIRCLE('',#5470,0.000386195915857238);
#3889=CIRCLE('',#5471,0.000532433017571637);
#3890=CIRCLE('',#5472,0.000574585751775807);
#3891=CIRCLE('',#5473,0.000493015402769215);
#3892=CIRCLE('',#5474,0.00037640036150541);
#3893=CIRCLE('',#5476,0.000487398335695118);
#3894=CIRCLE('',#5479,0.000402549621861927);
#3895=CIRCLE('',#5482,0.000534688249560829);
#3896=CIRCLE('',#5485,0.000386195915857238);
#3897=CIRCLE('',#5488,0.000532433017571637);
#3898=CIRCLE('',#5491,0.000574585751775807);
#3899=CIRCLE('',#5494,0.000493015402769215);
#3900=CIRCLE('',#5497,0.01264723059103);
#3901=CIRCLE('',#5498,0.01264723059103);
#3902=CIRCLE('',#5500,0.0285444685204019);
#3903=CIRCLE('',#5501,0.0285444685204019);
#3904=CIRCLE('',#5503,0.0253250668273391);
#3905=CIRCLE('',#5504,0.0253250668273391);
#3906=CIRCLE('',#5506,0.00968647099572394);
#3907=CIRCLE('',#5507,0.00968647099572394);
#3908=CIRCLE('',#5509,0.000290367716647463);
#3909=CIRCLE('',#5510,0.000322405248880386);
#3910=CIRCLE('',#5511,0.000389858375926328);
#3911=CIRCLE('',#5512,0.000327690502690118);
#3912=CIRCLE('',#5513,0.000259299535371859);
#3913=CIRCLE('',#5515,0.000327690502690118);
#3914=CIRCLE('',#5518,0.000389858375926328);
#3915=CIRCLE('',#5521,0.000322405248880386);
#3916=CIRCLE('',#5524,0.000493812643277113);
#3917=CIRCLE('',#5527,0.000536127955012977);
#3918=CIRCLE('',#5530,0.000361294303631057);
#3919=CIRCLE('',#5533,0.000290367716647463);
#3920=CIRCLE('',#5536,0.00133750269591186);
#3921=CIRCLE('',#5537,0.107503133606078);
#3922=CIRCLE('',#5538,0.00367191673172853);
#3923=CIRCLE('',#5539,0.00643861991815736);
#3924=CIRCLE('',#5541,0.000505799547790307);
#3925=CIRCLE('',#5544,0.000510619193149473);
#3926=CIRCLE('',#5547,0.00037640036150541);
#3927=CIRCLE('',#5550,0.000259299535371859);
#3928=CIRCLE('',#5556,0.00643861991815736);
#3929=CIRCLE('',#5561,0.00367191673172853);
#3930=CIRCLE('',#5565,0.107503133606078);
#3931=CIRCLE('',#5569,0.00133750269591186);
#3932=CIRCLE('',#5590,0.0939516444730936);
#3933=CIRCLE('',#5597,0.000377458899190547);
#3934=EDGE_LOOP('',(#1136));
#3935=EDGE_LOOP('',(#1137,#1138,#1139,#1140,#1141,#1142,#1143,#1144));
#3936=EDGE_LOOP('',(#1145));
#3937=EDGE_LOOP('',(#1146,#1147,#1148,#1149,#1150,#1151,#1152,#1153,#1154,
#1155,#1156,#1157,#1158,#1159));
#3938=EDGE_LOOP('',(#1160,#1161,#1162,#1163));
#3939=EDGE_LOOP('',(#1164,#1165,#1166,#1167,#1168,#1169,#1170,#1171,#1172));
#3940=EDGE_LOOP('',(#1173,#1174,#1175,#1176,#1177,#1178));
#3941=EDGE_LOOP('',(#1179,#1180,#1181,#1182,#1183,#1184,#1185,#1186,#1187,
#1188,#1189,#1190,#1191,#1192,#1193,#1194,#1195,#1196,#1197,#1198,#1199,
#1200,#1201));
#3942=EDGE_LOOP('',(#1202,#1203,#1204,#1205));
#3943=EDGE_LOOP('',(#1206,#1207,#1208,#1209));
#3944=EDGE_LOOP('',(#1210,#1211,#1212,#1213));
#3945=EDGE_LOOP('',(#1214,#1215,#1216,#1217));
#3946=EDGE_LOOP('',(#1218,#1219,#1220,#1221));
#3947=EDGE_LOOP('',(#1222,#1223,#1224,#1225,#1226));
#3948=EDGE_LOOP('',(#1227,#1228,#1229,#1230));
#3949=EDGE_LOOP('',(#1231,#1232,#1233,#1234));
#3950=EDGE_LOOP('',(#1235,#1236,#1237,#1238,#1239,#1240));
#3951=EDGE_LOOP('',(#1241));
#3952=EDGE_LOOP('',(#1242));
#3953=EDGE_LOOP('',(#1243));
#3954=EDGE_LOOP('',(#1244));
#3955=EDGE_LOOP('',(#1245,#1246,#1247,#1248));
#3956=EDGE_LOOP('',(#1249,#1250,#1251,#1252));
#3957=EDGE_LOOP('',(#1253,#1254,#1255,#1256));
#3958=EDGE_LOOP('',(#1257,#1258,#1259,#1260));
#3959=EDGE_LOOP('',(#1261,#1262,#1263,#1264,#1265,#1266));
#3960=EDGE_LOOP('',(#1267,#1268,#1269,#1270,#1271,#1272,#1273,#1274,#1275,
#1276));
#3961=EDGE_LOOP('',(#1277));
#3962=EDGE_LOOP('',(#1278));
#3963=EDGE_LOOP('',(#1279));
#3964=EDGE_LOOP('',(#1280));
#3965=EDGE_LOOP('',(#1281));
#3966=EDGE_LOOP('',(#1282));
#3967=EDGE_LOOP('',(#1283));
#3968=EDGE_LOOP('',(#1284,#1285,#1286,#1287,#1288,#1289));
#3969=EDGE_LOOP('',(#1290,#1291,#1292,#1293,#1294,#1295,#1296,#1297,#1298,
#1299));
#3970=EDGE_LOOP('',(#1300));
#3971=EDGE_LOOP('',(#1301));
#3972=EDGE_LOOP('',(#1302));
#3973=EDGE_LOOP('',(#1303));
#3974=EDGE_LOOP('',(#1304));
#3975=EDGE_LOOP('',(#1305));
#3976=EDGE_LOOP('',(#1306));
#3977=EDGE_LOOP('',(#1307));
#3978=EDGE_LOOP('',(#1308));
#3979=EDGE_LOOP('',(#1309));
#3980=EDGE_LOOP('',(#1310));
#3981=EDGE_LOOP('',(#1311));
#3982=EDGE_LOOP('',(#1312,#1313,#1314,#1315,#1316,#1317,#1318,#1319,#1320));
#3983=EDGE_LOOP('',(#1321,#1322,#1323,#1324));
#3984=EDGE_LOOP('',(#1325,#1326,#1327,#1328));
#3985=EDGE_LOOP('',(#1329));
#3986=EDGE_LOOP('',(#1330));
#3987=EDGE_LOOP('',(#1331));
#3988=EDGE_LOOP('',(#1332));
#3989=EDGE_LOOP('',(#1333));
#3990=EDGE_LOOP('',(#1334));
#3991=EDGE_LOOP('',(#1335));
#3992=EDGE_LOOP('',(#1336));
#3993=EDGE_LOOP('',(#1337));
#3994=EDGE_LOOP('',(#1338));
#3995=EDGE_LOOP('',(#1339,#1340,#1341,#1342));
#3996=EDGE_LOOP('',(#1343,#1344,#1345,#1346));
#3997=EDGE_LOOP('',(#1347));
#3998=EDGE_LOOP('',(#1348));
#3999=EDGE_LOOP('',(#1349));
#4000=EDGE_LOOP('',(#1350,#1351,#1352,#1353));
#4001=EDGE_LOOP('',(#1354,#1355,#1356,#1357));
#4002=EDGE_LOOP('',(#1358,#1359,#1360,#1361));
#4003=EDGE_LOOP('',(#1362,#1363,#1364,#1365,#1366,#1367,#1368,#1369,#1370));
#4004=EDGE_LOOP('',(#1371,#1372,#1373,#1374));
#4005=EDGE_LOOP('',(#1375));
#4006=EDGE_LOOP('',(#1376));
#4007=EDGE_LOOP('',(#1377));
#4008=EDGE_LOOP('',(#1378));
#4009=EDGE_LOOP('',(#1379));
#4010=EDGE_LOOP('',(#1380));
#4011=EDGE_LOOP('',(#1381));
#4012=EDGE_LOOP('',(#1382));
#4013=EDGE_LOOP('',(#1383));
#4014=EDGE_LOOP('',(#1384));
#4015=EDGE_LOOP('',(#1385));
#4016=EDGE_LOOP('',(#1386));
#4017=EDGE_LOOP('',(#1387));
#4018=EDGE_LOOP('',(#1388));
#4019=EDGE_LOOP('',(#1389,#1390,#1391,#1392,#1393,#1394));
#4020=EDGE_LOOP('',(#1395,#1396,#1397));
#4021=EDGE_LOOP('',(#1398,#1399,#1400));
#4022=EDGE_LOOP('',(#1401,#1402,#1403,#1404));
#4023=EDGE_LOOP('',(#1405));
#4024=EDGE_LOOP('',(#1406,#1407));
#4025=EDGE_LOOP('',(#1408,#1409,#1410,#1411));
#4026=EDGE_LOOP('',(#1412));
#4027=EDGE_LOOP('',(#1413,#1414));
#4028=EDGE_LOOP('',(#1415));
#4029=EDGE_LOOP('',(#1416));
#4030=EDGE_LOOP('',(#1417));
#4031=EDGE_LOOP('',(#1418));
#4032=EDGE_LOOP('',(#1419));
#4033=EDGE_LOOP('',(#1420));
#4034=EDGE_LOOP('',(#1421));
#4035=EDGE_LOOP('',(#1422));
#4036=EDGE_LOOP('',(#1423));
#4037=EDGE_LOOP('',(#1424));
#4038=EDGE_LOOP('',(#1425));
#4039=EDGE_LOOP('',(#1426));
#4040=EDGE_LOOP('',(#1427));
#4041=EDGE_LOOP('',(#1428));
#4042=EDGE_LOOP('',(#1429));
#4043=EDGE_LOOP('',(#1430));
#4044=EDGE_LOOP('',(#1431));
#4045=EDGE_LOOP('',(#1432,#1433));
#4046=EDGE_LOOP('',(#1434));
#4047=EDGE_LOOP('',(#1435));
#4048=EDGE_LOOP('',(#1436));
#4049=EDGE_LOOP('',(#1437));
#4050=EDGE_LOOP('',(#1438,#1439));
#4051=EDGE_LOOP('',(#1440));
#4052=EDGE_LOOP('',(#1441));
#4053=EDGE_LOOP('',(#1442));
#4054=EDGE_LOOP('',(#1443));
#4055=EDGE_LOOP('',(#1444));
#4056=EDGE_LOOP('',(#1445,#1446,#1447,#1448,#1449,#1450,#1451,#1452));
#4057=EDGE_LOOP('',(#1453,#1454,#1455,#1456,#1457,#1458,#1459));
#4058=EDGE_LOOP('',(#1460,#1461,#1462,#1463,#1464,#1465));
#4059=EDGE_LOOP('',(#1466,#1467,#1468,#1469,#1470,#1471,#1472));
#4060=EDGE_LOOP('',(#1473,#1474,#1475,#1476));
#4061=EDGE_LOOP('',(#1477,#1478,#1479,#1480));
#4062=EDGE_LOOP('',(#1481,#1482,#1483,#1484,#1485));
#4063=EDGE_LOOP('',(#1486,#1487,#1488,#1489,#1490));
#4064=EDGE_LOOP('',(#1491,#1492,#1493,#1494));
#4065=EDGE_LOOP('',(#1495,#1496,#1497,#1498,#1499,#1500));
#4066=EDGE_LOOP('',(#1501,#1502,#1503,#1504));
#4067=EDGE_LOOP('',(#1505,#1506,#1507,#1508,#1509));
#4068=EDGE_LOOP('',(#1510,#1511,#1512,#1513));
#4069=EDGE_LOOP('',(#1514,#1515,#1516,#1517));
#4070=EDGE_LOOP('',(#1518,#1519,#1520,#1521,#1522));
#4071=EDGE_LOOP('',(#1523,#1524,#1525,#1526));
#4072=EDGE_LOOP('',(#1527,#1528,#1529,#1530,#1531,#1532));
#4073=EDGE_LOOP('',(#1533,#1534,#1535,#1536));
#4074=EDGE_LOOP('',(#1537,#1538,#1539,#1540));
#4075=EDGE_LOOP('',(#1541,#1542,#1543,#1544));
#4076=EDGE_LOOP('',(#1545,#1546,#1547,#1548,#1549,#1550));
#4077=EDGE_LOOP('',(#1551));
#4078=EDGE_LOOP('',(#1552));
#4079=EDGE_LOOP('',(#1553));
#4080=EDGE_LOOP('',(#1554));
#4081=EDGE_LOOP('',(#1555));
#4082=EDGE_LOOP('',(#1556,#1557));
#4083=EDGE_LOOP('',(#1558,#1559,#1560,#1561,#1562,#1563,#1564,#1565,#1566,
#1567,#1568));
#4084=EDGE_LOOP('',(#1569));
#4085=EDGE_LOOP('',(#1570));
#4086=EDGE_LOOP('',(#1571));
#4087=EDGE_LOOP('',(#1572,#1573,#1574,#1575));
#4088=EDGE_LOOP('',(#1576,#1577,#1578,#1579));
#4089=EDGE_LOOP('',(#1580,#1581,#1582,#1583,#1584,#1585));
#4090=EDGE_LOOP('',(#1586,#1587,#1588,#1589));
#4091=EDGE_LOOP('',(#1590,#1591,#1592,#1593,#1594,#1595));
#4092=EDGE_LOOP('',(#1596,#1597,#1598,#1599));
#4093=EDGE_LOOP('',(#1600,#1601,#1602,#1603,#1604,#1605));
#4094=EDGE_LOOP('',(#1606,#1607,#1608,#1609));
#4095=EDGE_LOOP('',(#1610,#1611,#1612,#1613,#1614));
#4096=EDGE_LOOP('',(#1615,#1616,#1617,#1618,#1619));
#4097=EDGE_LOOP('',(#1620,#1621,#1622,#1623));
#4098=EDGE_LOOP('',(#1624,#1625,#1626,#1627,#1628,#1629));
#4099=EDGE_LOOP('',(#1630,#1631,#1632,#1633));
#4100=EDGE_LOOP('',(#1634,#1635,#1636,#1637,#1638,#1639));
#4101=EDGE_LOOP('',(#1640,#1641,#1642,#1643));
#4102=EDGE_LOOP('',(#1644,#1645,#1646,#1647,#1648));
#4103=EDGE_LOOP('',(#1649,#1650,#1651,#1652));
#4104=EDGE_LOOP('',(#1653,#1654,#1655,#1656,#1657));
#4105=EDGE_LOOP('',(#1658,#1659,#1660,#1661,#1662,#1663,#1664,#1665,#1666,
#1667,#1668,#1669,#1670,#1671,#1672,#1673,#1674,#1675,#1676,#1677,#1678));
#4106=EDGE_LOOP('',(#1679));
#4107=EDGE_LOOP('',(#1680));
#4108=EDGE_LOOP('',(#1681));
#4109=EDGE_LOOP('',(#1682));
#4110=EDGE_LOOP('',(#1683));
#4111=EDGE_LOOP('',(#1684,#1685,#1686,#1687,#1688));
#4112=EDGE_LOOP('',(#1689,#1690,#1691,#1692));
#4113=EDGE_LOOP('',(#1693,#1694,#1695,#1696,#1697,#1698));
#4114=EDGE_LOOP('',(#1699,#1700,#1701,#1702));
#4115=EDGE_LOOP('',(#1703,#1704,#1705,#1706,#1707,#1708));
#4116=EDGE_LOOP('',(#1709,#1710,#1711,#1712));
#4117=EDGE_LOOP('',(#1713,#1714,#1715,#1716,#1717,#1718));
#4118=EDGE_LOOP('',(#1719,#1720,#1721,#1722));
#4119=EDGE_LOOP('',(#1723,#1724,#1725,#1726,#1727));
#4120=EDGE_LOOP('',(#1728,#1729,#1730,#1731,#1732));
#4121=EDGE_LOOP('',(#1733,#1734,#1735,#1736));
#4122=EDGE_LOOP('',(#1737,#1738,#1739,#1740,#1741,#1742));
#4123=EDGE_LOOP('',(#1743,#1744,#1745,#1746));
#4124=EDGE_LOOP('',(#1747,#1748,#1749,#1750,#1751,#1752));
#4125=EDGE_LOOP('',(#1753,#1754,#1755,#1756));
#4126=EDGE_LOOP('',(#1757,#1758,#1759,#1760,#1761,#1762));
#4127=EDGE_LOOP('',(#1763,#1764,#1765,#1766));
#4128=EDGE_LOOP('',(#1767,#1768,#1769,#1770,#1771));
#4129=EDGE_LOOP('',(#1772,#1773,#1774,#1775,#1776,#1777,#1778,#1779,#1780,
#1781,#1782,#1783,#1784,#1785,#1786,#1787,#1788,#1789));
#4130=EDGE_LOOP('',(#1790));
#4131=EDGE_LOOP('',(#1791));
#4132=EDGE_LOOP('',(#1792));
#4133=EDGE_LOOP('',(#1793));
#4134=EDGE_LOOP('',(#1794));
#4135=EDGE_LOOP('',(#1795));
#4136=EDGE_LOOP('',(#1796));
#4137=EDGE_LOOP('',(#1797));
#4138=EDGE_LOOP('',(#1798));
#4139=EDGE_LOOP('',(#1799));
#4140=EDGE_LOOP('',(#1800));
#4141=EDGE_LOOP('',(#1801));
#4142=EDGE_LOOP('',(#1802));
#4143=EDGE_LOOP('',(#1803));
#4144=EDGE_LOOP('',(#1804));
#4145=EDGE_LOOP('',(#1805));
#4146=EDGE_LOOP('',(#1806));
#4147=EDGE_LOOP('',(#1807));
#4148=EDGE_LOOP('',(#1808));
#4149=EDGE_LOOP('',(#1809));
#4150=EDGE_LOOP('',(#1810));
#4151=EDGE_LOOP('',(#1811));
#4152=EDGE_LOOP('',(#1812));
#4153=EDGE_LOOP('',(#1813));
#4154=EDGE_LOOP('',(#1814));
#4155=EDGE_LOOP('',(#1815));
#4156=EDGE_LOOP('',(#1816,#1817,#1818,#1819));
#4157=EDGE_LOOP('',(#1820,#1821,#1822,#1823,#1824));
#4158=EDGE_LOOP('',(#1825,#1826,#1827,#1828));
#4159=EDGE_LOOP('',(#1829,#1830,#1831,#1832,#1833));
#4160=EDGE_LOOP('',(#1834,#1835,#1836,#1837,#1838));
#4161=EDGE_LOOP('',(#1839,#1840,#1841,#1842));
#4162=EDGE_LOOP('',(#1843,#1844,#1845,#1846,#1847,#1848));
#4163=EDGE_LOOP('',(#1849,#1850,#1851,#1852));
#4164=EDGE_LOOP('',(#1853,#1854,#1855,#1856,#1857,#1858));
#4165=EDGE_LOOP('',(#1859,#1860,#1861,#1862));
#4166=EDGE_LOOP('',(#1863,#1864,#1865,#1866,#1867));
#4167=EDGE_LOOP('',(#1868));
#4168=EDGE_LOOP('',(#1869));
#4169=EDGE_LOOP('',(#1870));
#4170=EDGE_LOOP('',(#1871));
#4171=EDGE_LOOP('',(#1872));
#4172=EDGE_LOOP('',(#1873,#1874,#1875,#1876,#1877,#1878,#1879,#1880,#1881,
#1882,#1883));
#4173=EDGE_LOOP('',(#1884));
#4174=EDGE_LOOP('',(#1885));
#4175=EDGE_LOOP('',(#1886));
#4176=EDGE_LOOP('',(#1887));
#4177=EDGE_LOOP('',(#1888));
#4178=EDGE_LOOP('',(#1889));
#4179=EDGE_LOOP('',(#1890));
#4180=EDGE_LOOP('',(#1891));
#4181=EDGE_LOOP('',(#1892));
#4182=EDGE_LOOP('',(#1893));
#4183=EDGE_LOOP('',(#1894));
#4184=EDGE_LOOP('',(#1895));
#4185=EDGE_LOOP('',(#1896));
#4186=EDGE_LOOP('',(#1897));
#4187=EDGE_LOOP('',(#1898));
#4188=EDGE_LOOP('',(#1899));
#4189=EDGE_LOOP('',(#1900));
#4190=EDGE_LOOP('',(#1901));
#4191=EDGE_LOOP('',(#1902));
#4192=EDGE_LOOP('',(#1903));
#4193=EDGE_LOOP('',(#1904));
#4194=EDGE_LOOP('',(#1905,#1906,#1907,#1908,#1909,#1910,#1911,#1912,#1913));
#4195=EDGE_LOOP('',(#1914,#1915,#1916,#1917,#1918));
#4196=EDGE_LOOP('',(#1919,#1920,#1921,#1922,#1923,#1924,#1925,#1926,#1927,
#1928));
#4197=EDGE_LOOP('',(#1929,#1930,#1931,#1932));
#4198=EDGE_LOOP('',(#1933,#1934));
#4199=EDGE_LOOP('',(#1935));
#4200=EDGE_LOOP('',(#1936));
#4201=EDGE_LOOP('',(#1937));
#4202=EDGE_LOOP('',(#1938));
#4203=EDGE_LOOP('',(#1939));
#4204=EDGE_LOOP('',(#1940));
#4205=EDGE_LOOP('',(#1941));
#4206=EDGE_LOOP('',(#1942));
#4207=EDGE_LOOP('',(#1943));
#4208=EDGE_LOOP('',(#1944));
#4209=EDGE_LOOP('',(#1945));
#4210=EDGE_LOOP('',(#1946));
#4211=EDGE_LOOP('',(#1947,#1948,#1949,#1950));
#4212=EDGE_LOOP('',(#1951,#1952,#1953,#1954));
#4213=EDGE_LOOP('',(#1955,#1956,#1957,#1958));
#4214=EDGE_LOOP('',(#1959,#1960,#1961,#1962));
#4215=EDGE_LOOP('',(#1963,#1964,#1965,#1966));
#4216=EDGE_LOOP('',(#1967,#1968,#1969,#1970));
#4217=EDGE_LOOP('',(#1971,#1972,#1973,#1974));
#4218=EDGE_LOOP('',(#1975,#1976,#1977,#1978));
#4219=EDGE_LOOP('',(#1979,#1980,#1981,#1982));
#4220=EDGE_LOOP('',(#1983,#1984,#1985,#1986));
#4221=EDGE_LOOP('',(#1987,#1988,#1989,#1990));
#4222=EDGE_LOOP('',(#1991,#1992,#1993,#1994));
#4223=EDGE_LOOP('',(#1995,#1996,#1997,#1998));
#4224=EDGE_LOOP('',(#1999,#2000,#2001,#2002));
#4225=EDGE_LOOP('',(#2003,#2004,#2005,#2006));
#4226=EDGE_LOOP('',(#2007,#2008,#2009,#2010,#2011,#2012,#2013,#2014,#2015,
#2016));
#4227=EDGE_LOOP('',(#2017,#2018,#2019,#2020));
#4228=EDGE_LOOP('',(#2021,#2022,#2023,#2024));
#4229=EDGE_LOOP('',(#2025,#2026,#2027,#2028));
#4230=EDGE_LOOP('',(#2029,#2030,#2031,#2032));
#4231=EDGE_LOOP('',(#2033,#2034,#2035,#2036));
#4232=EDGE_LOOP('',(#2037,#2038,#2039,#2040,#2041));
#4233=EDGE_LOOP('',(#2042,#2043,#2044,#2045));
#4234=EDGE_LOOP('',(#2046,#2047,#2048,#2049));
#4235=EDGE_LOOP('',(#2050,#2051,#2052,#2053));
#4236=EDGE_LOOP('',(#2054,#2055,#2056,#2057));
#4237=EDGE_LOOP('',(#2058,#2059,#2060,#2061));
#4238=EDGE_LOOP('',(#2062,#2063,#2064,#2065));
#4239=EDGE_LOOP('',(#2066,#2067,#2068,#2069));
#4240=EDGE_LOOP('',(#2070,#2071,#2072,#2073));
#4241=EDGE_LOOP('',(#2074,#2075,#2076,#2077));
#4242=EDGE_LOOP('',(#2078,#2079,#2080,#2081,#2082,#2083,#2084,#2085,#2086));
#4243=EDGE_LOOP('',(#2087,#2088,#2089,#2090));
#4244=EDGE_LOOP('',(#2091,#2092,#2093,#2094));
#4245=EDGE_LOOP('',(#2095,#2096,#2097,#2098));
#4246=EDGE_LOOP('',(#2099,#2100,#2101,#2102,#2103));
#4247=EDGE_LOOP('',(#2104,#2105,#2106,#2107));
#4248=EDGE_LOOP('',(#2108,#2109,#2110,#2111));
#4249=EDGE_LOOP('',(#2112,#2113,#2114,#2115));
#4250=EDGE_LOOP('',(#2116,#2117,#2118,#2119));
#4251=EDGE_LOOP('',(#2120,#2121,#2122,#2123));
#4252=EDGE_LOOP('',(#2124,#2125,#2126,#2127));
#4253=EDGE_LOOP('',(#2128,#2129,#2130,#2131));
#4254=EDGE_LOOP('',(#2132,#2133,#2134,#2135));
#4255=EDGE_LOOP('',(#2136,#2137,#2138,#2139));
#4256=EDGE_LOOP('',(#2140,#2141,#2142,#2143));
#4257=EDGE_LOOP('',(#2144,#2145,#2146,#2147));
#4258=EDGE_LOOP('',(#2148,#2149,#2150,#2151));
#4259=EDGE_LOOP('',(#2152,#2153,#2154,#2155));
#4260=EDGE_LOOP('',(#2156,#2157,#2158,#2159));
#4261=EDGE_LOOP('',(#2160,#2161,#2162,#2163));
#4262=EDGE_LOOP('',(#2164,#2165,#2166,#2167));
#4263=EDGE_LOOP('',(#2168,#2169,#2170,#2171));
#4264=EDGE_LOOP('',(#2172,#2173,#2174,#2175));
#4265=EDGE_LOOP('',(#2176,#2177,#2178,#2179));
#4266=EDGE_LOOP('',(#2180,#2181,#2182,#2183));
#4267=EDGE_LOOP('',(#2184,#2185,#2186,#2187));
#4268=EDGE_LOOP('',(#2188,#2189,#2190,#2191));
#4269=EDGE_LOOP('',(#2192,#2193,#2194,#2195));
#4270=EDGE_LOOP('',(#2196,#2197,#2198,#2199));
#4271=EDGE_LOOP('',(#2200,#2201,#2202,#2203));
#4272=EDGE_LOOP('',(#2204,#2205,#2206,#2207));
#4273=EDGE_LOOP('',(#2208,#2209,#2210,#2211));
#4274=EDGE_LOOP('',(#2212,#2213,#2214,#2215));
#4275=EDGE_LOOP('',(#2216,#2217,#2218,#2219));
#4276=EDGE_LOOP('',(#2220,#2221,#2222,#2223));
#4277=EDGE_LOOP('',(#2224,#2225,#2226,#2227));
#4278=EDGE_LOOP('',(#2228,#2229,#2230,#2231));
#4279=EDGE_LOOP('',(#2232,#2233,#2234,#2235));
#4280=EDGE_LOOP('',(#2236,#2237,#2238,#2239));
#4281=EDGE_LOOP('',(#2240,#2241,#2242,#2243,#2244));
#4282=EDGE_LOOP('',(#2245,#2246,#2247,#2248,#2249));
#4283=EDGE_LOOP('',(#2250));
#4284=EDGE_LOOP('',(#2251));
#4285=EDGE_LOOP('',(#2252));
#4286=EDGE_LOOP('',(#2253,#2254,#2255,#2256));
#4287=EDGE_LOOP('',(#2257,#2258,#2259,#2260));
#4288=EDGE_LOOP('',(#2261,#2262,#2263,#2264));
#4289=EDGE_LOOP('',(#2265,#2266,#2267,#2268));
#4290=EDGE_LOOP('',(#2269,#2270,#2271,#2272));
#4291=EDGE_LOOP('',(#2273,#2274,#2275,#2276));
#4292=EDGE_LOOP('',(#2277,#2278,#2279,#2280));
#4293=EDGE_LOOP('',(#2281,#2282,#2283,#2284));
#4294=EDGE_LOOP('',(#2285,#2286,#2287,#2288));
#4295=EDGE_LOOP('',(#2289,#2290,#2291,#2292,#2293,#2294,#2295,#2296,#2297));
#4296=EDGE_LOOP('',(#2298,#2299,#2300,#2301,#2302,#2303,#2304,#2305,#2306));
#4297=EDGE_LOOP('',(#2307,#2308));
#4298=EDGE_LOOP('',(#2309,#2310));
#4299=EDGE_LOOP('',(#2311));
#4300=EDGE_LOOP('',(#2312,#2313,#2314));
#4301=EDGE_LOOP('',(#2315,#2316));
#4302=EDGE_LOOP('',(#2317,#2318,#2319,#2320,#2321,#2322,#2323,#2324,#2325));
#4303=EDGE_LOOP('',(#2326,#2327,#2328,#2329));
#4304=EDGE_LOOP('',(#2330,#2331,#2332,#2333));
#4305=EDGE_LOOP('',(#2334,#2335,#2336,#2337));
#4306=EDGE_LOOP('',(#2338,#2339,#2340,#2341));
#4307=EDGE_LOOP('',(#2342,#2343,#2344,#2345));
#4308=EDGE_LOOP('',(#2346,#2347,#2348,#2349));
#4309=EDGE_LOOP('',(#2350,#2351,#2352,#2353));
#4310=EDGE_LOOP('',(#2354,#2355,#2356,#2357));
#4311=EDGE_LOOP('',(#2358,#2359,#2360,#2361));
#4312=EDGE_LOOP('',(#2362,#2363,#2364));
#4313=EDGE_LOOP('',(#2365,#2366,#2367,#2368));
#4314=EDGE_LOOP('',(#2369,#2370,#2371,#2372));
#4315=EDGE_LOOP('',(#2373,#2374,#2375,#2376));
#4316=EDGE_LOOP('',(#2377,#2378,#2379,#2380));
#4317=EDGE_LOOP('',(#2381,#2382,#2383,#2384));
#4318=EDGE_LOOP('',(#2385,#2386,#2387,#2388));
#4319=EDGE_LOOP('',(#2389,#2390,#2391,#2392));
#4320=EDGE_LOOP('',(#2393,#2394));
#4321=EDGE_LOOP('',(#2395,#2396));
#4322=EDGE_LOOP('',(#2397,#2398,#2399));
#4323=EDGE_LOOP('',(#2400,#2401));
#4324=EDGE_LOOP('',(#2402,#2403,#2404,#2405));
#4325=EDGE_LOOP('',(#2406,#2407,#2408,#2409));
#4326=EDGE_LOOP('',(#2410,#2411,#2412,#2413));
#4327=EDGE_LOOP('',(#2414,#2415,#2416,#2417));
#4328=EDGE_LOOP('',(#2418,#2419,#2420,#2421));
#4329=EDGE_LOOP('',(#2422,#2423,#2424,#2425));
#4330=EDGE_LOOP('',(#2426,#2427,#2428,#2429));
#4331=EDGE_LOOP('',(#2430,#2431,#2432,#2433));
#4332=EDGE_LOOP('',(#2434,#2435,#2436,#2437));
#4333=EDGE_LOOP('',(#2438,#2439,#2440,#2441,#2442,#2443,#2444,#2445,#2446));
#4334=EDGE_LOOP('',(#2447,#2448,#2449,#2450));
#4335=EDGE_LOOP('',(#2451,#2452,#2453,#2454));
#4336=EDGE_LOOP('',(#2455,#2456,#2457,#2458));
#4337=EDGE_LOOP('',(#2459,#2460,#2461,#2462));
#4338=EDGE_LOOP('',(#2463,#2464,#2465,#2466));
#4339=EDGE_LOOP('',(#2467,#2468,#2469,#2470));
#4340=EDGE_LOOP('',(#2471,#2472,#2473,#2474));
#4341=EDGE_LOOP('',(#2475,#2476,#2477,#2478));
#4342=EDGE_LOOP('',(#2479,#2480,#2481,#2482));
#4343=EDGE_LOOP('',(#2483,#2484,#2485,#2486,#2487,#2488,#2489,#2490,#2491));
#4344=EDGE_LOOP('',(#2492,#2493,#2494,#2495));
#4345=EDGE_LOOP('',(#2496,#2497,#2498,#2499));
#4346=EDGE_LOOP('',(#2500,#2501));
#4347=EDGE_LOOP('',(#2502,#2503,#2504,#2505));
#4348=EDGE_LOOP('',(#2506,#2507,#2508,#2509));
#4349=EDGE_LOOP('',(#2510,#2511));
#4350=EDGE_LOOP('',(#2512));
#4351=EDGE_LOOP('',(#2513));
#4352=EDGE_LOOP('',(#2514));
#4353=EDGE_LOOP('',(#2515,#2516,#2517,#2518));
#4354=EDGE_LOOP('',(#2519,#2520,#2521,#2522));
#4355=EDGE_LOOP('',(#2523,#2524));
#4356=EDGE_LOOP('',(#2525,#2526,#2527));
#4357=EDGE_LOOP('',(#2528,#2529));
#4358=EDGE_LOOP('',(#2530,#2531,#2532,#2533));
#4359=EDGE_LOOP('',(#2534,#2535,#2536,#2537));
#4360=EDGE_LOOP('',(#2538,#2539,#2540,#2541));
#4361=EDGE_LOOP('',(#2542,#2543,#2544,#2545));
#4362=EDGE_LOOP('',(#2546,#2547,#2548,#2549));
#4363=EDGE_LOOP('',(#2550,#2551,#2552,#2553));
#4364=EDGE_LOOP('',(#2554,#2555,#2556,#2557));
#4365=EDGE_LOOP('',(#2558,#2559,#2560,#2561));
#4366=EDGE_LOOP('',(#2562,#2563,#2564,#2565,#2566));
#4367=EDGE_LOOP('',(#2567,#2568,#2569,#2570));
#4368=EDGE_LOOP('',(#2571,#2572,#2573,#2574));
#4369=EDGE_LOOP('',(#2575,#2576,#2577,#2578,#2579));
#4370=FACE_BOUND('',#3934,.T.);
#4371=FACE_BOUND('',#3935,.T.);
#4372=FACE_BOUND('',#3936,.T.);
#4373=FACE_BOUND('',#3937,.T.);
#4374=FACE_BOUND('',#3938,.T.);
#4375=FACE_BOUND('',#3939,.T.);
#4376=FACE_BOUND('',#3940,.T.);
#4377=FACE_BOUND('',#3941,.T.);
#4378=FACE_BOUND('',#3942,.T.);
#4379=FACE_BOUND('',#3943,.T.);
#4380=FACE_BOUND('',#3944,.T.);
#4381=FACE_BOUND('',#3945,.T.);
#4382=FACE_BOUND('',#3946,.T.);
#4383=FACE_BOUND('',#3947,.T.);
#4384=FACE_BOUND('',#3948,.T.);
#4385=FACE_BOUND('',#3949,.T.);
#4386=FACE_BOUND('',#3950,.T.);
#4387=FACE_BOUND('',#3951,.T.);
#4388=FACE_BOUND('',#3952,.T.);
#4389=FACE_BOUND('',#3953,.T.);
#4390=FACE_BOUND('',#3954,.T.);
#4391=FACE_BOUND('',#3955,.T.);
#4392=FACE_BOUND('',#3956,.T.);
#4393=FACE_BOUND('',#3957,.T.);
#4394=FACE_BOUND('',#3958,.T.);
#4395=FACE_BOUND('',#3959,.T.);
#4396=FACE_BOUND('',#3960,.T.);
#4397=FACE_BOUND('',#3961,.T.);
#4398=FACE_BOUND('',#3962,.T.);
#4399=FACE_BOUND('',#3963,.T.);
#4400=FACE_BOUND('',#3964,.T.);
#4401=FACE_BOUND('',#3965,.T.);
#4402=FACE_BOUND('',#3966,.T.);
#4403=FACE_BOUND('',#3967,.T.);
#4404=FACE_BOUND('',#3968,.T.);
#4405=FACE_BOUND('',#3969,.T.);
#4406=FACE_BOUND('',#3970,.T.);
#4407=FACE_BOUND('',#3971,.T.);
#4408=FACE_BOUND('',#3972,.T.);
#4409=FACE_BOUND('',#3973,.T.);
#4410=FACE_BOUND('',#3974,.T.);
#4411=FACE_BOUND('',#3975,.T.);
#4412=FACE_BOUND('',#3976,.T.);
#4413=FACE_BOUND('',#3977,.T.);
#4414=FACE_BOUND('',#3978,.T.);
#4415=FACE_BOUND('',#3979,.T.);
#4416=FACE_BOUND('',#3980,.T.);
#4417=FACE_BOUND('',#3981,.T.);
#4418=FACE_BOUND('',#3982,.T.);
#4419=FACE_BOUND('',#3983,.T.);
#4420=FACE_BOUND('',#3984,.T.);
#4421=FACE_BOUND('',#3985,.T.);
#4422=FACE_BOUND('',#3986,.T.);
#4423=FACE_BOUND('',#3987,.T.);
#4424=FACE_BOUND('',#3988,.T.);
#4425=FACE_BOUND('',#3989,.T.);
#4426=FACE_BOUND('',#3990,.T.);
#4427=FACE_BOUND('',#3991,.T.);
#4428=FACE_BOUND('',#3992,.T.);
#4429=FACE_BOUND('',#3993,.T.);
#4430=FACE_BOUND('',#3994,.T.);
#4431=FACE_BOUND('',#3995,.T.);
#4432=FACE_BOUND('',#3996,.T.);
#4433=FACE_BOUND('',#3997,.T.);
#4434=FACE_BOUND('',#3998,.T.);
#4435=FACE_BOUND('',#3999,.T.);
#4436=FACE_BOUND('',#4000,.T.);
#4437=FACE_BOUND('',#4001,.T.);
#4438=FACE_BOUND('',#4002,.T.);
#4439=FACE_BOUND('',#4003,.T.);
#4440=FACE_BOUND('',#4004,.T.);
#4441=FACE_BOUND('',#4005,.T.);
#4442=FACE_BOUND('',#4006,.T.);
#4443=FACE_BOUND('',#4007,.T.);
#4444=FACE_BOUND('',#4008,.T.);
#4445=FACE_BOUND('',#4009,.T.);
#4446=FACE_BOUND('',#4010,.T.);
#4447=FACE_BOUND('',#4011,.T.);
#4448=FACE_BOUND('',#4012,.T.);
#4449=FACE_BOUND('',#4013,.T.);
#4450=FACE_BOUND('',#4014,.T.);
#4451=FACE_BOUND('',#4015,.T.);
#4452=FACE_BOUND('',#4016,.T.);
#4453=FACE_BOUND('',#4017,.T.);
#4454=FACE_BOUND('',#4018,.T.);
#4455=FACE_BOUND('',#4019,.T.);
#4456=FACE_BOUND('',#4020,.T.);
#4457=FACE_BOUND('',#4021,.T.);
#4458=FACE_BOUND('',#4022,.T.);
#4459=FACE_BOUND('',#4023,.T.);
#4460=FACE_BOUND('',#4024,.T.);
#4461=FACE_BOUND('',#4025,.T.);
#4462=FACE_BOUND('',#4026,.T.);
#4463=FACE_BOUND('',#4027,.T.);
#4464=FACE_BOUND('',#4028,.T.);
#4465=FACE_BOUND('',#4029,.T.);
#4466=FACE_BOUND('',#4030,.T.);
#4467=FACE_BOUND('',#4031,.T.);
#4468=FACE_BOUND('',#4032,.T.);
#4469=FACE_BOUND('',#4033,.T.);
#4470=FACE_BOUND('',#4034,.T.);
#4471=FACE_BOUND('',#4035,.T.);
#4472=FACE_BOUND('',#4036,.T.);
#4473=FACE_BOUND('',#4037,.T.);
#4474=FACE_BOUND('',#4038,.T.);
#4475=FACE_BOUND('',#4039,.T.);
#4476=FACE_BOUND('',#4040,.T.);
#4477=FACE_BOUND('',#4041,.T.);
#4478=FACE_BOUND('',#4042,.T.);
#4479=FACE_BOUND('',#4043,.T.);
#4480=FACE_BOUND('',#4044,.T.);
#4481=FACE_BOUND('',#4045,.T.);
#4482=FACE_BOUND('',#4046,.T.);
#4483=FACE_BOUND('',#4047,.T.);
#4484=FACE_BOUND('',#4048,.T.);
#4485=FACE_BOUND('',#4049,.T.);
#4486=FACE_BOUND('',#4050,.T.);
#4487=FACE_BOUND('',#4051,.T.);
#4488=FACE_BOUND('',#4052,.T.);
#4489=FACE_BOUND('',#4053,.T.);
#4490=FACE_BOUND('',#4054,.T.);
#4491=FACE_BOUND('',#4055,.T.);
#4492=FACE_BOUND('',#4056,.T.);
#4493=FACE_BOUND('',#4057,.T.);
#4494=FACE_BOUND('',#4058,.T.);
#4495=FACE_BOUND('',#4059,.T.);
#4496=FACE_BOUND('',#4060,.T.);
#4497=FACE_BOUND('',#4061,.T.);
#4498=FACE_BOUND('',#4062,.T.);
#4499=FACE_BOUND('',#4063,.T.);
#4500=FACE_BOUND('',#4064,.T.);
#4501=FACE_BOUND('',#4065,.T.);
#4502=FACE_BOUND('',#4066,.T.);
#4503=FACE_BOUND('',#4067,.T.);
#4504=FACE_BOUND('',#4068,.T.);
#4505=FACE_BOUND('',#4069,.T.);
#4506=FACE_BOUND('',#4070,.T.);
#4507=FACE_BOUND('',#4071,.T.);
#4508=FACE_BOUND('',#4072,.T.);
#4509=FACE_BOUND('',#4073,.T.);
#4510=FACE_BOUND('',#4074,.T.);
#4511=FACE_BOUND('',#4075,.T.);
#4512=FACE_BOUND('',#4076,.T.);
#4513=FACE_BOUND('',#4077,.T.);
#4514=FACE_BOUND('',#4078,.T.);
#4515=FACE_BOUND('',#4079,.T.);
#4516=FACE_BOUND('',#4080,.T.);
#4517=FACE_BOUND('',#4081,.T.);
#4518=FACE_BOUND('',#4082,.T.);
#4519=FACE_BOUND('',#4083,.T.);
#4520=FACE_BOUND('',#4084,.T.);
#4521=FACE_BOUND('',#4085,.T.);
#4522=FACE_BOUND('',#4086,.T.);
#4523=FACE_BOUND('',#4087,.T.);
#4524=FACE_BOUND('',#4088,.T.);
#4525=FACE_BOUND('',#4089,.T.);
#4526=FACE_BOUND('',#4090,.T.);
#4527=FACE_BOUND('',#4091,.T.);
#4528=FACE_BOUND('',#4092,.T.);
#4529=FACE_BOUND('',#4093,.T.);
#4530=FACE_BOUND('',#4094,.T.);
#4531=FACE_BOUND('',#4095,.T.);
#4532=FACE_BOUND('',#4096,.T.);
#4533=FACE_BOUND('',#4097,.T.);
#4534=FACE_BOUND('',#4098,.T.);
#4535=FACE_BOUND('',#4099,.T.);
#4536=FACE_BOUND('',#4100,.T.);
#4537=FACE_BOUND('',#4101,.T.);
#4538=FACE_BOUND('',#4102,.T.);
#4539=FACE_BOUND('',#4103,.T.);
#4540=FACE_BOUND('',#4104,.T.);
#4541=FACE_BOUND('',#4105,.T.);
#4542=FACE_BOUND('',#4106,.T.);
#4543=FACE_BOUND('',#4107,.T.);
#4544=FACE_BOUND('',#4108,.T.);
#4545=FACE_BOUND('',#4109,.T.);
#4546=FACE_BOUND('',#4110,.T.);
#4547=FACE_BOUND('',#4111,.T.);
#4548=FACE_BOUND('',#4112,.T.);
#4549=FACE_BOUND('',#4113,.T.);
#4550=FACE_BOUND('',#4114,.T.);
#4551=FACE_BOUND('',#4115,.T.);
#4552=FACE_BOUND('',#4116,.T.);
#4553=FACE_BOUND('',#4117,.T.);
#4554=FACE_BOUND('',#4118,.T.);
#4555=FACE_BOUND('',#4119,.T.);
#4556=FACE_BOUND('',#4120,.T.);
#4557=FACE_BOUND('',#4121,.T.);
#4558=FACE_BOUND('',#4122,.T.);
#4559=FACE_BOUND('',#4123,.T.);
#4560=FACE_BOUND('',#4124,.T.);
#4561=FACE_BOUND('',#4125,.T.);
#4562=FACE_BOUND('',#4126,.T.);
#4563=FACE_BOUND('',#4127,.T.);
#4564=FACE_BOUND('',#4128,.T.);
#4565=FACE_BOUND('',#4129,.T.);
#4566=FACE_BOUND('',#4130,.T.);
#4567=FACE_BOUND('',#4131,.T.);
#4568=FACE_BOUND('',#4132,.T.);
#4569=FACE_BOUND('',#4133,.T.);
#4570=FACE_BOUND('',#4134,.T.);
#4571=FACE_BOUND('',#4135,.T.);
#4572=FACE_BOUND('',#4136,.T.);
#4573=FACE_BOUND('',#4137,.T.);
#4574=FACE_BOUND('',#4138,.T.);
#4575=FACE_BOUND('',#4139,.T.);
#4576=FACE_BOUND('',#4140,.T.);
#4577=FACE_BOUND('',#4141,.T.);
#4578=FACE_BOUND('',#4142,.T.);
#4579=FACE_BOUND('',#4143,.T.);
#4580=FACE_BOUND('',#4144,.T.);
#4581=FACE_BOUND('',#4145,.T.);
#4582=FACE_BOUND('',#4146,.T.);
#4583=FACE_BOUND('',#4147,.T.);
#4584=FACE_BOUND('',#4148,.T.);
#4585=FACE_BOUND('',#4149,.T.);
#4586=FACE_BOUND('',#4150,.T.);
#4587=FACE_BOUND('',#4151,.T.);
#4588=FACE_BOUND('',#4152,.T.);
#4589=FACE_BOUND('',#4153,.T.);
#4590=FACE_BOUND('',#4154,.T.);
#4591=FACE_BOUND('',#4155,.T.);
#4592=FACE_BOUND('',#4156,.T.);
#4593=FACE_BOUND('',#4157,.T.);
#4594=FACE_BOUND('',#4158,.T.);
#4595=FACE_BOUND('',#4159,.T.);
#4596=FACE_BOUND('',#4160,.T.);
#4597=FACE_BOUND('',#4161,.T.);
#4598=FACE_BOUND('',#4162,.T.);
#4599=FACE_BOUND('',#4163,.T.);
#4600=FACE_BOUND('',#4164,.T.);
#4601=FACE_BOUND('',#4165,.T.);
#4602=FACE_BOUND('',#4166,.T.);
#4603=FACE_BOUND('',#4167,.T.);
#4604=FACE_BOUND('',#4168,.T.);
#4605=FACE_BOUND('',#4169,.T.);
#4606=FACE_BOUND('',#4170,.T.);
#4607=FACE_BOUND('',#4171,.T.);
#4608=FACE_BOUND('',#4172,.T.);
#4609=FACE_BOUND('',#4173,.T.);
#4610=FACE_BOUND('',#4174,.T.);
#4611=FACE_BOUND('',#4175,.T.);
#4612=FACE_BOUND('',#4176,.T.);
#4613=FACE_BOUND('',#4177,.T.);
#4614=FACE_BOUND('',#4178,.T.);
#4615=FACE_BOUND('',#4179,.T.);
#4616=FACE_BOUND('',#4180,.T.);
#4617=FACE_BOUND('',#4181,.T.);
#4618=FACE_BOUND('',#4182,.T.);
#4619=FACE_BOUND('',#4183,.T.);
#4620=FACE_BOUND('',#4184,.T.);
#4621=FACE_BOUND('',#4185,.T.);
#4622=FACE_BOUND('',#4186,.T.);
#4623=FACE_BOUND('',#4187,.T.);
#4624=FACE_BOUND('',#4188,.T.);
#4625=FACE_BOUND('',#4189,.T.);
#4626=FACE_BOUND('',#4190,.T.);
#4627=FACE_BOUND('',#4191,.T.);
#4628=FACE_BOUND('',#4192,.T.);
#4629=FACE_BOUND('',#4193,.T.);
#4630=FACE_BOUND('',#4194,.T.);
#4631=FACE_BOUND('',#4195,.T.);
#4632=FACE_BOUND('',#4196,.T.);
#4633=FACE_BOUND('',#4197,.T.);
#4634=FACE_BOUND('',#4198,.T.);
#4635=FACE_BOUND('',#4199,.T.);
#4636=FACE_BOUND('',#4200,.T.);
#4637=FACE_BOUND('',#4201,.T.);
#4638=FACE_BOUND('',#4202,.T.);
#4639=FACE_BOUND('',#4203,.T.);
#4640=FACE_BOUND('',#4204,.T.);
#4641=FACE_BOUND('',#4205,.T.);
#4642=FACE_BOUND('',#4206,.T.);
#4643=FACE_BOUND('',#4207,.T.);
#4644=FACE_BOUND('',#4208,.T.);
#4645=FACE_BOUND('',#4209,.T.);
#4646=FACE_BOUND('',#4210,.T.);
#4647=FACE_BOUND('',#4211,.T.);
#4648=FACE_BOUND('',#4212,.T.);
#4649=FACE_BOUND('',#4213,.T.);
#4650=FACE_BOUND('',#4214,.T.);
#4651=FACE_BOUND('',#4215,.T.);
#4652=FACE_BOUND('',#4216,.T.);
#4653=FACE_BOUND('',#4217,.T.);
#4654=FACE_BOUND('',#4218,.T.);
#4655=FACE_BOUND('',#4219,.T.);
#4656=FACE_BOUND('',#4220,.T.);
#4657=FACE_BOUND('',#4221,.T.);
#4658=FACE_BOUND('',#4222,.T.);
#4659=FACE_BOUND('',#4223,.T.);
#4660=FACE_BOUND('',#4224,.T.);
#4661=FACE_BOUND('',#4225,.T.);
#4662=FACE_BOUND('',#4226,.T.);
#4663=FACE_BOUND('',#4227,.T.);
#4664=FACE_BOUND('',#4228,.T.);
#4665=FACE_BOUND('',#4229,.T.);
#4666=FACE_BOUND('',#4230,.T.);
#4667=FACE_BOUND('',#4231,.T.);
#4668=FACE_BOUND('',#4232,.T.);
#4669=FACE_BOUND('',#4233,.T.);
#4670=FACE_BOUND('',#4234,.T.);
#4671=FACE_BOUND('',#4235,.T.);
#4672=FACE_BOUND('',#4236,.T.);
#4673=FACE_BOUND('',#4237,.T.);
#4674=FACE_BOUND('',#4238,.T.);
#4675=FACE_BOUND('',#4239,.T.);
#4676=FACE_BOUND('',#4240,.T.);
#4677=FACE_BOUND('',#4241,.T.);
#4678=FACE_BOUND('',#4242,.T.);
#4679=FACE_BOUND('',#4243,.T.);
#4680=FACE_BOUND('',#4244,.T.);
#4681=FACE_BOUND('',#4245,.T.);
#4682=FACE_BOUND('',#4246,.T.);
#4683=FACE_BOUND('',#4247,.T.);
#4684=FACE_BOUND('',#4248,.T.);
#4685=FACE_BOUND('',#4249,.T.);
#4686=FACE_BOUND('',#4250,.T.);
#4687=FACE_BOUND('',#4251,.T.);
#4688=FACE_BOUND('',#4252,.T.);
#4689=FACE_BOUND('',#4253,.T.);
#4690=FACE_BOUND('',#4254,.T.);
#4691=FACE_BOUND('',#4255,.T.);
#4692=FACE_BOUND('',#4256,.T.);
#4693=FACE_BOUND('',#4257,.T.);
#4694=FACE_BOUND('',#4258,.T.);
#4695=FACE_BOUND('',#4259,.T.);
#4696=FACE_BOUND('',#4260,.T.);
#4697=FACE_BOUND('',#4261,.T.);
#4698=FACE_BOUND('',#4262,.T.);
#4699=FACE_BOUND('',#4263,.T.);
#4700=FACE_BOUND('',#4264,.T.);
#4701=FACE_BOUND('',#4265,.T.);
#4702=FACE_BOUND('',#4266,.T.);
#4703=FACE_BOUND('',#4267,.T.);
#4704=FACE_BOUND('',#4268,.T.);
#4705=FACE_BOUND('',#4269,.T.);
#4706=FACE_BOUND('',#4270,.T.);
#4707=FACE_BOUND('',#4271,.T.);
#4708=FACE_BOUND('',#4272,.T.);
#4709=FACE_BOUND('',#4273,.T.);
#4710=FACE_BOUND('',#4274,.T.);
#4711=FACE_BOUND('',#4275,.T.);
#4712=FACE_BOUND('',#4276,.T.);
#4713=FACE_BOUND('',#4277,.T.);
#4714=FACE_BOUND('',#4278,.T.);
#4715=FACE_BOUND('',#4279,.T.);
#4716=FACE_BOUND('',#4280,.T.);
#4717=FACE_BOUND('',#4281,.T.);
#4718=FACE_BOUND('',#4282,.T.);
#4719=FACE_BOUND('',#4283,.T.);
#4720=FACE_BOUND('',#4284,.T.);
#4721=FACE_BOUND('',#4285,.T.);
#4722=FACE_BOUND('',#4286,.T.);
#4723=FACE_BOUND('',#4287,.T.);
#4724=FACE_BOUND('',#4288,.T.);
#4725=FACE_BOUND('',#4289,.T.);
#4726=FACE_BOUND('',#4290,.T.);
#4727=FACE_BOUND('',#4291,.T.);
#4728=FACE_BOUND('',#4292,.T.);
#4729=FACE_BOUND('',#4293,.T.);
#4730=FACE_BOUND('',#4294,.T.);
#4731=FACE_BOUND('',#4295,.T.);
#4732=FACE_BOUND('',#4296,.T.);
#4733=FACE_BOUND('',#4297,.T.);
#4734=FACE_BOUND('',#4298,.T.);
#4735=FACE_BOUND('',#4299,.T.);
#4736=FACE_BOUND('',#4300,.T.);
#4737=FACE_BOUND('',#4301,.T.);
#4738=FACE_BOUND('',#4302,.T.);
#4739=FACE_BOUND('',#4303,.T.);
#4740=FACE_BOUND('',#4304,.T.);
#4741=FACE_BOUND('',#4305,.T.);
#4742=FACE_BOUND('',#4306,.T.);
#4743=FACE_BOUND('',#4307,.T.);
#4744=FACE_BOUND('',#4308,.T.);
#4745=FACE_BOUND('',#4309,.T.);
#4746=FACE_BOUND('',#4310,.T.);
#4747=FACE_BOUND('',#4311,.T.);
#4748=FACE_BOUND('',#4312,.T.);
#4749=FACE_BOUND('',#4313,.T.);
#4750=FACE_BOUND('',#4314,.T.);
#4751=FACE_BOUND('',#4315,.T.);
#4752=FACE_BOUND('',#4316,.T.);
#4753=FACE_BOUND('',#4317,.T.);
#4754=FACE_BOUND('',#4318,.T.);
#4755=FACE_BOUND('',#4319,.T.);
#4756=FACE_BOUND('',#4320,.T.);
#4757=FACE_BOUND('',#4321,.T.);
#4758=FACE_BOUND('',#4322,.T.);
#4759=FACE_BOUND('',#4323,.T.);
#4760=FACE_BOUND('',#4324,.T.);
#4761=FACE_BOUND('',#4325,.T.);
#4762=FACE_BOUND('',#4326,.T.);
#4763=FACE_BOUND('',#4327,.T.);
#4764=FACE_BOUND('',#4328,.T.);
#4765=FACE_BOUND('',#4329,.T.);
#4766=FACE_BOUND('',#4330,.T.);
#4767=FACE_BOUND('',#4331,.T.);
#4768=FACE_BOUND('',#4332,.T.);
#4769=FACE_BOUND('',#4333,.T.);
#4770=FACE_BOUND('',#4334,.T.);
#4771=FACE_BOUND('',#4335,.T.);
#4772=FACE_BOUND('',#4336,.T.);
#4773=FACE_BOUND('',#4337,.T.);
#4774=FACE_BOUND('',#4338,.T.);
#4775=FACE_BOUND('',#4339,.T.);
#4776=FACE_BOUND('',#4340,.T.);
#4777=FACE_BOUND('',#4341,.T.);
#4778=FACE_BOUND('',#4342,.T.);
#4779=FACE_BOUND('',#4343,.T.);
#4780=FACE_BOUND('',#4344,.T.);
#4781=FACE_BOUND('',#4345,.T.);
#4782=FACE_BOUND('',#4346,.T.);
#4783=FACE_BOUND('',#4347,.T.);
#4784=FACE_BOUND('',#4348,.T.);
#4785=FACE_BOUND('',#4349,.T.);
#4786=FACE_BOUND('',#4350,.T.);
#4787=FACE_BOUND('',#4351,.T.);
#4788=FACE_BOUND('',#4352,.T.);
#4789=FACE_BOUND('',#4353,.T.);
#4790=FACE_BOUND('',#4354,.T.);
#4791=FACE_BOUND('',#4355,.T.);
#4792=FACE_BOUND('',#4356,.T.);
#4793=FACE_BOUND('',#4357,.T.);
#4794=FACE_BOUND('',#4358,.T.);
#4795=FACE_BOUND('',#4359,.T.);
#4796=FACE_BOUND('',#4360,.T.);
#4797=FACE_BOUND('',#4361,.T.);
#4798=FACE_BOUND('',#4362,.T.);
#4799=FACE_BOUND('',#4363,.T.);
#4800=FACE_BOUND('',#4364,.T.);
#4801=FACE_BOUND('',#4365,.T.);
#4802=FACE_BOUND('',#4366,.T.);
#4803=FACE_BOUND('',#4367,.T.);
#4804=FACE_BOUND('',#4368,.T.);
#4805=FACE_BOUND('',#4369,.T.);
#4806=PLANE('',#5279);
#4807=PLANE('',#5284);
#4808=PLANE('',#5285);
#4809=PLANE('',#5286);
#4810=PLANE('',#5287);
#4811=PLANE('',#5288);
#4812=PLANE('',#5290);
#4813=PLANE('',#5291);
#4814=PLANE('',#5292);
#4815=PLANE('',#5293);
#4816=PLANE('',#5294);
#4817=PLANE('',#5295);
#4818=PLANE('',#5296);
#4819=PLANE('',#5305);
#4820=PLANE('',#5307);
#4821=PLANE('',#5316);
#4822=PLANE('',#5318);
#4823=PLANE('',#5338);
#4824=PLANE('',#5339);
#4825=PLANE('',#5340);
#4826=PLANE('',#5348);
#4827=PLANE('',#5349);
#4828=PLANE('',#5350);
#4829=PLANE('',#5351);
#4830=PLANE('',#5352);
#4831=PLANE('',#5353);
#4832=PLANE('',#5368);
#4833=PLANE('',#5372);
#4834=PLANE('',#5378);
#4835=PLANE('',#5381);
#4836=PLANE('',#5384);
#4837=PLANE('',#5387);
#4838=PLANE('',#5391);
#4839=PLANE('',#5395);
#4840=PLANE('',#5399);
#4841=PLANE('',#5400);
#4842=PLANE('',#5401);
#4843=PLANE('',#5402);
#4844=PLANE('',#5403);
#4845=PLANE('',#5404);
#4846=PLANE('',#5405);
#4847=PLANE('',#5415);
#4848=PLANE('',#5421);
#4849=PLANE('',#5445);
#4850=PLANE('',#5469);
#4851=PLANE('',#5475);
#4852=PLANE('',#5478);
#4853=PLANE('',#5481);
#4854=PLANE('',#5484);
#4855=PLANE('',#5487);
#4856=PLANE('',#5490);
#4857=PLANE('',#5493);
#4858=PLANE('',#5508);
#4859=PLANE('',#5514);
#4860=PLANE('',#5517);
#4861=PLANE('',#5520);
#4862=PLANE('',#5523);
#4863=PLANE('',#5526);
#4864=PLANE('',#5529);
#4865=PLANE('',#5532);
#4866=PLANE('',#5535);
#4867=PLANE('',#5540);
#4868=PLANE('',#5543);
#4869=PLANE('',#5546);
#4870=PLANE('',#5549);
#4871=PLANE('',#5552);
#4872=PLANE('',#5553);
#4873=PLANE('',#5554);
#4874=PLANE('',#5557);
#4875=PLANE('',#5558);
#4876=PLANE('',#5559);
#4877=PLANE('',#5562);
#4878=PLANE('',#5563);
#4879=PLANE('',#5566);
#4880=PLANE('',#5567);
#4881=PLANE('',#5570);
#4882=PLANE('',#5571);
#4883=PLANE('',#5572);
#4884=PLANE('',#5573);
#4885=PLANE('',#5574);
#4886=PLANE('',#5575);
#4887=PLANE('',#5576);
#4888=PLANE('',#5577);
#4889=PLANE('',#5578);
#4890=PLANE('',#5579);
#4891=PLANE('',#5580);
#4892=PLANE('',#5581);
#4893=PLANE('',#5582);
#4894=PLANE('',#5583);
#4895=PLANE('',#5584);
#4896=PLANE('',#5585);
#4897=PLANE('',#5586);
#4898=PLANE('',#5587);
#4899=PLANE('',#5588);
#4900=PLANE('',#5591);
#4901=PLANE('',#5592);
#4902=PLANE('',#5593);
#4903=PLANE('',#5594);
#4904=PLANE('',#5595);
#4905=PLANE('',#5596);
#4906=PLANE('',#5599);
#4907=PLANE('',#5600);
#4908=PLANE('',#5601);
#4909=PLANE('',#5602);
#4910=PLANE('',#5603);
#4911=PLANE('',#5604);
#4912=PLANE('',#5605);
#4913=PLANE('',#5606);
#4914=PLANE('',#5607);
#4915=PLANE('',#5608);
#4916=PLANE('',#5609);
#4917=PLANE('',#5610);
#4918=PLANE('',#5611);
#4919=PLANE('',#5612);
#4920=PLANE('',#5613);
#4921=PLANE('',#5614);
#4922=PLANE('',#5615);
#4923=PLANE('',#5616);
#4924=PLANE('',#5617);
#4925=PLANE('',#5618);
#4926=PLANE('',#5619);
#4927=PLANE('',#5620);
#4928=PLANE('',#5621);
#4929=PLANE('',#5622);
#4930=PLANE('',#5623);
#4931=PLANE('',#5624);
#4932=PLANE('',#5625);
#4933=PLANE('',#5626);
#4934=PLANE('',#5627);
#4935=PLANE('',#5628);
#4936=PLANE('',#5629);
#4937=PLANE('',#5630);
#4938=PLANE('',#5631);
#4939=PLANE('',#5632);
#4940=PLANE('',#5633);
#4941=PLANE('',#5634);
#4942=PLANE('',#5635);
#4943=PLANE('',#5636);
#4944=PLANE('',#5637);
#4945=PLANE('',#5638);
#4946=PLANE('',#5639);
#4947=ADVANCED_FACE('',(#4370,#4371,#4372,#4373),#4806,.T.);
#4948=ADVANCED_FACE('',(#4374,#4375),#4807,.F.);
#4949=ADVANCED_FACE('',(#4376,#4377),#4808,.T.);
#4950=ADVANCED_FACE('',(#4378),#4809,.T.);
#4951=ADVANCED_FACE('',(#4379),#4810,.T.);
#4952=ADVANCED_FACE('',(#4380),#4811,.T.);
#4953=ADVANCED_FACE('',(#4381),#4812,.T.);
#4954=ADVANCED_FACE('',(#4382),#4813,.T.);
#4955=ADVANCED_FACE('',(#4383),#4814,.T.);
#4956=ADVANCED_FACE('',(#4384),#4815,.T.);
#4957=ADVANCED_FACE('',(#4385),#4816,.T.);
#4958=ADVANCED_FACE('',(#4386),#4817,.T.);
#4959=ADVANCED_FACE('',(#4387,#4388,#4389,#4390,#4391,#4392),#4818,.T.);
#4960=ADVANCED_FACE('',(#4393),#122,.T.);
#4961=ADVANCED_FACE('',(#4394),#123,.T.);
#4962=ADVANCED_FACE('',(#4395),#4819,.F.);
#4963=ADVANCED_FACE('',(#4396,#4397,#4398,#4399,#4400,#4401,#4402,#4403),
#4820,.F.);
#4964=ADVANCED_FACE('',(#4404),#4821,.F.);
#4965=ADVANCED_FACE('',(#4405),#4822,.T.);
#4966=ADVANCED_FACE('',(#4406,#4407),#124,.F.);
#4967=ADVANCED_FACE('',(#4408,#4409),#125,.F.);
#4968=ADVANCED_FACE('',(#4410,#4411),#126,.F.);
#4969=ADVANCED_FACE('',(#4412,#4413),#127,.F.);
#4970=ADVANCED_FACE('',(#4414,#4415),#128,.F.);
#4971=ADVANCED_FACE('',(#4416,#4417),#129,.F.);
#4972=ADVANCED_FACE('',(#4418),#4823,.T.);
#4973=ADVANCED_FACE('',(#4419,#4420),#4824,.T.);
#4974=ADVANCED_FACE('',(#4421,#4422,#4423,#4424,#4425,#4426,#4427,#4428,
#4429,#4430,#4431),#4825,.F.);
#4975=ADVANCED_FACE('',(#4432),#4826,.F.);
#4976=ADVANCED_FACE('',(#4433,#4434,#4435,#4436),#4827,.T.);
#4977=ADVANCED_FACE('',(#4437),#4828,.T.);
#4978=ADVANCED_FACE('',(#4438),#4829,.T.);
#4979=ADVANCED_FACE('',(#4439),#4830,.F.);
#4980=ADVANCED_FACE('',(#4440),#4831,.F.);
#4981=ADVANCED_FACE('',(#4441,#4442),#130,.F.);
#4982=ADVANCED_FACE('',(#4443,#4444),#131,.F.);
#4983=ADVANCED_FACE('',(#4445,#4446),#132,.F.);
#4984=ADVANCED_FACE('',(#4447,#4448),#133,.F.);
#4985=ADVANCED_FACE('',(#4449,#4450),#134,.F.);
#4986=ADVANCED_FACE('',(#4451,#4452),#135,.F.);
#4987=ADVANCED_FACE('',(#4453,#4454),#136,.F.);
#4988=ADVANCED_FACE('',(#4455),#137,.T.);
#4989=ADVANCED_FACE('',(#4456),#120,.T.);
#4990=ADVANCED_FACE('',(#4457),#121,.T.);
#4991=ADVANCED_FACE('',(#4458),#138,.T.);
#4992=ADVANCED_FACE('',(#4459,#4460),#4832,.F.);
#4993=ADVANCED_FACE('',(#4461),#139,.T.);
#4994=ADVANCED_FACE('',(#4462,#4463),#4833,.F.);
#4995=ADVANCED_FACE('',(#4464,#4465),#140,.F.);
#4996=ADVANCED_FACE('',(#4466,#4467),#141,.F.);
#4997=ADVANCED_FACE('',(#4468,#4469),#142,.F.);
#4998=ADVANCED_FACE('',(#4470),#4834,.T.);
#4999=ADVANCED_FACE('',(#4471,#4472),#143,.F.);
#5000=ADVANCED_FACE('',(#4473),#4835,.T.);
#5001=ADVANCED_FACE('',(#4474,#4475),#144,.F.);
#5002=ADVANCED_FACE('',(#4476),#4836,.T.);
#5003=ADVANCED_FACE('',(#4477,#4478),#145,.F.);
#5004=ADVANCED_FACE('',(#4479),#4837,.T.);
#5005=ADVANCED_FACE('',(#4480,#4481),#146,.F.);
#5006=ADVANCED_FACE('',(#4482,#4483,#4484,#4485),#4838,.T.);
#5007=ADVANCED_FACE('',(#4486,#4487),#147,.F.);
#5008=ADVANCED_FACE('',(#4488,#4489,#4490,#4491),#4839,.T.);
#5009=ADVANCED_FACE('',(#4492),#148,.T.);
#5010=ADVANCED_FACE('',(#4493),#4840,.F.);
#5011=ADVANCED_FACE('',(#4494),#4841,.T.);
#5012=ADVANCED_FACE('',(#4495),#4842,.T.);
#5013=ADVANCED_FACE('',(#4496),#4843,.T.);
#5014=ADVANCED_FACE('',(#4497),#4844,.F.);
#5015=ADVANCED_FACE('',(#4498),#4845,.T.);
#5016=ADVANCED_FACE('',(#4499),#4846,.F.);
#5017=ADVANCED_FACE('',(#4500),#149,.F.);
#5018=ADVANCED_FACE('',(#4501),#12,.F.);
#5019=ADVANCED_FACE('',(#4502),#150,.F.);
#5020=ADVANCED_FACE('',(#4503),#13,.F.);
#5021=ADVANCED_FACE('',(#4504),#14,.F.);
#5022=ADVANCED_FACE('',(#4505),#15,.F.);
#5023=ADVANCED_FACE('',(#4506),#16,.F.);
#5024=ADVANCED_FACE('',(#4507),#17,.F.);
#5025=ADVANCED_FACE('',(#4508),#18,.F.);
#5026=ADVANCED_FACE('',(#4509),#151,.F.);
#5027=ADVANCED_FACE('',(#4510),#19,.T.);
#5028=ADVANCED_FACE('',(#4511),#20,.T.);
#5029=ADVANCED_FACE('',(#4512),#21,.F.);
#5030=ADVANCED_FACE('',(#4513,#4514,#4515,#4516,#4517,#4518,#4519),#4847,
 .T.);
#5031=ADVANCED_FACE('',(#4520),#4848,.T.);
#5032=ADVANCED_FACE('',(#4521,#4522),#152,.F.);
#5033=ADVANCED_FACE('',(#4523),#153,.T.);
#5034=ADVANCED_FACE('',(#4524),#154,.F.);
#5035=ADVANCED_FACE('',(#4525),#22,.T.);
#5036=ADVANCED_FACE('',(#4526),#155,.F.);
#5037=ADVANCED_FACE('',(#4527),#23,.T.);
#5038=ADVANCED_FACE('',(#4528),#156,.F.);
#5039=ADVANCED_FACE('',(#4529),#24,.T.);
#5040=ADVANCED_FACE('',(#4530),#157,.F.);
#5041=ADVANCED_FACE('',(#4531),#25,.T.);
#5042=ADVANCED_FACE('',(#4532),#26,.T.);
#5043=ADVANCED_FACE('',(#4533),#158,.T.);
#5044=ADVANCED_FACE('',(#4534),#27,.T.);
#5045=ADVANCED_FACE('',(#4535),#159,.T.);
#5046=ADVANCED_FACE('',(#4536),#28,.T.);
#5047=ADVANCED_FACE('',(#4537),#29,.T.);
#5048=ADVANCED_FACE('',(#4538),#30,.T.);
#5049=ADVANCED_FACE('',(#4539),#31,.T.);
#5050=ADVANCED_FACE('',(#4540),#32,.T.);
#5051=ADVANCED_FACE('',(#4541,#4542,#4543,#4544,#4545,#4546),#4849,.T.);
#5052=ADVANCED_FACE('',(#4547),#33,.T.);
#5053=ADVANCED_FACE('',(#4548),#160,.F.);
#5054=ADVANCED_FACE('',(#4549),#34,.T.);
#5055=ADVANCED_FACE('',(#4550),#161,.F.);
#5056=ADVANCED_FACE('',(#4551),#35,.T.);
#5057=ADVANCED_FACE('',(#4552),#36,.T.);
#5058=ADVANCED_FACE('',(#4553),#37,.T.);
#5059=ADVANCED_FACE('',(#4554),#38,.T.);
#5060=ADVANCED_FACE('',(#4555),#39,.T.);
#5061=ADVANCED_FACE('',(#4556),#40,.T.);
#5062=ADVANCED_FACE('',(#4557),#162,.T.);
#5063=ADVANCED_FACE('',(#4558),#41,.T.);
#5064=ADVANCED_FACE('',(#4559),#163,.T.);
#5065=ADVANCED_FACE('',(#4560),#42,.T.);
#5066=ADVANCED_FACE('',(#4561),#164,.T.);
#5067=ADVANCED_FACE('',(#4562),#43,.T.);
#5068=ADVANCED_FACE('',(#4563),#165,.T.);
#5069=ADVANCED_FACE('',(#4564),#44,.T.);
#5070=ADVANCED_FACE('',(#4565,#4566,#4567,#4568,#4569,#4570),#4850,.T.);
#5071=ADVANCED_FACE('',(#4571),#4851,.T.);
#5072=ADVANCED_FACE('',(#4572,#4573),#166,.F.);
#5073=ADVANCED_FACE('',(#4574),#4852,.T.);
#5074=ADVANCED_FACE('',(#4575,#4576),#167,.F.);
#5075=ADVANCED_FACE('',(#4577),#4853,.T.);
#5076=ADVANCED_FACE('',(#4578,#4579),#168,.F.);
#5077=ADVANCED_FACE('',(#4580),#4854,.T.);
#5078=ADVANCED_FACE('',(#4581,#4582),#169,.F.);
#5079=ADVANCED_FACE('',(#4583),#4855,.T.);
#5080=ADVANCED_FACE('',(#4584,#4585),#170,.F.);
#5081=ADVANCED_FACE('',(#4586),#4856,.T.);
#5082=ADVANCED_FACE('',(#4587,#4588),#171,.F.);
#5083=ADVANCED_FACE('',(#4589),#4857,.T.);
#5084=ADVANCED_FACE('',(#4590,#4591),#172,.F.);
#5085=ADVANCED_FACE('',(#4592),#45,.F.);
#5086=ADVANCED_FACE('',(#4593),#46,.F.);
#5087=ADVANCED_FACE('',(#4594),#173,.T.);
#5088=ADVANCED_FACE('',(#4595),#47,.F.);
#5089=ADVANCED_FACE('',(#4596),#48,.F.);
#5090=ADVANCED_FACE('',(#4597),#174,.T.);
#5091=ADVANCED_FACE('',(#4598),#49,.F.);
#5092=ADVANCED_FACE('',(#4599),#175,.T.);
#5093=ADVANCED_FACE('',(#4600),#50,.F.);
#5094=ADVANCED_FACE('',(#4601),#176,.T.);
#5095=ADVANCED_FACE('',(#4602),#51,.F.);
#5096=ADVANCED_FACE('',(#4603,#4604,#4605,#4606,#4607,#4608),#4858,.T.);
#5097=ADVANCED_FACE('',(#4609),#4859,.T.);
#5098=ADVANCED_FACE('',(#4610,#4611),#177,.F.);
#5099=ADVANCED_FACE('',(#4612),#4860,.T.);
#5100=ADVANCED_FACE('',(#4613,#4614),#178,.F.);
#5101=ADVANCED_FACE('',(#4615),#4861,.T.);
#5102=ADVANCED_FACE('',(#4616,#4617),#179,.F.);
#5103=ADVANCED_FACE('',(#4618),#4862,.T.);
#5104=ADVANCED_FACE('',(#4619,#4620),#180,.F.);
#5105=ADVANCED_FACE('',(#4621),#4863,.T.);
#5106=ADVANCED_FACE('',(#4622,#4623),#181,.F.);
#5107=ADVANCED_FACE('',(#4624),#4864,.T.);
#5108=ADVANCED_FACE('',(#4625,#4626),#182,.F.);
#5109=ADVANCED_FACE('',(#4627),#4865,.T.);
#5110=ADVANCED_FACE('',(#4628,#4629),#183,.F.);
#5111=ADVANCED_FACE('',(#4630,#4631,#4632,#4633,#4634),#4866,.T.);
#5112=ADVANCED_FACE('',(#4635),#4867,.T.);
#5113=ADVANCED_FACE('',(#4636,#4637),#184,.F.);
#5114=ADVANCED_FACE('',(#4638),#4868,.T.);
#5115=ADVANCED_FACE('',(#4639,#4640),#185,.F.);
#5116=ADVANCED_FACE('',(#4641),#4869,.T.);
#5117=ADVANCED_FACE('',(#4642,#4643),#186,.F.);
#5118=ADVANCED_FACE('',(#4644),#4870,.T.);
#5119=ADVANCED_FACE('',(#4645,#4646),#187,.F.);
#5120=ADVANCED_FACE('',(#4647),#52,.F.);
#5121=ADVANCED_FACE('',(#4648),#53,.F.);
#5122=ADVANCED_FACE('',(#4649),#54,.F.);
#5123=ADVANCED_FACE('',(#4650),#4871,.T.);
#5124=ADVANCED_FACE('',(#4651),#4872,.T.);
#5125=ADVANCED_FACE('',(#4652),#4873,.F.);
#5126=ADVANCED_FACE('',(#4653),#188,.F.);
#5127=ADVANCED_FACE('',(#4654),#4874,.T.);
#5128=ADVANCED_FACE('',(#4655),#4875,.T.);
#5129=ADVANCED_FACE('',(#4656),#4876,.T.);
#5130=ADVANCED_FACE('',(#4657),#189,.F.);
#5131=ADVANCED_FACE('',(#4658),#4877,.F.);
#5132=ADVANCED_FACE('',(#4659),#4878,.F.);
#5133=ADVANCED_FACE('',(#4660),#190,.F.);
#5134=ADVANCED_FACE('',(#4661),#4879,.F.);
#5135=ADVANCED_FACE('',(#4662),#4880,.T.);
#5136=ADVANCED_FACE('',(#4663),#55,.F.);
#5137=ADVANCED_FACE('',(#4664),#191,.F.);
#5138=ADVANCED_FACE('',(#4665),#56,.T.);
#5139=ADVANCED_FACE('',(#4666),#57,.F.);
#5140=ADVANCED_FACE('',(#4667),#4881,.T.);
#5141=ADVANCED_FACE('',(#4668),#4882,.T.);
#5142=ADVANCED_FACE('',(#4669),#4883,.F.);
#5143=ADVANCED_FACE('',(#4670),#58,.F.);
#5144=ADVANCED_FACE('',(#4671),#4884,.T.);
#5145=ADVANCED_FACE('',(#4672),#4885,.T.);
#5146=ADVANCED_FACE('',(#4673),#4886,.T.);
#5147=ADVANCED_FACE('',(#4674),#4887,.F.);
#5148=ADVANCED_FACE('',(#4675),#59,.F.);
#5149=ADVANCED_FACE('',(#4676),#4888,.T.);
#5150=ADVANCED_FACE('',(#4677),#4889,.F.);
#5151=ADVANCED_FACE('',(#4678),#4890,.T.);
#5152=ADVANCED_FACE('',(#4679),#60,.F.);
#5153=ADVANCED_FACE('',(#4680),#4891,.F.);
#5154=ADVANCED_FACE('',(#4681),#61,.F.);
#5155=ADVANCED_FACE('',(#4682),#4892,.T.);
#5156=ADVANCED_FACE('',(#4683),#62,.F.);
#5157=ADVANCED_FACE('',(#4684),#63,.F.);
#5158=ADVANCED_FACE('',(#4685),#4893,.T.);
#5159=ADVANCED_FACE('',(#4686),#64,.F.);
#5160=ADVANCED_FACE('',(#4687),#65,.F.);
#5161=ADVANCED_FACE('',(#4688),#4894,.T.);
#5162=ADVANCED_FACE('',(#4689),#66,.T.);
#5163=ADVANCED_FACE('',(#4690),#67,.T.);
#5164=ADVANCED_FACE('',(#4691),#4895,.T.);
#5165=ADVANCED_FACE('',(#4692),#68,.F.);
#5166=ADVANCED_FACE('',(#4693),#69,.F.);
#5167=ADVANCED_FACE('',(#4694),#4896,.T.);
#5168=ADVANCED_FACE('',(#4695),#70,.F.);
#5169=ADVANCED_FACE('',(#4696),#71,.F.);
#5170=ADVANCED_FACE('',(#4697),#4897,.T.);
#5171=ADVANCED_FACE('',(#4698),#72,.F.);
#5172=ADVANCED_FACE('',(#4699),#73,.F.);
#5173=ADVANCED_FACE('',(#4700),#4898,.T.);
#5174=ADVANCED_FACE('',(#4701),#74,.T.);
#5175=ADVANCED_FACE('',(#4702),#75,.T.);
#5176=ADVANCED_FACE('',(#4703),#4899,.T.);
#5177=ADVANCED_FACE('',(#4704),#76,.F.);
#5178=ADVANCED_FACE('',(#4705),#192,.T.);
#5179=ADVANCED_FACE('',(#4706),#4900,.T.);
#5180=ADVANCED_FACE('',(#4707),#77,.F.);
#5181=ADVANCED_FACE('',(#4708),#78,.F.);
#5182=ADVANCED_FACE('',(#4709),#4901,.T.);
#5183=ADVANCED_FACE('',(#4710),#79,.T.);
#5184=ADVANCED_FACE('',(#4711),#80,.T.);
#5185=ADVANCED_FACE('',(#4712),#4902,.T.);
#5186=ADVANCED_FACE('',(#4713),#81,.F.);
#5187=ADVANCED_FACE('',(#4714),#82,.F.);
#5188=ADVANCED_FACE('',(#4715),#4903,.T.);
#5189=ADVANCED_FACE('',(#4716),#4904,.T.);
#5190=ADVANCED_FACE('',(#4717),#83,.T.);
#5191=ADVANCED_FACE('',(#4718),#84,.T.);
#5192=ADVANCED_FACE('',(#4719),#4905,.T.);
#5193=ADVANCED_FACE('',(#4720,#4721),#193,.F.);
#5194=ADVANCED_FACE('',(#4722),#85,.T.);
#5195=ADVANCED_FACE('',(#4723),#4906,.F.);
#5196=ADVANCED_FACE('',(#4724),#86,.T.);
#5197=ADVANCED_FACE('',(#4725),#87,.T.);
#5198=ADVANCED_FACE('',(#4726),#4907,.T.);
#5199=ADVANCED_FACE('',(#4727),#4908,.T.);
#5200=ADVANCED_FACE('',(#4728),#88,.T.);
#5201=ADVANCED_FACE('',(#4729),#89,.T.);
#5202=ADVANCED_FACE('',(#4730),#90,.T.);
#5203=ADVANCED_FACE('',(#4731,#4732,#4733,#4734,#4735,#4736,#4737,#4738,
#4739),#4909,.T.);
#5204=ADVANCED_FACE('',(#4740),#4910,.T.);
#5205=ADVANCED_FACE('',(#4741),#4911,.F.);
#5206=ADVANCED_FACE('',(#4742),#91,.T.);
#5207=ADVANCED_FACE('',(#4743),#92,.T.);
#5208=ADVANCED_FACE('',(#4744),#4912,.T.);
#5209=ADVANCED_FACE('',(#4745),#93,.T.);
#5210=ADVANCED_FACE('',(#4746),#94,.T.);
#5211=ADVANCED_FACE('',(#4747,#4748),#4913,.T.);
#5212=ADVANCED_FACE('',(#4749),#95,.T.);
#5213=ADVANCED_FACE('',(#4750),#96,.F.);
#5214=ADVANCED_FACE('',(#4751),#4914,.T.);
#5215=ADVANCED_FACE('',(#4752),#4915,.T.);
#5216=ADVANCED_FACE('',(#4753),#97,.F.);
#5217=ADVANCED_FACE('',(#4754),#98,.F.);
#5218=ADVANCED_FACE('',(#4755),#99,.F.);
#5219=ADVANCED_FACE('',(#4756,#4757,#4758),#4916,.T.);
#5220=ADVANCED_FACE('',(#4759),#4917,.F.);
#5221=ADVANCED_FACE('',(#4760),#4918,.T.);
#5222=ADVANCED_FACE('',(#4761),#100,.F.);
#5223=ADVANCED_FACE('',(#4762),#4919,.F.);
#5224=ADVANCED_FACE('',(#4763),#101,.F.);
#5225=ADVANCED_FACE('',(#4764),#4920,.F.);
#5226=ADVANCED_FACE('',(#4765),#102,.F.);
#5227=ADVANCED_FACE('',(#4766),#4921,.F.);
#5228=ADVANCED_FACE('',(#4767),#4922,.F.);
#5229=ADVANCED_FACE('',(#4768),#103,.F.);
#5230=ADVANCED_FACE('',(#4769),#4923,.T.);
#5231=ADVANCED_FACE('',(#4770),#104,.F.);
#5232=ADVANCED_FACE('',(#4771),#4924,.F.);
#5233=ADVANCED_FACE('',(#4772),#105,.F.);
#5234=ADVANCED_FACE('',(#4773),#4925,.F.);
#5235=ADVANCED_FACE('',(#4774),#106,.F.);
#5236=ADVANCED_FACE('',(#4775),#107,.F.);
#5237=ADVANCED_FACE('',(#4776),#4926,.F.);
#5238=ADVANCED_FACE('',(#4777),#108,.F.);
#5239=ADVANCED_FACE('',(#4778),#109,.F.);
#5240=ADVANCED_FACE('',(#4779),#4927,.T.);
#5241=ADVANCED_FACE('',(#4780),#110,.T.);
#5242=ADVANCED_FACE('',(#4781),#111,.T.);
#5243=ADVANCED_FACE('',(#4782),#4928,.T.);
#5244=ADVANCED_FACE('',(#4783),#112,.T.);
#5245=ADVANCED_FACE('',(#4784),#4929,.F.);
#5246=ADVANCED_FACE('',(#4785),#4930,.T.);
#5247=ADVANCED_FACE('',(#4786,#4787),#113,.T.);
#5248=ADVANCED_FACE('',(#4788),#4931,.T.);
#5249=ADVANCED_FACE('',(#4789),#114,.F.);
#5250=ADVANCED_FACE('',(#4790),#115,.F.);
#5251=ADVANCED_FACE('',(#4791),#4932,.T.);
#5252=ADVANCED_FACE('',(#4792),#4933,.F.);
#5253=ADVANCED_FACE('',(#4793),#4934,.F.);
#5254=ADVANCED_FACE('',(#4794),#4935,.F.);
#5255=ADVANCED_FACE('',(#4795),#4936,.F.);
#5256=ADVANCED_FACE('',(#4796),#4937,.T.);
#5257=ADVANCED_FACE('',(#4797),#4938,.F.);
#5258=ADVANCED_FACE('',(#4798),#4939,.T.);
#5259=ADVANCED_FACE('',(#4799),#4940,.T.);
#5260=ADVANCED_FACE('',(#4800),#4941,.F.);
#5261=ADVANCED_FACE('',(#4801),#4942,.T.);
#5262=ADVANCED_FACE('',(#4802),#4943,.T.);
#5263=ADVANCED_FACE('',(#4803),#4944,.F.);
#5264=ADVANCED_FACE('',(#4804),#4945,.T.);
#5265=ADVANCED_FACE('',(#4805),#4946,.F.);
#5266=CLOSED_SHELL('',(#4947,#4948,#4949,#4950,#4951,#4952,#4953,#4954,
#4955,#4956,#4957,#4958,#4959,#4960,#4961,#4962,#4963,#4964,#4965,#4966,
#4967,#4968,#4969,#4970,#4971,#4972,#4973,#4974,#4975,#4976,#4977,#4978,
#4979,#4980,#4981,#4982,#4983,#4984,#4985,#4986,#4987,#4988,#4989,#4990,
#4991,#4992,#4993,#4994,#4995,#4996,#4997,#4998,#4999,#5000,#5001,#5002,
#5003,#5004,#5005,#5006,#5007,#5008,#5009,#5010,#5011,#5012,#5013,#5014,
#5015,#5016,#5017,#5018,#5019,#5020,#5021,#5022,#5023,#5024,#5025,#5026,
#5027,#5028,#5029,#5030,#5031,#5032,#5033,#5034,#5035,#5036,#5037,#5038,
#5039,#5040,#5041,#5042,#5043,#5044,#5045,#5046,#5047,#5048,#5049,#5050,
#5051,#5052,#5053,#5054,#5055,#5056,#5057,#5058,#5059,#5060,#5061,#5062,
#5063,#5064,#5065,#5066,#5067,#5068,#5069,#5070,#5071,#5072,#5073,#5074,
#5075,#5076,#5077,#5078,#5079,#5080,#5081,#5082,#5083,#5084,#5085,#5086,
#5087,#5088,#5089,#5090,#5091,#5092,#5093,#5094,#5095,#5096,#5097,#5098,
#5099,#5100,#5101,#5102,#5103,#5104,#5105,#5106,#5107,#5108,#5109,#5110,
#5111,#5112,#5113,#5114,#5115,#5116,#5117,#5118,#5119,#5120,#5121,#5122,
#5123,#5124,#5125,#5126,#5127,#5128,#5129,#5130,#5131,#5132,#5133,#5134,
#5135,#5136,#5137,#5138,#5139,#5140,#5141,#5142,#5143,#5144,#5145,#5146,
#5147,#5148,#5149,#5150,#5151,#5152,#5153,#5154,#5155,#5156,#5157,#5158,
#5159,#5160,#5161,#5162,#5163,#5164,#5165,#5166,#5167,#5168,#5169,#5170,
#5171,#5172,#5173,#5174,#5175,#5176,#5177,#5178,#5179,#5180,#5181,#5182,
#5183,#5184,#5185,#5186,#5187,#5188,#5189,#5190,#5191,#5192,#5193,#5194,
#5195,#5196,#5197,#5198,#5199,#5200,#5201,#5202,#5203,#5204,#5205,#5206,
#5207,#5208,#5209,#5210,#5211,#5212,#5213,#5214,#5215,#5216,#5217,#5218,
#5219,#5220,#5221,#5222,#5223,#5224,#5225,#5226,#5227,#5228,#5229,#5230,
#5231,#5232,#5233,#5234,#5235,#5236,#5237,#5238,#5239,#5240,#5241,#5242,
#5243,#5244,#5245,#5246,#5247,#5248,#5249,#5250,#5251,#5252,#5253,#5254,
#5255,#5256,#5257,#5258,#5259,#5260,#5261,#5262,#5263,#5264,#5265));
#5267=STYLED_ITEM('',(#5268),#5275);
#5268=PRESENTATION_STYLE_ASSIGNMENT((#5269));
#5269=SURFACE_STYLE_USAGE(.BOTH.,#5270);
#5270=SURFACE_SIDE_STYLE('',(#5271));
#5271=SURFACE_STYLE_FILL_AREA(#5272);
#5272=FILL_AREA_STYLE('',(#5273));
#5273=FILL_AREA_STYLE_COLOUR('',#5274);
#5274=COLOUR_RGB('',0.4,0.4,0.4);
#5275=MANIFOLD_SOLID_BREP('Body',#5266);
#5276=SHAPE_DEFINITION_REPRESENTATION(#12310,#5277);
#5277=SHAPE_REPRESENTATION('Body',(#5278),#12305);
#5278=AXIS2_PLACEMENT_3D('',#6730,#5640,#5641);
#5279=AXIS2_PLACEMENT_3D('',#6731,#5642,#5643);
#5280=AXIS2_PLACEMENT_3D('',#6732,#5644,#5645);
#5281=AXIS2_PLACEMENT_3D('',#6739,#5648,#5649);
#5282=AXIS2_PLACEMENT_3D('',#6747,#5653,#5654);
#5283=AXIS2_PLACEMENT_3D('',#6750,#5656,#5657);
#5284=AXIS2_PLACEMENT_3D('',#6780,#5672,#5673);
#5285=AXIS2_PLACEMENT_3D('',#6883,#5681,#5682);
#5286=AXIS2_PLACEMENT_3D('',#7099,#5691,#5692);
#5287=AXIS2_PLACEMENT_3D('',#7130,#5693,#5694);
#5288=AXIS2_PLACEMENT_3D('',#7160,#5695,#5696);
#5289=AXIS2_PLACEMENT_3D('',#7178,#5697,#5698);
#5290=AXIS2_PLACEMENT_3D('',#7187,#5699,#5700);
#5291=AXIS2_PLACEMENT_3D('',#7212,#5701,#5702);
#5292=AXIS2_PLACEMENT_3D('',#7243,#5703,#5704);
#5293=AXIS2_PLACEMENT_3D('',#7282,#5705,#5706);
#5294=AXIS2_PLACEMENT_3D('',#7315,#5707,#5708);
#5295=AXIS2_PLACEMENT_3D('',#7348,#5709,#5710);
#5296=AXIS2_PLACEMENT_3D('',#7392,#5711,#5712);
#5297=AXIS2_PLACEMENT_3D('',#7393,#5713,#5714);
#5298=AXIS2_PLACEMENT_3D('',#7395,#5715,#5716);
#5299=AXIS2_PLACEMENT_3D('',#7397,#5717,#5718);
#5300=AXIS2_PLACEMENT_3D('',#7399,#5719,#5720);
#5301=AXIS2_PLACEMENT_3D('',#7417,#5729,#5730);
#5302=AXIS2_PLACEMENT_3D('',#7426,#5732,#5733);
#5303=AXIS2_PLACEMENT_3D('',#7427,#5734,#5735);
#5304=AXIS2_PLACEMENT_3D('',#7436,#5737,#5738);
#5305=AXIS2_PLACEMENT_3D('',#7437,#5739,#5740);
#5306=AXIS2_PLACEMENT_3D('',#7443,#5744,#5745);
#5307=AXIS2_PLACEMENT_3D('',#7446,#5747,#5748);
#5308=AXIS2_PLACEMENT_3D('',#7458,#5755,#5756);
#5309=AXIS2_PLACEMENT_3D('',#7461,#5758,#5759);
#5310=AXIS2_PLACEMENT_3D('',#7463,#5760,#5761);
#5311=AXIS2_PLACEMENT_3D('',#7465,#5762,#5763);
#5312=AXIS2_PLACEMENT_3D('',#7467,#5764,#5765);
#5313=AXIS2_PLACEMENT_3D('',#7469,#5766,#5767);
#5314=AXIS2_PLACEMENT_3D('',#7471,#5768,#5769);
#5315=AXIS2_PLACEMENT_3D('',#7473,#5770,#5771);
#5316=AXIS2_PLACEMENT_3D('',#7475,#5772,#5773);
#5317=AXIS2_PLACEMENT_3D('',#7482,#5777,#5778);
#5318=AXIS2_PLACEMENT_3D('',#7484,#5780,#5781);
#5319=AXIS2_PLACEMENT_3D('',#7491,#5785,#5786);
#5320=AXIS2_PLACEMENT_3D('',#7499,#5791,#5792);
#5321=AXIS2_PLACEMENT_3D('',#7500,#5793,#5794);
#5322=AXIS2_PLACEMENT_3D('',#7502,#5795,#5796);
#5323=AXIS2_PLACEMENT_3D('',#7504,#5797,#5798);
#5324=AXIS2_PLACEMENT_3D('',#7505,#5799,#5800);
#5325=AXIS2_PLACEMENT_3D('',#7507,#5801,#5802);
#5326=AXIS2_PLACEMENT_3D('',#7509,#5803,#5804);
#5327=AXIS2_PLACEMENT_3D('',#7510,#5805,#5806);
#5328=AXIS2_PLACEMENT_3D('',#7512,#5807,#5808);
#5329=AXIS2_PLACEMENT_3D('',#7514,#5809,#5810);
#5330=AXIS2_PLACEMENT_3D('',#7515,#5811,#5812);
#5331=AXIS2_PLACEMENT_3D('',#7517,#5813,#5814);
#5332=AXIS2_PLACEMENT_3D('',#7519,#5815,#5816);
#5333=AXIS2_PLACEMENT_3D('',#7520,#5817,#5818);
#5334=AXIS2_PLACEMENT_3D('',#7522,#5819,#5820);
#5335=AXIS2_PLACEMENT_3D('',#7524,#5821,#5822);
#5336=AXIS2_PLACEMENT_3D('',#7525,#5823,#5824);
#5337=AXIS2_PLACEMENT_3D('',#7527,#5825,#5826);
#5338=AXIS2_PLACEMENT_3D('',#7529,#5827,#5828);
#5339=AXIS2_PLACEMENT_3D('',#7542,#5836,#5837);
#5340=AXIS2_PLACEMENT_3D('',#7553,#5844,#5845);
#5341=AXIS2_PLACEMENT_3D('',#7554,#5846,#5847);
#5342=AXIS2_PLACEMENT_3D('',#7556,#5848,#5849);
#5343=AXIS2_PLACEMENT_3D('',#7558,#5850,#5851);
#5344=AXIS2_PLACEMENT_3D('',#7560,#5852,#5853);
#5345=AXIS2_PLACEMENT_3D('',#7562,#5854,#5855);
#5346=AXIS2_PLACEMENT_3D('',#7564,#5856,#5857);
#5347=AXIS2_PLACEMENT_3D('',#7566,#5858,#5859);
#5348=AXIS2_PLACEMENT_3D('',#7571,#5862,#5863);
#5349=AXIS2_PLACEMENT_3D('',#7575,#5866,#5867);
#5350=AXIS2_PLACEMENT_3D('',#7577,#5869,#5870);
#5351=AXIS2_PLACEMENT_3D('',#7578,#5871,#5872);
#5352=AXIS2_PLACEMENT_3D('',#7582,#5875,#5876);
#5353=AXIS2_PLACEMENT_3D('',#7590,#5882,#5883);
#5354=AXIS2_PLACEMENT_3D('',#7591,#5884,#5885);
#5355=AXIS2_PLACEMENT_3D('',#7592,#5886,#5887);
#5356=AXIS2_PLACEMENT_3D('',#7593,#5888,#5889);
#5357=AXIS2_PLACEMENT_3D('',#7594,#5890,#5891);
#5358=AXIS2_PLACEMENT_3D('',#7595,#5892,#5893);
#5359=AXIS2_PLACEMENT_3D('',#7596,#5894,#5895);
#5360=AXIS2_PLACEMENT_3D('',#7597,#5896,#5897);
#5361=AXIS2_PLACEMENT_3D('',#7598,#5898,#5899);
#5362=AXIS2_PLACEMENT_3D('',#7599,#5900,#5901);
#5363=AXIS2_PLACEMENT_3D('',#7600,#5902,#5903);
#5364=AXIS2_PLACEMENT_3D('',#7601,#5904,#5905);
#5365=AXIS2_PLACEMENT_3D('',#7602,#5906,#5907);
#5366=AXIS2_PLACEMENT_3D('',#7603,#5908,#5909);
#5367=AXIS2_PLACEMENT_3D('',#7604,#5910,#5911);
#5368=AXIS2_PLACEMENT_3D('',#7605,#5912,#5913);
#5369=AXIS2_PLACEMENT_3D('',#7606,#5914,#5915);
#5370=AXIS2_PLACEMENT_3D('',#7608,#5916,#5917);
#5371=AXIS2_PLACEMENT_3D('',#7609,#5918,#5919);
#5372=AXIS2_PLACEMENT_3D('',#7610,#5920,#5921);
#5373=AXIS2_PLACEMENT_3D('',#7611,#5922,#5923);
#5374=AXIS2_PLACEMENT_3D('',#7613,#5924,#5925);
#5375=AXIS2_PLACEMENT_3D('',#7614,#5926,#5927);
#5376=AXIS2_PLACEMENT_3D('',#7615,#5928,#5929);
#5377=AXIS2_PLACEMENT_3D('',#7616,#5930,#5931);
#5378=AXIS2_PLACEMENT_3D('',#7618,#5932,#5933);
#5379=AXIS2_PLACEMENT_3D('',#7619,#5934,#5935);
#5380=AXIS2_PLACEMENT_3D('',#7620,#5936,#5937);
#5381=AXIS2_PLACEMENT_3D('',#7622,#5938,#5939);
#5382=AXIS2_PLACEMENT_3D('',#7623,#5940,#5941);
#5383=AXIS2_PLACEMENT_3D('',#7624,#5942,#5943);
#5384=AXIS2_PLACEMENT_3D('',#7626,#5944,#5945);
#5385=AXIS2_PLACEMENT_3D('',#7627,#5946,#5947);
#5386=AXIS2_PLACEMENT_3D('',#7628,#5948,#5949);
#5387=AXIS2_PLACEMENT_3D('',#7630,#5950,#5951);
#5388=AXIS2_PLACEMENT_3D('',#7631,#5952,#5953);
#5389=AXIS2_PLACEMENT_3D('',#7632,#5954,#5955);
#5390=AXIS2_PLACEMENT_3D('',#7634,#5956,#5957);
#5391=AXIS2_PLACEMENT_3D('',#7635,#5958,#5959);
#5392=AXIS2_PLACEMENT_3D('',#7636,#5960,#5961);
#5393=AXIS2_PLACEMENT_3D('',#7637,#5962,#5963);
#5394=AXIS2_PLACEMENT_3D('',#7638,#5964,#5965);
#5395=AXIS2_PLACEMENT_3D('',#7640,#5966,#5967);
#5396=AXIS2_PLACEMENT_3D('',#7641,#5968,#5969);
#5397=AXIS2_PLACEMENT_3D('',#7642,#5970,#5971);
#5398=AXIS2_PLACEMENT_3D('',#7643,#5972,#5973);
#5399=AXIS2_PLACEMENT_3D('',#7644,#5974,#5975);
#5400=AXIS2_PLACEMENT_3D('',#7649,#5979,#5980);
#5401=AXIS2_PLACEMENT_3D('',#7654,#5984,#5985);
#5402=AXIS2_PLACEMENT_3D('',#7657,#5988,#5989);
#5403=AXIS2_PLACEMENT_3D('',#7658,#5990,#5991);
#5404=AXIS2_PLACEMENT_3D('',#7659,#5992,#5993);
#5405=AXIS2_PLACEMENT_3D('',#7661,#5995,#5996);
#5406=AXIS2_PLACEMENT_3D('',#7663,#5998,#5999);
#5407=AXIS2_PLACEMENT_3D('',#7667,#6001,#6002);
#5408=AXIS2_PLACEMENT_3D('',#7671,#6004,#6005);
#5409=AXIS2_PLACEMENT_3D('',#7697,#6009,#6010);
#5410=AXIS2_PLACEMENT_3D('',#7698,#6011,#6012);
#5411=AXIS2_PLACEMENT_3D('',#7702,#6014,#6015);
#5412=AXIS2_PLACEMENT_3D('',#7894,#6026,#6027);
#5413=AXIS2_PLACEMENT_3D('',#7895,#6028,#6029);
#5414=AXIS2_PLACEMENT_3D('',#7899,#6031,#6032);
#5415=AXIS2_PLACEMENT_3D('',#8105,#6037,#6038);
#5416=AXIS2_PLACEMENT_3D('',#8106,#6039,#6040);
#5417=AXIS2_PLACEMENT_3D('',#8108,#6041,#6042);
#5418=AXIS2_PLACEMENT_3D('',#8110,#6043,#6044);
#5419=AXIS2_PLACEMENT_3D('',#8112,#6045,#6046);
#5420=AXIS2_PLACEMENT_3D('',#8114,#6047,#6048);
#5421=AXIS2_PLACEMENT_3D('',#8116,#6049,#6050);
#5422=AXIS2_PLACEMENT_3D('',#8117,#6051,#6052);
#5423=AXIS2_PLACEMENT_3D('',#8119,#6053,#6054);
#5424=AXIS2_PLACEMENT_3D('',#8120,#6055,#6056);
#5425=AXIS2_PLACEMENT_3D('',#8121,#6057,#6058);
#5426=AXIS2_PLACEMENT_3D('',#8126,#6060,#6061);
#5427=AXIS2_PLACEMENT_3D('',#8129,#6063,#6064);
#5428=AXIS2_PLACEMENT_3D('',#8130,#6065,#6066);
#5429=AXIS2_PLACEMENT_3D('',#8135,#6068,#6069);
#5430=AXIS2_PLACEMENT_3D('',#8163,#6074,#6075);
#5431=AXIS2_PLACEMENT_3D('',#8164,#6076,#6077);
#5432=AXIS2_PLACEMENT_3D('',#8168,#6079,#6080);
#5433=AXIS2_PLACEMENT_3D('',#8192,#6084,#6085);
#5434=AXIS2_PLACEMENT_3D('',#8193,#6086,#6087);
#5435=AXIS2_PLACEMENT_3D('',#8197,#6089,#6090);
#5436=AXIS2_PLACEMENT_3D('',#8231,#6094,#6095);
#5437=AXIS2_PLACEMENT_3D('',#8232,#6096,#6097);
#5438=AXIS2_PLACEMENT_3D('',#8236,#6099,#6100);
#5439=AXIS2_PLACEMENT_3D('',#8303,#6105,#6106);
#5440=AXIS2_PLACEMENT_3D('',#8304,#6107,#6108);
#5441=AXIS2_PLACEMENT_3D('',#8308,#6110,#6111);
#5442=AXIS2_PLACEMENT_3D('',#8334,#6115,#6116);
#5443=AXIS2_PLACEMENT_3D('',#8335,#6117,#6118);
#5444=AXIS2_PLACEMENT_3D('',#8339,#6120,#6121);
#5445=AXIS2_PLACEMENT_3D('',#8446,#6130,#6131);
#5446=AXIS2_PLACEMENT_3D('',#8465,#6133,#6134);
#5447=AXIS2_PLACEMENT_3D('',#8467,#6135,#6136);
#5448=AXIS2_PLACEMENT_3D('',#8469,#6137,#6138);
#5449=AXIS2_PLACEMENT_3D('',#8471,#6139,#6140);
#5450=AXIS2_PLACEMENT_3D('',#8473,#6141,#6142);
#5451=AXIS2_PLACEMENT_3D('',#8511,#6146,#6147);
#5452=AXIS2_PLACEMENT_3D('',#8512,#6148,#6149);
#5453=AXIS2_PLACEMENT_3D('',#8516,#6151,#6152);
#5454=AXIS2_PLACEMENT_3D('',#8538,#6156,#6157);
#5455=AXIS2_PLACEMENT_3D('',#8539,#6158,#6159);
#5456=AXIS2_PLACEMENT_3D('',#8543,#6161,#6162);
#5457=AXIS2_PLACEMENT_3D('',#8717,#6175,#6176);
#5458=AXIS2_PLACEMENT_3D('',#8718,#6177,#6178);
#5459=AXIS2_PLACEMENT_3D('',#8722,#6180,#6181);
#5460=AXIS2_PLACEMENT_3D('',#8743,#6185,#6186);
#5461=AXIS2_PLACEMENT_3D('',#8744,#6187,#6188);
#5462=AXIS2_PLACEMENT_3D('',#8748,#6190,#6191);
#5463=AXIS2_PLACEMENT_3D('',#8768,#6195,#6196);
#5464=AXIS2_PLACEMENT_3D('',#8769,#6197,#6198);
#5465=AXIS2_PLACEMENT_3D('',#8773,#6200,#6201);
#5466=AXIS2_PLACEMENT_3D('',#8795,#6205,#6206);
#5467=AXIS2_PLACEMENT_3D('',#8796,#6207,#6208);
#5468=AXIS2_PLACEMENT_3D('',#8800,#6210,#6211);
#5469=AXIS2_PLACEMENT_3D('',#8827,#6213,#6214);
#5470=AXIS2_PLACEMENT_3D('',#8828,#6215,#6216);
#5471=AXIS2_PLACEMENT_3D('',#8830,#6217,#6218);
#5472=AXIS2_PLACEMENT_3D('',#8832,#6219,#6220);
#5473=AXIS2_PLACEMENT_3D('',#8834,#6221,#6222);
#5474=AXIS2_PLACEMENT_3D('',#8836,#6223,#6224);
#5475=AXIS2_PLACEMENT_3D('',#8838,#6225,#6226);
#5476=AXIS2_PLACEMENT_3D('',#8839,#6227,#6228);
#5477=AXIS2_PLACEMENT_3D('',#8841,#6229,#6230);
#5478=AXIS2_PLACEMENT_3D('',#8842,#6231,#6232);
#5479=AXIS2_PLACEMENT_3D('',#8843,#6233,#6234);
#5480=AXIS2_PLACEMENT_3D('',#8845,#6235,#6236);
#5481=AXIS2_PLACEMENT_3D('',#8846,#6237,#6238);
#5482=AXIS2_PLACEMENT_3D('',#8847,#6239,#6240);
#5483=AXIS2_PLACEMENT_3D('',#8849,#6241,#6242);
#5484=AXIS2_PLACEMENT_3D('',#8850,#6243,#6244);
#5485=AXIS2_PLACEMENT_3D('',#8851,#6245,#6246);
#5486=AXIS2_PLACEMENT_3D('',#8853,#6247,#6248);
#5487=AXIS2_PLACEMENT_3D('',#8854,#6249,#6250);
#5488=AXIS2_PLACEMENT_3D('',#8855,#6251,#6252);
#5489=AXIS2_PLACEMENT_3D('',#8857,#6253,#6254);
#5490=AXIS2_PLACEMENT_3D('',#8858,#6255,#6256);
#5491=AXIS2_PLACEMENT_3D('',#8859,#6257,#6258);
#5492=AXIS2_PLACEMENT_3D('',#8861,#6259,#6260);
#5493=AXIS2_PLACEMENT_3D('',#8862,#6261,#6262);
#5494=AXIS2_PLACEMENT_3D('',#8863,#6263,#6264);
#5495=AXIS2_PLACEMENT_3D('',#8865,#6265,#6266);
#5496=AXIS2_PLACEMENT_3D('',#8986,#6271,#6272);
#5497=AXIS2_PLACEMENT_3D('',#8987,#6273,#6274);
#5498=AXIS2_PLACEMENT_3D('',#8991,#6276,#6277);
#5499=AXIS2_PLACEMENT_3D('',#9031,#6282,#6283);
#5500=AXIS2_PLACEMENT_3D('',#9032,#6284,#6285);
#5501=AXIS2_PLACEMENT_3D('',#9036,#6287,#6288);
#5502=AXIS2_PLACEMENT_3D('',#9063,#6292,#6293);
#5503=AXIS2_PLACEMENT_3D('',#9064,#6294,#6295);
#5504=AXIS2_PLACEMENT_3D('',#9068,#6297,#6298);
#5505=AXIS2_PLACEMENT_3D('',#9094,#6302,#6303);
#5506=AXIS2_PLACEMENT_3D('',#9095,#6304,#6305);
#5507=AXIS2_PLACEMENT_3D('',#9099,#6307,#6308);
#5508=AXIS2_PLACEMENT_3D('',#9131,#6310,#6311);
#5509=AXIS2_PLACEMENT_3D('',#9132,#6312,#6313);
#5510=AXIS2_PLACEMENT_3D('',#9134,#6314,#6315);
#5511=AXIS2_PLACEMENT_3D('',#9136,#6316,#6317);
#5512=AXIS2_PLACEMENT_3D('',#9138,#6318,#6319);
#5513=AXIS2_PLACEMENT_3D('',#9140,#6320,#6321);
#5514=AXIS2_PLACEMENT_3D('',#9142,#6322,#6323);
#5515=AXIS2_PLACEMENT_3D('',#9143,#6324,#6325);
#5516=AXIS2_PLACEMENT_3D('',#9145,#6326,#6327);
#5517=AXIS2_PLACEMENT_3D('',#9146,#6328,#6329);
#5518=AXIS2_PLACEMENT_3D('',#9147,#6330,#6331);
#5519=AXIS2_PLACEMENT_3D('',#9149,#6332,#6333);
#5520=AXIS2_PLACEMENT_3D('',#9150,#6334,#6335);
#5521=AXIS2_PLACEMENT_3D('',#9151,#6336,#6337);
#5522=AXIS2_PLACEMENT_3D('',#9153,#6338,#6339);
#5523=AXIS2_PLACEMENT_3D('',#9154,#6340,#6341);
#5524=AXIS2_PLACEMENT_3D('',#9155,#6342,#6343);
#5525=AXIS2_PLACEMENT_3D('',#9157,#6344,#6345);
#5526=AXIS2_PLACEMENT_3D('',#9158,#6346,#6347);
#5527=AXIS2_PLACEMENT_3D('',#9159,#6348,#6349);
#5528=AXIS2_PLACEMENT_3D('',#9161,#6350,#6351);
#5529=AXIS2_PLACEMENT_3D('',#9162,#6352,#6353);
#5530=AXIS2_PLACEMENT_3D('',#9163,#6354,#6355);
#5531=AXIS2_PLACEMENT_3D('',#9165,#6356,#6357);
#5532=AXIS2_PLACEMENT_3D('',#9166,#6358,#6359);
#5533=AXIS2_PLACEMENT_3D('',#9167,#6360,#6361);
#5534=AXIS2_PLACEMENT_3D('',#9169,#6362,#6363);
#5535=AXIS2_PLACEMENT_3D('',#9170,#6364,#6365);
#5536=AXIS2_PLACEMENT_3D('',#9229,#6374,#6375);
#5537=AXIS2_PLACEMENT_3D('',#9235,#6378,#6379);
#5538=AXIS2_PLACEMENT_3D('',#9241,#6382,#6383);
#5539=AXIS2_PLACEMENT_3D('',#9249,#6387,#6388);
#5540=AXIS2_PLACEMENT_3D('',#9278,#6390,#6391);
#5541=AXIS2_PLACEMENT_3D('',#9279,#6392,#6393);
#5542=AXIS2_PLACEMENT_3D('',#9281,#6394,#6395);
#5543=AXIS2_PLACEMENT_3D('',#9282,#6396,#6397);
#5544=AXIS2_PLACEMENT_3D('',#9283,#6398,#6399);
#5545=AXIS2_PLACEMENT_3D('',#9285,#6400,#6401);
#5546=AXIS2_PLACEMENT_3D('',#9286,#6402,#6403);
#5547=AXIS2_PLACEMENT_3D('',#9287,#6404,#6405);
#5548=AXIS2_PLACEMENT_3D('',#9289,#6406,#6407);
#5549=AXIS2_PLACEMENT_3D('',#9290,#6408,#6409);
#5550=AXIS2_PLACEMENT_3D('',#9291,#6410,#6411);
#5551=AXIS2_PLACEMENT_3D('',#9293,#6412,#6413);
#5552=AXIS2_PLACEMENT_3D('',#9399,#6418,#6419);
#5553=AXIS2_PLACEMENT_3D('',#9401,#6421,#6422);
#5554=AXIS2_PLACEMENT_3D('',#9402,#6423,#6424);
#5555=AXIS2_PLACEMENT_3D('',#9408,#6428,#6429);
#5556=AXIS2_PLACEMENT_3D('',#9411,#6431,#6432);
#5557=AXIS2_PLACEMENT_3D('',#9412,#6433,#6434);
#5558=AXIS2_PLACEMENT_3D('',#9416,#6437,#6438);
#5559=AXIS2_PLACEMENT_3D('',#9420,#6441,#6442);
#5560=AXIS2_PLACEMENT_3D('',#9424,#6445,#6446);
#5561=AXIS2_PLACEMENT_3D('',#9427,#6448,#6449);
#5562=AXIS2_PLACEMENT_3D('',#9428,#6450,#6451);
#5563=AXIS2_PLACEMENT_3D('',#9432,#6454,#6455);
#5564=AXIS2_PLACEMENT_3D('',#9436,#6458,#6459);
#5565=AXIS2_PLACEMENT_3D('',#9439,#6461,#6462);
#5566=AXIS2_PLACEMENT_3D('',#9440,#6463,#6464);
#5567=AXIS2_PLACEMENT_3D('',#9442,#6466,#6467);
#5568=AXIS2_PLACEMENT_3D('',#9488,#6470,#6471);
#5569=AXIS2_PLACEMENT_3D('',#9491,#6473,#6474);
#5570=AXIS2_PLACEMENT_3D('',#9553,#6477,#6478);
#5571=AXIS2_PLACEMENT_3D('',#9555,#6480,#6481);
#5572=AXIS2_PLACEMENT_3D('',#9556,#6482,#6483);
#5573=AXIS2_PLACEMENT_3D('',#9577,#6488,#6489);
#5574=AXIS2_PLACEMENT_3D('',#9581,#6492,#6493);
#5575=AXIS2_PLACEMENT_3D('',#9585,#6496,#6497);
#5576=AXIS2_PLACEMENT_3D('',#9589,#6500,#6501);
#5577=AXIS2_PLACEMENT_3D('',#9612,#6505,#6506);
#5578=AXIS2_PLACEMENT_3D('',#9616,#6509,#6510);
#5579=AXIS2_PLACEMENT_3D('',#9618,#6512,#6513);
#5580=AXIS2_PLACEMENT_3D('',#9645,#6514,#6515);
#5581=AXIS2_PLACEMENT_3D('',#9674,#6518,#6519);
#5582=AXIS2_PLACEMENT_3D('',#9729,#6520,#6521);
#5583=AXIS2_PLACEMENT_3D('',#9783,#6522,#6523);
#5584=AXIS2_PLACEMENT_3D('',#9828,#6524,#6525);
#5585=AXIS2_PLACEMENT_3D('',#9875,#6527,#6528);
#5586=AXIS2_PLACEMENT_3D('',#9921,#6529,#6530);
#5587=AXIS2_PLACEMENT_3D('',#9958,#6531,#6532);
#5588=AXIS2_PLACEMENT_3D('',#9994,#6533,#6534);
#5589=AXIS2_PLACEMENT_3D('',#10014,#6535,#6536);
#5590=AXIS2_PLACEMENT_3D('',#10015,#6537,#6538);
#5591=AXIS2_PLACEMENT_3D('',#10016,#6539,#6540);
#5592=AXIS2_PLACEMENT_3D('',#10056,#6541,#6542);
#5593=AXIS2_PLACEMENT_3D('',#10100,#6543,#6544);
#5594=AXIS2_PLACEMENT_3D('',#10142,#6546,#6547);
#5595=AXIS2_PLACEMENT_3D('',#10143,#6548,#6549);
#5596=AXIS2_PLACEMENT_3D('',#10182,#6552,#6553);
#5597=AXIS2_PLACEMENT_3D('',#10183,#6554,#6555);
#5598=AXIS2_PLACEMENT_3D('',#10185,#6556,#6557);
#5599=AXIS2_PLACEMENT_3D('',#10242,#6560,#6561);
#5600=AXIS2_PLACEMENT_3D('',#10337,#6566,#6567);
#5601=AXIS2_PLACEMENT_3D('',#10341,#6570,#6571);
#5602=AXIS2_PLACEMENT_3D('',#10482,#6576,#6577);
#5603=AXIS2_PLACEMENT_3D('',#10884,#6588,#6589);
#5604=AXIS2_PLACEMENT_3D('',#10893,#6594,#6595);
#5605=AXIS2_PLACEMENT_3D('',#11005,#6602,#6603);
#5606=AXIS2_PLACEMENT_3D('',#11098,#6606,#6607);
#5607=AXIS2_PLACEMENT_3D('',#11163,#6611,#6612);
#5608=AXIS2_PLACEMENT_3D('',#11172,#6617,#6618);
#5609=AXIS2_PLACEMENT_3D('',#11305,#6623,#6624);
#5610=AXIS2_PLACEMENT_3D('',#11306,#6625,#6626);
#5611=AXIS2_PLACEMENT_3D('',#11307,#6627,#6628);
#5612=AXIS2_PLACEMENT_3D('',#11379,#6633,#6634);
#5613=AXIS2_PLACEMENT_3D('',#11424,#6638,#6639);
#5614=AXIS2_PLACEMENT_3D('',#11472,#6643,#6644);
#5615=AXIS2_PLACEMENT_3D('',#11476,#6647,#6648);
#5616=AXIS2_PLACEMENT_3D('',#11501,#6651,#6652);
#5617=AXIS2_PLACEMENT_3D('',#11527,#6655,#6656);
#5618=AXIS2_PLACEMENT_3D('',#11560,#6660,#6661);
#5619=AXIS2_PLACEMENT_3D('',#11665,#6666,#6667);
#5620=AXIS2_PLACEMENT_3D('',#11734,#6671,#6672);
#5621=AXIS2_PLACEMENT_3D('',#11907,#6675,#6676);
#5622=AXIS2_PLACEMENT_3D('',#12047,#6679,#6680);
#5623=AXIS2_PLACEMENT_3D('',#12049,#6682,#6683);
#5624=AXIS2_PLACEMENT_3D('',#12141,#6684,#6685);
#5625=AXIS2_PLACEMENT_3D('',#12273,#6688,#6689);
#5626=AXIS2_PLACEMENT_3D('',#12274,#6690,#6691);
#5627=AXIS2_PLACEMENT_3D('',#12275,#6692,#6693);
#5628=AXIS2_PLACEMENT_3D('',#12276,#6694,#6695);
#5629=AXIS2_PLACEMENT_3D('',#12280,#6698,#6699);
#5630=AXIS2_PLACEMENT_3D('',#12284,#6702,#6703);
#5631=AXIS2_PLACEMENT_3D('',#12286,#6705,#6706);
#5632=AXIS2_PLACEMENT_3D('',#12287,#6707,#6708);
#5633=AXIS2_PLACEMENT_3D('',#12291,#6711,#6712);
#5634=AXIS2_PLACEMENT_3D('',#12295,#6715,#6716);
#5635=AXIS2_PLACEMENT_3D('',#12297,#6718,#6719);
#5636=AXIS2_PLACEMENT_3D('',#12298,#6720,#6721);
#5637=AXIS2_PLACEMENT_3D('',#12300,#6723,#6724);
#5638=AXIS2_PLACEMENT_3D('',#12301,#6725,#6726);
#5639=AXIS2_PLACEMENT_3D('',#12303,#6728,#6729);
#5640=DIRECTION('',(0.,0.,1.));
#5641=DIRECTION('',(1.,0.,0.));
#5642=DIRECTION('',(0.,1.,0.));
#5643=DIRECTION('',(0.,0.,1.));
#5644=DIRECTION('',(0.,-1.,0.));
#5645=DIRECTION('',(0.,0.,1.));
#5646=DIRECTION('',(-1.,0.,8.39856415195073E-17));
#5647=DIRECTION('',(0.,0.,-1.));
#5648=DIRECTION('',(0.,-1.,0.));
#5649=DIRECTION('',(0.,0.,1.));
#5650=DIRECTION('',(0.,0.,-1.));
#5651=DIRECTION('',(-1.,0.,1.25978462279261E-16));
#5652=DIRECTION('',(0.,0.,-1.));
#5653=DIRECTION('',(0.,1.,0.));
#5654=DIRECTION('',(0.,0.,1.));
#5655=DIRECTION('',(0.,0.,-1.));
#5656=DIRECTION('',(0.,1.,0.));
#5657=DIRECTION('',(0.,0.,1.));
#5658=DIRECTION('',(1.,0.,0.));
#5659=DIRECTION('',(-0.707106781186548,0.,-0.707106781186548));
#5660=DIRECTION('',(0.,0.,-1.));
#5661=DIRECTION('',(-1.,5.93633692476638E-33,-9.4824731369524E-17));
#5662=DIRECTION('',(0.,0.,-1.));
#5663=DIRECTION('',(1.,0.,-9.48245975116731E-17));
#5664=DIRECTION('',(0.,0.,-1.));
#5665=DIRECTION('',(-1.,0.,0.));
#5666=DIRECTION('',(0.,0.,1.));
#5667=DIRECTION('',(-1.,0.,9.48245975116731E-17));
#5668=DIRECTION('',(0.,0.,-1.));
#5669=DIRECTION('',(1.,-5.93633692476638E-33,9.4824731369524E-17));
#5670=DIRECTION('',(0.,0.,1.));
#5671=DIRECTION('',(0.70710678118655,0.,-0.707106781186546));
#5672=DIRECTION('',(0.,0.,1.));
#5673=DIRECTION('',(1.,0.,0.));
#5674=DIRECTION('',(1.96889945489316E-16,1.,0.));
#5675=DIRECTION('',(1.,0.,0.));
#5676=DIRECTION('',(-1.96889945489316E-16,-1.,0.));
#5677=DIRECTION('',(-1.,0.,0.));
#5678=DIRECTION('',(0.,1.,0.));
#5679=DIRECTION('',(1.,0.,0.));
#5680=DIRECTION('',(1.,0.,0.));
#5681=DIRECTION('',(0.,-1.,0.));
#5682=DIRECTION('',(1.,0.,0.));
#5683=DIRECTION('',(1.,0.,0.));
#5684=DIRECTION('',(0.,0.,1.));
#5685=DIRECTION('',(-0.816496580927725,0.,-0.577350269189628));
#5686=DIRECTION('',(1.,0.,0.));
#5687=DIRECTION('',(0.816496580927727,0.,-0.577350269189624));
#5688=DIRECTION('',(0.,0.,-1.));
#5689=DIRECTION('',(0.992162454783856,0.,-0.124954645040801));
#5690=DIRECTION('',(-0.987054789272661,1.62738341364446E-33,-0.160383424872717));
#5691=DIRECTION('',(0.,-1.,0.));
#5692=DIRECTION('',(1.,0.,0.));
#5693=DIRECTION('',(0.,-1.,0.));
#5694=DIRECTION('',(1.,0.,0.));
#5695=DIRECTION('',(0.,-1.,0.));
#5696=DIRECTION('',(1.,0.,0.));
#5697=DIRECTION('',(0.,-1.,0.));
#5698=DIRECTION('',(0.,0.,-1.));
#5699=DIRECTION('',(0.,-1.,0.));
#5700=DIRECTION('',(1.,0.,0.));
#5701=DIRECTION('',(0.,-1.,0.));
#5702=DIRECTION('',(1.,0.,0.));
#5703=DIRECTION('',(0.,-1.,0.));
#5704=DIRECTION('',(1.,0.,0.));
#5705=DIRECTION('',(0.,-1.,0.));
#5706=DIRECTION('',(1.,0.,0.));
#5707=DIRECTION('',(0.,-1.,0.));
#5708=DIRECTION('',(1.,0.,0.));
#5709=DIRECTION('',(0.,-1.,0.));
#5710=DIRECTION('',(1.,0.,0.));
#5711=DIRECTION('',(0.,0.,1.));
#5712=DIRECTION('',(1.,0.,0.));
#5713=DIRECTION('',(0.,0.,1.));
#5714=DIRECTION('',(1.,0.,0.));
#5715=DIRECTION('',(0.,0.,1.));
#5716=DIRECTION('',(1.,0.,0.));
#5717=DIRECTION('',(0.,0.,1.));
#5718=DIRECTION('',(1.,0.,0.));
#5719=DIRECTION('',(0.,0.,1.));
#5720=DIRECTION('',(1.,0.,0.));
#5721=DIRECTION('',(0.,-1.,0.));
#5722=DIRECTION('',(1.,0.,0.));
#5723=DIRECTION('',(0.,-1.,0.));
#5724=DIRECTION('',(1.,0.,0.));
#5725=DIRECTION('',(-1.96889945489316E-16,-1.,0.));
#5726=DIRECTION('',(1.,0.,0.));
#5727=DIRECTION('',(-1.96889945489316E-16,-1.,0.));
#5728=DIRECTION('',(1.,0.,0.));
#5729=DIRECTION('',(1.96889945489316E-16,1.,0.));
#5730=DIRECTION('',(-1.,1.96889945489316E-16,0.));
#5731=DIRECTION('',(-1.96889945489316E-16,-1.,0.));
#5732=DIRECTION('',(1.96889945489316E-16,1.,0.));
#5733=DIRECTION('',(-1.,1.96889945489316E-16,0.));
#5734=DIRECTION('',(-1.96889945489316E-16,-1.,0.));
#5735=DIRECTION('',(1.,-1.96889945489316E-16,0.));
#5736=DIRECTION('',(-1.96889945489316E-16,-1.,0.));
#5737=DIRECTION('',(-1.96889945489316E-16,-1.,0.));
#5738=DIRECTION('',(1.,-1.96889945489316E-16,0.));
#5739=DIRECTION('',(0.,0.,1.));
#5740=DIRECTION('',(1.,0.,0.));
#5741=DIRECTION('',(-1.96889945489316E-16,-1.,0.));
#5742=DIRECTION('',(0.707106781186547,-0.707106781186548,0.));
#5743=DIRECTION('',(1.,0.,0.));
#5744=DIRECTION('',(0.,0.,1.));
#5745=DIRECTION('',(1.,0.,0.));
#5746=DIRECTION('',(1.,0.,0.));
#5747=DIRECTION('',(1.,-1.96889945489316E-16,0.));
#5748=DIRECTION('',(1.96889945489316E-16,1.,0.));
#5749=DIRECTION('',(0.,0.,1.));
#5750=DIRECTION('',(1.96889945489316E-16,1.,0.));
#5751=DIRECTION('',(1.77389058829853E-16,0.900955396117365,0.433911712456581));
#5752=DIRECTION('',(-5.32115257910773E-31,-2.70260249495395E-15,1.));
#5753=DIRECTION('',(-1.77389105976593E-16,-0.900955635574692,0.433911215257458));
#5754=DIRECTION('',(-1.96889945489316E-16,-1.,0.));
#5755=DIRECTION('',(1.,-1.96889945489316E-16,0.));
#5756=DIRECTION('',(1.96889945489316E-16,1.,0.));
#5757=DIRECTION('',(-1.96889945489316E-16,-1.,0.));
#5758=DIRECTION('',(1.,-1.96889945489316E-16,0.));
#5759=DIRECTION('',(1.96889945489316E-16,1.,0.));
#5760=DIRECTION('',(1.,-1.96889945489316E-16,0.));
#5761=DIRECTION('',(1.96889945489316E-16,1.,0.));
#5762=DIRECTION('',(1.,-1.96889945489316E-16,0.));
#5763=DIRECTION('',(1.96889945489316E-16,1.,0.));
#5764=DIRECTION('',(1.,-1.96889945489316E-16,0.));
#5765=DIRECTION('',(1.96889945489316E-16,1.,0.));
#5766=DIRECTION('',(1.,-1.96889945489316E-16,0.));
#5767=DIRECTION('',(1.96889945489316E-16,1.,0.));
#5768=DIRECTION('',(1.,-1.96889945489316E-16,0.));
#5769=DIRECTION('',(1.96889945489316E-16,1.,0.));
#5770=DIRECTION('',(1.,-1.96889945489316E-16,0.));
#5771=DIRECTION('',(1.96889945489316E-16,1.,0.));
#5772=DIRECTION('',(0.,0.,1.));
#5773=DIRECTION('',(1.,0.,0.));
#5774=DIRECTION('',(0.707106781186548,0.707106781186547,0.));
#5775=DIRECTION('',(1.96889945489316E-16,1.,0.));
#5776=DIRECTION('',(1.,0.,0.));
#5777=DIRECTION('',(0.,0.,1.));
#5778=DIRECTION('',(1.,0.,0.));
#5779=DIRECTION('',(1.,0.,0.));
#5780=DIRECTION('',(1.,-1.96889945489316E-16,0.));
#5781=DIRECTION('',(1.96889945489316E-16,1.,0.));
#5782=DIRECTION('',(-1.96889945489316E-16,-1.,0.));
#5783=DIRECTION('',(0.,0.,-1.));
#5784=DIRECTION('',(1.96889945489316E-16,1.,0.));
#5785=DIRECTION('',(1.,-1.96889945489316E-16,0.));
#5786=DIRECTION('',(1.96889945489316E-16,1.,0.));
#5787=DIRECTION('',(1.96889945489316E-16,1.,0.));
#5788=DIRECTION('',(-1.77389105976593E-16,-0.900955635574692,0.433911215257458));
#5789=DIRECTION('',(-5.32115257910773E-31,-2.70260249495395E-15,1.));
#5790=DIRECTION('',(1.77389058829853E-16,0.900955396117365,0.433911712456581));
#5791=DIRECTION('',(1.,-1.96889945489316E-16,0.));
#5792=DIRECTION('',(1.96889945489316E-16,1.,0.));
#5793=DIRECTION('',(-1.,0.,0.));
#5794=DIRECTION('',(0.,0.,1.));
#5795=DIRECTION('',(1.,-1.96889945489316E-16,0.));
#5796=DIRECTION('',(1.96889945489316E-16,1.,0.));
#5797=DIRECTION('',(1.,-1.96889945489316E-16,0.));
#5798=DIRECTION('',(1.96889945489316E-16,1.,0.));
#5799=DIRECTION('',(-1.,0.,0.));
#5800=DIRECTION('',(0.,0.,1.));
#5801=DIRECTION('',(1.,-1.96889945489316E-16,0.));
#5802=DIRECTION('',(1.96889945489316E-16,1.,0.));
#5803=DIRECTION('',(1.,-1.96889945489316E-16,0.));
#5804=DIRECTION('',(1.96889945489316E-16,1.,0.));
#5805=DIRECTION('',(-1.,0.,0.));
#5806=DIRECTION('',(0.,0.,1.));
#5807=DIRECTION('',(1.,-1.96889945489316E-16,0.));
#5808=DIRECTION('',(1.96889945489316E-16,1.,0.));
#5809=DIRECTION('',(-1.,1.96889945489316E-16,0.));
#5810=DIRECTION('',(-1.96889945489316E-16,-1.,0.));
#5811=DIRECTION('',(-1.,0.,0.));
#5812=DIRECTION('',(0.,0.,1.));
#5813=DIRECTION('',(-1.,1.96889945489316E-16,0.));
#5814=DIRECTION('',(-1.96889945489316E-16,-1.,0.));
#5815=DIRECTION('',(-1.,1.96889945489316E-16,0.));
#5816=DIRECTION('',(-1.96889945489316E-16,-1.,0.));
#5817=DIRECTION('',(-1.,0.,0.));
#5818=DIRECTION('',(0.,0.,1.));
#5819=DIRECTION('',(-1.,1.96889945489316E-16,0.));
#5820=DIRECTION('',(-1.96889945489316E-16,-1.,0.));
#5821=DIRECTION('',(-1.,1.96889945489316E-16,0.));
#5822=DIRECTION('',(-1.96889945489316E-16,-1.,0.));
#5823=DIRECTION('',(-1.,0.,0.));
#5824=DIRECTION('',(0.,0.,1.));
#5825=DIRECTION('',(-1.,1.96889945489316E-16,0.));
#5826=DIRECTION('',(-1.96889945489316E-16,-1.,0.));
#5827=DIRECTION('',(1.,0.,0.));
#5828=DIRECTION('',(0.,0.,-1.));
#5829=DIRECTION('',(0.,1.,0.));
#5830=DIRECTION('',(0.,0.,1.));
#5831=DIRECTION('',(0.,1.,0.));
#5832=DIRECTION('',(0.,0.707106781186548,0.707106781186548));
#5833=DIRECTION('',(0.,1.,0.));
#5834=DIRECTION('',(0.,0.,1.));
#5835=DIRECTION('',(0.,1.,0.));
#5836=DIRECTION('',(0.,-1.,0.));
#5837=DIRECTION('',(0.,0.,-1.));
#5838=DIRECTION('',(0.,0.,1.));
#5839=DIRECTION('',(1.,0.,0.));
#5840=DIRECTION('',(0.,0.,1.));
#5841=DIRECTION('',(1.,0.,-8.39856415195073E-17));
#5842=DIRECTION('',(0.,0.,1.));
#5843=DIRECTION('',(1.,0.,-1.25978462279261E-16));
#5844=DIRECTION('',(-1.,0.,0.));
#5845=DIRECTION('',(0.,0.,1.));
#5846=DIRECTION('',(1.,0.,0.));
#5847=DIRECTION('',(0.,0.,-1.));
#5848=DIRECTION('',(1.,0.,0.));
#5849=DIRECTION('',(0.,0.,-1.));
#5850=DIRECTION('',(1.,0.,0.));
#5851=DIRECTION('',(0.,0.,-1.));
#5852=DIRECTION('',(1.,0.,0.));
#5853=DIRECTION('',(0.,0.,-1.));
#5854=DIRECTION('',(1.,0.,0.));
#5855=DIRECTION('',(0.,0.,-1.));
#5856=DIRECTION('',(1.,0.,0.));
#5857=DIRECTION('',(0.,0.,-1.));
#5858=DIRECTION('',(1.,0.,0.));
#5859=DIRECTION('',(0.,0.,-1.));
#5860=DIRECTION('',(0.,0.,1.));
#5861=DIRECTION('',(0.,-1.,0.));
#5862=DIRECTION('',(0.,-1.,0.));
#5863=DIRECTION('',(0.,0.,-1.));
#5864=DIRECTION('',(0.,0.,1.));
#5865=DIRECTION('',(1.,0.,0.));
#5866=DIRECTION('',(-1.,0.,0.));
#5867=DIRECTION('',(0.,0.,1.));
#5868=DIRECTION('',(0.,-1.,0.));
#5869=DIRECTION('',(0.,0.,1.));
#5870=DIRECTION('',(1.,0.,0.));
#5871=DIRECTION('',(-8.39856415195073E-17,0.,-1.));
#5872=DIRECTION('',(-1.,0.,8.39856415195073E-17));
#5873=DIRECTION('',(1.,0.,-8.39856415195073E-17));
#5874=DIRECTION('',(0.,1.,0.));
#5875=DIRECTION('',(1.,0.,0.));
#5876=DIRECTION('',(0.,0.,-1.));
#5877=DIRECTION('',(0.,0.,1.));
#5878=DIRECTION('',(0.,1.,0.));
#5879=DIRECTION('',(0.,1.,0.));
#5880=DIRECTION('',(0.,-0.707106781186548,-0.707106781186548));
#5881=DIRECTION('',(0.,1.,0.));
#5882=DIRECTION('',(-1.25978462279261E-16,0.,-1.));
#5883=DIRECTION('',(-1.,0.,1.25978462279261E-16));
#5884=DIRECTION('',(1.,0.,0.));
#5885=DIRECTION('',(0.,0.,-1.));
#5886=DIRECTION('',(1.,0.,0.));
#5887=DIRECTION('',(0.,0.,-1.));
#5888=DIRECTION('',(1.,0.,0.));
#5889=DIRECTION('',(0.,0.,-1.));
#5890=DIRECTION('',(1.,0.,0.));
#5891=DIRECTION('',(0.,0.,-1.));
#5892=DIRECTION('',(1.,0.,0.));
#5893=DIRECTION('',(0.,0.,-1.));
#5894=DIRECTION('',(1.,0.,0.));
#5895=DIRECTION('',(0.,0.,-1.));
#5896=DIRECTION('',(1.,0.,0.));
#5897=DIRECTION('',(0.,0.,-1.));
#5898=DIRECTION('',(1.,0.,0.));
#5899=DIRECTION('',(0.,0.,-1.));
#5900=DIRECTION('',(1.,0.,0.));
#5901=DIRECTION('',(0.,0.,-1.));
#5902=DIRECTION('',(1.,0.,0.));
#5903=DIRECTION('',(0.,0.,-1.));
#5904=DIRECTION('',(0.,0.,1.));
#5905=DIRECTION('',(1.,0.,0.));
#5906=DIRECTION('',(0.,0.,1.));
#5907=DIRECTION('',(1.,0.,0.));
#5908=DIRECTION('',(0.,1.,0.));
#5909=DIRECTION('',(0.,0.,1.));
#5910=DIRECTION('',(0.,-1.,0.));
#5911=DIRECTION('',(0.,0.,1.));
#5912=DIRECTION('',(0.,1.,0.));
#5913=DIRECTION('',(-1.,0.,0.));
#5914=DIRECTION('',(0.,1.,0.));
#5915=DIRECTION('',(0.,0.,1.));
#5916=DIRECTION('',(0.,1.,0.));
#5917=DIRECTION('',(0.,0.,1.));
#5918=DIRECTION('',(0.,1.,0.));
#5919=DIRECTION('',(0.,0.,1.));
#5920=DIRECTION('',(0.,1.,0.));
#5921=DIRECTION('',(-1.,0.,0.));
#5922=DIRECTION('',(0.,1.,0.));
#5923=DIRECTION('',(0.,0.,1.));
#5924=DIRECTION('',(0.,1.,0.));
#5925=DIRECTION('',(0.,0.,1.));
#5926=DIRECTION('',(0.,1.,0.));
#5927=DIRECTION('',(0.,0.,1.));
#5928=DIRECTION('',(0.,0.,1.));
#5929=DIRECTION('',(1.,0.,0.));
#5930=DIRECTION('',(0.,0.,1.));
#5931=DIRECTION('',(1.,0.,0.));
#5932=DIRECTION('',(0.,0.,1.));
#5933=DIRECTION('',(1.,0.,0.));
#5934=DIRECTION('',(0.,0.,1.));
#5935=DIRECTION('',(1.,0.,0.));
#5936=DIRECTION('',(0.,0.,1.));
#5937=DIRECTION('',(1.,0.,0.));
#5938=DIRECTION('',(0.,0.,1.));
#5939=DIRECTION('',(1.,0.,0.));
#5940=DIRECTION('',(0.,0.,1.));
#5941=DIRECTION('',(1.,0.,0.));
#5942=DIRECTION('',(0.,0.,1.));
#5943=DIRECTION('',(1.,0.,0.));
#5944=DIRECTION('',(0.,0.,1.));
#5945=DIRECTION('',(1.,0.,0.));
#5946=DIRECTION('',(0.,0.,1.));
#5947=DIRECTION('',(1.,0.,0.));
#5948=DIRECTION('',(0.,0.,1.));
#5949=DIRECTION('',(1.,0.,0.));
#5950=DIRECTION('',(0.,0.,1.));
#5951=DIRECTION('',(1.,0.,0.));
#5952=DIRECTION('',(-1.,1.96889945489316E-16,0.));
#5953=DIRECTION('',(-1.96889945489316E-16,-1.,0.));
#5954=DIRECTION('',(-1.,1.96889945489316E-16,0.));
#5955=DIRECTION('',(-1.96889945489316E-16,-1.,0.));
#5956=DIRECTION('',(0.707106781186548,-1.39222215602945E-16,0.707106781186548));
#5957=DIRECTION('',(-0.707106781186548,1.39222215602945E-16,0.707106781186548));
#5958=DIRECTION('',(-1.,1.96889945489316E-16,0.));
#5959=DIRECTION('',(-1.96889945489316E-16,-1.,0.));
#5960=DIRECTION('',(1.,-1.96889945489316E-16,0.));
#5961=DIRECTION('',(1.96889945489316E-16,1.,0.));
#5962=DIRECTION('',(0.707106781186548,-1.39222215602945E-16,-0.707106781186548));
#5963=DIRECTION('',(0.707106781186548,-1.39222215602945E-16,0.707106781186548));
#5964=DIRECTION('',(1.,-1.96889945489316E-16,0.));
#5965=DIRECTION('',(1.96889945489316E-16,1.,0.));
#5966=DIRECTION('',(1.,-1.96889945489316E-16,0.));
#5967=DIRECTION('',(1.96889945489316E-16,1.,0.));
#5968=DIRECTION('',(1.,0.,0.));
#5969=DIRECTION('',(0.,0.,-1.));
#5970=DIRECTION('',(0.5,-0.5,-0.707106781186546));
#5971=DIRECTION('',(0.866025403784438,0.288675134594814,0.408248290463863));
#5972=DIRECTION('',(0.5,0.5,0.707106781186549));
#5973=DIRECTION('',(0.866025403784439,-0.288675134594811,-0.408248290463863));
#5974=DIRECTION('',(0.707106781186548,-1.39222215602945E-16,0.707106781186548));
#5975=DIRECTION('',(-1.96889945489316E-16,-1.,0.));
#5976=DIRECTION('',(0.577350269189626,0.577350269189626,-0.577350269189626));
#5977=DIRECTION('',(0.577350269189626,-0.577350269189626,-0.577350269189626));
#5978=DIRECTION('',(-0.577350269189626,0.577350269189625,0.577350269189626));
#5979=DIRECTION('',(0.,-0.707106781186548,-0.707106781186548));
#5980=DIRECTION('',(-1.,0.,0.));
#5981=DIRECTION('',(0.577350269189626,-0.577350269189626,0.577350269189626));
#5982=DIRECTION('',(0.577350269189626,0.577350269189626,-0.577350269189626));
#5983=DIRECTION('',(-0.577350269189625,0.577350269189626,-0.577350269189626));
#5984=DIRECTION('',(0.707106781186548,-1.39222215602945E-16,-0.707106781186548));
#5985=DIRECTION('',(1.96889945489316E-16,1.,0.));
#5986=DIRECTION('',(0.577350269189626,0.577350269189625,0.577350269189626));
#5987=DIRECTION('',(0.577350269189626,0.577350269189625,0.577350269189626));
#5988=DIRECTION('',(0.,0.707106781186548,-0.707106781186547));
#5989=DIRECTION('',(-1.,0.,0.));
#5990=DIRECTION('',(5.93868166407461E-17,-0.707106781186548,0.707106781186548));
#5991=DIRECTION('',(-1.,0.,8.39856415195073E-17));
#5992=DIRECTION('',(-0.707106781186548,-0.707106781186547,0.));
#5993=DIRECTION('',(0.,0.,1.));
#5994=DIRECTION('',(-0.707106781186547,0.707106781186548,0.));
#5995=DIRECTION('',(-0.707106781186547,0.707106781186548,0.));
#5996=DIRECTION('',(0.,0.,-1.));
#5997=DIRECTION('',(0.707106781186548,0.707106781186547,0.));
#5998=DIRECTION('',(0.,-1.,0.));
#5999=DIRECTION('',(-0.987976455969822,0.,-0.154604406306259));
#6000=DIRECTION('',(0.,-1.,0.));
#6001=DIRECTION('',(0.,-1.,0.));
#6002=DIRECTION('',(0.,0.,-1.));
#6003=DIRECTION('',(0.,-1.,0.));
#6004=DIRECTION('',(0.,-1.,0.));
#6005=DIRECTION('',(0.,0.,-1.));
#6006=DIRECTION('',(0.,-1.,0.));
#6007=DIRECTION('',(0.,-1.,0.));
#6008=DIRECTION('',(0.,-1.,0.));
#6009=DIRECTION('',(0.,-1.,0.));
#6010=DIRECTION('',(-0.885760275334893,0.,-0.464143010976849));
#6011=DIRECTION('',(0.,-1.,0.));
#6012=DIRECTION('',(0.,0.,-1.));
#6013=DIRECTION('',(0.,-1.,0.));
#6014=DIRECTION('',(0.,-1.,0.));
#6015=DIRECTION('',(0.,0.,-1.));
#6016=DIRECTION('',(0.,-1.,0.));
#6017=DIRECTION('',(0.,-1.,0.));
#6018=DIRECTION('',(0.,-1.,0.));
#6019=DIRECTION('',(0.,-1.,0.));
#6020=DIRECTION('',(0.,-1.,0.));
#6021=DIRECTION('',(0.,-1.,0.));
#6022=DIRECTION('',(0.,-1.,0.));
#6023=DIRECTION('',(0.,-1.,0.));
#6024=DIRECTION('',(0.,-1.,0.));
#6025=DIRECTION('',(0.,-1.,0.));
#6026=DIRECTION('',(0.,-1.,0.));
#6027=DIRECTION('',(-0.993189432548096,0.,0.116510733732095));
#6028=DIRECTION('',(0.,-1.,0.));
#6029=DIRECTION('',(0.,0.,-1.));
#6030=DIRECTION('',(0.,-1.,0.));
#6031=DIRECTION('',(0.,-1.,0.));
#6032=DIRECTION('',(0.,0.,-1.));
#6033=DIRECTION('',(0.,-1.,0.));
#6034=DIRECTION('',(0.,-1.,0.));
#6035=DIRECTION('',(0.,-1.,0.));
#6036=DIRECTION('',(0.,-1.,0.));
#6037=DIRECTION('',(0.,-1.,0.));
#6038=DIRECTION('',(1.,0.,0.));
#6039=DIRECTION('',(0.,-1.,0.));
#6040=DIRECTION('',(0.,0.,-1.));
#6041=DIRECTION('',(0.,-1.,0.));
#6042=DIRECTION('',(0.,0.,-1.));
#6043=DIRECTION('',(0.,-1.,0.));
#6044=DIRECTION('',(0.,0.,-1.));
#6045=DIRECTION('',(0.,-1.,0.));
#6046=DIRECTION('',(0.,0.,-1.));
#6047=DIRECTION('',(0.,-1.,0.));
#6048=DIRECTION('',(0.,0.,-1.));
#6049=DIRECTION('',(0.,-1.,0.));
#6050=DIRECTION('',(1.,0.,0.));
#6051=DIRECTION('',(0.,-1.,0.));
#6052=DIRECTION('',(0.,0.,-1.));
#6053=DIRECTION('',(0.,-1.,0.));
#6054=DIRECTION('',(0.,0.,-1.));
#6055=DIRECTION('',(0.,-1.,0.));
#6056=DIRECTION('',(-0.91362108114556,0.,0.406566747393854));
#6057=DIRECTION('',(0.,-1.,0.));
#6058=DIRECTION('',(0.,0.,-1.));
#6059=DIRECTION('',(0.,-1.,0.));
#6060=DIRECTION('',(0.,-1.,0.));
#6061=DIRECTION('',(0.,0.,-1.));
#6062=DIRECTION('',(0.,-1.,0.));
#6063=DIRECTION('',(0.,-1.,0.));
#6064=DIRECTION('',(-0.919827384806746,0.,0.392323313301136));
#6065=DIRECTION('',(0.,-1.,0.));
#6066=DIRECTION('',(0.,0.,-1.));
#6067=DIRECTION('',(0.,-1.,0.));
#6068=DIRECTION('',(0.,-1.,0.));
#6069=DIRECTION('',(0.,0.,-1.));
#6070=DIRECTION('',(0.,-1.,0.));
#6071=DIRECTION('',(0.,-1.,0.));
#6072=DIRECTION('',(0.,-1.,0.));
#6073=DIRECTION('',(0.,-1.,0.));
#6074=DIRECTION('',(0.,-1.,0.));
#6075=DIRECTION('',(-0.993207778687774,0.,0.116354236511169));
#6076=DIRECTION('',(0.,-1.,0.));
#6077=DIRECTION('',(0.,0.,-1.));
#6078=DIRECTION('',(0.,-1.,0.));
#6079=DIRECTION('',(0.,-1.,0.));
#6080=DIRECTION('',(0.,0.,-1.));
#6081=DIRECTION('',(0.,-1.,0.));
#6082=DIRECTION('',(0.,-1.,0.));
#6083=DIRECTION('',(0.,-1.,0.));
#6084=DIRECTION('',(0.,-1.,0.));
#6085=DIRECTION('',(-0.992671977833961,0.,-0.120840160638806));
#6086=DIRECTION('',(0.,-1.,0.));
#6087=DIRECTION('',(0.,0.,-1.));
#6088=DIRECTION('',(0.,-1.,0.));
#6089=DIRECTION('',(0.,-1.,0.));
#6090=DIRECTION('',(0.,0.,-1.));
#6091=DIRECTION('',(0.,-1.,0.));
#6092=DIRECTION('',(0.,-1.,0.));
#6093=DIRECTION('',(0.,-1.,0.));
#6094=DIRECTION('',(0.,-1.,0.));
#6095=DIRECTION('',(-0.941627999621117,0.,-0.336655180161444));
#6096=DIRECTION('',(0.,-1.,0.));
#6097=DIRECTION('',(0.,0.,-1.));
#6098=DIRECTION('',(0.,-1.,0.));
#6099=DIRECTION('',(0.,-1.,0.));
#6100=DIRECTION('',(0.,0.,-1.));
#6101=DIRECTION('',(0.,-1.,0.));
#6102=DIRECTION('',(0.,-1.,0.));
#6103=DIRECTION('',(0.,-1.,0.));
#6104=DIRECTION('',(0.,-1.,0.));
#6105=DIRECTION('',(0.,-1.,0.));
#6106=DIRECTION('',(-0.925526103166581,0.,-0.378683815811137));
#6107=DIRECTION('',(0.,-1.,0.));
#6108=DIRECTION('',(0.,0.,-1.));
#6109=DIRECTION('',(0.,-1.,0.));
#6110=DIRECTION('',(0.,-1.,0.));
#6111=DIRECTION('',(0.,0.,-1.));
#6112=DIRECTION('',(0.,-1.,0.));
#6113=DIRECTION('',(0.,-1.,0.));
#6114=DIRECTION('',(0.,-1.,0.));
#6115=DIRECTION('',(0.,-1.,0.));
#6116=DIRECTION('',(-0.992022480421429,0.,-0.126061089708582));
#6117=DIRECTION('',(0.,-1.,0.));
#6118=DIRECTION('',(0.,0.,-1.));
#6119=DIRECTION('',(0.,-1.,0.));
#6120=DIRECTION('',(0.,-1.,0.));
#6121=DIRECTION('',(0.,0.,-1.));
#6122=DIRECTION('',(0.,-1.,0.));
#6123=DIRECTION('',(0.,-1.,0.));
#6124=DIRECTION('',(0.,-1.,0.));
#6125=DIRECTION('',(0.,-1.,0.));
#6126=DIRECTION('',(0.,-1.,0.));
#6127=DIRECTION('',(0.,-1.,0.));
#6128=DIRECTION('',(0.,-1.,0.));
#6129=DIRECTION('',(0.,-1.,0.));
#6130=DIRECTION('',(0.,-1.,0.));
#6131=DIRECTION('',(1.,0.,0.));
#6132=DIRECTION('',(0.992162454783856,0.,-0.124954645040801));
#6133=DIRECTION('',(0.,-1.,0.));
#6134=DIRECTION('',(0.,0.,-1.));
#6135=DIRECTION('',(0.,-1.,0.));
#6136=DIRECTION('',(0.,0.,-1.));
#6137=DIRECTION('',(0.,-1.,0.));
#6138=DIRECTION('',(0.,0.,-1.));
#6139=DIRECTION('',(0.,-1.,0.));
#6140=DIRECTION('',(0.,0.,-1.));
#6141=DIRECTION('',(0.,-1.,0.));
#6142=DIRECTION('',(0.,0.,-1.));
#6143=DIRECTION('',(0.,-1.,0.));
#6144=DIRECTION('',(0.,-1.,0.));
#6145=DIRECTION('',(0.,-1.,0.));
#6146=DIRECTION('',(0.,-1.,0.));
#6147=DIRECTION('',(-0.941725116560316,0.,0.336383419388442));
#6148=DIRECTION('',(0.,-1.,0.));
#6149=DIRECTION('',(0.,0.,-1.));
#6150=DIRECTION('',(0.,-1.,0.));
#6151=DIRECTION('',(0.,-1.,0.));
#6152=DIRECTION('',(0.,0.,-1.));
#6153=DIRECTION('',(0.,-1.,0.));
#6154=DIRECTION('',(0.,-1.,0.));
#6155=DIRECTION('',(0.,-1.,0.));
#6156=DIRECTION('',(0.,-1.,0.));
#6157=DIRECTION('',(-0.995325978129755,0.,0.0965722385577082));
#6158=DIRECTION('',(0.,-1.,0.));
#6159=DIRECTION('',(0.,0.,-1.));
#6160=DIRECTION('',(0.,-1.,0.));
#6161=DIRECTION('',(0.,-1.,0.));
#6162=DIRECTION('',(0.,0.,-1.));
#6163=DIRECTION('',(0.,-1.,0.));
#6164=DIRECTION('',(0.,-1.,0.));
#6165=DIRECTION('',(0.,-1.,0.));
#6166=DIRECTION('',(0.,-1.,0.));
#6167=DIRECTION('',(0.,-1.,0.));
#6168=DIRECTION('',(0.,-1.,0.));
#6169=DIRECTION('',(0.,-1.,0.));
#6170=DIRECTION('',(0.,-1.,0.));
#6171=DIRECTION('',(0.,-1.,0.));
#6172=DIRECTION('',(0.,-1.,0.));
#6173=DIRECTION('',(0.,-1.,0.));
#6174=DIRECTION('',(0.,-1.,0.));
#6175=DIRECTION('',(0.,-1.,0.));
#6176=DIRECTION('',(-0.934666317793836,0.,-0.355526193664705));
#6177=DIRECTION('',(0.,-1.,0.));
#6178=DIRECTION('',(0.,0.,-1.));
#6179=DIRECTION('',(0.,-1.,0.));
#6180=DIRECTION('',(0.,-1.,0.));
#6181=DIRECTION('',(0.,0.,-1.));
#6182=DIRECTION('',(0.,-1.,0.));
#6183=DIRECTION('',(0.,-1.,0.));
#6184=DIRECTION('',(0.,-1.,0.));
#6185=DIRECTION('',(0.,-1.,0.));
#6186=DIRECTION('',(-0.994935341488598,0.,-0.100516994866372));
#6187=DIRECTION('',(0.,-1.,0.));
#6188=DIRECTION('',(0.,0.,-1.));
#6189=DIRECTION('',(0.,-1.,0.));
#6190=DIRECTION('',(0.,-1.,0.));
#6191=DIRECTION('',(0.,0.,-1.));
#6192=DIRECTION('',(0.,-1.,0.));
#6193=DIRECTION('',(0.,-1.,0.));
#6194=DIRECTION('',(0.,-1.,0.));
#6195=DIRECTION('',(0.,-1.,0.));
#6196=DIRECTION('',(-0.995617890272385,0.,0.0935147933193711));
#6197=DIRECTION('',(0.,-1.,0.));
#6198=DIRECTION('',(0.,0.,-1.));
#6199=DIRECTION('',(0.,-1.,0.));
#6200=DIRECTION('',(0.,-1.,0.));
#6201=DIRECTION('',(0.,0.,-1.));
#6202=DIRECTION('',(0.,-1.,0.));
#6203=DIRECTION('',(0.,-1.,0.));
#6204=DIRECTION('',(0.,-1.,0.));
#6205=DIRECTION('',(0.,-1.,0.));
#6206=DIRECTION('',(-0.942716876932354,0.,0.333593899744747));
#6207=DIRECTION('',(0.,-1.,0.));
#6208=DIRECTION('',(0.,0.,-1.));
#6209=DIRECTION('',(0.,-1.,0.));
#6210=DIRECTION('',(0.,-1.,0.));
#6211=DIRECTION('',(0.,0.,-1.));
#6212=DIRECTION('',(0.,-1.,0.));
#6213=DIRECTION('',(0.,-1.,0.));
#6214=DIRECTION('',(1.,0.,0.));
#6215=DIRECTION('',(0.,-1.,0.));
#6216=DIRECTION('',(0.,0.,-1.));
#6217=DIRECTION('',(0.,-1.,0.));
#6218=DIRECTION('',(0.,0.,-1.));
#6219=DIRECTION('',(0.,-1.,0.));
#6220=DIRECTION('',(0.,0.,-1.));
#6221=DIRECTION('',(0.,-1.,0.));
#6222=DIRECTION('',(0.,0.,-1.));
#6223=DIRECTION('',(0.,-1.,0.));
#6224=DIRECTION('',(0.,0.,-1.));
#6225=DIRECTION('',(0.,-1.,0.));
#6226=DIRECTION('',(1.,0.,0.));
#6227=DIRECTION('',(0.,-1.,0.));
#6228=DIRECTION('',(0.,0.,-1.));
#6229=DIRECTION('',(0.,-1.,0.));
#6230=DIRECTION('',(0.,0.,-1.));
#6231=DIRECTION('',(0.,-1.,0.));
#6232=DIRECTION('',(1.,0.,0.));
#6233=DIRECTION('',(0.,-1.,0.));
#6234=DIRECTION('',(0.,0.,-1.));
#6235=DIRECTION('',(0.,-1.,0.));
#6236=DIRECTION('',(0.,0.,-1.));
#6237=DIRECTION('',(0.,-1.,0.));
#6238=DIRECTION('',(1.,0.,0.));
#6239=DIRECTION('',(0.,-1.,0.));
#6240=DIRECTION('',(0.,0.,-1.));
#6241=DIRECTION('',(0.,-1.,0.));
#6242=DIRECTION('',(0.,0.,-1.));
#6243=DIRECTION('',(0.,-1.,0.));
#6244=DIRECTION('',(1.,0.,0.));
#6245=DIRECTION('',(0.,-1.,0.));
#6246=DIRECTION('',(0.,0.,-1.));
#6247=DIRECTION('',(0.,-1.,0.));
#6248=DIRECTION('',(0.,0.,-1.));
#6249=DIRECTION('',(0.,-1.,0.));
#6250=DIRECTION('',(1.,0.,0.));
#6251=DIRECTION('',(0.,-1.,0.));
#6252=DIRECTION('',(0.,0.,-1.));
#6253=DIRECTION('',(0.,-1.,0.));
#6254=DIRECTION('',(0.,0.,-1.));
#6255=DIRECTION('',(0.,-1.,0.));
#6256=DIRECTION('',(1.,0.,0.));
#6257=DIRECTION('',(0.,-1.,0.));
#6258=DIRECTION('',(0.,0.,-1.));
#6259=DIRECTION('',(0.,-1.,0.));
#6260=DIRECTION('',(0.,0.,-1.));
#6261=DIRECTION('',(0.,-1.,0.));
#6262=DIRECTION('',(1.,0.,0.));
#6263=DIRECTION('',(0.,-1.,0.));
#6264=DIRECTION('',(0.,0.,-1.));
#6265=DIRECTION('',(0.,-1.,0.));
#6266=DIRECTION('',(0.,0.,-1.));
#6267=DIRECTION('',(0.,-1.,0.));
#6268=DIRECTION('',(0.,-1.,0.));
#6269=DIRECTION('',(0.,-1.,0.));
#6270=DIRECTION('',(0.,-1.,0.));
#6271=DIRECTION('',(0.,-1.,0.));
#6272=DIRECTION('',(-0.90762536420306,0.,-0.419781131371173));
#6273=DIRECTION('',(0.,-1.,0.));
#6274=DIRECTION('',(0.,0.,-1.));
#6275=DIRECTION('',(0.,-1.,0.));
#6276=DIRECTION('',(0.,-1.,0.));
#6277=DIRECTION('',(0.,0.,-1.));
#6278=DIRECTION('',(0.,-1.,0.));
#6279=DIRECTION('',(0.,-1.,0.));
#6280=DIRECTION('',(0.,-1.,0.));
#6281=DIRECTION('',(0.,-1.,0.));
#6282=DIRECTION('',(0.,-1.,0.));
#6283=DIRECTION('',(-0.993524809740943,0.,-0.113615370567639));
#6284=DIRECTION('',(0.,-1.,0.));
#6285=DIRECTION('',(0.,0.,-1.));
#6286=DIRECTION('',(0.,-1.,0.));
#6287=DIRECTION('',(0.,-1.,0.));
#6288=DIRECTION('',(0.,0.,-1.));
#6289=DIRECTION('',(0.,-1.,0.));
#6290=DIRECTION('',(0.,-1.,0.));
#6291=DIRECTION('',(0.,-1.,0.));
#6292=DIRECTION('',(0.,-1.,0.));
#6293=DIRECTION('',(-0.99482958720982,0.,0.101558320249695));
#6294=DIRECTION('',(0.,-1.,0.));
#6295=DIRECTION('',(0.,0.,-1.));
#6296=DIRECTION('',(0.,-1.,0.));
#6297=DIRECTION('',(0.,-1.,0.));
#6298=DIRECTION('',(0.,0.,-1.));
#6299=DIRECTION('',(0.,-1.,0.));
#6300=DIRECTION('',(0.,-1.,0.));
#6301=DIRECTION('',(0.,-1.,0.));
#6302=DIRECTION('',(0.,-1.,0.));
#6303=DIRECTION('',(-0.883298511659608,0.,0.468810984619518));
#6304=DIRECTION('',(0.,-1.,0.));
#6305=DIRECTION('',(0.,0.,-1.));
#6306=DIRECTION('',(0.,-1.,0.));
#6307=DIRECTION('',(0.,-1.,0.));
#6308=DIRECTION('',(0.,0.,-1.));
#6309=DIRECTION('',(0.,-1.,0.));
#6310=DIRECTION('',(0.,-1.,0.));
#6311=DIRECTION('',(1.,0.,0.));
#6312=DIRECTION('',(0.,-1.,0.));
#6313=DIRECTION('',(0.,0.,-1.));
#6314=DIRECTION('',(0.,-1.,0.));
#6315=DIRECTION('',(0.,0.,-1.));
#6316=DIRECTION('',(0.,-1.,0.));
#6317=DIRECTION('',(0.,0.,-1.));
#6318=DIRECTION('',(0.,-1.,0.));
#6319=DIRECTION('',(0.,0.,-1.));
#6320=DIRECTION('',(0.,-1.,0.));
#6321=DIRECTION('',(0.,0.,-1.));
#6322=DIRECTION('',(0.,-1.,0.));
#6323=DIRECTION('',(1.,0.,0.));
#6324=DIRECTION('',(0.,-1.,0.));
#6325=DIRECTION('',(0.,0.,-1.));
#6326=DIRECTION('',(0.,-1.,0.));
#6327=DIRECTION('',(0.,0.,-1.));
#6328=DIRECTION('',(0.,-1.,0.));
#6329=DIRECTION('',(1.,0.,0.));
#6330=DIRECTION('',(0.,-1.,0.));
#6331=DIRECTION('',(0.,0.,-1.));
#6332=DIRECTION('',(0.,-1.,0.));
#6333=DIRECTION('',(0.,0.,-1.));
#6334=DIRECTION('',(0.,-1.,0.));
#6335=DIRECTION('',(1.,0.,0.));
#6336=DIRECTION('',(0.,-1.,0.));
#6337=DIRECTION('',(0.,0.,-1.));
#6338=DIRECTION('',(0.,-1.,0.));
#6339=DIRECTION('',(0.,0.,-1.));
#6340=DIRECTION('',(0.,-1.,0.));
#6341=DIRECTION('',(1.,0.,0.));
#6342=DIRECTION('',(0.,-1.,0.));
#6343=DIRECTION('',(0.,0.,-1.));
#6344=DIRECTION('',(0.,-1.,0.));
#6345=DIRECTION('',(0.,0.,-1.));
#6346=DIRECTION('',(0.,-1.,0.));
#6347=DIRECTION('',(1.,0.,0.));
#6348=DIRECTION('',(0.,-1.,0.));
#6349=DIRECTION('',(0.,0.,-1.));
#6350=DIRECTION('',(0.,-1.,0.));
#6351=DIRECTION('',(0.,0.,-1.));
#6352=DIRECTION('',(0.,-1.,0.));
#6353=DIRECTION('',(1.,0.,0.));
#6354=DIRECTION('',(0.,-1.,0.));
#6355=DIRECTION('',(0.,0.,-1.));
#6356=DIRECTION('',(0.,-1.,0.));
#6357=DIRECTION('',(0.,0.,-1.));
#6358=DIRECTION('',(0.,-1.,0.));
#6359=DIRECTION('',(1.,0.,0.));
#6360=DIRECTION('',(0.,-1.,0.));
#6361=DIRECTION('',(0.,0.,-1.));
#6362=DIRECTION('',(0.,-1.,0.));
#6363=DIRECTION('',(0.,0.,-1.));
#6364=DIRECTION('',(0.,-1.,0.));
#6365=DIRECTION('',(1.,0.,0.));
#6366=DIRECTION('',(0.0217572746816465,0.,-0.999763282481622));
#6367=DIRECTION('',(-0.0363391167771763,0.,-0.999339516176487));
#6368=DIRECTION('',(0.,0.,1.));
#6369=DIRECTION('',(0.,0.,1.));
#6370=DIRECTION('',(0.013387847678171,0.,-0.999910378751289));
#6371=DIRECTION('',(0.,0.,-1.));
#6372=DIRECTION('',(0.034789445410721,0.,-0.999394664028188));
#6373=DIRECTION('',(0.,0.,1.));
#6374=DIRECTION('',(0.,-1.,0.));
#6375=DIRECTION('',(0.,0.,-1.));
#6376=DIRECTION('',(0.0577280460553571,0.,-0.998332345814073));
#6377=DIRECTION('',(0.,0.,-1.));
#6378=DIRECTION('',(0.,-1.,0.));
#6379=DIRECTION('',(0.,0.,-1.));
#6380=DIRECTION('',(0.,0.,-1.));
#6381=DIRECTION('',(-0.0460024607213996,0.,-0.998941326408902));
#6382=DIRECTION('',(0.,-1.,0.));
#6383=DIRECTION('',(0.,0.,-1.));
#6384=DIRECTION('',(0.,0.,-1.));
#6385=DIRECTION('',(0.0293895352432531,0.,-0.999568034311915));
#6386=DIRECTION('',(0.0577280460553571,0.,-0.998332345814073));
#6387=DIRECTION('',(0.,-1.,0.));
#6388=DIRECTION('',(0.,0.,-1.));
#6389=DIRECTION('',(0.44942623033951,0.,0.89331744832552));
#6390=DIRECTION('',(0.,-1.,0.));
#6391=DIRECTION('',(1.,0.,0.));
#6392=DIRECTION('',(0.,-1.,0.));
#6393=DIRECTION('',(0.,0.,-1.));
#6394=DIRECTION('',(0.,-1.,0.));
#6395=DIRECTION('',(0.,0.,-1.));
#6396=DIRECTION('',(0.,-1.,0.));
#6397=DIRECTION('',(1.,0.,0.));
#6398=DIRECTION('',(0.,-1.,0.));
#6399=DIRECTION('',(0.,0.,-1.));
#6400=DIRECTION('',(0.,-1.,0.));
#6401=DIRECTION('',(0.,0.,-1.));
#6402=DIRECTION('',(0.,-1.,0.));
#6403=DIRECTION('',(1.,0.,0.));
#6404=DIRECTION('',(0.,-1.,0.));
#6405=DIRECTION('',(0.,0.,-1.));
#6406=DIRECTION('',(0.,-1.,0.));
#6407=DIRECTION('',(0.,0.,-1.));
#6408=DIRECTION('',(0.,-1.,0.));
#6409=DIRECTION('',(1.,0.,0.));
#6410=DIRECTION('',(0.,-1.,0.));
#6411=DIRECTION('',(0.,0.,-1.));
#6412=DIRECTION('',(0.,-1.,0.));
#6413=DIRECTION('',(0.,0.,-1.));
#6414=DIRECTION('',(0.,-1.,0.));
#6415=DIRECTION('',(0.,-1.,0.));
#6416=DIRECTION('',(0.,-1.,0.));
#6417=DIRECTION('',(0.,-1.,0.));
#6418=DIRECTION('',(0.89331744832552,0.,-0.44942623033951));
#6419=DIRECTION('',(-0.44942623033951,0.,-0.89331744832552));
#6420=DIRECTION('',(0.44942623033951,0.,0.89331744832552));
#6421=DIRECTION('',(0.,-1.,0.));
#6422=DIRECTION('',(1.,0.,0.));
#6423=DIRECTION('',(-0.998332345814073,0.,-0.057728046055357));
#6424=DIRECTION('',(-0.0577280460553571,0.,0.998332345814073));
#6425=DIRECTION('',(0.,-1.,0.));
#6426=DIRECTION('',(0.0577280460553571,0.,-0.998332345814073));
#6427=DIRECTION('',(0.,-1.,0.));
#6428=DIRECTION('',(0.,-1.,0.));
#6429=DIRECTION('',(0.76831910452757,0.,-0.640066991507883));
#6430=DIRECTION('',(0.,-1.,0.));
#6431=DIRECTION('',(0.,-1.,0.));
#6432=DIRECTION('',(0.,0.,-1.));
#6433=DIRECTION('',(-0.998332345814073,0.,-0.0577280460553571));
#6434=DIRECTION('',(-0.0577280460553571,0.,0.998332345814073));
#6435=DIRECTION('',(0.,-1.,0.));
#6436=DIRECTION('',(0.0577280460553571,0.,-0.998332345814073));
#6437=DIRECTION('',(-0.999568034311915,0.,-0.0293895352432531));
#6438=DIRECTION('',(-0.0293895352432531,0.,0.999568034311915));
#6439=DIRECTION('',(0.,-1.,0.));
#6440=DIRECTION('',(0.0293895352432531,0.,-0.999568034311915));
#6441=DIRECTION('',(-1.,0.,0.));
#6442=DIRECTION('',(0.,0.,1.));
#6443=DIRECTION('',(0.,-1.,0.));
#6444=DIRECTION('',(0.,0.,-1.));
#6445=DIRECTION('',(0.,-1.,0.));
#6446=DIRECTION('',(0.716148678115077,0.,0.697947756521954));
#6447=DIRECTION('',(0.,-1.,0.));
#6448=DIRECTION('',(0.,-1.,0.));
#6449=DIRECTION('',(0.,0.,-1.));
#6450=DIRECTION('',(-0.998941326408902,0.,0.0460024607213996));
#6451=DIRECTION('',(0.0460024607213996,0.,0.998941326408902));
#6452=DIRECTION('',(0.,-1.,0.));
#6453=DIRECTION('',(-0.0460024607213996,0.,-0.998941326408902));
#6454=DIRECTION('',(-1.,0.,0.));
#6455=DIRECTION('',(0.,0.,1.));
#6456=DIRECTION('',(0.,-1.,0.));
#6457=DIRECTION('',(0.,0.,-1.));
#6458=DIRECTION('',(0.,-1.,0.));
#6459=DIRECTION('',(0.,0.,-1.));
#6460=DIRECTION('',(0.,-1.,0.));
#6461=DIRECTION('',(0.,-1.,0.));
#6462=DIRECTION('',(0.,0.,-1.));
#6463=DIRECTION('',(-1.,0.,0.));
#6464=DIRECTION('',(0.,0.,1.));
#6465=DIRECTION('',(0.,0.,-1.));
#6466=DIRECTION('',(0.,-1.,0.));
#6467=DIRECTION('',(1.,0.,0.));
#6468=DIRECTION('',(0.,-1.,0.));
#6469=DIRECTION('',(0.,-1.,0.));
#6470=DIRECTION('',(0.,-1.,0.));
#6471=DIRECTION('',(-0.0934346092906496,0.,-0.995625418411314));
#6472=DIRECTION('',(0.,-1.,0.));
#6473=DIRECTION('',(0.,-1.,0.));
#6474=DIRECTION('',(0.,0.,-1.));
#6475=DIRECTION('',(0.,-1.,0.));
#6476=DIRECTION('',(0.,-1.,0.));
#6477=DIRECTION('',(1.,0.,0.));
#6478=DIRECTION('',(0.,0.,-1.));
#6479=DIRECTION('',(0.,0.,1.));
#6480=DIRECTION('',(0.,-1.,0.));
#6481=DIRECTION('',(1.,0.,0.));
#6482=DIRECTION('',(-0.999763282481622,0.,-0.0217572746816465));
#6483=DIRECTION('',(-0.0217572746816465,0.,0.999763282481622));
#6484=DIRECTION('',(0.,-1.,0.));
#6485=DIRECTION('',(0.0217572746816465,0.,-0.999763282481622));
#6486=DIRECTION('',(0.,-1.,0.));
#6487=DIRECTION('',(0.,-1.,0.));
#6488=DIRECTION('',(-0.999394664028188,0.,-0.034789445410721));
#6489=DIRECTION('',(-0.034789445410721,0.,0.999394664028188));
#6490=DIRECTION('',(0.,-1.,0.));
#6491=DIRECTION('',(0.034789445410721,0.,-0.999394664028188));
#6492=DIRECTION('',(-1.,0.,0.));
#6493=DIRECTION('',(0.,0.,1.));
#6494=DIRECTION('',(0.,-1.,0.));
#6495=DIRECTION('',(0.,0.,-1.));
#6496=DIRECTION('',(-0.999910378751289,0.,-0.013387847678171));
#6497=DIRECTION('',(-0.013387847678171,0.,0.999910378751289));
#6498=DIRECTION('',(0.,-1.,0.));
#6499=DIRECTION('',(0.013387847678171,0.,-0.999910378751289));
#6500=DIRECTION('',(1.,0.,0.));
#6501=DIRECTION('',(0.,0.,-1.));
#6502=DIRECTION('',(0.,-1.,0.));
#6503=DIRECTION('',(0.,0.,1.));
#6504=DIRECTION('',(0.,-1.,0.));
#6505=DIRECTION('',(1.,0.,0.));
#6506=DIRECTION('',(0.,0.,-1.));
#6507=DIRECTION('',(0.,-1.,0.));
#6508=DIRECTION('',(0.,0.,1.));
#6509=DIRECTION('',(-0.999339516176487,0.,0.0363391167771763));
#6510=DIRECTION('',(0.0363391167771763,0.,0.999339516176487));
#6511=DIRECTION('',(-0.0363391167771763,0.,-0.999339516176487));
#6512=DIRECTION('',(0.,-1.,0.));
#6513=DIRECTION('',(1.,0.,0.));
#6514=DIRECTION('',(-0.160383424872717,-2.59332151809647E-26,0.987054789272661));
#6515=DIRECTION('',(-0.987054789272661,1.62738341364446E-33,-0.160383424872717));
#6516=DIRECTION('',(0.,-1.,0.));
#6517=DIRECTION('',(-0.987054789272661,0.,-0.160383424872717));
#6518=DIRECTION('',(0.,-1.,0.));
#6519=DIRECTION('',(1.,0.,0.));
#6520=DIRECTION('',(0.,-1.,0.));
#6521=DIRECTION('',(1.,0.,0.));
#6522=DIRECTION('',(0.,-1.,0.));
#6523=DIRECTION('',(1.,0.,0.));
#6524=DIRECTION('',(0.,-1.,0.));
#6525=DIRECTION('',(1.,0.,0.));
#6526=DIRECTION('',(0.,-1.,0.));
#6527=DIRECTION('',(0.,-1.,0.));
#6528=DIRECTION('',(1.,0.,0.));
#6529=DIRECTION('',(0.,-1.,0.));
#6530=DIRECTION('',(1.,0.,0.));
#6531=DIRECTION('',(0.,-1.,0.));
#6532=DIRECTION('',(1.,0.,0.));
#6533=DIRECTION('',(0.,-1.,0.));
#6534=DIRECTION('',(1.,0.,0.));
#6535=DIRECTION('',(0.,-1.,0.));
#6536=DIRECTION('',(0.0294583488264833,0.,0.99956600866797));
#6537=DIRECTION('',(0.,-1.,0.));
#6538=DIRECTION('',(0.,0.,-1.));
#6539=DIRECTION('',(0.,-1.,0.));
#6540=DIRECTION('',(1.,0.,0.));
#6541=DIRECTION('',(0.,-1.,0.));
#6542=DIRECTION('',(1.,0.,0.));
#6543=DIRECTION('',(0.,-1.,0.));
#6544=DIRECTION('',(1.,0.,0.));
#6545=DIRECTION('',(0.,-1.,0.));
#6546=DIRECTION('',(0.,-1.,0.));
#6547=DIRECTION('',(1.,0.,0.));
#6548=DIRECTION('',(-0.124954645040801,0.,-0.992162454783856));
#6549=DIRECTION('',(-0.992162454783856,0.,0.124954645040801));
#6550=DIRECTION('',(0.,-1.,0.));
#6551=DIRECTION('',(0.,-1.,0.));
#6552=DIRECTION('',(0.,-1.,0.));
#6553=DIRECTION('',(1.,0.,0.));
#6554=DIRECTION('',(0.,-1.,0.));
#6555=DIRECTION('',(0.,0.,-1.));
#6556=DIRECTION('',(0.,-1.,0.));
#6557=DIRECTION('',(0.,0.,-1.));
#6558=DIRECTION('',(0.,0.,-1.));
#6559=DIRECTION('',(0.,0.,-1.));
#6560=DIRECTION('',(0.,1.,0.));
#6561=DIRECTION('',(0.,0.,1.));
#6562=DIRECTION('',(0.,0.,-1.));
#6563=DIRECTION('',(1.,0.,0.));
#6564=DIRECTION('',(0.,0.,-1.));
#6565=DIRECTION('',(0.,0.,-1.));
#6566=DIRECTION('',(0.,1.,0.));
#6567=DIRECTION('',(0.,0.,1.));
#6568=DIRECTION('',(0.,0.,-1.));
#6569=DIRECTION('',(1.,0.,0.));
#6570=DIRECTION('',(-1.,0.,0.));
#6571=DIRECTION('',(0.,0.,1.));
#6572=DIRECTION('',(0.,0.,-1.));
#6573=DIRECTION('',(0.,1.,0.));
#6574=DIRECTION('',(0.,0.,-1.));
#6575=DIRECTION('',(0.,0.,-1.));
#6576=DIRECTION('',(0.,0.,-1.));
#6577=DIRECTION('',(1.,0.,0.));
#6578=DIRECTION('',(1.,0.,0.));
#6579=DIRECTION('',(0.170756569970636,-0.985313246542369,0.));
#6580=DIRECTION('',(-0.928046475699012,-0.372464412988198,0.));
#6581=DIRECTION('',(0.308819693939425,-0.95112060046829,0.));
#6582=DIRECTION('',(0.935601662877644,0.353057401027918,0.));
#6583=DIRECTION('',(0.999756851306542,-0.0220508109970952,0.));
#6584=DIRECTION('',(0.,-1.,0.));
#6585=DIRECTION('',(1.,0.,0.));
#6586=DIRECTION('',(-0.469798137498226,-0.88277387251957,0.));
#6587=DIRECTION('',(-0.992876453959021,-0.119148424973899,0.));
#6588=DIRECTION('',(-0.172880680959093,0.984942775064176,0.));
#6589=DIRECTION('',(-0.984942775064176,-0.172880680959093,0.));
#6590=DIRECTION('',(0.984942775064176,0.172880680959093,0.));
#6591=DIRECTION('',(0.,0.,-1.));
#6592=DIRECTION('',(0.984942775064176,0.172880680959093,0.));
#6593=DIRECTION('',(0.,0.,-1.));
#6594=DIRECTION('',(0.812818351039617,0.582517234262848,0.));
#6595=DIRECTION('',(-0.582517234262848,0.812818351039618,0.));
#6596=DIRECTION('',(0.582517234262848,-0.812818351039617,0.));
#6597=DIRECTION('',(0.,0.,-1.));
#6598=DIRECTION('',(0.582517234262848,-0.812818351039617,0.));
#6599=DIRECTION('',(0.,0.,-1.));
#6600=DIRECTION('',(0.,0.,-1.));
#6601=DIRECTION('',(0.,0.,-1.));
#6602=DIRECTION('',(0.119148424973899,-0.992876453959021,0.));
#6603=DIRECTION('',(0.992876453959021,0.119148424973899,0.));
#6604=DIRECTION('',(0.,0.,-1.));
#6605=DIRECTION('',(-0.992876453959021,-0.119148424973899,0.));
#6606=DIRECTION('',(0.,0.,-1.));
#6607=DIRECTION('',(1.,0.,0.));
#6608=DIRECTION('',(0.,0.,-1.));
#6609=DIRECTION('',(0.,0.,-1.));
#6610=DIRECTION('',(0.,0.,-1.));
#6611=DIRECTION('',(-0.915788252386407,0.401661395694247,0.));
#6612=DIRECTION('',(-0.401661395694248,-0.915788252386407,0.));
#6613=DIRECTION('',(0.401661395694247,0.915788252386407,0.));
#6614=DIRECTION('',(0.,0.,-1.));
#6615=DIRECTION('',(0.401661395694247,0.915788252386407,0.));
#6616=DIRECTION('',(0.,0.,-1.));
#6617=DIRECTION('',(-0.970142280525973,0.242536503512077,0.));
#6618=DIRECTION('',(-0.242536503512077,-0.970142280525973,0.));
#6619=DIRECTION('',(0.242536503512077,0.970142280525973,0.));
#6620=DIRECTION('',(0.,0.,-1.));
#6621=DIRECTION('',(0.242536503512077,0.970142280525973,0.));
#6622=DIRECTION('',(0.,0.,-1.));
#6623=DIRECTION('',(0.,0.,-1.));
#6624=DIRECTION('',(1.,0.,0.));
#6625=DIRECTION('',(0.,0.,1.));
#6626=DIRECTION('',(1.,0.,0.));
#6627=DIRECTION('',(0.,1.,0.));
#6628=DIRECTION('',(0.,0.,1.));
#6629=DIRECTION('',(0.,0.,-1.));
#6630=DIRECTION('',(1.,0.,0.));
#6631=DIRECTION('',(0.,0.,-1.));
#6632=DIRECTION('',(0.,0.,-1.));
#6633=DIRECTION('',(-0.353057401027918,0.935601662877643,0.));
#6634=DIRECTION('',(-0.935601662877644,-0.353057401027918,0.));
#6635=DIRECTION('',(0.,0.,-1.));
#6636=DIRECTION('',(0.935601662877644,0.353057401027918,0.));
#6637=DIRECTION('',(0.,0.,-1.));
#6638=DIRECTION('',(0.95112060046829,0.308819693939425,0.));
#6639=DIRECTION('',(-0.308819693939425,0.95112060046829,0.));
#6640=DIRECTION('',(0.,0.,-1.));
#6641=DIRECTION('',(0.308819693939425,-0.95112060046829,0.));
#6642=DIRECTION('',(0.,0.,-1.));
#6643=DIRECTION('',(0.372464412988198,-0.928046475699012,0.));
#6644=DIRECTION('',(0.928046475699012,0.372464412988198,0.));
#6645=DIRECTION('',(0.,0.,-1.));
#6646=DIRECTION('',(-0.928046475699012,-0.372464412988198,0.));
#6647=DIRECTION('',(0.985313246542369,0.170756569970636,0.));
#6648=DIRECTION('',(-0.170756569970636,0.985313246542369,0.));
#6649=DIRECTION('',(0.,0.,-1.));
#6650=DIRECTION('',(0.170756569970636,-0.985313246542369,0.));
#6651=DIRECTION('',(0.,0.,-1.));
#6652=DIRECTION('',(1.,0.,0.));
#6653=DIRECTION('',(0.,0.,-1.));
#6654=DIRECTION('',(0.,0.,-1.));
#6655=DIRECTION('',(1.,0.,0.));
#6656=DIRECTION('',(0.,0.,-1.));
#6657=DIRECTION('',(0.,0.,-1.));
#6658=DIRECTION('',(0.,-1.,0.));
#6659=DIRECTION('',(0.,0.,-1.));
#6660=DIRECTION('',(0.88277387251957,-0.469798137498225,0.));
#6661=DIRECTION('',(0.469798137498226,0.88277387251957,0.));
#6662=DIRECTION('',(0.,0.,-1.));
#6663=DIRECTION('',(-0.469798137498226,-0.88277387251957,0.));
#6664=DIRECTION('',(0.,0.,-1.));
#6665=DIRECTION('',(0.,0.,-1.));
#6666=DIRECTION('',(0.,1.,0.));
#6667=DIRECTION('',(0.,0.,1.));
#6668=DIRECTION('',(0.,0.,-1.));
#6669=DIRECTION('',(1.,0.,0.));
#6670=DIRECTION('',(0.,0.,-1.));
#6671=DIRECTION('',(0.,0.,-1.));
#6672=DIRECTION('',(1.,0.,0.));
#6673=DIRECTION('',(0.,0.,-1.));
#6674=DIRECTION('',(0.,0.,-1.));
#6675=DIRECTION('',(0.,0.,-1.));
#6676=DIRECTION('',(1.,0.,0.));
#6677=DIRECTION('',(0.,0.,-1.));
#6678=DIRECTION('',(0.,0.,-1.));
#6679=DIRECTION('',(0.0220508109970952,0.999756851306542,0.));
#6680=DIRECTION('',(-0.999756851306542,0.0220508109970952,0.));
#6681=DIRECTION('',(0.999756851306542,-0.0220508109970952,0.));
#6682=DIRECTION('',(0.,0.,-1.));
#6683=DIRECTION('',(1.,0.,0.));
#6684=DIRECTION('',(0.,0.,-1.));
#6685=DIRECTION('',(1.,0.,0.));
#6686=DIRECTION('',(0.,0.,-1.));
#6687=DIRECTION('',(0.,0.,-1.));
#6688=DIRECTION('',(0.,0.,-1.));
#6689=DIRECTION('',(1.,0.,0.));
#6690=DIRECTION('',(0.,0.,1.));
#6691=DIRECTION('',(1.,0.,0.));
#6692=DIRECTION('',(0.,0.,1.));
#6693=DIRECTION('',(1.,0.,0.));
#6694=DIRECTION('',(8.54328534127522E-17,0.433911712456581,-0.900955396117364));
#6695=DIRECTION('',(0.,0.900955396117365,0.433911712456581));
#6696=DIRECTION('',(1.,-1.96889945489316E-16,0.));
#6697=DIRECTION('',(1.77389058829853E-16,0.900955396117365,0.433911712456581));
#6698=DIRECTION('',(8.54327555192438E-17,0.433911215257458,0.900955635574692));
#6699=DIRECTION('',(0.,-0.900955635574692,0.433911215257458));
#6700=DIRECTION('',(-1.77389105976593E-16,-0.900955635574692,0.433911215257458));
#6701=DIRECTION('',(1.,-1.96889945489316E-16,0.));
#6702=DIRECTION('',(1.96889945489316E-16,1.,2.70260249495395E-15));
#6703=DIRECTION('',(0.,-2.70260249495395E-15,1.));
#6704=DIRECTION('',(-5.32115257910773E-31,-2.70260249495395E-15,1.));
#6705=DIRECTION('',(1.,-1.96889945489316E-16,0.));
#6706=DIRECTION('',(1.96889945489316E-16,1.,0.));
#6707=DIRECTION('',(-8.54328534127522E-17,-0.433911712456581,0.900955396117364));
#6708=DIRECTION('',(0.,-0.900955396117365,-0.433911712456581));
#6709=DIRECTION('',(1.77389058829853E-16,0.900955396117365,0.433911712456581));
#6710=DIRECTION('',(-1.,1.96889945489316E-16,0.));
#6711=DIRECTION('',(-8.54327555192438E-17,-0.433911215257458,-0.900955635574692));
#6712=DIRECTION('',(0.,0.900955635574692,-0.433911215257458));
#6713=DIRECTION('',(-1.77389105976593E-16,-0.900955635574692,0.433911215257458));
#6714=DIRECTION('',(-1.,1.96889945489316E-16,0.));
#6715=DIRECTION('',(-1.96889945489316E-16,-1.,-2.70260249495395E-15));
#6716=DIRECTION('',(0.,2.70260249495395E-15,-1.));
#6717=DIRECTION('',(-5.32115257910773E-31,-2.70260249495395E-15,1.));
#6718=DIRECTION('',(1.,-1.96889945489316E-16,0.));
#6719=DIRECTION('',(1.96889945489316E-16,1.,0.));
#6720=DIRECTION('',(0.5,-0.5,-0.707106781186546));
#6721=DIRECTION('',(-0.707106781186548,-0.707106781186547,0.));
#6722=DIRECTION('',(-0.678598344545848,0.281084637714816,-0.678598344545848));
#6723=DIRECTION('',(-0.707106781186548,1.39222215602945E-16,0.707106781186548));
#6724=DIRECTION('',(-1.96889945489316E-16,-1.,0.));
#6725=DIRECTION('',(-0.707106781186546,1.39222215602945E-16,-0.70710678118655));
#6726=DIRECTION('',(-1.96889945489316E-16,-1.,0.));
#6727=DIRECTION('',(0.678598344545849,0.281084637714821,-0.678598344545845));
#6728=DIRECTION('',(0.5,0.5,0.707106781186549));
#6729=DIRECTION('',(0.707106781186547,-0.707106781186548,0.));
#6730=CARTESIAN_POINT('',(0.,0.,0.));
#6731=CARTESIAN_POINT('',(1.38777878078145E-17,0.0352425,0.0381));
#6732=CARTESIAN_POINT('',(-0.0393309838273098,0.0352425,0.0238335753691526));
#6733=CARTESIAN_POINT('',(-0.0393309838273098,0.0352425,0.0256722178691526));
#6734=CARTESIAN_POINT('',(1.36644621451196E-17,0.0352425,0.0355599746));
#6735=CARTESIAN_POINT('',(0.0413100012,0.0352425,0.0355599746));
#6736=CARTESIAN_POINT('',(-0.0413100012,0.0352425,0.0355599746));
#6737=CARTESIAN_POINT('',(-0.0413100012,0.0352425,0.01905));
#6738=CARTESIAN_POINT('',(-0.0413100012,0.0352425,0.0276252218169898));
#6739=CARTESIAN_POINT('',(-0.0400248944828255,0.0352425,0.0240202149171745));
#6740=CARTESIAN_POINT('',(-0.0413100012,0.0352425,0.0204152080173592));
#6741=CARTESIAN_POINT('',(-0.0413100012,0.0352425,0.01905));
#6742=CARTESIAN_POINT('',(-0.0413100012,0.0352425,0.00762));
#6743=CARTESIAN_POINT('',(1.38777878078145E-17,0.0352425,0.00762));
#6744=CARTESIAN_POINT('',(0.0413100012,0.0352425,0.00762));
#6745=CARTESIAN_POINT('',(0.0413100012,0.0352425,0.01905));
#6746=CARTESIAN_POINT('',(0.0413100012,0.0352425,0.0204152080173592));
#6747=CARTESIAN_POINT('',(0.0400248944828255,0.0352425,0.0240202149171745));
#6748=CARTESIAN_POINT('',(0.0413100012,0.0352425,0.0276252218169898));
#6749=CARTESIAN_POINT('',(0.0413100012,0.0352425,0.01905));
#6750=CARTESIAN_POINT('',(0.0393345918974518,0.0352425,0.0238206437284963));
#6751=CARTESIAN_POINT('',(0.0393345918974518,0.0352425,0.0256592862284963));
#6752=CARTESIAN_POINT('',(1.38777878078145E-17,0.0352425,0.036934902));
#6753=CARTESIAN_POINT('',(-0.065405,0.0352425,0.036934902));
#6754=CARTESIAN_POINT('',(0.065405,0.0352425,0.036934902));
#6755=CARTESIAN_POINT('',(0.064135,0.0352425,0.035664902));
#6756=CARTESIAN_POINT('',(0.064135,0.0352425,0.035664902));
#6757=CARTESIAN_POINT('',(0.064135,0.0352425,0.0381));
#6758=CARTESIAN_POINT('',(0.064135,0.0352425,0.0213246323485723));
#6759=CARTESIAN_POINT('',(1.54685075389861E-17,0.0352425,0.0213246323485723));
#6760=CARTESIAN_POINT('',(0.057785,0.0352425,0.0213246323485723));
#6761=CARTESIAN_POINT('',(0.057785,0.0352425,0.0381));
#6762=CARTESIAN_POINT('',(0.057785,0.0352425,0.0188018664303128));
#6763=CARTESIAN_POINT('',(1.20478500593424E-17,0.0352425,0.0188018664303128));
#6764=CARTESIAN_POINT('',(0.064135,0.0352425,0.0188018664303128));
#6765=CARTESIAN_POINT('',(0.064135,0.0352425,0.0381));
#6766=CARTESIAN_POINT('',(0.064135,0.0352425,0.0050799746));
#6767=CARTESIAN_POINT('',(-0.065509902,0.0352425,0.0050799746));
#6768=CARTESIAN_POINT('',(-0.064135,0.0352425,0.0050799746));
#6769=CARTESIAN_POINT('',(-0.064135,0.0352425,0.0381));
#6770=CARTESIAN_POINT('',(-0.064135,0.0352425,0.0188018664303128));
#6771=CARTESIAN_POINT('',(1.20478500593424E-17,0.0352425,0.0188018664303128));
#6772=CARTESIAN_POINT('',(-0.057785,0.0352425,0.0188018664303128));
#6773=CARTESIAN_POINT('',(-0.057785,0.0352425,0.0381));
#6774=CARTESIAN_POINT('',(-0.057785,0.0352425,0.0213246323485723));
#6775=CARTESIAN_POINT('',(1.54685075389861E-17,0.0352425,0.0213246323485723));
#6776=CARTESIAN_POINT('',(-0.064135,0.0352425,0.0213246323485723));
#6777=CARTESIAN_POINT('',(-0.064135,0.0352425,0.0381));
#6778=CARTESIAN_POINT('',(-0.064135,0.0352425,0.035664902));
#6779=CARTESIAN_POINT('',(-0.064135,0.0352425,0.035664902));
#6780=CARTESIAN_POINT('',(1.38777878078145E-17,0.,0.));
#6781=CARTESIAN_POINT('',(-0.0590550254,1.16273407318762E-17,0.));
#6782=CARTESIAN_POINT('',(-0.0590550254,-0.0271145254,0.));
#6783=CARTESIAN_POINT('',(-0.0590550254,0.0301625254,0.));
#6784=CARTESIAN_POINT('',(0.065509902,0.0301625254,0.));
#6785=CARTESIAN_POINT('',(0.0590550254,0.0301625254,0.));
#6786=CARTESIAN_POINT('',(0.0590550254,-0.0321945,0.));
#6787=CARTESIAN_POINT('',(0.0590550254,-0.0271145254,0.));
#6788=CARTESIAN_POINT('',(-0.064135,-0.0271145254,0.));
#6789=CARTESIAN_POINT('',(-0.016501808304367,0.00476272228439003,0.));
#6790=CARTESIAN_POINT('',(-0.0164938621173456,0.00449017669555779,0.));
#6791=CARTESIAN_POINT('',(-0.0164795538920228,0.00399942014380349,0.));
#6792=CARTESIAN_POINT('',(-0.0164005145996013,0.00344195146270679,0.));
#6793=CARTESIAN_POINT('',(-0.0163145149355933,0.00239102886498868,0.));
#6794=CARTESIAN_POINT('',(-0.0157891500391725,-0.000152039694729981,0.));
#6795=CARTESIAN_POINT('',(-0.0147711177223056,-0.00321892827034714,0.));
#6796=CARTESIAN_POINT('',(-0.0132267819438309,-0.00629884472937742,0.));
#6797=CARTESIAN_POINT('',(-0.0127834530974076,-0.00727419977283164,0.));
#6798=CARTESIAN_POINT('',(-0.0125935156699572,-0.00729255680371567,0.));
#6799=CARTESIAN_POINT('',(-0.0124492944537517,-0.00732787461151404,0.));
#6800=CARTESIAN_POINT('',(-0.0123949857625639,-0.00723736766439127,0.));
#6801=CARTESIAN_POINT('',(-0.0123883118814509,-0.0072175599437547,0.));
#6802=CARTESIAN_POINT('',(-0.0123886652290821,-0.0071869739331305,0.));
#6803=CARTESIAN_POINT('',(-0.016501808304367,0.00476272228439003,0.));
#6804=CARTESIAN_POINT('',(-0.0123886652290821,-0.0071869739331305,0.));
#6805=CARTESIAN_POINT('',(-0.0123886652290821,-0.0071869739331305,0.));
#6806=CARTESIAN_POINT('',(-0.0123394333905977,-0.00720251099737066,0.));
#6807=CARTESIAN_POINT('',(-0.0122065445984773,-0.00712061958378297,0.));
#6808=CARTESIAN_POINT('',(-0.0118493733439988,-0.00741223277819765,0.));
#6809=CARTESIAN_POINT('',(-0.0105991443246429,-0.00763557074495363,0.));
#6810=CARTESIAN_POINT('',(-0.0100600634962966,-0.00767088081222226,0.));
#6811=CARTESIAN_POINT('',(-0.00845248253611368,-0.00775831201749677,0.));
#6812=CARTESIAN_POINT('',(-0.0071071132566246,-0.00754791092885574,0.));
#6813=CARTESIAN_POINT('',(-0.00607597106076794,-0.007332189683307,0.));
#6814=CARTESIAN_POINT('',(-0.00536296190693975,-0.0071869739331305,0.));
#6815=CARTESIAN_POINT('',(-0.00536296190693975,-0.0071869739331305,0.));
#6816=CARTESIAN_POINT('',(-0.00536296190693975,-0.0071869739331305,0.));
#6817=CARTESIAN_POINT('',(-0.0052337106264294,-0.0071469924361411,0.));
#6818=CARTESIAN_POINT('',(-0.00502974304651452,-0.00708654886445144,0.));
#6819=CARTESIAN_POINT('',(-0.0037013314155074,-0.00665705192658901,0.));
#6820=CARTESIAN_POINT('',(-0.00354817255615555,-0.00660879406403772,0.));
#6821=CARTESIAN_POINT('',(-0.00277733174152673,-0.00632707541808486,0.));
#6822=CARTESIAN_POINT('',(-0.00277733174152673,-0.00632707541808486,0.));
#6823=CARTESIAN_POINT('',(-0.00277733174152673,-0.00632707541808486,0.));
#6824=CARTESIAN_POINT('',(-0.00267196375809495,-0.00628535502909352,0.));
#6825=CARTESIAN_POINT('',(-0.00244045697097976,-0.00619369005745784,0.));
#6826=CARTESIAN_POINT('',(-0.00195189736530223,-0.00598121533409003,0.));
#6827=CARTESIAN_POINT('',(-0.00147870635616918,-0.00577764481595967,0.));
#6828=CARTESIAN_POINT('',(-0.000450714794571241,-0.0053420498175301,0.));
#6829=CARTESIAN_POINT('',(0.000714127542305892,-0.00465514957942493,0.));
#6830=CARTESIAN_POINT('',(0.00241999914591323,-0.00426794505425425,0.));
#6831=CARTESIAN_POINT('',(0.00322894926213799,-0.00407624765974502,0.));
#6832=CARTESIAN_POINT('',(0.00411194929756463,-0.00388470587964669,0.));
#6833=CARTESIAN_POINT('',(0.00502182270686824,-0.00382650667704237,0.));
#6834=CARTESIAN_POINT('',(0.00583462954394881,-0.00378862018081244,0.));
#6835=CARTESIAN_POINT('',(0.00684004435138394,-0.00372292534855944,0.));
#6836=CARTESIAN_POINT('',(0.00869467705169509,-0.00387003973397198,0.));
#6837=CARTESIAN_POINT('',(0.0108888940541291,-0.00423825743386815,0.));
#6838=CARTESIAN_POINT('',(0.012902344769843,-0.00491557132341474,0.));
#6839=CARTESIAN_POINT('',(0.0146592863728728,-0.00544276250513244,0.));
#6840=CARTESIAN_POINT('',(0.0170026394125783,-0.0069427360213541,0.));
#6841=CARTESIAN_POINT('',(0.0172228592261494,-0.00680682843424146,0.));
#6842=CARTESIAN_POINT('',(0.0171596407516024,-0.00664540743635941,0.));
#6843=CARTESIAN_POINT('',(0.0169315604053044,-0.00633815784195276,0.));
#6844=CARTESIAN_POINT('',(0.0162415112604972,-0.00493126454678844,0.));
#6845=CARTESIAN_POINT('',(0.0157265719026327,-0.00388139043934644,0.));
#6846=CARTESIAN_POINT('',(0.0157265719026327,-0.00388139043934644,0.));
#6847=CARTESIAN_POINT('',(0.0157265719026327,-0.00385602796450257,0.));
#6848=CARTESIAN_POINT('',(0.0157265719026327,-0.00383066548965871,0.));
#6849=CARTESIAN_POINT('',(0.0173680186271668,-0.00383066548965871,0.));
#6850=CARTESIAN_POINT('',(0.0190094653517008,-0.00383066548965871,0.));
#6851=CARTESIAN_POINT('',(0.0190094653517008,-0.00383066548965871,0.));
#6852=CARTESIAN_POINT('',(0.0190160309947133,-0.0038287245532871,0.));
#6853=CARTESIAN_POINT('',(0.0190314771504193,-0.0038241583584218,0.));
#6854=CARTESIAN_POINT('',(0.019053441765326,-0.00378836607190174,0.));
#6855=CARTESIAN_POINT('',(0.0190587123807058,-0.00371070988206842,0.));
#6856=CARTESIAN_POINT('',(0.0188842827757938,-0.00357394172623057,0.));
#6857=CARTESIAN_POINT('',(0.0178836513979632,-0.00264802565436855,0.));
#6858=CARTESIAN_POINT('',(0.0157888158890497,-0.000913390532810909,0.));
#6859=CARTESIAN_POINT('',(0.0123184733080819,0.0015433313785879,0.));
#6860=CARTESIAN_POINT('',(0.0107157796228118,0.00223046816578798,0.));
#6861=CARTESIAN_POINT('',(0.00927896581236131,0.00288785311267194,0.));
#6862=CARTESIAN_POINT('',(0.00679523056394178,0.0038303336805899,0.));
#6863=CARTESIAN_POINT('',(0.00206258998489531,0.00359595173107661,0.));
#6864=CARTESIAN_POINT('',(-0.00227492210354227,0.00280971787352837,0.));
#6865=CARTESIAN_POINT('',(-0.00697711749676842,0.00138608166449898,0.));
#6866=CARTESIAN_POINT('',(-0.0097772666359901,0.000538408903047389,0.));
#6867=CARTESIAN_POINT('',(-0.0119745905143844,0.000124454589190995,0.));
#6868=CARTESIAN_POINT('',(-0.0135075458837259,4.73165076709792E-5,0.));
#6869=CARTESIAN_POINT('',(-0.0143818900282998,0.000143686735529415,0.));
#6870=CARTESIAN_POINT('',(-0.01511206731692,8.06072994904426E-5,0.));
#6871=CARTESIAN_POINT('',(-0.0151004497067174,0.0004905376811333,0.));
#6872=CARTESIAN_POINT('',(-0.0153062470714701,0.00153590817550952,0.));
#6873=CARTESIAN_POINT('',(-0.015392316518611,0.00249316255480395,0.));
#6874=CARTESIAN_POINT('',(-0.0154395727440715,0.00301874079741538,0.));
#6875=CARTESIAN_POINT('',(-0.0154395727440715,0.00301874079741538,0.));
#6876=CARTESIAN_POINT('',(-0.0154395727440715,0.00301874079741538,0.));
#6877=CARTESIAN_POINT('',(-0.0154380109916504,0.0031052315581921,0.));
#6878=CARTESIAN_POINT('',(-0.0154331297980467,0.00337555490942335,0.));
#6879=CARTESIAN_POINT('',(-0.0154740165200363,0.00420122666465295,0.));
#6880=CARTESIAN_POINT('',(-0.0155018214136362,0.00476272228439003,0.));
#6881=CARTESIAN_POINT('',(-0.0155018214136362,0.00476272228439003,0.));
#6882=CARTESIAN_POINT('',(-0.0160018148590016,0.00476272228439003,0.));
#6883=CARTESIAN_POINT('',(0.,-0.0321945,0.018467451));
#6884=CARTESIAN_POINT('',(0.064135,-0.0321945,0.0050799746));
#6885=CARTESIAN_POINT('',(-0.058293,-0.0321945,0.0050799746));
#6886=CARTESIAN_POINT('',(0.058293,-0.0321945,0.0050799746));
#6887=CARTESIAN_POINT('',(0.058293,-0.0321945,0.018467451));
#6888=CARTESIAN_POINT('',(0.058293,-0.0321945,0.035664902));
#6889=CARTESIAN_POINT('',(0.0721692008161425,-0.0321945,0.0454768576942007));
#6890=CARTESIAN_POINT('',(0.0600023378711088,-0.0321945,0.0368735864));
#6891=CARTESIAN_POINT('',(0.,-0.0321945,0.0368735864));
#6892=CARTESIAN_POINT('',(-0.0600023378711088,-0.0321945,0.0368735864));
#6893=CARTESIAN_POINT('',(-0.0839167008161426,-0.0321945,0.0537835946061896));
#6894=CARTESIAN_POINT('',(-0.058293,-0.0321945,0.035664902));
#6895=CARTESIAN_POINT('',(-0.058293,-0.0321945,0.0050799746));
#6896=CARTESIAN_POINT('',(-0.000205104903094903,-0.0321945,0.0326228872019105));
#6897=CARTESIAN_POINT('',(-0.00039515688836991,-0.0321945,0.0326248401020568));
#6898=CARTESIAN_POINT('',(-0.00245677624810173,-0.0321945,0.0326138462223913));
#6899=CARTESIAN_POINT('',(-0.00795550402442824,-0.0321945,0.0321846141580447));
#6900=CARTESIAN_POINT('',(-0.0105072893703137,-0.0321945,0.0320422126748416));
#6901=CARTESIAN_POINT('',(-0.0107926096855775,-0.0321945,0.0320259906617596));
#6902=CARTESIAN_POINT('',(-0.000205104903799357,-0.0321945,0.0326228872073215));
#6903=CARTESIAN_POINT('',(-0.0107926096859534,-0.0321945,0.0320259906592107));
#6904=CARTESIAN_POINT('',(-0.000205104903799357,-0.0321945,0.0326228872073215));
#6905=CARTESIAN_POINT('',(-2.81845299624081E-5,-0.0321945,0.0329463405719541));
#6906=CARTESIAN_POINT('',(0.000370416059235003,-0.0321945,0.0336747568140371));
#6907=CARTESIAN_POINT('',(0.00161019721197093,-0.0321945,0.0352021499153657));
#6908=CARTESIAN_POINT('',(0.00198693271321611,-0.0321945,0.0355891561750964));
#6909=CARTESIAN_POINT('',(0.00228852051739577,-0.0321945,0.035705817403504));
#6910=CARTESIAN_POINT('',(0.00243254536304142,-0.0321945,0.0357611869048567));
#6911=CARTESIAN_POINT('',(0.00243254536304142,-0.0321945,0.0357611869048567));
#6912=CARTESIAN_POINT('',(0.00327042126817639,-0.0321945,0.035655663376136));
#6913=CARTESIAN_POINT('',(0.00410829717293381,-0.0321945,0.0355501398444176));
#6914=CARTESIAN_POINT('',(0.00410829717293381,-0.0321945,0.0355501398444176));
#6915=CARTESIAN_POINT('',(0.00407246681680033,-0.0321945,0.0355334692449059));
#6916=CARTESIAN_POINT('',(0.00395743449348466,-0.0321945,0.0354799487667461));
#6917=CARTESIAN_POINT('',(0.00345813845896752,-0.0321945,0.0349153059576679));
#6918=CARTESIAN_POINT('',(0.00296600041996103,-0.0321945,0.0341946525390528));
#6919=CARTESIAN_POINT('',(0.00238914502735455,-0.0321945,0.0331893710061557));
#6920=CARTESIAN_POINT('',(0.00214639111498463,-0.0321945,0.0326999349758138));
#6921=CARTESIAN_POINT('',(0.00203640794109456,-0.0321945,0.0324781888976244));
#6922=CARTESIAN_POINT('',(0.00203640794109457,-0.0321945,0.0324781888976244));
#6923=CARTESIAN_POINT('',(0.00740113385558734,-0.0321945,0.0318272934662529));
#6924=CARTESIAN_POINT('',(0.00714238903281774,-0.0321945,0.0319025408023194));
#6925=CARTESIAN_POINT('',(0.00652819420623106,-0.0321945,0.032082954925226));
#6926=CARTESIAN_POINT('',(0.00549921096253303,-0.0321945,0.0321839327155298));
#6927=CARTESIAN_POINT('',(0.00440835623009546,-0.0321945,0.0323060424668879));
#6928=CARTESIAN_POINT('',(0.0027944806603645,-0.0321945,0.0324198814980273));
#6929=CARTESIAN_POINT('',(0.00203640793878855,-0.0321945,0.0324781888978018));
#6930=CARTESIAN_POINT('',(0.00740113385559074,-0.0321945,0.0318272934662543));
#6931=CARTESIAN_POINT('',(0.0102395238959644,-0.0321945,0.0345094799995423));
#6932=CARTESIAN_POINT('',(0.0100115482179506,-0.0321945,0.0344629515000036));
#6933=CARTESIAN_POINT('',(0.00956335429623977,-0.0321945,0.0343386373648467));
#6934=CARTESIAN_POINT('',(0.00892568223711461,-0.0321945,0.0337894031877914));
#6935=CARTESIAN_POINT('',(0.00813843512357704,-0.0321945,0.0329917390843483));
#6936=CARTESIAN_POINT('',(0.00761954167170058,-0.0321945,0.0321079334517308));
#6937=CARTESIAN_POINT('',(0.00746377352508081,-0.0321945,0.0319265693572766));
#6938=CARTESIAN_POINT('',(0.00740113385559074,-0.0321945,0.0318272934662543));
#6939=CARTESIAN_POINT('',(0.0102395238959644,-0.0321945,0.0345094799995423));
#6940=CARTESIAN_POINT('',(0.0125262998044429,-0.0321945,0.0338655523955849));
#6941=CARTESIAN_POINT('',(0.0118014174918572,-0.0321945,0.0341815201590182));
#6942=CARTESIAN_POINT('',(0.0110046110817503,-0.0321945,0.0342902147657095));
#6943=CARTESIAN_POINT('',(0.0102395238959644,-0.0321945,0.0345094799995423));
#6944=CARTESIAN_POINT('',(0.0125262998044491,-0.0321945,0.0338655523955822));
#6945=CARTESIAN_POINT('',(0.011801276416466,-0.0321945,0.0100542642176151));
#6946=CARTESIAN_POINT('',(0.0120126300825842,-0.0321945,0.0101381718602841));
#6947=CARTESIAN_POINT('',(0.0125156221831927,-0.0321945,0.0103267266574741));
#6948=CARTESIAN_POINT('',(0.0137512868890549,-0.0321945,0.0108076818886495));
#6949=CARTESIAN_POINT('',(0.0148224102799181,-0.0321945,0.0121283126288138));
#6950=CARTESIAN_POINT('',(0.0161970846836091,-0.0321945,0.014908708270588));
#6951=CARTESIAN_POINT('',(0.0170029729705268,-0.0321945,0.020287630186184));
#6952=CARTESIAN_POINT('',(0.0169335675873407,-0.0321945,0.0223713491466355));
#6953=CARTESIAN_POINT('',(0.0168958580808865,-0.0321945,0.0243948532773988));
#6954=CARTESIAN_POINT('',(0.0165812084288693,-0.0321945,0.027697133702512));
#6955=CARTESIAN_POINT('',(0.0149247566380918,-0.0321945,0.0321766161408823));
#6956=CARTESIAN_POINT('',(0.0133094758939327,-0.0321945,0.0335241750532577));
#6957=CARTESIAN_POINT('',(0.0125262998044429,-0.0321945,0.0338655523955849));
#6958=CARTESIAN_POINT('',(0.011801276416466,-0.0321945,0.0100542642176151));
#6959=CARTESIAN_POINT('',(0.00744364047515815,-0.0321945,0.0121394465077438));
#6960=CARTESIAN_POINT('',(0.00745822198211734,-0.0321945,0.0121150567206519));
#6961=CARTESIAN_POINT('',(0.00768229114033952,-0.0321945,0.0117461025179045));
#6962=CARTESIAN_POINT('',(0.0080743690662718,-0.0321945,0.0113002307535138));
#6963=CARTESIAN_POINT('',(0.00902583315000873,-0.0321945,0.0101196768095401));
#6964=CARTESIAN_POINT('',(0.00992731558980443,-0.0321945,0.00964330653081107));
#6965=CARTESIAN_POINT('',(0.010220710511702,-0.0321945,0.00938029889106608));
#6966=CARTESIAN_POINT('',(0.0111491919141047,-0.0321945,0.00977652653530965));
#6967=CARTESIAN_POINT('',(0.011801276416466,-0.0321945,0.0100542642176151));
#6968=CARTESIAN_POINT('',(0.00744364047515198,-0.0321945,0.0121394465077521));
#6969=CARTESIAN_POINT('',(0.00744364047515198,-0.0321945,0.0121394465077521));
#6970=CARTESIAN_POINT('',(0.00727399508414406,-0.0321945,0.0121176021009551));
#6971=CARTESIAN_POINT('',(0.00687072160084117,-0.0321945,0.0120468246795366));
#6972=CARTESIAN_POINT('',(0.00598628990553542,-0.0321945,0.0120352257601404));
#6973=CARTESIAN_POINT('',(0.00453786248451985,-0.0321945,0.0116438045618696));
#6974=CARTESIAN_POINT('',(0.00333891944396544,-0.0321945,0.0116657730287012));
#6975=CARTESIAN_POINT('',(0.00297349159201233,-0.0321945,0.0115605986077237));
#6976=CARTESIAN_POINT('',(0.00239928331457079,-0.0321945,0.0115151838226798));
#6977=CARTESIAN_POINT('',(0.00211702321571963,-0.0321945,0.0114990910566991));
#6978=CARTESIAN_POINT('',(0.00211702322471896,-0.0321945,0.0114990910572121));
#6979=CARTESIAN_POINT('',(0.00211702322471896,-0.0321945,0.0114990910572121));
#6980=CARTESIAN_POINT('',(0.0024246121177069,-0.0321945,0.0108083628684906));
#6981=CARTESIAN_POINT('',(0.00299296702586263,-0.0321945,0.00977431693265703));
#6982=CARTESIAN_POINT('',(0.00370019351038058,-0.0321945,0.00862607227468428));
#6983=CARTESIAN_POINT('',(0.00402453907404499,-0.0321945,0.00849797168465098));
#6984=CARTESIAN_POINT('',(0.00410220810400574,-0.0321945,0.0084915728686504));
#6985=CARTESIAN_POINT('',(0.00410220800366836,-0.0321945,0.00849157287650639));
#6986=CARTESIAN_POINT('',(0.00410220800366836,-0.0321945,0.00849157287650639));
#6987=CARTESIAN_POINT('',(0.00407167569323756,-0.0321945,0.00849320486195754));
#6988=CARTESIAN_POINT('',(0.00399938991456997,-0.0321945,0.00850089698779467));
#6989=CARTESIAN_POINT('',(0.00357033505839049,-0.0321945,0.00832584129498707));
#6990=CARTESIAN_POINT('',(0.00223896441282354,-0.0321945,0.00817004984374416));
#6991=CARTESIAN_POINT('',(0.0018167794134703,-0.0321945,0.00866187136060543));
#6992=CARTESIAN_POINT('',(0.0013834405291917,-0.0321945,0.00919192097017439));
#6993=CARTESIAN_POINT('',(0.000496082129573525,-0.0321945,0.0100261941943835));
#6994=CARTESIAN_POINT('',(0.000108679659991173,-0.0321945,0.0109004432983037));
#6995=CARTESIAN_POINT('',(-6.50664965252007E-5,-0.0321945,0.0113560657355416));
#6996=CARTESIAN_POINT('',(-9.58173085580869E-5,-0.0321945,0.0114385041734827));
#6997=CARTESIAN_POINT('',(-9.58173053122163E-5,-0.0321945,0.0114385041668942));
#6998=CARTESIAN_POINT('',(-9.58173053122163E-5,-0.0321945,0.0114385041668942));
#6999=CARTESIAN_POINT('',(-0.000246499806509502,-0.0321945,0.0114376718813773));
#7000=CARTESIAN_POINT('',(-0.0020632747973278,-0.0321945,0.011434770238844));
#7001=CARTESIAN_POINT('',(-0.0054382030439932,-0.0321945,0.0115982192583423));
#7002=CARTESIAN_POINT('',(-0.00886776614180476,-0.0321945,0.0119178658430642));
#7003=CARTESIAN_POINT('',(-0.0104996175081616,-0.0321945,0.0121059083250687));
#7004=CARTESIAN_POINT('',(-0.0107372168796954,-0.0321945,0.0121344533158164));
#7005=CARTESIAN_POINT('',(-0.0107372168707302,-0.0321945,0.0121344533146947));
#7006=CARTESIAN_POINT('',(-0.0107372168707302,-0.0321945,0.0121344533146947));
#7007=CARTESIAN_POINT('',(-0.0104740073707819,-0.0321945,0.0114944176534557));
#7008=CARTESIAN_POINT('',(-0.00995626215923674,-0.0321945,0.0103901523656486));
#7009=CARTESIAN_POINT('',(-0.00958087035279758,-0.0321945,0.00961799354919176));
#7010=CARTESIAN_POINT('',(-0.00804626911495385,-0.0321945,0.00845386746126729));
#7011=CARTESIAN_POINT('',(-0.00927287515544047,-0.0321945,0.00870129721816912));
#7012=CARTESIAN_POINT('',(-0.0101671692002335,-0.0321945,0.00888673589173393));
#7013=CARTESIAN_POINT('',(-0.0107641605649112,-0.0321945,0.00885685754997748));
#7014=CARTESIAN_POINT('',(-0.0114663563882666,-0.0321945,0.00969471531057046));
#7015=CARTESIAN_POINT('',(-0.0119230289805499,-0.0321945,0.01023952415454));
#7016=CARTESIAN_POINT('',(-0.0119230289805499,-0.0321945,0.01023952415454));
#7017=CARTESIAN_POINT('',(-0.0119230289805499,-0.0321945,0.01023952415454));
#7018=CARTESIAN_POINT('',(-0.0119937760103672,-0.0321945,0.0103424693910591));
#7019=CARTESIAN_POINT('',(-0.0121473645519739,-0.0321945,0.010565874722264));
#7020=CARTESIAN_POINT('',(-0.0123829810099836,-0.0321945,0.0110876233008333));
#7021=CARTESIAN_POINT('',(-0.0124655885649461,-0.0321945,0.0113893579559011));
#7022=CARTESIAN_POINT('',(-0.012769435413694,-0.0321945,0.0119946648401683));
#7023=CARTESIAN_POINT('',(-0.012948448977017,-0.0321945,0.0123804658443985));
#7024=CARTESIAN_POINT('',(-0.0129817023278427,-0.0321945,0.0124537594747105));
#7025=CARTESIAN_POINT('',(-0.0129817023381695,-0.0321945,0.0124537594764834));
#7026=CARTESIAN_POINT('',(-0.0129817023381695,-0.0321945,0.0124537594764834));
#7027=CARTESIAN_POINT('',(-0.013132230598469,-0.0321945,0.0124796026343068));
#7028=CARTESIAN_POINT('',(-0.0142135703649059,-0.0321945,0.0126735315010092));
#7029=CARTESIAN_POINT('',(-0.0159005616583662,-0.0321945,0.0130870473377024));
#7030=CARTESIAN_POINT('',(-0.0175777104157733,-0.0321945,0.0135550083987018));
#7031=CARTESIAN_POINT('',(-0.0180183533004687,-0.0321945,0.0136613018854105));
#7032=CARTESIAN_POINT('',(-0.0181807148515446,-0.0321945,0.0137004693970037));
#7033=CARTESIAN_POINT('',(-0.0181807148515442,-0.0321945,0.0137004693970028));
#7034=CARTESIAN_POINT('',(-0.016444490881363,-0.0321945,0.0117921480614234));
#7035=CARTESIAN_POINT('',(-0.0167661935499694,-0.0321945,0.0120506787739155));
#7036=CARTESIAN_POINT('',(-0.0174023093374436,-0.0321945,0.0125400177631225));
#7037=CARTESIAN_POINT('',(-0.0178408337155995,-0.0321945,0.0130975971223596));
#7038=CARTESIAN_POINT('',(-0.0181109213203004,-0.0321945,0.0135708441127172));
#7039=CARTESIAN_POINT('',(-0.0181807148515442,-0.0321945,0.0137004693970028));
#7040=CARTESIAN_POINT('',(-0.016444490881363,-0.0321945,0.0117921480614234));
#7041=CARTESIAN_POINT('',(-0.0160031855420266,-0.0321945,0.0327144168022562));
#7042=CARTESIAN_POINT('',(-0.0166580541630123,-0.0321945,0.032516429773854));
#7043=CARTESIAN_POINT('',(-0.0177292916505788,-0.0321945,0.0321925615655773));
#7044=CARTESIAN_POINT('',(-0.0182584405242972,-0.0321945,0.0316766032289396));
#7045=CARTESIAN_POINT('',(-0.0195458648082311,-0.0321945,0.0304566048637243));
#7046=CARTESIAN_POINT('',(-0.0202334223293071,-0.0321945,0.0284797855519337));
#7047=CARTESIAN_POINT('',(-0.0207578590341514,-0.0321945,0.0273696944915461));
#7048=CARTESIAN_POINT('',(-0.0210814891486173,-0.0321945,0.0257462180482021));
#7049=CARTESIAN_POINT('',(-0.0213102094936053,-0.0321945,0.0241064625715147));
#7050=CARTESIAN_POINT('',(-0.0214295290026174,-0.0321945,0.0223532987208832));
#7051=CARTESIAN_POINT('',(-0.02137557598616,-0.0321945,0.0208920450968489));
#7052=CARTESIAN_POINT('',(-0.0211661849670876,-0.0321945,0.0186512229621082));
#7053=CARTESIAN_POINT('',(-0.0207074999445411,-0.0321945,0.0169573177999303));
#7054=CARTESIAN_POINT('',(-0.0200573292145101,-0.0321945,0.0142829983028945));
#7055=CARTESIAN_POINT('',(-0.018847612376155,-0.0321945,0.0128872586471016));
#7056=CARTESIAN_POINT('',(-0.01793813790035,-0.0321945,0.012086915684862));
#7057=CARTESIAN_POINT('',(-0.0171056913607359,-0.0321945,0.0116643707902355));
#7058=CARTESIAN_POINT('',(-0.0156283871666672,-0.0321945,0.0111437024518237));
#7059=CARTESIAN_POINT('',(-0.0162707297925631,-0.0321945,0.0115571155135761));
#7060=CARTESIAN_POINT('',(-0.016444490881363,-0.0321945,0.0117921480614234));
#7061=CARTESIAN_POINT('',(-0.0160031855420266,-0.0321945,0.0327144168022562));
#7062=CARTESIAN_POINT('',(-0.018076974962588,-0.0321945,0.0303700613071165));
#7063=CARTESIAN_POINT('',(-0.0176041838517427,-0.0321945,0.031100796238775));
#7064=CARTESIAN_POINT('',(-0.0167292482526955,-0.0321945,0.0321036179739094));
#7065=CARTESIAN_POINT('',(-0.0162034208964717,-0.0321945,0.0325162213991166));
#7066=CARTESIAN_POINT('',(-0.0160416590889566,-0.0321945,0.0326132574868927));
#7067=CARTESIAN_POINT('',(-0.0155822003769581,-0.0321945,0.0327403010559743));
#7068=CARTESIAN_POINT('',(-0.0158643315874491,-0.0321945,0.032722954234825));
#7069=CARTESIAN_POINT('',(-0.0160031855420266,-0.0321945,0.0327144168022562));
#7070=CARTESIAN_POINT('',(-0.0180769749625881,-0.0321945,0.0303700613071162));
#7071=CARTESIAN_POINT('',(-0.0130141545087099,-0.0321945,0.0318219299341769));
#7072=CARTESIAN_POINT('',(-0.0135075081099748,-0.0321945,0.0317335618164526));
#7073=CARTESIAN_POINT('',(-0.0144867470867068,-0.0321945,0.0312417467742343));
#7074=CARTESIAN_POINT('',(-0.0161535419118312,-0.0321945,0.0310111398657606));
#7075=CARTESIAN_POINT('',(-0.0174348016397681,-0.0321945,0.0305637011908181));
#7076=CARTESIAN_POINT('',(-0.0178899684196245,-0.0321945,0.0304250990276112));
#7077=CARTESIAN_POINT('',(-0.0180769749625881,-0.0321945,0.0303700613071162));
#7078=CARTESIAN_POINT('',(-0.0130141545087099,-0.0321945,0.0318219299341769));
#7079=CARTESIAN_POINT('',(-0.0129465606233292,-0.0321945,0.0318330621841813));
#7080=CARTESIAN_POINT('',(-0.0128790265487637,-0.0321945,0.0318438872005209));
#7081=CARTESIAN_POINT('',(-0.0128790265487637,-0.0321945,0.0318438872005209));
#7082=CARTESIAN_POINT('',(-0.0128461485527852,-0.0321945,0.0319289112274794));
#7083=CARTESIAN_POINT('',(-0.0124504047511916,-0.0321945,0.0329414584305334));
#7084=CARTESIAN_POINT('',(-0.0116165987046388,-0.0321945,0.0348897348300445));
#7085=CARTESIAN_POINT('',(-0.0106274742649847,-0.0321945,0.034810461617157));
#7086=CARTESIAN_POINT('',(-0.00968122134647841,-0.0321945,0.0355889026630062));
#7087=CARTESIAN_POINT('',(-0.00900513676289553,-0.0321945,0.0353654805557273));
#7088=CARTESIAN_POINT('',(-0.00869228407713219,-0.0321945,0.0354219216175493));
#7089=CARTESIAN_POINT('',(-0.00869228407713219,-0.0321945,0.0354219216175493));
#7090=CARTESIAN_POINT('',(-0.00869228407713219,-0.0321945,0.0354219216175493));
#7091=CARTESIAN_POINT('',(-0.00875564289064573,-0.0321945,0.0353607531670501));
#7092=CARTESIAN_POINT('',(-0.00891486561834254,-0.0321945,0.0352070352315917));
#7093=CARTESIAN_POINT('',(-0.00940865683897949,-0.0321945,0.034753278105504));
#7094=CARTESIAN_POINT('',(-0.00997732877163562,-0.0321945,0.0338817972863006));
#7095=CARTESIAN_POINT('',(-0.0103836122731889,-0.0321945,0.0331583970554342));
#7096=CARTESIAN_POINT('',(-0.0106260404675282,-0.0321945,0.0324848939678919));
#7097=CARTESIAN_POINT('',(-0.0107859269829053,-0.0321945,0.032044401136618));
#7098=CARTESIAN_POINT('',(-0.0107926096859534,-0.0321945,0.0320259906592107));
#7099=CARTESIAN_POINT('',(0.,-0.0321945,0.018467451));
#7100=CARTESIAN_POINT('',(-0.01239104149182,-0.0321945,0.0248626689437312));
#7101=CARTESIAN_POINT('',(-0.0121700561389402,-0.0321945,0.0248820676624347));
#7102=CARTESIAN_POINT('',(-0.010746434805697,-0.0321945,0.0249972896969122));
#7103=CARTESIAN_POINT('',(-0.00822069374537011,-0.0321945,0.0249859574663193));
#7104=CARTESIAN_POINT('',(-0.00363406474902405,-0.0321945,0.025152689891691));
#7105=CARTESIAN_POINT('',(-0.00241074815133524,-0.0321945,0.0251296329102182));
#7106=CARTESIAN_POINT('',(-0.00199486287183867,-0.0321945,0.0251232389971479));
#7107=CARTESIAN_POINT('',(-0.01239104149182,-0.0321945,0.0248626689437312));
#7108=CARTESIAN_POINT('',(-0.00199486287183867,-0.0321945,0.0251232389971479));
#7109=CARTESIAN_POINT('',(-0.0123910414921786,-0.0321945,0.024862668943722));
#7110=CARTESIAN_POINT('',(-0.0124054214650334,-0.0321945,0.0246673321614111));
#7111=CARTESIAN_POINT('',(-0.0125012166017198,-0.0321945,0.0231534851770829));
#7112=CARTESIAN_POINT('',(-0.0124957396775545,-0.0321945,0.0210405729040851));
#7113=CARTESIAN_POINT('',(-0.0123906285943402,-0.0321945,0.0194768423114712));
#7114=CARTESIAN_POINT('',(-0.012370359271498,-0.0321945,0.0192257089247366));
#7115=CARTESIAN_POINT('',(-0.012370359271498,-0.0321945,0.0192257089247366));
#7116=CARTESIAN_POINT('',(-0.00206975924750733,-0.0321945,0.0189423659039256));
#7117=CARTESIAN_POINT('',(-0.0025803549917735,-0.0321945,0.0189418794290132));
#7118=CARTESIAN_POINT('',(-0.00492324377295684,-0.0321945,0.0189481266591861));
#7119=CARTESIAN_POINT('',(-0.0082984917925808,-0.0321945,0.0190774619991465));
#7120=CARTESIAN_POINT('',(-0.010662801770835,-0.0321945,0.0191274227392442));
#7121=CARTESIAN_POINT('',(-0.0121493002818161,-0.0321945,0.0192123207736637));
#7122=CARTESIAN_POINT('',(-0.0123703592714979,-0.0321945,0.0192257089247366));
#7123=CARTESIAN_POINT('',(-0.0020697592474974,-0.0321945,0.0189423658993255));
#7124=CARTESIAN_POINT('',(-0.0020697592474974,-0.0321945,0.0189423658993255));
#7125=CARTESIAN_POINT('',(-0.00212578278002135,-0.0321945,0.0196647507819468));
#7126=CARTESIAN_POINT('',(-0.00212739164575048,-0.0321945,0.0214998606711569));
#7127=CARTESIAN_POINT('',(-0.00209463400608077,-0.0321945,0.0238904937361968));
#7128=CARTESIAN_POINT('',(-0.00200412070357849,-0.0321945,0.02501843429285));
#7129=CARTESIAN_POINT('',(-0.00199486287183799,-0.0321945,0.0251232389971545));
#7130=CARTESIAN_POINT('',(0.,-0.0321945,0.018467451));
#7131=CARTESIAN_POINT('',(-0.00187375959415386,-0.0321945,0.0261597045273934));
#7132=CARTESIAN_POINT('',(-0.00206633081392373,-0.0321945,0.0261594182739158));
#7133=CARTESIAN_POINT('',(-0.00382245635449216,-0.0321945,0.0261519986107734));
#7134=CARTESIAN_POINT('',(-0.00737786890751767,-0.0321945,0.0260736458517802));
#7135=CARTESIAN_POINT('',(-0.0110509404600663,-0.0321945,0.0259659908383914));
#7136=CARTESIAN_POINT('',(-0.0122923090694979,-0.0321945,0.0259166847407505));
#7137=CARTESIAN_POINT('',(-0.00187375959415386,-0.0321945,0.0261597045273934));
#7138=CARTESIAN_POINT('',(-0.0122923090694979,-0.0321945,0.0259166847407505));
#7139=CARTESIAN_POINT('',(-0.00187375959415453,-0.0321945,0.0261597045273901));
#7140=CARTESIAN_POINT('',(-0.00181820181041615,-0.0321945,0.0265428807335423));
#7141=CARTESIAN_POINT('',(-0.0015654816043362,-0.0321945,0.0280031035073992));
#7142=CARTESIAN_POINT('',(-0.00107925512556699,-0.0321945,0.0303161582351768));
#7143=CARTESIAN_POINT('',(-0.000670453261670524,-0.0321945,0.0315158719662054));
#7144=CARTESIAN_POINT('',(-0.000647169980049708,-0.0321945,0.0315820843247787));
#7145=CARTESIAN_POINT('',(-0.000647169980049708,-0.0321945,0.0315820843247787));
#7146=CARTESIAN_POINT('',(-0.0112139177486233,-0.0321945,0.0308308186697668));
#7147=CARTESIAN_POINT('',(-0.0109718559264185,-0.0321945,0.0308666907206491));
#7148=CARTESIAN_POINT('',(-0.00877898229097488,-0.0321945,0.0311798386213377));
#7149=CARTESIAN_POINT('',(-0.00367843425746517,-0.0321945,0.0317155559124245));
#7150=CARTESIAN_POINT('',(-0.00168854461470646,-0.0321945,0.0316139093923999));
#7151=CARTESIAN_POINT('',(-0.000649844763727582,-0.0321945,0.0315821659599574));
#7152=CARTESIAN_POINT('',(-0.000647169982693275,-0.0321945,0.0315820843248474));
#7153=CARTESIAN_POINT('',(-0.0112139177582603,-0.0321945,0.0308308186683389));
#7154=CARTESIAN_POINT('',(-0.0112139177582603,-0.0321945,0.0308308186683389));
#7155=CARTESIAN_POINT('',(-0.0112913037146571,-0.0321945,0.0305990529284688));
#7156=CARTESIAN_POINT('',(-0.0116311716764849,-0.0321945,0.0295364670830162));
#7157=CARTESIAN_POINT('',(-0.0120226233114804,-0.0321945,0.0278557961609423));
#7158=CARTESIAN_POINT('',(-0.0122332539964918,-0.0321945,0.0264317170207403));
#7159=CARTESIAN_POINT('',(-0.0122923090799496,-0.0321945,0.0259166847352243));
#7160=CARTESIAN_POINT('',(0.,-0.0321945,0.018467451));
#7161=CARTESIAN_POINT('',(0.00535986990556137,-0.0321945,0.0190673955192441));
#7162=CARTESIAN_POINT('',(0.00507264167101128,-0.0321945,0.0190726732587212));
#7163=CARTESIAN_POINT('',(0.00444466955214497,-0.0321945,0.0190920212765523));
#7164=CARTESIAN_POINT('',(0.00239693689576587,-0.0321945,0.0189334899865495));
#7165=CARTESIAN_POINT('',(0.00161317262425758,-0.0321945,0.0189580014706352));
#7166=CARTESIAN_POINT('',(0.000655250966901443,-0.0321945,0.0189546274906039));
#7167=CARTESIAN_POINT('',(0.000318496500841139,-0.0321945,0.0189529092242551));
#7168=CARTESIAN_POINT('',(0.00535986990556137,-0.0321945,0.0190673955192441));
#7169=CARTESIAN_POINT('',(0.000318496500841139,-0.0321945,0.0189529092242551));
#7170=CARTESIAN_POINT('',(0.00530279093787818,-0.0321945,0.0250070141602068));
#7171=CARTESIAN_POINT('',(0.00529013580973683,-0.0321945,0.0248440971878766));
#7172=CARTESIAN_POINT('',(0.00523012111911394,-0.0321945,0.0238957548440091));
#7173=CARTESIAN_POINT('',(0.00520946545280925,-0.0321945,0.0219077856657394));
#7174=CARTESIAN_POINT('',(0.0051814693507055,-0.0321945,0.0205083866520121));
#7175=CARTESIAN_POINT('',(0.00531417084844212,-0.0321945,0.0193947555554042));
#7176=CARTESIAN_POINT('',(0.00535986990556134,-0.0321945,0.0190673955192443));
#7177=CARTESIAN_POINT('',(0.00530279093794684,-0.0321945,0.0250070141610908));
#7178=CARTESIAN_POINT('',(0.000765999075106338,-0.0321945,-0.0688353661942578));
#7179=CARTESIAN_POINT('',(0.000303128998834996,-0.0321945,0.0251157411823236));
#7180=CARTESIAN_POINT('',(0.000303128998844419,-0.0321945,0.0251157411823895));
#7181=CARTESIAN_POINT('',(0.000277671352525711,-0.0321945,0.0249252117044794));
#7182=CARTESIAN_POINT('',(0.000187881336636985,-0.0321945,0.0242418458286699));
#7183=CARTESIAN_POINT('',(0.000220978476802319,-0.0321945,0.022521394101198));
#7184=CARTESIAN_POINT('',(0.000120882605175037,-0.0321945,0.0208645443486543));
#7185=CARTESIAN_POINT('',(0.000257834365831622,-0.0321945,0.0194692120499903));
#7186=CARTESIAN_POINT('',(0.000318496500822105,-0.0321945,0.0189529092242549));
#7187=CARTESIAN_POINT('',(0.,-0.0321945,0.018467451));
#7188=CARTESIAN_POINT('',(0.000441934708310401,-0.0321945,0.0179793608156096));
#7189=CARTESIAN_POINT('',(0.00205476791515882,-0.0321945,0.0180123571029774));
#7190=CARTESIAN_POINT('',(0.00379682779506893,-0.0321945,0.0180624313092212));
#7191=CARTESIAN_POINT('',(0.00551113643217435,-0.0321945,0.0181008151276596));
#7192=CARTESIAN_POINT('',(0.000441934708312497,-0.0321945,0.0179793608156095));
#7193=CARTESIAN_POINT('',(0.00551113643217435,-0.0321945,0.0181008151276596));
#7194=CARTESIAN_POINT('',(0.000441934708312497,-0.0321945,0.0179793608156095));
#7195=CARTESIAN_POINT('',(0.000470448309484162,-0.0321945,0.0177656222662545));
#7196=CARTESIAN_POINT('',(0.000621350980414848,-0.0321945,0.0166565598271354));
#7197=CARTESIAN_POINT('',(0.000810956404954053,-0.0321945,0.0151714019468095));
#7198=CARTESIAN_POINT('',(0.00140319612527834,-0.0321945,0.0133074829109069));
#7199=CARTESIAN_POINT('',(0.00170115295902355,-0.0321945,0.0125170047598767));
#7200=CARTESIAN_POINT('',(0.00170115295902186,-0.0321945,0.0125170047598809));
#7201=CARTESIAN_POINT('',(0.00170115295902186,-0.0321945,0.0125170047598809));
#7202=CARTESIAN_POINT('',(0.00343337469947418,-0.0321945,0.0126335340832477));
#7203=CARTESIAN_POINT('',(0.00518336020197023,-0.0321945,0.0128686393446057));
#7204=CARTESIAN_POINT('',(0.00693872785133637,-0.0321945,0.0131078936888999));
#7205=CARTESIAN_POINT('',(0.00693872785139351,-0.0321945,0.0131078936887777));
#7206=CARTESIAN_POINT('',(0.0055111364327946,-0.0321945,0.0181008151240442));
#7207=CARTESIAN_POINT('',(0.00558730066579873,-0.0321945,0.0176568617181154));
#7208=CARTESIAN_POINT('',(0.0058633192759624,-0.0321945,0.0162072871146416));
#7209=CARTESIAN_POINT('',(0.00623489289996848,-0.0321945,0.0147314201588191));
#7210=CARTESIAN_POINT('',(0.00676895457141377,-0.0321945,0.0134709168342554));
#7211=CARTESIAN_POINT('',(0.00693872785139351,-0.0321945,0.0131078936887777));
#7212=CARTESIAN_POINT('',(0.,-0.0321945,0.018467451));
#7213=CARTESIAN_POINT('',(-0.0122655960093626,-0.0321945,0.0181874751624302));
#7214=CARTESIAN_POINT('',(-0.0119830001740726,-0.0321945,0.0181732375729242));
#7215=CARTESIAN_POINT('',(-0.0102095727171963,-0.0321945,0.0180899460643578));
#7216=CARTESIAN_POINT('',(-0.00658907224040351,-0.0321945,0.0180179114173802));
#7217=CARTESIAN_POINT('',(-0.00373235356095151,-0.0321945,0.0179371828169809));
#7218=CARTESIAN_POINT('',(-0.00197297791841068,-0.0321945,0.0179456518038294));
#7219=CARTESIAN_POINT('',(-0.00194906486999909,-0.0321945,0.017945775520904));
#7220=CARTESIAN_POINT('',(-0.0122655960067627,-0.0321945,0.018187475165022));
#7221=CARTESIAN_POINT('',(-0.00194906486999909,-0.0321945,0.017945775520904));
#7222=CARTESIAN_POINT('',(-0.0122655960067627,-0.0321945,0.018187475165022));
#7223=CARTESIAN_POINT('',(-0.0122037068335555,-0.0321945,0.0176803606762917));
#7224=CARTESIAN_POINT('',(-0.0119597163991488,-0.0321945,0.016100766420174));
#7225=CARTESIAN_POINT('',(-0.011534104311352,-0.0321945,0.014336500537507));
#7226=CARTESIAN_POINT('',(-0.0111457198166345,-0.0321945,0.0132106761858599));
#7227=CARTESIAN_POINT('',(-0.0111457198310756,-0.0321945,0.0132106761893241));
#7228=CARTESIAN_POINT('',(-0.0111457198310756,-0.0321945,0.0132106761893241));
#7229=CARTESIAN_POINT('',(-0.010643023434102,-0.0321945,0.0131341814635071));
#7230=CARTESIAN_POINT('',(-0.00871282767004791,-0.0321945,0.0128733558092591));
#7231=CARTESIAN_POINT('',(-0.00537404446391264,-0.0321945,0.0126333209048302));
#7232=CARTESIAN_POINT('',(-0.0020754495638575,-0.0321945,0.0124316051793682));
#7233=CARTESIAN_POINT('',(-0.000455358015145627,-0.0321945,0.0124392251680729));
#7234=CARTESIAN_POINT('',(-0.000455358012445316,-0.0321945,0.0124392251685873));
#7235=CARTESIAN_POINT('',(-0.000455358012445316,-0.0321945,0.0124392251685873));
#7236=CARTESIAN_POINT('',(-0.000522404969158496,-0.0321945,0.0126237979704371));
#7237=CARTESIAN_POINT('',(-0.000699012223771767,-0.0321945,0.0131038435034783));
#7238=CARTESIAN_POINT('',(-0.00101577361947415,-0.0321945,0.0139921978862996));
#7239=CARTESIAN_POINT('',(-0.00139780458537959,-0.0321945,0.0153865521078199));
#7240=CARTESIAN_POINT('',(-0.00163183168601494,-0.0321945,0.0164342626793721));
#7241=CARTESIAN_POINT('',(-0.00186191861964484,-0.0321945,0.0174189573930508));
#7242=CARTESIAN_POINT('',(-0.00194906487683288,-0.0321945,0.0179457755293136));
#7243=CARTESIAN_POINT('',(0.,-0.0321945,0.018467451));
#7244=CARTESIAN_POINT('',(-0.0187866631895303,-0.0321945,0.0150155499577523));
#7245=CARTESIAN_POINT('',(-0.0188850118404487,-0.0321945,0.0152931687148592));
#7246=CARTESIAN_POINT('',(-0.0191806139782211,-0.0321945,0.0157758174748163));
#7247=CARTESIAN_POINT('',(-0.0192359632962147,-0.0321945,0.0162984238136547));
#7248=CARTESIAN_POINT('',(-0.019321854816476,-0.0321945,0.0165151670280386));
#7249=CARTESIAN_POINT('',(-0.0187866631895303,-0.0321945,0.0150155499577523));
#7250=CARTESIAN_POINT('',(-0.019321854816476,-0.0321945,0.0165151670280386));
#7251=CARTESIAN_POINT('',(-0.0187866631895303,-0.0321945,0.0150155499577523));
#7252=CARTESIAN_POINT('',(-0.0185236289902337,-0.0321945,0.0149561570888123));
#7253=CARTESIAN_POINT('',(-0.0179846476044893,-0.0321945,0.0148344545441061));
#7254=CARTESIAN_POINT('',(-0.0171594829497267,-0.0321945,0.0144747971292195));
#7255=CARTESIAN_POINT('',(-0.0149887885321432,-0.0321945,0.0139369106878218));
#7256=CARTESIAN_POINT('',(-0.0135558789923362,-0.0321945,0.0136415418318139));
#7257=CARTESIAN_POINT('',(-0.0134152790695912,-0.0321945,0.0136131698139089));
#7258=CARTESIAN_POINT('',(-0.0134152790695359,-0.0321945,0.0136131698136224));
#7259=CARTESIAN_POINT('',(-0.0134152790695359,-0.0321945,0.0136131698136224));
#7260=CARTESIAN_POINT('',(-0.0134765023545078,-0.0321945,0.0138267136952496));
#7261=CARTESIAN_POINT('',(-0.013688359394173,-0.0321945,0.0146567223631757));
#7262=CARTESIAN_POINT('',(-0.0141928626995631,-0.0321945,0.0166676607588266));
#7263=CARTESIAN_POINT('',(-0.0143599515658077,-0.0321945,0.0179034844894942));
#7264=CARTESIAN_POINT('',(-0.0144068145976272,-0.0321945,0.018309215113901));
#7265=CARTESIAN_POINT('',(-0.0144068145976272,-0.0321945,0.018309215113901));
#7266=CARTESIAN_POINT('',(-0.0198282169273283,-0.0321945,0.0188519799412036));
#7267=CARTESIAN_POINT('',(-0.0195822977378146,-0.0321945,0.0188321433962354));
#7268=CARTESIAN_POINT('',(-0.01904114018947,-0.0321945,0.0187888686815444));
#7269=CARTESIAN_POINT('',(-0.0180247055841336,-0.0321945,0.0186519387375179));
#7270=CARTESIAN_POINT('',(-0.0157930858315398,-0.0321945,0.0183864767024728));
#7271=CARTESIAN_POINT('',(-0.0150003831434625,-0.0321945,0.0183445600631507));
#7272=CARTESIAN_POINT('',(-0.0144494229817036,-0.0321945,0.0183117607439509));
#7273=CARTESIAN_POINT('',(-0.0144068145999623,-0.0321945,0.0183092151140319));
#7274=CARTESIAN_POINT('',(-0.0198282169273283,-0.0321945,0.0188519799412036));
#7275=CARTESIAN_POINT('',(-0.019321854816476,-0.0321945,0.0165151670280386));
#7276=CARTESIAN_POINT('',(-0.0193723019893868,-0.0321945,0.0166624762567897));
#7277=CARTESIAN_POINT('',(-0.0194782501614684,-0.0321945,0.0169718522359866));
#7278=CARTESIAN_POINT('',(-0.0196146945893602,-0.0321945,0.0175385886199114));
#7279=CARTESIAN_POINT('',(-0.0197286113517977,-0.0321945,0.0181529375082668));
#7280=CARTESIAN_POINT('',(-0.0197963002163681,-0.0321945,0.0186092897811194));
#7281=CARTESIAN_POINT('',(-0.0198282169272811,-0.0321945,0.0188519799408443));
#7282=CARTESIAN_POINT('',(0.,-0.0321945,0.018467451));
#7283=CARTESIAN_POINT('',(-0.0145196081798188,-0.0321945,0.0193741230986257));
#7284=CARTESIAN_POINT('',(-0.0150850536788315,-0.0321945,0.0194169511067691));
#7285=CARTESIAN_POINT('',(-0.0166958059356739,-0.0321945,0.0195460024640535));
#7286=CARTESIAN_POINT('',(-0.0183442567152225,-0.0321945,0.0196920522253688));
#7287=CARTESIAN_POINT('',(-0.0195834177546629,-0.0321945,0.0198256062693901));
#7288=CARTESIAN_POINT('',(-0.0198528594757398,-0.0321945,0.0198844215078782));
#7289=CARTESIAN_POINT('',(-0.0199471303457371,-0.0321945,0.0199056500527621));
#7290=CARTESIAN_POINT('',(-0.0145196081798188,-0.0321945,0.0193741230986257));
#7291=CARTESIAN_POINT('',(-0.01994713034571,-0.0321945,0.0199056500524689));
#7292=CARTESIAN_POINT('',(-0.0145196081798186,-0.0321945,0.0193741230986253));
#7293=CARTESIAN_POINT('',(-0.0145767301271144,-0.0321945,0.0199299878850468));
#7294=CARTESIAN_POINT('',(-0.0146985492786172,-0.0321945,0.021226508514228));
#7295=CARTESIAN_POINT('',(-0.0145399148104352,-0.0321945,0.0234401368378276));
#7296=CARTESIAN_POINT('',(-0.0145018735892471,-0.0321945,0.0243740819539624));
#7297=CARTESIAN_POINT('',(-0.0144828880432359,-0.0321945,0.0246709715482301));
#7298=CARTESIAN_POINT('',(-0.0144828880432372,-0.0321945,0.02467097154823));
#7299=CARTESIAN_POINT('',(-0.0199658308963391,-0.0321945,0.0242373404908446));
#7300=CARTESIAN_POINT('',(-0.0196013187271146,-0.0321945,0.0242730102584904));
#7301=CARTESIAN_POINT('',(-0.0188640445762961,-0.0321945,0.0243447753447874));
#7302=CARTESIAN_POINT('',(-0.017776694199304,-0.0321945,0.0244453167139456));
#7303=CARTESIAN_POINT('',(-0.0159217174353169,-0.0321945,0.024668303440314));
#7304=CARTESIAN_POINT('',(-0.0151552647491902,-0.0321945,0.0246277477015542));
#7305=CARTESIAN_POINT('',(-0.0145608777960312,-0.0321945,0.0246654491324555));
#7306=CARTESIAN_POINT('',(-0.0144828880432372,-0.0321945,0.02467097154823));
#7307=CARTESIAN_POINT('',(-0.0199658308963391,-0.0321945,0.0242373404908446));
#7308=CARTESIAN_POINT('',(-0.01994713034571,-0.0321945,0.0199056500524689));
#7309=CARTESIAN_POINT('',(-0.0199766168457269,-0.0321945,0.0202254509458661));
#7310=CARTESIAN_POINT('',(-0.0200408605271612,-0.0321945,0.021132579713565));
#7311=CARTESIAN_POINT('',(-0.0199745440668339,-0.0321945,0.0224071247484391));
#7312=CARTESIAN_POINT('',(-0.020033892807036,-0.0321945,0.0232488650528386));
#7313=CARTESIAN_POINT('',(-0.0199810237755035,-0.0321945,0.0240493562630972));
#7314=CARTESIAN_POINT('',(-0.0199658308963391,-0.0321945,0.0242373404908442));
#7315=CARTESIAN_POINT('',(0.,-0.0321945,0.018467451));
#7316=CARTESIAN_POINT('',(-0.0143689996300838,-0.0321945,0.025815831755314));
#7317=CARTESIAN_POINT('',(-0.0145198161674557,-0.0321945,0.0258066381239793));
#7318=CARTESIAN_POINT('',(-0.0157342453135622,-0.0321945,0.0257277552095522));
#7319=CARTESIAN_POINT('',(-0.0171389857713058,-0.0321945,0.0255565752676841));
#7320=CARTESIAN_POINT('',(-0.0189897196704865,-0.0321945,0.0253747600899416));
#7321=CARTESIAN_POINT('',(-0.0197288072899073,-0.0321945,0.0252419591214582));
#7322=CARTESIAN_POINT('',(-0.0198338381063286,-0.0321945,0.0252422108670286));
#7323=CARTESIAN_POINT('',(-0.0198630953367201,-0.0321945,0.0252420340221215));
#7324=CARTESIAN_POINT('',(-0.0143689996300838,-0.0321945,0.025815831755314));
#7325=CARTESIAN_POINT('',(-0.0198630953367201,-0.0321945,0.0252420340221215));
#7326=CARTESIAN_POINT('',(-0.0143689996300794,-0.0321945,0.0258158317553141));
#7327=CARTESIAN_POINT('',(-0.0142654119139957,-0.0321945,0.0265949501443635));
#7328=CARTESIAN_POINT('',(-0.0139457119663927,-0.0321945,0.0284208232595656));
#7329=CARTESIAN_POINT('',(-0.0136376626573736,-0.0321945,0.0296268955369172));
#7330=CARTESIAN_POINT('',(-0.0134193154708728,-0.0321945,0.0303237612135486));
#7331=CARTESIAN_POINT('',(-0.0133709625540238,-0.0321945,0.0304722357635097));
#7332=CARTESIAN_POINT('',(-0.0133709625540238,-0.0321945,0.0304722357635097));
#7333=CARTESIAN_POINT('',(-0.0188015235928472,-0.0321945,0.0290128984320045));
#7334=CARTESIAN_POINT('',(-0.0186446844122079,-0.0321945,0.0290566968771932));
#7335=CARTESIAN_POINT('',(-0.0182269983980267,-0.0321945,0.0291867357547257));
#7336=CARTESIAN_POINT('',(-0.0166278857189403,-0.0321945,0.0297274903926372));
#7337=CARTESIAN_POINT('',(-0.0148829215776332,-0.0321945,0.0301773920731135));
#7338=CARTESIAN_POINT('',(-0.0140470943099805,-0.0321945,0.0303458820887718));
#7339=CARTESIAN_POINT('',(-0.0134673845937687,-0.0321945,0.030454418638732));
#7340=CARTESIAN_POINT('',(-0.0133709625495595,-0.0321945,0.0304722357653929));
#7341=CARTESIAN_POINT('',(-0.0188015235928472,-0.0321945,0.0290128984320045));
#7342=CARTESIAN_POINT('',(-0.0198630953367018,-0.0321945,0.0252420340222724));
#7343=CARTESIAN_POINT('',(-0.019805337154237,-0.0321945,0.0257156519466731));
#7344=CARTESIAN_POINT('',(-0.0196395495083625,-0.0321945,0.0268185632536001));
#7345=CARTESIAN_POINT('',(-0.0193907951154865,-0.0321945,0.0275085359303229));
#7346=CARTESIAN_POINT('',(-0.0190216032819417,-0.0321945,0.0285176458470976));
#7347=CARTESIAN_POINT('',(-0.0188015235934917,-0.0321945,0.0290128984305543));
#7348=CARTESIAN_POINT('',(0.,-0.0321945,0.018467451));
#7349=CARTESIAN_POINT('',(0.00160593401178386,-0.0321945,0.0315151074339626));
#7350=CARTESIAN_POINT('',(0.00219630517406913,-0.0321945,0.0314932538898278));
#7351=CARTESIAN_POINT('',(0.0041341459510457,-0.0321945,0.0314001854606568));
#7352=CARTESIAN_POINT('',(0.00582653826902429,-0.0321945,0.0311638838811689));
#7353=CARTESIAN_POINT('',(0.00699360583242864,-0.0321945,0.0309834232393732));
#7354=CARTESIAN_POINT('',(0.00160593401966681,-0.0321945,0.0315151074336594));
#7355=CARTESIAN_POINT('',(0.00699360583242864,-0.0321945,0.0309834232393732));
#7356=CARTESIAN_POINT('',(0.00160593401966681,-0.0321945,0.0315151074336594));
#7357=CARTESIAN_POINT('',(0.00153138250723476,-0.0321945,0.0313232018361978));
#7358=CARTESIAN_POINT('',(0.00139922941802651,-0.0321945,0.0309359472784606));
#7359=CARTESIAN_POINT('',(0.00123373759680264,-0.0321945,0.0303544777750928));
#7360=CARTESIAN_POINT('',(0.000982096953538315,-0.0321945,0.0295515460144772));
#7361=CARTESIAN_POINT('',(0.000871058459406464,-0.0321945,0.029081991778803));
#7362=CARTESIAN_POINT('',(0.000871058459406464,-0.0321945,0.029081991778803));
#7363=CARTESIAN_POINT('',(0.000871058459406465,-0.0321945,0.029081991778803));
#7364=CARTESIAN_POINT('',(0.000846673379751925,-0.0321945,0.0289612444898985));
#7365=CARTESIAN_POINT('',(0.000800109401199353,-0.0321945,0.0286548348866297));
#7366=CARTESIAN_POINT('',(0.000628485231382298,-0.0321945,0.0277556458977749));
#7367=CARTESIAN_POINT('',(0.000588135920424343,-0.0321945,0.0270862004469434));
#7368=CARTESIAN_POINT('',(0.000525905418355038,-0.0321945,0.0267629490170089));
#7369=CARTESIAN_POINT('',(0.000525905418355038,-0.0321945,0.0267629490170089));
#7370=CARTESIAN_POINT('',(0.000525905418355038,-0.0321945,0.0267629490170089));
#7371=CARTESIAN_POINT('',(0.000484485215724665,-0.0321945,0.0266193806982904));
#7372=CARTESIAN_POINT('',(0.000429569466761262,-0.0321945,0.0264290461007646));
#7373=CARTESIAN_POINT('',(0.000403509210051684,-0.0321945,0.0261906929131989));
#7374=CARTESIAN_POINT('',(0.000398423884723744,-0.0321945,0.0261342033685103));
#7375=CARTESIAN_POINT('',(0.000398423884711882,-0.0321945,0.0261342033685104));
#7376=CARTESIAN_POINT('',(0.00541338784129126,-0.0321945,0.0259572684697121));
#7377=CARTESIAN_POINT('',(0.00518826725330735,-0.0321945,0.0259801392560471));
#7378=CARTESIAN_POINT('',(0.00465128989761281,-0.0321945,0.0260339338765839));
#7379=CARTESIAN_POINT('',(0.00330539992050216,-0.0321945,0.0260339805160853));
#7380=CARTESIAN_POINT('',(0.00150676127124709,-0.0321945,0.0261058373780746));
#7381=CARTESIAN_POINT('',(0.000483623802315563,-0.0321945,0.0261321291206742));
#7382=CARTESIAN_POINT('',(0.000398423884711882,-0.0321945,0.0261342033685104));
#7383=CARTESIAN_POINT('',(0.00541338784224446,-0.0321945,0.0259572684754095));
#7384=CARTESIAN_POINT('',(0.00699360583242873,-0.0321945,0.0309834232393734));
#7385=CARTESIAN_POINT('',(0.00681986834074956,-0.0321945,0.030579857086158));
#7386=CARTESIAN_POINT('',(0.00644350783929786,-0.0321945,0.0296393954570094));
#7387=CARTESIAN_POINT('',(0.00628708522921371,-0.0321945,0.0291154799407756));
#7388=CARTESIAN_POINT('',(0.00580666304923004,-0.0321945,0.0273801036042524));
#7389=CARTESIAN_POINT('',(0.00552557317610589,-0.0321945,0.0265656140434041));
#7390=CARTESIAN_POINT('',(0.00542895670432647,-0.0321945,0.0260503243959719));
#7391=CARTESIAN_POINT('',(0.00541338784224446,-0.0321945,0.0259572684754095));
#7392=CARTESIAN_POINT('',(1.38777878078145E-17,0.,0.0381));
#7393=CARTESIAN_POINT('',(0.0604184974,0.0264795,0.0381));
#7394=CARTESIAN_POINT('',(0.0628314974,0.0264795,0.0381));
#7395=CARTESIAN_POINT('',(0.0604184974,-0.0264795,0.0381));
#7396=CARTESIAN_POINT('',(0.0628314974,-0.0264795,0.0381));
#7397=CARTESIAN_POINT('',(-0.0604184974,-0.0264795,0.0381));
#7398=CARTESIAN_POINT('',(-0.0580054974,-0.0264795,0.0381));
#7399=CARTESIAN_POINT('',(-0.0604164997169971,0.0264774934,0.0381));
#7400=CARTESIAN_POINT('',(-0.0580014931169971,0.0264774934,0.0381));
#7401=CARTESIAN_POINT('',(-0.057785,0.,0.0381));
#7402=CARTESIAN_POINT('',(-0.057785,0.0288925,0.0381));
#7403=CARTESIAN_POINT('',(-0.057785,-0.0288925,0.0381));
#7404=CARTESIAN_POINT('',(0.,0.0288925,0.0381));
#7405=CARTESIAN_POINT('',(0.057785,0.0288925,0.0381));
#7406=CARTESIAN_POINT('',(0.057785,0.,0.0381));
#7407=CARTESIAN_POINT('',(0.057785,-0.0288925,0.0381));
#7408=CARTESIAN_POINT('',(0.,-0.0288925,0.0381));
#7409=CARTESIAN_POINT('',(-0.065509902,-0.0352425,0.0381));
#7410=CARTESIAN_POINT('',(-0.065509902,0.034077402,0.0381));
#7411=CARTESIAN_POINT('',(-0.065509902,-0.0309680864,0.0381));
#7412=CARTESIAN_POINT('',(1.38777878078145E-17,-0.0309680864,0.0381));
#7413=CARTESIAN_POINT('',(0.065509902,-0.0309680864,0.0381));
#7414=CARTESIAN_POINT('',(0.065509902,-1.28982410337904E-17,0.0381));
#7415=CARTESIAN_POINT('',(0.065509902,0.034077402,0.0381));
#7416=CARTESIAN_POINT('',(1.38777878078145E-17,0.034077402,0.0381));
#7417=CARTESIAN_POINT('',(-0.065509902,1.28982410337904E-17,0.036934902));
#7418=CARTESIAN_POINT('',(-0.066675,0.0352425,0.036934902));
#7419=CARTESIAN_POINT('',(-0.066675,-0.0321929662779724,0.036934902));
#7420=CARTESIAN_POINT('',(-0.066675,0.034077402,0.036934902));
#7421=CARTESIAN_POINT('',(-0.066675,-0.0321929662779724,0.036934902));
#7422=CARTESIAN_POINT('',(-0.066675,-0.0321739347208995,0.037315088629586));
#7423=CARTESIAN_POINT('',(-0.0662989743658,-0.0317775469755948,0.0379436392605594));
#7424=CARTESIAN_POINT('',(-0.0657709896143731,-0.0312359560859133,0.0381));
#7425=CARTESIAN_POINT('',(-0.065509902,-0.0309680864,0.0381));
#7426=CARTESIAN_POINT('',(-0.065509902,0.034077402,0.036934902));
#7427=CARTESIAN_POINT('',(0.065509902,2.29396081709711E-19,0.036934902));
#7428=CARTESIAN_POINT('',(0.066675,-0.0321929662779724,0.036934902));
#7429=CARTESIAN_POINT('',(0.066675,-0.0321739347208995,0.037315088629586));
#7430=CARTESIAN_POINT('',(0.0662989743658,-0.0317775469755948,0.0379436392605594));
#7431=CARTESIAN_POINT('',(0.0657709896143731,-0.0312359560859133,0.0381));
#7432=CARTESIAN_POINT('',(0.065509902,-0.0309680864,0.0381));
#7433=CARTESIAN_POINT('',(0.066675,-0.0321929662779724,0.036934902));
#7434=CARTESIAN_POINT('',(0.066675,0.,0.036934902));
#7435=CARTESIAN_POINT('',(0.066675,0.034077402,0.036934902));
#7436=CARTESIAN_POINT('',(0.065509902,0.034077402,0.036934902));
#7437=CARTESIAN_POINT('',(-0.064135,0.0352425,0.036934902));
#7438=CARTESIAN_POINT('',(-0.065405,-0.0263525,0.036934902));
#7439=CARTESIAN_POINT('',(-0.065405,-0.0268785512242138,0.036934902));
#7440=CARTESIAN_POINT('',(-0.0958305256121069,0.00354697438789312,0.036934902));
#7441=CARTESIAN_POINT('',(-0.0600905849462414,-0.0321929662779724,0.036934902));
#7442=CARTESIAN_POINT('',(-0.064135,-0.0321929662779724,0.036934902));
#7443=CARTESIAN_POINT('',(-0.065509902,0.034077402,0.036934902));
#7444=CARTESIAN_POINT('',(-0.065509902,0.0352425,0.036934902));
#7445=CARTESIAN_POINT('',(1.38777878078145E-17,0.0352425,0.036934902));
#7446=CARTESIAN_POINT('',(-0.064135,-5.00100461542863E-19,0.0381));
#7447=CARTESIAN_POINT('',(-0.064135,-0.0263525,0.0368735864));
#7448=CARTESIAN_POINT('',(-0.064135,-0.0263525,0.0050799746));
#7449=CARTESIAN_POINT('',(-0.064135,-0.0263525,0.035664902));
#7450=CARTESIAN_POINT('',(-0.064135,0.0352425,0.035664902));
#7451=CARTESIAN_POINT('',(-0.064135,0.036536619650055,0.0219478970250468));
#7452=CARTESIAN_POINT('',(-0.064135,0.0379544373001099,0.0226307362500936));
#7453=CARTESIAN_POINT('',(-0.064135,0.0379544373001099,0.0200632503113132));
#7454=CARTESIAN_POINT('',(-0.064135,0.0379544373001099,0.0174957643725327));
#7455=CARTESIAN_POINT('',(-0.064135,0.036536619650055,0.0181786026336601));
#7456=CARTESIAN_POINT('',(-0.064135,-5.00100461542863E-19,0.0050799746));
#7457=CARTESIAN_POINT('',(-0.064135,-0.00410525586843525,0.0050799746));
#7458=CARTESIAN_POINT('',(-0.064135,-0.007997571,0.0096515809));
#7459=CARTESIAN_POINT('',(-0.064135,-0.0118898861315647,0.0050799746));
#7460=CARTESIAN_POINT('',(-0.064135,-5.00100461542863E-19,0.0050799746));
#7461=CARTESIAN_POINT('',(-0.064135,0.00931049893605895,0.0283912808350438));
#7462=CARTESIAN_POINT('',(-0.064135,0.0105820707513492,0.0283912808350438));
#7463=CARTESIAN_POINT('',(-0.064135,0.0239673531855516,0.0227344265855512));
#7464=CARTESIAN_POINT('',(-0.064135,0.0264624967855516,0.0227344265855512));
#7465=CARTESIAN_POINT('',(-0.064135,0.0149673531855515,0.0137344265855511));
#7466=CARTESIAN_POINT('',(-0.064135,0.0174624967855515,0.0137344265855511));
#7467=CARTESIAN_POINT('',(-0.064135,0.00596735318555137,0.0227344265855512));
#7468=CARTESIAN_POINT('',(-0.064135,0.00846249678555137,0.0227344265855512));
#7469=CARTESIAN_POINT('',(-0.064135,0.00824983876427935,0.0160169121642789));
#7470=CARTESIAN_POINT('',(-0.064135,0.00952141356427935,0.0160169121642789));
#7471=CARTESIAN_POINT('',(-0.064135,0.020624207435044,0.0170775723360587));
#7472=CARTESIAN_POINT('',(-0.064135,0.021895782235044,0.0170775723360587));
#7473=CARTESIAN_POINT('',(-0.064135,0.0149673531855514,0.0317344265855514));
#7474=CARTESIAN_POINT('',(-0.064135,0.0174625,0.0317344265855514));
#7475=CARTESIAN_POINT('',(0.064135,5.00100461542863E-19,0.036934902));
#7476=CARTESIAN_POINT('',(0.0782092756121069,-0.0140742756121069,0.036934902));
#7477=CARTESIAN_POINT('',(0.0600905849462414,-0.0321929662779724,0.036934902));
#7478=CARTESIAN_POINT('',(0.065405,-0.0268785512242138,0.036934902));
#7479=CARTESIAN_POINT('',(0.065405,2.50050230771431E-19,0.036934902));
#7480=CARTESIAN_POINT('',(1.38777878078145E-17,0.0352425,0.036934902));
#7481=CARTESIAN_POINT('',(0.065509902,0.0352425,0.036934902));
#7482=CARTESIAN_POINT('',(0.065509902,0.034077402,0.036934902));
#7483=CARTESIAN_POINT('',(0.066675,-0.0321929662779724,0.036934902));
#7484=CARTESIAN_POINT('',(0.064135,5.00100461542863E-19,0.0381));
#7485=CARTESIAN_POINT('',(0.064135,5.00100461542863E-19,0.035664902));
#7486=CARTESIAN_POINT('',(0.064135,-0.0263525,0.035664902));
#7487=CARTESIAN_POINT('',(0.064135,-0.0263525,0.0381));
#7488=CARTESIAN_POINT('',(0.064135,-0.0263525,0.0050799746));
#7489=CARTESIAN_POINT('',(0.064135,0.034077402,0.0050799746));
#7490=CARTESIAN_POINT('',(0.064135,-0.0118898861300731,0.0050799746));
#7491=CARTESIAN_POINT('',(0.064135,-0.007997571,0.00965158090127));
#7492=CARTESIAN_POINT('',(0.064135,-0.00410525586992692,0.0050799746));
#7493=CARTESIAN_POINT('',(0.064135,0.034077402,0.0050799746));
#7494=CARTESIAN_POINT('',(0.064135,0.036536619650055,0.0181786026336601));
#7495=CARTESIAN_POINT('',(0.064135,0.0379544373001099,0.0174957643725327));
#7496=CARTESIAN_POINT('',(0.064135,0.0379544373001098,0.0200632503113132));
#7497=CARTESIAN_POINT('',(0.064135,0.0379544373001098,0.0226307362500936));
#7498=CARTESIAN_POINT('',(0.064135,0.036536619650055,0.0219478970250468));
#7499=CARTESIAN_POINT('',(0.041275,-0.00430000689749116,0.0127328843200274));
#7500=CARTESIAN_POINT('',(0.057785,-0.00430000689749117,0.0127328843200274));
#7501=CARTESIAN_POINT('',(0.057785,-0.00430000689749117,0.0136091843200274));
#7502=CARTESIAN_POINT('',(0.0625602,-0.00430000689749117,0.0127328843200274));
#7503=CARTESIAN_POINT('',(0.0625602,-0.00342370689749117,0.0127328843200274));
#7504=CARTESIAN_POINT('',(0.041275,-0.007997571,0.00965158090127));
#7505=CARTESIAN_POINT('',(0.057785,-0.007997571,0.00965158090127));
#7506=CARTESIAN_POINT('',(0.057785,-0.007997571,0.01291548090127));
#7507=CARTESIAN_POINT('',(0.0625602,-0.007997571,0.00965158090127));
#7508=CARTESIAN_POINT('',(0.0625602,-0.004733671,0.00965158090127));
#7509=CARTESIAN_POINT('',(0.041275,-0.0116951351025089,0.00657027748251259));
#7510=CARTESIAN_POINT('',(0.057785,-0.0116951351025089,0.00657027748251259));
#7511=CARTESIAN_POINT('',(0.057785,-0.0116951351025089,0.00744657748251259));
#7512=CARTESIAN_POINT('',(0.0625602,-0.0116951351025089,0.00657027748251259));
#7513=CARTESIAN_POINT('',(0.0625602,-0.0108188351025089,0.00657027748251259));
#7514=CARTESIAN_POINT('',(-0.041275,-0.00430000689749115,0.00657027748124259));
#7515=CARTESIAN_POINT('',(-0.057785,-0.00430000689749115,0.00657027748124259));
#7516=CARTESIAN_POINT('',(-0.057785,-0.00430000689749115,0.00744657748124259));
#7517=CARTESIAN_POINT('',(-0.0625602,-0.00430000689749115,0.00657027748124259));
#7518=CARTESIAN_POINT('',(-0.0625602,-0.00517630689749115,0.00657027748124259));
#7519=CARTESIAN_POINT('',(-0.041275,-0.0116951351025089,0.0127328843187574));
#7520=CARTESIAN_POINT('',(-0.057785,-0.0116951351025088,0.0127328843187574));
#7521=CARTESIAN_POINT('',(-0.057785,-0.0116951351025088,0.0136091843187574));
#7522=CARTESIAN_POINT('',(-0.0625602,-0.0116951351025088,0.0127328843187574));
#7523=CARTESIAN_POINT('',(-0.0625602,-0.0125714351025088,0.0127328843187574));
#7524=CARTESIAN_POINT('',(-0.041275,-0.007997571,0.0096515809));
#7525=CARTESIAN_POINT('',(-0.057785,-0.007997571,0.0096515809));
#7526=CARTESIAN_POINT('',(-0.057785,-0.007997571,0.0129154809));
#7527=CARTESIAN_POINT('',(-0.0625602,-0.007997571,0.0096515809));
#7528=CARTESIAN_POINT('',(-0.0625602,-0.011261471,0.0096515809));
#7529=CARTESIAN_POINT('',(-0.0413100012,0.0159385,0.01905));
#7530=CARTESIAN_POINT('',(-0.0413100012,0.0301625,0.0204152080173592));
#7531=CARTESIAN_POINT('',(-0.0413100012,0.0301625,0.0204152080173592));
#7532=CARTESIAN_POINT('',(-0.0413100012,0.0301625,0.01905));
#7533=CARTESIAN_POINT('',(-0.0413100012,0.0301625,0.0276252218169898));
#7534=CARTESIAN_POINT('',(-0.0413100012,0.0301625,0.0276252218169898));
#7535=CARTESIAN_POINT('',(-0.0413100012,0.0352425,0.0355599746));
#7536=CARTESIAN_POINT('',(-0.0413100012,0.0301625254,0.03048));
#7537=CARTESIAN_POINT('',(-0.0413100012,0.0159385,0.03048));
#7538=CARTESIAN_POINT('',(-0.0413100012,0.0288925,0.03048));
#7539=CARTESIAN_POINT('',(-0.0413100012,0.0288925,0.00381));
#7540=CARTESIAN_POINT('',(-0.0413100012,0.0288925,0.00762));
#7541=CARTESIAN_POINT('',(-0.0413100012,0.0159385,0.00762));
#7542=CARTESIAN_POINT('',(0.,0.0288925,0.00381));
#7543=CARTESIAN_POINT('',(-0.057785,0.0288925,0.00381));
#7544=CARTESIAN_POINT('',(-0.057785,0.0288925,0.00381));
#7545=CARTESIAN_POINT('',(0.,0.0288925,0.00381));
#7546=CARTESIAN_POINT('',(0.057785,0.0288925,0.00381));
#7547=CARTESIAN_POINT('',(0.057785,0.0288925,0.00381));
#7548=CARTESIAN_POINT('',(2.23989705932526E-18,0.0288925,0.03048));
#7549=CARTESIAN_POINT('',(0.0413100012,0.0288925,0.03048));
#7550=CARTESIAN_POINT('',(0.0413100012,0.0288925,0.00381));
#7551=CARTESIAN_POINT('',(0.0413100012,0.0288925,0.00762));
#7552=CARTESIAN_POINT('',(4.79977941283984E-19,0.0288925,0.00762));
#7553=CARTESIAN_POINT('',(-0.057785,0.,0.00381));
#7554=CARTESIAN_POINT('',(-0.057785,0.00931049893605895,0.0283912808350438));
#7555=CARTESIAN_POINT('',(-0.057785,0.00931049893605895,0.0271197090197535));
#7556=CARTESIAN_POINT('',(-0.057785,0.0239673531855516,0.0227344265855512));
#7557=CARTESIAN_POINT('',(-0.057785,0.0239673531855516,0.0202392829855512));
#7558=CARTESIAN_POINT('',(-0.057785,0.0149673531855515,0.0137344265855511));
#7559=CARTESIAN_POINT('',(-0.057785,0.0149673531855515,0.0112392829855511));
#7560=CARTESIAN_POINT('',(-0.057785,0.00596735318555137,0.0227344265855512));
#7561=CARTESIAN_POINT('',(-0.057785,0.00596735318555137,0.0202392829855512));
#7562=CARTESIAN_POINT('',(-0.057785,0.00824983876427935,0.0160169121642789));
#7563=CARTESIAN_POINT('',(-0.057785,0.00824983876427935,0.0147453373642789));
#7564=CARTESIAN_POINT('',(-0.057785,0.020624207435044,0.0170775723360587));
#7565=CARTESIAN_POINT('',(-0.057785,0.020624207435044,0.0158059975360587));
#7566=CARTESIAN_POINT('',(-0.057785,0.0149673531855514,0.0317344265855514));
#7567=CARTESIAN_POINT('',(-0.057785,0.0149673531855514,0.0292392797711028));
#7568=CARTESIAN_POINT('',(-0.057785,-0.0288925,0.00381));
#7569=CARTESIAN_POINT('',(-0.057785,-0.0288925,0.00381));
#7570=CARTESIAN_POINT('',(-0.057785,0.,0.00381));
#7571=CARTESIAN_POINT('',(0.,-0.0288925,0.00381));
#7572=CARTESIAN_POINT('',(0.057785,-0.0288925,0.00381));
#7573=CARTESIAN_POINT('',(0.057785,-0.0288925,0.00381));
#7574=CARTESIAN_POINT('',(0.,-0.0288925,0.00381));
#7575=CARTESIAN_POINT('',(0.057785,0.,0.00381));
#7576=CARTESIAN_POINT('',(0.057785,0.,0.00381));
#7577=CARTESIAN_POINT('',(0.,0.,0.00381));
#7578=CARTESIAN_POINT('',(1.38777878078145E-17,0.0159385,0.03048));
#7579=CARTESIAN_POINT('',(1.38777878078145E-17,0.0301625254,0.03048));
#7580=CARTESIAN_POINT('',(0.0413100012,0.0301625254,0.03048));
#7581=CARTESIAN_POINT('',(0.0413100012,0.0159385,0.03048));
#7582=CARTESIAN_POINT('',(0.0413100012,0.0159385,0.01905));
#7583=CARTESIAN_POINT('',(0.0413100012,0.0301625,0.01905));
#7584=CARTESIAN_POINT('',(0.0413100012,0.0301625,0.0204152080173592));
#7585=CARTESIAN_POINT('',(0.0413100012,0.0301625,0.0276252218169898));
#7586=CARTESIAN_POINT('',(0.0413100012,0.0301625,0.0204152080173592));
#7587=CARTESIAN_POINT('',(0.0413100012,0.0159385,0.00762));
#7588=CARTESIAN_POINT('',(0.0413100012,0.0173355127,0.0176529873));
#7589=CARTESIAN_POINT('',(0.0413100012,0.0301625,0.0276252218169898));
#7590=CARTESIAN_POINT('',(1.38777878078145E-17,0.0159385,0.00762));
#7591=CARTESIAN_POINT('',(-0.083185,0.0149673531855514,0.0317344265855514));
#7592=CARTESIAN_POINT('',(-0.083185,0.020624207435044,0.0170775723360587));
#7593=CARTESIAN_POINT('',(-0.083185,0.00824983876427935,0.0160169121642789));
#7594=CARTESIAN_POINT('',(-0.083185,0.00596735318555137,0.0227344265855512));
#7595=CARTESIAN_POINT('',(-0.083185,0.0149673531855515,0.0137344265855511));
#7596=CARTESIAN_POINT('',(-0.083185,0.0239673531855516,0.0227344265855512));
#7597=CARTESIAN_POINT('',(-0.083185,0.00931049893605895,0.0283912808350438));
#7598=CARTESIAN_POINT('',(1.38777878078145E-17,0.034077402,0.036934902));
#7599=CARTESIAN_POINT('',(-0.065509902,0.034077402,0.036934902));
#7600=CARTESIAN_POINT('',(0.065509902,0.034077402,0.036934902));
#7601=CARTESIAN_POINT('',(-0.065509902,0.034077402,0.036934902));
#7602=CARTESIAN_POINT('',(0.065509902,0.034077402,0.036934902));
#7603=CARTESIAN_POINT('',(-0.0400248944828255,0.0301625,0.0240202149171745));
#7604=CARTESIAN_POINT('',(-0.0400248944828255,0.0301625,0.0240202149171745));
#7605=CARTESIAN_POINT('',(0.,0.0301625,0.0240202149171745));
#7606=CARTESIAN_POINT('',(-0.0393309838273098,0.0301625,0.0238335753691526));
#7607=CARTESIAN_POINT('',(-0.0393309838273098,0.0301625,0.0256722178691526));
#7608=CARTESIAN_POINT('',(0.0400248944828255,0.0301625,0.0240202149171745));
#7609=CARTESIAN_POINT('',(0.0400248944828255,0.0301625,0.0240202149171745));
#7610=CARTESIAN_POINT('',(0.,0.0301625,0.0240202149171745));
#7611=CARTESIAN_POINT('',(0.0393345918974518,0.0301625,0.0238206437284963));
#7612=CARTESIAN_POINT('',(0.0393345918974518,0.0301625,0.0256592862284963));
#7613=CARTESIAN_POINT('',(0.0393345918974518,0.0098425,0.0238206437284963));
#7614=CARTESIAN_POINT('',(-0.0393309838273098,0.0098425,0.0238335753691526));
#7615=CARTESIAN_POINT('',(-0.0604164997169971,0.0264774934,0.0346));
#7616=CARTESIAN_POINT('',(-0.0604164997169971,0.0264774934,0.0346));
#7617=CARTESIAN_POINT('',(-0.0580014931169971,0.0264774934,0.0346));
#7618=CARTESIAN_POINT('',(-4.45849857033665E-9,0.,0.0346));
#7619=CARTESIAN_POINT('',(-0.0604184974,-0.0264795,0.0346));
#7620=CARTESIAN_POINT('',(-0.0604184974,-0.0264795,0.0346));
#7621=CARTESIAN_POINT('',(-0.0580054974,-0.0264795,0.0346));
#7622=CARTESIAN_POINT('',(-4.45849857033665E-9,0.,0.0346));
#7623=CARTESIAN_POINT('',(0.0604184974,-0.0264795,0.0346));
#7624=CARTESIAN_POINT('',(0.0604184974,-0.0264795,0.0346));
#7625=CARTESIAN_POINT('',(0.0628314974,-0.0264795,0.0346));
#7626=CARTESIAN_POINT('',(-4.45849857033665E-9,0.,0.0346));
#7627=CARTESIAN_POINT('',(0.0604184974,0.0264795,0.0346));
#7628=CARTESIAN_POINT('',(0.0604184974,0.0264795,0.0346));
#7629=CARTESIAN_POINT('',(0.0628314974,0.0264795,0.0346));
#7630=CARTESIAN_POINT('',(-4.45849857033665E-9,0.,0.0346));
#7631=CARTESIAN_POINT('',(-0.0625602,-0.007997571,0.0096515809));
#7632=CARTESIAN_POINT('',(-0.0625602,-0.007997571,0.0096515809));
#7633=CARTESIAN_POINT('',(-0.0625602,-0.0140017113419314,0.0096515809));
#7634=CARTESIAN_POINT('',(-0.0687066063,-0.007997571,0.0096515809));
#7635=CARTESIAN_POINT('',(-0.0625602,-0.007997571,0.0096515809));
#7636=CARTESIAN_POINT('',(0.0625602,-0.007997571,0.00965158090127));
#7637=CARTESIAN_POINT('',(0.06870660630127,-0.007997571,0.00965158090127));
#7638=CARTESIAN_POINT('',(0.0625602,-0.007997571,0.00965158090127));
#7639=CARTESIAN_POINT('',(0.0625602,-0.00199343065806864,0.00965158090127));
#7640=CARTESIAN_POINT('',(0.0625602,-0.007997571,0.00965158090127));
#7641=CARTESIAN_POINT('',(1.38777878078145E-17,-0.0309680864,0.0368735864));
#7642=CARTESIAN_POINT('',(0.0612287514711088,-0.0309680864,0.0368735864));
#7643=CARTESIAN_POINT('',(-0.0612287514711088,-0.0309680864,0.0368735864));
#7644=CARTESIAN_POINT('',(-0.064135,-5.00100461542863E-19,0.0050799746));
#7645=CARTESIAN_POINT('',(-0.0534035,-0.021463,-0.0056515254));
#7646=CARTESIAN_POINT('',(-0.061214,-0.0292735,0.0021589746));
#7647=CARTESIAN_POINT('',(-0.0729191666666667,-0.0175683333333333,0.0138641412666667));
#7648=CARTESIAN_POINT('',(-0.0523875,0.023495,-0.0066675254));
#7649=CARTESIAN_POINT('',(0.,-0.0321945,0.0050799746));
#7650=CARTESIAN_POINT('',(0.0427566666666667,-0.0108161666666667,-0.0162983587333333));
#7651=CARTESIAN_POINT('',(0.061214,-0.0292735,0.0021589746));
#7652=CARTESIAN_POINT('',(0.038862,-0.0516255,0.0245109746));
#7653=CARTESIAN_POINT('',(-0.038862,-0.0516255,0.0245109746));
#7654=CARTESIAN_POINT('',(0.0590550254,-1.16273407318762E-17,0.));
#7655=CARTESIAN_POINT('',(0.0695325169333333,-0.0209549830666667,0.0104774915333333));
#7656=CARTESIAN_POINT('',(0.0490008502666667,0.0201083502666667,-0.0100541751333333));
#7657=CARTESIAN_POINT('',(1.38777878078145E-17,0.0301625254,0.));
#7658=CARTESIAN_POINT('',(1.36644621451196E-17,0.0352425,0.0355599746));
#7659=CARTESIAN_POINT('',(-0.058293,-0.0321945,0.018467451));
#7660=CARTESIAN_POINT('',(-0.058293,-0.0321945,0.035664902));
#7661=CARTESIAN_POINT('',(0.064135,-0.0263525,0.0381));
#7662=CARTESIAN_POINT('',(0.064135,-0.0263525,0.035664902));
#7663=CARTESIAN_POINT('',(0.0366747308077919,-0.0318134999999845,0.0234779592874234));
#7664=CARTESIAN_POINT('',(0.00535986990556137,-0.0318135,0.0190673955192441));
#7665=CARTESIAN_POINT('',(0.00535986990556137,-0.0318135,0.0190673955192441));
#7666=CARTESIAN_POINT('',(0.00535986990556137,-0.0320675,0.0190673955192441));
#7667=CARTESIAN_POINT('',(0.0366747308077919,-0.0320675,0.0234779592874234));
#7668=CARTESIAN_POINT('',(0.00551113643217435,-0.0320675,0.0181008151276596));
#7669=CARTESIAN_POINT('',(0.00551113643217435,-0.0318135,0.0181008151276596));
#7670=CARTESIAN_POINT('',(0.00551113643217435,-0.0318135,0.0181008151276596));
#7671=CARTESIAN_POINT('',(0.0366747308077919,-0.0318135,0.0234779592874234));
#7672=CARTESIAN_POINT('',(0.0055111364327946,-0.0318135,0.0181008151240442));
#7673=CARTESIAN_POINT('',(0.0055111364327946,-0.0321945,0.0181008151240442));
#7674=CARTESIAN_POINT('',(0.00559278347728153,-0.0318135,0.0176249029792712));
#7675=CARTESIAN_POINT('',(0.00559278347728153,-0.0321945,0.0176249029792712));
#7676=CARTESIAN_POINT('',(0.00577446384789261,-0.0318135,0.0166752677573816));
#7677=CARTESIAN_POINT('',(0.00577446384789261,-0.0321945,0.0166752677573816));
#7678=CARTESIAN_POINT('',(0.00605309161361733,-0.0318135,0.0154618510120412));
#7679=CARTESIAN_POINT('',(0.00605309161361733,-0.0321945,0.0154618510120412));
#7680=CARTESIAN_POINT('',(0.00641404487688952,-0.0318135,0.0143108463111103));
#7681=CARTESIAN_POINT('',(0.00641404487688952,-0.0321945,0.0143108463111103));
#7682=CARTESIAN_POINT('',(0.0067609780697043,-0.0318135,0.0134879728441342));
#7683=CARTESIAN_POINT('',(0.0067609780697043,-0.0321945,0.0134879728441342));
#7684=CARTESIAN_POINT('',(0.00693872785139351,-0.0318135,0.0131078936887777));
#7685=CARTESIAN_POINT('',(0.00693872785139351,-0.0321945,0.0131078936887777));
#7686=CARTESIAN_POINT('',(0.00693872785139351,-0.0320675,0.0131078936887777));
#7687=CARTESIAN_POINT('',(0.00693872785139351,-0.0320675,0.0131078936887777));
#7688=CARTESIAN_POINT('',(0.00693872785139351,-0.0318135,0.0131078936887777));
#7689=CARTESIAN_POINT('',(0.00693872785139351,-0.0318135,0.0131078936887777));
#7690=CARTESIAN_POINT('',(0.0055111364327946,-0.0318135,0.0181008151240442));
#7691=CARTESIAN_POINT('',(0.00558730066579873,-0.0318135,0.0176568617181154));
#7692=CARTESIAN_POINT('',(0.0058633192759624,-0.0318135,0.0162072871146416));
#7693=CARTESIAN_POINT('',(0.00623489289996848,-0.0318135,0.0147314201588191));
#7694=CARTESIAN_POINT('',(0.00676895457141377,-0.0318135,0.0134709168342554));
#7695=CARTESIAN_POINT('',(0.00693872785139351,-0.0318135,0.0131078936887777));
#7696=CARTESIAN_POINT('',(0.00551113643217435,-0.0320675,0.0181008151276596));
#7697=CARTESIAN_POINT('',(0.0172122187908242,-0.0318135,0.0178328764420136));
#7698=CARTESIAN_POINT('',(0.0172122187908242,-0.0320675,0.0178328764420136));
#7699=CARTESIAN_POINT('',(0.00744364047515198,-0.0320675,0.0121394465077521));
#7700=CARTESIAN_POINT('',(0.00744364047515198,-0.0318135,0.0121394465077521));
#7701=CARTESIAN_POINT('',(0.00744364047515198,-0.0318135,0.0121394465077521));
#7702=CARTESIAN_POINT('',(0.0172122187908242,-0.0318135,0.0178328764420136));
#7703=CARTESIAN_POINT('',(0.00744364047515815,-0.0318135,0.0121394465077438));
#7704=CARTESIAN_POINT('',(0.00744364047515815,-0.0321945,0.0121394465077438));
#7705=CARTESIAN_POINT('',(0.00757932692079123,-0.0318135,0.011912490300165));
#7706=CARTESIAN_POINT('',(0.00757932692079123,-0.0321945,0.011912490300165));
#7707=CARTESIAN_POINT('',(0.00781521307353938,-0.0318135,0.0115886682832582));
#7708=CARTESIAN_POINT('',(0.00781521307353938,-0.0321945,0.0115886682832582));
#7709=CARTESIAN_POINT('',(0.0082222024983026,-0.0318135,0.0111117894061817));
#7710=CARTESIAN_POINT('',(0.0082222024983026,-0.0321945,0.0111117894061817));
#7711=CARTESIAN_POINT('',(0.00876402396530268,-0.0318135,0.0104622343511333));
#7712=CARTESIAN_POINT('',(0.00876402396530268,-0.0321945,0.0104622343511333));
#7713=CARTESIAN_POINT('',(0.00937660707848863,-0.0318135,0.00993680542837607));
#7714=CARTESIAN_POINT('',(0.00937660707848863,-0.0321945,0.00993680542837607));
#7715=CARTESIAN_POINT('',(0.00994916426493657,-0.0318135,0.00962837222725945));
#7716=CARTESIAN_POINT('',(0.00994916426493657,-0.0321945,0.00962837222725945));
#7717=CARTESIAN_POINT('',(0.0101323102303277,-0.0318135,0.0094323855984019));
#7718=CARTESIAN_POINT('',(0.0101323102303277,-0.0321945,0.0094323855984019));
#7719=CARTESIAN_POINT('',(0.0108335377941459,-0.0318135,0.00964199356581695));
#7720=CARTESIAN_POINT('',(0.0108335377941459,-0.0321945,0.00964199356581695));
#7721=CARTESIAN_POINT('',(0.0114787474994681,-0.0318135,0.00991689178573072));
#7722=CARTESIAN_POINT('',(0.0114787474994681,-0.0321945,0.00991689178573072));
#7723=CARTESIAN_POINT('',(0.011801276416466,-0.0318135,0.0100542642176151));
#7724=CARTESIAN_POINT('',(0.011801276416466,-0.0321945,0.0100542642176151));
#7725=CARTESIAN_POINT('',(0.011801276416466,-0.0318135,0.0100542642176151));
#7726=CARTESIAN_POINT('',(0.011801276416466,-0.0318135,0.0100542642176151));
#7727=CARTESIAN_POINT('',(0.00744364047515815,-0.0318135,0.0121394465077438));
#7728=CARTESIAN_POINT('',(0.00745822198211734,-0.0318135,0.0121150567206519));
#7729=CARTESIAN_POINT('',(0.00768229114033952,-0.0318135,0.0117461025179045));
#7730=CARTESIAN_POINT('',(0.0080743690662718,-0.0318135,0.0113002307535138));
#7731=CARTESIAN_POINT('',(0.00902583315000873,-0.0318135,0.0101196768095401));
#7732=CARTESIAN_POINT('',(0.00992731558980443,-0.0318135,0.00964330653081107));
#7733=CARTESIAN_POINT('',(0.010220710511702,-0.0318135,0.00938029889106608));
#7734=CARTESIAN_POINT('',(0.0111491919141047,-0.0318135,0.00977652653530965));
#7735=CARTESIAN_POINT('',(0.011801276416466,-0.0318135,0.0100542642176151));
#7736=CARTESIAN_POINT('',(0.00744364047515198,-0.0320675,0.0121394465077521));
#7737=CARTESIAN_POINT('',(0.011801276416466,-0.0318135,0.0100542642176151));
#7738=CARTESIAN_POINT('',(0.011801276416466,-0.0321945,0.0100542642176151));
#7739=CARTESIAN_POINT('',(0.0120438931575156,-0.0318135,0.010150583336121));
#7740=CARTESIAN_POINT('',(0.0120438931575156,-0.0321945,0.010150583336121));
#7741=CARTESIAN_POINT('',(0.0125605278600359,-0.0318135,0.0103376844183892));
#7742=CARTESIAN_POINT('',(0.0125605278600359,-0.0321945,0.0103376844183892));
#7743=CARTESIAN_POINT('',(0.0136821752081649,-0.0318135,0.0108030759752353));
#7744=CARTESIAN_POINT('',(0.0136821752081649,-0.0321945,0.0108030759752353));
#7745=CARTESIAN_POINT('',(0.0144816808260736,-0.0318135,0.0116886798910934));
#7746=CARTESIAN_POINT('',(0.0144816808260736,-0.0321945,0.0116886798910934));
#7747=CARTESIAN_POINT('',(0.0152408892437222,-0.0318135,0.0129573860261502));
#7748=CARTESIAN_POINT('',(0.0152408892437222,-0.0321945,0.0129573860261502));
#7749=CARTESIAN_POINT('',(0.0159499117675328,-0.0318135,0.0147027444472337));
#7750=CARTESIAN_POINT('',(0.0159499117675328,-0.0321945,0.0147027444472337));
#7751=CARTESIAN_POINT('',(0.0165011037179355,-0.0318135,0.0171096285148625));
#7752=CARTESIAN_POINT('',(0.0165011037179355,-0.0321945,0.0171096285148625));
#7753=CARTESIAN_POINT('',(0.0167999587117342,-0.0318135,0.0191634884254445));
#7754=CARTESIAN_POINT('',(0.0167999587117342,-0.0321945,0.0191634884254445));
#7755=CARTESIAN_POINT('',(0.0169227872887878,-0.0318135,0.0205005474135977));
#7756=CARTESIAN_POINT('',(0.0169227872887878,-0.0321945,0.0205005474135977));
#7757=CARTESIAN_POINT('',(0.016964910341198,-0.0318135,0.0215476085532018));
#7758=CARTESIAN_POINT('',(0.016964910341198,-0.0321945,0.0215476085532018));
#7759=CARTESIAN_POINT('',(0.0169308852463177,-0.0318135,0.0225499411533339));
#7760=CARTESIAN_POINT('',(0.0169308852463177,-0.0321945,0.0225499411533339));
#7761=CARTESIAN_POINT('',(0.0169026271822441,-0.0318135,0.0238511925642654));
#7762=CARTESIAN_POINT('',(0.0169026271822441,-0.0321945,0.0238511925642654));
#7763=CARTESIAN_POINT('',(0.0168030074624816,-0.0318135,0.025443111994414));
#7764=CARTESIAN_POINT('',(0.0168030074624816,-0.0321945,0.025443111994414));
#7765=CARTESIAN_POINT('',(0.0165180590470922,-0.0318135,0.0273422677426315));
#7766=CARTESIAN_POINT('',(0.0165180590470922,-0.0321945,0.0273422677426315));
#7767=CARTESIAN_POINT('',(0.0158968565141982,-0.0318135,0.0295150895898703));
#7768=CARTESIAN_POINT('',(0.0158968565141982,-0.0321945,0.0295150895898703));
#7769=CARTESIAN_POINT('',(0.0149870482623285,-0.0318135,0.0315926749238505));
#7770=CARTESIAN_POINT('',(0.0149870482623285,-0.0321945,0.0315926749238505));
#7771=CARTESIAN_POINT('',(0.0138648606402513,-0.0318135,0.0330894111855062));
#7772=CARTESIAN_POINT('',(0.0138648606402513,-0.0321945,0.0330894111855062));
#7773=CARTESIAN_POINT('',(0.0129924831716886,-0.0318135,0.0336623484915291));
#7774=CARTESIAN_POINT('',(0.0129924831716886,-0.0321945,0.0336623484915291));
#7775=CARTESIAN_POINT('',(0.0125262998044429,-0.0318135,0.0338655523955849));
#7776=CARTESIAN_POINT('',(0.0125262998044429,-0.0321945,0.0338655523955849));
#7777=CARTESIAN_POINT('',(0.0125262998044491,-0.0318135,0.0338655523955822));
#7778=CARTESIAN_POINT('',(0.0125262998044491,-0.0318135,0.0338655523955822));
#7779=CARTESIAN_POINT('',(0.011801276416466,-0.0318135,0.0100542642176151));
#7780=CARTESIAN_POINT('',(0.0120126300825842,-0.0318135,0.0101381718602841));
#7781=CARTESIAN_POINT('',(0.0125156221831927,-0.0318135,0.0103267266574741));
#7782=CARTESIAN_POINT('',(0.0137512868890549,-0.0318135,0.0108076818886495));
#7783=CARTESIAN_POINT('',(0.0148224102799181,-0.0318135,0.0121283126288138));
#7784=CARTESIAN_POINT('',(0.0161970846836091,-0.0318135,0.014908708270588));
#7785=CARTESIAN_POINT('',(0.0170029729705268,-0.0318135,0.020287630186184));
#7786=CARTESIAN_POINT('',(0.0169335675873407,-0.0318135,0.0223713491466355));
#7787=CARTESIAN_POINT('',(0.0168958580808865,-0.0318135,0.0243948532773988));
#7788=CARTESIAN_POINT('',(0.0165812084288693,-0.0318135,0.027697133702512));
#7789=CARTESIAN_POINT('',(0.0149247566380918,-0.0318135,0.0321766161408823));
#7790=CARTESIAN_POINT('',(0.0133094758939327,-0.0318135,0.0335241750532577));
#7791=CARTESIAN_POINT('',(0.0125262998044429,-0.0318135,0.0338655523955849));
#7792=CARTESIAN_POINT('',(0.0125262998044429,-0.0318135,0.0338655523955849));
#7793=CARTESIAN_POINT('',(0.0125262998044429,-0.0321945,0.0338655523955849));
#7794=CARTESIAN_POINT('',(0.0118014174918572,-0.0318135,0.0341815201590182));
#7795=CARTESIAN_POINT('',(0.0118014174918572,-0.0321945,0.0341815201590182));
#7796=CARTESIAN_POINT('',(0.0110046110817503,-0.0318135,0.0342902147657095));
#7797=CARTESIAN_POINT('',(0.0110046110817503,-0.0321945,0.0342902147657095));
#7798=CARTESIAN_POINT('',(0.0102395238959644,-0.0318135,0.0345094799995423));
#7799=CARTESIAN_POINT('',(0.0102395238959644,-0.0321945,0.0345094799995423));
#7800=CARTESIAN_POINT('',(0.0102395238959644,-0.0318135,0.0345094799995423));
#7801=CARTESIAN_POINT('',(0.0102395238959644,-0.0318135,0.0345094799995423));
#7802=CARTESIAN_POINT('',(0.0125262998044429,-0.0318135,0.0338655523955849));
#7803=CARTESIAN_POINT('',(0.0118014174918572,-0.0318135,0.0341815201590182));
#7804=CARTESIAN_POINT('',(0.0110046110817503,-0.0318135,0.0342902147657095));
#7805=CARTESIAN_POINT('',(0.0102395238959644,-0.0318135,0.0345094799995423));
#7806=CARTESIAN_POINT('',(0.0102395238959644,-0.0318135,0.0345094799995423));
#7807=CARTESIAN_POINT('',(0.0102395238959644,-0.0321945,0.0345094799995423));
#7808=CARTESIAN_POINT('',(0.00994030625592244,-0.0318135,0.0344484114331585));
#7809=CARTESIAN_POINT('',(0.00994030625592244,-0.0321945,0.0344484114331585));
#7810=CARTESIAN_POINT('',(0.0095329667787307,-0.0318135,0.0343106721586286));
#7811=CARTESIAN_POINT('',(0.0095329667787307,-0.0321945,0.0343106721586286));
#7812=CARTESIAN_POINT('',(0.00903439175841357,-0.0318135,0.0338777914155536));
#7813=CARTESIAN_POINT('',(0.00903439175841357,-0.0321945,0.0338777914155536));
#7814=CARTESIAN_POINT('',(0.00862981970326248,-0.0318135,0.0334900863016208));
#7815=CARTESIAN_POINT('',(0.00862981970326248,-0.0321945,0.0334900863016208));
#7816=CARTESIAN_POINT('',(0.00822471917927716,-0.0318135,0.0330428879075091));
#7817=CARTESIAN_POINT('',(0.00822471917927716,-0.0321945,0.0330428879075091));
#7818=CARTESIAN_POINT('',(0.00786481607373953,-0.0318135,0.0325230973025643));
#7819=CARTESIAN_POINT('',(0.00786481607373953,-0.0321945,0.0325230973025643));
#7820=CARTESIAN_POINT('',(0.00758056270142268,-0.0318135,0.0320633468663804));
#7821=CARTESIAN_POINT('',(0.00758056270142268,-0.0321945,0.0320633468663804));
#7822=CARTESIAN_POINT('',(0.0074692197493136,-0.0318135,0.031935200928417));
#7823=CARTESIAN_POINT('',(0.0074692197493136,-0.0321945,0.031935200928417));
#7824=CARTESIAN_POINT('',(0.00740113385559074,-0.0318135,0.0318272934662543));
#7825=CARTESIAN_POINT('',(0.00740113385559074,-0.0321945,0.0318272934662543));
#7826=CARTESIAN_POINT('',(0.00740113385559074,-0.0320675,0.0318272934662543));
#7827=CARTESIAN_POINT('',(0.00740113385559074,-0.0320675,0.0318272934662543));
#7828=CARTESIAN_POINT('',(0.00740113385559074,-0.0318135,0.0318272934662543));
#7829=CARTESIAN_POINT('',(0.00740113385559074,-0.0318135,0.0318272934662543));
#7830=CARTESIAN_POINT('',(0.0102395238959644,-0.0318135,0.0345094799995423));
#7831=CARTESIAN_POINT('',(0.0100115482179506,-0.0318135,0.0344629515000036));
#7832=CARTESIAN_POINT('',(0.00956335429623977,-0.0318135,0.0343386373648467));
#7833=CARTESIAN_POINT('',(0.00892568223711461,-0.0318135,0.0337894031877914));
#7834=CARTESIAN_POINT('',(0.00813843512357704,-0.0318135,0.0329917390843483));
#7835=CARTESIAN_POINT('',(0.00761954167170058,-0.0318135,0.0321079334517308));
#7836=CARTESIAN_POINT('',(0.00746377352508081,-0.0318135,0.0319265693572766));
#7837=CARTESIAN_POINT('',(0.00740113385559074,-0.0318135,0.0318272934662543));
#7838=CARTESIAN_POINT('',(0.00740113385559074,-0.0318135,0.0318272934662543));
#7839=CARTESIAN_POINT('',(0.00740113385559074,-0.0320675,0.0318272934662543));
#7840=CARTESIAN_POINT('',(0.00730323458170215,-0.0318135,0.0316721355970504));
#7841=CARTESIAN_POINT('',(0.00730323458170215,-0.0320675,0.0316721355970504));
#7842=CARTESIAN_POINT('',(0.00715516666129161,-0.0318135,0.0313587048299175));
#7843=CARTESIAN_POINT('',(0.00715516666129161,-0.0320675,0.0313587048299175));
#7844=CARTESIAN_POINT('',(0.00699360583242873,-0.0318135,0.0309834232393734));
#7845=CARTESIAN_POINT('',(0.00699360583242873,-0.0320675,0.0309834232393734));
#7846=CARTESIAN_POINT('',(0.00740113385559074,-0.0320675,0.0318272934662543));
#7847=CARTESIAN_POINT('',(0.00737805094249459,-0.0320675,0.0317907099915384));
#7848=CARTESIAN_POINT('',(0.00727362653484597,-0.0320675,0.0316127828710254));
#7849=CARTESIAN_POINT('',(0.0071170734822081,-0.0320675,0.0312702200843517));
#7850=CARTESIAN_POINT('',(0.00699360583242873,-0.0320675,0.0309834232393734));
#7851=CARTESIAN_POINT('',(0.00699360583242864,-0.0320675,0.0309834232393732));
#7852=CARTESIAN_POINT('',(0.00699360583242864,-0.0318135,0.0309834232393732));
#7853=CARTESIAN_POINT('',(0.00699360583242864,-0.0318135,0.0309834232393732));
#7854=CARTESIAN_POINT('',(0.00740113385559074,-0.0318135,0.0318272934662543));
#7855=CARTESIAN_POINT('',(0.00737805094249459,-0.0318135,0.0317907099915384));
#7856=CARTESIAN_POINT('',(0.00727362653484597,-0.0318135,0.0316127828710254));
#7857=CARTESIAN_POINT('',(0.0071170734822081,-0.0318135,0.0312702200843517));
#7858=CARTESIAN_POINT('',(0.00699360583242873,-0.0318135,0.0309834232393734));
#7859=CARTESIAN_POINT('',(0.00699360583242873,-0.0318135,0.0309834232393734));
#7860=CARTESIAN_POINT('',(0.00699360583242873,-0.0321945,0.0309834232393734));
#7861=CARTESIAN_POINT('',(0.00687940816042431,-0.0318135,0.0307181591633726));
#7862=CARTESIAN_POINT('',(0.00687940816042431,-0.0321945,0.0307181591633726));
#7863=CARTESIAN_POINT('',(0.00664077002704983,-0.0318135,0.0301349530997571));
#7864=CARTESIAN_POINT('',(0.00664077002704983,-0.0321945,0.0301349530997571));
#7865=CARTESIAN_POINT('',(0.00641170531152732,-0.0318135,0.029528953327013));
#7866=CARTESIAN_POINT('',(0.00641170531152732,-0.0321945,0.029528953327013));
#7867=CARTESIAN_POINT('',(0.00630757845860268,-0.0318135,0.0291801475558889));
#7868=CARTESIAN_POINT('',(0.00630757845860268,-0.0321945,0.0291801475558889));
#7869=CARTESIAN_POINT('',(0.00613347344657885,-0.0318135,0.0285584376152998));
#7870=CARTESIAN_POINT('',(0.00613347344657885,-0.0321945,0.0285584376152998));
#7871=CARTESIAN_POINT('',(0.00591617067362865,-0.0318135,0.0277913150672586));
#7872=CARTESIAN_POINT('',(0.00591617067362865,-0.0321945,0.0277913150672586));
#7873=CARTESIAN_POINT('',(0.00570845829255264,-0.0318135,0.0271135713546572));
#7874=CARTESIAN_POINT('',(0.00570845829255264,-0.0321945,0.0271135713546572));
#7875=CARTESIAN_POINT('',(0.00553636028649229,-0.0318135,0.0265638629727395));
#7876=CARTESIAN_POINT('',(0.00553636028649229,-0.0321945,0.0265638629727395));
#7877=CARTESIAN_POINT('',(0.00544933350306553,-0.0318135,0.0261721176108384));
#7878=CARTESIAN_POINT('',(0.00544933350306553,-0.0321945,0.0261721176108384));
#7879=CARTESIAN_POINT('',(0.00541338784224446,-0.0318135,0.0259572684754095));
#7880=CARTESIAN_POINT('',(0.00541338784224446,-0.0321945,0.0259572684754095));
#7881=CARTESIAN_POINT('',(0.00541338784224446,-0.0320675,0.0259572684754095));
#7882=CARTESIAN_POINT('',(0.00541338784224446,-0.0320675,0.0259572684754095));
#7883=CARTESIAN_POINT('',(0.00541338784224446,-0.0318135,0.0259572684754095));
#7884=CARTESIAN_POINT('',(0.00541338784224446,-0.0318135,0.0259572684754095));
#7885=CARTESIAN_POINT('',(0.00699360583242873,-0.0318135,0.0309834232393734));
#7886=CARTESIAN_POINT('',(0.00681986834074956,-0.0318135,0.030579857086158));
#7887=CARTESIAN_POINT('',(0.00644350783929786,-0.0318135,0.0296393954570094));
#7888=CARTESIAN_POINT('',(0.00628708522921371,-0.0318135,0.0291154799407756));
#7889=CARTESIAN_POINT('',(0.00580666304923004,-0.0318135,0.0273801036042524));
#7890=CARTESIAN_POINT('',(0.00552557317610589,-0.0318135,0.0265656140434041));
#7891=CARTESIAN_POINT('',(0.00542895670432647,-0.0318135,0.0260503243959719));
#7892=CARTESIAN_POINT('',(0.00541338784224446,-0.0318135,0.0259572684754095));
#7893=CARTESIAN_POINT('',(0.00699360583242864,-0.0320675,0.0309834232393732));
#7894=CARTESIAN_POINT('',(0.0162670151692578,-0.0318135000000013,0.024223264515488));
#7895=CARTESIAN_POINT('',(0.0162670151692578,-0.0320675,0.024223264515488));
#7896=CARTESIAN_POINT('',(0.00530279093794684,-0.0320675,0.0250070141610908));
#7897=CARTESIAN_POINT('',(0.00530279093794684,-0.0318135,0.0250070141610908));
#7898=CARTESIAN_POINT('',(0.00530279093794684,-0.0318135,0.0250070141610908));
#7899=CARTESIAN_POINT('',(0.0162670151692578,-0.0318135,0.024223264515488));
#7900=CARTESIAN_POINT('',(0.0101942410692573,-0.0318135,0.0317737273871899));
#7901=CARTESIAN_POINT('',(0.0101942410692573,-0.0321945,0.0317737273871899));
#7902=CARTESIAN_POINT('',(0.0100294958443517,-0.0318135,0.031556279037974));
#7903=CARTESIAN_POINT('',(0.0100294958443517,-0.0321945,0.031556279037974));
#7904=CARTESIAN_POINT('',(0.00975967175994772,-0.0318135,0.031088624956451));
#7905=CARTESIAN_POINT('',(0.00975967175994772,-0.0321945,0.031088624956451));
#7906=CARTESIAN_POINT('',(0.00947103781710096,-0.0318135,0.0304881403758854));
#7907=CARTESIAN_POINT('',(0.00947103781710096,-0.0321945,0.0304881403758854));
#7908=CARTESIAN_POINT('',(0.00933665968477726,-0.0318135,0.0301825404167175));
#7909=CARTESIAN_POINT('',(0.00933665968477726,-0.0321945,0.0301825404167175));
#7910=CARTESIAN_POINT('',(0.0101942410692573,-0.0321945,0.0317737273871899));
#7911=CARTESIAN_POINT('',(0.0100409982296116,-0.0321945,0.0315714611149553));
#7912=CARTESIAN_POINT('',(0.00976883020935253,-0.0321945,0.0311077494071247));
#7913=CARTESIAN_POINT('',(0.00948041999524528,-0.0321945,0.03050947713067));
#7914=CARTESIAN_POINT('',(0.00933665968477726,-0.0321945,0.0301825404167175));
#7915=CARTESIAN_POINT('',(0.0101942410692573,-0.0321945,0.0317737273871899));
#7916=CARTESIAN_POINT('',(0.00933665968477726,-0.0321945,0.0301825404167175));
#7917=CARTESIAN_POINT('',(0.0101942410692573,-0.0318135,0.0317737273871899));
#7918=CARTESIAN_POINT('',(0.0101942410692573,-0.0318135,0.0317737273871899));
#7919=CARTESIAN_POINT('',(0.0101942410692573,-0.0318135,0.0317737273871899));
#7920=CARTESIAN_POINT('',(0.0100409982296116,-0.0318135,0.0315714611149553));
#7921=CARTESIAN_POINT('',(0.00976883020935253,-0.0318135,0.0311077494071247));
#7922=CARTESIAN_POINT('',(0.00948041999524528,-0.0318135,0.03050947713067));
#7923=CARTESIAN_POINT('',(0.00933665968477726,-0.0318135,0.0301825404167175));
#7924=CARTESIAN_POINT('',(0.00933665968477726,-0.0318135,0.0301825404167175));
#7925=CARTESIAN_POINT('',(0.00933665968477726,-0.0318135,0.0301825404167175));
#7926=CARTESIAN_POINT('',(0.00933665968477726,-0.0318135,0.0301825404167175));
#7927=CARTESIAN_POINT('',(0.00933665968477726,-0.0321945,0.0301825404167175));
#7928=CARTESIAN_POINT('',(0.00922880845822963,-0.0318135,0.0299454794892005));
#7929=CARTESIAN_POINT('',(0.00922880845822963,-0.0321945,0.0299454794892005));
#7930=CARTESIAN_POINT('',(0.00899591588992373,-0.0318135,0.0294548765822397));
#7931=CARTESIAN_POINT('',(0.00899591588992373,-0.0321945,0.0294548765822397));
#7932=CARTESIAN_POINT('',(0.00863975446342634,-0.0318135,0.0282183207631344));
#7933=CARTESIAN_POINT('',(0.00863975446342634,-0.0321945,0.0282183207631344));
#7934=CARTESIAN_POINT('',(0.00839456697813894,-0.0318135,0.0266440691211069));
#7935=CARTESIAN_POINT('',(0.00839456697813894,-0.0321945,0.0266440691211069));
#7936=CARTESIAN_POINT('',(0.00812659265173125,-0.0318135,0.0250356322929397));
#7937=CARTESIAN_POINT('',(0.00812659265173125,-0.0321945,0.0250356322929397));
#7938=CARTESIAN_POINT('',(0.00808253806072674,-0.0318135,0.0237473906102572));
#7939=CARTESIAN_POINT('',(0.00808253806072674,-0.0321945,0.0237473906102572));
#7940=CARTESIAN_POINT('',(0.00806779377928213,-0.0318135,0.0226061013711994));
#7941=CARTESIAN_POINT('',(0.00806779377928213,-0.0321945,0.0226061013711994));
#7942=CARTESIAN_POINT('',(0.00802560127149625,-0.0318135,0.0213252909499476));
#7943=CARTESIAN_POINT('',(0.00802560127149625,-0.0321945,0.0213252909499476));
#7944=CARTESIAN_POINT('',(0.00798093580414955,-0.0318135,0.0196025343100354));
#7945=CARTESIAN_POINT('',(0.00798093580414955,-0.0321945,0.0196025343100354));
#7946=CARTESIAN_POINT('',(0.0081221411772042,-0.0318135,0.0181837571056371));
#7947=CARTESIAN_POINT('',(0.0081221411772042,-0.0321945,0.0181837571056371));
#7948=CARTESIAN_POINT('',(0.00837311268124711,-0.0318135,0.0170126969105163));
#7949=CARTESIAN_POINT('',(0.00837311268124711,-0.0321945,0.0170126969105163));
#7950=CARTESIAN_POINT('',(0.00872579429188281,-0.0318135,0.0156951945984126));
#7951=CARTESIAN_POINT('',(0.00872579429188281,-0.0321945,0.0156951945984126));
#7952=CARTESIAN_POINT('',(0.00916453119001973,-0.0318135,0.0143317512453662));
#7953=CARTESIAN_POINT('',(0.00916453119001973,-0.0321945,0.0143317512453662));
#7954=CARTESIAN_POINT('',(0.00948512844316146,-0.0318135,0.0134813063696831));
#7955=CARTESIAN_POINT('',(0.00948512844316146,-0.0321945,0.0134813063696831));
#7956=CARTESIAN_POINT('',(0.00969884110358376,-0.0318135,0.0130404745613602));
#7957=CARTESIAN_POINT('',(0.00969884110358376,-0.0321945,0.0130404745613602));
#7958=CARTESIAN_POINT('',(0.00999665137140385,-0.0318135,0.0125496888800637));
#7959=CARTESIAN_POINT('',(0.00999665137140385,-0.0321945,0.0125496888800637));
#7960=CARTESIAN_POINT('',(0.0105050971230949,-0.0318135,0.0118670329709402));
#7961=CARTESIAN_POINT('',(0.0105050971230949,-0.0321945,0.0118670329709402));
#7962=CARTESIAN_POINT('',(0.0112567620878644,-0.0318135,0.0112424571169962));
#7963=CARTESIAN_POINT('',(0.0112567620878644,-0.0321945,0.0112424571169962));
#7964=CARTESIAN_POINT('',(0.0121851071558957,-0.0318135,0.0111270412993279));
#7965=CARTESIAN_POINT('',(0.0121851071558957,-0.0321945,0.0111270412993279));
#7966=CARTESIAN_POINT('',(0.01266607976182,-0.0318135,0.0110890061619849));
#7967=CARTESIAN_POINT('',(0.01266607976182,-0.0321945,0.0110890061619849));
#7968=CARTESIAN_POINT('',(0.0129901505743074,-0.0318135,0.0112003599256305));
#7969=CARTESIAN_POINT('',(0.0129901505743074,-0.0321945,0.0112003599256305));
#7970=CARTESIAN_POINT('',(0.0134255809727883,-0.0318135,0.0115746358224215));
#7971=CARTESIAN_POINT('',(0.0134255809727883,-0.0321945,0.0115746358224215));
#7972=CARTESIAN_POINT('',(0.0139690439670005,-0.0318135,0.0121756051923801));
#7973=CARTESIAN_POINT('',(0.0139690439670005,-0.0321945,0.0121756051923801));
#7974=CARTESIAN_POINT('',(0.0144746634375019,-0.0318135,0.0128201948788925));
#7975=CARTESIAN_POINT('',(0.0144746634375019,-0.0321945,0.0128201948788925));
#7976=CARTESIAN_POINT('',(0.0148379946192394,-0.0318135,0.0133741766678579));
#7977=CARTESIAN_POINT('',(0.0148379946192394,-0.0321945,0.0133741766678579));
#7978=CARTESIAN_POINT('',(0.0151119757668754,-0.0318135,0.0139515254908034));
#7979=CARTESIAN_POINT('',(0.0151119757668754,-0.0321945,0.0139515254908034));
#7980=CARTESIAN_POINT('',(0.0153483164538586,-0.0318135,0.0146761658912532));
#7981=CARTESIAN_POINT('',(0.0153483164538586,-0.0321945,0.0146761658912532));
#7982=CARTESIAN_POINT('',(0.0155532989367989,-0.0318135,0.0154634785077689));
#7983=CARTESIAN_POINT('',(0.0155532989367989,-0.0321945,0.0154634785077689));
#7984=CARTESIAN_POINT('',(0.0157229316877535,-0.0318135,0.016171255791073));
#7985=CARTESIAN_POINT('',(0.0157229316877535,-0.0321945,0.016171255791073));
#7986=CARTESIAN_POINT('',(0.015862932893421,-0.0318135,0.0167497284159802));
#7987=CARTESIAN_POINT('',(0.015862932893421,-0.0321945,0.0167497284159802));
#7988=CARTESIAN_POINT('',(0.0160463301680007,-0.0318135,0.0175591769803468));
#7989=CARTESIAN_POINT('',(0.0160463301680007,-0.0321945,0.0175591769803468));
#7990=CARTESIAN_POINT('',(0.0163039295323955,-0.0318135,0.0188682358500672));
#7991=CARTESIAN_POINT('',(0.0163039295323955,-0.0321945,0.0188682358500672));
#7992=CARTESIAN_POINT('',(0.016470172860038,-0.0318135,0.0209684970699997));
#7993=CARTESIAN_POINT('',(0.016470172860038,-0.0321945,0.0209684970699997));
#7994=CARTESIAN_POINT('',(0.0164331882653089,-0.0318135,0.0233874244710689));
#7995=CARTESIAN_POINT('',(0.0164331882653089,-0.0321945,0.0233874244710689));
#7996=CARTESIAN_POINT('',(0.0161395638834304,-0.0318135,0.0258424440285628));
#7997=CARTESIAN_POINT('',(0.0161395638834304,-0.0321945,0.0258424440285628));
#7998=CARTESIAN_POINT('',(0.0157696363475584,-0.0318135,0.0278836388536338));
#7999=CARTESIAN_POINT('',(0.0157696363475584,-0.0321945,0.0278836388536338));
#8000=CARTESIAN_POINT('',(0.0155023628872626,-0.0318135,0.0290871602142787));
#8001=CARTESIAN_POINT('',(0.0155023628872626,-0.0321945,0.0290871602142787));
#8002=CARTESIAN_POINT('',(0.0150532398273138,-0.0318135,0.0304763423089477));
#8003=CARTESIAN_POINT('',(0.0150532398273138,-0.0321945,0.0304763423089477));
#8004=CARTESIAN_POINT('',(0.0144500535477871,-0.0318135,0.031539212665481));
#8005=CARTESIAN_POINT('',(0.0144500535477871,-0.0321945,0.031539212665481));
#8006=CARTESIAN_POINT('',(0.0138389719368426,-0.0318135,0.0321905356581202));
#8007=CARTESIAN_POINT('',(0.0138389719368426,-0.0321945,0.0321905356581202));
#8008=CARTESIAN_POINT('',(0.0131855774086369,-0.0318135,0.0326639895828526));
#8009=CARTESIAN_POINT('',(0.0131855774086369,-0.0321945,0.0326639895828526));
#8010=CARTESIAN_POINT('',(0.0126677471085919,-0.0318135,0.0329214687426881));
#8011=CARTESIAN_POINT('',(0.0126677471085919,-0.0321945,0.0329214687426881));
#8012=CARTESIAN_POINT('',(0.0123256054122959,-0.0318135,0.0329715992072822));
#8013=CARTESIAN_POINT('',(0.0123256054122959,-0.0321945,0.0329715992072822));
#8014=CARTESIAN_POINT('',(0.0117829464403714,-0.0318135,0.0329198035566133));
#8015=CARTESIAN_POINT('',(0.0117829464403714,-0.0321945,0.0329198035566133));
#8016=CARTESIAN_POINT('',(0.0108663655191872,-0.0318135,0.0326350320177802));
#8017=CARTESIAN_POINT('',(0.0108663655191872,-0.0321945,0.0326350320177802));
#8018=CARTESIAN_POINT('',(0.0103909862609711,-0.0318135,0.0320760482618395));
#8019=CARTESIAN_POINT('',(0.0103909862609711,-0.0321945,0.0320760482618395));
#8020=CARTESIAN_POINT('',(0.0101942410692573,-0.0318135,0.0317737273871899));
#8021=CARTESIAN_POINT('',(0.0101942410692573,-0.0321945,0.0317737273871899));
#8022=CARTESIAN_POINT('',(0.00933665968477726,-0.0321945,0.0301825404167175));
#8023=CARTESIAN_POINT('',(0.00926281396543362,-0.0321945,0.0300202248336579));
#8024=CARTESIAN_POINT('',(0.00908974467218083,-0.0321945,0.0296398122087465));
#8025=CARTESIAN_POINT('',(0.00872204956979339,-0.0321945,0.028649327805071));
#8026=CARTESIAN_POINT('',(0.00843202490448978,-0.0321945,0.026872361471944));
#8027=CARTESIAN_POINT('',(0.0080738717892947,-0.0321945,0.0247661774784325));
#8028=CARTESIAN_POINT('',(0.00808950488062949,-0.0321945,0.0225644565970127));
#8029=CARTESIAN_POINT('',(0.00792807595820564,-0.0321945,0.0193601316410763));
#8030=CARTESIAN_POINT('',(0.0083347431090927,-0.0321945,0.0169023282401079));
#8031=CARTESIAN_POINT('',(0.0092971737727327,-0.0321945,0.0138862584869613));
#8032=CARTESIAN_POINT('',(0.00973415779997782,-0.0321945,0.0129348128969069));
#8033=CARTESIAN_POINT('',(0.0104496345002338,-0.0321945,0.0118845412064611));
#8034=CARTESIAN_POINT('',(0.0113049669253566,-0.0321945,0.0112461880429331));
#8035=CARTESIAN_POINT('',(0.0121947861534904,-0.0321945,0.0111293346659386));
#8036=CARTESIAN_POINT('',(0.0127118043733282,-0.0321945,0.0110758773812816));
#8037=CARTESIAN_POINT('',(0.0132648458630594,-0.0321945,0.0113495137853452));
#8038=CARTESIAN_POINT('',(0.0145158593362767,-0.0321945,0.0128003508896125));
#8039=CARTESIAN_POINT('',(0.015201301698405,-0.0321945,0.0140055377821442));
#8040=CARTESIAN_POINT('',(0.0156746819953889,-0.0321945,0.0159751845220716));
#8041=CARTESIAN_POINT('',(0.0159869918113155,-0.0321945,0.0172528266605163));
#8042=CARTESIAN_POINT('',(0.0164404936348217,-0.0321945,0.0195280913067243));
#8043=CARTESIAN_POINT('',(0.016516415374174,-0.0321945,0.0236247025455668));
#8044=CARTESIAN_POINT('',(0.0158333826017056,-0.0321945,0.0276065695749751));
#8045=CARTESIAN_POINT('',(0.0154519257780566,-0.0321945,0.0293362933801338));
#8046=CARTESIAN_POINT('',(0.0145841938442575,-0.0321945,0.0317359933945185));
#8047=CARTESIAN_POINT('',(0.0129048783315477,-0.0321945,0.0328731198029259));
#8048=CARTESIAN_POINT('',(0.012314609057652,-0.0321945,0.0329857513471596));
#8049=CARTESIAN_POINT('',(0.0116652967319072,-0.0321945,0.032894537759579));
#8050=CARTESIAN_POINT('',(0.0107659025777912,-0.0321945,0.0325460411521087));
#8051=CARTESIAN_POINT('',(0.0103685422461735,-0.0321945,0.032041560536243));
#8052=CARTESIAN_POINT('',(0.0101942410692573,-0.0321945,0.0317737273871899));
#8053=CARTESIAN_POINT('',(0.00933665968477726,-0.0318135,0.0301825404167175));
#8054=CARTESIAN_POINT('',(0.00926281396543362,-0.0318135,0.0300202248336579));
#8055=CARTESIAN_POINT('',(0.00908974467218083,-0.0318135,0.0296398122087465));
#8056=CARTESIAN_POINT('',(0.00872204956979339,-0.0318135,0.028649327805071));
#8057=CARTESIAN_POINT('',(0.00843202490448978,-0.0318135,0.026872361471944));
#8058=CARTESIAN_POINT('',(0.0080738717892947,-0.0318135,0.0247661774784325));
#8059=CARTESIAN_POINT('',(0.00808950488062949,-0.0318135,0.0225644565970127));
#8060=CARTESIAN_POINT('',(0.00792807595820564,-0.0318135,0.0193601316410763));
#8061=CARTESIAN_POINT('',(0.0083347431090927,-0.0318135,0.0169023282401079));
#8062=CARTESIAN_POINT('',(0.0092971737727327,-0.0318135,0.0138862584869613));
#8063=CARTESIAN_POINT('',(0.00973415779997782,-0.0318135,0.0129348128969069));
#8064=CARTESIAN_POINT('',(0.0104496345002338,-0.0318135,0.0118845412064611));
#8065=CARTESIAN_POINT('',(0.0113049669253566,-0.0318135,0.0112461880429331));
#8066=CARTESIAN_POINT('',(0.0121947861534904,-0.0318135,0.0111293346659386));
#8067=CARTESIAN_POINT('',(0.0127118043733282,-0.0318135,0.0110758773812816));
#8068=CARTESIAN_POINT('',(0.0132648458630594,-0.0318135,0.0113495137853452));
#8069=CARTESIAN_POINT('',(0.0145158593362767,-0.0318135,0.0128003508896125));
#8070=CARTESIAN_POINT('',(0.015201301698405,-0.0318135,0.0140055377821442));
#8071=CARTESIAN_POINT('',(0.0156746819953889,-0.0318135,0.0159751845220716));
#8072=CARTESIAN_POINT('',(0.0159869918113155,-0.0318135,0.0172528266605163));
#8073=CARTESIAN_POINT('',(0.0164404936348217,-0.0318135,0.0195280913067243));
#8074=CARTESIAN_POINT('',(0.016516415374174,-0.0318135,0.0236247025455668));
#8075=CARTESIAN_POINT('',(0.0158333826017056,-0.0318135,0.0276065695749751));
#8076=CARTESIAN_POINT('',(0.0154519257780566,-0.0318135,0.0293362933801338));
#8077=CARTESIAN_POINT('',(0.0145841938442575,-0.0318135,0.0317359933945185));
#8078=CARTESIAN_POINT('',(0.0129048783315477,-0.0318135,0.0328731198029259));
#8079=CARTESIAN_POINT('',(0.012314609057652,-0.0318135,0.0329857513471596));
#8080=CARTESIAN_POINT('',(0.0116652967319072,-0.0318135,0.032894537759579));
#8081=CARTESIAN_POINT('',(0.0107659025777912,-0.0318135,0.0325460411521087));
#8082=CARTESIAN_POINT('',(0.0103685422461735,-0.0318135,0.032041560536243));
#8083=CARTESIAN_POINT('',(0.0101942410692573,-0.0318135,0.0317737273871899));
#8084=CARTESIAN_POINT('',(0.00530279093787818,-0.0318135,0.0250070141602068));
#8085=CARTESIAN_POINT('',(0.00530279093787818,-0.0321945,0.0250070141602068));
#8086=CARTESIAN_POINT('',(0.00523164267303905,-0.0318135,0.0240910803375957));
#8087=CARTESIAN_POINT('',(0.00523164267303905,-0.0321945,0.0240910803375957));
#8088=CARTESIAN_POINT('',(0.00521625007562414,-0.0318135,0.0222976621859887));
#8089=CARTESIAN_POINT('',(0.00521625007562414,-0.0321945,0.0222976621859887));
#8090=CARTESIAN_POINT('',(0.00518239619412074,-0.0318135,0.0206660677155513));
#8091=CARTESIAN_POINT('',(0.00518239619412074,-0.0321945,0.0206660677155513));
#8092=CARTESIAN_POINT('',(0.00527917454633485,-0.0318135,0.0196454476143982));
#8093=CARTESIAN_POINT('',(0.00527917454633485,-0.0321945,0.0196454476143982));
#8094=CARTESIAN_POINT('',(0.00535986990556134,-0.0318135,0.0190673955192443));
#8095=CARTESIAN_POINT('',(0.00535986990556134,-0.0321945,0.0190673955192443));
#8096=CARTESIAN_POINT('',(0.00535986990556137,-0.0320675,0.0190673955192441));
#8097=CARTESIAN_POINT('',(0.00530279093787818,-0.0318135,0.0250070141602068));
#8098=CARTESIAN_POINT('',(0.00529013580973683,-0.0318135,0.0248440971878766));
#8099=CARTESIAN_POINT('',(0.00523012111911394,-0.0318135,0.0238957548440091));
#8100=CARTESIAN_POINT('',(0.00520946545280925,-0.0318135,0.0219077856657394));
#8101=CARTESIAN_POINT('',(0.0051814693507055,-0.0318135,0.0205083866520121));
#8102=CARTESIAN_POINT('',(0.00531417084844212,-0.0318135,0.0193947555554042));
#8103=CARTESIAN_POINT('',(0.00535986990556134,-0.0318135,0.0190673955192443));
#8104=CARTESIAN_POINT('',(0.00530279093794684,-0.0320675,0.0250070141610908));
#8105=CARTESIAN_POINT('',(-0.00221458555665963,-0.0318135,0.0265190097));
#8106=CARTESIAN_POINT('',(0.00983363855630159,-0.0318135,0.0337148830294609));
#8107=CARTESIAN_POINT('',(0.00983363855630159,-0.0318135,0.0333042402964923));
#8108=CARTESIAN_POINT('',(0.00719836447387934,-0.0318135,0.0291455201804638));
#8109=CARTESIAN_POINT('',(0.00719836447387934,-0.0318135,0.0286397206326735));
#8110=CARTESIAN_POINT('',(0.00609484268352389,-0.0318135,0.0220195446163416));
#8111=CARTESIAN_POINT('',(0.00609484268352389,-0.0318135,0.0215257319730645));
#8112=CARTESIAN_POINT('',(0.007161068264395,-0.0318135,0.0149153079837561));
#8113=CARTESIAN_POINT('',(0.007161068264395,-0.0318135,0.0143791800287431));
#8114=CARTESIAN_POINT('',(0.0098545690998435,-0.0318135,0.0104198530316353));
#8115=CARTESIAN_POINT('',(0.0098545690998435,-0.0318135,0.0100585587280042));
#8116=CARTESIAN_POINT('',(-0.00221458555665963,-0.0315595,0.0265190097));
#8117=CARTESIAN_POINT('',(0.00983363855630159,-0.0315595,0.0337148830294609));
#8118=CARTESIAN_POINT('',(0.00983363855630159,-0.0315595,0.0333042402964923));
#8119=CARTESIAN_POINT('',(0.00983363855630159,-0.0315595,0.0337148830294609));
#8120=CARTESIAN_POINT('',(0.0132746851796118,-0.0318134999999988,0.0268588455717788));
#8121=CARTESIAN_POINT('',(0.0132746851796118,-0.0320675,0.0268588455717788));
#8122=CARTESIAN_POINT('',(0.00203640794109456,-0.0320675,0.0324781888976244));
#8123=CARTESIAN_POINT('',(0.00160593401966681,-0.0320675,0.0315151074336594));
#8124=CARTESIAN_POINT('',(0.00203640794109456,-0.0318135,0.0324781888976244));
#8125=CARTESIAN_POINT('',(0.00203640794109457,-0.0318135,0.0324781888976244));
#8126=CARTESIAN_POINT('',(0.0132746851796118,-0.0318135,0.0268588455717788));
#8127=CARTESIAN_POINT('',(0.00160593401966681,-0.0318135,0.0315151074336594));
#8128=CARTESIAN_POINT('',(0.00160593401966681,-0.0318135,0.0315151074336594));
#8129=CARTESIAN_POINT('',(0.00719442199493308,-0.0318135000000007,0.0288716155836513));
#8130=CARTESIAN_POINT('',(0.00719442199493308,-0.0320675,0.0288716155836513));
#8131=CARTESIAN_POINT('',(-0.000647169980049708,-0.0320675,0.0315820843247787));
#8132=CARTESIAN_POINT('',(-0.000205104903799357,-0.0320675,0.0326228872073215));
#8133=CARTESIAN_POINT('',(-0.000647169980049708,-0.0318135,0.0315820843247787));
#8134=CARTESIAN_POINT('',(-0.000647169980049708,-0.0318135,0.0315820843247787));
#8135=CARTESIAN_POINT('',(0.00719442199493308,-0.0318135,0.0288716155836513));
#8136=CARTESIAN_POINT('',(-0.000205104903799357,-0.0318135,0.0326228872073215));
#8137=CARTESIAN_POINT('',(-0.000205104903799357,-0.0318135,0.0326228872073215));
#8138=CARTESIAN_POINT('',(-0.00187375959415453,-0.0318135,0.0261597045273902));
#8139=CARTESIAN_POINT('',(-0.00187375959415453,-0.0321945,0.0261597045273902));
#8140=CARTESIAN_POINT('',(-0.00182000957601107,-0.0318135,0.0265304127638779));
#8141=CARTESIAN_POINT('',(-0.00182000957601107,-0.0321945,0.0265304127638779));
#8142=CARTESIAN_POINT('',(-0.00168901029942998,-0.0318135,0.0272904454718325));
#8143=CARTESIAN_POINT('',(-0.00168901029942998,-0.0321945,0.0272904454718325));
#8144=CARTESIAN_POINT('',(-0.00140546589085402,-0.0318135,0.0287389266562494));
#8145=CARTESIAN_POINT('',(-0.00140546589085402,-0.0321945,0.0287389266562494));
#8146=CARTESIAN_POINT('',(-0.00105308851026702,-0.0318135,0.0302717055215561));
#8147=CARTESIAN_POINT('',(-0.00105308851026702,-0.0321945,0.0302717055215561));
#8148=CARTESIAN_POINT('',(-0.000786313526697952,-0.0318135,0.031186391717788));
#8149=CARTESIAN_POINT('',(-0.000786313526697952,-0.0321945,0.031186391717788));
#8150=CARTESIAN_POINT('',(-0.000647169980049708,-0.0318135,0.0315820843247788));
#8151=CARTESIAN_POINT('',(-0.000647169980049708,-0.0321945,0.0315820843247788));
#8152=CARTESIAN_POINT('',(-0.00187375959415386,-0.0320675,0.0261597045273934));
#8153=CARTESIAN_POINT('',(-0.00187375959415386,-0.0320675,0.0261597045273934));
#8154=CARTESIAN_POINT('',(-0.00187375959415386,-0.0318135,0.0261597045273934));
#8155=CARTESIAN_POINT('',(-0.00187375959415386,-0.0318135,0.0261597045273934));
#8156=CARTESIAN_POINT('',(-0.00187375959415453,-0.0318135,0.0261597045273901));
#8157=CARTESIAN_POINT('',(-0.00181820181041615,-0.0318135,0.0265428807335423));
#8158=CARTESIAN_POINT('',(-0.0015654816043362,-0.0318135,0.0280031035073992));
#8159=CARTESIAN_POINT('',(-0.00107925512556699,-0.0318135,0.0303161582351768));
#8160=CARTESIAN_POINT('',(-0.000670453261670524,-0.0318135,0.0315158719662054));
#8161=CARTESIAN_POINT('',(-0.000647169980049708,-0.0318135,0.0315820843247787));
#8162=CARTESIAN_POINT('',(-0.000647169980049708,-0.0320675,0.0315820843247787));
#8163=CARTESIAN_POINT('',(0.0163012851086063,-0.0318135,0.023509943927617));
#8164=CARTESIAN_POINT('',(0.0163012851086063,-0.0320675,0.023509943927617));
#8165=CARTESIAN_POINT('',(-0.00199486514832466,-0.0320675,0.0251232391978811));
#8166=CARTESIAN_POINT('',(-0.00199486287183867,-0.0318135,0.0251232389971479));
#8167=CARTESIAN_POINT('',(-0.00199486514832466,-0.0318135,0.0251232391978811));
#8168=CARTESIAN_POINT('',(0.0163012851086063,-0.0318135,0.023509943927617));
#8169=CARTESIAN_POINT('',(-0.0020697592474974,-0.0318135,0.0189423658993255));
#8170=CARTESIAN_POINT('',(-0.0020697592474974,-0.0321945,0.0189423658993255));
#8171=CARTESIAN_POINT('',(-0.00210499366440165,-0.0318135,0.0193966894482507));
#8172=CARTESIAN_POINT('',(-0.00210499366440165,-0.0321945,0.0193966894482507));
#8173=CARTESIAN_POINT('',(-0.00213032878273303,-0.0318135,0.0203418935968039));
#8174=CARTESIAN_POINT('',(-0.00213032878273303,-0.0321945,0.0203418935968039));
#8175=CARTESIAN_POINT('',(-0.002115325295918,-0.0318135,0.0224723516904622));
#8176=CARTESIAN_POINT('',(-0.002115325295918,-0.0321945,0.0224723516904622));
#8177=CARTESIAN_POINT('',(-0.00207599916945416,-0.0318135,0.0242047230942538));
#8178=CARTESIAN_POINT('',(-0.00207599916945416,-0.0321945,0.0242047230942538));
#8179=CARTESIAN_POINT('',(-0.00199486287183799,-0.0318135,0.0251232389971545));
#8180=CARTESIAN_POINT('',(-0.00199486287183799,-0.0321945,0.0251232389971545));
#8181=CARTESIAN_POINT('',(-0.0020697592474974,-0.0320675,0.0189423658993255));
#8182=CARTESIAN_POINT('',(-0.0020697592474974,-0.0320675,0.0189423658993255));
#8183=CARTESIAN_POINT('',(-0.0020697592474974,-0.0318135,0.0189423658993255));
#8184=CARTESIAN_POINT('',(-0.0020697592474974,-0.0318135,0.0189423658993255));
#8185=CARTESIAN_POINT('',(-0.0020697592474974,-0.0318135,0.0189423658993255));
#8186=CARTESIAN_POINT('',(-0.00212578278002135,-0.0318135,0.0196647507819468));
#8187=CARTESIAN_POINT('',(-0.00212739164575048,-0.0318135,0.0214998606711569));
#8188=CARTESIAN_POINT('',(-0.00209463400608077,-0.0318135,0.0238904937361968));
#8189=CARTESIAN_POINT('',(-0.00200412070357849,-0.0318135,0.02501843429285));
#8190=CARTESIAN_POINT('',(-0.00199486287183799,-0.0318135,0.0251232389971545));
#8191=CARTESIAN_POINT('',(-0.00199486287183867,-0.0320675,0.0251232389971479));
#8192=CARTESIAN_POINT('',(0.00904173545262122,-0.031813499999999,0.0197821700993915));
#8193=CARTESIAN_POINT('',(0.00904173545262122,-0.0320675,0.0197821700993915));
#8194=CARTESIAN_POINT('',(-0.00194906486999909,-0.0320675,0.017945775520904));
#8195=CARTESIAN_POINT('',(-0.00194906486999909,-0.0318135,0.017945775520904));
#8196=CARTESIAN_POINT('',(-0.00194906486999909,-0.0318135,0.017945775520904));
#8197=CARTESIAN_POINT('',(0.00904173545262122,-0.0318135,0.0197821700993915));
#8198=CARTESIAN_POINT('',(-0.000455358012445316,-0.0318135,0.0124392251685873));
#8199=CARTESIAN_POINT('',(-0.000455358012445316,-0.0321945,0.0124392251685873));
#8200=CARTESIAN_POINT('',(-0.000589127078309325,-0.0318135,0.0128074765031404));
#8201=CARTESIAN_POINT('',(-0.000589127078309325,-0.0321945,0.0128074765031404));
#8202=CARTESIAN_POINT('',(-0.000791169602767715,-0.0318135,0.01333955136995));
#8203=CARTESIAN_POINT('',(-0.000791169602767715,-0.0321945,0.01333955136995));
#8204=CARTESIAN_POINT('',(-0.00107540474366897,-0.0318135,0.0142256979884736));
#8205=CARTESIAN_POINT('',(-0.00107540474366897,-0.0321945,0.0142256979884736));
#8206=CARTESIAN_POINT('',(-0.00128666349114066,-0.0318135,0.0149839256389782));
#8207=CARTESIAN_POINT('',(-0.00128666349114066,-0.0321945,0.0149839256389782));
#8208=CARTESIAN_POINT('',(-0.00146018414591859,-0.0318135,0.015672665753963));
#8209=CARTESIAN_POINT('',(-0.00146018414591859,-0.0321945,0.015672665753963));
#8210=CARTESIAN_POINT('',(-0.00160075026675857,-0.0318135,0.0162930544238444));
#8211=CARTESIAN_POINT('',(-0.00160075026675857,-0.0321945,0.0162930544238444));
#8212=CARTESIAN_POINT('',(-0.00177686219041202,-0.0318135,0.0170462475599392));
#8213=CARTESIAN_POINT('',(-0.00177686219041202,-0.0321945,0.0170462475599392));
#8214=CARTESIAN_POINT('',(-0.00189806185321257,-0.0318135,0.0176374511248651));
#8215=CARTESIAN_POINT('',(-0.00189806185321257,-0.0321945,0.0176374511248651));
#8216=CARTESIAN_POINT('',(-0.00194906487683288,-0.0318135,0.0179457755293136));
#8217=CARTESIAN_POINT('',(-0.00194906487683288,-0.0321945,0.0179457755293136));
#8218=CARTESIAN_POINT('',(-0.000455358012445316,-0.0320675,0.0124392251685873));
#8219=CARTESIAN_POINT('',(-0.000455358012445316,-0.0320675,0.0124392251685873));
#8220=CARTESIAN_POINT('',(-0.000455358012445316,-0.0318135,0.0124392251685873));
#8221=CARTESIAN_POINT('',(-0.000455358012445316,-0.0318135,0.0124392251685873));
#8222=CARTESIAN_POINT('',(-0.000455358012445316,-0.0318135,0.0124392251685873));
#8223=CARTESIAN_POINT('',(-0.000522404969158496,-0.0318135,0.0126237979704371));
#8224=CARTESIAN_POINT('',(-0.000699012223771767,-0.0318135,0.0131038435034783));
#8225=CARTESIAN_POINT('',(-0.00101577361947415,-0.0318135,0.0139921978862996));
#8226=CARTESIAN_POINT('',(-0.00139780458537959,-0.0318135,0.0153865521078199));
#8227=CARTESIAN_POINT('',(-0.00163183168601494,-0.0318135,0.0164342626793721));
#8228=CARTESIAN_POINT('',(-0.00186191861964484,-0.0318135,0.0174189573930508));
#8229=CARTESIAN_POINT('',(-0.00194906487683288,-0.0318135,0.0179457755293136));
#8230=CARTESIAN_POINT('',(-0.00194906486999909,-0.0320675,0.017945775520904));
#8231=CARTESIAN_POINT('',(0.200488191314632,-0.0318135,0.0837328610552202));
#8232=CARTESIAN_POINT('',(0.200488191314632,-0.0320675,0.0837328610552202));
#8233=CARTESIAN_POINT('',(-9.58173053122163E-5,-0.0320675,0.0114385041668942));
#8234=CARTESIAN_POINT('',(-9.58173053122163E-5,-0.0318135,0.0114385041668942));
#8235=CARTESIAN_POINT('',(-9.58173053122163E-5,-0.0318135,0.0114385041668942));
#8236=CARTESIAN_POINT('',(0.200488191314632,-0.0318135,0.0837328610552202));
#8237=CARTESIAN_POINT('',(0.00410220800366836,-0.0318135,0.00849157287650639));
#8238=CARTESIAN_POINT('',(0.00410220800366836,-0.0321945,0.00849157287650639));
#8239=CARTESIAN_POINT('',(0.00405773149862731,-0.0318135,0.00849395019444011));
#8240=CARTESIAN_POINT('',(0.00405773149862731,-0.0321945,0.00849395019444011));
#8241=CARTESIAN_POINT('',(0.00399805924862994,-0.0318135,0.00849421805906965));
#8242=CARTESIAN_POINT('',(0.00399805924862994,-0.0321945,0.00849421805906965));
#8243=CARTESIAN_POINT('',(0.00368555977174309,-0.0318135,0.0083823435371552));
#8244=CARTESIAN_POINT('',(0.00368555977174309,-0.0321945,0.0083823435371552));
#8245=CARTESIAN_POINT('',(0.00305051620134179,-0.0318135,0.00825922960227245));
#8246=CARTESIAN_POINT('',(0.00305051620134179,-0.0321945,0.00825922960227245));
#8247=CARTESIAN_POINT('',(0.00242093682404329,-0.0318135,0.00826429231664093));
#8248=CARTESIAN_POINT('',(0.00242093682404329,-0.0321945,0.00826429231664093));
#8249=CARTESIAN_POINT('',(0.00209152029265442,-0.0318135,0.00837226845825969));
#8250=CARTESIAN_POINT('',(0.00209152029265442,-0.0321945,0.00837226845825969));
#8251=CARTESIAN_POINT('',(0.00189229769459717,-0.0318135,0.0085689981653275));
#8252=CARTESIAN_POINT('',(0.00189229769459717,-0.0321945,0.0085689981653275));
#8253=CARTESIAN_POINT('',(0.00165823349525975,-0.0318135,0.00886102714506599));
#8254=CARTESIAN_POINT('',(0.00165823349525975,-0.0321945,0.00886102714506599));
#8255=CARTESIAN_POINT('',(0.0012964889450718,-0.0318135,0.00926548088216702));
#8256=CARTESIAN_POINT('',(0.0012964889450718,-0.0321945,0.00926548088216702));
#8257=CARTESIAN_POINT('',(0.000654269474409722,-0.0318135,0.00989665437438873));
#8258=CARTESIAN_POINT('',(0.000654269474409722,-0.0321945,0.00989665437438873));
#8259=CARTESIAN_POINT('',(0.000199994333406732,-0.0318135,0.0106608850595935));
#8260=CARTESIAN_POINT('',(0.000199994333406732,-0.0321945,0.0106608850595935));
#8261=CARTESIAN_POINT('',(-2.45854817409218E-6,-0.0318135,0.0111882229657558));
#8262=CARTESIAN_POINT('',(-2.45854817409218E-6,-0.0321945,0.0111882229657558));
#8263=CARTESIAN_POINT('',(-9.58173085580869E-5,-0.0318135,0.0114385041734827));
#8264=CARTESIAN_POINT('',(-9.58173085580869E-5,-0.0321945,0.0114385041734827));
#8265=CARTESIAN_POINT('',(0.00410220800366836,-0.0318135,0.00849157287650639));
#8266=CARTESIAN_POINT('',(0.00410220800366836,-0.0318135,0.00849157287650639));
#8267=CARTESIAN_POINT('',(0.00410220800366836,-0.0318135,0.00849157287650639));
#8268=CARTESIAN_POINT('',(0.00407167569323756,-0.0318135,0.00849320486195754));
#8269=CARTESIAN_POINT('',(0.00399938991456997,-0.0318135,0.00850089698779467));
#8270=CARTESIAN_POINT('',(0.00357033505839049,-0.0318135,0.00832584129498707));
#8271=CARTESIAN_POINT('',(0.00223896441282354,-0.0318135,0.00817004984374416));
#8272=CARTESIAN_POINT('',(0.0018167794134703,-0.0318135,0.00866187136060543));
#8273=CARTESIAN_POINT('',(0.0013834405291917,-0.0318135,0.00919192097017439));
#8274=CARTESIAN_POINT('',(0.000496082129573525,-0.0318135,0.0100261941943835));
#8275=CARTESIAN_POINT('',(0.000108679659991173,-0.0318135,0.0109004432983037));
#8276=CARTESIAN_POINT('',(-6.50664965252007E-5,-0.0318135,0.0113560657355416));
#8277=CARTESIAN_POINT('',(-9.58173085580869E-5,-0.0318135,0.0114385041734827));
#8278=CARTESIAN_POINT('',(-9.58173053122163E-5,-0.0320675,0.0114385041668942));
#8279=CARTESIAN_POINT('',(0.00211702322471897,-0.0318135,0.0114990910572121));
#8280=CARTESIAN_POINT('',(0.00211702322471897,-0.0321945,0.0114990910572121));
#8281=CARTESIAN_POINT('',(0.00228906430753674,-0.0318135,0.0111127519265431));
#8282=CARTESIAN_POINT('',(0.00228906430753674,-0.0321945,0.0111127519265431));
#8283=CARTESIAN_POINT('',(0.00263266295240864,-0.0318135,0.0104243392871504));
#8284=CARTESIAN_POINT('',(0.00263266295240864,-0.0321945,0.0104243392871504));
#8285=CARTESIAN_POINT('',(0.00315675230583476,-0.0318135,0.00951143665150769));
#8286=CARTESIAN_POINT('',(0.00315675230583476,-0.0321945,0.00951143665150769));
#8287=CARTESIAN_POINT('',(0.00367634852002039,-0.0318135,0.00867984671849185));
#8288=CARTESIAN_POINT('',(0.00367634852002039,-0.0321945,0.00867984671849185));
#8289=CARTESIAN_POINT('',(0.00399108231751268,-0.0318135,0.00850072804235411));
#8290=CARTESIAN_POINT('',(0.00399108231751268,-0.0321945,0.00850072804235411));
#8291=CARTESIAN_POINT('',(0.00410220810400574,-0.0318135,0.0084915728686504));
#8292=CARTESIAN_POINT('',(0.00410220810400574,-0.0321945,0.0084915728686504));
#8293=CARTESIAN_POINT('',(0.00211702322471896,-0.0320675,0.0114990910572121));
#8294=CARTESIAN_POINT('',(0.00211702322471896,-0.0320675,0.0114990910572121));
#8295=CARTESIAN_POINT('',(0.00211702322471896,-0.0318135,0.0114990910572121));
#8296=CARTESIAN_POINT('',(0.00211702322471896,-0.0318135,0.0114990910572121));
#8297=CARTESIAN_POINT('',(0.00211702322471896,-0.0318135,0.0114990910572121));
#8298=CARTESIAN_POINT('',(0.0024246121177069,-0.0318135,0.0108083628684906));
#8299=CARTESIAN_POINT('',(0.00299296702586263,-0.0318135,0.00977431693265703));
#8300=CARTESIAN_POINT('',(0.00370019351038058,-0.0318135,0.00862607227468428));
#8301=CARTESIAN_POINT('',(0.00402453907404499,-0.0318135,0.00849797168465098));
#8302=CARTESIAN_POINT('',(0.00410220810400574,-0.0318135,0.0084915728686504));
#8303=CARTESIAN_POINT('',(0.0193902794001752,-0.0318134999999978,0.019143253949348));
#8304=CARTESIAN_POINT('',(0.0193902794001752,-0.0320675,0.019143253949348));
#8305=CARTESIAN_POINT('',(0.00170115295902186,-0.0320675,0.0125170047598809));
#8306=CARTESIAN_POINT('',(0.00170115295902186,-0.0318135,0.0125170047598809));
#8307=CARTESIAN_POINT('',(0.00170115295902186,-0.0318135,0.0125170047598809));
#8308=CARTESIAN_POINT('',(0.0193902794001752,-0.0318135,0.019143253949348));
#8309=CARTESIAN_POINT('',(0.000441934708312497,-0.0318135,0.0179793608156095));
#8310=CARTESIAN_POINT('',(0.000441934708312497,-0.0321945,0.0179793608156095));
#8311=CARTESIAN_POINT('',(0.000506257382655722,-0.0318135,0.0174971967065591));
#8312=CARTESIAN_POINT('',(0.000506257382655722,-0.0321945,0.0174971967065591));
#8313=CARTESIAN_POINT('',(0.000622790657866947,-0.0318135,0.0166082340503784));
#8314=CARTESIAN_POINT('',(0.000622790657866947,-0.0321945,0.0166082340503784));
#8315=CARTESIAN_POINT('',(0.000809663003239736,-0.0318135,0.0154188917675587));
#8316=CARTESIAN_POINT('',(0.000809663003239736,-0.0321945,0.0154188917675587));
#8317=CARTESIAN_POINT('',(0.00117368189347005,-0.0318135,0.0140157834149531));
#8318=CARTESIAN_POINT('',(0.00117368189347005,-0.0321945,0.0140157834149531));
#8319=CARTESIAN_POINT('',(0.00152022429803967,-0.0318135,0.01299700769052));
#8320=CARTESIAN_POINT('',(0.00152022429803967,-0.0321945,0.01299700769052));
#8321=CARTESIAN_POINT('',(0.00170115295902355,-0.0318135,0.0125170047598767));
#8322=CARTESIAN_POINT('',(0.00170115295902355,-0.0321945,0.0125170047598767));
#8323=CARTESIAN_POINT('',(0.000441934708312497,-0.0320675,0.0179793608156095));
#8324=CARTESIAN_POINT('',(0.000441934708312497,-0.0320675,0.0179793608156095));
#8325=CARTESIAN_POINT('',(0.000441934708312497,-0.0318135,0.0179793608156095));
#8326=CARTESIAN_POINT('',(0.000441934708312497,-0.0318135,0.0179793608156095));
#8327=CARTESIAN_POINT('',(0.000441934708312497,-0.0318135,0.0179793608156095));
#8328=CARTESIAN_POINT('',(0.000470448309484162,-0.0318135,0.0177656222662545));
#8329=CARTESIAN_POINT('',(0.000621350980414848,-0.0318135,0.0166565598271354));
#8330=CARTESIAN_POINT('',(0.000810956404954053,-0.0318135,0.0151714019468095));
#8331=CARTESIAN_POINT('',(0.00140319612527834,-0.0318135,0.0133074829109069));
#8332=CARTESIAN_POINT('',(0.00170115295902355,-0.0318135,0.0125170047598767));
#8333=CARTESIAN_POINT('',(0.00170115295902186,-0.0320675,0.0125170047598809));
#8334=CARTESIAN_POINT('',(0.0627191569061623,-0.0318135,0.0263844107443596));
#8335=CARTESIAN_POINT('',(0.0627191569061623,-0.0320675,0.0263844107443596));
#8336=CARTESIAN_POINT('',(0.000318496500841139,-0.0320675,0.0189529092242551));
#8337=CARTESIAN_POINT('',(0.000318496500841139,-0.0318135,0.0189529092242551));
#8338=CARTESIAN_POINT('',(0.000318496500841139,-0.0318135,0.0189529092242551));
#8339=CARTESIAN_POINT('',(0.0627191569061623,-0.0318135,0.0263844107443596));
#8340=CARTESIAN_POINT('',(0.000303128998844419,-0.0318135,0.0251157411823895));
#8341=CARTESIAN_POINT('',(0.000303128998844419,-0.0321945,0.0251157411823895));
#8342=CARTESIAN_POINT('',(0.00025620100308007,-0.0318135,0.0247645238537954));
#8343=CARTESIAN_POINT('',(0.00025620100308007,-0.0321945,0.0247645238537954));
#8344=CARTESIAN_POINT('',(0.000187442171356837,-0.0318135,0.0239217964771211));
#8345=CARTESIAN_POINT('',(0.000187442171356837,-0.0321945,0.0239217964771211));
#8346=CARTESIAN_POINT('',(0.000205491264740652,-0.0318135,0.0223173583241714));
#8347=CARTESIAN_POINT('',(0.000205491264740652,-0.0321945,0.0223173583241714));
#8348=CARTESIAN_POINT('',(0.00013099049024002,-0.0318135,0.0208633988761677));
#8349=CARTESIAN_POINT('',(0.00013099049024002,-0.0321945,0.0208633988761677));
#8350=CARTESIAN_POINT('',(0.000242689213716179,-0.0318135,0.0195981142858682));
#8351=CARTESIAN_POINT('',(0.000242689213716179,-0.0321945,0.0195981142858682));
#8352=CARTESIAN_POINT('',(0.000318496500822105,-0.0318135,0.0189529092242549));
#8353=CARTESIAN_POINT('',(0.000318496500822105,-0.0321945,0.0189529092242549));
#8354=CARTESIAN_POINT('',(0.000303128998834996,-0.0320675,0.0251157411823236));
#8355=CARTESIAN_POINT('',(0.000303128998834996,-0.0320675,0.0251157411823236));
#8356=CARTESIAN_POINT('',(0.000303128998834996,-0.0318135,0.0251157411823236));
#8357=CARTESIAN_POINT('',(0.000303128998834996,-0.0318135,0.0251157411823236));
#8358=CARTESIAN_POINT('',(0.000303128998844419,-0.0318135,0.0251157411823895));
#8359=CARTESIAN_POINT('',(0.000277671352525711,-0.0318135,0.0249252117044794));
#8360=CARTESIAN_POINT('',(0.000187881336636985,-0.0318135,0.0242418458286699));
#8361=CARTESIAN_POINT('',(0.000220978476802319,-0.0318135,0.022521394101198));
#8362=CARTESIAN_POINT('',(0.000120882605175037,-0.0318135,0.0208645443486543));
#8363=CARTESIAN_POINT('',(0.000257834365831622,-0.0318135,0.0194692120499903));
#8364=CARTESIAN_POINT('',(0.000318496500822105,-0.0318135,0.0189529092242549));
#8365=CARTESIAN_POINT('',(0.000318496500841139,-0.0320675,0.0189529092242551));
#8366=CARTESIAN_POINT('',(0.000398423884723744,-0.0318135,0.0261342033685103));
#8367=CARTESIAN_POINT('',(0.000398423884723744,-0.0320675,0.0261342033685103));
#8368=CARTESIAN_POINT('',(0.000370832799109888,-0.0318135,0.0258277120895307));
#8369=CARTESIAN_POINT('',(0.000370832799109888,-0.0320675,0.0258277120895307));
#8370=CARTESIAN_POINT('',(0.000351949508458738,-0.0318135,0.0254811224156613));
#8371=CARTESIAN_POINT('',(0.000351949508458738,-0.0320675,0.0254811224156613));
#8372=CARTESIAN_POINT('',(0.000303128998844419,-0.0318135,0.0251157411823895));
#8373=CARTESIAN_POINT('',(0.000303128998844419,-0.0320675,0.0251157411823895));
#8374=CARTESIAN_POINT('',(0.000398423884723744,-0.0320675,0.0261342033685103));
#8375=CARTESIAN_POINT('',(0.000381891992782598,-0.0320675,0.0259505614206759));
#8376=CARTESIAN_POINT('',(0.00036974633289084,-0.0320675,0.0256093442895485));
#8377=CARTESIAN_POINT('',(0.00032269747391573,-0.0320675,0.0252621950725945));
#8378=CARTESIAN_POINT('',(0.000303128998844419,-0.0320675,0.0251157411823895));
#8379=CARTESIAN_POINT('',(0.000398423884711882,-0.0320675,0.0261342033685104));
#8380=CARTESIAN_POINT('',(0.000398423884711882,-0.0318135,0.0261342033685104));
#8381=CARTESIAN_POINT('',(0.000398423884711882,-0.0318135,0.0261342033685104));
#8382=CARTESIAN_POINT('',(0.000398423884723744,-0.0318135,0.0261342033685103));
#8383=CARTESIAN_POINT('',(0.000381891992782598,-0.0318135,0.0259505614206759));
#8384=CARTESIAN_POINT('',(0.00036974633289084,-0.0318135,0.0256093442895485));
#8385=CARTESIAN_POINT('',(0.00032269747391573,-0.0318135,0.0252621950725945));
#8386=CARTESIAN_POINT('',(0.000303128998844419,-0.0318135,0.0251157411823895));
#8387=CARTESIAN_POINT('',(0.000525905418355038,-0.0318135,0.0267629490170089));
#8388=CARTESIAN_POINT('',(0.000525905418355038,-0.0321945,0.0267629490170089));
#8389=CARTESIAN_POINT('',(0.000472200872011489,-0.0318135,0.0265768014142342));
#8390=CARTESIAN_POINT('',(0.000472200872011489,-0.0321945,0.0265768014142342));
#8391=CARTESIAN_POINT('',(0.000420655848931443,-0.0318135,0.0263811636816932));
#8392=CARTESIAN_POINT('',(0.000420655848931443,-0.0321945,0.0263811636816932));
#8393=CARTESIAN_POINT('',(0.000398423884723744,-0.0318135,0.0261342033685103));
#8394=CARTESIAN_POINT('',(0.000398423884723744,-0.0321945,0.0261342033685103));
#8395=CARTESIAN_POINT('',(0.000525905418355038,-0.0318135,0.0267629490170089));
#8396=CARTESIAN_POINT('',(0.000525905418355038,-0.0318135,0.0267629490170089));
#8397=CARTESIAN_POINT('',(0.000525905418355038,-0.0318135,0.0267629490170089));
#8398=CARTESIAN_POINT('',(0.000484485215724665,-0.0318135,0.0266193806982904));
#8399=CARTESIAN_POINT('',(0.000429569466761262,-0.0318135,0.0264290461007646));
#8400=CARTESIAN_POINT('',(0.000403509210051684,-0.0318135,0.0261906929131989));
#8401=CARTESIAN_POINT('',(0.000398423884723744,-0.0318135,0.0261342033685103));
#8402=CARTESIAN_POINT('',(0.000398423884711882,-0.0320675,0.0261342033685104));
#8403=CARTESIAN_POINT('',(0.000871058459406465,-0.0318135,0.029081991778803));
#8404=CARTESIAN_POINT('',(0.000871058459406465,-0.0321945,0.029081991778803));
#8405=CARTESIAN_POINT('',(0.000846331523058759,-0.0318135,0.0289595517224572));
#8406=CARTESIAN_POINT('',(0.000846331523058759,-0.0321945,0.0289595517224572));
#8407=CARTESIAN_POINT('',(0.000808965336107128,-0.0318135,0.0287092800658638));
#8408=CARTESIAN_POINT('',(0.000808965336107128,-0.0321945,0.0287092800658638));
#8409=CARTESIAN_POINT('',(0.000690066130337897,-0.0318135,0.0280862300428642));
#8410=CARTESIAN_POINT('',(0.000690066130337897,-0.0321945,0.0280862300428642));
#8411=CARTESIAN_POINT('',(0.000609381102055044,-0.0318135,0.0274040573470158));
#8412=CARTESIAN_POINT('',(0.000609381102055044,-0.0321945,0.0274040573470158));
#8413=CARTESIAN_POINT('',(0.00056602750667486,-0.0318135,0.026971360037169));
#8414=CARTESIAN_POINT('',(0.00056602750667486,-0.0321945,0.026971360037169));
#8415=CARTESIAN_POINT('',(0.000525905418355038,-0.0318135,0.0267629490170089));
#8416=CARTESIAN_POINT('',(0.000525905418355038,-0.0321945,0.0267629490170089));
#8417=CARTESIAN_POINT('',(0.000871058459406465,-0.0318135,0.029081991778803));
#8418=CARTESIAN_POINT('',(0.000871058459406465,-0.0318135,0.029081991778803));
#8419=CARTESIAN_POINT('',(0.000871058459406465,-0.0318135,0.029081991778803));
#8420=CARTESIAN_POINT('',(0.000846673379751925,-0.0318135,0.0289612444898985));
#8421=CARTESIAN_POINT('',(0.000800109401199353,-0.0318135,0.0286548348866297));
#8422=CARTESIAN_POINT('',(0.000628485231382298,-0.0318135,0.0277556458977749));
#8423=CARTESIAN_POINT('',(0.000588135920424343,-0.0318135,0.0270862004469434));
#8424=CARTESIAN_POINT('',(0.000525905418355038,-0.0318135,0.0267629490170089));
#8425=CARTESIAN_POINT('',(0.00160593401966681,-0.0318135,0.0315151074336594));
#8426=CARTESIAN_POINT('',(0.00160593401966681,-0.0321945,0.0315151074336594));
#8427=CARTESIAN_POINT('',(0.00152929222378819,-0.0318135,0.0313178211661001));
#8428=CARTESIAN_POINT('',(0.00152929222378819,-0.0321945,0.0313178211661001));
#8429=CARTESIAN_POINT('',(0.00141049194395275,-0.0318135,0.0309688686988032));
#8430=CARTESIAN_POINT('',(0.00141049194395275,-0.0321945,0.0309688686988032));
#8431=CARTESIAN_POINT('',(0.00128325544810069,-0.0318135,0.0305281319228921));
#8432=CARTESIAN_POINT('',(0.00128325544810069,-0.0321945,0.0305281319228921));
#8433=CARTESIAN_POINT('',(0.00108248628557688,-0.0318135,0.0298765897843721));
#8434=CARTESIAN_POINT('',(0.00108248628557688,-0.0321945,0.0298765897843721));
#8435=CARTESIAN_POINT('',(0.000933326884948054,-0.0318135,0.0293453094974952));
#8436=CARTESIAN_POINT('',(0.000933326884948054,-0.0321945,0.0293453094974952));
#8437=CARTESIAN_POINT('',(0.000871058459406464,-0.0318135,0.029081991778803));
#8438=CARTESIAN_POINT('',(0.000871058459406464,-0.0321945,0.029081991778803));
#8439=CARTESIAN_POINT('',(0.00160593401966681,-0.0320675,0.0315151074336594));
#8440=CARTESIAN_POINT('',(0.00160593401966681,-0.0318135,0.0315151074336594));
#8441=CARTESIAN_POINT('',(0.00153138250723476,-0.0318135,0.0313232018361978));
#8442=CARTESIAN_POINT('',(0.00139922941802651,-0.0318135,0.0309359472784606));
#8443=CARTESIAN_POINT('',(0.00123373759680264,-0.0318135,0.0303544777750928));
#8444=CARTESIAN_POINT('',(0.000982096953538315,-0.0318135,0.0295515460144772));
#8445=CARTESIAN_POINT('',(0.000871058459406464,-0.0318135,0.029081991778803));
#8446=CARTESIAN_POINT('',(-0.00221458555665963,-0.0318135,0.0265190097));
#8447=CARTESIAN_POINT('',(0.00410829717293381,-0.0318135,0.0355501398444176));
#8448=CARTESIAN_POINT('',(0.00407246681680033,-0.0318135,0.0355334692449059));
#8449=CARTESIAN_POINT('',(0.00395743449348466,-0.0318135,0.0354799487667461));
#8450=CARTESIAN_POINT('',(0.00345813845896752,-0.0318135,0.0349153059576679));
#8451=CARTESIAN_POINT('',(0.00296600041996103,-0.0318135,0.0341946525390528));
#8452=CARTESIAN_POINT('',(0.00238914502735455,-0.0318135,0.0331893710061557));
#8453=CARTESIAN_POINT('',(0.00214639111498463,-0.0318135,0.0326999349758138));
#8454=CARTESIAN_POINT('',(0.00203640794109456,-0.0318135,0.0324781888976244));
#8455=CARTESIAN_POINT('',(0.00410829717293381,-0.0318135,0.0355501398444176));
#8456=CARTESIAN_POINT('',(0.00327042126817639,-0.0318135,0.035655663376136));
#8457=CARTESIAN_POINT('',(0.00243254536304142,-0.0318135,0.0357611869048567));
#8458=CARTESIAN_POINT('',(-0.000205104903799357,-0.0318135,0.0326228872073215));
#8459=CARTESIAN_POINT('',(-2.81845299624081E-5,-0.0318135,0.0329463405719541));
#8460=CARTESIAN_POINT('',(0.000370416059235003,-0.0318135,0.0336747568140371));
#8461=CARTESIAN_POINT('',(0.00161019721197093,-0.0318135,0.0352021499153657));
#8462=CARTESIAN_POINT('',(0.00198693271321611,-0.0318135,0.0355891561750964));
#8463=CARTESIAN_POINT('',(0.00228852051739577,-0.0318135,0.035705817403504));
#8464=CARTESIAN_POINT('',(0.00243254536304142,-0.0318135,0.0357611869048567));
#8465=CARTESIAN_POINT('',(-0.000129040650790557,-0.0318135,0.0297328419983387));
#8466=CARTESIAN_POINT('',(-0.000129040650790557,-0.0318135,0.0292222228051892));
#8467=CARTESIAN_POINT('',(-0.00111333571840078,-0.0318135,0.0220458805561066));
#8468=CARTESIAN_POINT('',(-0.00111333571840078,-0.0318135,0.0215111923065457));
#8469=CARTESIAN_POINT('',(-0.000174270215211436,-0.0318135,0.0143680879846215));
#8470=CARTESIAN_POINT('',(-0.000174270215211436,-0.0318135,0.0138806896489264));
#8471=CARTESIAN_POINT('',(0.00205019372515381,-0.0318135,0.00949311070144176));
#8472=CARTESIAN_POINT('',(0.00205019372515381,-0.0318135,0.00909056107957983));
#8473=CARTESIAN_POINT('',(0.00205019372515381,-0.0318135,0.0346079170703888));
#8474=CARTESIAN_POINT('',(0.00205019372515381,-0.0318135,0.0342304581711983));
#8475=CARTESIAN_POINT('',(-0.0128790265487637,-0.0318135,0.0318438872005209));
#8476=CARTESIAN_POINT('',(-0.0128790265487637,-0.0321945,0.0318438872005209));
#8477=CARTESIAN_POINT('',(-0.012755682266488,-0.0318135,0.0321628612519888));
#8478=CARTESIAN_POINT('',(-0.012755682266488,-0.0321945,0.0321628612519888));
#8479=CARTESIAN_POINT('',(-0.0124732450987682,-0.0318135,0.032875572219838));
#8480=CARTESIAN_POINT('',(-0.0124732450987682,-0.0321945,0.032875572219838));
#8481=CARTESIAN_POINT('',(-0.0119787639474672,-0.0318135,0.0339305421439736));
#8482=CARTESIAN_POINT('',(-0.0119787639474672,-0.0321945,0.0339305421439736));
#8483=CARTESIAN_POINT('',(-0.0114588783054191,-0.0318135,0.034702445823131));
#8484=CARTESIAN_POINT('',(-0.0114588783054191,-0.0321945,0.034702445823131));
#8485=CARTESIAN_POINT('',(-0.0109653086935137,-0.0318135,0.0348489375417237));
#8486=CARTESIAN_POINT('',(-0.0109653086935137,-0.0321945,0.0348489375417237));
#8487=CARTESIAN_POINT('',(-0.0104446538101487,-0.0318135,0.0349862988576221));
#8488=CARTESIAN_POINT('',(-0.0104446538101487,-0.0321945,0.0349862988576221));
#8489=CARTESIAN_POINT('',(-0.00986989166479067,-0.0318135,0.0353920483552727));
#8490=CARTESIAN_POINT('',(-0.00986989166479067,-0.0321945,0.0353920483552727));
#8491=CARTESIAN_POINT('',(-0.00927605243250961,-0.0318135,0.0354497051436375));
#8492=CARTESIAN_POINT('',(-0.00927605243250961,-0.0321945,0.0354497051436375));
#8493=CARTESIAN_POINT('',(-0.00888330342629901,-0.0318135,0.0353874602388042));
#8494=CARTESIAN_POINT('',(-0.00888330342629901,-0.0321945,0.0353874602388042));
#8495=CARTESIAN_POINT('',(-0.00869228407713219,-0.0318135,0.0354219216175493));
#8496=CARTESIAN_POINT('',(-0.00869228407713219,-0.0321945,0.0354219216175493));
#8497=CARTESIAN_POINT('',(-0.0128790265487637,-0.0320675,0.0318438872005209));
#8498=CARTESIAN_POINT('',(-0.0128790265487637,-0.0320675,0.0318438872005209));
#8499=CARTESIAN_POINT('',(-0.0128790265487637,-0.0318135,0.0318438872005209));
#8500=CARTESIAN_POINT('',(-0.0128790265487637,-0.0318135,0.0318438872005209));
#8501=CARTESIAN_POINT('',(-0.0128790265487637,-0.0318135,0.0318438872005209));
#8502=CARTESIAN_POINT('',(-0.0128461485527852,-0.0318135,0.0319289112274794));
#8503=CARTESIAN_POINT('',(-0.0124504047511916,-0.0318135,0.0329414584305334));
#8504=CARTESIAN_POINT('',(-0.0116165987046388,-0.0318135,0.0348897348300445));
#8505=CARTESIAN_POINT('',(-0.0106274742649847,-0.0318135,0.034810461617157));
#8506=CARTESIAN_POINT('',(-0.00968122134647841,-0.0318135,0.0355889026630062));
#8507=CARTESIAN_POINT('',(-0.00900513676289553,-0.0318135,0.0353654805557273));
#8508=CARTESIAN_POINT('',(-0.00869228407713219,-0.0318135,0.0354219216175493));
#8509=CARTESIAN_POINT('',(-0.00869228407713219,-0.0318135,0.0354219216175493));
#8510=CARTESIAN_POINT('',(-0.00869228407713219,-0.0318135,0.0354219216175493));
#8511=CARTESIAN_POINT('',(0.0120796879084738,-0.0318134999999953,0.0221064873793331));
#8512=CARTESIAN_POINT('',(0.0120796879084738,-0.0320675,0.0221064873793331));
#8513=CARTESIAN_POINT('',(-0.0133709625540238,-0.0320675,0.0304722357635097));
#8514=CARTESIAN_POINT('',(-0.0133709625540238,-0.0318135,0.0304722357635097));
#8515=CARTESIAN_POINT('',(-0.0133709625540238,-0.0318135,0.0304722357635097));
#8516=CARTESIAN_POINT('',(0.0120796879084738,-0.0318135,0.0221064873793331));
#8517=CARTESIAN_POINT('',(-0.0143689996300794,-0.0318135,0.0258158317553141));
#8518=CARTESIAN_POINT('',(-0.0143689996300794,-0.0321945,0.0258158317553141));
#8519=CARTESIAN_POINT('',(-0.0142571475339354,-0.0318135,0.0266571093532202));
#8520=CARTESIAN_POINT('',(-0.0142571475339354,-0.0321945,0.0266571093532202));
#8521=CARTESIAN_POINT('',(-0.0138934050327411,-0.0318135,0.0287046551684481));
#8522=CARTESIAN_POINT('',(-0.0138934050327411,-0.0321945,0.0287046551684481));
#8523=CARTESIAN_POINT('',(-0.0135883142695309,-0.0318135,0.0298048262203792));
#8524=CARTESIAN_POINT('',(-0.0135883142695309,-0.0321945,0.0298048262203792));
#8525=CARTESIAN_POINT('',(-0.0133709625540238,-0.0318135,0.0304722357635097));
#8526=CARTESIAN_POINT('',(-0.0133709625540238,-0.0321945,0.0304722357635097));
#8527=CARTESIAN_POINT('',(-0.0143689996300838,-0.0320675,0.025815831755314));
#8528=CARTESIAN_POINT('',(-0.0143689996300838,-0.0320675,0.025815831755314));
#8529=CARTESIAN_POINT('',(-0.0143689996300838,-0.0318135,0.025815831755314));
#8530=CARTESIAN_POINT('',(-0.0143689996300838,-0.0318135,0.025815831755314));
#8531=CARTESIAN_POINT('',(-0.0143689996300794,-0.0318135,0.0258158317553141));
#8532=CARTESIAN_POINT('',(-0.0142654119139957,-0.0318135,0.0265949501443635));
#8533=CARTESIAN_POINT('',(-0.0139457119663927,-0.0318135,0.0284208232595656));
#8534=CARTESIAN_POINT('',(-0.0136376626573736,-0.0318135,0.0296268955369172));
#8535=CARTESIAN_POINT('',(-0.0134193154708728,-0.0318135,0.0303237612135486));
#8536=CARTESIAN_POINT('',(-0.0133709625540238,-0.0318135,0.0304722357635097));
#8537=CARTESIAN_POINT('',(-0.0133709625540238,-0.0320675,0.0304722357635097));
#8538=CARTESIAN_POINT('',(0.00130139498511827,-0.0318135,0.0236755923870711));
#8539=CARTESIAN_POINT('',(0.00130139498511827,-0.0320675,0.0236755923870711));
#8540=CARTESIAN_POINT('',(-0.0144828880432372,-0.0320675,0.02467097154823));
#8541=CARTESIAN_POINT('',(-0.0144828880432372,-0.0318135,0.02467097154823));
#8542=CARTESIAN_POINT('',(-0.0144828880432372,-0.0318135,0.02467097154823));
#8543=CARTESIAN_POINT('',(0.00130139498511827,-0.0318135,0.0236755923870711));
#8544=CARTESIAN_POINT('',(-0.0145196081798186,-0.0318135,0.0193741230986253));
#8545=CARTESIAN_POINT('',(-0.0145196081798186,-0.0321945,0.0193741230986253));
#8546=CARTESIAN_POINT('',(-0.0145608700054937,-0.0318135,0.0197756499547998));
#8547=CARTESIAN_POINT('',(-0.0145608700054937,-0.0321945,0.0197756499547998));
#8548=CARTESIAN_POINT('',(-0.0146418253839652,-0.0318135,0.0205767581302613));
#8549=CARTESIAN_POINT('',(-0.0146418253839652,-0.0321945,0.0205767581302613));
#8550=CARTESIAN_POINT('',(-0.0146362188554337,-0.0318135,0.0220325621950537));
#8551=CARTESIAN_POINT('',(-0.0146362188554337,-0.0321945,0.0220325621950537));
#8552=CARTESIAN_POINT('',(-0.0145363000002163,-0.0318135,0.0235725506292155));
#8553=CARTESIAN_POINT('',(-0.0145363000002163,-0.0321945,0.0235725506292155));
#8554=CARTESIAN_POINT('',(-0.0145064704735554,-0.0318135,0.0243021974205177));
#8555=CARTESIAN_POINT('',(-0.0145064704735554,-0.0321945,0.0243021974205177));
#8556=CARTESIAN_POINT('',(-0.0144828880432359,-0.0318135,0.0246709715482301));
#8557=CARTESIAN_POINT('',(-0.0144828880432359,-0.0321945,0.0246709715482301));
#8558=CARTESIAN_POINT('',(-0.0145196081798188,-0.0320675,0.0193741230986257));
#8559=CARTESIAN_POINT('',(-0.0145196081798188,-0.0320675,0.0193741230986257));
#8560=CARTESIAN_POINT('',(-0.0145196081798188,-0.0318135,0.0193741230986257));
#8561=CARTESIAN_POINT('',(-0.0145196081798188,-0.0318135,0.0193741230986257));
#8562=CARTESIAN_POINT('',(-0.0145196081798186,-0.0318135,0.0193741230986253));
#8563=CARTESIAN_POINT('',(-0.0145767301271144,-0.0318135,0.0199299878850468));
#8564=CARTESIAN_POINT('',(-0.0146985492786172,-0.0318135,0.021226508514228));
#8565=CARTESIAN_POINT('',(-0.0145399148104352,-0.0318135,0.0234401368378276));
#8566=CARTESIAN_POINT('',(-0.0145018735892471,-0.0318135,0.0243740819539624));
#8567=CARTESIAN_POINT('',(-0.0144828880432359,-0.0318135,0.0246709715482301));
#8568=CARTESIAN_POINT('',(-0.0144828880432372,-0.0320675,0.02467097154823));
#8569=CARTESIAN_POINT('',(-0.0144068145976272,-0.0318135,0.018309215113901));
#8570=CARTESIAN_POINT('',(-0.0144068145976272,-0.0320675,0.018309215113901));
#8571=CARTESIAN_POINT('',(-0.0144489635950671,-0.0318135,0.0186741325847827));
#8572=CARTESIAN_POINT('',(-0.0144489635950671,-0.0320675,0.0186741325847827));
#8573=CARTESIAN_POINT('',(-0.0144835462854552,-0.0318135,0.0190231977860751));
#8574=CARTESIAN_POINT('',(-0.0144835462854552,-0.0320675,0.0190231977860751));
#8575=CARTESIAN_POINT('',(-0.0145196081798186,-0.0318135,0.0193741230986253));
#8576=CARTESIAN_POINT('',(-0.0145196081798186,-0.0320675,0.0193741230986253));
#8577=CARTESIAN_POINT('',(-0.0144068145976272,-0.0320675,0.018309215113901));
#8578=CARTESIAN_POINT('',(-0.0144387819452776,-0.0320675,0.018585981926018));
#8579=CARTESIAN_POINT('',(-0.0144744174907642,-0.0320675,0.0189389974388904));
#8580=CARTESIAN_POINT('',(-0.0145108969505734,-0.0320675,0.0192893524314281));
#8581=CARTESIAN_POINT('',(-0.0145196081798186,-0.0320675,0.0193741230986253));
#8582=CARTESIAN_POINT('',(-0.0144068145976272,-0.0320675,0.018309215113901));
#8583=CARTESIAN_POINT('',(-0.0144068145976272,-0.0318135,0.018309215113901));
#8584=CARTESIAN_POINT('',(-0.0144068145976272,-0.0318135,0.018309215113901));
#8585=CARTESIAN_POINT('',(-0.0144068145976272,-0.0318135,0.018309215113901));
#8586=CARTESIAN_POINT('',(-0.0144387819452776,-0.0318135,0.018585981926018));
#8587=CARTESIAN_POINT('',(-0.0144744174907642,-0.0318135,0.0189389974388904));
#8588=CARTESIAN_POINT('',(-0.0145108969505734,-0.0318135,0.0192893524314281));
#8589=CARTESIAN_POINT('',(-0.0145196081798186,-0.0318135,0.0193741230986253));
#8590=CARTESIAN_POINT('',(-0.0134152790695359,-0.0318135,0.0136131698136224));
#8591=CARTESIAN_POINT('',(-0.0134152790695359,-0.0321945,0.0136131698136224));
#8592=CARTESIAN_POINT('',(-0.0134900555173456,-0.0318135,0.0138739864771992));
#8593=CARTESIAN_POINT('',(-0.0134900555173456,-0.0321945,0.0138739864771992));
#8594=CARTESIAN_POINT('',(-0.0136402774913994,-0.0318135,0.0144687604710869));
#8595=CARTESIAN_POINT('',(-0.0136402774913994,-0.0321945,0.0144687604710869));
#8596=CARTESIAN_POINT('',(-0.0139699011982884,-0.0318135,0.0157894868499118));
#8597=CARTESIAN_POINT('',(-0.0139699011982884,-0.0321945,0.0157894868499118));
#8598=CARTESIAN_POINT('',(-0.014261826334502,-0.0318135,0.0171671467337951));
#8599=CARTESIAN_POINT('',(-0.014261826334502,-0.0321945,0.0171671467337951));
#8600=CARTESIAN_POINT('',(-0.0143639925337021,-0.0318135,0.0179384703699066));
#8601=CARTESIAN_POINT('',(-0.0143639925337021,-0.0321945,0.0179384703699066));
#8602=CARTESIAN_POINT('',(-0.0144068145976272,-0.0318135,0.018309215113901));
#8603=CARTESIAN_POINT('',(-0.0144068145976272,-0.0321945,0.018309215113901));
#8604=CARTESIAN_POINT('',(-0.0134152790695359,-0.0320675,0.0136131698136224));
#8605=CARTESIAN_POINT('',(-0.0134152790695359,-0.0320675,0.0136131698136224));
#8606=CARTESIAN_POINT('',(-0.0134152790695359,-0.0318135,0.0136131698136224));
#8607=CARTESIAN_POINT('',(-0.0134152790695359,-0.0318135,0.0136131698136224));
#8608=CARTESIAN_POINT('',(-0.0134152790695359,-0.0318135,0.0136131698136224));
#8609=CARTESIAN_POINT('',(-0.0134765023545078,-0.0318135,0.0138267136952496));
#8610=CARTESIAN_POINT('',(-0.013688359394173,-0.0318135,0.0146567223631757));
#8611=CARTESIAN_POINT('',(-0.0141928626995631,-0.0318135,0.0166676607588266));
#8612=CARTESIAN_POINT('',(-0.0143599515658077,-0.0318135,0.0179034844894942));
#8613=CARTESIAN_POINT('',(-0.0144068145976272,-0.0318135,0.018309215113901));
#8614=CARTESIAN_POINT('',(-0.0144068145976272,-0.0320675,0.018309215113901));
#8615=CARTESIAN_POINT('',(-0.0129817023278427,-0.0318135,0.0124537594747105));
#8616=CARTESIAN_POINT('',(-0.0129817023278427,-0.0320675,0.0124537594747105));
#8617=CARTESIAN_POINT('',(-0.0131603364704408,-0.0318135,0.0128474865573531));
#8618=CARTESIAN_POINT('',(-0.0131603364704408,-0.0320675,0.0128474865573531));
#8619=CARTESIAN_POINT('',(-0.013298616051686,-0.0318135,0.0132062548026838));
#8620=CARTESIAN_POINT('',(-0.013298616051686,-0.0320675,0.0132062548026838));
#8621=CARTESIAN_POINT('',(-0.0134152790695359,-0.0318135,0.0136131698136224));
#8622=CARTESIAN_POINT('',(-0.0134152790695359,-0.0320675,0.0136131698136224));
#8623=CARTESIAN_POINT('',(-0.0129817023278427,-0.0320675,0.0124537594747105));
#8624=CARTESIAN_POINT('',(-0.0130959726382401,-0.0320675,0.0127056223901144));
#8625=CARTESIAN_POINT('',(-0.0132545844825974,-0.0320675,0.0130862451787661));
#8626=CARTESIAN_POINT('',(-0.0133732441102851,-0.0320675,0.0134665538918111));
#8627=CARTESIAN_POINT('',(-0.0134152790695359,-0.0320675,0.0136131698136224));
#8628=CARTESIAN_POINT('',(-0.0129817023381695,-0.0320675,0.0124537594764834));
#8629=CARTESIAN_POINT('',(-0.0129817023381695,-0.0318135,0.0124537594764834));
#8630=CARTESIAN_POINT('',(-0.0129817023381695,-0.0318135,0.0124537594764834));
#8631=CARTESIAN_POINT('',(-0.0129817023278427,-0.0318135,0.0124537594747105));
#8632=CARTESIAN_POINT('',(-0.0130959726382401,-0.0318135,0.0127056223901144));
#8633=CARTESIAN_POINT('',(-0.0132545844825974,-0.0318135,0.0130862451787661));
#8634=CARTESIAN_POINT('',(-0.0133732441102851,-0.0318135,0.0134665538918111));
#8635=CARTESIAN_POINT('',(-0.0134152790695359,-0.0318135,0.0136131698136224));
#8636=CARTESIAN_POINT('',(-0.0119230289805499,-0.0318135,0.01023952415454));
#8637=CARTESIAN_POINT('',(-0.0119230289805499,-0.0321945,0.01023952415454));
#8638=CARTESIAN_POINT('',(-0.0119668284289297,-0.0318135,0.0103032574954944));
#8639=CARTESIAN_POINT('',(-0.0119668284289297,-0.0321945,0.0103032574954944));
#8640=CARTESIAN_POINT('',(-0.0120542394367189,-0.0318135,0.0104295868896274));
#8641=CARTESIAN_POINT('',(-0.0120542394367189,-0.0321945,0.0104295868896274));
#8642=CARTESIAN_POINT('',(-0.0121913510699755,-0.0318135,0.0106712036838883));
#8643=CARTESIAN_POINT('',(-0.0121913510699755,-0.0321945,0.0106712036838883));
#8644=CARTESIAN_POINT('',(-0.0123274723040987,-0.0318135,0.0109664058194173));
#8645=CARTESIAN_POINT('',(-0.0123274723040987,-0.0321945,0.0109664058194173));
#8646=CARTESIAN_POINT('',(-0.0124093051303675,-0.0318135,0.0111869822875296));
#8647=CARTESIAN_POINT('',(-0.0124093051303675,-0.0321945,0.0111869822875296));
#8648=CARTESIAN_POINT('',(-0.0124709157116411,-0.0318135,0.0113717144895651));
#8649=CARTESIAN_POINT('',(-0.0124709157116411,-0.0321945,0.0113717144895651));
#8650=CARTESIAN_POINT('',(-0.012617924360859,-0.0318135,0.0116894556950771));
#8651=CARTESIAN_POINT('',(-0.012617924360859,-0.0321945,0.0116894556950771));
#8652=CARTESIAN_POINT('',(-0.0128032576753828,-0.0318135,0.0120711683334246));
#8653=CARTESIAN_POINT('',(-0.0128032576753828,-0.0321945,0.0120711683334246));
#8654=CARTESIAN_POINT('',(-0.0129249323478576,-0.0318135,0.0123286328988157));
#8655=CARTESIAN_POINT('',(-0.0129249323478576,-0.0321945,0.0123286328988157));
#8656=CARTESIAN_POINT('',(-0.0129817023278427,-0.0318135,0.0124537594747105));
#8657=CARTESIAN_POINT('',(-0.0129817023278427,-0.0321945,0.0124537594747105));
#8658=CARTESIAN_POINT('',(-0.0119230289805499,-0.0318135,0.01023952415454));
#8659=CARTESIAN_POINT('',(-0.0119230289805499,-0.0318135,0.01023952415454));
#8660=CARTESIAN_POINT('',(-0.0119230289805499,-0.0318135,0.01023952415454));
#8661=CARTESIAN_POINT('',(-0.0119937760103672,-0.0318135,0.0103424693910591));
#8662=CARTESIAN_POINT('',(-0.0121473645519739,-0.0318135,0.010565874722264));
#8663=CARTESIAN_POINT('',(-0.0123829810099836,-0.0318135,0.0110876233008333));
#8664=CARTESIAN_POINT('',(-0.0124655885649461,-0.0318135,0.0113893579559011));
#8665=CARTESIAN_POINT('',(-0.012769435413694,-0.0318135,0.0119946648401683));
#8666=CARTESIAN_POINT('',(-0.012948448977017,-0.0318135,0.0123804658443985));
#8667=CARTESIAN_POINT('',(-0.0129817023278427,-0.0318135,0.0124537594747105));
#8668=CARTESIAN_POINT('',(-0.0129817023381695,-0.0320675,0.0124537594764834));
#8669=CARTESIAN_POINT('',(-0.0107372168707302,-0.0318135,0.0121344533146947));
#8670=CARTESIAN_POINT('',(-0.0107372168707302,-0.0321945,0.0121344533146947));
#8671=CARTESIAN_POINT('',(-0.0105282067521383,-0.0318135,0.0116262120487645));
#8672=CARTESIAN_POINT('',(-0.0105282067521383,-0.0321945,0.0116262120487645));
#8673=CARTESIAN_POINT('',(-0.0102078763595168,-0.0318135,0.0109286650540435));
#8674=CARTESIAN_POINT('',(-0.0102078763595168,-0.0321945,0.0109286650540435));
#8675=CARTESIAN_POINT('',(-0.00990240228603281,-0.0318135,0.0102763337953896));
#8676=CARTESIAN_POINT('',(-0.00990240228603281,-0.0321945,0.0102763337953896));
#8677=CARTESIAN_POINT('',(-0.00969747644125359,-0.0318135,0.00990041697485146));
#8678=CARTESIAN_POINT('',(-0.00969747644125359,-0.0321945,0.00990041697485146));
#8679=CARTESIAN_POINT('',(-0.00937013422502223,-0.0318135,0.00952001641424936));
#8680=CARTESIAN_POINT('',(-0.00937013422502223,-0.0321945,0.00952001641424936));
#8681=CARTESIAN_POINT('',(-0.00884209574760668,-0.0318135,0.00906190336855502));
#8682=CARTESIAN_POINT('',(-0.00884209574760668,-0.0321945,0.00906190336855502));
#8683=CARTESIAN_POINT('',(-0.00843662569571874,-0.0318135,0.0086813621670268));
#8684=CARTESIAN_POINT('',(-0.00843662569571874,-0.0321945,0.0086813621670268));
#8685=CARTESIAN_POINT('',(-0.00853594054961882,-0.0318135,0.00855992504444488));
#8686=CARTESIAN_POINT('',(-0.00853594054961882,-0.0321945,0.00855992504444488));
#8687=CARTESIAN_POINT('',(-0.00905708387510861,-0.0318135,0.00865636056290292));
#8688=CARTESIAN_POINT('',(-0.00905708387510861,-0.0321945,0.00865636056290292));
#8689=CARTESIAN_POINT('',(-0.00957571275142308,-0.0318135,0.00876476721541982));
#8690=CARTESIAN_POINT('',(-0.00957571275142308,-0.0321945,0.00876476721541982));
#8691=CARTESIAN_POINT('',(-0.0100234406193491,-0.0318135,0.00884908014797855));
#8692=CARTESIAN_POINT('',(-0.0100234406193491,-0.0321945,0.00884908014797855));
#8693=CARTESIAN_POINT('',(-0.01036477714095,-0.0318135,0.00886910139837701));
#8694=CARTESIAN_POINT('',(-0.01036477714095,-0.0321945,0.00886910139837701));
#8695=CARTESIAN_POINT('',(-0.0106504852484297,-0.0318135,0.00891751155871441));
#8696=CARTESIAN_POINT('',(-0.0106504852484297,-0.0321945,0.00891751155871441));
#8697=CARTESIAN_POINT('',(-0.0111496927534524,-0.0318135,0.00931668982045864));
#8698=CARTESIAN_POINT('',(-0.0111496927534524,-0.0321945,0.00931668982045864));
#8699=CARTESIAN_POINT('',(-0.0116136947623122,-0.0318135,0.00987048948794072));
#8700=CARTESIAN_POINT('',(-0.0116136947623122,-0.0321945,0.00987048948794072));
#8701=CARTESIAN_POINT('',(-0.0119230289805499,-0.0318135,0.01023952415454));
#8702=CARTESIAN_POINT('',(-0.0119230289805499,-0.0321945,0.01023952415454));
#8703=CARTESIAN_POINT('',(-0.0107372168707302,-0.0320675,0.0121344533146947));
#8704=CARTESIAN_POINT('',(-0.0107372168707302,-0.0320675,0.0121344533146947));
#8705=CARTESIAN_POINT('',(-0.0107372168707302,-0.0318135,0.0121344533146947));
#8706=CARTESIAN_POINT('',(-0.0107372168707302,-0.0318135,0.0121344533146947));
#8707=CARTESIAN_POINT('',(-0.0107372168707302,-0.0318135,0.0121344533146947));
#8708=CARTESIAN_POINT('',(-0.0104740073707819,-0.0318135,0.0114944176534557));
#8709=CARTESIAN_POINT('',(-0.00995626215923674,-0.0318135,0.0103901523656486));
#8710=CARTESIAN_POINT('',(-0.00958087035279758,-0.0318135,0.00961799354919176));
#8711=CARTESIAN_POINT('',(-0.00804626911495385,-0.0318135,0.00845386746126729));
#8712=CARTESIAN_POINT('',(-0.00927287515544047,-0.0318135,0.00870129721816912));
#8713=CARTESIAN_POINT('',(-0.0101671692002335,-0.0318135,0.00888673589173393));
#8714=CARTESIAN_POINT('',(-0.0107641605649112,-0.0318135,0.00885685754997748));
#8715=CARTESIAN_POINT('',(-0.0114663563882666,-0.0318135,0.00969471531057046));
#8716=CARTESIAN_POINT('',(-0.0119230289805499,-0.0318135,0.01023952415454));
#8717=CARTESIAN_POINT('',(0.00758090110312573,-0.0318134999999961,0.0197092354659323));
#8718=CARTESIAN_POINT('',(0.00758090110312573,-0.0320675,0.0197092354659323));
#8719=CARTESIAN_POINT('',(-0.0111457198310756,-0.0320675,0.0132106761893241));
#8720=CARTESIAN_POINT('',(-0.0111457198310756,-0.0318135,0.0132106761893241));
#8721=CARTESIAN_POINT('',(-0.0111457198310756,-0.0318135,0.0132106761893241));
#8722=CARTESIAN_POINT('',(0.00758090110312573,-0.0318135,0.0197092354659323));
#8723=CARTESIAN_POINT('',(-0.0122655960067627,-0.0318135,0.018187475165022));
#8724=CARTESIAN_POINT('',(-0.0122655960067627,-0.0321945,0.018187475165022));
#8725=CARTESIAN_POINT('',(-0.0121677656944679,-0.0318135,0.0173858621165559));
#8726=CARTESIAN_POINT('',(-0.0121677656944679,-0.0321945,0.0173858621165559));
#8727=CARTESIAN_POINT('',(-0.0118941199630397,-0.0318135,0.0157790228529812));
#8728=CARTESIAN_POINT('',(-0.0118941199630397,-0.0321945,0.0157790228529812));
#8729=CARTESIAN_POINT('',(-0.0114297548331947,-0.0318135,0.0140340188854611));
#8730=CARTESIAN_POINT('',(-0.0114297548331947,-0.0321945,0.0140340188854611));
#8731=CARTESIAN_POINT('',(-0.0111457198166345,-0.0318135,0.0132106761858599));
#8732=CARTESIAN_POINT('',(-0.0111457198166345,-0.0321945,0.0132106761858599));
#8733=CARTESIAN_POINT('',(-0.0122655960067627,-0.0320675,0.018187475165022));
#8734=CARTESIAN_POINT('',(-0.0122655960067627,-0.0320675,0.018187475165022));
#8735=CARTESIAN_POINT('',(-0.0122655960067627,-0.0318135,0.018187475165022));
#8736=CARTESIAN_POINT('',(-0.0122655960067627,-0.0318135,0.018187475165022));
#8737=CARTESIAN_POINT('',(-0.0122655960067627,-0.0318135,0.018187475165022));
#8738=CARTESIAN_POINT('',(-0.0122037068335555,-0.0318135,0.0176803606762917));
#8739=CARTESIAN_POINT('',(-0.0119597163991488,-0.0318135,0.016100766420174));
#8740=CARTESIAN_POINT('',(-0.011534104311352,-0.0318135,0.014336500537507));
#8741=CARTESIAN_POINT('',(-0.0111457198166345,-0.0318135,0.0132106761858599));
#8742=CARTESIAN_POINT('',(-0.0111457198310756,-0.0320675,0.0132106761893241));
#8743=CARTESIAN_POINT('',(0.0129685497669731,-0.0318135,0.0212562869193597));
#8744=CARTESIAN_POINT('',(0.0129685497669731,-0.0320675,0.0212562869193597));
#8745=CARTESIAN_POINT('',(-0.012370359271498,-0.0320675,0.0192257089247366));
#8746=CARTESIAN_POINT('',(-0.012370359271498,-0.0318135,0.0192257089247366));
#8747=CARTESIAN_POINT('',(-0.012370359271498,-0.0318135,0.0192257089247366));
#8748=CARTESIAN_POINT('',(0.0129685497669731,-0.0318135,0.0212562869193597));
#8749=CARTESIAN_POINT('',(-0.0123910414921786,-0.0318135,0.024862668943722));
#8750=CARTESIAN_POINT('',(-0.0123910414921786,-0.0321945,0.024862668943722));
#8751=CARTESIAN_POINT('',(-0.0125187435818548,-0.0318135,0.0231279705862476));
#8752=CARTESIAN_POINT('',(-0.0125187435818548,-0.0321945,0.0231279705862476));
#8753=CARTESIAN_POINT('',(-0.0125094772607794,-0.0318135,0.0209493566299899));
#8754=CARTESIAN_POINT('',(-0.0125094772607794,-0.0321945,0.0209493566299899));
#8755=CARTESIAN_POINT('',(-0.012370359271498,-0.0318135,0.0192257089247366));
#8756=CARTESIAN_POINT('',(-0.012370359271498,-0.0321945,0.0192257089247366));
#8757=CARTESIAN_POINT('',(-0.01239104149182,-0.0320675,0.0248626689437312));
#8758=CARTESIAN_POINT('',(-0.01239104149182,-0.0320675,0.0248626689437312));
#8759=CARTESIAN_POINT('',(-0.01239104149182,-0.0318135,0.0248626689437312));
#8760=CARTESIAN_POINT('',(-0.01239104149182,-0.0318135,0.0248626689437312));
#8761=CARTESIAN_POINT('',(-0.0123910414921786,-0.0318135,0.024862668943722));
#8762=CARTESIAN_POINT('',(-0.0124054214650334,-0.0318135,0.0246673321614111));
#8763=CARTESIAN_POINT('',(-0.0125012166017198,-0.0318135,0.0231534851770829));
#8764=CARTESIAN_POINT('',(-0.0124957396775545,-0.0318135,0.0210405729040851));
#8765=CARTESIAN_POINT('',(-0.0123906285943402,-0.0318135,0.0194768423114712));
#8766=CARTESIAN_POINT('',(-0.012370359271498,-0.0318135,0.0192257089247366));
#8767=CARTESIAN_POINT('',(-0.012370359271498,-0.0320675,0.0192257089247366));
#8768=CARTESIAN_POINT('',(0.0135080442836062,-0.0318134999999959,0.0229701503713847));
#8769=CARTESIAN_POINT('',(0.0135080442836062,-0.0320675,0.0229701503713847));
#8770=CARTESIAN_POINT('',(-0.0122923090694979,-0.0320675,0.0259166847407505));
#8771=CARTESIAN_POINT('',(-0.0122923090694979,-0.0318135,0.0259166847407505));
#8772=CARTESIAN_POINT('',(-0.0122923090694979,-0.0318135,0.0259166847407505));
#8773=CARTESIAN_POINT('',(0.0135080442836062,-0.0318135,0.0229701503713847));
#8774=CARTESIAN_POINT('',(-0.0112139177582603,-0.0318135,0.0308308186683389));
#8775=CARTESIAN_POINT('',(-0.0112139177582603,-0.0321945,0.0308308186683389));
#8776=CARTESIAN_POINT('',(-0.0114552566640133,-0.0318135,0.0301080248610947));
#8777=CARTESIAN_POINT('',(-0.0114552566640133,-0.0321945,0.0301080248610947));
#8778=CARTESIAN_POINT('',(-0.0119052624724635,-0.0318135,0.0284863168593303));
#8779=CARTESIAN_POINT('',(-0.0119052624724635,-0.0321945,0.0284863168593303));
#8780=CARTESIAN_POINT('',(-0.0121909951937441,-0.0318135,0.0268002652724391));
#8781=CARTESIAN_POINT('',(-0.0121909951937441,-0.0321945,0.0268002652724391));
#8782=CARTESIAN_POINT('',(-0.0122923090799496,-0.0318135,0.0259166847352243));
#8783=CARTESIAN_POINT('',(-0.0122923090799496,-0.0321945,0.0259166847352243));
#8784=CARTESIAN_POINT('',(-0.0112139177582603,-0.0320675,0.0308308186683389));
#8785=CARTESIAN_POINT('',(-0.0112139177582603,-0.0320675,0.0308308186683389));
#8786=CARTESIAN_POINT('',(-0.0112139177582603,-0.0318135,0.0308308186683389));
#8787=CARTESIAN_POINT('',(-0.0112139177582603,-0.0318135,0.0308308186683389));
#8788=CARTESIAN_POINT('',(-0.0112139177582603,-0.0318135,0.0308308186683389));
#8789=CARTESIAN_POINT('',(-0.0112913037146571,-0.0318135,0.0305990529284688));
#8790=CARTESIAN_POINT('',(-0.0116311716764849,-0.0318135,0.0295364670830162));
#8791=CARTESIAN_POINT('',(-0.0120226233114804,-0.0318135,0.0278557961609423));
#8792=CARTESIAN_POINT('',(-0.0122332539964918,-0.0318135,0.0264317170207403));
#8793=CARTESIAN_POINT('',(-0.0122923090799496,-0.0318135,0.0259166847352243));
#8794=CARTESIAN_POINT('',(-0.0122923090694979,-0.0320675,0.0259166847407505));
#8795=CARTESIAN_POINT('',(0.0336996878910826,-0.0318135,0.0156393981165699));
#8796=CARTESIAN_POINT('',(0.0336996878910826,-0.0320675,0.0156393981165699));
#8797=CARTESIAN_POINT('',(-0.0107926096859534,-0.0320675,0.0320259906592107));
#8798=CARTESIAN_POINT('',(-0.0107926096859534,-0.0318135,0.0320259906592107));
#8799=CARTESIAN_POINT('',(-0.0107926096859534,-0.0318135,0.0320259906592107));
#8800=CARTESIAN_POINT('',(0.0336996878910826,-0.0318135,0.0156393981165699));
#8801=CARTESIAN_POINT('',(-0.00869228407713219,-0.0318135,0.0354219216175493));
#8802=CARTESIAN_POINT('',(-0.00869228407713219,-0.0321945,0.0354219216175493));
#8803=CARTESIAN_POINT('',(-0.00875714405988513,-0.0318135,0.0353593038943883));
#8804=CARTESIAN_POINT('',(-0.00875714405988513,-0.0321945,0.0353593038943883));
#8805=CARTESIAN_POINT('',(-0.00888702479108164,-0.0318135,0.0352323458303458));
#8806=CARTESIAN_POINT('',(-0.00888702479108164,-0.0321945,0.0352323458303458));
#8807=CARTESIAN_POINT('',(-0.00931112658861721,-0.0318135,0.0348500736568327));
#8808=CARTESIAN_POINT('',(-0.00931112658861721,-0.0321945,0.0348500736568327));
#8809=CARTESIAN_POINT('',(-0.00991669121382946,-0.0318135,0.0339963322525738));
#8810=CARTESIAN_POINT('',(-0.00991669121382946,-0.0321945,0.0339963322525738));
#8811=CARTESIAN_POINT('',(-0.0103731795200766,-0.0318135,0.0331914693944682));
#8812=CARTESIAN_POINT('',(-0.0103731795200766,-0.0321945,0.0331914693944682));
#8813=CARTESIAN_POINT('',(-0.0106347178698497,-0.0318135,0.0324609738826527));
#8814=CARTESIAN_POINT('',(-0.0106347178698497,-0.0321945,0.0324609738826527));
#8815=CARTESIAN_POINT('',(-0.0107926096859534,-0.0318135,0.0320259906592107));
#8816=CARTESIAN_POINT('',(-0.0107926096859534,-0.0321945,0.0320259906592107));
#8817=CARTESIAN_POINT('',(-0.00869228407713219,-0.0318135,0.0354219216175493));
#8818=CARTESIAN_POINT('',(-0.00875564289064573,-0.0318135,0.0353607531670501));
#8819=CARTESIAN_POINT('',(-0.00891486561834254,-0.0318135,0.0352070352315917));
#8820=CARTESIAN_POINT('',(-0.00940865683897949,-0.0318135,0.034753278105504));
#8821=CARTESIAN_POINT('',(-0.00997732877163562,-0.0318135,0.0338817972863006));
#8822=CARTESIAN_POINT('',(-0.0103836122731889,-0.0318135,0.0331583970554342));
#8823=CARTESIAN_POINT('',(-0.0106260404675282,-0.0318135,0.0324848939678919));
#8824=CARTESIAN_POINT('',(-0.0107859269829053,-0.0318135,0.032044401136618));
#8825=CARTESIAN_POINT('',(-0.0107926096859534,-0.0318135,0.0320259906592107));
#8826=CARTESIAN_POINT('',(-0.0107926096859534,-0.0320675,0.0320259906592107));
#8827=CARTESIAN_POINT('',(-0.00221458555665963,-0.0318135,0.0265190097));
#8828=CARTESIAN_POINT('',(-0.0106534147635102,-0.0318135,0.0342519767582416));
#8829=CARTESIAN_POINT('',(-0.0106534147635102,-0.0318135,0.0338657808423844));
#8830=CARTESIAN_POINT('',(-0.0127321938052773,-0.0318135,0.0295148529112339));
#8831=CARTESIAN_POINT('',(-0.0127321938052773,-0.0318135,0.0289824198936623));
#8832=CARTESIAN_POINT('',(-0.013678346760571,-0.0318135,0.0220118835568428));
#8833=CARTESIAN_POINT('',(-0.013678346760571,-0.0318135,0.021437297805067));
#8834=CARTESIAN_POINT('',(-0.0127321938052773,-0.0318135,0.0145256817340851));
#8835=CARTESIAN_POINT('',(-0.0127321938052773,-0.0318135,0.0140326663313159));
#8836=CARTESIAN_POINT('',(-0.0107192685827613,-0.0318135,0.00980687141418457));
#8837=CARTESIAN_POINT('',(-0.0107192685827613,-0.0318135,0.00943047105267916));
#8838=CARTESIAN_POINT('',(-0.00221458555665963,-0.0315595,0.0265190097));
#8839=CARTESIAN_POINT('',(-0.000174270215211436,-0.0315595,0.0143680879846215));
#8840=CARTESIAN_POINT('',(-0.000174270215211436,-0.0315595,0.0138806896489264));
#8841=CARTESIAN_POINT('',(-0.000174270215211436,-0.0315595,0.0143680879846215));
#8842=CARTESIAN_POINT('',(-0.00221458555665963,-0.0315595,0.0265190097));
#8843=CARTESIAN_POINT('',(0.00205019372515381,-0.0315595,0.00949311070144176));
#8844=CARTESIAN_POINT('',(0.00205019372515381,-0.0315595,0.00909056107957983));
#8845=CARTESIAN_POINT('',(0.00205019372515381,-0.0315595,0.00949311070144176));
#8846=CARTESIAN_POINT('',(-0.00221458555665963,-0.0315595,0.0265190097));
#8847=CARTESIAN_POINT('',(-0.00111333571840078,-0.0315595,0.0220458805561066));
#8848=CARTESIAN_POINT('',(-0.00111333571840078,-0.0315595,0.0215111923065457));
#8849=CARTESIAN_POINT('',(-0.00111333571840078,-0.0315595,0.0220458805561066));
#8850=CARTESIAN_POINT('',(-0.00221458555665963,-0.0315595,0.0265190097));
#8851=CARTESIAN_POINT('',(-0.0106534147635102,-0.0315595,0.0342519767582416));
#8852=CARTESIAN_POINT('',(-0.0106534147635102,-0.0315595,0.0338657808423844));
#8853=CARTESIAN_POINT('',(-0.0106534147635102,-0.0315595,0.0342519767582416));
#8854=CARTESIAN_POINT('',(-0.00221458555665963,-0.0315595,0.0265190097));
#8855=CARTESIAN_POINT('',(-0.0127321938052773,-0.0315595,0.0295148529112339));
#8856=CARTESIAN_POINT('',(-0.0127321938052773,-0.0315595,0.0289824198936623));
#8857=CARTESIAN_POINT('',(-0.0127321938052773,-0.0315595,0.0295148529112339));
#8858=CARTESIAN_POINT('',(-0.00221458555665963,-0.0315595,0.0265190097));
#8859=CARTESIAN_POINT('',(-0.013678346760571,-0.0315595,0.0220118835568428));
#8860=CARTESIAN_POINT('',(-0.013678346760571,-0.0315595,0.021437297805067));
#8861=CARTESIAN_POINT('',(-0.013678346760571,-0.0315595,0.0220118835568428));
#8862=CARTESIAN_POINT('',(-0.00221458555665963,-0.0315595,0.0265190097));
#8863=CARTESIAN_POINT('',(-0.0127321938052773,-0.0315595,0.0145256817340851));
#8864=CARTESIAN_POINT('',(-0.0127321938052773,-0.0315595,0.0140326663313159));
#8865=CARTESIAN_POINT('',(-0.0127321938052773,-0.0315595,0.0145256817340851));
#8866=CARTESIAN_POINT('',(-0.0160031855420266,-0.0318135,0.0327144168022562));
#8867=CARTESIAN_POINT('',(-0.0160031855420266,-0.0321945,0.0327144168022562));
#8868=CARTESIAN_POINT('',(-0.0163225138137226,-0.0318135,0.0326178739941694));
#8869=CARTESIAN_POINT('',(-0.0163225138137226,-0.0321945,0.0326178739941694));
#8870=CARTESIAN_POINT('',(-0.0169605532927354,-0.0318135,0.032424951181099));
#8871=CARTESIAN_POINT('',(-0.0169605532927354,-0.0321945,0.032424951181099));
#8872=CARTESIAN_POINT('',(-0.0177344752180996,-0.0318135,0.0321328511220849));
#8873=CARTESIAN_POINT('',(-0.0177344752180996,-0.0321945,0.0321328511220849));
#8874=CARTESIAN_POINT('',(-0.0180897556997049,-0.0318135,0.0318503676054197));
#8875=CARTESIAN_POINT('',(-0.0180897556997049,-0.0321945,0.0318503676054197));
#8876=CARTESIAN_POINT('',(-0.018571214628799,-0.0318135,0.031384575449534));
#8877=CARTESIAN_POINT('',(-0.018571214628799,-0.0321945,0.031384575449534));
#8878=CARTESIAN_POINT('',(-0.0192111732621437,-0.0318135,0.0307038707659099));
#8879=CARTESIAN_POINT('',(-0.0192111732621437,-0.0321945,0.0307038707659099));
#8880=CARTESIAN_POINT('',(-0.0197224388383841,-0.0318135,0.0298455989730317));
#8881=CARTESIAN_POINT('',(-0.0197224388383841,-0.0321945,0.0298455989730317));
#8882=CARTESIAN_POINT('',(-0.020090369999263,-0.0318135,0.0289232234590234));
#8883=CARTESIAN_POINT('',(-0.020090369999263,-0.0321945,0.0289232234590234));
#8884=CARTESIAN_POINT('',(-0.0203933205932184,-0.0318135,0.0281528981499574));
#8885=CARTESIAN_POINT('',(-0.0203933205932184,-0.0321945,0.0281528981499574));
#8886=CARTESIAN_POINT('',(-0.0206574978686059,-0.0318135,0.0275450238876653));
#8887=CARTESIAN_POINT('',(-0.0206574978686059,-0.0321945,0.0275450238876653));
#8888=CARTESIAN_POINT('',(-0.0208680485570773,-0.0318135,0.0268031564001378));
#8889=CARTESIAN_POINT('',(-0.0208680485570773,-0.0321945,0.0268031564001378));
#8890=CARTESIAN_POINT('',(-0.0210339360114106,-0.0318135,0.0259522466747414));
#8891=CARTESIAN_POINT('',(-0.0210339360114106,-0.0321945,0.0259522466747414));
#8892=CARTESIAN_POINT('',(-0.0211695054909489,-0.0318135,0.0251109641242746));
#8893=CARTESIAN_POINT('',(-0.0211695054909489,-0.0321945,0.0251109641242746));
#8894=CARTESIAN_POINT('',(-0.0212771295638133,-0.0318135,0.0242720533801975));
#8895=CARTESIAN_POINT('',(-0.0212771295638133,-0.0321945,0.0242720533801975));
#8896=CARTESIAN_POINT('',(-0.0213578396423003,-0.0318135,0.023399348059799));
#8897=CARTESIAN_POINT('',(-0.0213578396423003,-0.0321945,0.023399348059799));
#8898=CARTESIAN_POINT('',(-0.0214049368886808,-0.0318135,0.0225363914424544));
#8899=CARTESIAN_POINT('',(-0.0214049368886808,-0.0321945,0.0225363914424544));
#8900=CARTESIAN_POINT('',(-0.0214079409503642,-0.0318135,0.0217674084026325));
#8901=CARTESIAN_POINT('',(-0.0214079409503642,-0.0321945,0.0217674084026325));
#8902=CARTESIAN_POINT('',(-0.0213691223848281,-0.0318135,0.0209879014503057));
#8903=CARTESIAN_POINT('',(-0.0213691223848281,-0.0321945,0.0209879014503057));
#8904=CARTESIAN_POINT('',(-0.0212941745154797,-0.0318135,0.0200324063280498));
#8905=CARTESIAN_POINT('',(-0.0212941745154797,-0.0321945,0.0200324063280498));
#8906=CARTESIAN_POINT('',(-0.0211793530620529,-0.0318135,0.0190236190631561));
#8907=CARTESIAN_POINT('',(-0.0211793530620529,-0.0321945,0.0190236190631561));
#8908=CARTESIAN_POINT('',(-0.0210197158780717,-0.0318135,0.0181459940076071));
#8909=CARTESIAN_POINT('',(-0.0210197158780717,-0.0321945,0.0181459940076071));
#8910=CARTESIAN_POINT('',(-0.0208148485267909,-0.0318135,0.0173399684302011));
#8911=CARTESIAN_POINT('',(-0.0208148485267909,-0.0321945,0.0173399684302011));
#8912=CARTESIAN_POINT('',(-0.0205721595171525,-0.0318135,0.0163741582728121));
#8913=CARTESIAN_POINT('',(-0.0205721595171525,-0.0321945,0.0163741582728121));
#8914=CARTESIAN_POINT('',(-0.0202729733496278,-0.0318135,0.0152817124948092));
#8915=CARTESIAN_POINT('',(-0.0202729733496278,-0.0321945,0.0152817124948092));
#8916=CARTESIAN_POINT('',(-0.019878345238265,-0.0318135,0.0142650876568481));
#8917=CARTESIAN_POINT('',(-0.019878345238265,-0.0321945,0.0142650876568481));
#8918=CARTESIAN_POINT('',(-0.0193585582031729,-0.0318135,0.0134793012781504));
#8919=CARTESIAN_POINT('',(-0.0193585582031729,-0.0321945,0.0134793012781504));
#8920=CARTESIAN_POINT('',(-0.0187959507625561,-0.0318135,0.0128670529472589));
#8921=CARTESIAN_POINT('',(-0.0187959507625561,-0.0321945,0.0128670529472589));
#8922=CARTESIAN_POINT('',(-0.0182679004046991,-0.0318135,0.0123735137708308));
#8923=CARTESIAN_POINT('',(-0.0182679004046991,-0.0321945,0.0123735137708308));
#8924=CARTESIAN_POINT('',(-0.0177585531811422,-0.0318135,0.0120014345716119));
#8925=CARTESIAN_POINT('',(-0.0177585531811422,-0.0321945,0.0120014345716119));
#8926=CARTESIAN_POINT('',(-0.0172921488625617,-0.0318135,0.0117667487014462));
#8927=CARTESIAN_POINT('',(-0.0172921488625617,-0.0321945,0.0117667487014462));
#8928=CARTESIAN_POINT('',(-0.0167669390821997,-0.0318135,0.0115546444667463));
#8929=CARTESIAN_POINT('',(-0.0167669390821997,-0.0321945,0.0115546444667463));
#8930=CARTESIAN_POINT('',(-0.0163444187540742,-0.0318135,0.0114011996893754));
#8931=CARTESIAN_POINT('',(-0.0163444187540742,-0.0321945,0.0114011996893754));
#8932=CARTESIAN_POINT('',(-0.0160310111746731,-0.0318135,0.011311625966833));
#8933=CARTESIAN_POINT('',(-0.0160310111746731,-0.0321945,0.011311625966833));
#8934=CARTESIAN_POINT('',(-0.0159647510994154,-0.0318135,0.0113582693530497));
#8935=CARTESIAN_POINT('',(-0.0159647510994154,-0.0321945,0.0113582693530497));
#8936=CARTESIAN_POINT('',(-0.0163015256799043,-0.0318135,0.0115987706155039));
#8937=CARTESIAN_POINT('',(-0.0163015256799043,-0.0321945,0.0115987706155039));
#8938=CARTESIAN_POINT('',(-0.016444490881363,-0.0318135,0.0117921480614234));
#8939=CARTESIAN_POINT('',(-0.016444490881363,-0.0321945,0.0117921480614234));
#8940=CARTESIAN_POINT('',(-0.016444490881363,-0.0318135,0.0117921480614234));
#8941=CARTESIAN_POINT('',(-0.016444490881363,-0.0318135,0.0117921480614234));
#8942=CARTESIAN_POINT('',(-0.0160031855420266,-0.0318135,0.0327144168022562));
#8943=CARTESIAN_POINT('',(-0.0166580541630123,-0.0318135,0.032516429773854));
#8944=CARTESIAN_POINT('',(-0.0177292916505788,-0.0318135,0.0321925615655773));
#8945=CARTESIAN_POINT('',(-0.0182584405242972,-0.0318135,0.0316766032289396));
#8946=CARTESIAN_POINT('',(-0.0195458648082311,-0.0318135,0.0304566048637243));
#8947=CARTESIAN_POINT('',(-0.0202334223293071,-0.0318135,0.0284797855519337));
#8948=CARTESIAN_POINT('',(-0.0207578590341514,-0.0318135,0.0273696944915461));
#8949=CARTESIAN_POINT('',(-0.0210814891486173,-0.0318135,0.0257462180482021));
#8950=CARTESIAN_POINT('',(-0.0213102094936053,-0.0318135,0.0241064625715147));
#8951=CARTESIAN_POINT('',(-0.0214295290026174,-0.0318135,0.0223532987208832));
#8952=CARTESIAN_POINT('',(-0.02137557598616,-0.0318135,0.0208920450968489));
#8953=CARTESIAN_POINT('',(-0.0211661849670876,-0.0318135,0.0186512229621082));
#8954=CARTESIAN_POINT('',(-0.0207074999445411,-0.0318135,0.0169573177999303));
#8955=CARTESIAN_POINT('',(-0.0200573292145101,-0.0318135,0.0142829983028945));
#8956=CARTESIAN_POINT('',(-0.018847612376155,-0.0318135,0.0128872586471016));
#8957=CARTESIAN_POINT('',(-0.01793813790035,-0.0318135,0.012086915684862));
#8958=CARTESIAN_POINT('',(-0.0171056913607359,-0.0318135,0.0116643707902355));
#8959=CARTESIAN_POINT('',(-0.0156283871666672,-0.0318135,0.0111437024518237));
#8960=CARTESIAN_POINT('',(-0.0162707297925631,-0.0318135,0.0115571155135761));
#8961=CARTESIAN_POINT('',(-0.016444490881363,-0.0318135,0.0117921480614234));
#8962=CARTESIAN_POINT('',(-0.0160031855420266,-0.0318135,0.0327144168022562));
#8963=CARTESIAN_POINT('',(-0.0160031855420266,-0.0318135,0.0327144168022562));
#8964=CARTESIAN_POINT('',(-0.016444490881363,-0.0318135,0.0117921480614234));
#8965=CARTESIAN_POINT('',(-0.016444490881363,-0.0321945,0.0117921480614234));
#8966=CARTESIAN_POINT('',(-0.0168022931504944,-0.0318135,0.0120796895853112));
#8967=CARTESIAN_POINT('',(-0.0168022931504944,-0.0321945,0.0120796895853112));
#8968=CARTESIAN_POINT('',(-0.0173517392840848,-0.0318135,0.0125016280306366));
#8969=CARTESIAN_POINT('',(-0.0173517392840848,-0.0321945,0.0125016280306366));
#8970=CARTESIAN_POINT('',(-0.0178193816108504,-0.0318135,0.0130734498700968));
#8971=CARTESIAN_POINT('',(-0.0178193816108504,-0.0321945,0.0130734498700968));
#8972=CARTESIAN_POINT('',(-0.0180569789247555,-0.0318135,0.0134706586337348));
#8973=CARTESIAN_POINT('',(-0.0180569789247555,-0.0321945,0.0134706586337348));
#8974=CARTESIAN_POINT('',(-0.0181807148515442,-0.0318135,0.0137004693970028));
#8975=CARTESIAN_POINT('',(-0.0181807148515442,-0.0321945,0.0137004693970028));
#8976=CARTESIAN_POINT('',(-0.0181807148515442,-0.0320675,0.0137004693970028));
#8977=CARTESIAN_POINT('',(-0.0181807148515442,-0.0320675,0.0137004693970028));
#8978=CARTESIAN_POINT('',(-0.0181807148515442,-0.0318135,0.0137004693970028));
#8979=CARTESIAN_POINT('',(-0.0181807148515442,-0.0318135,0.0137004693970028));
#8980=CARTESIAN_POINT('',(-0.016444490881363,-0.0318135,0.0117921480614234));
#8981=CARTESIAN_POINT('',(-0.0167661935499694,-0.0318135,0.0120506787739155));
#8982=CARTESIAN_POINT('',(-0.0174023093374436,-0.0318135,0.0125400177631225));
#8983=CARTESIAN_POINT('',(-0.0178408337155995,-0.0318135,0.0130975971223596));
#8984=CARTESIAN_POINT('',(-0.0181109213203004,-0.0318135,0.0135708441127172));
#8985=CARTESIAN_POINT('',(-0.0181807148515442,-0.0318135,0.0137004693970028));
#8986=CARTESIAN_POINT('',(-0.00701347284459253,-0.0318135,0.0196362718687733));
#8987=CARTESIAN_POINT('',(-0.00701347284459253,-0.0320675,0.0196362718687733));
#8988=CARTESIAN_POINT('',(-0.0187866631895303,-0.0320675,0.0150155499577523));
#8989=CARTESIAN_POINT('',(-0.0187866631895303,-0.0318135,0.0150155499577523));
#8990=CARTESIAN_POINT('',(-0.0187866631895303,-0.0318135,0.0150155499577523));
#8991=CARTESIAN_POINT('',(-0.00701347284459253,-0.0318135,0.0196362718687733));
#8992=CARTESIAN_POINT('',(-0.0187866631895303,-0.0318135,0.0150155499577523));
#8993=CARTESIAN_POINT('',(-0.0187866631895303,-0.0321945,0.0150155499577523));
#8994=CARTESIAN_POINT('',(-0.0188813217960991,-0.0318135,0.015282752450717));
#8995=CARTESIAN_POINT('',(-0.0188813217960991,-0.0321945,0.015282752450717));
#8996=CARTESIAN_POINT('',(-0.0191771906714881,-0.0318135,0.0157658542095678));
#8997=CARTESIAN_POINT('',(-0.0191771906714881,-0.0321945,0.0157658542095678));
#8998=CARTESIAN_POINT('',(-0.019232479196749,-0.0318135,0.0162896318524097));
#8999=CARTESIAN_POINT('',(-0.019232479196749,-0.0321945,0.0162896318524097));
#9000=CARTESIAN_POINT('',(-0.019321854816476,-0.0318135,0.0165151670280386));
#9001=CARTESIAN_POINT('',(-0.019321854816476,-0.0321945,0.0165151670280386));
#9002=CARTESIAN_POINT('',(-0.019321854816476,-0.0318135,0.0165151670280386));
#9003=CARTESIAN_POINT('',(-0.019321854816476,-0.0318135,0.0165151670280386));
#9004=CARTESIAN_POINT('',(-0.0187866631895303,-0.0318135,0.0150155499577523));
#9005=CARTESIAN_POINT('',(-0.0188850118404487,-0.0318135,0.0152931687148592));
#9006=CARTESIAN_POINT('',(-0.0191806139782211,-0.0318135,0.0157758174748163));
#9007=CARTESIAN_POINT('',(-0.0192359632962147,-0.0318135,0.0162984238136547));
#9008=CARTESIAN_POINT('',(-0.019321854816476,-0.0318135,0.0165151670280386));
#9009=CARTESIAN_POINT('',(-0.0187866631895303,-0.0320675,0.0150155499577523));
#9010=CARTESIAN_POINT('',(-0.019321854816476,-0.0318135,0.0165151670280386));
#9011=CARTESIAN_POINT('',(-0.019321854816476,-0.0321945,0.0165151670280386));
#9012=CARTESIAN_POINT('',(-0.019430806166195,-0.0318135,0.0168333124933331));
#9013=CARTESIAN_POINT('',(-0.019430806166195,-0.0321945,0.0168333124933331));
#9014=CARTESIAN_POINT('',(-0.0196317602959943,-0.0318135,0.017535453808593));
#9015=CARTESIAN_POINT('',(-0.0196317602959943,-0.0321945,0.017535453808593));
#9016=CARTESIAN_POINT('',(-0.0197610200288256,-0.0318135,0.0183410242203859));
#9017=CARTESIAN_POINT('',(-0.0197610200288256,-0.0321945,0.0183410242203859));
#9018=CARTESIAN_POINT('',(-0.0198282169272811,-0.0318135,0.0188519799408443));
#9019=CARTESIAN_POINT('',(-0.0198282169272811,-0.0321945,0.0188519799408443));
#9020=CARTESIAN_POINT('',(-0.0198282169273283,-0.0320675,0.0188519799412036));
#9021=CARTESIAN_POINT('',(-0.0198282169273283,-0.0320675,0.0188519799412036));
#9022=CARTESIAN_POINT('',(-0.0198282169273283,-0.0318135,0.0188519799412036));
#9023=CARTESIAN_POINT('',(-0.0198282169273283,-0.0318135,0.0188519799412036));
#9024=CARTESIAN_POINT('',(-0.019321854816476,-0.0318135,0.0165151670280386));
#9025=CARTESIAN_POINT('',(-0.0193723019893868,-0.0318135,0.0166624762567897));
#9026=CARTESIAN_POINT('',(-0.0194782501614684,-0.0318135,0.0169718522359866));
#9027=CARTESIAN_POINT('',(-0.0196146945893602,-0.0318135,0.0175385886199114));
#9028=CARTESIAN_POINT('',(-0.0197286113517977,-0.0318135,0.0181529375082668));
#9029=CARTESIAN_POINT('',(-0.0197963002163681,-0.0318135,0.0186092897811194));
#9030=CARTESIAN_POINT('',(-0.0198282169272811,-0.0318135,0.0188519799408443));
#9031=CARTESIAN_POINT('',(0.00847112146398535,-0.0318134999999899,0.0225854267753335));
#9032=CARTESIAN_POINT('',(0.00847112146398535,-0.0320675,0.0225854267753335));
#9033=CARTESIAN_POINT('',(-0.01994713034571,-0.0320675,0.0199056500524689));
#9034=CARTESIAN_POINT('',(-0.01994713034571,-0.0318135,0.0199056500524689));
#9035=CARTESIAN_POINT('',(-0.01994713034571,-0.0318135,0.0199056500524689));
#9036=CARTESIAN_POINT('',(0.00847112146398535,-0.0318135,0.0225854267753335));
#9037=CARTESIAN_POINT('',(-0.01994713034571,-0.0318135,0.0199056500524689));
#9038=CARTESIAN_POINT('',(-0.01994713034571,-0.0321945,0.0199056500524689));
#9039=CARTESIAN_POINT('',(-0.019982457870978,-0.0318135,0.0202888007870675));
#9040=CARTESIAN_POINT('',(-0.019982457870978,-0.0321945,0.0202888007870675));
#9041=CARTESIAN_POINT('',(-0.0200337701765331,-0.0318135,0.02109071595924));
#9042=CARTESIAN_POINT('',(-0.0200337701765331,-0.0321945,0.02109071595924));
#9043=CARTESIAN_POINT('',(-0.0199896419719985,-0.0318135,0.022162913269348));
#9044=CARTESIAN_POINT('',(-0.0199896419719985,-0.0321945,0.022162913269348));
#9045=CARTESIAN_POINT('',(-0.0200202608808699,-0.0318135,0.0229938538306897));
#9046=CARTESIAN_POINT('',(-0.0200202608808699,-0.0321945,0.0229938538306897));
#9047=CARTESIAN_POINT('',(-0.020005006831873,-0.0318135,0.0237526095910653));
#9048=CARTESIAN_POINT('',(-0.020005006831873,-0.0321945,0.0237526095910653));
#9049=CARTESIAN_POINT('',(-0.0199658308963391,-0.0318135,0.0242373404908442));
#9050=CARTESIAN_POINT('',(-0.0199658308963391,-0.0321945,0.0242373404908442));
#9051=CARTESIAN_POINT('',(-0.0199658308963391,-0.0320675,0.0242373404908446));
#9052=CARTESIAN_POINT('',(-0.0199658308963391,-0.0320675,0.0242373404908446));
#9053=CARTESIAN_POINT('',(-0.0199658308963391,-0.0318135,0.0242373404908446));
#9054=CARTESIAN_POINT('',(-0.0199658308963391,-0.0318135,0.0242373404908446));
#9055=CARTESIAN_POINT('',(-0.01994713034571,-0.0318135,0.0199056500524689));
#9056=CARTESIAN_POINT('',(-0.0199766168457269,-0.0318135,0.0202254509458661));
#9057=CARTESIAN_POINT('',(-0.0200408605271612,-0.0318135,0.021132579713565));
#9058=CARTESIAN_POINT('',(-0.0199745440668339,-0.0318135,0.0224071247484391));
#9059=CARTESIAN_POINT('',(-0.020033892807036,-0.0318135,0.0232488650528386));
#9060=CARTESIAN_POINT('',(-0.0199810237755035,-0.0318135,0.0240493562630972));
#9061=CARTESIAN_POINT('',(-0.0199658308963391,-0.0318135,0.0242373404908442));
#9062=CARTESIAN_POINT('',(-0.01994713034571,-0.0320675,0.0199056500524689));
#9063=CARTESIAN_POINT('',(0.00527382349181205,-0.0318135000000065,0.0221602584794242));
#9064=CARTESIAN_POINT('',(0.00527382349181205,-0.0320675,0.0221602584794242));
#9065=CARTESIAN_POINT('',(-0.0198630953367201,-0.0320675,0.0252420340221215));
#9066=CARTESIAN_POINT('',(-0.0198630953367201,-0.0318135,0.0252420340221215));
#9067=CARTESIAN_POINT('',(-0.0198630953367201,-0.0318135,0.0252420340221215));
#9068=CARTESIAN_POINT('',(0.00527382349181205,-0.0318135,0.0221602584794242));
#9069=CARTESIAN_POINT('',(-0.0198630953367018,-0.0318135,0.0252420340222724));
#9070=CARTESIAN_POINT('',(-0.0198630953367018,-0.0321945,0.0252420340222724));
#9071=CARTESIAN_POINT('',(-0.0198110070503222,-0.0318135,0.0256691587174739));
#9072=CARTESIAN_POINT('',(-0.0198110070503222,-0.0321945,0.0256691587174739));
#9073=CARTESIAN_POINT('',(-0.0196873900573891,-0.0318135,0.0265091025225321));
#9074=CARTESIAN_POINT('',(-0.0196873900573891,-0.0321945,0.0265091025225321));
#9075=CARTESIAN_POINT('',(-0.0195040986336159,-0.0318135,0.0272120351625015));
#9076=CARTESIAN_POINT('',(-0.0195040986336159,-0.0321945,0.0272120351625015));
#9077=CARTESIAN_POINT('',(-0.019241704968437,-0.0318135,0.0279196979655017));
#9078=CARTESIAN_POINT('',(-0.019241704968437,-0.0321945,0.0279196979655017));
#9079=CARTESIAN_POINT('',(-0.018966578949376,-0.0318135,0.0286414689179502));
#9080=CARTESIAN_POINT('',(-0.018966578949376,-0.0321945,0.0286414689179502));
#9081=CARTESIAN_POINT('',(-0.0188015235934917,-0.0318135,0.0290128984305543));
#9082=CARTESIAN_POINT('',(-0.0188015235934917,-0.0321945,0.0290128984305543));
#9083=CARTESIAN_POINT('',(-0.0188015235928472,-0.0320675,0.0290128984320045));
#9084=CARTESIAN_POINT('',(-0.0188015235928472,-0.0320675,0.0290128984320045));
#9085=CARTESIAN_POINT('',(-0.0188015235928472,-0.0318135,0.0290128984320045));
#9086=CARTESIAN_POINT('',(-0.0188015235928472,-0.0318135,0.0290128984320045));
#9087=CARTESIAN_POINT('',(-0.0198630953367018,-0.0318135,0.0252420340222724));
#9088=CARTESIAN_POINT('',(-0.019805337154237,-0.0318135,0.0257156519466731));
#9089=CARTESIAN_POINT('',(-0.0196395495083625,-0.0318135,0.0268185632536001));
#9090=CARTESIAN_POINT('',(-0.0193907951154865,-0.0318135,0.0275085359303229));
#9091=CARTESIAN_POINT('',(-0.0190216032819417,-0.0318135,0.0285176458470976));
#9092=CARTESIAN_POINT('',(-0.0188015235934917,-0.0318135,0.0290128984305543));
#9093=CARTESIAN_POINT('',(-0.0198630953367201,-0.0320675,0.0252420340221215));
#9094=CARTESIAN_POINT('',(-0.00991597639813935,-0.0318134999999992,0.0251537502635408));
#9095=CARTESIAN_POINT('',(-0.00991597639813935,-0.0320675,0.0251537502635408));
#9096=CARTESIAN_POINT('',(-0.0180769749625881,-0.0320675,0.0303700613071162));
#9097=CARTESIAN_POINT('',(-0.0180769749625881,-0.0318135,0.0303700613071162));
#9098=CARTESIAN_POINT('',(-0.0180769749625881,-0.0318135,0.0303700613071162));
#9099=CARTESIAN_POINT('',(-0.00991597639813935,-0.0318135,0.0251537502635408));
#9100=CARTESIAN_POINT('',(-0.018076974962588,-0.0318135,0.0303700613071165));
#9101=CARTESIAN_POINT('',(-0.018076974962588,-0.0321945,0.0303700613071165));
#9102=CARTESIAN_POINT('',(-0.0177677291075227,-0.0318135,0.0308480244997044));
#9103=CARTESIAN_POINT('',(-0.0177677291075227,-0.0321945,0.0308480244997044));
#9104=CARTESIAN_POINT('',(-0.017244682880997,-0.0318135,0.0315113162326239));
#9105=CARTESIAN_POINT('',(-0.017244682880997,-0.0321945,0.0315113162326239));
#9106=CARTESIAN_POINT('',(-0.016661014265898,-0.0318135,0.0321277257539327));
#9107=CARTESIAN_POINT('',(-0.016661014265898,-0.0321945,0.0321277257539327));
#9108=CARTESIAN_POINT('',(-0.0163362068916838,-0.0318135,0.0324141125893099));
#9109=CARTESIAN_POINT('',(-0.0163362068916838,-0.0321945,0.0324141125893099));
#9110=CARTESIAN_POINT('',(-0.0161705259757761,-0.0318135,0.0325358778498312));
#9111=CARTESIAN_POINT('',(-0.0161705259757761,-0.0321945,0.0325358778498312));
#9112=CARTESIAN_POINT('',(-0.0160680449935355,-0.0318135,0.0325934384992226));
#9113=CARTESIAN_POINT('',(-0.0160680449935355,-0.0321945,0.0325934384992226));
#9114=CARTESIAN_POINT('',(-0.0158791563893681,-0.0318135,0.0326581493198967));
#9115=CARTESIAN_POINT('',(-0.0158791563893681,-0.0321945,0.0326581493198967));
#9116=CARTESIAN_POINT('',(-0.0156169283443831,-0.0318135,0.0327397009314849));
#9117=CARTESIAN_POINT('',(-0.0156169283443831,-0.0321945,0.0327397009314849));
#9118=CARTESIAN_POINT('',(-0.0158789182607546,-0.0318135,0.0327220573735139));
#9119=CARTESIAN_POINT('',(-0.0158789182607546,-0.0321945,0.0327220573735139));
#9120=CARTESIAN_POINT('',(-0.0160031855420266,-0.0318135,0.0327144168022562));
#9121=CARTESIAN_POINT('',(-0.0160031855420266,-0.0321945,0.0327144168022562));
#9122=CARTESIAN_POINT('',(-0.018076974962588,-0.0318135,0.0303700613071165));
#9123=CARTESIAN_POINT('',(-0.0176041838517427,-0.0318135,0.031100796238775));
#9124=CARTESIAN_POINT('',(-0.0167292482526955,-0.0318135,0.0321036179739094));
#9125=CARTESIAN_POINT('',(-0.0162034208964717,-0.0318135,0.0325162213991166));
#9126=CARTESIAN_POINT('',(-0.0160416590889566,-0.0318135,0.0326132574868927));
#9127=CARTESIAN_POINT('',(-0.0155822003769581,-0.0318135,0.0327403010559743));
#9128=CARTESIAN_POINT('',(-0.0158643315874491,-0.0318135,0.032722954234825));
#9129=CARTESIAN_POINT('',(-0.0160031855420266,-0.0318135,0.0327144168022562));
#9130=CARTESIAN_POINT('',(-0.0180769749625881,-0.0320675,0.0303700613071162));
#9131=CARTESIAN_POINT('',(-0.00221458555665963,-0.0318135,0.0265190097));
#9132=CARTESIAN_POINT('',(-0.0181714091449976,-0.0318135,0.0310224276036024));
#9133=CARTESIAN_POINT('',(-0.0181714091449976,-0.0318135,0.0307320598869549));
#9134=CARTESIAN_POINT('',(-0.0198058970272541,-0.0318135,0.0274567548185587));
#9135=CARTESIAN_POINT('',(-0.0198058970272541,-0.0318135,0.0271343495696783));
#9136=CARTESIAN_POINT('',(-0.0205794740468263,-0.0318135,0.0219790935516358));
#9137=CARTESIAN_POINT('',(-0.0205794740468263,-0.0318135,0.0215892351757094));
#9138=CARTESIAN_POINT('',(-0.0197468232363462,-0.0318135,0.0165457669645548));
#9139=CARTESIAN_POINT('',(-0.0197468232363462,-0.0318135,0.0162180764618647));
#9140=CARTESIAN_POINT('',(-0.0180589463561774,-0.0318135,0.0128725260201384));
#9141=CARTESIAN_POINT('',(-0.0180589463561774,-0.0318135,0.0126132264847665));
#9142=CARTESIAN_POINT('',(-0.00221458555665963,-0.0315595,0.0265190097));
#9143=CARTESIAN_POINT('',(-0.0197468232363462,-0.0315595,0.0165457669645548));
#9144=CARTESIAN_POINT('',(-0.0197468232363462,-0.0315595,0.0162180764618647));
#9145=CARTESIAN_POINT('',(-0.0197468232363462,-0.0315595,0.0165457669645548));
#9146=CARTESIAN_POINT('',(-0.00221458555665963,-0.0315595,0.0265190097));
#9147=CARTESIAN_POINT('',(-0.0205794740468263,-0.0315595,0.0219790935516358));
#9148=CARTESIAN_POINT('',(-0.0205794740468263,-0.0315595,0.0215892351757094));
#9149=CARTESIAN_POINT('',(-0.0205794740468263,-0.0315595,0.0219790935516358));
#9150=CARTESIAN_POINT('',(-0.00221458555665963,-0.0315595,0.0265190097));
#9151=CARTESIAN_POINT('',(-0.0198058970272541,-0.0315595,0.0274567548185587));
#9152=CARTESIAN_POINT('',(-0.0198058970272541,-0.0315595,0.0271343495696783));
#9153=CARTESIAN_POINT('',(-0.0198058970272541,-0.0315595,0.0274567548185587));
#9154=CARTESIAN_POINT('',(-0.00221458555665963,-0.0315595,0.0265190097));
#9155=CARTESIAN_POINT('',(0.00609484268352389,-0.0315595,0.0220195446163416));
#9156=CARTESIAN_POINT('',(0.00609484268352389,-0.0315595,0.0215257319730645));
#9157=CARTESIAN_POINT('',(0.00609484268352389,-0.0315595,0.0220195446163416));
#9158=CARTESIAN_POINT('',(-0.00221458555665963,-0.0315595,0.0265190097));
#9159=CARTESIAN_POINT('',(0.007161068264395,-0.0315595,0.0149153079837561));
#9160=CARTESIAN_POINT('',(0.007161068264395,-0.0315595,0.0143791800287431));
#9161=CARTESIAN_POINT('',(0.007161068264395,-0.0315595,0.0149153079837561));
#9162=CARTESIAN_POINT('',(-0.00221458555665963,-0.0315595,0.0265190097));
#9163=CARTESIAN_POINT('',(0.0098545690998435,-0.0315595,0.0104198530316353));
#9164=CARTESIAN_POINT('',(0.0098545690998435,-0.0315595,0.0100585587280042));
#9165=CARTESIAN_POINT('',(0.0098545690998435,-0.0315595,0.0104198530316353));
#9166=CARTESIAN_POINT('',(-0.00221458555665963,-0.0315595,0.0265190097));
#9167=CARTESIAN_POINT('',(-0.0181714091449976,-0.0315595,0.0310224276036024));
#9168=CARTESIAN_POINT('',(-0.0181714091449976,-0.0315595,0.0307320598869549));
#9169=CARTESIAN_POINT('',(-0.0181714091449976,-0.0315595,0.0310224276036024));
#9170=CARTESIAN_POINT('',(0.,-0.0321945,0.018467451));
#9171=CARTESIAN_POINT('',(0.00912603679281542,-0.0321945,0.0187229649705586));
#9172=CARTESIAN_POINT('',(0.00907879539227937,-0.0321945,0.0208937431750936));
#9173=CARTESIAN_POINT('',(0.00917327819335152,-0.0321945,0.0165521867660236));
#9174=CARTESIAN_POINT('',(0.00912047207749342,-0.0321945,0.0220398678509636));
#9175=CARTESIAN_POINT('',(0.00916214876270746,-0.0321945,0.0231859925268335));
#9176=CARTESIAN_POINT('',(0.00916214876270746,-0.0321945,0.02682958113415));
#9177=CARTESIAN_POINT('',(0.00916214876270746,-0.0321945,0.0271944001887588));
#9178=CARTESIAN_POINT('',(0.00970944990369152,-0.0321945,0.0292196174654134));
#9179=CARTESIAN_POINT('',(0.00968796799676072,-0.0321945,0.0291489265870825));
#9180=CARTESIAN_POINT('',(0.00957685544188554,-0.0321945,0.0287881926113419));
#9181=CARTESIAN_POINT('',(0.00938218327487786,-0.0321945,0.0282755959361755));
#9182=CARTESIAN_POINT('',(0.00927994169176536,-0.0321945,0.0277015787542615));
#9183=CARTESIAN_POINT('',(0.00919210474064907,-0.0321945,0.0273253438186517));
#9184=CARTESIAN_POINT('',(0.00916214876179595,-0.0321945,0.0271944001847746));
#9185=CARTESIAN_POINT('',(0.00970944990369152,-0.0321945,0.0292196174654134));
#9186=CARTESIAN_POINT('',(0.00970944990751295,-0.0321945,0.0290526838148189));
#9187=CARTESIAN_POINT('',(0.00970944990751295,-0.0321945,0.0288857501516491));
#9188=CARTESIAN_POINT('',(0.00975870942112951,-0.0321945,0.0252066599721462));
#9189=CARTESIAN_POINT('',(0.00980796893474607,-0.0321945,0.0215275697926431));
#9190=CARTESIAN_POINT('',(0.00980796893474607,-0.0321945,0.0196232535461336));
#9191=CARTESIAN_POINT('',(0.00980796893474607,-0.0321945,0.0177189372996241));
#9192=CARTESIAN_POINT('',(0.00986931255168126,-0.0321945,0.015956722273962));
#9193=CARTESIAN_POINT('',(0.00993065616861646,-0.0321945,0.0141945072482999));
#9194=CARTESIAN_POINT('',(0.00917327819272579,-0.0321945,0.0165521867685793));
#9195=CARTESIAN_POINT('',(0.00934488798068943,-0.0321945,0.0158512753562182));
#9196=CARTESIAN_POINT('',(0.00964262913373625,-0.0321945,0.0149105089700965));
#9197=CARTESIAN_POINT('',(0.00991045804058933,-0.0321945,0.0142436603446732));
#9198=CARTESIAN_POINT('',(0.00993065615795621,-0.0321945,0.0141945072742421));
#9199=CARTESIAN_POINT('',(0.0110264010727406,-0.0321945,0.031358927488327));
#9200=CARTESIAN_POINT('',(0.0110936020184369,-0.0321945,0.0277745892116384));
#9201=CARTESIAN_POINT('',(0.0111960132075062,-0.0321945,0.0223117597208232));
#9202=CARTESIAN_POINT('',(0.0112278906830019,-0.0321945,0.019820748047195));
#9203=CARTESIAN_POINT('',(0.0113798829983446,-0.0321945,0.0172416296161862));
#9204=CARTESIAN_POINT('',(0.0114968965924766,-0.0321945,0.0161954675469036));
#9205=CARTESIAN_POINT('',(0.0116494089252862,-0.0321945,0.014111742537418));
#9206=CARTESIAN_POINT('',(0.0116889007317351,-0.0321945,0.0125877673892483));
#9207=CARTESIAN_POINT('',(0.0117082493673506,-0.0321945,0.0117937280143603));
#9208=CARTESIAN_POINT('',(0.0110264010727406,-0.0321945,0.031358927488327));
#9209=CARTESIAN_POINT('',(0.0117082493673506,-0.0321945,0.0117937280143603));
#9210=CARTESIAN_POINT('',(0.0110264010727406,-0.0321945,0.0315747927224222));
#9211=CARTESIAN_POINT('',(0.0110264010727406,-0.0321945,0.0317906579565174));
#9212=CARTESIAN_POINT('',(0.0116411542056397,-0.0321945,0.0322051873967475));
#9213=CARTESIAN_POINT('',(0.0115142989601674,-0.0321945,0.0321565200593698));
#9214=CARTESIAN_POINT('',(0.0113066277021207,-0.0321945,0.0320589389533084));
#9215=CARTESIAN_POINT('',(0.0111013010469779,-0.0321945,0.0318698526753894));
#9216=CARTESIAN_POINT('',(0.0110264010664153,-0.0321945,0.0317906579498294));
#9217=CARTESIAN_POINT('',(0.0116411542056397,-0.0321945,0.0322051873967475));
#9218=CARTESIAN_POINT('',(0.0116411542056397,-0.0321945,0.0322051873967475));
#9219=CARTESIAN_POINT('',(0.0116536284318075,-0.0321945,0.0319602340009304));
#9220=CARTESIAN_POINT('',(0.011681585363183,-0.0321945,0.031417358138536));
#9221=CARTESIAN_POINT('',(0.0116988142654857,-0.0321945,0.0303154982381146));
#9222=CARTESIAN_POINT('',(0.0115999055260943,-0.0321945,0.0282766521001632));
#9223=CARTESIAN_POINT('',(0.0117353480813352,-0.0321945,0.0263957176242691));
#9224=CARTESIAN_POINT('',(0.0118674699102935,-0.0321945,0.020493875181363));
#9225=CARTESIAN_POINT('',(0.0121069844174314,-0.0321945,0.0168720240443332));
#9226=CARTESIAN_POINT('',(0.0122799001483146,-0.0321945,0.0135043781964567));
#9227=CARTESIAN_POINT('',(0.0123690338258172,-0.0321945,0.0117213282102608));
#9228=CARTESIAN_POINT('',(0.0123690338258649,-0.0321945,0.0117213282102687));
#9229=CARTESIAN_POINT('',(0.0121809555928993,-0.0321945,0.0130449257243013));
#9230=CARTESIAN_POINT('',(0.013234500442248,-0.0321945,0.0149181801909847));
#9231=CARTESIAN_POINT('',(0.0130900871206839,-0.0321945,0.017415622940833));
#9232=CARTESIAN_POINT('',(0.0133789137638121,-0.0321945,0.0124207374411363));
#9233=CARTESIAN_POINT('',(0.0130900871206843,-0.0321945,0.0185039217980452));
#9234=CARTESIAN_POINT('',(0.0130900871206843,-0.0321945,0.0195922206552572));
#9235=CARTESIAN_POINT('',(0.120517142827387,-0.0321945,0.0236359117061408));
#9236=CARTESIAN_POINT('',(0.0130140092213098,-0.0321945,0.0236359117061406));
#9237=CARTESIAN_POINT('',(0.0130140092213098,-0.0321945,0.0303115172397028));
#9238=CARTESIAN_POINT('',(0.0130140092213098,-0.0321945,0.0310120672158262));
#9239=CARTESIAN_POINT('',(0.0130375657378521,-0.0321945,0.0315235958930158));
#9240=CARTESIAN_POINT('',(0.0130611024156741,-0.0321945,0.0320346937449883));
#9241=CARTESIAN_POINT('',(0.0107655449844948,-0.0321945,0.0291687927392885));
#9242=CARTESIAN_POINT('',(0.0136837717145769,-0.0321945,0.0313974527036128));
#9243=CARTESIAN_POINT('',(0.0136837717145769,-0.0321945,0.0199247179552851));
#9244=CARTESIAN_POINT('',(0.0136837717145769,-0.0321945,0.0183326732367215));
#9245=CARTESIAN_POINT('',(0.0137248914688913,-0.0321945,0.0169341485015986));
#9246=CARTESIAN_POINT('',(0.0137660112232057,-0.0321945,0.0155356237664757));
#9247=CARTESIAN_POINT('',(0.013837603911932,-0.0321945,0.0142975202489815));
#9248=CARTESIAN_POINT('',(0.0139091928922467,-0.0321945,0.0130594808638536));
#9249=CARTESIAN_POINT('',(0.00870000166029282,-0.0321945,0.0168436786863179));
#9250=CARTESIAN_POINT('',(0.0147445481270552,-0.0321945,0.0280078444629908));
#9251=CARTESIAN_POINT('',(0.0147585675749997,-0.0321945,0.0275865778531731));
#9252=CARTESIAN_POINT('',(0.0148294750372487,-0.0321945,0.02674147895517));
#9253=CARTESIAN_POINT('',(0.0149217231018282,-0.0321945,0.0255358210311094));
#9254=CARTESIAN_POINT('',(0.0149410926495938,-0.0321945,0.0241854211348863));
#9255=CARTESIAN_POINT('',(0.0150722725070202,-0.0321945,0.0231563104462374));
#9256=CARTESIAN_POINT('',(0.0150594066794018,-0.0321945,0.0198278855325497));
#9257=CARTESIAN_POINT('',(0.015031721502086,-0.0321945,0.0193432310466664));
#9258=CARTESIAN_POINT('',(0.0151585611282982,-0.0321945,0.0177385334951186));
#9259=CARTESIAN_POINT('',(0.0152503323595407,-0.0321945,0.0166448375108921));
#9260=CARTESIAN_POINT('',(0.0147445481270552,-0.0321945,0.0280078444629908));
#9261=CARTESIAN_POINT('',(0.0152503323595407,-0.0321945,0.0166448375108921));
#9262=CARTESIAN_POINT('',(0.0148468627594411,-0.0321945,0.0282112136483193));
#9263=CARTESIAN_POINT('',(0.0149491773918271,-0.0321945,0.0284145828336478));
#9264=CARTESIAN_POINT('',(0.0153684959603532,-0.0321945,0.0174089838638975));
#9265=CARTESIAN_POINT('',(0.0154154173480093,-0.0321945,0.0176290900005494));
#9266=CARTESIAN_POINT('',(0.0154887572097194,-0.0321945,0.0181183708913552));
#9267=CARTESIAN_POINT('',(0.0155743952419893,-0.0321945,0.0190374425801428));
#9268=CARTESIAN_POINT('',(0.0157807520057826,-0.0321945,0.0218055251031459));
#9269=CARTESIAN_POINT('',(0.0157644469271829,-0.0321945,0.0230976269211417));
#9270=CARTESIAN_POINT('',(0.0154213248507541,-0.0321945,0.0267475147673172));
#9271=CARTESIAN_POINT('',(0.0151336199688772,-0.0321945,0.0278167760670414));
#9272=CARTESIAN_POINT('',(0.0149491773918271,-0.0321945,0.0284145828336478));
#9273=CARTESIAN_POINT('',(0.0153684959603532,-0.0321945,0.0174089838638975));
#9274=CARTESIAN_POINT('',(0.0152503323610018,-0.0321945,0.0166448375165086));
#9275=CARTESIAN_POINT('',(0.0153144146888063,-0.0321945,0.0168911882280103));
#9276=CARTESIAN_POINT('',(0.0153620118565867,-0.0321945,0.0171366534504024));
#9277=CARTESIAN_POINT('',(0.0153684959603532,-0.0321945,0.0174089838638975));
#9278=CARTESIAN_POINT('',(-0.00221458555665963,-0.0315595,0.0265190097));
#9279=CARTESIAN_POINT('',(0.00719836447387934,-0.0315595,0.0291455201804638));
#9280=CARTESIAN_POINT('',(0.00719836447387934,-0.0315595,0.0286397206326735));
#9281=CARTESIAN_POINT('',(0.00719836447387934,-0.0315595,0.0291455201804638));
#9282=CARTESIAN_POINT('',(-0.00221458555665963,-0.0315595,0.0265190097));
#9283=CARTESIAN_POINT('',(-0.000129040650790557,-0.0315595,0.0297328419983387));
#9284=CARTESIAN_POINT('',(-0.000129040650790557,-0.0315595,0.0292222228051892));
#9285=CARTESIAN_POINT('',(-0.000129040650790557,-0.0315595,0.0297328419983387));
#9286=CARTESIAN_POINT('',(-0.00221458555665963,-0.0315595,0.0265190097));
#9287=CARTESIAN_POINT('',(-0.0107192685827613,-0.0315595,0.00980687141418457));
#9288=CARTESIAN_POINT('',(-0.0107192685827613,-0.0315595,0.00943047105267916));
#9289=CARTESIAN_POINT('',(-0.0107192685827613,-0.0315595,0.00980687141418457));
#9290=CARTESIAN_POINT('',(-0.00221458555665963,-0.0315595,0.0265190097));
#9291=CARTESIAN_POINT('',(-0.0180589463561774,-0.0315595,0.0128725260201384));
#9292=CARTESIAN_POINT('',(-0.0180589463561774,-0.0315595,0.0126132264847665));
#9293=CARTESIAN_POINT('',(-0.0180589463561774,-0.0315595,0.0128725260201384));
#9294=CARTESIAN_POINT('',(0.0147445481270552,-0.0320675,0.0280078444629908));
#9295=CARTESIAN_POINT('',(0.0147445481270552,-0.0321945,0.0280078444629908));
#9296=CARTESIAN_POINT('',(0.0147580086286443,-0.0320675,0.0276033734814438));
#9297=CARTESIAN_POINT('',(0.0147580086286443,-0.0321945,0.0276033734814438));
#9298=CARTESIAN_POINT('',(0.0148248711602741,-0.0320675,0.0267867631434209));
#9299=CARTESIAN_POINT('',(0.0148248711602741,-0.0321945,0.0267867631434209));
#9300=CARTESIAN_POINT('',(0.0149013994136607,-0.0320675,0.0258189367537116));
#9301=CARTESIAN_POINT('',(0.0149013994136607,-0.0321945,0.0258189367537116));
#9302=CARTESIAN_POINT('',(0.0149287501478688,-0.0320675,0.0249752900937415));
#9303=CARTESIAN_POINT('',(0.0149287501478688,-0.0321945,0.0249752900937415));
#9304=CARTESIAN_POINT('',(0.0149466710969627,-0.0320675,0.0243610305472159));
#9305=CARTESIAN_POINT('',(0.0149466710969627,-0.0321945,0.0243610305472159));
#9306=CARTESIAN_POINT('',(0.0149846776642795,-0.0320675,0.0238682720530819));
#9307=CARTESIAN_POINT('',(0.0149846776642795,-0.0321945,0.0238682720530819));
#9308=CARTESIAN_POINT('',(0.0150293433472843,-0.0320675,0.0233178563714957));
#9309=CARTESIAN_POINT('',(0.0150293433472843,-0.0321945,0.0233178563714957));
#9310=CARTESIAN_POINT('',(0.0150549143849005,-0.0320675,0.0223890180823315));
#9311=CARTESIAN_POINT('',(0.0150549143849005,-0.0321945,0.0223890180823315));
#9312=CARTESIAN_POINT('',(0.0150618309607666,-0.0320675,0.0212519929596567));
#9313=CARTESIAN_POINT('',(0.0150618309607666,-0.0321945,0.0212519929596567));
#9314=CARTESIAN_POINT('',(0.015058214814342,-0.0320675,0.0203955830924144));
#9315=CARTESIAN_POINT('',(0.015058214814342,-0.0321945,0.0203955830924144));
#9316=CARTESIAN_POINT('',(0.015052592018889,-0.0320675,0.0199019052597468));
#9317=CARTESIAN_POINT('',(0.015052592018889,-0.0321945,0.0199019052597468));
#9318=CARTESIAN_POINT('',(0.0150459466716978,-0.0320675,0.0195935067687256));
#9319=CARTESIAN_POINT('',(0.0150459466716978,-0.0321945,0.0195935067687256));
#9320=CARTESIAN_POINT('',(0.0150453302150151,-0.0320675,0.0193637514955592));
#9321=CARTESIAN_POINT('',(0.0150453302150151,-0.0321945,0.0193637514955592));
#9322=CARTESIAN_POINT('',(0.0150881817637117,-0.0320675,0.0186769160381333));
#9323=CARTESIAN_POINT('',(0.0150881817637117,-0.0321945,0.0186769160381333));
#9324=CARTESIAN_POINT('',(0.0151606279632994,-0.0320675,0.0177277760438191));
#9325=CARTESIAN_POINT('',(0.0151606279632994,-0.0321945,0.0177277760438191));
#9326=CARTESIAN_POINT('',(0.0152200465507474,-0.0320675,0.0170057727082065));
#9327=CARTESIAN_POINT('',(0.0152200465507474,-0.0321945,0.0170057727082065));
#9328=CARTESIAN_POINT('',(0.0152503323595407,-0.0320675,0.0166448375108921));
#9329=CARTESIAN_POINT('',(0.0152503323595407,-0.0321945,0.0166448375108921));
#9330=CARTESIAN_POINT('',(0.0152503323595407,-0.0320675,0.0166448375108921));
#9331=CARTESIAN_POINT('',(0.0152503323595407,-0.0320675,0.0166448375108921));
#9332=CARTESIAN_POINT('',(0.0147445481270552,-0.0320675,0.0280078444629908));
#9333=CARTESIAN_POINT('',(0.0147585675749997,-0.0320675,0.0275865778531731));
#9334=CARTESIAN_POINT('',(0.0148294750372487,-0.0320675,0.02674147895517));
#9335=CARTESIAN_POINT('',(0.0149217231018282,-0.0320675,0.0255358210311094));
#9336=CARTESIAN_POINT('',(0.0149410926495938,-0.0320675,0.0241854211348863));
#9337=CARTESIAN_POINT('',(0.0150722725070202,-0.0320675,0.0231563104462374));
#9338=CARTESIAN_POINT('',(0.0150594066794018,-0.0320675,0.0198278855325497));
#9339=CARTESIAN_POINT('',(0.015031721502086,-0.0320675,0.0193432310466664));
#9340=CARTESIAN_POINT('',(0.0151585611282982,-0.0320675,0.0177385334951186));
#9341=CARTESIAN_POINT('',(0.0152503323595407,-0.0320675,0.0166448375108921));
#9342=CARTESIAN_POINT('',(0.0147445481270552,-0.0320675,0.0280078444629908));
#9343=CARTESIAN_POINT('',(0.0147445481270552,-0.0320675,0.0280078444629908));
#9344=CARTESIAN_POINT('',(0.0152503323610018,-0.0320675,0.0166448375165086));
#9345=CARTESIAN_POINT('',(0.0152503323610018,-0.0321945,0.0166448375165086));
#9346=CARTESIAN_POINT('',(0.0153144146888063,-0.0320675,0.0168911882280103));
#9347=CARTESIAN_POINT('',(0.0153144146888063,-0.0321945,0.0168911882280103));
#9348=CARTESIAN_POINT('',(0.0153620118565867,-0.0320675,0.0171366534504024));
#9349=CARTESIAN_POINT('',(0.0153620118565867,-0.0321945,0.0171366534504024));
#9350=CARTESIAN_POINT('',(0.0153684959603532,-0.0320675,0.0174089838638975));
#9351=CARTESIAN_POINT('',(0.0153684959603532,-0.0321945,0.0174089838638975));
#9352=CARTESIAN_POINT('',(0.0153684959603532,-0.0320675,0.0174089838638975));
#9353=CARTESIAN_POINT('',(0.0153684959603532,-0.0320675,0.0174089838638975));
#9354=CARTESIAN_POINT('',(0.0152503323610018,-0.0320675,0.0166448375165086));
#9355=CARTESIAN_POINT('',(0.0153144146888063,-0.0320675,0.0168911882280103));
#9356=CARTESIAN_POINT('',(0.0153620118565867,-0.0320675,0.0171366534504024));
#9357=CARTESIAN_POINT('',(0.0153684959603532,-0.0320675,0.0174089838638975));
#9358=CARTESIAN_POINT('',(0.0153684959603532,-0.0320675,0.0174089838638975));
#9359=CARTESIAN_POINT('',(0.0153684959603532,-0.0321945,0.0174089838638975));
#9360=CARTESIAN_POINT('',(0.0154247760486903,-0.0320675,0.017672991248016));
#9361=CARTESIAN_POINT('',(0.0154247760486903,-0.0321945,0.017672991248016));
#9362=CARTESIAN_POINT('',(0.0154798152194103,-0.0320675,0.0180649422831453));
#9363=CARTESIAN_POINT('',(0.0154798152194103,-0.0321945,0.0180649422831453));
#9364=CARTESIAN_POINT('',(0.0155353314885692,-0.0320675,0.0186207636908192));
#9365=CARTESIAN_POINT('',(0.0155353314885692,-0.0321945,0.0186207636908192));
#9366=CARTESIAN_POINT('',(0.0156021245512666,-0.0320675,0.0194298713198061));
#9367=CARTESIAN_POINT('',(0.0156021245512666,-0.0321945,0.0194298713198061));
#9368=CARTESIAN_POINT('',(0.0156949017227117,-0.0320675,0.0206755070466399));
#9369=CARTESIAN_POINT('',(0.0156949017227117,-0.0321945,0.0206755070466399));
#9370=CARTESIAN_POINT('',(0.0157548452871247,-0.0320675,0.0217347418328521));
#9371=CARTESIAN_POINT('',(0.0157548452871247,-0.0321945,0.0217347418328521));
#9372=CARTESIAN_POINT('',(0.0157706135010232,-0.0320675,0.0223063637823109));
#9373=CARTESIAN_POINT('',(0.0157706135010232,-0.0321945,0.0223063637823109));
#9374=CARTESIAN_POINT('',(0.0157552793088434,-0.0320675,0.0228435573187419));
#9375=CARTESIAN_POINT('',(0.0157552793088434,-0.0321945,0.0228435573187419));
#9376=CARTESIAN_POINT('',(0.0156888415010138,-0.0320675,0.0238184382172726));
#9377=CARTESIAN_POINT('',(0.0156888415010138,-0.0321945,0.0238184382172726));
#9378=CARTESIAN_POINT('',(0.0155604109995313,-0.0320675,0.0252058300017623));
#9379=CARTESIAN_POINT('',(0.0155604109995313,-0.0321945,0.0252058300017623));
#9380=CARTESIAN_POINT('',(0.0154011535332377,-0.0320675,0.0264645244979909));
#9381=CARTESIAN_POINT('',(0.0154011535332377,-0.0321945,0.0264645244979909));
#9382=CARTESIAN_POINT('',(0.0152342851328412,-0.0320675,0.0274475860506909));
#9383=CARTESIAN_POINT('',(0.0152342851328412,-0.0321945,0.0274475860506909));
#9384=CARTESIAN_POINT('',(0.0150836192836275,-0.0320675,0.0279788359799707));
#9385=CARTESIAN_POINT('',(0.0150836192836275,-0.0321945,0.0279788359799707));
#9386=CARTESIAN_POINT('',(0.0149491773918271,-0.0320675,0.0284145828336478));
#9387=CARTESIAN_POINT('',(0.0149491773918271,-0.0321945,0.0284145828336478));
#9388=CARTESIAN_POINT('',(0.0149491773918271,-0.0320675,0.0284145828336478));
#9389=CARTESIAN_POINT('',(0.0149491773918271,-0.0320675,0.0284145828336478));
#9390=CARTESIAN_POINT('',(0.0153684959603532,-0.0320675,0.0174089838638975));
#9391=CARTESIAN_POINT('',(0.0154154173480093,-0.0320675,0.0176290900005494));
#9392=CARTESIAN_POINT('',(0.0154887572097194,-0.0320675,0.0181183708913552));
#9393=CARTESIAN_POINT('',(0.0155743952419893,-0.0320675,0.0190374425801428));
#9394=CARTESIAN_POINT('',(0.0157807520057826,-0.0320675,0.0218055251031459));
#9395=CARTESIAN_POINT('',(0.0157644469271829,-0.0320675,0.0230976269211417));
#9396=CARTESIAN_POINT('',(0.0154213248507541,-0.0320675,0.0267475147673172));
#9397=CARTESIAN_POINT('',(0.0151336199688772,-0.0320675,0.0278167760670414));
#9398=CARTESIAN_POINT('',(0.0149491773918271,-0.0320675,0.0284145828336478));
#9399=CARTESIAN_POINT('',(0.0148468627594411,-0.0320675,0.0282112136483193));
#9400=CARTESIAN_POINT('',(0.0148468627594411,-0.0320675,0.0282112136483193));
#9401=CARTESIAN_POINT('',(-0.00221458555665963,-0.0320675,0.0265190097));
#9402=CARTESIAN_POINT('',(0.013234500442248,-0.0320675,0.0149181801909847));
#9403=CARTESIAN_POINT('',(0.0133789211479007,-0.0320675,0.0124206097428155));
#9404=CARTESIAN_POINT('',(0.0133789137638121,-0.0320675,0.0124207374411363));
#9405=CARTESIAN_POINT('',(0.013234500442248,-0.0320675,0.0149181801909847));
#9406=CARTESIAN_POINT('',(0.0130900871206839,-0.0320675,0.017415622940833));
#9407=CARTESIAN_POINT('',(0.0130900871206839,-0.0320675,0.017415622940833));
#9408=CARTESIAN_POINT('',(0.00870000166029282,-0.0320675,0.0168436786863179));
#9409=CARTESIAN_POINT('',(0.013909192892256,-0.0320675,0.0130594808638509));
#9410=CARTESIAN_POINT('',(0.0139091928922467,-0.0320675,0.0130594808638536));
#9411=CARTESIAN_POINT('',(0.00870000166029282,-0.0320675,0.0168436786863179));
#9412=CARTESIAN_POINT('',(0.013837603911932,-0.0320675,0.0142975202489815));
#9413=CARTESIAN_POINT('',(0.0137660112232057,-0.0320675,0.0155356237664757));
#9414=CARTESIAN_POINT('',(0.0137660112232057,-0.0320675,0.0155356237664757));
#9415=CARTESIAN_POINT('',(0.013837603911932,-0.0320675,0.0142975202489815));
#9416=CARTESIAN_POINT('',(0.0137248914688913,-0.0320675,0.0169341485015986));
#9417=CARTESIAN_POINT('',(0.0136837717145769,-0.0320675,0.0183326732367215));
#9418=CARTESIAN_POINT('',(0.0136837717145769,-0.0320675,0.0183326732367215));
#9419=CARTESIAN_POINT('',(0.0137248914688913,-0.0320675,0.0169341485015986));
#9420=CARTESIAN_POINT('',(0.0136837717145769,-0.0320675,0.0199247179552851));
#9421=CARTESIAN_POINT('',(0.0136837717145769,-0.0320675,0.0313974527036128));
#9422=CARTESIAN_POINT('',(0.0136837717145769,-0.0320675,0.0313974527036128));
#9423=CARTESIAN_POINT('',(0.0136837717145769,-0.0320675,0.0199247179552851));
#9424=CARTESIAN_POINT('',(0.0107655449844948,-0.0320675,0.0291687927392885));
#9425=CARTESIAN_POINT('',(0.0130611024170058,-0.0320675,0.0320346937455906));
#9426=CARTESIAN_POINT('',(0.0130611024156741,-0.0320675,0.0320346937449883));
#9427=CARTESIAN_POINT('',(0.0107655449844948,-0.0320675,0.0291687927392885));
#9428=CARTESIAN_POINT('',(0.0130375657378521,-0.0320675,0.0315235958930158));
#9429=CARTESIAN_POINT('',(0.0130140092213098,-0.0320675,0.0310120672158262));
#9430=CARTESIAN_POINT('',(0.0130140092213098,-0.0320675,0.0310120672158262));
#9431=CARTESIAN_POINT('',(0.0130375657378521,-0.0320675,0.0315235958930158));
#9432=CARTESIAN_POINT('',(0.0130140092213098,-0.0320675,0.0303115172397028));
#9433=CARTESIAN_POINT('',(0.0130140092213098,-0.0320675,0.0236359117061406));
#9434=CARTESIAN_POINT('',(0.0130140092213098,-0.0320675,0.0236359117061406));
#9435=CARTESIAN_POINT('',(0.0130140092213098,-0.0320675,0.0303115172397028));
#9436=CARTESIAN_POINT('',(0.120517142827387,-0.0320675,0.0236359117061408));
#9437=CARTESIAN_POINT('',(0.0130900871206843,-0.0320675,0.0195922206552572));
#9438=CARTESIAN_POINT('',(0.0130900871206843,-0.0320675,0.0195922206552572));
#9439=CARTESIAN_POINT('',(0.120517142827387,-0.0320675,0.0236359117061408));
#9440=CARTESIAN_POINT('',(0.0130900871206843,-0.0320675,0.0185039217980452));
#9441=CARTESIAN_POINT('',(0.0130900871206843,-0.0320675,0.0185039217980452));
#9442=CARTESIAN_POINT('',(-0.00221458555665963,-0.0320675,0.0265190097));
#9443=CARTESIAN_POINT('',(0.0110264010727406,-0.0320675,0.031358927488327));
#9444=CARTESIAN_POINT('',(0.0110264010727406,-0.0321945,0.031358927488327));
#9445=CARTESIAN_POINT('',(0.0110545434889409,-0.0320675,0.0298578780828444));
#9446=CARTESIAN_POINT('',(0.0110545434889409,-0.0321945,0.0298578780828444));
#9447=CARTESIAN_POINT('',(0.0111107565231906,-0.0320675,0.0268569619189715));
#9448=CARTESIAN_POINT('',(0.0111107565231906,-0.0321945,0.0268569619189715));
#9449=CARTESIAN_POINT('',(0.0111690006956368,-0.0320675,0.0236658270096205));
#9450=CARTESIAN_POINT('',(0.0111690006956368,-0.0321945,0.0236658270096205));
#9451=CARTESIAN_POINT('',(0.0111998824529018,-0.0320675,0.0218118144170997));
#9452=CARTESIAN_POINT('',(0.0111998824529018,-0.0321945,0.0218118144170997));
#9453=CARTESIAN_POINT('',(0.0112161087829656,-0.0320675,0.0207988244380295));
#9454=CARTESIAN_POINT('',(0.0112161087829656,-0.0321945,0.0207988244380295));
#9455=CARTESIAN_POINT('',(0.0112394180230671,-0.0320675,0.0199149720533395));
#9456=CARTESIAN_POINT('',(0.0112394180230671,-0.0321945,0.0199149720533395));
#9457=CARTESIAN_POINT('',(0.0112851942998094,-0.0320675,0.0188975730498154));
#9458=CARTESIAN_POINT('',(0.0112851942998094,-0.0321945,0.0188975730498154));
#9459=CARTESIAN_POINT('',(0.0113474580803045,-0.0320675,0.0178358389812378));
#9460=CARTESIAN_POINT('',(0.0113474580803045,-0.0321945,0.0178358389812378));
#9461=CARTESIAN_POINT('',(0.011410592709006,-0.0320675,0.0169958901974286));
#9462=CARTESIAN_POINT('',(0.011410592709006,-0.0321945,0.0169958901974286));
#9463=CARTESIAN_POINT('',(0.0114676397595285,-0.0320675,0.0164376834673156));
#9464=CARTESIAN_POINT('',(0.0114676397595285,-0.0321945,0.0164376834673156));
#9465=CARTESIAN_POINT('',(0.0115324101800187,-0.0320675,0.0156954629252877));
#9466=CARTESIAN_POINT('',(0.0115324101800187,-0.0321945,0.0156954629252877));
#9467=CARTESIAN_POINT('',(0.0115989124992333,-0.0320675,0.0147481646596445));
#9468=CARTESIAN_POINT('',(0.0115989124992333,-0.0321945,0.0147481646596445));
#9469=CARTESIAN_POINT('',(0.0116678117132502,-0.0320675,0.0134240027375249));
#9470=CARTESIAN_POINT('',(0.0116678117132502,-0.0321945,0.0134240027375249));
#9471=CARTESIAN_POINT('',(0.0116923532887461,-0.0320675,0.0124460795583698));
#9472=CARTESIAN_POINT('',(0.0116923532887461,-0.0321945,0.0124460795583698));
#9473=CARTESIAN_POINT('',(0.0117082493673506,-0.0320675,0.0117937280143603));
#9474=CARTESIAN_POINT('',(0.0117082493673506,-0.0321945,0.0117937280143603));
#9475=CARTESIAN_POINT('',(0.0117082493673506,-0.0320675,0.0117937280143603));
#9476=CARTESIAN_POINT('',(0.0117082493673506,-0.0320675,0.0117937280143603));
#9477=CARTESIAN_POINT('',(0.0110264010727406,-0.0320675,0.031358927488327));
#9478=CARTESIAN_POINT('',(0.0110936020184369,-0.0320675,0.0277745892116384));
#9479=CARTESIAN_POINT('',(0.0111960132075062,-0.0320675,0.0223117597208232));
#9480=CARTESIAN_POINT('',(0.0112278906830019,-0.0320675,0.019820748047195));
#9481=CARTESIAN_POINT('',(0.0113798829983446,-0.0320675,0.0172416296161862));
#9482=CARTESIAN_POINT('',(0.0114968965924766,-0.0320675,0.0161954675469036));
#9483=CARTESIAN_POINT('',(0.0116494089252862,-0.0320675,0.014111742537418));
#9484=CARTESIAN_POINT('',(0.0116889007317351,-0.0320675,0.0125877673892483));
#9485=CARTESIAN_POINT('',(0.0117082493673506,-0.0320675,0.0117937280143603));
#9486=CARTESIAN_POINT('',(0.0110264010727406,-0.0320675,0.031358927488327));
#9487=CARTESIAN_POINT('',(0.0110264010727406,-0.0320675,0.031358927488327));
#9488=CARTESIAN_POINT('',(0.0121809555928993,-0.0320675,0.0130449257243013));
#9489=CARTESIAN_POINT('',(0.0123690338258649,-0.0320675,0.0117213282102687));
#9490=CARTESIAN_POINT('',(0.0123690338258649,-0.0320675,0.0117213282102687));
#9491=CARTESIAN_POINT('',(0.0121809555928993,-0.0320675,0.0130449257243013));
#9492=CARTESIAN_POINT('',(0.0116411542056397,-0.0320675,0.0322051873967475));
#9493=CARTESIAN_POINT('',(0.0116411542056397,-0.0321945,0.0322051873967475));
#9494=CARTESIAN_POINT('',(0.0116513293942422,-0.0320675,0.032005379651743));
#9495=CARTESIAN_POINT('',(0.0116513293942422,-0.0321945,0.032005379651743));
#9496=CARTESIAN_POINT('',(0.0116717203886538,-0.0320675,0.0316038837875771));
#9497=CARTESIAN_POINT('',(0.0116717203886538,-0.0321945,0.0316038837875771));
#9498=CARTESIAN_POINT('',(0.0116915420968398,-0.0320675,0.0309446497311338));
#9499=CARTESIAN_POINT('',(0.0116915420968398,-0.0321945,0.0309446497311338));
#9500=CARTESIAN_POINT('',(0.0116818081524267,-0.0320675,0.0301096090712915));
#9501=CARTESIAN_POINT('',(0.0116818081524267,-0.0321945,0.0301096090712915));
#9502=CARTESIAN_POINT('',(0.0116414973328291,-0.0320675,0.0290602218907391));
#9503=CARTESIAN_POINT('',(0.0116414973328291,-0.0321945,0.0290602218907391));
#9504=CARTESIAN_POINT('',(0.0116301946625796,-0.0320675,0.0280816556177345));
#9505=CARTESIAN_POINT('',(0.0116301946625796,-0.0321945,0.0280816556177345));
#9506=CARTESIAN_POINT('',(0.0116715159714366,-0.0320675,0.027221465810433));
#9507=CARTESIAN_POINT('',(0.0116715159714366,-0.0321945,0.027221465810433));
#9508=CARTESIAN_POINT('',(0.0117262958471248,-0.0320675,0.0260272149819364));
#9509=CARTESIAN_POINT('',(0.0117262958471248,-0.0321945,0.0260272149819364));
#9510=CARTESIAN_POINT('',(0.0117773847272021,-0.0320675,0.0243462706582791));
#9511=CARTESIAN_POINT('',(0.0117773847272021,-0.0321945,0.0243462706582791));
#9512=CARTESIAN_POINT('',(0.0118312034807279,-0.0320675,0.0224921717517973));
#9513=CARTESIAN_POINT('',(0.0118312034807279,-0.0321945,0.0224921717517973));
#9514=CARTESIAN_POINT('',(0.0119101551022601,-0.0320675,0.0200987074206648));
#9515=CARTESIAN_POINT('',(0.0119101551022601,-0.0321945,0.0200987074206648));
#9516=CARTESIAN_POINT('',(0.0120076149225162,-0.0320675,0.0183668993871374));
#9517=CARTESIAN_POINT('',(0.0120076149225162,-0.0321945,0.0183668993871374));
#9518=CARTESIAN_POINT('',(0.0121152699082032,-0.0320675,0.0165721081835973));
#9519=CARTESIAN_POINT('',(0.0121152699082032,-0.0321945,0.0165721081835973));
#9520=CARTESIAN_POINT('',(0.0122269727020613,-0.0320675,0.014532527936264));
#9521=CARTESIAN_POINT('',(0.0122269727020613,-0.0321945,0.014532527936264));
#9522=CARTESIAN_POINT('',(0.0123129312453249,-0.0320675,0.0128436167568039));
#9523=CARTESIAN_POINT('',(0.0123129312453249,-0.0321945,0.0128436167568039));
#9524=CARTESIAN_POINT('',(0.0123690338258172,-0.0320675,0.0117213282102608));
#9525=CARTESIAN_POINT('',(0.0123690338258172,-0.0321945,0.0117213282102608));
#9526=CARTESIAN_POINT('',(0.0116411542056397,-0.0320675,0.0322051873967475));
#9527=CARTESIAN_POINT('',(0.0116411542056397,-0.0320675,0.0322051873967475));
#9528=CARTESIAN_POINT('',(0.0116411542056397,-0.0320675,0.0322051873967475));
#9529=CARTESIAN_POINT('',(0.0116536284318075,-0.0320675,0.0319602340009304));
#9530=CARTESIAN_POINT('',(0.011681585363183,-0.0320675,0.031417358138536));
#9531=CARTESIAN_POINT('',(0.0116988142654857,-0.0320675,0.0303154982381146));
#9532=CARTESIAN_POINT('',(0.0115999055260943,-0.0320675,0.0282766521001632));
#9533=CARTESIAN_POINT('',(0.0117353480813352,-0.0320675,0.0263957176242691));
#9534=CARTESIAN_POINT('',(0.0118674699102935,-0.0320675,0.020493875181363));
#9535=CARTESIAN_POINT('',(0.0121069844174314,-0.0320675,0.0168720240443332));
#9536=CARTESIAN_POINT('',(0.0122799001483146,-0.0320675,0.0135043781964567));
#9537=CARTESIAN_POINT('',(0.0123690338258172,-0.0320675,0.0117213282102608));
#9538=CARTESIAN_POINT('',(0.0116411542056397,-0.0320675,0.0322051873967475));
#9539=CARTESIAN_POINT('',(0.0116411542056397,-0.0321945,0.0322051873967475));
#9540=CARTESIAN_POINT('',(0.0114384056722218,-0.0320675,0.0321274040048039));
#9541=CARTESIAN_POINT('',(0.0114384056722218,-0.0321945,0.0321274040048039));
#9542=CARTESIAN_POINT('',(0.0112264959842029,-0.0320675,0.0320022262570721));
#9543=CARTESIAN_POINT('',(0.0112264959842029,-0.0321945,0.0320022262570721));
#9544=CARTESIAN_POINT('',(0.0110264010664153,-0.0320675,0.0317906579498294));
#9545=CARTESIAN_POINT('',(0.0110264010664153,-0.0321945,0.0317906579498294));
#9546=CARTESIAN_POINT('',(0.0110264010727406,-0.0320675,0.0317906579565174));
#9547=CARTESIAN_POINT('',(0.0110264010727406,-0.0320675,0.0317906579565174));
#9548=CARTESIAN_POINT('',(0.0116411542056397,-0.0320675,0.0322051873967475));
#9549=CARTESIAN_POINT('',(0.0115142989601674,-0.0320675,0.0321565200593698));
#9550=CARTESIAN_POINT('',(0.0113066277021207,-0.0320675,0.0320589389533084));
#9551=CARTESIAN_POINT('',(0.0111013010469779,-0.0320675,0.0318698526753894));
#9552=CARTESIAN_POINT('',(0.0110264010664153,-0.0320675,0.0317906579498294));
#9553=CARTESIAN_POINT('',(0.0110264010727406,-0.0320675,0.0315747927224222));
#9554=CARTESIAN_POINT('',(0.0110264010727406,-0.0320675,0.0315747927224222));
#9555=CARTESIAN_POINT('',(-0.00221458555665963,-0.0320675,0.0265190097));
#9556=CARTESIAN_POINT('',(0.00912603679281542,-0.0320675,0.0187229649705586));
#9557=CARTESIAN_POINT('',(0.00917327819335152,-0.0320675,0.0165521867660236));
#9558=CARTESIAN_POINT('',(0.00917327819335152,-0.0320675,0.0165521867660236));
#9559=CARTESIAN_POINT('',(0.00912603679281542,-0.0320675,0.0187229649705586));
#9560=CARTESIAN_POINT('',(0.00907879539227937,-0.0320675,0.0208937431750936));
#9561=CARTESIAN_POINT('',(0.00907879539227937,-0.0320675,0.0208937431750936));
#9562=CARTESIAN_POINT('',(0.00917327819272579,-0.0320675,0.0165521867685793));
#9563=CARTESIAN_POINT('',(0.00917327819272579,-0.0321945,0.0165521867685793));
#9564=CARTESIAN_POINT('',(0.00935895937410051,-0.0320675,0.0157938031085878));
#9565=CARTESIAN_POINT('',(0.00935895937410051,-0.0321945,0.0157938031085878));
#9566=CARTESIAN_POINT('',(0.00966412887208875,-0.0320675,0.0148431139842672));
#9567=CARTESIAN_POINT('',(0.00966412887208875,-0.0321945,0.0148431139842672));
#9568=CARTESIAN_POINT('',(0.00993065615795621,-0.0320675,0.0141945072742421));
#9569=CARTESIAN_POINT('',(0.00993065615795621,-0.0321945,0.0141945072742421));
#9570=CARTESIAN_POINT('',(0.00993065616861646,-0.0320675,0.0141945072482999));
#9571=CARTESIAN_POINT('',(0.00993065616861646,-0.0320675,0.0141945072482999));
#9572=CARTESIAN_POINT('',(0.00917327819272579,-0.0320675,0.0165521867685793));
#9573=CARTESIAN_POINT('',(0.00934488798068943,-0.0320675,0.0158512753562182));
#9574=CARTESIAN_POINT('',(0.00964262913373625,-0.0320675,0.0149105089700965));
#9575=CARTESIAN_POINT('',(0.00991045804058933,-0.0320675,0.0142436603446732));
#9576=CARTESIAN_POINT('',(0.00993065615795621,-0.0320675,0.0141945072742421));
#9577=CARTESIAN_POINT('',(0.00986931255168126,-0.0320675,0.015956722273962));
#9578=CARTESIAN_POINT('',(0.00980796893474607,-0.0320675,0.0177189372996241));
#9579=CARTESIAN_POINT('',(0.00980796893474607,-0.0320675,0.0177189372996241));
#9580=CARTESIAN_POINT('',(0.00986931255168126,-0.0320675,0.015956722273962));
#9581=CARTESIAN_POINT('',(0.00980796893474607,-0.0320675,0.0196232535461336));
#9582=CARTESIAN_POINT('',(0.00980796893474607,-0.0320675,0.0215275697926431));
#9583=CARTESIAN_POINT('',(0.00980796893474607,-0.0320675,0.0215275697926431));
#9584=CARTESIAN_POINT('',(0.00980796893474607,-0.0320675,0.0196232535461336));
#9585=CARTESIAN_POINT('',(0.00975870942112951,-0.0320675,0.0252066599721462));
#9586=CARTESIAN_POINT('',(0.00970944990751295,-0.0320675,0.0288857501516491));
#9587=CARTESIAN_POINT('',(0.00970944990751295,-0.0320675,0.0288857501516491));
#9588=CARTESIAN_POINT('',(0.00975870942112951,-0.0320675,0.0252066599721462));
#9589=CARTESIAN_POINT('',(0.00970944990751295,-0.0320675,0.0290526838148189));
#9590=CARTESIAN_POINT('',(0.00970944990369152,-0.0320675,0.0292196174654134));
#9591=CARTESIAN_POINT('',(0.00970944990369152,-0.0320675,0.0292196174654134));
#9592=CARTESIAN_POINT('',(0.00970944990751295,-0.0320675,0.0290526838148189));
#9593=CARTESIAN_POINT('',(0.00970944990369152,-0.0320675,0.0292196174654134));
#9594=CARTESIAN_POINT('',(0.00970944990369152,-0.0321945,0.0292196174654134));
#9595=CARTESIAN_POINT('',(0.00958967717781746,-0.0320675,0.0288254793090852));
#9596=CARTESIAN_POINT('',(0.00958967717781746,-0.0321945,0.0288254793090852));
#9597=CARTESIAN_POINT('',(0.00935058761637606,-0.0320675,0.028200799198528));
#9598=CARTESIAN_POINT('',(0.00935058761637606,-0.0321945,0.028200799198528));
#9599=CARTESIAN_POINT('',(0.00924584747311979,-0.0320675,0.0275602641568823));
#9600=CARTESIAN_POINT('',(0.00924584747311979,-0.0321945,0.0275602641568823));
#9601=CARTESIAN_POINT('',(0.00916214876179595,-0.0320675,0.0271944001847746));
#9602=CARTESIAN_POINT('',(0.00916214876179595,-0.0321945,0.0271944001847746));
#9603=CARTESIAN_POINT('',(0.00916214876270746,-0.0320675,0.0271944001887588));
#9604=CARTESIAN_POINT('',(0.00916214876270746,-0.0320675,0.0271944001887588));
#9605=CARTESIAN_POINT('',(0.00970944990369152,-0.0320675,0.0292196174654134));
#9606=CARTESIAN_POINT('',(0.00968796799676072,-0.0320675,0.0291489265870825));
#9607=CARTESIAN_POINT('',(0.00957685544188554,-0.0320675,0.0287881926113419));
#9608=CARTESIAN_POINT('',(0.00938218327487786,-0.0320675,0.0282755959361755));
#9609=CARTESIAN_POINT('',(0.00927994169176536,-0.0320675,0.0277015787542615));
#9610=CARTESIAN_POINT('',(0.00919210474064907,-0.0320675,0.0273253438186517));
#9611=CARTESIAN_POINT('',(0.00916214876179595,-0.0320675,0.0271944001847746));
#9612=CARTESIAN_POINT('',(0.00916214876270746,-0.0320675,0.02682958113415));
#9613=CARTESIAN_POINT('',(0.00916214876270746,-0.0320675,0.0231859925268335));
#9614=CARTESIAN_POINT('',(0.00916214876270746,-0.0320675,0.0231859925268335));
#9615=CARTESIAN_POINT('',(0.00916214876270746,-0.0320675,0.02682958113415));
#9616=CARTESIAN_POINT('',(0.00912047207749342,-0.0320675,0.0220398678509636));
#9617=CARTESIAN_POINT('',(0.00912047207749342,-0.0320675,0.0220398678509636));
#9618=CARTESIAN_POINT('',(-0.00221458555665963,-0.0320675,0.0265190097));
#9619=CARTESIAN_POINT('',(-0.0188015235928472,-0.0320675,0.0290128984320045));
#9620=CARTESIAN_POINT('',(-0.0188015235928472,-0.0321945,0.0290128984320045));
#9621=CARTESIAN_POINT('',(-0.0186773110369043,-0.0320675,0.0290475856625871));
#9622=CARTESIAN_POINT('',(-0.0186773110369043,-0.0321945,0.0290475856625871));
#9623=CARTESIAN_POINT('',(-0.0184391809408131,-0.0320675,0.0291198968908773));
#9624=CARTESIAN_POINT('',(-0.0184391809408131,-0.0321945,0.0291198968908773));
#9625=CARTESIAN_POINT('',(-0.0178386497039007,-0.0320675,0.0293193485757272));
#9626=CARTESIAN_POINT('',(-0.0178386497039007,-0.0321945,0.0293193485757272));
#9627=CARTESIAN_POINT('',(-0.0170423140492168,-0.0320675,0.0295798211169549));
#9628=CARTESIAN_POINT('',(-0.0170423140492168,-0.0321945,0.0295798211169549));
#9629=CARTESIAN_POINT('',(-0.0159212834165989,-0.0320675,0.0299138053443163));
#9630=CARTESIAN_POINT('',(-0.0159212834165989,-0.0321945,0.0299138053443163));
#9631=CARTESIAN_POINT('',(-0.0146493216642963,-0.0320675,0.0302290827179614));
#9632=CARTESIAN_POINT('',(-0.0146493216642963,-0.0321945,0.0302290827179614));
#9633=CARTESIAN_POINT('',(-0.0139075324334917,-0.0320675,0.0303730869279786));
#9634=CARTESIAN_POINT('',(-0.0139075324334917,-0.0321945,0.0303730869279786));
#9635=CARTESIAN_POINT('',(-0.0133709625495595,-0.0320675,0.0304722357653929));
#9636=CARTESIAN_POINT('',(-0.0133709625495595,-0.0321945,0.0304722357653929));
#9637=CARTESIAN_POINT('',(-0.0188015235928472,-0.0320675,0.0290128984320045));
#9638=CARTESIAN_POINT('',(-0.0186446844122079,-0.0320675,0.0290566968771932));
#9639=CARTESIAN_POINT('',(-0.0182269983980267,-0.0320675,0.0291867357547257));
#9640=CARTESIAN_POINT('',(-0.0166278857189403,-0.0320675,0.0297274903926372));
#9641=CARTESIAN_POINT('',(-0.0148829215776332,-0.0320675,0.0301773920731135));
#9642=CARTESIAN_POINT('',(-0.0140470943099805,-0.0320675,0.0303458820887718));
#9643=CARTESIAN_POINT('',(-0.0134673845937687,-0.0320675,0.030454418638732));
#9644=CARTESIAN_POINT('',(-0.0133709625495595,-0.0320675,0.0304722357653929));
#9645=CARTESIAN_POINT('',(-0.0129465606233292,-0.0320674999985295,0.0318330621841813));
#9646=CARTESIAN_POINT('',(-0.0130141545087099,-0.0320675,0.0318219299341769));
#9647=CARTESIAN_POINT('',(-0.0130141545087099,-0.0320675,0.0318219299341769));
#9648=CARTESIAN_POINT('',(-0.00333189538240662,-0.0320675,0.0333953188664878));
#9649=CARTESIAN_POINT('',(-0.0130141545087099,-0.0320675,0.0318219299341769));
#9650=CARTESIAN_POINT('',(-0.0130141545087099,-0.0321945,0.0318219299341769));
#9651=CARTESIAN_POINT('',(-0.0134595767595469,-0.0320675,0.0317421471459332));
#9652=CARTESIAN_POINT('',(-0.0134595767595469,-0.0321945,0.0317421471459332));
#9653=CARTESIAN_POINT('',(-0.0143212359885026,-0.0320675,0.0313221492857026));
#9654=CARTESIAN_POINT('',(-0.0143212359885026,-0.0321945,0.0313221492857026));
#9655=CARTESIAN_POINT('',(-0.0155621524232742,-0.0320675,0.031094310211956));
#9656=CARTESIAN_POINT('',(-0.0155621524232742,-0.0321945,0.031094310211956));
#9657=CARTESIAN_POINT('',(-0.0165173340864809,-0.0320675,0.0308718444471717));
#9658=CARTESIAN_POINT('',(-0.0165173340864809,-0.0321945,0.0308718444471717));
#9659=CARTESIAN_POINT('',(-0.0171683479908117,-0.0320675,0.0306593381975806));
#9660=CARTESIAN_POINT('',(-0.0171683479908117,-0.0321945,0.0306593381975806));
#9661=CARTESIAN_POINT('',(-0.0176840358525723,-0.0320675,0.03048697165119));
#9662=CARTESIAN_POINT('',(-0.0176840358525723,-0.0321945,0.03048697165119));
#9663=CARTESIAN_POINT('',(-0.0179448278251226,-0.0320675,0.0304089534073646));
#9664=CARTESIAN_POINT('',(-0.0179448278251226,-0.0321945,0.0304089534073646));
#9665=CARTESIAN_POINT('',(-0.0180769749625881,-0.0320675,0.0303700613071162));
#9666=CARTESIAN_POINT('',(-0.0180769749625881,-0.0321945,0.0303700613071162));
#9667=CARTESIAN_POINT('',(-0.0130141545087099,-0.0320675,0.0318219299341769));
#9668=CARTESIAN_POINT('',(-0.0135075081099748,-0.0320675,0.0317335618164526));
#9669=CARTESIAN_POINT('',(-0.0144867470867068,-0.0320675,0.0312417467742343));
#9670=CARTESIAN_POINT('',(-0.0161535419118312,-0.0320675,0.0310111398657606));
#9671=CARTESIAN_POINT('',(-0.0174348016397681,-0.0320675,0.0305637011908181));
#9672=CARTESIAN_POINT('',(-0.0178899684196245,-0.0320675,0.0304250990276112));
#9673=CARTESIAN_POINT('',(-0.0180769749625881,-0.0320675,0.0303700613071162));
#9674=CARTESIAN_POINT('',(-0.00221458555665963,-0.0320675,0.0265190097));
#9675=CARTESIAN_POINT('',(-0.0199658308963391,-0.0320675,0.0242373404908446));
#9676=CARTESIAN_POINT('',(-0.0199658308963391,-0.0321945,0.0242373404908446));
#9677=CARTESIAN_POINT('',(-0.0195509093967121,-0.0320675,0.0242779431228895));
#9678=CARTESIAN_POINT('',(-0.0195509093967121,-0.0321945,0.0242779431228895));
#9679=CARTESIAN_POINT('',(-0.0189350795718982,-0.0320675,0.0243375809524932));
#9680=CARTESIAN_POINT('',(-0.0189350795718982,-0.0321945,0.0243375809524932));
#9681=CARTESIAN_POINT('',(-0.0181658119913487,-0.0320675,0.024409756184043));
#9682=CARTESIAN_POINT('',(-0.0181658119913487,-0.0321945,0.024409756184043));
#9683=CARTESIAN_POINT('',(-0.0174483457510612,-0.0320675,0.0244878249537602));
#9684=CARTESIAN_POINT('',(-0.0174483457510612,-0.0321945,0.0244878249537602));
#9685=CARTESIAN_POINT('',(-0.0165968715111678,-0.0320675,0.0245824083154518));
#9686=CARTESIAN_POINT('',(-0.0165968715111678,-0.0321945,0.0245824083154518));
#9687=CARTESIAN_POINT('',(-0.0158246240417266,-0.0320675,0.0246403605912945));
#9688=CARTESIAN_POINT('',(-0.0158246240417266,-0.0321945,0.0246403605912945));
#9689=CARTESIAN_POINT('',(-0.0152340028443555,-0.0320675,0.0246368682560002));
#9690=CARTESIAN_POINT('',(-0.0152340028443555,-0.0321945,0.0246368682560002));
#9691=CARTESIAN_POINT('',(-0.0147662717576862,-0.0320675,0.0246509052877423));
#9692=CARTESIAN_POINT('',(-0.0147662717576862,-0.0321945,0.0246509052877423));
#9693=CARTESIAN_POINT('',(-0.0144828880432372,-0.0320675,0.02467097154823));
#9694=CARTESIAN_POINT('',(-0.0144828880432372,-0.0321945,0.02467097154823));
#9695=CARTESIAN_POINT('',(-0.0199658308963391,-0.0320675,0.0242373404908446));
#9696=CARTESIAN_POINT('',(-0.0196013187271146,-0.0320675,0.0242730102584904));
#9697=CARTESIAN_POINT('',(-0.0188640445762961,-0.0320675,0.0243447753447874));
#9698=CARTESIAN_POINT('',(-0.017776694199304,-0.0320675,0.0244453167139456));
#9699=CARTESIAN_POINT('',(-0.0159217174353169,-0.0320675,0.024668303440314));
#9700=CARTESIAN_POINT('',(-0.0151552647491902,-0.0320675,0.0246277477015542));
#9701=CARTESIAN_POINT('',(-0.0145608777960312,-0.0320675,0.0246654491324555));
#9702=CARTESIAN_POINT('',(-0.0144828880432372,-0.0320675,0.02467097154823));
#9703=CARTESIAN_POINT('',(-0.0143689996300838,-0.0320675,0.025815831755314));
#9704=CARTESIAN_POINT('',(-0.0143689996300838,-0.0321945,0.025815831755314));
#9705=CARTESIAN_POINT('',(-0.0151226845648115,-0.0320675,0.0257698878452284));
#9706=CARTESIAN_POINT('',(-0.0151226845648115,-0.0321945,0.0257698878452284));
#9707=CARTESIAN_POINT('',(-0.0160177931361564,-0.0320675,0.0256898167472538));
#9708=CARTESIAN_POINT('',(-0.0160177931361564,-0.0321945,0.0256898167472538));
#9709=CARTESIAN_POINT('',(-0.0170217148595981,-0.0320675,0.0255768852646904));
#9710=CARTESIAN_POINT('',(-0.0170217148595981,-0.0321945,0.0255768852646904));
#9711=CARTESIAN_POINT('',(-0.0180447328194822,-0.0320675,0.0254677170915901));
#9712=CARTESIAN_POINT('',(-0.0180447328194822,-0.0321945,0.0254677170915901));
#9713=CARTESIAN_POINT('',(-0.0190332264880275,-0.0320675,0.0253615634417861));
#9714=CARTESIAN_POINT('',(-0.0190332264880275,-0.0321945,0.0253615634417861));
#9715=CARTESIAN_POINT('',(-0.0196911117555185,-0.0320675,0.0252496800145622));
#9716=CARTESIAN_POINT('',(-0.0196911117555185,-0.0321945,0.0252496800145622));
#9717=CARTESIAN_POINT('',(-0.0198154628348266,-0.0320675,0.0252423219360922));
#9718=CARTESIAN_POINT('',(-0.0198154628348266,-0.0321945,0.0252423219360922));
#9719=CARTESIAN_POINT('',(-0.0198630953367201,-0.0320675,0.0252420340221215));
#9720=CARTESIAN_POINT('',(-0.0198630953367201,-0.0321945,0.0252420340221215));
#9721=CARTESIAN_POINT('',(-0.0143689996300838,-0.0320675,0.025815831755314));
#9722=CARTESIAN_POINT('',(-0.0145198161674557,-0.0320675,0.0258066381239793));
#9723=CARTESIAN_POINT('',(-0.0157342453135622,-0.0320675,0.0257277552095522));
#9724=CARTESIAN_POINT('',(-0.0171389857713058,-0.0320675,0.0255565752676841));
#9725=CARTESIAN_POINT('',(-0.0189897196704865,-0.0320675,0.0253747600899416));
#9726=CARTESIAN_POINT('',(-0.0197288072899073,-0.0320675,0.0252419591214582));
#9727=CARTESIAN_POINT('',(-0.0198338381063286,-0.0320675,0.0252422108670286));
#9728=CARTESIAN_POINT('',(-0.0198630953367201,-0.0320675,0.0252420340221215));
#9729=CARTESIAN_POINT('',(-0.00221458555665963,-0.0320675,0.0265190097));
#9730=CARTESIAN_POINT('',(-0.0198282169273283,-0.0320675,0.0188519799412036));
#9731=CARTESIAN_POINT('',(-0.0198282169273283,-0.0321945,0.0188519799412036));
#9732=CARTESIAN_POINT('',(-0.0196641262731439,-0.0320675,0.0188387439198625));
#9733=CARTESIAN_POINT('',(-0.0196641262731439,-0.0321945,0.0188387439198625));
#9734=CARTESIAN_POINT('',(-0.0193334458832311,-0.0320675,0.018812490742599));
#9735=CARTESIAN_POINT('',(-0.0193334458832311,-0.0321945,0.018812490742599));
#9736=CARTESIAN_POINT('',(-0.018833426235914,-0.0320675,0.0187597162976346));
#9737=CARTESIAN_POINT('',(-0.018833426235914,-0.0321945,0.0187597162976346));
#9738=CARTESIAN_POINT('',(-0.0182680999395948,-0.0320675,0.0186862264704458));
#9739=CARTESIAN_POINT('',(-0.0182680999395948,-0.0321945,0.0186862264704458));
#9740=CARTESIAN_POINT('',(-0.0174656937577779,-0.0320675,0.0185861645628052));
#9741=CARTESIAN_POINT('',(-0.0174656937577779,-0.0321945,0.0185861645628052));
#9742=CARTESIAN_POINT('',(-0.0165362026639226,-0.0320675,0.0184779908748905));
#9743=CARTESIAN_POINT('',(-0.0165362026639226,-0.0321945,0.0184779908748905));
#9744=CARTESIAN_POINT('',(-0.0154300424475144,-0.0320675,0.0183645327514164));
#9745=CARTESIAN_POINT('',(-0.0154300424475144,-0.0321945,0.0183645327514164));
#9746=CARTESIAN_POINT('',(-0.0149292782778645,-0.0320675,0.0183404296102344));
#9747=CARTESIAN_POINT('',(-0.0149292782778645,-0.0321945,0.0183404296102344));
#9748=CARTESIAN_POINT('',(-0.0144068145999623,-0.0320675,0.0183092151140319));
#9749=CARTESIAN_POINT('',(-0.0144068145999623,-0.0321945,0.0183092151140319));
#9750=CARTESIAN_POINT('',(-0.0198282169273283,-0.0320675,0.0188519799412036));
#9751=CARTESIAN_POINT('',(-0.0195822977378146,-0.0320675,0.0188321433962354));
#9752=CARTESIAN_POINT('',(-0.01904114018947,-0.0320675,0.0187888686815444));
#9753=CARTESIAN_POINT('',(-0.0180247055841336,-0.0320675,0.0186519387375179));
#9754=CARTESIAN_POINT('',(-0.0157930858315398,-0.0320675,0.0183864767024728));
#9755=CARTESIAN_POINT('',(-0.0150003831434625,-0.0320675,0.0183445600631507));
#9756=CARTESIAN_POINT('',(-0.0144494229817036,-0.0320675,0.0183117607439509));
#9757=CARTESIAN_POINT('',(-0.0144068145999623,-0.0320675,0.0183092151140319));
#9758=CARTESIAN_POINT('',(-0.0145196081798188,-0.0320675,0.0193741230986257));
#9759=CARTESIAN_POINT('',(-0.0145196081798188,-0.0321945,0.0193741230986257));
#9760=CARTESIAN_POINT('',(-0.0152304185896987,-0.0320675,0.0194279613448862));
#9761=CARTESIAN_POINT('',(-0.0152304185896987,-0.0321945,0.0194279613448862));
#9762=CARTESIAN_POINT('',(-0.0165788752758344,-0.0320675,0.0195371475999713));
#9763=CARTESIAN_POINT('',(-0.0165788752758344,-0.0321945,0.0195371475999713));
#9764=CARTESIAN_POINT('',(-0.0178261696871798,-0.0320675,0.0196468440975986));
#9765=CARTESIAN_POINT('',(-0.0178261696871798,-0.0321945,0.0196468440975986));
#9766=CARTESIAN_POINT('',(-0.0186934527715478,-0.0320675,0.0197312138111934));
#9767=CARTESIAN_POINT('',(-0.0186934527715478,-0.0321945,0.0197312138111934));
#9768=CARTESIAN_POINT('',(-0.0192765550950815,-0.0320675,0.0197935297658625));
#9769=CARTESIAN_POINT('',(-0.0192765550950815,-0.0321945,0.0197935297658625));
#9770=CARTESIAN_POINT('',(-0.0197061974139481,-0.0320675,0.019851885269349));
#9771=CARTESIAN_POINT('',(-0.0197061974139481,-0.0321945,0.019851885269349));
#9772=CARTESIAN_POINT('',(-0.0198662677843131,-0.0320675,0.0198874408804625));
#9773=CARTESIAN_POINT('',(-0.0198662677843131,-0.0321945,0.0198874408804625));
#9774=CARTESIAN_POINT('',(-0.0199471303457371,-0.0320675,0.0199056500527621));
#9775=CARTESIAN_POINT('',(-0.0199471303457371,-0.0321945,0.0199056500527621));
#9776=CARTESIAN_POINT('',(-0.0145196081798188,-0.0320675,0.0193741230986257));
#9777=CARTESIAN_POINT('',(-0.0150850536788315,-0.0320675,0.0194169511067691));
#9778=CARTESIAN_POINT('',(-0.0166958059356739,-0.0320675,0.0195460024640535));
#9779=CARTESIAN_POINT('',(-0.0183442567152225,-0.0320675,0.0196920522253688));
#9780=CARTESIAN_POINT('',(-0.0195834177546629,-0.0320675,0.0198256062693901));
#9781=CARTESIAN_POINT('',(-0.0198528594757398,-0.0320675,0.0198844215078782));
#9782=CARTESIAN_POINT('',(-0.0199471303457371,-0.0320675,0.0199056500527621));
#9783=CARTESIAN_POINT('',(-0.00221458555665963,-0.0320675,0.0265190097));
#9784=CARTESIAN_POINT('',(-0.0129817023381695,-0.0320675,0.0124537594764834));
#9785=CARTESIAN_POINT('',(-0.0129817023381695,-0.0321945,0.0124537594764834));
#9786=CARTESIAN_POINT('',(-0.0135515445125499,-0.0320675,0.0125515917454385));
#9787=CARTESIAN_POINT('',(-0.0135515445125499,-0.0321945,0.0125515917454385));
#9788=CARTESIAN_POINT('',(-0.014647569107271,-0.0320675,0.012776932410477));
#9789=CARTESIAN_POINT('',(-0.014647569107271,-0.0321945,0.012776932410477));
#9790=CARTESIAN_POINT('',(-0.0161529095361376,-0.0320675,0.0131604982017421));
#9791=CARTESIAN_POINT('',(-0.0161529095361376,-0.0321945,0.0131604982017421));
#9792=CARTESIAN_POINT('',(-0.0175129900139141,-0.0320675,0.0135361708185247));
#9793=CARTESIAN_POINT('',(-0.0175129900139141,-0.0321945,0.0135361708185247));
#9794=CARTESIAN_POINT('',(-0.0179693839807412,-0.0320675,0.0136494887043623));
#9795=CARTESIAN_POINT('',(-0.0179693839807412,-0.0321945,0.0136494887043623));
#9796=CARTESIAN_POINT('',(-0.0181807148515446,-0.0320675,0.0137004693970037));
#9797=CARTESIAN_POINT('',(-0.0181807148515446,-0.0321945,0.0137004693970037));
#9798=CARTESIAN_POINT('',(-0.0129817023381695,-0.0320675,0.0124537594764834));
#9799=CARTESIAN_POINT('',(-0.013132230598469,-0.0320675,0.0124796026343068));
#9800=CARTESIAN_POINT('',(-0.0142135703649059,-0.0320675,0.0126735315010092));
#9801=CARTESIAN_POINT('',(-0.0159005616583662,-0.0320675,0.0130870473377024));
#9802=CARTESIAN_POINT('',(-0.0175777104157733,-0.0320675,0.0135550083987018));
#9803=CARTESIAN_POINT('',(-0.0180183533004687,-0.0320675,0.0136613018854105));
#9804=CARTESIAN_POINT('',(-0.0181807148515446,-0.0320675,0.0137004693970037));
#9805=CARTESIAN_POINT('',(-0.0187866631895304,-0.0320675,0.0150155499577523));
#9806=CARTESIAN_POINT('',(-0.0187866631895304,-0.0321945,0.0150155499577523));
#9807=CARTESIAN_POINT('',(-0.0184978852877763,-0.0320675,0.0149503441855846));
#9808=CARTESIAN_POINT('',(-0.0184978852877763,-0.0321945,0.0149503441855846));
#9809=CARTESIAN_POINT('',(-0.0180718268495826,-0.0320675,0.0148522927723524));
#9810=CARTESIAN_POINT('',(-0.0180718268495826,-0.0321945,0.0148522927723524));
#9811=CARTESIAN_POINT('',(-0.0176007542342639,-0.0320675,0.0146703174718499));
#9812=CARTESIAN_POINT('',(-0.0176007542342639,-0.0321945,0.0146703174718499));
#9813=CARTESIAN_POINT('',(-0.0169295081142936,-0.0320675,0.0144406344322688));
#9814=CARTESIAN_POINT('',(-0.0169295081142936,-0.0321945,0.0144406344322688));
#9815=CARTESIAN_POINT('',(-0.0154751761154358,-0.0320675,0.0140577206419948));
#9816=CARTESIAN_POINT('',(-0.0154751761154358,-0.0321945,0.0140577206419948));
#9817=CARTESIAN_POINT('',(-0.0140845692603451,-0.0320675,0.013748227592782));
#9818=CARTESIAN_POINT('',(-0.0140845692603451,-0.0321945,0.013748227592782));
#9819=CARTESIAN_POINT('',(-0.0134152790695912,-0.0320675,0.0136131698139089));
#9820=CARTESIAN_POINT('',(-0.0134152790695912,-0.0321945,0.0136131698139089));
#9821=CARTESIAN_POINT('',(-0.0187866631895303,-0.0320675,0.0150155499577523));
#9822=CARTESIAN_POINT('',(-0.0185236289902337,-0.0320675,0.0149561570888123));
#9823=CARTESIAN_POINT('',(-0.0179846476044893,-0.0320675,0.0148344545441061));
#9824=CARTESIAN_POINT('',(-0.0171594829497267,-0.0320675,0.0144747971292195));
#9825=CARTESIAN_POINT('',(-0.0149887885321432,-0.0320675,0.0139369106878218));
#9826=CARTESIAN_POINT('',(-0.0135558789923362,-0.0320675,0.0136415418318139));
#9827=CARTESIAN_POINT('',(-0.0134152790695912,-0.0320675,0.0136131698139089));
#9828=CARTESIAN_POINT('',(-0.00221458555665963,-0.0320675,0.0265190097));
#9829=CARTESIAN_POINT('',(-0.000205104903094903,-0.0320675,0.0326228872019105));
#9830=CARTESIAN_POINT('',(-0.000205104903094903,-0.0321945,0.0326228872019105));
#9831=CARTESIAN_POINT('',(-0.000468099027774313,-0.0320675,0.0326255896270592));
#9832=CARTESIAN_POINT('',(-0.000468099027774313,-0.0321945,0.0326255896270592));
#9833=CARTESIAN_POINT('',(-0.00107683140393186,-0.0320675,0.0326185083064618));
#9834=CARTESIAN_POINT('',(-0.00107683140393186,-0.0321945,0.0326185083064618));
#9835=CARTESIAN_POINT('',(-0.00272836392226273,-0.0320675,0.0325477112349125));
#9836=CARTESIAN_POINT('',(-0.00272836392226273,-0.0321945,0.0325477112349125));
#9837=CARTESIAN_POINT('',(-0.00531289710022436,-0.0320675,0.0323867953180789));
#9838=CARTESIAN_POINT('',(-0.00531289710022436,-0.0321945,0.0323867953180789));
#9839=CARTESIAN_POINT('',(-0.00852002585754705,-0.0320675,0.0321618323550648));
#9840=CARTESIAN_POINT('',(-0.00852002585754705,-0.0321945,0.0321618323550648));
#9841=CARTESIAN_POINT('',(-0.0101532473491191,-0.0320675,0.0320623418909968));
#9842=CARTESIAN_POINT('',(-0.0101532473491191,-0.0321945,0.0320623418909968));
#9843=CARTESIAN_POINT('',(-0.0107926096855775,-0.0320675,0.0320259906617596));
#9844=CARTESIAN_POINT('',(-0.0107926096855775,-0.0321945,0.0320259906617596));
#9845=CARTESIAN_POINT('',(-0.000205104903094903,-0.0320675,0.0326228872019105));
#9846=CARTESIAN_POINT('',(-0.00039515688836991,-0.0320675,0.0326248401020568));
#9847=CARTESIAN_POINT('',(-0.00245677624810173,-0.0320675,0.0326138462223913));
#9848=CARTESIAN_POINT('',(-0.00795550402442824,-0.0320675,0.0321846141580447));
#9849=CARTESIAN_POINT('',(-0.0105072893703137,-0.0320675,0.0320422126748416));
#9850=CARTESIAN_POINT('',(-0.0107926096855775,-0.0320675,0.0320259906617596));
#9851=CARTESIAN_POINT('',(-0.000205104903799357,-0.0320675,0.0326228872073215));
#9852=CARTESIAN_POINT('',(-0.0112139177486233,-0.0320675,0.0308308186697668));
#9853=CARTESIAN_POINT('',(-0.0112139177486233,-0.0321945,0.0308308186697668));
#9854=CARTESIAN_POINT('',(-0.0103815513161939,-0.0320675,0.03095417017867));
#9855=CARTESIAN_POINT('',(-0.0103815513161939,-0.0321945,0.03095417017867));
#9856=CARTESIAN_POINT('',(-0.00835033784695928,-0.0320675,0.0312174397798859));
#9857=CARTESIAN_POINT('',(-0.00835033784695928,-0.0321945,0.0312174397798859));
#9858=CARTESIAN_POINT('',(-0.00556308229000151,-0.0320675,0.0314901860894357));
#9859=CARTESIAN_POINT('',(-0.00556308229000151,-0.0321945,0.0314901860894357));
#9860=CARTESIAN_POINT('',(-0.0036935410678884,-0.0320675,0.0316093402494225));
#9861=CARTESIAN_POINT('',(-0.0036935410678884,-0.0321945,0.0316093402494225));
#9862=CARTESIAN_POINT('',(-0.00222242186603301,-0.0320675,0.0316413957139536));
#9863=CARTESIAN_POINT('',(-0.00222242186603301,-0.0321945,0.0316413957139536));
#9864=CARTESIAN_POINT('',(-0.0013402935740022,-0.0320675,0.0316032386623153));
#9865=CARTESIAN_POINT('',(-0.0013402935740022,-0.0321945,0.0316032386623153));
#9866=CARTESIAN_POINT('',(-0.000647169982693275,-0.0320675,0.0315820843248474));
#9867=CARTESIAN_POINT('',(-0.000647169982693275,-0.0321945,0.0315820843248474));
#9868=CARTESIAN_POINT('',(-0.0112139177486233,-0.0320675,0.0308308186697668));
#9869=CARTESIAN_POINT('',(-0.0109718559264185,-0.0320675,0.0308666907206491));
#9870=CARTESIAN_POINT('',(-0.00877898229097488,-0.0320675,0.0311798386213377));
#9871=CARTESIAN_POINT('',(-0.00367843425746517,-0.0320675,0.0317155559124245));
#9872=CARTESIAN_POINT('',(-0.00168854461470646,-0.0320675,0.0316139093923999));
#9873=CARTESIAN_POINT('',(-0.000649844763727582,-0.0320675,0.0315821659599574));
#9874=CARTESIAN_POINT('',(-0.000647169982693275,-0.0320675,0.0315820843248474));
#9875=CARTESIAN_POINT('',(-0.00221458555665963,-0.0320675,0.0265190097));
#9876=CARTESIAN_POINT('',(-0.01239104149182,-0.0320675,0.0248626689437312));
#9877=CARTESIAN_POINT('',(-0.01239104149182,-0.0321945,0.0248626689437312));
#9878=CARTESIAN_POINT('',(-0.0119670692900834,-0.0320675,0.0248998864215975));
#9879=CARTESIAN_POINT('',(-0.0119670692900834,-0.0321945,0.0248998864215975));
#9880=CARTESIAN_POINT('',(-0.0111285238530667,-0.0320675,0.0249587081898348));
#9881=CARTESIAN_POINT('',(-0.0111285238530667,-0.0321945,0.0249587081898348));
#9882=CARTESIAN_POINT('',(-0.00990749287380552,-0.0320675,0.024991819061294));
#9883=CARTESIAN_POINT('',(-0.00990749287380552,-0.0321945,0.024991819061294));
#9884=CARTESIAN_POINT('',(-0.00860493967713756,-0.0320675,0.0250068866445694));
#9885=CARTESIAN_POINT('',(-0.00860493967713756,-0.0321945,0.0250068866445694));
#9886=CARTESIAN_POINT('',(-0.00658212916970162,-0.0320675,0.0250493679529334));
#9887=CARTESIAN_POINT('',(-0.00658212916970162,-0.0321945,0.0250493679529334));
#9888=CARTESIAN_POINT('',(-0.0043339605447701,-0.0320675,0.025121301734479));
#9889=CARTESIAN_POINT('',(-0.0043339605447701,-0.0321945,0.025121301734479));
#9890=CARTESIAN_POINT('',(-0.00281795873050411,-0.0320675,0.0251379887333498));
#9891=CARTESIAN_POINT('',(-0.00281795873050411,-0.0321945,0.0251379887333498));
#9892=CARTESIAN_POINT('',(-0.00228509427666156,-0.0320675,0.0251277010795158));
#9893=CARTESIAN_POINT('',(-0.00228509427666156,-0.0321945,0.0251277010795158));
#9894=CARTESIAN_POINT('',(-0.00199486287183867,-0.0320675,0.0251232389971479));
#9895=CARTESIAN_POINT('',(-0.00199486287183867,-0.0321945,0.0251232389971479));
#9896=CARTESIAN_POINT('',(-0.01239104149182,-0.0320675,0.0248626689437312));
#9897=CARTESIAN_POINT('',(-0.0121700561389402,-0.0320675,0.0248820676624347));
#9898=CARTESIAN_POINT('',(-0.010746434805697,-0.0320675,0.0249972896969122));
#9899=CARTESIAN_POINT('',(-0.00822069374537011,-0.0320675,0.0249859574663193));
#9900=CARTESIAN_POINT('',(-0.00363406474902405,-0.0320675,0.025152689891691));
#9901=CARTESIAN_POINT('',(-0.00241074815133524,-0.0320675,0.0251296329102182));
#9902=CARTESIAN_POINT('',(-0.00199486287183867,-0.0320675,0.0251232389971479));
#9903=CARTESIAN_POINT('',(-0.00187375959415386,-0.0320675,0.0261597045273934));
#9904=CARTESIAN_POINT('',(-0.00187375959415386,-0.0321945,0.0261597045273934));
#9905=CARTESIAN_POINT('',(-0.00317802573533317,-0.0320675,0.0261577657604322));
#9906=CARTESIAN_POINT('',(-0.00317802573533317,-0.0321945,0.0261577657604322));
#9907=CARTESIAN_POINT('',(-0.00563067752629711,-0.0320675,0.0261139194381311));
#9908=CARTESIAN_POINT('',(-0.00563067752629711,-0.0321945,0.0261139194381311));
#9909=CARTESIAN_POINT('',(-0.00946031176746313,-0.0320675,0.0260137724006747));
#9910=CARTESIAN_POINT('',(-0.00946031176746313,-0.0321945,0.0260137724006747));
#9911=CARTESIAN_POINT('',(-0.0113948779508759,-0.0320675,0.0259523299359202));
#9912=CARTESIAN_POINT('',(-0.0113948779508759,-0.0321945,0.0259523299359202));
#9913=CARTESIAN_POINT('',(-0.0122923090694979,-0.0320675,0.0259166847407505));
#9914=CARTESIAN_POINT('',(-0.0122923090694979,-0.0321945,0.0259166847407505));
#9915=CARTESIAN_POINT('',(-0.00187375959415386,-0.0320675,0.0261597045273934));
#9916=CARTESIAN_POINT('',(-0.00206633081392373,-0.0320675,0.0261594182739158));
#9917=CARTESIAN_POINT('',(-0.00382245635449216,-0.0320675,0.0261519986107734));
#9918=CARTESIAN_POINT('',(-0.00737786890751767,-0.0320675,0.0260736458517802));
#9919=CARTESIAN_POINT('',(-0.0110509404600663,-0.0320675,0.0259659908383914));
#9920=CARTESIAN_POINT('',(-0.0122923090694979,-0.0320675,0.0259166847407505));
#9921=CARTESIAN_POINT('',(-0.00221458555665963,-0.0320675,0.0265190097));
#9922=CARTESIAN_POINT('',(-0.00206975924750733,-0.0320675,0.0189423659039256));
#9923=CARTESIAN_POINT('',(-0.00206975924750733,-0.0321945,0.0189423659039256));
#9924=CARTESIAN_POINT('',(-0.00308811177832776,-0.0320675,0.0189413956589446));
#9925=CARTESIAN_POINT('',(-0.00308811177832776,-0.0321945,0.0189413956589446));
#9926=CARTESIAN_POINT('',(-0.00513979613672131,-0.0320675,0.0189613914650836));
#9927=CARTESIAN_POINT('',(-0.00513979613672131,-0.0321945,0.0189613914650836));
#9928=CARTESIAN_POINT('',(-0.00867018817026365,-0.0320675,0.0190859355387051));
#9929=CARTESIAN_POINT('',(-0.00867018817026365,-0.0321945,0.0190859355387051));
#9930=CARTESIAN_POINT('',(-0.01063219246816,-0.0320675,0.0191204391060943));
#9931=CARTESIAN_POINT('',(-0.01063219246816,-0.0321945,0.0191204391060943));
#9932=CARTESIAN_POINT('',(-0.0123703592714979,-0.0320675,0.0192257089247366));
#9933=CARTESIAN_POINT('',(-0.0123703592714979,-0.0321945,0.0192257089247366));
#9934=CARTESIAN_POINT('',(-0.00206975924750733,-0.0320675,0.0189423659039256));
#9935=CARTESIAN_POINT('',(-0.0025803549917735,-0.0320675,0.0189418794290132));
#9936=CARTESIAN_POINT('',(-0.00492324377295684,-0.0320675,0.0189481266591861));
#9937=CARTESIAN_POINT('',(-0.0082984917925808,-0.0320675,0.0190774619991465));
#9938=CARTESIAN_POINT('',(-0.010662801770835,-0.0320675,0.0191274227392442));
#9939=CARTESIAN_POINT('',(-0.0121493002818161,-0.0320675,0.0192123207736637));
#9940=CARTESIAN_POINT('',(-0.0123703592714979,-0.0320675,0.0192257089247366));
#9941=CARTESIAN_POINT('',(-0.0122655960093626,-0.0320675,0.0181874751624302));
#9942=CARTESIAN_POINT('',(-0.0122655960093626,-0.0321945,0.0181874751624302));
#9943=CARTESIAN_POINT('',(-0.0106817858157171,-0.0320675,0.0181076804996058));
#9944=CARTESIAN_POINT('',(-0.0106817858157171,-0.0321945,0.0181076804996058));
#9945=CARTESIAN_POINT('',(-0.00698107645360631,-0.0320675,0.018026744295504));
#9946=CARTESIAN_POINT('',(-0.00698107645360631,-0.0321945,0.018026744295504));
#9947=CARTESIAN_POINT('',(-0.00387363773534261,-0.0320675,0.0179358185082826));
#9948=CARTESIAN_POINT('',(-0.00387363773534261,-0.0321945,0.0179358185082826));
#9949=CARTESIAN_POINT('',(-0.00194906486999909,-0.0320675,0.017945775520904));
#9950=CARTESIAN_POINT('',(-0.00194906486999909,-0.0321945,0.017945775520904));
#9951=CARTESIAN_POINT('',(-0.0122655960093626,-0.0320675,0.0181874751624302));
#9952=CARTESIAN_POINT('',(-0.0119830001740726,-0.0320675,0.0181732375729242));
#9953=CARTESIAN_POINT('',(-0.0102095727171963,-0.0320675,0.0180899460643578));
#9954=CARTESIAN_POINT('',(-0.00658907224040351,-0.0320675,0.0180179114173802));
#9955=CARTESIAN_POINT('',(-0.00373235356095151,-0.0320675,0.0179371828169809));
#9956=CARTESIAN_POINT('',(-0.00197297791841068,-0.0320675,0.0179456518038294));
#9957=CARTESIAN_POINT('',(-0.00194906486999909,-0.0320675,0.017945775520904));
#9958=CARTESIAN_POINT('',(-0.00221458555665963,-0.0320675,0.0265190097));
#9959=CARTESIAN_POINT('',(-9.58173053122163E-5,-0.0320675,0.0114385041668942));
#9960=CARTESIAN_POINT('',(-9.58173053122163E-5,-0.0321945,0.0114385041668942));
#9961=CARTESIAN_POINT('',(-0.00192944182617749,-0.0320675,0.0114283762547602));
#9962=CARTESIAN_POINT('',(-0.00192944182617749,-0.0321945,0.0114283762547602));
#9963=CARTESIAN_POINT('',(-0.00560269176871976,-0.0320675,0.011600658936593));
#9964=CARTESIAN_POINT('',(-0.00560269176871976,-0.0321945,0.011600658936593));
#9965=CARTESIAN_POINT('',(-0.00915536689785684,-0.0320675,0.0119444111755347));
#9966=CARTESIAN_POINT('',(-0.00915536689785684,-0.0321945,0.0119444111755347));
#9967=CARTESIAN_POINT('',(-0.0107372168796954,-0.0320675,0.0121344533158164));
#9968=CARTESIAN_POINT('',(-0.0107372168796954,-0.0321945,0.0121344533158164));
#9969=CARTESIAN_POINT('',(-9.58173053122163E-5,-0.0320675,0.0114385041668942));
#9970=CARTESIAN_POINT('',(-0.000246499806509502,-0.0320675,0.0114376718813773));
#9971=CARTESIAN_POINT('',(-0.0020632747973278,-0.0320675,0.011434770238844));
#9972=CARTESIAN_POINT('',(-0.0054382030439932,-0.0320675,0.0115982192583423));
#9973=CARTESIAN_POINT('',(-0.00886776614180476,-0.0320675,0.0119178658430642));
#9974=CARTESIAN_POINT('',(-0.0104996175081616,-0.0320675,0.0121059083250687));
#9975=CARTESIAN_POINT('',(-0.0107372168796954,-0.0320675,0.0121344533158164));
#9976=CARTESIAN_POINT('',(-0.0111457198310756,-0.0320675,0.0132106761893241));
#9977=CARTESIAN_POINT('',(-0.0111457198310756,-0.0321945,0.0132106761893241));
#9978=CARTESIAN_POINT('',(-0.00951695222547405,-0.0320675,0.0129628285179259));
#9979=CARTESIAN_POINT('',(-0.00951695222547405,-0.0321945,0.0129628285179259));
#9980=CARTESIAN_POINT('',(-0.00709388714677361,-0.0320675,0.0127516225160363));
#9981=CARTESIAN_POINT('',(-0.00709388714677361,-0.0321945,0.0127516225160363));
#9982=CARTESIAN_POINT('',(-0.00342124129665052,-0.0320675,0.012507193543545));
#9983=CARTESIAN_POINT('',(-0.00342124129665052,-0.0321945,0.012507193543545));
#9984=CARTESIAN_POINT('',(-0.00145186102485139,-0.0320675,0.0124345381849921));
#9985=CARTESIAN_POINT('',(-0.00145186102485139,-0.0321945,0.0124345381849921));
#9986=CARTESIAN_POINT('',(-0.000455358015145627,-0.0320675,0.0124392251680729));
#9987=CARTESIAN_POINT('',(-0.000455358015145627,-0.0321945,0.0124392251680729));
#9988=CARTESIAN_POINT('',(-0.0111457198310756,-0.0320675,0.0132106761893241));
#9989=CARTESIAN_POINT('',(-0.010643023434102,-0.0320675,0.0131341814635071));
#9990=CARTESIAN_POINT('',(-0.00871282767004791,-0.0320675,0.0128733558092591));
#9991=CARTESIAN_POINT('',(-0.00537404446391264,-0.0320675,0.0126333209048302));
#9992=CARTESIAN_POINT('',(-0.0020754495638575,-0.0320675,0.0124316051793682));
#9993=CARTESIAN_POINT('',(-0.000455358015145627,-0.0320675,0.0124392251680729));
#9994=CARTESIAN_POINT('',(-0.00221458555665963,-0.0320675,0.0265190097));
#9995=CARTESIAN_POINT('',(0.00541338784129126,-0.0320675,0.0259572684697121));
#9996=CARTESIAN_POINT('',(0.00541338784129126,-0.0321945,0.0259572684697121));
#9997=CARTESIAN_POINT('',(0.00516148013679465,-0.0320675,0.0259828606527162));
#9998=CARTESIAN_POINT('',(0.00516148013679465,-0.0321945,0.0259828606527162));
#9999=CARTESIAN_POINT('',(0.00464760758184957,-0.0320675,0.0260323915006287));
#10000=CARTESIAN_POINT('',(0.00464760758184957,-0.0321945,0.0260323915006287));
#10001=CARTESIAN_POINT('',(0.00323897751591498,-0.0320675,0.0260358867625829));
#10002=CARTESIAN_POINT('',(0.00323897751591498,-0.0321945,0.0260358867625829));
#10003=CARTESIAN_POINT('',(0.00147315503136462,-0.0320675,0.0261080383343391));
#10004=CARTESIAN_POINT('',(0.00147315503136462,-0.0321945,0.0261080383343391));
#10005=CARTESIAN_POINT('',(0.000398423884711882,-0.0320675,0.0261342033685104));
#10006=CARTESIAN_POINT('',(0.000398423884711882,-0.0321945,0.0261342033685104));
#10007=CARTESIAN_POINT('',(0.00541338784129126,-0.0320675,0.0259572684697121));
#10008=CARTESIAN_POINT('',(0.00518826725330735,-0.0320675,0.0259801392560471));
#10009=CARTESIAN_POINT('',(0.00465128989761281,-0.0320675,0.0260339338765839));
#10010=CARTESIAN_POINT('',(0.00330539992050216,-0.0320675,0.0260339805160853));
#10011=CARTESIAN_POINT('',(0.00150676127124709,-0.0320675,0.0261058373780746));
#10012=CARTESIAN_POINT('',(0.000483623802315563,-0.0320675,0.0261321291206742));
#10013=CARTESIAN_POINT('',(0.000398423884711882,-0.0320675,0.0261342033685104));
#10014=CARTESIAN_POINT('',(0.000765999075106338,-0.0320675,-0.0688353661942578));
#10015=CARTESIAN_POINT('',(0.000765999075106338,-0.0320675,-0.0688353661942578));
#10016=CARTESIAN_POINT('',(-0.00221458555665963,-0.0320675,0.0265190097));
#10017=CARTESIAN_POINT('',(0.00535986990556137,-0.0320675,0.0190673955192441));
#10018=CARTESIAN_POINT('',(0.00535986990556137,-0.0321945,0.0190673955192441));
#10019=CARTESIAN_POINT('',(0.00506060540661655,-0.0320675,0.019072894421755));
#10020=CARTESIAN_POINT('',(0.00506060540661655,-0.0321945,0.019072894421755));
#10021=CARTESIAN_POINT('',(0.00465607081567597,-0.0320675,0.0190846437460312));
#10022=CARTESIAN_POINT('',(0.00465607081567597,-0.0321945,0.0190846437460312));
#10023=CARTESIAN_POINT('',(0.00370637127466802,-0.0320675,0.0190315131657084));
#10024=CARTESIAN_POINT('',(0.00370637127466802,-0.0321945,0.0190315131657084));
#10025=CARTESIAN_POINT('',(0.00294411966757122,-0.0320675,0.018983073171102));
#10026=CARTESIAN_POINT('',(0.00294411966757122,-0.0321945,0.018983073171102));
#10027=CARTESIAN_POINT('',(0.00229567077286661,-0.0320675,0.0189519730157009));
#10028=CARTESIAN_POINT('',(0.00229567077286661,-0.0321945,0.0189519730157009));
#10029=CARTESIAN_POINT('',(0.00180786078774132,-0.0320675,0.0189507149646064));
#10030=CARTESIAN_POINT('',(0.00180786078774132,-0.0321945,0.0189507149646064));
#10031=CARTESIAN_POINT('',(0.00122632666214793,-0.0320675,0.0189566758598112));
#10032=CARTESIAN_POINT('',(0.00122632666214793,-0.0321945,0.0189566758598112));
#10033=CARTESIAN_POINT('',(0.000644124147997562,-0.0320675,0.0189545707167808));
#10034=CARTESIAN_POINT('',(0.000644124147997562,-0.0321945,0.0189545707167808));
#10035=CARTESIAN_POINT('',(0.000318496500841139,-0.0320675,0.0189529092242551));
#10036=CARTESIAN_POINT('',(0.000318496500841139,-0.0321945,0.0189529092242551));
#10037=CARTESIAN_POINT('',(0.00535986990556137,-0.0320675,0.0190673955192441));
#10038=CARTESIAN_POINT('',(0.00507264167101128,-0.0320675,0.0190726732587212));
#10039=CARTESIAN_POINT('',(0.00444466955214497,-0.0320675,0.0190920212765523));
#10040=CARTESIAN_POINT('',(0.00239693689576587,-0.0320675,0.0189334899865495));
#10041=CARTESIAN_POINT('',(0.00161317262425758,-0.0320675,0.0189580014706352));
#10042=CARTESIAN_POINT('',(0.000655250966901443,-0.0320675,0.0189546274906039));
#10043=CARTESIAN_POINT('',(0.000318496500841139,-0.0320675,0.0189529092242551));
#10044=CARTESIAN_POINT('',(0.000441934708310401,-0.0320675,0.0179793608156096));
#10045=CARTESIAN_POINT('',(0.000441934708310401,-0.0321945,0.0179793608156096));
#10046=CARTESIAN_POINT('',(0.00205476791515882,-0.0320675,0.0180123571029774));
#10047=CARTESIAN_POINT('',(0.00205476791515882,-0.0321945,0.0180123571029774));
#10048=CARTESIAN_POINT('',(0.00379682779506893,-0.0320675,0.0180624313092212));
#10049=CARTESIAN_POINT('',(0.00379682779506893,-0.0321945,0.0180624313092212));
#10050=CARTESIAN_POINT('',(0.00551113643217435,-0.0320675,0.0181008151276596));
#10051=CARTESIAN_POINT('',(0.00551113643217435,-0.0321945,0.0181008151276596));
#10052=CARTESIAN_POINT('',(0.000441934708310401,-0.0320675,0.0179793608156096));
#10053=CARTESIAN_POINT('',(0.00205476791515882,-0.0320675,0.0180123571029774));
#10054=CARTESIAN_POINT('',(0.00379682779506893,-0.0320675,0.0180624313092212));
#10055=CARTESIAN_POINT('',(0.00551113643217435,-0.0320675,0.0181008151276596));
#10056=CARTESIAN_POINT('',(-0.00221458555665963,-0.0320675,0.0265190097));
#10057=CARTESIAN_POINT('',(0.00170115295902186,-0.0320675,0.0125170047598809));
#10058=CARTESIAN_POINT('',(0.00170115295902186,-0.0321945,0.0125170047598809));
#10059=CARTESIAN_POINT('',(0.00343337469947418,-0.0320675,0.0126335340832477));
#10060=CARTESIAN_POINT('',(0.00343337469947418,-0.0321945,0.0126335340832477));
#10061=CARTESIAN_POINT('',(0.00518336020197023,-0.0320675,0.0128686393446057));
#10062=CARTESIAN_POINT('',(0.00518336020197023,-0.0321945,0.0128686393446057));
#10063=CARTESIAN_POINT('',(0.00693872785133637,-0.0320675,0.0131078936888999));
#10064=CARTESIAN_POINT('',(0.00693872785133637,-0.0321945,0.0131078936888999));
#10065=CARTESIAN_POINT('',(0.00170115295902186,-0.0320675,0.0125170047598809));
#10066=CARTESIAN_POINT('',(0.00343337469947418,-0.0320675,0.0126335340832477));
#10067=CARTESIAN_POINT('',(0.00518336020197023,-0.0320675,0.0128686393446057));
#10068=CARTESIAN_POINT('',(0.00693872785133637,-0.0320675,0.0131078936888999));
#10069=CARTESIAN_POINT('',(0.00744364047515198,-0.0320675,0.0121394465077521));
#10070=CARTESIAN_POINT('',(0.00744364047515198,-0.0321945,0.0121394465077521));
#10071=CARTESIAN_POINT('',(0.00728972482057362,-0.0320675,0.0121196275421376));
#10072=CARTESIAN_POINT('',(0.00728972482057362,-0.0321945,0.0121196275421376));
#10073=CARTESIAN_POINT('',(0.0069722114335646,-0.0320675,0.012062623992934));
#10074=CARTESIAN_POINT('',(0.0069722114335646,-0.0321945,0.012062623992934));
#10075=CARTESIAN_POINT('',(0.00641002624301638,-0.0320675,0.0120435219125643));
#10076=CARTESIAN_POINT('',(0.00641002624301638,-0.0321945,0.0120435219125643));
#10077=CARTESIAN_POINT('',(0.00569456234319056,-0.0320675,0.0119444155658749));
#10078=CARTESIAN_POINT('',(0.00569456234319056,-0.0321945,0.0119444155658749));
#10079=CARTESIAN_POINT('',(0.00485377314726815,-0.0320675,0.0117457220053736));
#10080=CARTESIAN_POINT('',(0.00485377314726815,-0.0321945,0.0117457220053736));
#10081=CARTESIAN_POINT('',(0.00402290832500766,-0.0320675,0.0116545149167879));
#10082=CARTESIAN_POINT('',(0.00402290832500766,-0.0321945,0.0116545149167879));
#10083=CARTESIAN_POINT('',(0.003331057884717,-0.0320675,0.0116511292336396));
#10084=CARTESIAN_POINT('',(0.003331057884717,-0.0321945,0.0116511292336396));
#10085=CARTESIAN_POINT('',(0.00300912031209808,-0.0320675,0.0115694194789067));
#10086=CARTESIAN_POINT('',(0.00300912031209808,-0.0321945,0.0115694194789067));
#10087=CARTESIAN_POINT('',(0.00246967688633461,-0.0320675,0.0115191972389634));
#10088=CARTESIAN_POINT('',(0.00246967688633461,-0.0321945,0.0115191972389634));
#10089=CARTESIAN_POINT('',(0.00211702321571963,-0.0320675,0.0114990910566991));
#10090=CARTESIAN_POINT('',(0.00211702321571963,-0.0321945,0.0114990910566991));
#10091=CARTESIAN_POINT('',(0.00744364047515198,-0.0320675,0.0121394465077521));
#10092=CARTESIAN_POINT('',(0.00727399508414406,-0.0320675,0.0121176021009551));
#10093=CARTESIAN_POINT('',(0.00687072160084117,-0.0320675,0.0120468246795366));
#10094=CARTESIAN_POINT('',(0.00598628990553542,-0.0320675,0.0120352257601404));
#10095=CARTESIAN_POINT('',(0.00453786248451985,-0.0320675,0.0116438045618696));
#10096=CARTESIAN_POINT('',(0.00333891944396544,-0.0320675,0.0116657730287012));
#10097=CARTESIAN_POINT('',(0.00297349159201233,-0.0320675,0.0115605986077237));
#10098=CARTESIAN_POINT('',(0.00239928331457079,-0.0320675,0.0115151838226798));
#10099=CARTESIAN_POINT('',(0.00211702321571963,-0.0320675,0.0114990910566991));
#10100=CARTESIAN_POINT('',(-0.00221458555665963,-0.0320675,0.0265190097));
#10101=CARTESIAN_POINT('',(0.00740113385558734,-0.0320675,0.0318272934662529));
#10102=CARTESIAN_POINT('',(0.00740113385558734,-0.0321945,0.0318272934662529));
#10103=CARTESIAN_POINT('',(0.00709603038916789,-0.0320675,0.031916022673767));
#10104=CARTESIAN_POINT('',(0.00709603038916789,-0.0321945,0.031916022673767));
#10105=CARTESIAN_POINT('',(0.00656315904716614,-0.0320675,0.0320673604508912));
#10106=CARTESIAN_POINT('',(0.00656315904716614,-0.0321945,0.0320673604508912));
#10107=CARTESIAN_POINT('',(0.00582909330579853,-0.0320675,0.0321528677527243));
#10108=CARTESIAN_POINT('',(0.00582909330579853,-0.0321945,0.0321528677527243));
#10109=CARTESIAN_POINT('',(0.00529601164840259,-0.0320675,0.0322074331837517));
#10110=CARTESIAN_POINT('',(0.00529601164840259,-0.0321945,0.0322074331837517));
#10111=CARTESIAN_POINT('',(0.00473672127406656,-0.0320675,0.032266740147513));
#10112=CARTESIAN_POINT('',(0.00473672127406656,-0.0321945,0.032266740147513));
#10113=CARTESIAN_POINT('',(0.00372139971598766,-0.0320675,0.0323546080970519));
#10114=CARTESIAN_POINT('',(0.00372139971598766,-0.0321945,0.0323546080970519));
#10115=CARTESIAN_POINT('',(0.00265853059948144,-0.0320675,0.0324303381393542));
#10116=CARTESIAN_POINT('',(0.00265853059948144,-0.0321945,0.0324303381393542));
#10117=CARTESIAN_POINT('',(0.00203640793878855,-0.0320675,0.0324781888978018));
#10118=CARTESIAN_POINT('',(0.00203640793878855,-0.0321945,0.0324781888978018));
#10119=CARTESIAN_POINT('',(0.00203640794109456,-0.0320675,0.0324781888976244));
#10120=CARTESIAN_POINT('',(0.00740113385558734,-0.0320675,0.0318272934662529));
#10121=CARTESIAN_POINT('',(0.00714238903281774,-0.0320675,0.0319025408023194));
#10122=CARTESIAN_POINT('',(0.00652819420623106,-0.0320675,0.032082954925226));
#10123=CARTESIAN_POINT('',(0.00549921096253303,-0.0320675,0.0321839327155298));
#10124=CARTESIAN_POINT('',(0.00440835623009546,-0.0320675,0.0323060424668879));
#10125=CARTESIAN_POINT('',(0.0027944806603645,-0.0320675,0.0324198814980273));
#10126=CARTESIAN_POINT('',(0.00203640793878855,-0.0320675,0.0324781888978018));
#10127=CARTESIAN_POINT('',(0.00160593401178386,-0.0320675,0.0315151074339626));
#10128=CARTESIAN_POINT('',(0.00160593401178386,-0.0321945,0.0315151074339626));
#10129=CARTESIAN_POINT('',(0.00255903152183293,-0.0320675,0.0314798269869637));
#10130=CARTESIAN_POINT('',(0.00255903152183293,-0.0321945,0.0314798269869637));
#10131=CARTESIAN_POINT('',(0.00446978919063703,-0.0320675,0.0313608569550349));
#10132=CARTESIAN_POINT('',(0.00446978919063703,-0.0321945,0.0313608569550349));
#10133=CARTESIAN_POINT('',(0.00614825773957021,-0.0320675,0.0311141372307149));
#10134=CARTESIAN_POINT('',(0.00614825773957021,-0.0321945,0.0311141372307149));
#10135=CARTESIAN_POINT('',(0.00699360583242864,-0.0320675,0.0309834232393732));
#10136=CARTESIAN_POINT('',(0.00699360583242864,-0.0321945,0.0309834232393732));
#10137=CARTESIAN_POINT('',(0.00160593401178386,-0.0320675,0.0315151074339626));
#10138=CARTESIAN_POINT('',(0.00219630517406913,-0.0320675,0.0314932538898278));
#10139=CARTESIAN_POINT('',(0.0041341459510457,-0.0320675,0.0314001854606568));
#10140=CARTESIAN_POINT('',(0.00582653826902429,-0.0320675,0.0311638838811689));
#10141=CARTESIAN_POINT('',(0.00699360583242864,-0.0320675,0.0309834232393732));
#10142=CARTESIAN_POINT('',(-0.00221458555665963,-0.0320675,0.0265190097));
#10143=CARTESIAN_POINT('',(0.00327042126817639,-0.0318135,0.035655663376136));
#10144=CARTESIAN_POINT('',(0.00243254536304142,-0.0318135,0.0357611869048567));
#10145=CARTESIAN_POINT('',(0.00410829717293381,-0.0318135,0.0355501398444176));
#10146=CARTESIAN_POINT('',(-0.000205104903799357,-0.0318135,0.0326228872073215));
#10147=CARTESIAN_POINT('',(-0.000205104903799357,-0.0321945,0.0326228872073215));
#10148=CARTESIAN_POINT('',(-4.99204805843045E-5,-0.0318135,0.0329066019810295));
#10149=CARTESIAN_POINT('',(-4.99204805843045E-5,-0.0321945,0.0329066019810295));
#10150=CARTESIAN_POINT('',(0.000178116497737219,-0.0318135,0.0333273208751163));
#10151=CARTESIAN_POINT('',(0.000178116497737219,-0.0321945,0.0333273208751163));
#10152=CARTESIAN_POINT('',(0.000725279039148226,-0.0318135,0.0340885651363922));
#10153=CARTESIAN_POINT('',(0.000725279039148226,-0.0321945,0.0340885651363922));
#10154=CARTESIAN_POINT('',(0.0011963260446708,-0.0318135,0.0346878894126162));
#10155=CARTESIAN_POINT('',(0.0011963260446708,-0.0321945,0.0346878894126162));
#10156=CARTESIAN_POINT('',(0.00162022704044614,-0.0318135,0.0351945891472282));
#10157=CARTESIAN_POINT('',(0.00162022704044614,-0.0321945,0.0351945891472282));
#10158=CARTESIAN_POINT('',(0.00187408633745604,-0.0318135,0.0354803381467765));
#10159=CARTESIAN_POINT('',(0.00187408633745604,-0.0321945,0.0354803381467765));
#10160=CARTESIAN_POINT('',(0.00211268895850726,-0.0318135,0.0356379623526576));
#10161=CARTESIAN_POINT('',(0.00211268895850726,-0.0321945,0.0356379623526576));
#10162=CARTESIAN_POINT('',(0.00232708729711293,-0.0318135,0.0357206441742056));
#10163=CARTESIAN_POINT('',(0.00232708729711293,-0.0321945,0.0357206441742056));
#10164=CARTESIAN_POINT('',(0.00243254536304142,-0.0318135,0.0357611869048567));
#10165=CARTESIAN_POINT('',(0.00243254536304142,-0.0321945,0.0357611869048567));
#10166=CARTESIAN_POINT('',(0.00410829717293381,-0.0318135,0.0355501398444176));
#10167=CARTESIAN_POINT('',(0.00410829717293381,-0.0321945,0.0355501398444176));
#10168=CARTESIAN_POINT('',(0.00407246681680033,-0.0318135,0.0355334692449059));
#10169=CARTESIAN_POINT('',(0.00407246681680033,-0.0321945,0.0355334692449059));
#10170=CARTESIAN_POINT('',(0.00395743449348466,-0.0318135,0.0354799487667461));
#10171=CARTESIAN_POINT('',(0.00395743449348466,-0.0321945,0.0354799487667461));
#10172=CARTESIAN_POINT('',(0.00345813845896752,-0.0318135,0.0349153059576679));
#10173=CARTESIAN_POINT('',(0.00345813845896752,-0.0321945,0.0349153059576679));
#10174=CARTESIAN_POINT('',(0.00296600041996103,-0.0318135,0.0341946525390528));
#10175=CARTESIAN_POINT('',(0.00296600041996103,-0.0321945,0.0341946525390528));
#10176=CARTESIAN_POINT('',(0.00238914502735455,-0.0318135,0.0331893710061557));
#10177=CARTESIAN_POINT('',(0.00238914502735455,-0.0321945,0.0331893710061557));
#10178=CARTESIAN_POINT('',(0.00214639111498463,-0.0318135,0.0326999349758138));
#10179=CARTESIAN_POINT('',(0.00214639111498463,-0.0321945,0.0326999349758138));
#10180=CARTESIAN_POINT('',(0.00203640794109456,-0.0318135,0.0324781888976244));
#10181=CARTESIAN_POINT('',(0.00203640794109456,-0.0321945,0.0324781888976244));
#10182=CARTESIAN_POINT('',(-0.00221458555665963,-0.0315595,0.0265190097));
#10183=CARTESIAN_POINT('',(0.00205019372515381,-0.0315595,0.0346079170703888));
#10184=CARTESIAN_POINT('',(0.00205019372515381,-0.0315595,0.0342304581711983));
#10185=CARTESIAN_POINT('',(0.00205019372515381,-0.0315595,0.0346079170703888));
#10186=CARTESIAN_POINT('',(-0.016501808304367,0.00476272228439003,0.000381));
#10187=CARTESIAN_POINT('',(-0.016501808304367,0.00476272228439003,5.42101086242752E-20));
#10188=CARTESIAN_POINT('',(-0.0164960443088156,0.00456502349409556,0.000381));
#10189=CARTESIAN_POINT('',(-0.0164960443088156,0.00456502349409556,5.42101086242752E-20));
#10190=CARTESIAN_POINT('',(-0.0164858715231913,0.00416968695741254,0.000381));
#10191=CARTESIAN_POINT('',(-0.0164858715231913,0.00416968695741254,1.0842021724855E-19));
#10192=CARTESIAN_POINT('',(-0.0164402351655407,0.0037150529345841,0.000381));
#10193=CARTESIAN_POINT('',(-0.0164402351655407,0.0037150529345841,0.));
#10194=CARTESIAN_POINT('',(-0.0163862190361133,0.00325264983128368,0.000381));
#10195=CARTESIAN_POINT('',(-0.0163862190361133,0.00325264983128368,2.16840434497101E-19));
#10196=CARTESIAN_POINT('',(-0.0162988573032577,0.00238575743288526,0.000381));
#10197=CARTESIAN_POINT('',(-0.0162988573032577,0.00238575743288526,-1.0842021724855E-19));
#10198=CARTESIAN_POINT('',(-0.0160390262756572,0.00104195418824716,0.000381));
#10199=CARTESIAN_POINT('',(-0.0160390262756572,0.00104195418824716,3.25260651745651E-19));
#10200=CARTESIAN_POINT('',(-0.0156618934693614,-0.00041939329523073,0.000381));
#10201=CARTESIAN_POINT('',(-0.0156618934693614,-0.00041939329523073,0.));
#10202=CARTESIAN_POINT('',(-0.0153251651152544,-0.00151475768139992,0.000381));
#10203=CARTESIAN_POINT('',(-0.0153251651152544,-0.00151475768139992,0.));
#10204=CARTESIAN_POINT('',(-0.0149205118807105,-0.00263669766653655,0.000381));
#10205=CARTESIAN_POINT('',(-0.0149205118807105,-0.00263669766653655,5.42101086242752E-20));
#10206=CARTESIAN_POINT('',(-0.0142620764450374,-0.00420468968029304,0.000381));
#10207=CARTESIAN_POINT('',(-0.0142620764450374,-0.00420468968029304,5.42101086242752E-20));
#10208=CARTESIAN_POINT('',(-0.013482652307056,-0.00578799212574534,0.000381));
#10209=CARTESIAN_POINT('',(-0.013482652307056,-0.00578799212574534,2.16840434497101E-19));
#10210=CARTESIAN_POINT('',(-0.0129651937937399,-0.00688628868541735,0.000381));
#10211=CARTESIAN_POINT('',(-0.0129651937937399,-0.00688628868541735,-1.0842021724855E-19));
#10212=CARTESIAN_POINT('',(-0.0127565514670307,-0.00726500141697902,0.000381));
#10213=CARTESIAN_POINT('',(-0.0127565514670307,-0.00726500141697902,1.0842021724855E-19));
#10214=CARTESIAN_POINT('',(-0.0126145075170856,-0.0072896481013593,0.000381));
#10215=CARTESIAN_POINT('',(-0.0126145075170856,-0.0072896481013593,5.42101086242752E-20));
#10216=CARTESIAN_POINT('',(-0.0124820579277587,-0.00732892627895203,0.000381));
#10217=CARTESIAN_POINT('',(-0.0124820579277587,-0.00732892627895203,1.62630325872826E-19));
#10218=CARTESIAN_POINT('',(-0.0123982000394709,-0.00725440721992056,0.000381));
#10219=CARTESIAN_POINT('',(-0.0123982000394709,-0.00725440721992056,0.));
#10220=CARTESIAN_POINT('',(-0.0123881944607376,-0.00722772396034368,0.000381));
#10221=CARTESIAN_POINT('',(-0.0123881944607376,-0.00722772396034368,5.42101086242752E-20));
#10222=CARTESIAN_POINT('',(-0.0123886652290821,-0.0071869739331305,0.000381));
#10223=CARTESIAN_POINT('',(-0.0123886652290821,-0.0071869739331305,5.42101086242752E-20));
#10224=CARTESIAN_POINT('',(-0.016501808304367,0.00476272228439003,0.000381));
#10225=CARTESIAN_POINT('',(-0.016501808304367,0.00476272228439003,0.000381));
#10226=CARTESIAN_POINT('',(-0.016501808304367,0.00476272228439003,0.000381));
#10227=CARTESIAN_POINT('',(-0.0164938621173456,0.00449017669555779,0.000381));
#10228=CARTESIAN_POINT('',(-0.0164795538920228,0.00399942014380349,0.000381));
#10229=CARTESIAN_POINT('',(-0.0164005145996013,0.00344195146270679,0.000381));
#10230=CARTESIAN_POINT('',(-0.0163145149355933,0.00239102886498868,0.000381));
#10231=CARTESIAN_POINT('',(-0.0157891500391725,-0.000152039694729981,0.000381));
#10232=CARTESIAN_POINT('',(-0.0147711177223056,-0.00321892827034714,0.000381));
#10233=CARTESIAN_POINT('',(-0.0132267819438309,-0.00629884472937742,0.000381));
#10234=CARTESIAN_POINT('',(-0.0127834530974076,-0.00727419977283164,0.000381));
#10235=CARTESIAN_POINT('',(-0.0125935156699572,-0.00729255680371567,0.000381));
#10236=CARTESIAN_POINT('',(-0.0124492944537517,-0.00732787461151404,0.000381));
#10237=CARTESIAN_POINT('',(-0.0123949857625639,-0.00723736766439127,0.000381));
#10238=CARTESIAN_POINT('',(-0.0123883118814509,-0.0072175599437547,0.000381));
#10239=CARTESIAN_POINT('',(-0.0123886652290821,-0.0071869739331305,0.000381));
#10240=CARTESIAN_POINT('',(-0.0123886652290821,-0.0071869739331305,0.000381));
#10241=CARTESIAN_POINT('',(-0.0123886652290821,-0.0071869739331305,0.000381));
#10242=CARTESIAN_POINT('',(-0.0160018148590016,0.00476272228439003,0.000381));
#10243=CARTESIAN_POINT('',(-0.0155018214136362,0.00476272228439003,0.000381));
#10244=CARTESIAN_POINT('',(-0.0155018214136362,0.00476272228439003,0.000381));
#10245=CARTESIAN_POINT('',(-0.0160018148590016,0.00476272228439003,0.000381));
#10246=CARTESIAN_POINT('',(-0.0154395727440715,0.00301874079741538,0.000381));
#10247=CARTESIAN_POINT('',(-0.0154395727440715,0.00301874079741538,0.));
#10248=CARTESIAN_POINT('',(-0.0154380109916504,0.0031052315581921,0.000381));
#10249=CARTESIAN_POINT('',(-0.0154380109916504,0.0031052315581921,0.));
#10250=CARTESIAN_POINT('',(-0.0154331297980467,0.00337555490942335,0.000381));
#10251=CARTESIAN_POINT('',(-0.0154331297980467,0.00337555490942335,0.));
#10252=CARTESIAN_POINT('',(-0.0154740165200363,0.00420122666465295,0.000381));
#10253=CARTESIAN_POINT('',(-0.0154740165200363,0.00420122666465295,0.));
#10254=CARTESIAN_POINT('',(-0.0155018214136362,0.00476272228439003,0.000381));
#10255=CARTESIAN_POINT('',(-0.0155018214136362,0.00476272228439003,0.));
#10256=CARTESIAN_POINT('',(-0.0154395727440715,0.00301874079741538,0.000381));
#10257=CARTESIAN_POINT('',(-0.0154395727440715,0.00301874079741538,0.000381));
#10258=CARTESIAN_POINT('',(-0.0154395727440715,0.00301874079741538,0.000381));
#10259=CARTESIAN_POINT('',(-0.0154380109916504,0.0031052315581921,0.000381));
#10260=CARTESIAN_POINT('',(-0.0154331297980467,0.00337555490942335,0.000381));
#10261=CARTESIAN_POINT('',(-0.0154740165200363,0.00420122666465295,0.000381));
#10262=CARTESIAN_POINT('',(-0.0155018214136362,0.00476272228439003,0.000381));
#10263=CARTESIAN_POINT('',(0.0190094653517008,-0.00383066548965871,0.000381));
#10264=CARTESIAN_POINT('',(0.0190094653517008,-0.00383066548965871,-3.79470760369927E-19));
#10265=CARTESIAN_POINT('',(0.0190160309947133,-0.0038287245532871,0.000381));
#10266=CARTESIAN_POINT('',(0.0190160309947133,-0.0038287245532871,-3.79470760369927E-19));
#10267=CARTESIAN_POINT('',(0.0190314771504193,-0.0038241583584218,0.000381));
#10268=CARTESIAN_POINT('',(0.0190314771504193,-0.0038241583584218,-3.79470760369927E-19));
#10269=CARTESIAN_POINT('',(0.019053441765326,-0.00378836607190174,0.000381));
#10270=CARTESIAN_POINT('',(0.019053441765326,-0.00378836607190174,-3.79470760369927E-19));
#10271=CARTESIAN_POINT('',(0.0190587123807058,-0.00371070988206842,0.000381));
#10272=CARTESIAN_POINT('',(0.0190587123807058,-0.00371070988206842,-3.79470760369927E-19));
#10273=CARTESIAN_POINT('',(0.0188842827757938,-0.00357394172623057,0.000381));
#10274=CARTESIAN_POINT('',(0.0188842827757938,-0.00357394172623057,-3.79470760369927E-19));
#10275=CARTESIAN_POINT('',(0.0178836513979632,-0.00264802565436855,0.000381));
#10276=CARTESIAN_POINT('',(0.0178836513979632,-0.00264802565436855,-3.79470760369927E-19));
#10277=CARTESIAN_POINT('',(0.0157888158890497,-0.000913390532810909,0.000381));
#10278=CARTESIAN_POINT('',(0.0157888158890497,-0.000913390532810909,-3.79470760369927E-19));
#10279=CARTESIAN_POINT('',(0.0123184733080819,0.0015433313785879,0.000381));
#10280=CARTESIAN_POINT('',(0.0123184733080819,0.0015433313785879,-3.79470760369927E-19));
#10281=CARTESIAN_POINT('',(0.0107157796228118,0.00223046816578798,0.000381));
#10282=CARTESIAN_POINT('',(0.0107157796228118,0.00223046816578798,-3.79470760369927E-19));
#10283=CARTESIAN_POINT('',(0.00927896581236131,0.00288785311267194,0.000381));
#10284=CARTESIAN_POINT('',(0.00927896581236131,0.00288785311267194,-3.79470760369927E-19));
#10285=CARTESIAN_POINT('',(0.00679523056394178,0.0038303336805899,0.000381));
#10286=CARTESIAN_POINT('',(0.00679523056394178,0.0038303336805899,-3.79470760369927E-19));
#10287=CARTESIAN_POINT('',(0.00206258998489531,0.00359595173107661,0.000381));
#10288=CARTESIAN_POINT('',(0.00206258998489531,0.00359595173107661,-3.79470760369927E-19));
#10289=CARTESIAN_POINT('',(-0.00227492210354227,0.00280971787352837,0.000381));
#10290=CARTESIAN_POINT('',(-0.00227492210354227,0.00280971787352837,-3.79470760369927E-19));
#10291=CARTESIAN_POINT('',(-0.00697711749676842,0.00138608166449898,0.000381));
#10292=CARTESIAN_POINT('',(-0.00697711749676842,0.00138608166449898,-3.79470760369927E-19));
#10293=CARTESIAN_POINT('',(-0.0097772666359901,0.000538408903047389,0.000381));
#10294=CARTESIAN_POINT('',(-0.0097772666359901,0.000538408903047389,-3.79470760369927E-19));
#10295=CARTESIAN_POINT('',(-0.0119745905143844,0.000124454589190995,0.000381));
#10296=CARTESIAN_POINT('',(-0.0119745905143844,0.000124454589190995,-3.79470760369927E-19));
#10297=CARTESIAN_POINT('',(-0.0135075458837259,4.73165076709792E-5,0.000381));
#10298=CARTESIAN_POINT('',(-0.0135075458837259,4.73165076709792E-5,-3.79470760369927E-19));
#10299=CARTESIAN_POINT('',(-0.0143818900282998,0.000143686735529415,0.000381));
#10300=CARTESIAN_POINT('',(-0.0143818900282998,0.000143686735529415,-3.79470760369927E-19));
#10301=CARTESIAN_POINT('',(-0.01511206731692,8.06072994904426E-5,0.000381));
#10302=CARTESIAN_POINT('',(-0.01511206731692,8.06072994904426E-5,-3.79470760369927E-19));
#10303=CARTESIAN_POINT('',(-0.0151004497067174,0.0004905376811333,0.000381));
#10304=CARTESIAN_POINT('',(-0.0151004497067174,0.0004905376811333,-3.79470760369927E-19));
#10305=CARTESIAN_POINT('',(-0.0153062470714701,0.00153590817550952,0.000381));
#10306=CARTESIAN_POINT('',(-0.0153062470714701,0.00153590817550952,-3.79470760369927E-19));
#10307=CARTESIAN_POINT('',(-0.015392316518611,0.00249316255480395,0.000381));
#10308=CARTESIAN_POINT('',(-0.015392316518611,0.00249316255480395,-3.79470760369927E-19));
#10309=CARTESIAN_POINT('',(-0.0154395727440715,0.00301874079741538,0.000381));
#10310=CARTESIAN_POINT('',(-0.0154395727440715,0.00301874079741538,-3.79470760369927E-19));
#10311=CARTESIAN_POINT('',(0.0190094653517008,-0.00383066548965871,0.000381));
#10312=CARTESIAN_POINT('',(0.0190094653517008,-0.00383066548965871,0.000381));
#10313=CARTESIAN_POINT('',(0.0190094653517008,-0.00383066548965871,0.000381));
#10314=CARTESIAN_POINT('',(0.0190160309947133,-0.0038287245532871,0.000381));
#10315=CARTESIAN_POINT('',(0.0190314771504193,-0.0038241583584218,0.000381));
#10316=CARTESIAN_POINT('',(0.019053441765326,-0.00378836607190174,0.000381));
#10317=CARTESIAN_POINT('',(0.0190587123807058,-0.00371070988206842,0.000381));
#10318=CARTESIAN_POINT('',(0.0188842827757938,-0.00357394172623057,0.000381));
#10319=CARTESIAN_POINT('',(0.0178836513979632,-0.00264802565436855,0.000381));
#10320=CARTESIAN_POINT('',(0.0157888158890497,-0.000913390532810909,0.000381));
#10321=CARTESIAN_POINT('',(0.0123184733080819,0.0015433313785879,0.000381));
#10322=CARTESIAN_POINT('',(0.0107157796228118,0.00223046816578798,0.000381));
#10323=CARTESIAN_POINT('',(0.00927896581236131,0.00288785311267194,0.000381));
#10324=CARTESIAN_POINT('',(0.00679523056394178,0.0038303336805899,0.000381));
#10325=CARTESIAN_POINT('',(0.00206258998489531,0.00359595173107661,0.000381));
#10326=CARTESIAN_POINT('',(-0.00227492210354227,0.00280971787352837,0.000381));
#10327=CARTESIAN_POINT('',(-0.00697711749676842,0.00138608166449898,0.000381));
#10328=CARTESIAN_POINT('',(-0.0097772666359901,0.000538408903047389,0.000381));
#10329=CARTESIAN_POINT('',(-0.0119745905143844,0.000124454589190995,0.000381));
#10330=CARTESIAN_POINT('',(-0.0135075458837259,4.73165076709792E-5,0.000381));
#10331=CARTESIAN_POINT('',(-0.0143818900282998,0.000143686735529415,0.000381));
#10332=CARTESIAN_POINT('',(-0.01511206731692,8.06072994904426E-5,0.000381));
#10333=CARTESIAN_POINT('',(-0.0151004497067174,0.0004905376811333,0.000381));
#10334=CARTESIAN_POINT('',(-0.0153062470714701,0.00153590817550952,0.000381));
#10335=CARTESIAN_POINT('',(-0.015392316518611,0.00249316255480395,0.000381));
#10336=CARTESIAN_POINT('',(-0.0154395727440715,0.00301874079741538,0.000381));
#10337=CARTESIAN_POINT('',(0.0173680186271668,-0.00383066548965871,0.000381));
#10338=CARTESIAN_POINT('',(0.0157265719026327,-0.00383066548965871,0.000381));
#10339=CARTESIAN_POINT('',(0.0157265719026327,-0.00383066548965871,0.000381));
#10340=CARTESIAN_POINT('',(0.0173680186271668,-0.00383066548965871,0.000381));
#10341=CARTESIAN_POINT('',(0.0157265719026327,-0.00385602796450257,0.000381));
#10342=CARTESIAN_POINT('',(0.0157265719026327,-0.00388139043934644,0.000381));
#10343=CARTESIAN_POINT('',(0.0157265719026327,-0.00388139043934644,0.000381));
#10344=CARTESIAN_POINT('',(0.0157265719026327,-0.00385602796450257,0.000381));
#10345=CARTESIAN_POINT('',(-0.00277733174152673,-0.00632707541808486,0.000381));
#10346=CARTESIAN_POINT('',(-0.00277733174152673,-0.00632707541808486,-4.87890977618477E-19));
#10347=CARTESIAN_POINT('',(-0.00267196375809495,-0.00628535502909352,0.000381));
#10348=CARTESIAN_POINT('',(-0.00267196375809495,-0.00628535502909352,-4.87890977618477E-19));
#10349=CARTESIAN_POINT('',(-0.00244045697097976,-0.00619369005745784,0.000381));
#10350=CARTESIAN_POINT('',(-0.00244045697097976,-0.00619369005745784,-4.87890977618477E-19));
#10351=CARTESIAN_POINT('',(-0.00195189736530223,-0.00598121533409003,0.000381));
#10352=CARTESIAN_POINT('',(-0.00195189736530223,-0.00598121533409003,-4.87890977618477E-19));
#10353=CARTESIAN_POINT('',(-0.00147870635616918,-0.00577764481595967,0.000381));
#10354=CARTESIAN_POINT('',(-0.00147870635616918,-0.00577764481595967,-4.87890977618477E-19));
#10355=CARTESIAN_POINT('',(-0.000450714794571241,-0.0053420498175301,0.000381));
#10356=CARTESIAN_POINT('',(-0.000450714794571241,-0.0053420498175301,-4.87890977618477E-19));
#10357=CARTESIAN_POINT('',(0.000714127542305892,-0.00465514957942493,0.000381));
#10358=CARTESIAN_POINT('',(0.000714127542305892,-0.00465514957942493,-4.87890977618477E-19));
#10359=CARTESIAN_POINT('',(0.00241999914591323,-0.00426794505425425,0.000381));
#10360=CARTESIAN_POINT('',(0.00241999914591323,-0.00426794505425425,-4.87890977618477E-19));
#10361=CARTESIAN_POINT('',(0.00322894926213799,-0.00407624765974502,0.000381));
#10362=CARTESIAN_POINT('',(0.00322894926213799,-0.00407624765974502,-4.87890977618477E-19));
#10363=CARTESIAN_POINT('',(0.00411194929756463,-0.00388470587964669,0.000381));
#10364=CARTESIAN_POINT('',(0.00411194929756463,-0.00388470587964669,-4.87890977618477E-19));
#10365=CARTESIAN_POINT('',(0.00502182270686824,-0.00382650667704237,0.000381));
#10366=CARTESIAN_POINT('',(0.00502182270686824,-0.00382650667704237,-4.87890977618477E-19));
#10367=CARTESIAN_POINT('',(0.00583462954394881,-0.00378862018081244,0.000381));
#10368=CARTESIAN_POINT('',(0.00583462954394881,-0.00378862018081244,-4.87890977618477E-19));
#10369=CARTESIAN_POINT('',(0.00684004435138394,-0.00372292534855944,0.000381));
#10370=CARTESIAN_POINT('',(0.00684004435138394,-0.00372292534855944,-4.87890977618477E-19));
#10371=CARTESIAN_POINT('',(0.00869467705169509,-0.00387003973397198,0.000381));
#10372=CARTESIAN_POINT('',(0.00869467705169509,-0.00387003973397198,-4.87890977618477E-19));
#10373=CARTESIAN_POINT('',(0.0108888940541291,-0.00423825743386815,0.000381));
#10374=CARTESIAN_POINT('',(0.0108888940541291,-0.00423825743386815,-4.87890977618477E-19));
#10375=CARTESIAN_POINT('',(0.012902344769843,-0.00491557132341474,0.000381));
#10376=CARTESIAN_POINT('',(0.012902344769843,-0.00491557132341474,-4.87890977618477E-19));
#10377=CARTESIAN_POINT('',(0.0146592863728728,-0.00544276250513244,0.000381));
#10378=CARTESIAN_POINT('',(0.0146592863728728,-0.00544276250513244,-4.87890977618477E-19));
#10379=CARTESIAN_POINT('',(0.0170026394125783,-0.0069427360213541,0.000381));
#10380=CARTESIAN_POINT('',(0.0170026394125783,-0.0069427360213541,-4.87890977618477E-19));
#10381=CARTESIAN_POINT('',(0.0172228592261494,-0.00680682843424146,0.000381));
#10382=CARTESIAN_POINT('',(0.0172228592261494,-0.00680682843424146,-4.87890977618477E-19));
#10383=CARTESIAN_POINT('',(0.0171596407516024,-0.00664540743635941,0.000381));
#10384=CARTESIAN_POINT('',(0.0171596407516024,-0.00664540743635941,-4.87890977618477E-19));
#10385=CARTESIAN_POINT('',(0.0169315604053044,-0.00633815784195276,0.000381));
#10386=CARTESIAN_POINT('',(0.0169315604053044,-0.00633815784195276,-4.87890977618477E-19));
#10387=CARTESIAN_POINT('',(0.0162415112604972,-0.00493126454678844,0.000381));
#10388=CARTESIAN_POINT('',(0.0162415112604972,-0.00493126454678844,-4.87890977618477E-19));
#10389=CARTESIAN_POINT('',(0.0157265719026327,-0.00388139043934644,0.000381));
#10390=CARTESIAN_POINT('',(0.0157265719026327,-0.00388139043934644,-4.87890977618477E-19));
#10391=CARTESIAN_POINT('',(-0.00277733174152673,-0.00632707541808486,0.000381));
#10392=CARTESIAN_POINT('',(-0.00277733174152673,-0.00632707541808486,0.000381));
#10393=CARTESIAN_POINT('',(-0.00277733174152673,-0.00632707541808486,0.000381));
#10394=CARTESIAN_POINT('',(-0.00267196375809495,-0.00628535502909352,0.000381));
#10395=CARTESIAN_POINT('',(-0.00244045697097976,-0.00619369005745784,0.000381));
#10396=CARTESIAN_POINT('',(-0.00195189736530223,-0.00598121533409003,0.000381));
#10397=CARTESIAN_POINT('',(-0.00147870635616918,-0.00577764481595967,0.000381));
#10398=CARTESIAN_POINT('',(-0.000450714794571241,-0.0053420498175301,0.000381));
#10399=CARTESIAN_POINT('',(0.000714127542305892,-0.00465514957942493,0.000381));
#10400=CARTESIAN_POINT('',(0.00241999914591323,-0.00426794505425425,0.000381));
#10401=CARTESIAN_POINT('',(0.00322894926213799,-0.00407624765974502,0.000381));
#10402=CARTESIAN_POINT('',(0.00411194929756463,-0.00388470587964669,0.000381));
#10403=CARTESIAN_POINT('',(0.00502182270686824,-0.00382650667704237,0.000381));
#10404=CARTESIAN_POINT('',(0.00583462954394881,-0.00378862018081244,0.000381));
#10405=CARTESIAN_POINT('',(0.00684004435138394,-0.00372292534855944,0.000381));
#10406=CARTESIAN_POINT('',(0.00869467705169509,-0.00387003973397198,0.000381));
#10407=CARTESIAN_POINT('',(0.0108888940541291,-0.00423825743386815,0.000381));
#10408=CARTESIAN_POINT('',(0.012902344769843,-0.00491557132341474,0.000381));
#10409=CARTESIAN_POINT('',(0.0146592863728728,-0.00544276250513244,0.000381));
#10410=CARTESIAN_POINT('',(0.0170026394125783,-0.0069427360213541,0.000381));
#10411=CARTESIAN_POINT('',(0.0172228592261494,-0.00680682843424146,0.000381));
#10412=CARTESIAN_POINT('',(0.0171596407516024,-0.00664540743635941,0.000381));
#10413=CARTESIAN_POINT('',(0.0169315604053044,-0.00633815784195276,0.000381));
#10414=CARTESIAN_POINT('',(0.0162415112604972,-0.00493126454678844,0.000381));
#10415=CARTESIAN_POINT('',(0.0157265719026327,-0.00388139043934644,0.000381));
#10416=CARTESIAN_POINT('',(-0.00536296190693975,-0.0071869739331305,0.000381));
#10417=CARTESIAN_POINT('',(-0.00536296190693975,-0.0071869739331305,5.42101086242752E-20));
#10418=CARTESIAN_POINT('',(-0.00521633028413854,-0.007141616148183,0.000381));
#10419=CARTESIAN_POINT('',(-0.00521633028413854,-0.007141616148183,5.42101086242752E-20));
#10420=CARTESIAN_POINT('',(-0.00504089390429606,-0.00708940607895863,0.000381));
#10421=CARTESIAN_POINT('',(-0.00504089390429606,-0.00708940607895863,1.62630325872826E-19));
#10422=CARTESIAN_POINT('',(-0.00430671834132078,-0.00685274965076374,0.000381));
#10423=CARTESIAN_POINT('',(-0.00430671834132078,-0.00685274965076374,0.));
#10424=CARTESIAN_POINT('',(-0.00386292313411159,-0.00670973899000009,0.000381));
#10425=CARTESIAN_POINT('',(-0.00386292313411159,-0.00670973899000009,5.42101086242752E-20));
#10426=CARTESIAN_POINT('',(-0.00357908059243683,-0.00661773790289461,0.000381));
#10427=CARTESIAN_POINT('',(-0.00357908059243683,-0.00661773790289461,-5.42101086242752E-20));
#10428=CARTESIAN_POINT('',(-0.00326097383420881,-0.00650383175076791,0.000381));
#10429=CARTESIAN_POINT('',(-0.00326097383420881,-0.00650383175076791,5.42101086242752E-20));
#10430=CARTESIAN_POINT('',(-0.00277733174152673,-0.00632707541808486,0.000381));
#10431=CARTESIAN_POINT('',(-0.00277733174152673,-0.00632707541808486,5.42101086242752E-20));
#10432=CARTESIAN_POINT('',(-0.00536296190693975,-0.0071869739331305,0.000381));
#10433=CARTESIAN_POINT('',(-0.00536296190693975,-0.0071869739331305,0.000381));
#10434=CARTESIAN_POINT('',(-0.00536296190693975,-0.0071869739331305,0.000381));
#10435=CARTESIAN_POINT('',(-0.0052337106264294,-0.0071469924361411,0.000381));
#10436=CARTESIAN_POINT('',(-0.00502974304651452,-0.00708654886445144,0.000381));
#10437=CARTESIAN_POINT('',(-0.0037013314155074,-0.00665705192658901,0.000381));
#10438=CARTESIAN_POINT('',(-0.00354817255615555,-0.00660879406403772,0.000381));
#10439=CARTESIAN_POINT('',(-0.00277733174152673,-0.00632707541808486,0.000381));
#10440=CARTESIAN_POINT('',(-0.0123886652290821,-0.0071869739331305,0.000381));
#10441=CARTESIAN_POINT('',(-0.0123886652290821,-0.0071869739331305,-5.42101086242752E-20));
#10442=CARTESIAN_POINT('',(-0.0123366238991724,-0.00720339764410376,0.000381));
#10443=CARTESIAN_POINT('',(-0.0123366238991724,-0.00720339764410376,-5.42101086242752E-20));
#10444=CARTESIAN_POINT('',(-0.0122292598333739,-0.00713522370829236,0.000381));
#10445=CARTESIAN_POINT('',(-0.0122292598333739,-0.00713522370829236,-5.42101086242752E-20));
#10446=CARTESIAN_POINT('',(-0.0120313082072771,-0.00725942918637725,0.000381));
#10447=CARTESIAN_POINT('',(-0.0120313082072771,-0.00725942918637725,1.0842021724855E-19));
#10448=CARTESIAN_POINT('',(-0.0116680039413071,-0.0074164178432593,0.000381));
#10449=CARTESIAN_POINT('',(-0.0116680039413071,-0.0074164178432593,-2.16840434497101E-19));
#10450=CARTESIAN_POINT('',(-0.0111634034057272,-0.00753144459234985,0.000381));
#10451=CARTESIAN_POINT('',(-0.0111634034057272,-0.00753144459234985,5.42101086242752E-20));
#10452=CARTESIAN_POINT('',(-0.0106753104979639,-0.00761346497299005,0.000381));
#10453=CARTESIAN_POINT('',(-0.0106753104979639,-0.00761346497299005,-1.0842021724855E-19));
#10454=CARTESIAN_POINT('',(-0.0103608014513287,-0.00765116453290371,0.000381));
#10455=CARTESIAN_POINT('',(-0.0103608014513287,-0.00765116453290371,5.42101086242752E-20));
#10456=CARTESIAN_POINT('',(-0.0100730758076437,-0.00766887038949804,0.000381));
#10457=CARTESIAN_POINT('',(-0.0100730758076437,-0.00766887038949804,0.));
#10458=CARTESIAN_POINT('',(-0.00961166614667767,-0.00769500278681337,0.000381));
#10459=CARTESIAN_POINT('',(-0.00961166614667767,-0.00769500278681337,-1.62630325872826E-19));
#10460=CARTESIAN_POINT('',(-0.00905620841227034,-0.00771467539473575,0.000381));
#10461=CARTESIAN_POINT('',(-0.00905620841227034,-0.00771467539473575,0.));
#10462=CARTESIAN_POINT('',(-0.00829775774517386,-0.00771203648517555,0.000381));
#10463=CARTESIAN_POINT('',(-0.00829775774517386,-0.00771203648517555,0.));
#10464=CARTESIAN_POINT('',(-0.0075094852392783,-0.00761657477327983,0.000381));
#10465=CARTESIAN_POINT('',(-0.0075094852392783,-0.00761657477327983,-5.42101086242752E-20));
#10466=CARTESIAN_POINT('',(-0.00656699711226308,-0.00743348764152018,0.000381));
#10467=CARTESIAN_POINT('',(-0.00656699711226308,-0.00743348764152018,-1.0842021724855E-19));
#10468=CARTESIAN_POINT('',(-0.00580606536957647,-0.00727721906026123,0.000381));
#10469=CARTESIAN_POINT('',(-0.00580606536957647,-0.00727721906026123,-5.42101086242752E-20));
#10470=CARTESIAN_POINT('',(-0.00536296190693975,-0.0071869739331305,0.000381));
#10471=CARTESIAN_POINT('',(-0.00536296190693975,-0.0071869739331305,-5.42101086242752E-20));
#10472=CARTESIAN_POINT('',(-0.0123886652290821,-0.0071869739331305,0.000381));
#10473=CARTESIAN_POINT('',(-0.0123394333905977,-0.00720251099737066,0.000381));
#10474=CARTESIAN_POINT('',(-0.0122065445984773,-0.00712061958378297,0.000381));
#10475=CARTESIAN_POINT('',(-0.0118493733439988,-0.00741223277819765,0.000381));
#10476=CARTESIAN_POINT('',(-0.0105991443246429,-0.00763557074495363,0.000381));
#10477=CARTESIAN_POINT('',(-0.0100600634962966,-0.00767088081222226,0.000381));
#10478=CARTESIAN_POINT('',(-0.00845248253611368,-0.00775831201749677,0.000381));
#10479=CARTESIAN_POINT('',(-0.0071071132566246,-0.00754791092885574,0.000381));
#10480=CARTESIAN_POINT('',(-0.00607597106076794,-0.007332189683307,0.000381));
#10481=CARTESIAN_POINT('',(-0.00536296190693975,-0.0071869739331305,0.000381));
#10482=CARTESIAN_POINT('',(0.00131238009563302,-0.00149779486655337,0.000381));
#10483=CARTESIAN_POINT('',(-0.0103837503120303,-0.00595028465613723,0.000381));
#10484=CARTESIAN_POINT('',(-0.0104490421442993,-0.00593410007200987,0.000381));
#10485=CARTESIAN_POINT('',(-0.0105909490745454,-0.00590540343023838,0.000381));
#10486=CARTESIAN_POINT('',(-0.0107968613572838,-0.00569136351106526,0.000381));
#10487=CARTESIAN_POINT('',(-0.0108712154640913,-0.005310077749074,0.000381));
#10488=CARTESIAN_POINT('',(-0.0109391964548428,-0.00488433857417108,0.000381));
#10489=CARTESIAN_POINT('',(-0.011074757908878,-0.00432899994480287,0.000381));
#10490=CARTESIAN_POINT('',(-0.0112559834121402,-0.00359655239999319,0.000381));
#10491=CARTESIAN_POINT('',(-0.0113763409351771,-0.00323676156771381,0.000381));
#10492=CARTESIAN_POINT('',(-0.0114982290148584,-0.00279002591949907,0.000381));
#10493=CARTESIAN_POINT('',(-0.0116414732301178,-0.0025277738788616,0.000381));
#10494=CARTESIAN_POINT('',(-0.0117088221524481,-0.00221135190902047,0.000381));
#10495=CARTESIAN_POINT('',(-0.0116969295617597,-0.00183575888064258,0.000381));
#10496=CARTESIAN_POINT('',(-0.0116102469331782,-0.00171238701395562,0.000381));
#10497=CARTESIAN_POINT('',(-0.0114838244903758,-0.00159942829569021,0.000381));
#10498=CARTESIAN_POINT('',(-0.0112524806966482,-0.00161913825569161,0.000381));
#10499=CARTESIAN_POINT('',(-0.0108143638688907,-0.00173091070929286,0.000381));
#10500=CARTESIAN_POINT('',(-0.0104045531463373,-0.00243789398840665,0.000381));
#10501=CARTESIAN_POINT('',(-0.0102136362936709,-0.00284894491561939,0.000381));
#10502=CARTESIAN_POINT('',(-0.0101214069873094,-0.00304751796647907,0.000381));
#10503=CARTESIAN_POINT('',(-0.0103837503120303,-0.00595028465613723,0.000381));
#10504=CARTESIAN_POINT('',(-0.0101214069873095,-0.00304751796647907,0.000381));
#10505=CARTESIAN_POINT('',(-0.0103690545074642,-0.00595028465613723,0.000381));
#10506=CARTESIAN_POINT('',(-0.010354358702898,-0.00595028465613723,0.000381));
#10507=CARTESIAN_POINT('',(-0.00972746033221483,-0.00440903194248676,0.000381));
#10508=CARTESIAN_POINT('',(-0.00970572804392821,-0.00448230092189444,0.000381));
#10509=CARTESIAN_POINT('',(-0.00964984263600722,-0.00466957222868572,0.000381));
#10510=CARTESIAN_POINT('',(-0.00968265689473384,-0.00527397063227356,0.000381));
#10511=CARTESIAN_POINT('',(-0.00996618311718157,-0.00582993078968357,0.000381));
#10512=CARTESIAN_POINT('',(-0.010241976784061,-0.005909633854411,0.000381));
#10513=CARTESIAN_POINT('',(-0.010354358702898,-0.00595028465613723,0.000381));
#10514=CARTESIAN_POINT('',(-0.00972746033221483,-0.00440903194248676,0.000381));
#10515=CARTESIAN_POINT('',(-0.00975611619651318,-0.00424367957748472,0.000381));
#10516=CARTESIAN_POINT('',(-0.00978477206081152,-0.00407832721248269,0.000381));
#10517=CARTESIAN_POINT('',(-0.00929563166573644,-0.00388201442547143,0.000381));
#10518=CARTESIAN_POINT('',(-0.00880649127066135,-0.00368570163846016,0.000381));
#10519=CARTESIAN_POINT('',(-0.00751855690032244,-0.00352246197871864,0.000381));
#10520=CARTESIAN_POINT('',(-0.00749401281378989,-0.00361002042570991,0.000381));
#10521=CARTESIAN_POINT('',(-0.00742890006515434,-0.00384230330746645,0.000381));
#10522=CARTESIAN_POINT('',(-0.00722319710706222,-0.00471668322201957,0.000381));
#10523=CARTESIAN_POINT('',(-0.00718977197376924,-0.00507345875553131,0.000381));
#10524=CARTESIAN_POINT('',(-0.00740569158719114,-0.00531847356417734,0.000381));
#10525=CARTESIAN_POINT('',(-0.00763522625124057,-0.00538134534261571,0.000381));
#10526=CARTESIAN_POINT('',(-0.00786126074458398,-0.00534584372098283,0.000381));
#10527=CARTESIAN_POINT('',(-0.00810164432499665,-0.00519449795089678,0.000381));
#10528=CARTESIAN_POINT('',(-0.008245820484776,-0.0048644443665335,0.000381));
#10529=CARTESIAN_POINT('',(-0.00850668892672713,-0.00437411021867771,0.000381));
#10530=CARTESIAN_POINT('',(-0.00872548521647051,-0.00391673921186853,0.000381));
#10531=CARTESIAN_POINT('',(-0.00878321114734838,-0.00375209893743494,0.000381));
#10532=CARTESIAN_POINT('',(-0.00880649127066135,-0.00368570163846016,0.000381));
#10533=CARTESIAN_POINT('',(-0.00751855690032244,-0.00352246197871864,0.000381));
#10534=CARTESIAN_POINT('',(-0.00786951137706637,-0.00244157225824892,0.000381));
#10535=CARTESIAN_POINT('',(-0.00822046585381031,-0.00136068253777921,0.000381));
#10536=CARTESIAN_POINT('',(-0.00895921420305967,-0.00260895444080234,0.000381));
#10537=CARTESIAN_POINT('',(-0.00896888904741998,-0.00256970686040456,0.000381));
#10538=CARTESIAN_POINT('',(-0.00899608156586861,-0.00245939598466485,0.000381));
#10539=CARTESIAN_POINT('',(-0.00906490505673123,-0.00200704248254241,0.000381));
#10540=CARTESIAN_POINT('',(-0.00920986153516381,-0.00143630710789087,0.000381));
#10541=CARTESIAN_POINT('',(-0.00924071972910187,-0.00114580456166555,0.000381));
#10542=CARTESIAN_POINT('',(-0.0091778404155349,-0.000982874200592702,0.000381));
#10543=CARTESIAN_POINT('',(-0.00906424746235453,-0.000842480133533934,0.000381));
#10544=CARTESIAN_POINT('',(-0.00888351666556057,-0.000840729865962462,0.000381));
#10545=CARTESIAN_POINT('',(-0.00855583519546188,-0.000879564868716193,0.000381));
#10546=CARTESIAN_POINT('',(-0.00836345622826883,-0.00113728979619349,0.000381));
#10547=CARTESIAN_POINT('',(-0.00826692197557774,-0.00128810450275856,0.000381));
#10548=CARTESIAN_POINT('',(-0.00822046585381031,-0.00136068253777921,0.000381));
#10549=CARTESIAN_POINT('',(-0.00895921420305967,-0.00260895444080234,0.000381));
#10550=CARTESIAN_POINT('',(-0.00954031059518456,-0.0028282362036407,0.000381));
#10551=CARTESIAN_POINT('',(-0.00207238597795368,0.000147268001455814,0.000381));
#10552=CARTESIAN_POINT('',(-0.00203652321310248,0.000165909295294335,0.000381));
#10553=CARTESIAN_POINT('',(-0.00196240759754172,0.000204434241245214,0.000381));
#10554=CARTESIAN_POINT('',(-0.0019079919908279,0.000329937889490133,0.000381));
#10555=CARTESIAN_POINT('',(-0.00189342824235199,0.000623042870213977,0.000381));
#10556=CARTESIAN_POINT('',(-0.00207169187091896,0.00073150497727961,0.000381));
#10557=CARTESIAN_POINT('',(-0.00216666249572161,0.000799951367497726,0.000381));
#10558=CARTESIAN_POINT('',(-0.00225941124371376,0.000867501862889566,0.000381));
#10559=CARTESIAN_POINT('',(-0.00244645568168733,0.000991617057605606,0.000381));
#10560=CARTESIAN_POINT('',(-0.00280774715572364,0.000914619270699748,0.000381));
#10561=CARTESIAN_POINT('',(-0.00308613417595636,0.000844082158086481,0.000381));
#10562=CARTESIAN_POINT('',(-0.00339075966491366,0.000642746023813852,0.000381));
#10563=CARTESIAN_POINT('',(-0.00359693730845257,0.000366751324930423,0.000381));
#10564=CARTESIAN_POINT('',(-0.00378887870070052,3.04089288859499E-6,0.000381));
#10565=CARTESIAN_POINT('',(-0.00383312971724623,-0.000401187710361151,0.000381));
#10566=CARTESIAN_POINT('',(-0.00384760005282824,-0.000890622475602939,0.000381));
#10567=CARTESIAN_POINT('',(-0.00382399509001013,-0.00148011784705876,0.000381));
#10568=CARTESIAN_POINT('',(-0.00357688762062598,-0.00225015722512257,0.000381));
#10569=CARTESIAN_POINT('',(-0.00337108339224557,-0.00282480679287386,0.000381));
#10570=CARTESIAN_POINT('',(-0.00282580746498077,-0.00351638642533603,0.000381));
#10571=CARTESIAN_POINT('',(-0.00236464701674285,-0.00377705848191933,0.000381));
#10572=CARTESIAN_POINT('',(-0.00176026671842558,-0.00376878937589463,0.000381));
#10573=CARTESIAN_POINT('',(-0.0014124655704442,-0.00371264408877529,0.000381));
#10574=CARTESIAN_POINT('',(-0.00106090425383783,-0.00335303217430341,0.000381));
#10575=CARTESIAN_POINT('',(-0.00105527101847606,-0.00294516314495019,0.000381));
#10576=CARTESIAN_POINT('',(-0.0010397618487739,-0.00271075327140145,0.000381));
#10577=CARTESIAN_POINT('',(-0.00123378614507756,-0.00257595735419693,0.000381));
#10578=CARTESIAN_POINT('',(-0.00134574776870483,-0.00258107174189581,0.000381));
#10579=CARTESIAN_POINT('',(-0.0013986867852509,-0.00258348998613655,0.000381));
#10580=CARTESIAN_POINT('',(-0.00207238597795368,0.000147268001455814,0.000381));
#10581=CARTESIAN_POINT('',(-0.0013986867852509,-0.00258348998613655,0.000381));
#10582=CARTESIAN_POINT('',(-0.0013986867852509,-0.00258348998613655,0.000381));
#10583=CARTESIAN_POINT('',(-0.0014498991745643,-0.00258945812694059,0.000381));
#10584=CARTESIAN_POINT('',(-0.00156138597025792,-0.00260245046929,0.000381));
#10585=CARTESIAN_POINT('',(-0.0017082039212711,-0.00277803854948754,0.000381));
#10586=CARTESIAN_POINT('',(-0.00176990301861549,-0.00289918495917587,0.000381));
#10587=CARTESIAN_POINT('',(-0.00198788030549806,-0.00288808458194288,0.000381));
#10588=CARTESIAN_POINT('',(-0.00215375684903634,-0.00287678925312381,0.000381));
#10589=CARTESIAN_POINT('',(-0.00225149833006142,-0.00274467881297747,0.000381));
#10590=CARTESIAN_POINT('',(-0.00236107807954859,-0.00262825366537743,0.000381));
#10591=CARTESIAN_POINT('',(-0.00248450699956266,-0.00243678467412343,0.000381));
#10592=CARTESIAN_POINT('',(-0.00261647092819191,-0.00212645566263336,0.000381));
#10593=CARTESIAN_POINT('',(-0.00267748141927021,-0.00199284246877723,0.000381));
#10594=CARTESIAN_POINT('',(-0.00282096513515362,-0.00158740829747834,0.000381));
#10595=CARTESIAN_POINT('',(-0.00286885855786253,-0.00138040497723021,0.000381));
#10596=CARTESIAN_POINT('',(-0.00292976400995935,-0.00105887208987867,0.000381));
#10597=CARTESIAN_POINT('',(-0.00298162427368949,-0.00069569113657171,0.000381));
#10598=CARTESIAN_POINT('',(-0.00292545617420487,-0.000387619266709796,0.000381));
#10599=CARTESIAN_POINT('',(-0.00285767059779748,-0.000203144846027917,0.000381));
#10600=CARTESIAN_POINT('',(-0.002802607928628,-0.000107882179496733,0.000381));
#10601=CARTESIAN_POINT('',(-0.00268959580506589,3.76961134537983E-5,0.000381));
#10602=CARTESIAN_POINT('',(-0.00256403241202802,8.62355429741929E-5,0.000381));
#10603=CARTESIAN_POINT('',(-0.0024777224035009,0.000146214841749487,0.000381));
#10604=CARTESIAN_POINT('',(-0.0022571506487215,0.000134968944820099,0.000381));
#10605=CARTESIAN_POINT('',(-0.00213287822445938,0.000143241270789699,0.000381));
#10606=CARTESIAN_POINT('',(-0.00207238597795368,0.000147268001455814,0.000381));
#10607=CARTESIAN_POINT('',(0.00565652595832944,-0.00100444169947877,0.000381));
#10608=CARTESIAN_POINT('',(0.00564489560201764,-0.00100418517831713,0.000381));
#10609=CARTESIAN_POINT('',(0.00566815631464124,-0.00100469822064042,0.000381));
#10610=CARTESIAN_POINT('',(0.00564489560201764,-0.00100418517831713,0.000381));
#10611=CARTESIAN_POINT('',(0.00559532601119104,-0.00101456775593042,0.000381));
#10612=CARTESIAN_POINT('',(0.00548187351946948,-0.00103833089944397,0.000381));
#10613=CARTESIAN_POINT('',(0.00526132182189825,-0.00122955273947139,0.000381));
#10614=CARTESIAN_POINT('',(0.00509444990113229,-0.00120505409249363,0.000381));
#10615=CARTESIAN_POINT('',(0.00487253551632061,-0.00112706139876407,0.000381));
#10616=CARTESIAN_POINT('',(0.00467097863463322,-0.000847877165588419,0.000381));
#10617=CARTESIAN_POINT('',(0.00459317120102653,-0.000464161057240809,0.000381));
#10618=CARTESIAN_POINT('',(0.00455455041947343,8.0307723536525E-6,0.000381));
#10619=CARTESIAN_POINT('',(0.00464181586735901,0.000398332784864135,0.000381));
#10620=CARTESIAN_POINT('',(0.0048180746679531,0.000883033769669263,0.000381));
#10621=CARTESIAN_POINT('',(0.00502750430478495,0.00109323639276146,0.000381));
#10622=CARTESIAN_POINT('',(0.00513080487798108,0.00124073943716153,0.000381));
#10623=CARTESIAN_POINT('',(0.00537878372167557,0.00131097963563154,0.000381));
#10624=CARTESIAN_POINT('',(0.00566237996401444,0.00125558761611612,0.000381));
#10625=CARTESIAN_POINT('',(0.005976390999996,0.00110911500095593,0.000381));
#10626=CARTESIAN_POINT('',(0.00607531977342427,0.0011612935146976,0.000381));
#10627=CARTESIAN_POINT('',(0.00618239185496485,0.00129223726873479,0.000381));
#10628=CARTESIAN_POINT('',(0.00622933592319075,0.00154701259303851,0.000381));
#10629=CARTESIAN_POINT('',(0.00610249579947741,0.00173411318848171,0.000381));
#10630=CARTESIAN_POINT('',(0.0058952622936924,0.00192952711949792,0.000381));
#10631=CARTESIAN_POINT('',(0.00556234395754992,0.00206389607396124,0.000381));
#10632=CARTESIAN_POINT('',(0.00508437820714074,0.00203907494728187,0.000381));
#10633=CARTESIAN_POINT('',(0.00480669739605517,0.00197905699383831,0.000381));
#10634=CARTESIAN_POINT('',(0.00450254987632841,0.00180256333008924,0.000381));
#10635=CARTESIAN_POINT('',(0.00429926201268372,0.00149382571407501,0.000381));
#10636=CARTESIAN_POINT('',(0.00401611958442077,0.000999143926494189,0.000381));
#10637=CARTESIAN_POINT('',(0.00399588983613415,0.000367257665444512,0.000381));
#10638=CARTESIAN_POINT('',(0.00395197288721427,-0.00014240220719486,0.000381));
#10639=CARTESIAN_POINT('',(0.00402935029084105,-0.00103438772429485,0.000381));
#10640=CARTESIAN_POINT('',(0.00421878288146494,-0.00134408974024927,0.000381));
#10641=CARTESIAN_POINT('',(0.00442987088273553,-0.00176491058666216,0.000381));
#10642=CARTESIAN_POINT('',(0.00495378128531316,-0.00200145648772708,0.000381));
#10643=CARTESIAN_POINT('',(0.00534265158973483,-0.00193189484087891,0.000381));
#10644=CARTESIAN_POINT('',(0.00581558590983717,-0.00163091076026706,0.000381));
#10645=CARTESIAN_POINT('',(0.00583494715128601,-0.00122424121240753,0.000381));
#10646=CARTESIAN_POINT('',(0.00584665197520801,-0.00105275835387951,0.000381));
#10647=CARTESIAN_POINT('',(0.0057291299425647,-0.00102552043975481,0.000381));
#10648=CARTESIAN_POINT('',(0.00566815631464124,-0.00100469822064042,0.000381));
#10649=CARTESIAN_POINT('',(0.00653355801478028,-0.00180158170405776,0.000381));
#10650=CARTESIAN_POINT('',(0.00654086941235624,-0.00185432337913633,0.000381));
#10651=CARTESIAN_POINT('',(0.00656724193466005,-0.00192700227946166,0.000381));
#10652=CARTESIAN_POINT('',(0.00666385422862008,-0.00208750098825625,0.000381));
#10653=CARTESIAN_POINT('',(0.006842398970204,-0.00218196870222863,0.000381));
#10654=CARTESIAN_POINT('',(0.00708417593898814,-0.00200637532418177,0.000381));
#10655=CARTESIAN_POINT('',(0.00716292291237241,-0.00165763540513972,0.000381));
#10656=CARTESIAN_POINT('',(0.00732541103387943,-0.00110017715850752,0.000381));
#10657=CARTESIAN_POINT('',(0.00737024273762762,-0.000605475759549674,0.000381));
#10658=CARTESIAN_POINT('',(0.00745315716661607,0.000270905199356487,0.000381));
#10659=CARTESIAN_POINT('',(0.0073995107628011,0.000892998796785553,0.000381));
#10660=CARTESIAN_POINT('',(0.00782148770043032,0.000882056411019601,0.000381));
#10661=CARTESIAN_POINT('',(0.0084120987008704,0.000791838047490782,0.000381));
#10662=CARTESIAN_POINT('',(0.00880516666056058,0.000637153502484359,0.000381));
#10663=CARTESIAN_POINT('',(0.00913122765530833,0.000729105526915866,0.000381));
#10664=CARTESIAN_POINT('',(0.00922858412020715,0.000956142114363292,0.000381));
#10665=CARTESIAN_POINT('',(0.00902246041284586,0.001171364780707,0.000381));
#10666=CARTESIAN_POINT('',(0.00854075527063035,0.00131818885747623,0.000381));
#10667=CARTESIAN_POINT('',(0.00836891735981066,0.00135251286933713,0.000381));
#10668=CARTESIAN_POINT('',(0.0080776513251971,0.00142793060157312,0.000381));
#10669=CARTESIAN_POINT('',(0.0075934544498312,0.0014805994209272,0.000381));
#10670=CARTESIAN_POINT('',(0.00737817114373548,0.00150401532341599,0.000381));
#10671=CARTESIAN_POINT('',(0.00691448876615983,0.001566652518197,0.000381));
#10672=CARTESIAN_POINT('',(0.00688454126192278,0.00129291806807009,0.000381));
#10673=CARTESIAN_POINT('',(0.00681963557874573,0.000721277399594685,0.000381));
#10674=CARTESIAN_POINT('',(0.00676779569715495,0.00016833715112071,0.000381));
#10675=CARTESIAN_POINT('',(0.00663826814045808,-0.000724566534321347,0.000381));
#10676=CARTESIAN_POINT('',(0.00652550677813222,-0.0013683575534577,0.000381));
#10677=CARTESIAN_POINT('',(0.00652096793463388,-0.00171076159621968,0.000381));
#10678=CARTESIAN_POINT('',(0.00653355801478028,-0.00180158170405776,0.000381));
#10679=CARTESIAN_POINT('',(0.00653355801478028,-0.00180158170405776,0.000381));
#10680=CARTESIAN_POINT('',(0.0114868627861142,-0.00282980385236442,0.000381));
#10681=CARTESIAN_POINT('',(0.0115367057360966,-0.00264695124820788,0.000381));
#10682=CARTESIAN_POINT('',(0.0116418339901648,-0.00226128035526161,0.000381));
#10683=CARTESIAN_POINT('',(0.0118724201582446,-0.00156893246594771,0.000381));
#10684=CARTESIAN_POINT('',(0.0120376013257177,-0.00100287047086585,0.000381));
#10685=CARTESIAN_POINT('',(0.0121378165552736,-0.000584833853680373,0.000381));
#10686=CARTESIAN_POINT('',(0.0121888900175691,-0.000371786620235071,0.000381));
#10687=CARTESIAN_POINT('',(0.0114868627861142,-0.00282980385236442,0.000381));
#10688=CARTESIAN_POINT('',(0.0121888900175691,-0.00037178662023507,0.000381));
#10689=CARTESIAN_POINT('',(0.0114868627861142,-0.00282980385236442,0.000381));
#10690=CARTESIAN_POINT('',(0.0114859017908335,-0.00286974714298443,0.000381));
#10691=CARTESIAN_POINT('',(0.0114838414321344,-0.00295518088721008,0.000381));
#10692=CARTESIAN_POINT('',(0.0115029767352751,-0.00313894380304973,0.000381));
#10693=CARTESIAN_POINT('',(0.0117658757727312,-0.00329712898490498,0.000381));
#10694=CARTESIAN_POINT('',(0.0121334596871918,-0.00350794871150381,0.000381));
#10695=CARTESIAN_POINT('',(0.0125812929178597,-0.00368674145828872,0.000381));
#10696=CARTESIAN_POINT('',(0.0130105493390778,-0.00372989581610491,0.000381));
#10697=CARTESIAN_POINT('',(0.0133521344111601,-0.00358611305918081,0.000381));
#10698=CARTESIAN_POINT('',(0.0134931864485887,-0.00307369964334089,0.000381));
#10699=CARTESIAN_POINT('',(0.0134035270622134,-0.00268514069352785,0.000381));
#10700=CARTESIAN_POINT('',(0.013320815990327,-0.00249918411719087,0.000381));
#10701=CARTESIAN_POINT('',(0.0132816787809133,-0.00241268426179886,0.000381));
#10702=CARTESIAN_POINT('',(0.0132816787809133,-0.00241268426179886,0.000381));
#10703=CARTESIAN_POINT('',(0.0121888900175691,-0.00037178662023507,0.000381));
#10704=CARTESIAN_POINT('',(0.0122189781630895,-0.000353824236525699,0.000381));
#10705=CARTESIAN_POINT('',(0.0122993003854529,-0.000305872508244609,0.000381));
#10706=CARTESIAN_POINT('',(0.0126529837590261,-0.000329902702495964,0.000381));
#10707=CARTESIAN_POINT('',(0.01295854366502,-0.000416216403408184,0.000381));
#10708=CARTESIAN_POINT('',(0.0135437789690094,-0.000710089907314591,0.000381));
#10709=CARTESIAN_POINT('',(0.0138222539239446,-0.000976608714614702,0.000381));
#10710=CARTESIAN_POINT('',(0.0140531625041972,-0.00134200618739712,0.000381));
#10711=CARTESIAN_POINT('',(0.0139405940518039,-0.00181275827546501,0.000381));
#10712=CARTESIAN_POINT('',(0.0136972848183037,-0.00231579023468635,0.000381));
#10713=CARTESIAN_POINT('',(0.0134135347835913,-0.00238194346895897,0.000381));
#10714=CARTESIAN_POINT('',(0.0132816787809133,-0.00241268426179886,0.000381));
#10715=CARTESIAN_POINT('',(0.00871034245938063,-0.00226257694885134,0.000381));
#10716=CARTESIAN_POINT('',(0.00870305866860771,-0.00216111988123722,0.000381));
#10717=CARTESIAN_POINT('',(0.00868581295640872,-0.00192090164279669,0.000381));
#10718=CARTESIAN_POINT('',(0.00886076800593848,-0.0013815750705249,0.000381));
#10719=CARTESIAN_POINT('',(0.00907349504313626,-0.000552249037025066,0.000381));
#10720=CARTESIAN_POINT('',(0.0092605139614936,-1.99354083830586E-6,0.000381));
#10721=CARTESIAN_POINT('',(0.00951206901743814,0.000379321453438588,0.000381));
#10722=CARTESIAN_POINT('',(0.00994908195254986,0.00065157775816849,0.000381));
#10723=CARTESIAN_POINT('',(0.0104661584240908,0.00062794184410826,0.000381));
#10724=CARTESIAN_POINT('',(0.0108343116016902,0.000604411883415265,0.000381));
#10725=CARTESIAN_POINT('',(0.0111556922819844,0.000161383373464205,0.000381));
#10726=CARTESIAN_POINT('',(0.0112524143303915,-0.000265746201739452,0.000381));
#10727=CARTESIAN_POINT('',(0.0112968209916281,-0.000728319316674398,0.000381));
#10728=CARTESIAN_POINT('',(0.0111405878439504,-0.00159736870750333,0.000381));
#10729=CARTESIAN_POINT('',(0.0110480197125287,-0.00239479145764933,0.000381));
#10730=CARTESIAN_POINT('',(0.0106394670965151,-0.00288446922493811,0.000381));
#10731=CARTESIAN_POINT('',(0.0103984589818336,-0.00282731949457338,0.000381));
#10732=CARTESIAN_POINT('',(0.0101753612687283,-0.00254628270424583,0.000381));
#10733=CARTESIAN_POINT('',(0.0103654363277599,-0.00205604830579528,0.000381));
#10734=CARTESIAN_POINT('',(0.0104315155768996,-0.00149350603611107,0.000381));
#10735=CARTESIAN_POINT('',(0.0105756501422313,-0.000779200154048723,0.000381));
#10736=CARTESIAN_POINT('',(0.0105304781724538,-0.000287730378309891,0.000381));
#10737=CARTESIAN_POINT('',(0.0104985676722573,5.87770635816923E-5,0.000381));
#10738=CARTESIAN_POINT('',(0.0101784546061306,5.98510509525431E-5,0.000381));
#10739=CARTESIAN_POINT('',(0.0100848618894815,3.85427447326947E-5,0.000381));
#10740=CARTESIAN_POINT('',(0.00871034245938063,-0.00226257694885135,0.000381));
#10741=CARTESIAN_POINT('',(0.0100848618894815,3.85427447326947E-5,0.000381));
#10742=CARTESIAN_POINT('',(0.0100848618894815,3.85427447326947E-5,0.000381));
#10743=CARTESIAN_POINT('',(0.0100650004891769,2.8506513636008E-5,0.000381));
#10744=CARTESIAN_POINT('',(0.0100101713079567,8.0059536605079E-7,0.000381));
#10745=CARTESIAN_POINT('',(0.00979692159261133,-0.000164152049956497,0.000381));
#10746=CARTESIAN_POINT('',(0.00972600339969342,-0.000548212808495386,0.000381));
#10747=CARTESIAN_POINT('',(0.00950842996599777,-0.00120287007667183,0.000381));
#10748=CARTESIAN_POINT('',(0.00938988957930236,-0.00205715834525009,0.000381));
#10749=CARTESIAN_POINT('',(0.00923506611534429,-0.00239143358641116,0.000381));
#10750=CARTESIAN_POINT('',(0.0090093217525032,-0.00252836626742541,0.000381));
#10751=CARTESIAN_POINT('',(0.00877981947976935,-0.00248465718427655,0.000381));
#10752=CARTESIAN_POINT('',(0.00873392706732232,-0.00233796410930813,0.000381));
#10753=CARTESIAN_POINT('',(0.00871034245938063,-0.00226257694885135,0.000381));
#10754=CARTESIAN_POINT('',(0.00204462721012532,-0.00188753282418475,0.000381));
#10755=CARTESIAN_POINT('',(0.00204462721012532,-0.00169914506841451,0.000381));
#10756=CARTESIAN_POINT('',(0.00204462721012532,-0.00207592057995498,0.000381));
#10757=CARTESIAN_POINT('',(0.0010408602287219,-0.000450291941783396,0.000381));
#10758=CARTESIAN_POINT('',(0.0010765041069446,-0.00051022111102338,0.000381));
#10759=CARTESIAN_POINT('',(0.00121344736397355,-0.000629151961162324,0.000381));
#10760=CARTESIAN_POINT('',(0.00152251362150426,-0.000960737082450068,0.000381));
#10761=CARTESIAN_POINT('',(0.00191047328554006,-0.00145834078576146,0.000381));
#10762=CARTESIAN_POINT('',(0.00200588560036887,-0.00163188427277036,0.000381));
#10763=CARTESIAN_POINT('',(0.00204462721012532,-0.00169914506841451,0.000381));
#10764=CARTESIAN_POINT('',(0.0010408602287219,-0.000450291941783396,0.000381));
#10765=CARTESIAN_POINT('',(0.000972563924733549,0.00183967442717403,0.000381));
#10766=CARTESIAN_POINT('',(0.00101586569238649,0.00186427118357273,0.000381));
#10767=CARTESIAN_POINT('',(0.00110580100827686,0.00191535725179806,0.000381));
#10768=CARTESIAN_POINT('',(0.00127510624209907,0.00188476609243513,0.000381));
#10769=CARTESIAN_POINT('',(0.00147157742699059,0.00186647003387758,0.000381));
#10770=CARTESIAN_POINT('',(0.00154980559591749,0.00165933590018447,0.000381));
#10771=CARTESIAN_POINT('',(0.00168647840069199,0.00137328468923536,0.000381));
#10772=CARTESIAN_POINT('',(0.00156008424724791,0.00086285411076648,0.000381));
#10773=CARTESIAN_POINT('',(0.00136629756160348,0.000185020876075222,0.000381));
#10774=CARTESIAN_POINT('',(0.00115466294261038,-0.000345873203378792,0.000381));
#10775=CARTESIAN_POINT('',(0.00106917350089481,-0.000424313333195037,0.000381));
#10776=CARTESIAN_POINT('',(0.0010408602287219,-0.000450291941783396,0.000381));
#10777=CARTESIAN_POINT('',(0.000972563924733549,0.00183967442717403,0.000381));
#10778=CARTESIAN_POINT('',(0.000402978796046227,-0.000126756276586093,0.000381));
#10779=CARTESIAN_POINT('',(0.000411295125293582,-7.39576545127242E-5,0.000381));
#10780=CARTESIAN_POINT('',(0.000429803711526779,3.99448307606004E-5,0.000381));
#10781=CARTESIAN_POINT('',(0.000489281991255021,0.000267875061453069,0.000381));
#10782=CARTESIAN_POINT('',(0.000594858527068888,0.00078781073242064,0.000381));
#10783=CARTESIAN_POINT('',(0.000674095061320926,0.0013424936127107,0.000381));
#10784=CARTESIAN_POINT('',(0.000717647099820941,0.0016237904761319,0.000381));
#10785=CARTESIAN_POINT('',(0.000871307612465466,0.0017805395941253,0.000381));
#10786=CARTESIAN_POINT('',(0.000972563924733549,0.00183967442717403,0.000381));
#10787=CARTESIAN_POINT('',(0.000402978796046227,-0.000126756276586093,0.000381));
#10788=CARTESIAN_POINT('',(0.000246416366280755,-0.000126756276586093,0.000381));
#10789=CARTESIAN_POINT('',(8.98539365152828E-5,-0.000126756276586093,0.000381));
#10790=CARTESIAN_POINT('',(6.70065035983127E-21,-0.00309036672115326,0.000381));
#10791=CARTESIAN_POINT('',(-6.03540929273521E-5,-0.00308085027217908,0.000381));
#10792=CARTESIAN_POINT('',(-0.000196353452780855,-0.00306405802807681,0.000381));
#10793=CARTESIAN_POINT('',(-0.000266919649492335,-0.00276479719790904,0.000381));
#10794=CARTESIAN_POINT('',(-0.000380505233618583,-0.00248018150526362,0.000381));
#10795=CARTESIAN_POINT('',(-0.00035104269701389,-0.0017808553708614,0.000381));
#10796=CARTESIAN_POINT('',(-0.000454363803420045,-0.00103219286481419,0.000381));
#10797=CARTESIAN_POINT('',(-0.000600614342558596,-0.000394694700755679,
0.000381));
#10798=CARTESIAN_POINT('',(-0.00129817119162929,0.00078077375484369,0.000381));
#10799=CARTESIAN_POINT('',(-0.00133141590180849,0.000996097100908059,0.000381));
#10800=CARTESIAN_POINT('',(-0.0013473212830861,0.0012202128228797,0.000381));
#10801=CARTESIAN_POINT('',(-0.00121456392866541,0.00129188098278911,0.000381));
#10802=CARTESIAN_POINT('',(-0.00104774373592993,0.0013860768813508,0.000381));
#10803=CARTESIAN_POINT('',(-0.000678840257312213,0.00122131681786037,0.000381));
#10804=CARTESIAN_POINT('',(-0.000438469751592593,0.000982013584308126,0.000381));
#10805=CARTESIAN_POINT('',(-0.000157488330513365,0.00060188015358935,0.000381));
#10806=CARTESIAN_POINT('',(-2.84464795089776E-5,0.00026822172792572,0.000381));
#10807=CARTESIAN_POINT('',(4.66299711948323E-5,6.30472475985107E-5,0.000381));
#10808=CARTESIAN_POINT('',(7.57219657547176E-5,-6.47004741151621E-5,0.000381));
#10809=CARTESIAN_POINT('',(8.98539365152828E-5,-0.000126756276586093,0.000381));
#10810=CARTESIAN_POINT('',(6.70065035983127E-21,-0.00309036672115326,0.000381));
#10811=CARTESIAN_POINT('',(0.000421679695136845,-0.00109559635166079,0.000381));
#10812=CARTESIAN_POINT('',(0.000427760630822202,-0.00114538430333787,0.000381));
#10813=CARTESIAN_POINT('',(0.000443946323017765,-0.00127829244715222,0.000381));
#10814=CARTESIAN_POINT('',(0.00055096383327356,-0.00176427875767836,0.000381));
#10815=CARTESIAN_POINT('',(0.000590217572929469,-0.00241832978817291,0.000381));
#10816=CARTESIAN_POINT('',(0.000543916338303605,-0.00288272277811473,0.000381));
#10817=CARTESIAN_POINT('',(9.45913027912271E-5,-0.00310199421929691,0.000381));
#10818=CARTESIAN_POINT('',(2.59698571762578E-5,-0.00309226602814559,0.000381));
#10819=CARTESIAN_POINT('',(0.,-0.00309036672115326,0.000381));
#10820=CARTESIAN_POINT('',(0.000421679695136845,-0.00109559635166079,0.000381));
#10821=CARTESIAN_POINT('',(0.000439875322626903,-0.00106140587013215,0.000381));
#10822=CARTESIAN_POINT('',(0.000458070950116962,-0.00102721538860351,0.000381));
#10823=CARTESIAN_POINT('',(0.00204462721012532,-0.00207592057995498,0.000381));
#10824=CARTESIAN_POINT('',(0.00201290290204858,-0.00210572801346322,0.000381));
#10825=CARTESIAN_POINT('',(0.00193951472591178,-0.00217468186346358,0.000381));
#10826=CARTESIAN_POINT('',(0.00168792496975197,-0.00213862471396129,0.000381));
#10827=CARTESIAN_POINT('',(0.00142106377916103,-0.00193314880675691,0.000381));
#10828=CARTESIAN_POINT('',(0.00109919157293737,-0.00168202977930565,0.000381));
#10829=CARTESIAN_POINT('',(0.000751271811415411,-0.00136383752535773,0.000381));
#10830=CARTESIAN_POINT('',(0.000554899118168945,-0.00113838322311569,0.000381));
#10831=CARTESIAN_POINT('',(0.000458070950116962,-0.00102721538860351,0.000381));
#10832=CARTESIAN_POINT('',(-0.00638265023007989,-0.00137641106266528,0.000381));
#10833=CARTESIAN_POINT('',(-0.00640834741105891,-0.0013336935327261,0.000381));
#10834=CARTESIAN_POINT('',(-0.00647217965386682,-0.00122757627130688,0.000381));
#10835=CARTESIAN_POINT('',(-0.00663990404248691,-0.000906400886180055,0.000381));
#10836=CARTESIAN_POINT('',(-0.0069150728562651,-0.0006205015084105,0.000381));
#10837=CARTESIAN_POINT('',(-0.00714199936184467,-0.000495560845746097,0.000381));
#10838=CARTESIAN_POINT('',(-0.00729199319600828,-0.000522853476868884,0.000381));
#10839=CARTESIAN_POINT('',(-0.00744573452777364,-0.000617957604804795,0.000381));
#10840=CARTESIAN_POINT('',(-0.00747879333256337,-0.000748589237534972,0.000381));
#10841=CARTESIAN_POINT('',(-0.00749929109588265,-0.000868999282829464,0.000381));
#10842=CARTESIAN_POINT('',(-0.00748083088546991,-0.000910534639842808,0.000381));
#10843=CARTESIAN_POINT('',(-0.00638265023007989,-0.00137641106266528,0.000381));
#10844=CARTESIAN_POINT('',(-0.00748083088546991,-0.000910534639842808,0.000381));
#10845=CARTESIAN_POINT('',(-0.00748083088546991,-0.000910534639842808,0.000381));
#10846=CARTESIAN_POINT('',(-0.00737718895115716,-0.00111188735554275,0.000381));
#10847=CARTESIAN_POINT('',(-0.00720090025567401,-0.0014877730716012,0.000381));
#10848=CARTESIAN_POINT('',(-0.00697452411145715,-0.00192577741424124,0.000381));
#10849=CARTESIAN_POINT('',(-0.00664878743724264,-0.00247548926730031,0.000381));
#10850=CARTESIAN_POINT('',(-0.00633324147719167,-0.00309692677859033,0.000381));
#10851=CARTESIAN_POINT('',(-0.00607063003207359,-0.00348078933534079,0.000381));
#10852=CARTESIAN_POINT('',(-0.0056300794497902,-0.00446758437535285,0.000381));
#10853=CARTESIAN_POINT('',(-0.00529797363013304,-0.00475197896245206,0.000381));
#10854=CARTESIAN_POINT('',(-0.00513711813200897,-0.00482268393399888,0.000381));
#10855=CARTESIAN_POINT('',(-0.00498633821003123,-0.00486492631219418,0.000381));
#10856=CARTESIAN_POINT('',(-0.00487599709938213,-0.00482901962438667,0.000381));
#10857=CARTESIAN_POINT('',(-0.00474870540523358,-0.00484283714508316,0.000381));
#10858=CARTESIAN_POINT('',(-0.00461794889858113,-0.0046136711123405,0.000381));
#10859=CARTESIAN_POINT('',(-0.004506472625334,-0.00446280387723047,0.000381));
#10860=CARTESIAN_POINT('',(-0.0044032041638403,-0.0042091007378498,0.000381));
#10861=CARTESIAN_POINT('',(-0.00436981752755041,-0.00361800145342844,0.000381));
#10862=CARTESIAN_POINT('',(-0.00436168349853821,-0.00273496950131804,0.000381));
#10863=CARTESIAN_POINT('',(-0.00460047406897604,-0.00119725898151119,0.000381));
#10864=CARTESIAN_POINT('',(-0.00479806223687649,-0.000564600382209371,0.000381));
#10865=CARTESIAN_POINT('',(-0.00487862387672067,-0.00026766024529934,0.000381));
#10866=CARTESIAN_POINT('',(-0.00487862387672067,-0.00026766024529934,0.000381));
#10867=CARTESIAN_POINT('',(-0.00487862387672067,-0.00026766024529934,0.000381));
#10868=CARTESIAN_POINT('',(-0.00490033425888419,-0.000233194275055682,0.000381));
#10869=CARTESIAN_POINT('',(-0.00494412970183108,-0.000163667519513277,0.000381));
#10870=CARTESIAN_POINT('',(-0.00504109398234516,-0.000100437776126807,0.000381));
#10871=CARTESIAN_POINT('',(-0.00520550578462814,6.89469137486817E-5,0.000381));
#10872=CARTESIAN_POINT('',(-0.005277647107576,0.000111207328795885,0.000381));
#10873=CARTESIAN_POINT('',(-0.00542796918619396,0.000178590202005297,0.000381));
#10874=CARTESIAN_POINT('',(-0.00554078253361941,0.000126964430479127,0.000381));
#10875=CARTESIAN_POINT('',(-0.00571326549149512,8.90843595677706E-5,0.000381));
#10876=CARTESIAN_POINT('',(-0.00580264214821628,-3.26745300912558E-5,0.000381));
#10877=CARTESIAN_POINT('',(-0.0057963381011272,-0.000248434976566399,0.000381));
#10878=CARTESIAN_POINT('',(-0.00572127467283208,-0.000497954540448986,0.000381));
#10879=CARTESIAN_POINT('',(-0.00559853318869772,-0.00087992021562801,0.000381));
#10880=CARTESIAN_POINT('',(-0.00552308724894131,-0.00113857289749955,0.000381));
#10881=CARTESIAN_POINT('',(-0.0054851290769875,-0.00126870558597147,0.000381));
#10882=CARTESIAN_POINT('',(-0.0054851290769875,-0.00126870558597147,0.000381));
#10883=CARTESIAN_POINT('',(-0.0059338896535337,-0.00132255832431838,0.000381));
#10884=CARTESIAN_POINT('',(-0.00558369467034936,-0.00233770709019155,0.000635));
#10885=CARTESIAN_POINT('',(-0.00558369467034936,-0.00233770709019155,0.));
#10886=CARTESIAN_POINT('',(-0.00602880772203207,-0.00241583492606878,0.));
#10887=CARTESIAN_POINT('',(-0.00513858161866665,-0.00225957925431431,0.));
#10888=CARTESIAN_POINT('',(-0.00602880772203207,-0.00241583492606878,0.000635));
#10889=CARTESIAN_POINT('',(-0.00602880772203207,-0.00241583492606878,0.000635));
#10890=CARTESIAN_POINT('',(-0.00558369467034936,-0.00233770709019155,0.000635));
#10891=CARTESIAN_POINT('',(-0.00513858161866665,-0.00225957925431431,0.000635));
#10892=CARTESIAN_POINT('',(-0.00513858161866665,-0.00225957925431431,0.000635));
#10893=CARTESIAN_POINT('',(-0.00558003596961498,-0.00304203084670007,0.000635));
#10894=CARTESIAN_POINT('',(-0.00558003596961498,-0.00304203084670007,0.));
#10895=CARTESIAN_POINT('',(-0.0051312642171979,-0.00366822676733136,0.));
#10896=CARTESIAN_POINT('',(-0.0051312642171979,-0.00366822676733136,0.000635));
#10897=CARTESIAN_POINT('',(-0.0051312642171979,-0.00366822676733136,0.000635));
#10898=CARTESIAN_POINT('',(-0.00558003596961498,-0.00304203084670007,0.000635));
#10899=CARTESIAN_POINT('',(-0.00748083088546991,-0.000910534639842808,0.000635));
#10900=CARTESIAN_POINT('',(-0.00748083088546991,-0.000910534639842808,0.000381));
#10901=CARTESIAN_POINT('',(-0.00738108790799253,-0.00110431256882727,0.000635));
#10902=CARTESIAN_POINT('',(-0.00738108790799253,-0.00110431256882727,0.000381));
#10903=CARTESIAN_POINT('',(-0.00719901822564559,-0.00149174170402435,0.000635));
#10904=CARTESIAN_POINT('',(-0.00719901822564559,-0.00149174170402435,0.000381));
#10905=CARTESIAN_POINT('',(-0.00697253107195006,-0.00192933929467302,0.000635));
#10906=CARTESIAN_POINT('',(-0.00697253107195006,-0.00192933929467302,0.000381));
#10907=CARTESIAN_POINT('',(-0.00664677288625589,-0.0024800796331528,0.000635));
#10908=CARTESIAN_POINT('',(-0.00664677288625589,-0.0024800796331528,0.000381));
#10909=CARTESIAN_POINT('',(-0.00633279213097187,-0.00309845257949748,0.000635));
#10910=CARTESIAN_POINT('',(-0.00633279213097187,-0.00309845257949748,0.000381));
#10911=CARTESIAN_POINT('',(-0.00609773244383393,-0.00343830812339103,0.000635));
#10912=CARTESIAN_POINT('',(-0.00609773244383393,-0.00343830812339103,0.000381));
#10913=CARTESIAN_POINT('',(-0.00576227985895334,-0.00416964204382692,0.000635));
#10914=CARTESIAN_POINT('',(-0.00576227985895334,-0.00416964204382692,0.000381000000000001));
#10915=CARTESIAN_POINT('',(-0.00549768516641896,-0.00457268288926368,0.000635));
#10916=CARTESIAN_POINT('',(-0.00549768516641896,-0.00457268288926368,0.000381));
#10917=CARTESIAN_POINT('',(-0.00531651611959347,-0.00473378148538601,0.000635));
#10918=CARTESIAN_POINT('',(-0.00531651611959347,-0.00473378148538601,0.000381));
#10919=CARTESIAN_POINT('',(-0.00518049021805108,-0.00480533795976154,0.000635));
#10920=CARTESIAN_POINT('',(-0.00518049021805108,-0.00480533795976154,0.000381000000000001));
#10921=CARTESIAN_POINT('',(-0.00503120364344701,-0.00486215876060137,0.000635));
#10922=CARTESIAN_POINT('',(-0.00503120364344701,-0.00486215876060137,0.000381));
#10923=CARTESIAN_POINT('',(-0.00489927975732937,-0.00483214053527523,0.000635));
#10924=CARTESIAN_POINT('',(-0.00489927975732937,-0.00483214053527523,0.000381000000000001));
#10925=CARTESIAN_POINT('',(-0.00477524296508652,-0.00485156534930908,0.000635));
#10926=CARTESIAN_POINT('',(-0.00477524296508652,-0.00485156534930908,0.000381));
#10927=CARTESIAN_POINT('',(-0.00465211344426366,-0.00467997080037998,0.000635));
#10928=CARTESIAN_POINT('',(-0.00465211344426366,-0.00467997080037998,0.000381));
#10929=CARTESIAN_POINT('',(-0.00455268227240903,-0.00452357556568061,0.000635));
#10930=CARTESIAN_POINT('',(-0.00455268227240903,-0.00452357556568061,0.000381000000000001));
#10931=CARTESIAN_POINT('',(-0.00447163010565092,-0.00439047457196375,0.000635));
#10932=CARTESIAN_POINT('',(-0.00447163010565092,-0.00439047457196375,0.000381));
#10933=CARTESIAN_POINT('',(-0.00439300455842796,-0.00411551474393386,0.000635));
#10934=CARTESIAN_POINT('',(-0.00439300455842796,-0.00411551474393386,0.000381000000000001));
#10935=CARTESIAN_POINT('',(-0.00437032678756109,-0.00358407778993396,0.000635));
#10936=CARTESIAN_POINT('',(-0.00437032678756109,-0.00358407778993396,0.000381));
#10937=CARTESIAN_POINT('',(-0.00436673797957003,-0.00288873410507357,0.000635));
#10938=CARTESIAN_POINT('',(-0.00436673797957003,-0.00288873410507357,0.000381000000000001));
#10939=CARTESIAN_POINT('',(-0.00449006930337042,-0.00187705299231129,0.000635));
#10940=CARTESIAN_POINT('',(-0.00449006930337042,-0.00187705299231129,0.000381));
#10941=CARTESIAN_POINT('',(-0.00468191653236955,-0.000932741076012209,0.000635));
#10942=CARTESIAN_POINT('',(-0.00468191653236955,-0.000932741076012209,0.000381));
#10943=CARTESIAN_POINT('',(-0.00481567699011011,-0.000499674603055102,0.000635));
#10944=CARTESIAN_POINT('',(-0.00481567699011011,-0.000499674603055102,0.000381));
#10945=CARTESIAN_POINT('',(-0.00487862387672067,-0.00026766024529934,0.000635));
#10946=CARTESIAN_POINT('',(-0.00487862387672067,-0.00026766024529934,0.000381));
#10947=CARTESIAN_POINT('',(-0.00748083088546991,-0.000910534639842808,0.000635));
#10948=CARTESIAN_POINT('',(-0.00748083088546991,-0.000910534639842808,0.000635));
#10949=CARTESIAN_POINT('',(-0.00748083088546991,-0.000910534639842808,0.000635));
#10950=CARTESIAN_POINT('',(-0.00737718895115716,-0.00111188735554275,0.000635));
#10951=CARTESIAN_POINT('',(-0.00720090025567401,-0.0014877730716012,0.000635));
#10952=CARTESIAN_POINT('',(-0.00697452411145715,-0.00192577741424124,0.000635));
#10953=CARTESIAN_POINT('',(-0.00664878743724264,-0.00247548926730031,0.000635));
#10954=CARTESIAN_POINT('',(-0.00633324147719167,-0.00309692677859033,0.000635));
#10955=CARTESIAN_POINT('',(-0.00607063003207359,-0.00348078933534079,0.000635));
#10956=CARTESIAN_POINT('',(-0.0056300794497902,-0.00446758437535285,0.000635));
#10957=CARTESIAN_POINT('',(-0.00529797363013304,-0.00475197896245206,0.000635));
#10958=CARTESIAN_POINT('',(-0.00513711813200897,-0.00482268393399888,0.000635));
#10959=CARTESIAN_POINT('',(-0.00498633821003123,-0.00486492631219418,0.000635));
#10960=CARTESIAN_POINT('',(-0.00487599709938213,-0.00482901962438667,0.000635));
#10961=CARTESIAN_POINT('',(-0.00474870540523358,-0.00484283714508316,0.000635));
#10962=CARTESIAN_POINT('',(-0.00461794889858113,-0.0046136711123405,0.000635));
#10963=CARTESIAN_POINT('',(-0.004506472625334,-0.00446280387723047,0.000635));
#10964=CARTESIAN_POINT('',(-0.0044032041638403,-0.0042091007378498,0.000635));
#10965=CARTESIAN_POINT('',(-0.00436981752755041,-0.00361800145342844,0.000635));
#10966=CARTESIAN_POINT('',(-0.00436168349853821,-0.00273496950131804,0.000635));
#10967=CARTESIAN_POINT('',(-0.00460047406897604,-0.00119725898151119,0.000635));
#10968=CARTESIAN_POINT('',(-0.00479806223687649,-0.000564600382209371,0.000635));
#10969=CARTESIAN_POINT('',(-0.00487862387672067,-0.00026766024529934,0.000635));
#10970=CARTESIAN_POINT('',(-0.00487862387672067,-0.00026766024529934,0.000635));
#10971=CARTESIAN_POINT('',(-0.00487862387672067,-0.00026766024529934,0.000635));
#10972=CARTESIAN_POINT('',(-0.00638265023007989,-0.00137641106266528,0.000635));
#10973=CARTESIAN_POINT('',(-0.00638265023007989,-0.00137641106266528,0.000381));
#10974=CARTESIAN_POINT('',(-0.00641177826339529,-0.00132799027922464,0.000635));
#10975=CARTESIAN_POINT('',(-0.00641177826339529,-0.00132799027922464,0.000381));
#10976=CARTESIAN_POINT('',(-0.00647117589620625,-0.00122818147161134,0.000635));
#10977=CARTESIAN_POINT('',(-0.00647117589620625,-0.00122818147161134,0.000381));
#10978=CARTESIAN_POINT('',(-0.00665508971155573,-0.000880079911744998,0.000635));
#10979=CARTESIAN_POINT('',(-0.00665508971155573,-0.000880079911744998,0.000381));
#10980=CARTESIAN_POINT('',(-0.00697094350286898,-0.000563916166298033,0.000635));
#10981=CARTESIAN_POINT('',(-0.00697094350286898,-0.000563916166298033,0.000381));
#10982=CARTESIAN_POINT('',(-0.00721151610801754,-0.000488688974382981,0.000635));
#10983=CARTESIAN_POINT('',(-0.00721151610801754,-0.000488688974382981,0.000381));
#10984=CARTESIAN_POINT('',(-0.00740137513503738,-0.000575597500957521,0.000635));
#10985=CARTESIAN_POINT('',(-0.00740137513503738,-0.000575597500957521,0.000381));
#10986=CARTESIAN_POINT('',(-0.00747961458063727,-0.000714499940058814,0.000635));
#10987=CARTESIAN_POINT('',(-0.00747961458063727,-0.000714499940058814,0.000381));
#10988=CARTESIAN_POINT('',(-0.00750232485823478,-0.000862173336668945,0.000635));
#10989=CARTESIAN_POINT('',(-0.00750232485823478,-0.000862173336668945,0.000381));
#10990=CARTESIAN_POINT('',(-0.00748083088546991,-0.000910534639842808,0.000635));
#10991=CARTESIAN_POINT('',(-0.00748083088546991,-0.000910534639842808,0.000381));
#10992=CARTESIAN_POINT('',(-0.00638265023007989,-0.00137641106266528,0.000635));
#10993=CARTESIAN_POINT('',(-0.00638265023007989,-0.00137641106266528,0.000635));
#10994=CARTESIAN_POINT('',(-0.00638265023007989,-0.00137641106266528,0.000635));
#10995=CARTESIAN_POINT('',(-0.00640834741105891,-0.0013336935327261,0.000635));
#10996=CARTESIAN_POINT('',(-0.00647217965386682,-0.00122757627130688,0.000635));
#10997=CARTESIAN_POINT('',(-0.00663990404248691,-0.000906400886180055,0.000635));
#10998=CARTESIAN_POINT('',(-0.0069150728562651,-0.0006205015084105,0.000635));
#10999=CARTESIAN_POINT('',(-0.00714199936184467,-0.000495560845746097,0.000635));
#11000=CARTESIAN_POINT('',(-0.00729199319600828,-0.000522853476868884,0.000635));
#11001=CARTESIAN_POINT('',(-0.00744573452777364,-0.000617957604804795,0.000635));
#11002=CARTESIAN_POINT('',(-0.00747879333256337,-0.000748589237534972,0.000635));
#11003=CARTESIAN_POINT('',(-0.00749929109588265,-0.000868999282829464,0.000635));
#11004=CARTESIAN_POINT('',(-0.00748083088546991,-0.000910534639842808,0.000635));
#11005=CARTESIAN_POINT('',(-0.0059338896535337,-0.00132255832431838,0.000635));
#11006=CARTESIAN_POINT('',(-0.0054851290769875,-0.00126870558597147,0.000635));
#11007=CARTESIAN_POINT('',(-0.0054851290769875,-0.00126870558597147,0.000635));
#11008=CARTESIAN_POINT('',(-0.0059338896535337,-0.00132255832431838,0.000635));
#11009=CARTESIAN_POINT('',(-0.00487862387672067,-0.00026766024529934,0.000635));
#11010=CARTESIAN_POINT('',(-0.00487862387672067,-0.00026766024529934,0.000381));
#11011=CARTESIAN_POINT('',(-0.00490033425888419,-0.000233194275055682,0.000635));
#11012=CARTESIAN_POINT('',(-0.00490033425888419,-0.000233194275055682,0.000381));
#11013=CARTESIAN_POINT('',(-0.00494412970183108,-0.000163667519513277,0.000635));
#11014=CARTESIAN_POINT('',(-0.00494412970183108,-0.000163667519513277,0.000381));
#11015=CARTESIAN_POINT('',(-0.00504109398234516,-0.000100437776126807,0.000635));
#11016=CARTESIAN_POINT('',(-0.00504109398234516,-0.000100437776126807,0.000381));
#11017=CARTESIAN_POINT('',(-0.00520550578462814,6.89469137486817E-5,0.000635));
#11018=CARTESIAN_POINT('',(-0.00520550578462814,6.89469137486817E-5,0.000381));
#11019=CARTESIAN_POINT('',(-0.005277647107576,0.000111207328795885,0.000635));
#11020=CARTESIAN_POINT('',(-0.005277647107576,0.000111207328795885,0.000381));
#11021=CARTESIAN_POINT('',(-0.00542796918619396,0.000178590202005297,0.000635));
#11022=CARTESIAN_POINT('',(-0.00542796918619396,0.000178590202005297,0.000381));
#11023=CARTESIAN_POINT('',(-0.00554078253361941,0.000126964430479127,0.000635));
#11024=CARTESIAN_POINT('',(-0.00554078253361941,0.000126964430479127,0.000381));
#11025=CARTESIAN_POINT('',(-0.00571326549149512,8.90843595677706E-5,0.000635));
#11026=CARTESIAN_POINT('',(-0.00571326549149512,8.90843595677706E-5,0.000381));
#11027=CARTESIAN_POINT('',(-0.00580264214821628,-3.26745300912558E-5,0.000635));
#11028=CARTESIAN_POINT('',(-0.00580264214821628,-3.26745300912558E-5,0.000381));
#11029=CARTESIAN_POINT('',(-0.0057963381011272,-0.000248434976566399,0.000635));
#11030=CARTESIAN_POINT('',(-0.0057963381011272,-0.000248434976566399,0.000381));
#11031=CARTESIAN_POINT('',(-0.00572127467283208,-0.000497954540448986,0.000635));
#11032=CARTESIAN_POINT('',(-0.00572127467283208,-0.000497954540448986,0.000381));
#11033=CARTESIAN_POINT('',(-0.00559853318869772,-0.00087992021562801,0.000635));
#11034=CARTESIAN_POINT('',(-0.00559853318869772,-0.00087992021562801,0.000381));
#11035=CARTESIAN_POINT('',(-0.00552308724894131,-0.00113857289749955,0.000635));
#11036=CARTESIAN_POINT('',(-0.00552308724894131,-0.00113857289749955,0.000381));
#11037=CARTESIAN_POINT('',(-0.0054851290769875,-0.00126870558597147,0.000635));
#11038=CARTESIAN_POINT('',(-0.0054851290769875,-0.00126870558597147,0.000381));
#11039=CARTESIAN_POINT('',(-0.00487862387672067,-0.00026766024529934,0.000635));
#11040=CARTESIAN_POINT('',(-0.00490033425888419,-0.000233194275055682,0.000635));
#11041=CARTESIAN_POINT('',(-0.00494412970183108,-0.000163667519513277,0.000635));
#11042=CARTESIAN_POINT('',(-0.00504109398234516,-0.000100437776126807,0.000635));
#11043=CARTESIAN_POINT('',(-0.00520550578462814,6.89469137486817E-5,0.000635));
#11044=CARTESIAN_POINT('',(-0.005277647107576,0.000111207328795885,0.000635));
#11045=CARTESIAN_POINT('',(-0.00542796918619396,0.000178590202005297,0.000635));
#11046=CARTESIAN_POINT('',(-0.00554078253361941,0.000126964430479127,0.000635));
#11047=CARTESIAN_POINT('',(-0.00571326549149512,8.90843595677706E-5,0.000635));
#11048=CARTESIAN_POINT('',(-0.00580264214821628,-3.26745300912558E-5,0.000635));
#11049=CARTESIAN_POINT('',(-0.0057963381011272,-0.000248434976566399,0.000635));
#11050=CARTESIAN_POINT('',(-0.00572127467283208,-0.000497954540448986,0.000635));
#11051=CARTESIAN_POINT('',(-0.00559853318869772,-0.00087992021562801,0.000635));
#11052=CARTESIAN_POINT('',(-0.00552308724894131,-0.00113857289749955,0.000635));
#11053=CARTESIAN_POINT('',(-0.0054851290769875,-0.00126870558597147,0.000635));
#11054=CARTESIAN_POINT('',(-0.00513858161866665,-0.00225957925431431,0.000635));
#11055=CARTESIAN_POINT('',(-0.00513858161866665,-0.00225957925431431,1.0842021724855E-19));
#11056=CARTESIAN_POINT('',(-0.00512675780847232,-0.0023023427789736,0.000635));
#11057=CARTESIAN_POINT('',(-0.00512675780847232,-0.0023023427789736,1.0842021724855E-19));
#11058=CARTESIAN_POINT('',(-0.00509726015311854,-0.00240902782308212,0.000635));
#11059=CARTESIAN_POINT('',(-0.00509726015311854,-0.00240902782308212,1.0842021724855E-19));
#11060=CARTESIAN_POINT('',(-0.00508602113210757,-0.00276123141879534,0.000635));
#11061=CARTESIAN_POINT('',(-0.00508602113210757,-0.00276123141879534,1.0842021724855E-19));
#11062=CARTESIAN_POINT('',(-0.0050647538288067,-0.0030450523303815,0.000635));
#11063=CARTESIAN_POINT('',(-0.0050647538288067,-0.0030450523303815,1.0842021724855E-19));
#11064=CARTESIAN_POINT('',(-0.00506140262851596,-0.00352333707132526,0.000635));
#11065=CARTESIAN_POINT('',(-0.00506140262851596,-0.00352333707132526,1.0842021724855E-19));
#11066=CARTESIAN_POINT('',(-0.00506174898795132,-0.00360055110911466,0.000635));
#11067=CARTESIAN_POINT('',(-0.00506174898795132,-0.00360055110911466,1.0842021724855E-19));
#11068=CARTESIAN_POINT('',(-0.00507534018952429,-0.00363635624384671,0.000635));
#11069=CARTESIAN_POINT('',(-0.00507534018952429,-0.00363635624384671,1.0842021724855E-19));
#11070=CARTESIAN_POINT('',(-0.0051022956797459,-0.00366361986840105,0.000635));
#11071=CARTESIAN_POINT('',(-0.0051022956797459,-0.00366361986840105,1.0842021724855E-19));
#11072=CARTESIAN_POINT('',(-0.00512200428371936,-0.00366675414974727,0.000635));
#11073=CARTESIAN_POINT('',(-0.00512200428371936,-0.00366675414974727,1.0842021724855E-19));
#11074=CARTESIAN_POINT('',(-0.0051312642171979,-0.00366822676733136,0.000635));
#11075=CARTESIAN_POINT('',(-0.0051312642171979,-0.00366822676733136,1.0842021724855E-19));
#11076=CARTESIAN_POINT('',(-0.00513858161866665,-0.00225957925431431,0.));
#11077=CARTESIAN_POINT('',(-0.00512675780847232,-0.0023023427789736,0.));
#11078=CARTESIAN_POINT('',(-0.00509726015311854,-0.00240902782308212,0.));
#11079=CARTESIAN_POINT('',(-0.00508602113210757,-0.00276123141879534,0.));
#11080=CARTESIAN_POINT('',(-0.0050647538288067,-0.0030450523303815,0.));
#11081=CARTESIAN_POINT('',(-0.00506140262851596,-0.00352333707132526,0.));
#11082=CARTESIAN_POINT('',(-0.00506174898795132,-0.00360055110911466,0.));
#11083=CARTESIAN_POINT('',(-0.00507534018952429,-0.00363635624384671,0.));
#11084=CARTESIAN_POINT('',(-0.0051022956797459,-0.00366361986840105,0.));
#11085=CARTESIAN_POINT('',(-0.00512200428371936,-0.00366675414974727,0.));
#11086=CARTESIAN_POINT('',(-0.0051312642171979,-0.00366822676733136,0.));
#11087=CARTESIAN_POINT('',(-0.00513858161866665,-0.00225957925431431,0.000635));
#11088=CARTESIAN_POINT('',(-0.00512675780847232,-0.0023023427789736,0.000635));
#11089=CARTESIAN_POINT('',(-0.00509726015311854,-0.00240902782308212,0.000635));
#11090=CARTESIAN_POINT('',(-0.00508602113210757,-0.00276123141879534,0.000635));
#11091=CARTESIAN_POINT('',(-0.0050647538288067,-0.0030450523303815,0.000635));
#11092=CARTESIAN_POINT('',(-0.00506140262851596,-0.00352333707132526,0.000635));
#11093=CARTESIAN_POINT('',(-0.00506174898795132,-0.00360055110911466,0.000635));
#11094=CARTESIAN_POINT('',(-0.00507534018952429,-0.00363635624384671,0.000635));
#11095=CARTESIAN_POINT('',(-0.0051022956797459,-0.00366361986840105,0.000635));
#11096=CARTESIAN_POINT('',(-0.00512200428371936,-0.00366675414974727,0.000635));
#11097=CARTESIAN_POINT('',(-0.0051312642171979,-0.00366822676733136,0.000635));
#11098=CARTESIAN_POINT('',(0.00131238009563302,-0.00149779486655337,0.000635));
#11099=CARTESIAN_POINT('',(0.0114868627861142,-0.00282980385236442,0.000635));
#11100=CARTESIAN_POINT('',(0.0114868627861142,-0.00282980385236442,0.000381));
#11101=CARTESIAN_POINT('',(0.0114849055426899,-0.00291115570130306,0.000635));
#11102=CARTESIAN_POINT('',(0.0114849055426899,-0.00291115570130306,0.000381));
#11103=CARTESIAN_POINT('',(0.0114464579919266,-0.00311222523399057,0.000635));
#11104=CARTESIAN_POINT('',(0.0114464579919266,-0.00311222523399057,0.000381));
#11105=CARTESIAN_POINT('',(0.011821332100385,-0.00332997701119168,0.000635));
#11106=CARTESIAN_POINT('',(0.011821332100385,-0.00332997701119168,0.000381));
#11107=CARTESIAN_POINT('',(0.0122545512693653,-0.00356931817675177,0.000635));
#11108=CARTESIAN_POINT('',(0.0122545512693653,-0.00356931817675177,0.000381));
#11109=CARTESIAN_POINT('',(0.012746486819436,-0.00372431122999685,0.000635));
#11110=CARTESIAN_POINT('',(0.012746486819436,-0.00372431122999685,0.000381));
#11111=CARTESIAN_POINT('',(0.0131289931045051,-0.00370999800319024,0.000635));
#11112=CARTESIAN_POINT('',(0.0131289931045051,-0.00370999800319024,0.000381));
#11113=CARTESIAN_POINT('',(0.0133423479242739,-0.00352420609739037,0.000635));
#11114=CARTESIAN_POINT('',(0.0133423479242739,-0.00352420609739037,0.000381000000000001));
#11115=CARTESIAN_POINT('',(0.0134717715381815,-0.00318546122966427,0.000635));
#11116=CARTESIAN_POINT('',(0.0134717715381815,-0.00318546122966427,0.000381));
#11117=CARTESIAN_POINT('',(0.0134422179386908,-0.00275352541355809,0.000635));
#11118=CARTESIAN_POINT('',(0.0134422179386908,-0.00275352541355809,0.000381));
#11119=CARTESIAN_POINT('',(0.013333756435166,-0.00252778468999737,0.000635));
#11120=CARTESIAN_POINT('',(0.013333756435166,-0.00252778468999737,0.000381));
#11121=CARTESIAN_POINT('',(0.0132816787809133,-0.00241268426179886,0.000635));
#11122=CARTESIAN_POINT('',(0.0132816787809133,-0.00241268426179886,0.000381));
#11123=CARTESIAN_POINT('',(0.0114868627861142,-0.00282980385236442,0.000635));
#11124=CARTESIAN_POINT('',(0.0114868627861142,-0.00282980385236442,0.000635));
#11125=CARTESIAN_POINT('',(0.0114868627861142,-0.00282980385236442,0.000635));
#11126=CARTESIAN_POINT('',(0.0114859017908335,-0.00286974714298443,0.000635));
#11127=CARTESIAN_POINT('',(0.0114838414321344,-0.00295518088721008,0.000635));
#11128=CARTESIAN_POINT('',(0.0115029767352751,-0.00313894380304973,0.000635));
#11129=CARTESIAN_POINT('',(0.0117658757727312,-0.00329712898490498,0.000635));
#11130=CARTESIAN_POINT('',(0.0121334596871918,-0.00350794871150381,0.000635));
#11131=CARTESIAN_POINT('',(0.0125812929178597,-0.00368674145828872,0.000635));
#11132=CARTESIAN_POINT('',(0.0130105493390778,-0.00372989581610491,0.000635));
#11133=CARTESIAN_POINT('',(0.0133521344111601,-0.00358611305918081,0.000635));
#11134=CARTESIAN_POINT('',(0.0134931864485887,-0.00307369964334089,0.000635));
#11135=CARTESIAN_POINT('',(0.0134035270622134,-0.00268514069352785,0.000635));
#11136=CARTESIAN_POINT('',(0.013320815990327,-0.00249918411719087,0.000635));
#11137=CARTESIAN_POINT('',(0.0132816787809133,-0.00241268426179886,0.000635));
#11138=CARTESIAN_POINT('',(0.0132816787809133,-0.00241268426179886,0.000635));
#11139=CARTESIAN_POINT('',(0.0132816787809133,-0.00241268426179886,0.000635));
#11140=CARTESIAN_POINT('',(0.0114868627861142,-0.00282980385236442,0.000635));
#11141=CARTESIAN_POINT('',(0.0114868627861142,-0.00282980385236442,0.000381));
#11142=CARTESIAN_POINT('',(0.0115367057360966,-0.00264695124820788,0.000635));
#11143=CARTESIAN_POINT('',(0.0115367057360966,-0.00264695124820788,0.000381));
#11144=CARTESIAN_POINT('',(0.0116418339901648,-0.00226128035526161,0.000635));
#11145=CARTESIAN_POINT('',(0.0116418339901648,-0.00226128035526161,0.000381));
#11146=CARTESIAN_POINT('',(0.0118724201582446,-0.00156893246594771,0.000635));
#11147=CARTESIAN_POINT('',(0.0118724201582446,-0.00156893246594771,0.000381));
#11148=CARTESIAN_POINT('',(0.0120376013257177,-0.00100287047086585,0.000635));
#11149=CARTESIAN_POINT('',(0.0120376013257177,-0.00100287047086585,0.000381));
#11150=CARTESIAN_POINT('',(0.0121378165552736,-0.000584833853680373,0.000635));
#11151=CARTESIAN_POINT('',(0.0121378165552736,-0.000584833853680373,0.000381));
#11152=CARTESIAN_POINT('',(0.0121888900175691,-0.000371786620235071,0.000635));
#11153=CARTESIAN_POINT('',(0.0121888900175691,-0.000371786620235071,0.000381));
#11154=CARTESIAN_POINT('',(0.0121888900175691,-0.00037178662023507,0.000635));
#11155=CARTESIAN_POINT('',(0.0121888900175691,-0.00037178662023507,0.000635));
#11156=CARTESIAN_POINT('',(0.0114868627861142,-0.00282980385236442,0.000635));
#11157=CARTESIAN_POINT('',(0.0115367057360966,-0.00264695124820788,0.000635));
#11158=CARTESIAN_POINT('',(0.0116418339901648,-0.00226128035526161,0.000635));
#11159=CARTESIAN_POINT('',(0.0118724201582446,-0.00156893246594771,0.000635));
#11160=CARTESIAN_POINT('',(0.0120376013257177,-0.00100287047086585,0.000635));
#11161=CARTESIAN_POINT('',(0.0121378165552736,-0.000584833853680373,0.000635));
#11162=CARTESIAN_POINT('',(0.0121888900175691,-0.000371786620235071,0.000635));
#11163=CARTESIAN_POINT('',(0.0121671836823225,-0.00254063925240189,0.000635));
#11164=CARTESIAN_POINT('',(0.0121671836823225,-0.00254063925240189,0.));
#11165=CARTESIAN_POINT('',(0.0120218191295862,-0.00287207053042949,0.));
#11166=CARTESIAN_POINT('',(0.0123125482350588,-0.0022092079743743,0.));
#11167=CARTESIAN_POINT('',(0.0120218191295862,-0.00287207053042949,0.000635));
#11168=CARTESIAN_POINT('',(0.0120218191295862,-0.00287207053042949,0.000635));
#11169=CARTESIAN_POINT('',(0.0121671836823225,-0.00254063925240189,0.000635));
#11170=CARTESIAN_POINT('',(0.0123125482350588,-0.0022092079743743,0.000635));
#11171=CARTESIAN_POINT('',(0.0123125482350588,-0.0022092079743743,0.000635));
#11172=CARTESIAN_POINT('',(0.0125211076810956,-0.00124450633302331,0.000635));
#11173=CARTESIAN_POINT('',(0.0125211076810956,-0.00124450633302331,0.));
#11174=CARTESIAN_POINT('',(0.0124227944761515,-0.00163775763940066,0.));
#11175=CARTESIAN_POINT('',(0.0126194208860397,-0.000851255026645958,0.));
#11176=CARTESIAN_POINT('',(0.0124227944761515,-0.00163775763940066,0.000635));
#11177=CARTESIAN_POINT('',(0.0124227944761515,-0.00163775763940066,0.000635));
#11178=CARTESIAN_POINT('',(0.0125211076810956,-0.00124450633302331,0.000635));
#11179=CARTESIAN_POINT('',(0.0126194208860397,-0.000851255026645958,0.000635));
#11180=CARTESIAN_POINT('',(0.0126194208860397,-0.000851255026645958,0.000635));
#11181=CARTESIAN_POINT('',(0.0120218191295862,-0.00287207053042949,0.000635));
#11182=CARTESIAN_POINT('',(0.0120218191295862,-0.00287207053042949,1.0842021724855E-19));
#11183=CARTESIAN_POINT('',(0.0120649849533797,-0.0028929612572368,0.000635));
#11184=CARTESIAN_POINT('',(0.0120649849533797,-0.0028929612572368,1.0842021724855E-19));
#11185=CARTESIAN_POINT('',(0.0121756989265881,-0.00294654289114964,0.000635));
#11186=CARTESIAN_POINT('',(0.0121756989265881,-0.00294654289114964,1.0842021724855E-19));
#11187=CARTESIAN_POINT('',(0.0125444927117467,-0.00308032726895257,0.000635));
#11188=CARTESIAN_POINT('',(0.0125444927117467,-0.00308032726895257,1.0842021724855E-19));
#11189=CARTESIAN_POINT('',(0.0128244361492366,-0.00311185842628757,0.000635));
#11190=CARTESIAN_POINT('',(0.0128244361492366,-0.00311185842628757,1.0842021724855E-19));
#11191=CARTESIAN_POINT('',(0.0129172077086874,-0.00298251635918765,0.000635));
#11192=CARTESIAN_POINT('',(0.0129172077086874,-0.00298251635918765,1.0842021724855E-19));
#11193=CARTESIAN_POINT('',(0.0129917310809915,-0.00278466951223913,0.000635));
#11194=CARTESIAN_POINT('',(0.0129917310809915,-0.00278466951223913,1.0842021724855E-19));
#11195=CARTESIAN_POINT('',(0.0128866995192627,-0.00255479341399134,0.000635));
#11196=CARTESIAN_POINT('',(0.0128866995192627,-0.00255479341399134,1.0842021724855E-19));
#11197=CARTESIAN_POINT('',(0.0126550522685587,-0.00237525527004908,0.000635));
#11198=CARTESIAN_POINT('',(0.0126550522685587,-0.00237525527004908,1.0842021724855E-19));
#11199=CARTESIAN_POINT('',(0.0124321033104654,-0.00226716874275594,0.000635));
#11200=CARTESIAN_POINT('',(0.0124321033104654,-0.00226716874275594,1.0842021724855E-19));
#11201=CARTESIAN_POINT('',(0.0123125482350588,-0.0022092079743743,0.000635));
#11202=CARTESIAN_POINT('',(0.0123125482350588,-0.0022092079743743,1.0842021724855E-19));
#11203=CARTESIAN_POINT('',(0.0120218191295862,-0.00287207053042949,0.));
#11204=CARTESIAN_POINT('',(0.0120649849533797,-0.0028929612572368,0.));
#11205=CARTESIAN_POINT('',(0.0121756989265881,-0.00294654289114964,0.));
#11206=CARTESIAN_POINT('',(0.0125444927117467,-0.00308032726895257,0.));
#11207=CARTESIAN_POINT('',(0.0128244361492366,-0.00311185842628757,0.));
#11208=CARTESIAN_POINT('',(0.0129172077086874,-0.00298251635918765,0.));
#11209=CARTESIAN_POINT('',(0.0129917310809915,-0.00278466951223913,0.));
#11210=CARTESIAN_POINT('',(0.0128866995192627,-0.00255479341399134,0.));
#11211=CARTESIAN_POINT('',(0.0126550522685587,-0.00237525527004908,0.));
#11212=CARTESIAN_POINT('',(0.0124321033104654,-0.00226716874275594,0.));
#11213=CARTESIAN_POINT('',(0.0123125482350588,-0.0022092079743743,0.));
#11214=CARTESIAN_POINT('',(0.0120218191295862,-0.00287207053042949,0.000635));
#11215=CARTESIAN_POINT('',(0.0120649849533797,-0.0028929612572368,0.000635));
#11216=CARTESIAN_POINT('',(0.0121756989265881,-0.00294654289114964,0.000635));
#11217=CARTESIAN_POINT('',(0.0125444927117467,-0.00308032726895257,0.000635));
#11218=CARTESIAN_POINT('',(0.0128244361492366,-0.00311185842628757,0.000635));
#11219=CARTESIAN_POINT('',(0.0129172077086874,-0.00298251635918765,0.000635));
#11220=CARTESIAN_POINT('',(0.0129917310809915,-0.00278466951223913,0.000635));
#11221=CARTESIAN_POINT('',(0.0128866995192627,-0.00255479341399134,0.000635));
#11222=CARTESIAN_POINT('',(0.0126550522685587,-0.00237525527004908,0.000635));
#11223=CARTESIAN_POINT('',(0.0124321033104654,-0.00226716874275594,0.000635));
#11224=CARTESIAN_POINT('',(0.0123125482350588,-0.0022092079743743,0.000635));
#11225=CARTESIAN_POINT('',(0.0124227944761515,-0.00163775763940066,0.000635));
#11226=CARTESIAN_POINT('',(0.0124227944761515,-0.00163775763940066,-1.0842021724855E-19));
#11227=CARTESIAN_POINT('',(0.0124794942453438,-0.00167558316334962,0.000635));
#11228=CARTESIAN_POINT('',(0.0124794942453438,-0.00167558316334962,-1.0842021724855E-19));
#11229=CARTESIAN_POINT('',(0.0126064300970369,-0.00175933304257032,0.000635));
#11230=CARTESIAN_POINT('',(0.0126064300970369,-0.00175933304257032,0.));
#11231=CARTESIAN_POINT('',(0.0129556190289382,-0.0019064105792809,0.000635));
#11232=CARTESIAN_POINT('',(0.0129556190289382,-0.0019064105792809,-1.0842021724855E-19));
#11233=CARTESIAN_POINT('',(0.0132269648707725,-0.00188971534615294,0.000635));
#11234=CARTESIAN_POINT('',(0.0132269648707725,-0.00188971534615294,-1.0842021724855E-19));
#11235=CARTESIAN_POINT('',(0.0134724606007291,-0.0017196777451019,0.000635));
#11236=CARTESIAN_POINT('',(0.0134724606007291,-0.0017196777451019,-3.25260651745651E-19));
#11237=CARTESIAN_POINT('',(0.0134681255280182,-0.00136360008204289,0.000635));
#11238=CARTESIAN_POINT('',(0.0134681255280182,-0.00136360008204289,0.));
#11239=CARTESIAN_POINT('',(0.0132999549897829,-0.00116808606418774,0.000635));
#11240=CARTESIAN_POINT('',(0.0132999549897829,-0.00116808606418774,-2.16840434497101E-19));
#11241=CARTESIAN_POINT('',(0.0130355605014932,-0.0010233929000853,0.000635));
#11242=CARTESIAN_POINT('',(0.0130355605014932,-0.0010233929000853,-1.0842021724855E-19));
#11243=CARTESIAN_POINT('',(0.0127545735658269,-0.000911738238874883,0.000635));
#11244=CARTESIAN_POINT('',(0.0127545735658269,-0.000911738238874883,-1.0842021724855E-19));
#11245=CARTESIAN_POINT('',(0.0126194208860397,-0.000851255026645958,0.000635));
#11246=CARTESIAN_POINT('',(0.0126194208860397,-0.000851255026645958,-1.0842021724855E-19));
#11247=CARTESIAN_POINT('',(0.0124227944761515,-0.00163775763940066,0.));
#11248=CARTESIAN_POINT('',(0.0124665664236019,-0.00166695876085431,0.));
#11249=CARTESIAN_POINT('',(0.0125723950650857,-0.00173749868001454,0.));
#11250=CARTESIAN_POINT('',(0.012902439440419,-0.00189593630443909,0.));
#11251=CARTESIAN_POINT('',(0.0131753400602127,-0.00189458466781242,0.));
#11252=CARTESIAN_POINT('',(0.0134337196706636,-0.00178294360530856,0.));
#11253=CARTESIAN_POINT('',(0.0134923771162599,-0.00144707338931972,0.));
#11254=CARTESIAN_POINT('',(0.0133525888445788,-0.00121866382980057,0.));
#11255=CARTESIAN_POINT('',(0.01312732472911,-0.00105778573869469,0.));
#11256=CARTESIAN_POINT('',(0.0128049902115006,-0.000934300578629833,0.));
#11257=CARTESIAN_POINT('',(0.0126194208860397,-0.000851255026645958,0.));
#11258=CARTESIAN_POINT('',(0.0124227944761515,-0.00163775763940066,0.000635));
#11259=CARTESIAN_POINT('',(0.0124665664236019,-0.00166695876085431,0.000635));
#11260=CARTESIAN_POINT('',(0.0125723950650857,-0.00173749868001454,0.000635));
#11261=CARTESIAN_POINT('',(0.012902439440419,-0.00189593630443909,0.000635));
#11262=CARTESIAN_POINT('',(0.0131753400602127,-0.00189458466781242,0.000635));
#11263=CARTESIAN_POINT('',(0.0134337196706636,-0.00178294360530856,0.000635));
#11264=CARTESIAN_POINT('',(0.0134923771162599,-0.00144707338931972,0.000635));
#11265=CARTESIAN_POINT('',(0.0133525888445788,-0.00121866382980057,0.000635));
#11266=CARTESIAN_POINT('',(0.01312732472911,-0.00105778573869469,0.000635));
#11267=CARTESIAN_POINT('',(0.0128049902115006,-0.000934300578629833,0.000635));
#11268=CARTESIAN_POINT('',(0.0126194208860397,-0.000851255026645958,0.000635));
#11269=CARTESIAN_POINT('',(0.0121888900175691,-0.00037178662023507,0.000635));
#11270=CARTESIAN_POINT('',(0.0121888900175691,-0.00037178662023507,0.000381));
#11271=CARTESIAN_POINT('',(0.0122189781630895,-0.000353824236525699,0.000635));
#11272=CARTESIAN_POINT('',(0.0122189781630895,-0.000353824236525699,0.000381));
#11273=CARTESIAN_POINT('',(0.0122993003854529,-0.000305872508244609,0.000635));
#11274=CARTESIAN_POINT('',(0.0122993003854529,-0.000305872508244609,0.000381));
#11275=CARTESIAN_POINT('',(0.0126529837590261,-0.000329902702495964,0.000635));
#11276=CARTESIAN_POINT('',(0.0126529837590261,-0.000329902702495964,0.000381));
#11277=CARTESIAN_POINT('',(0.01295854366502,-0.000416216403408184,0.000635));
#11278=CARTESIAN_POINT('',(0.01295854366502,-0.000416216403408184,0.000381));
#11279=CARTESIAN_POINT('',(0.0135437789690094,-0.000710089907314591,0.000635));
#11280=CARTESIAN_POINT('',(0.0135437789690094,-0.000710089907314591,0.000381));
#11281=CARTESIAN_POINT('',(0.0138222539239446,-0.000976608714614702,0.000635));
#11282=CARTESIAN_POINT('',(0.0138222539239446,-0.000976608714614702,0.000381));
#11283=CARTESIAN_POINT('',(0.0140531625041972,-0.00134200618739712,0.000635));
#11284=CARTESIAN_POINT('',(0.0140531625041972,-0.00134200618739712,0.000381));
#11285=CARTESIAN_POINT('',(0.0139405940518039,-0.00181275827546501,0.000635));
#11286=CARTESIAN_POINT('',(0.0139405940518039,-0.00181275827546501,0.000381));
#11287=CARTESIAN_POINT('',(0.0136972848183037,-0.00231579023468635,0.000635));
#11288=CARTESIAN_POINT('',(0.0136972848183037,-0.00231579023468635,0.000381));
#11289=CARTESIAN_POINT('',(0.0134135347835913,-0.00238194346895897,0.000635));
#11290=CARTESIAN_POINT('',(0.0134135347835913,-0.00238194346895897,0.000381));
#11291=CARTESIAN_POINT('',(0.0132816787809133,-0.00241268426179886,0.000635));
#11292=CARTESIAN_POINT('',(0.0132816787809133,-0.00241268426179886,0.000381));
#11293=CARTESIAN_POINT('',(0.0121888900175691,-0.00037178662023507,0.000635));
#11294=CARTESIAN_POINT('',(0.0122189781630895,-0.000353824236525699,0.000635));
#11295=CARTESIAN_POINT('',(0.0122993003854529,-0.000305872508244609,0.000635));
#11296=CARTESIAN_POINT('',(0.0126529837590261,-0.000329902702495964,0.000635));
#11297=CARTESIAN_POINT('',(0.01295854366502,-0.000416216403408184,0.000635));
#11298=CARTESIAN_POINT('',(0.0135437789690094,-0.000710089907314591,0.000635));
#11299=CARTESIAN_POINT('',(0.0138222539239446,-0.000976608714614702,0.000635));
#11300=CARTESIAN_POINT('',(0.0140531625041972,-0.00134200618739712,0.000635));
#11301=CARTESIAN_POINT('',(0.0139405940518039,-0.00181275827546501,0.000635));
#11302=CARTESIAN_POINT('',(0.0136972848183037,-0.00231579023468635,0.000635));
#11303=CARTESIAN_POINT('',(0.0134135347835913,-0.00238194346895897,0.000635));
#11304=CARTESIAN_POINT('',(0.0132816787809133,-0.00241268426179886,0.000635));
#11305=CARTESIAN_POINT('',(0.00131238009563302,-0.00149779486655337,0.000635));
#11306=CARTESIAN_POINT('',(1.38777878078145E-17,0.,0.));
#11307=CARTESIAN_POINT('',(-0.0103690545074642,-0.00595028465613723,0.000635));
#11308=CARTESIAN_POINT('',(-0.0103837503120303,-0.00595028465613723,0.000635));
#11309=CARTESIAN_POINT('',(-0.0103837503120303,-0.00595028465613723,0.000635));
#11310=CARTESIAN_POINT('',(-0.0103690545074642,-0.00595028465613723,0.000635));
#11311=CARTESIAN_POINT('',(-0.010354358702898,-0.00595028465613723,0.000635));
#11312=CARTESIAN_POINT('',(-0.010354358702898,-0.00595028465613723,0.000635));
#11313=CARTESIAN_POINT('',(-0.0103837503120303,-0.00595028465613723,0.000635));
#11314=CARTESIAN_POINT('',(-0.0103837503120303,-0.00595028465613723,0.000381));
#11315=CARTESIAN_POINT('',(-0.010478551728916,-0.00592678521595215,0.000635));
#11316=CARTESIAN_POINT('',(-0.010478551728916,-0.00592678521595215,0.000381));
#11317=CARTESIAN_POINT('',(-0.0106805566203865,-0.00587324940091201,0.000635));
#11318=CARTESIAN_POINT('',(-0.0106805566203865,-0.00587324940091201,0.000381));
#11319=CARTESIAN_POINT('',(-0.0108520056807927,-0.00550268871250931,0.000635));
#11320=CARTESIAN_POINT('',(-0.0108520056807927,-0.00550268871250931,0.000381));
#11321=CARTESIAN_POINT('',(-0.0109015792716793,-0.00508221568737727,0.000635));
#11322=CARTESIAN_POINT('',(-0.0109015792716793,-0.00508221568737727,0.000381));
#11323=CARTESIAN_POINT('',(-0.0109944486012097,-0.00465334260581857,0.000635));
#11324=CARTESIAN_POINT('',(-0.0109944486012097,-0.00465334260581857,0.000381));
#11325=CARTESIAN_POINT('',(-0.0111314545562003,-0.00409641147183783,0.000635));
#11326=CARTESIAN_POINT('',(-0.0111314545562003,-0.00409641147183783,0.000381));
#11327=CARTESIAN_POINT('',(-0.0112805045240927,-0.00351948534078535,0.000635));
#11328=CARTESIAN_POINT('',(-0.0112805045240927,-0.00351948534078535,0.000381));
#11329=CARTESIAN_POINT('',(-0.0113874245038315,-0.00319263878463778,0.000635));
#11330=CARTESIAN_POINT('',(-0.0113874245038315,-0.00319263878463778,0.000381));
#11331=CARTESIAN_POINT('',(-0.0115251398172839,-0.00272222613264378,0.000635));
#11332=CARTESIAN_POINT('',(-0.0115251398172839,-0.00272222613264378,0.000381));
#11333=CARTESIAN_POINT('',(-0.01167540043111,-0.00245757452904978,0.000635));
#11334=CARTESIAN_POINT('',(-0.01167540043111,-0.00245757452904978,0.000381));
#11335=CARTESIAN_POINT('',(-0.0117104614349528,-0.00209437924543752,0.000635));
#11336=CARTESIAN_POINT('',(-0.0117104614349528,-0.00209437924543752,0.000381));
#11337=CARTESIAN_POINT('',(-0.0116821887180864,-0.00182557179051048,0.000635));
#11338=CARTESIAN_POINT('',(-0.0116821887180864,-0.00182557179051048,0.000381));
#11339=CARTESIAN_POINT('',(-0.0116044027525032,-0.00169517859967892,0.000635));
#11340=CARTESIAN_POINT('',(-0.0116044027525032,-0.00169517859967892,0.000381));
#11341=CARTESIAN_POINT('',(-0.0114595341557911,-0.00159027811382933,0.000635));
#11342=CARTESIAN_POINT('',(-0.0114595341557911,-0.00159027811382933,0.000381));
#11343=CARTESIAN_POINT('',(-0.0112342798863762,-0.00162862934441965,0.000635));
#11344=CARTESIAN_POINT('',(-0.0112342798863762,-0.00162862934441965,0.000381));
#11345=CARTESIAN_POINT('',(-0.0110320671899959,-0.00167925392259374,0.000635));
#11346=CARTESIAN_POINT('',(-0.0110320671899959,-0.00167925392259374,0.000381));
#11347=CARTESIAN_POINT('',(-0.0108290703178938,-0.00180812174984151,0.000635));
#11348=CARTESIAN_POINT('',(-0.0108290703178938,-0.00180812174984151,0.000381));
#11349=CARTESIAN_POINT('',(-0.0105866822501112,-0.00211059292272519,0.000635));
#11350=CARTESIAN_POINT('',(-0.0105866822501112,-0.00211059292272519,0.000381));
#11351=CARTESIAN_POINT('',(-0.0103387516674261,-0.00258261303109506,0.000635));
#11352=CARTESIAN_POINT('',(-0.0103387516674261,-0.00258261303109506,0.000381));
#11353=CARTESIAN_POINT('',(-0.0101942669365259,-0.00289064784599163,0.000635));
#11354=CARTESIAN_POINT('',(-0.0101942669365259,-0.00289064784599163,0.000381));
#11355=CARTESIAN_POINT('',(-0.0101214069873094,-0.00304751796647907,0.000635));
#11356=CARTESIAN_POINT('',(-0.0101214069873094,-0.00304751796647907,0.000381));
#11357=CARTESIAN_POINT('',(-0.0101214069873095,-0.00304751796647907,0.000635));
#11358=CARTESIAN_POINT('',(-0.0101214069873095,-0.00304751796647907,0.000635));
#11359=CARTESIAN_POINT('',(-0.0103837503120303,-0.00595028465613723,0.000635));
#11360=CARTESIAN_POINT('',(-0.0104490421442993,-0.00593410007200987,0.000635));
#11361=CARTESIAN_POINT('',(-0.0105909490745454,-0.00590540343023838,0.000635));
#11362=CARTESIAN_POINT('',(-0.0107968613572838,-0.00569136351106526,0.000635));
#11363=CARTESIAN_POINT('',(-0.0108712154640913,-0.005310077749074,0.000635));
#11364=CARTESIAN_POINT('',(-0.0109391964548428,-0.00488433857417108,0.000635));
#11365=CARTESIAN_POINT('',(-0.011074757908878,-0.00432899994480287,0.000635));
#11366=CARTESIAN_POINT('',(-0.0112559834121402,-0.00359655239999319,0.000635));
#11367=CARTESIAN_POINT('',(-0.0113763409351771,-0.00323676156771381,0.000635));
#11368=CARTESIAN_POINT('',(-0.0114982290148584,-0.00279002591949907,0.000635));
#11369=CARTESIAN_POINT('',(-0.0116414732301178,-0.0025277738788616,0.000635));
#11370=CARTESIAN_POINT('',(-0.0117088221524481,-0.00221135190902047,0.000635));
#11371=CARTESIAN_POINT('',(-0.0116969295617597,-0.00183575888064258,0.000635));
#11372=CARTESIAN_POINT('',(-0.0116102469331782,-0.00171238701395562,0.000635));
#11373=CARTESIAN_POINT('',(-0.0114838244903758,-0.00159942829569021,0.000635));
#11374=CARTESIAN_POINT('',(-0.0112524806966482,-0.00161913825569161,0.000635));
#11375=CARTESIAN_POINT('',(-0.0108143638688907,-0.00173091070929286,0.000635));
#11376=CARTESIAN_POINT('',(-0.0104045531463373,-0.00243789398840665,0.000635));
#11377=CARTESIAN_POINT('',(-0.0102136362936709,-0.00284894491561939,0.000635));
#11378=CARTESIAN_POINT('',(-0.0101214069873094,-0.00304751796647907,0.000635));
#11379=CARTESIAN_POINT('',(-0.00954031059518456,-0.0028282362036407,0.000635));
#11380=CARTESIAN_POINT('',(-0.00895921420305967,-0.00260895444080234,0.000635));
#11381=CARTESIAN_POINT('',(-0.00895921420305967,-0.00260895444080234,0.000635));
#11382=CARTESIAN_POINT('',(-0.00954031059518456,-0.0028282362036407,0.000635));
#11383=CARTESIAN_POINT('',(-0.00895921420305967,-0.00260895444080234,0.000635));
#11384=CARTESIAN_POINT('',(-0.00895921420305967,-0.00260895444080234,0.000381));
#11385=CARTESIAN_POINT('',(-0.00896888904741998,-0.00256970686040456,0.000635));
#11386=CARTESIAN_POINT('',(-0.00896888904741998,-0.00256970686040456,0.000381));
#11387=CARTESIAN_POINT('',(-0.00899608156586861,-0.00245939598466485,0.000635));
#11388=CARTESIAN_POINT('',(-0.00899608156586861,-0.00245939598466485,0.000381));
#11389=CARTESIAN_POINT('',(-0.00906490505673123,-0.00200704248254241,0.000635));
#11390=CARTESIAN_POINT('',(-0.00906490505673123,-0.00200704248254241,0.000381));
#11391=CARTESIAN_POINT('',(-0.00920986153516381,-0.00143630710789087,0.000635));
#11392=CARTESIAN_POINT('',(-0.00920986153516381,-0.00143630710789087,0.000381));
#11393=CARTESIAN_POINT('',(-0.00924071972910187,-0.00114580456166555,0.000635));
#11394=CARTESIAN_POINT('',(-0.00924071972910187,-0.00114580456166555,0.000381));
#11395=CARTESIAN_POINT('',(-0.0091778404155349,-0.000982874200592702,0.000635));
#11396=CARTESIAN_POINT('',(-0.0091778404155349,-0.000982874200592702,0.000381));
#11397=CARTESIAN_POINT('',(-0.00906424746235453,-0.000842480133533934,0.000635));
#11398=CARTESIAN_POINT('',(-0.00906424746235453,-0.000842480133533934,0.000381));
#11399=CARTESIAN_POINT('',(-0.00888351666556057,-0.000840729865962462,0.000635));
#11400=CARTESIAN_POINT('',(-0.00888351666556057,-0.000840729865962462,0.000381));
#11401=CARTESIAN_POINT('',(-0.00855583519546188,-0.000879564868716193,0.000635));
#11402=CARTESIAN_POINT('',(-0.00855583519546188,-0.000879564868716193,0.000381));
#11403=CARTESIAN_POINT('',(-0.00836345622826883,-0.00113728979619349,0.000635));
#11404=CARTESIAN_POINT('',(-0.00836345622826883,-0.00113728979619349,0.000381));
#11405=CARTESIAN_POINT('',(-0.00826692197557774,-0.00128810450275856,0.000635));
#11406=CARTESIAN_POINT('',(-0.00826692197557774,-0.00128810450275856,0.000381));
#11407=CARTESIAN_POINT('',(-0.00822046585381031,-0.00136068253777921,0.000635));
#11408=CARTESIAN_POINT('',(-0.00822046585381031,-0.00136068253777921,0.000381));
#11409=CARTESIAN_POINT('',(-0.00822046585381031,-0.00136068253777921,0.000635));
#11410=CARTESIAN_POINT('',(-0.00822046585381031,-0.00136068253777921,0.000635));
#11411=CARTESIAN_POINT('',(-0.00895921420305967,-0.00260895444080234,0.000635));
#11412=CARTESIAN_POINT('',(-0.00896888904741998,-0.00256970686040456,0.000635));
#11413=CARTESIAN_POINT('',(-0.00899608156586861,-0.00245939598466485,0.000635));
#11414=CARTESIAN_POINT('',(-0.00906490505673123,-0.00200704248254241,0.000635));
#11415=CARTESIAN_POINT('',(-0.00920986153516381,-0.00143630710789087,0.000635));
#11416=CARTESIAN_POINT('',(-0.00924071972910187,-0.00114580456166555,0.000635));
#11417=CARTESIAN_POINT('',(-0.0091778404155349,-0.000982874200592702,0.000635));
#11418=CARTESIAN_POINT('',(-0.00906424746235453,-0.000842480133533934,0.000635));
#11419=CARTESIAN_POINT('',(-0.00888351666556057,-0.000840729865962462,0.000635));
#11420=CARTESIAN_POINT('',(-0.00855583519546188,-0.000879564868716193,0.000635));
#11421=CARTESIAN_POINT('',(-0.00836345622826883,-0.00113728979619349,0.000635));
#11422=CARTESIAN_POINT('',(-0.00826692197557774,-0.00128810450275856,0.000635));
#11423=CARTESIAN_POINT('',(-0.00822046585381031,-0.00136068253777921,0.000635));
#11424=CARTESIAN_POINT('',(-0.00786951137706637,-0.00244157225824892,0.000635));
#11425=CARTESIAN_POINT('',(-0.00751855690032244,-0.00352246197871864,0.000635));
#11426=CARTESIAN_POINT('',(-0.00751855690032244,-0.00352246197871864,0.000635));
#11427=CARTESIAN_POINT('',(-0.00786951137706637,-0.00244157225824892,0.000635));
#11428=CARTESIAN_POINT('',(-0.00751855690032244,-0.00352246197871864,0.000635));
#11429=CARTESIAN_POINT('',(-0.00751855690032244,-0.00352246197871864,0.000381));
#11430=CARTESIAN_POINT('',(-0.00749401281378989,-0.00361002042570991,0.000635));
#11431=CARTESIAN_POINT('',(-0.00749401281378989,-0.00361002042570991,0.000381));
#11432=CARTESIAN_POINT('',(-0.00742890006515434,-0.00384230330746645,0.000635));
#11433=CARTESIAN_POINT('',(-0.00742890006515434,-0.00384230330746645,0.000381));
#11434=CARTESIAN_POINT('',(-0.00722319710706222,-0.00471668322201957,0.000635));
#11435=CARTESIAN_POINT('',(-0.00722319710706222,-0.00471668322201957,0.000381));
#11436=CARTESIAN_POINT('',(-0.00718977197376924,-0.00507345875553131,0.000635));
#11437=CARTESIAN_POINT('',(-0.00718977197376924,-0.00507345875553131,0.000381));
#11438=CARTESIAN_POINT('',(-0.00740569158719114,-0.00531847356417734,0.000635));
#11439=CARTESIAN_POINT('',(-0.00740569158719114,-0.00531847356417734,0.000381));
#11440=CARTESIAN_POINT('',(-0.00763522625124057,-0.00538134534261571,0.000635));
#11441=CARTESIAN_POINT('',(-0.00763522625124057,-0.00538134534261571,0.000381));
#11442=CARTESIAN_POINT('',(-0.00786126074458398,-0.00534584372098283,0.000635));
#11443=CARTESIAN_POINT('',(-0.00786126074458398,-0.00534584372098283,0.000381));
#11444=CARTESIAN_POINT('',(-0.00810164432499665,-0.00519449795089678,0.000635));
#11445=CARTESIAN_POINT('',(-0.00810164432499665,-0.00519449795089678,0.000381));
#11446=CARTESIAN_POINT('',(-0.008245820484776,-0.0048644443665335,0.000635));
#11447=CARTESIAN_POINT('',(-0.008245820484776,-0.0048644443665335,0.000381));
#11448=CARTESIAN_POINT('',(-0.00850668892672713,-0.00437411021867771,0.000635));
#11449=CARTESIAN_POINT('',(-0.00850668892672713,-0.00437411021867771,0.000381));
#11450=CARTESIAN_POINT('',(-0.00872548521647051,-0.00391673921186853,0.000635));
#11451=CARTESIAN_POINT('',(-0.00872548521647051,-0.00391673921186853,0.000381));
#11452=CARTESIAN_POINT('',(-0.00878321114734838,-0.00375209893743494,0.000635));
#11453=CARTESIAN_POINT('',(-0.00878321114734838,-0.00375209893743494,0.000381));
#11454=CARTESIAN_POINT('',(-0.00880649127066135,-0.00368570163846016,0.000635));
#11455=CARTESIAN_POINT('',(-0.00880649127066135,-0.00368570163846016,0.000381));
#11456=CARTESIAN_POINT('',(-0.00880649127066135,-0.00368570163846016,0.000635));
#11457=CARTESIAN_POINT('',(-0.00880649127066135,-0.00368570163846016,0.000635));
#11458=CARTESIAN_POINT('',(-0.00751855690032244,-0.00352246197871864,0.000635));
#11459=CARTESIAN_POINT('',(-0.00749401281378989,-0.00361002042570991,0.000635));
#11460=CARTESIAN_POINT('',(-0.00742890006515434,-0.00384230330746645,0.000635));
#11461=CARTESIAN_POINT('',(-0.00722319710706222,-0.00471668322201957,0.000635));
#11462=CARTESIAN_POINT('',(-0.00718977197376924,-0.00507345875553131,0.000635));
#11463=CARTESIAN_POINT('',(-0.00740569158719114,-0.00531847356417734,0.000635));
#11464=CARTESIAN_POINT('',(-0.00763522625124057,-0.00538134534261571,0.000635));
#11465=CARTESIAN_POINT('',(-0.00786126074458398,-0.00534584372098283,0.000635));
#11466=CARTESIAN_POINT('',(-0.00810164432499665,-0.00519449795089678,0.000635));
#11467=CARTESIAN_POINT('',(-0.008245820484776,-0.0048644443665335,0.000635));
#11468=CARTESIAN_POINT('',(-0.00850668892672713,-0.00437411021867771,0.000635));
#11469=CARTESIAN_POINT('',(-0.00872548521647051,-0.00391673921186853,0.000635));
#11470=CARTESIAN_POINT('',(-0.00878321114734838,-0.00375209893743494,0.000635));
#11471=CARTESIAN_POINT('',(-0.00880649127066135,-0.00368570163846016,0.000635));
#11472=CARTESIAN_POINT('',(-0.00929563166573644,-0.00388201442547143,0.000635));
#11473=CARTESIAN_POINT('',(-0.00978477206081152,-0.00407832721248269,0.000635));
#11474=CARTESIAN_POINT('',(-0.00978477206081152,-0.00407832721248269,0.000635));
#11475=CARTESIAN_POINT('',(-0.00929563166573644,-0.00388201442547143,0.000635));
#11476=CARTESIAN_POINT('',(-0.00975611619651318,-0.00424367957748472,0.000635));
#11477=CARTESIAN_POINT('',(-0.00972746033221483,-0.00440903194248676,0.000635));
#11478=CARTESIAN_POINT('',(-0.00972746033221483,-0.00440903194248676,0.000635));
#11479=CARTESIAN_POINT('',(-0.00975611619651318,-0.00424367957748472,0.000635));
#11480=CARTESIAN_POINT('',(-0.00972746033221483,-0.00440903194248676,0.000635));
#11481=CARTESIAN_POINT('',(-0.00972746033221483,-0.00440903194248676,0.000381));
#11482=CARTESIAN_POINT('',(-0.00969880877940206,-0.00450562876677651,0.000635));
#11483=CARTESIAN_POINT('',(-0.00969880877940206,-0.00450562876677651,0.000381));
#11484=CARTESIAN_POINT('',(-0.00964288549210286,-0.00472090585458294,0.000635));
#11485=CARTESIAN_POINT('',(-0.00964288549210286,-0.00472090585458294,0.000381));
#11486=CARTESIAN_POINT('',(-0.00970709535974464,-0.00531871241569243,0.000635));
#11487=CARTESIAN_POINT('',(-0.00970709535974464,-0.00531871241569243,0.000381));
#11488=CARTESIAN_POINT('',(-0.00996615472721321,-0.00582369687193375,0.000635));
#11489=CARTESIAN_POINT('',(-0.00996615472721321,-0.00582369687193375,0.000381));
#11490=CARTESIAN_POINT('',(-0.0102320256902914,-0.00590603434352907,0.000635));
#11491=CARTESIAN_POINT('',(-0.0102320256902914,-0.00590603434352907,0.000381));
#11492=CARTESIAN_POINT('',(-0.010354358702898,-0.00595028465613723,0.000635));
#11493=CARTESIAN_POINT('',(-0.010354358702898,-0.00595028465613723,0.000381));
#11494=CARTESIAN_POINT('',(-0.00972746033221483,-0.00440903194248676,0.000635));
#11495=CARTESIAN_POINT('',(-0.00970572804392821,-0.00448230092189444,0.000635));
#11496=CARTESIAN_POINT('',(-0.00964984263600722,-0.00466957222868572,0.000635));
#11497=CARTESIAN_POINT('',(-0.00968265689473384,-0.00527397063227356,0.000635));
#11498=CARTESIAN_POINT('',(-0.00996618311718157,-0.00582993078968357,0.000635));
#11499=CARTESIAN_POINT('',(-0.010241976784061,-0.005909633854411,0.000635));
#11500=CARTESIAN_POINT('',(-0.010354358702898,-0.00595028465613723,0.000635));
#11501=CARTESIAN_POINT('',(0.00131238009563302,-0.00149779486655337,0.000635));
#11502=CARTESIAN_POINT('',(0.0010408602287219,-0.000450291941783396,0.000635));
#11503=CARTESIAN_POINT('',(0.0010408602287219,-0.000450291941783396,0.000381));
#11504=CARTESIAN_POINT('',(0.00108675920865861,-0.00052746333484516,0.000635));
#11505=CARTESIAN_POINT('',(0.00108675920865861,-0.00052746333484516,0.000381));
#11506=CARTESIAN_POINT('',(0.00124384579871836,-0.000653242180621663,0.000635));
#11507=CARTESIAN_POINT('',(0.00124384579871836,-0.000653242180621663,0.000381));
#11508=CARTESIAN_POINT('',(0.00154660493306072,-0.000995120669838773,0.000635));
#11509=CARTESIAN_POINT('',(0.00154660493306072,-0.000995120669838773,0.000381));
#11510=CARTESIAN_POINT('',(0.00190028827762862,-0.00144517811915991,0.000635));
#11511=CARTESIAN_POINT('',(0.00190028827762862,-0.00144517811915991,0.000381));
#11512=CARTESIAN_POINT('',(0.00199799455107656,-0.00161818431922676,0.000635));
#11513=CARTESIAN_POINT('',(0.00199799455107656,-0.00161818431922676,0.000381));
#11514=CARTESIAN_POINT('',(0.00204462721012532,-0.00169914506841451,0.000635));
#11515=CARTESIAN_POINT('',(0.00204462721012532,-0.00169914506841451,0.000381));
#11516=CARTESIAN_POINT('',(0.00204462721012532,-0.00169914506841451,0.000635));
#11517=CARTESIAN_POINT('',(0.00204462721012532,-0.00169914506841451,0.000635));
#11518=CARTESIAN_POINT('',(0.0010408602287219,-0.000450291941783396,0.000635));
#11519=CARTESIAN_POINT('',(0.0010765041069446,-0.00051022111102338,0.000635));
#11520=CARTESIAN_POINT('',(0.00121344736397355,-0.000629151961162324,0.000635));
#11521=CARTESIAN_POINT('',(0.00152251362150426,-0.000960737082450068,0.000635));
#11522=CARTESIAN_POINT('',(0.00191047328554006,-0.00145834078576146,0.000635));
#11523=CARTESIAN_POINT('',(0.00200588560036887,-0.00163188427277036,0.000635));
#11524=CARTESIAN_POINT('',(0.00204462721012532,-0.00169914506841451,0.000635));
#11525=CARTESIAN_POINT('',(0.0010408602287219,-0.000450291941783396,0.000635));
#11526=CARTESIAN_POINT('',(0.0010408602287219,-0.000450291941783396,0.000635));
#11527=CARTESIAN_POINT('',(0.00204462721012532,-0.00188753282418475,0.000635));
#11528=CARTESIAN_POINT('',(0.00204462721012532,-0.00207592057995498,0.000635));
#11529=CARTESIAN_POINT('',(0.00204462721012532,-0.00207592057995498,0.000635));
#11530=CARTESIAN_POINT('',(0.00204462721012532,-0.00188753282418475,0.000635));
#11531=CARTESIAN_POINT('',(0.00204462721012532,-0.00207592057995498,0.000635));
#11532=CARTESIAN_POINT('',(0.00204462721012532,-0.00207592057995498,0.000381));
#11533=CARTESIAN_POINT('',(0.00201290290204858,-0.00210572801346322,0.000635));
#11534=CARTESIAN_POINT('',(0.00201290290204858,-0.00210572801346322,0.000381));
#11535=CARTESIAN_POINT('',(0.00193951472591178,-0.00217468186346358,0.000635));
#11536=CARTESIAN_POINT('',(0.00193951472591178,-0.00217468186346358,0.000381));
#11537=CARTESIAN_POINT('',(0.00168792496975197,-0.00213862471396129,0.000635));
#11538=CARTESIAN_POINT('',(0.00168792496975197,-0.00213862471396129,0.000381));
#11539=CARTESIAN_POINT('',(0.00142106377916103,-0.00193314880675691,0.000635));
#11540=CARTESIAN_POINT('',(0.00142106377916103,-0.00193314880675691,0.000381));
#11541=CARTESIAN_POINT('',(0.00109919157293737,-0.00168202977930565,0.000635));
#11542=CARTESIAN_POINT('',(0.00109919157293737,-0.00168202977930565,0.000381));
#11543=CARTESIAN_POINT('',(0.000751271811415411,-0.00136383752535773,0.000635));
#11544=CARTESIAN_POINT('',(0.000751271811415411,-0.00136383752535773,0.000381));
#11545=CARTESIAN_POINT('',(0.000554899118168945,-0.00113838322311569,0.000635));
#11546=CARTESIAN_POINT('',(0.000554899118168945,-0.00113838322311569,0.000381));
#11547=CARTESIAN_POINT('',(0.000458070950116962,-0.00102721538860351,0.000635));
#11548=CARTESIAN_POINT('',(0.000458070950116962,-0.00102721538860351,0.000381));
#11549=CARTESIAN_POINT('',(0.000458070950116962,-0.00102721538860351,0.000635));
#11550=CARTESIAN_POINT('',(0.000458070950116962,-0.00102721538860351,0.000635));
#11551=CARTESIAN_POINT('',(0.00204462721012532,-0.00207592057995498,0.000635));
#11552=CARTESIAN_POINT('',(0.00201290290204858,-0.00210572801346322,0.000635));
#11553=CARTESIAN_POINT('',(0.00193951472591178,-0.00217468186346358,0.000635));
#11554=CARTESIAN_POINT('',(0.00168792496975197,-0.00213862471396129,0.000635));
#11555=CARTESIAN_POINT('',(0.00142106377916103,-0.00193314880675691,0.000635));
#11556=CARTESIAN_POINT('',(0.00109919157293737,-0.00168202977930565,0.000635));
#11557=CARTESIAN_POINT('',(0.000751271811415411,-0.00136383752535773,0.000635));
#11558=CARTESIAN_POINT('',(0.000554899118168945,-0.00113838322311569,0.000635));
#11559=CARTESIAN_POINT('',(0.000458070950116962,-0.00102721538860351,0.000635));
#11560=CARTESIAN_POINT('',(0.000439875322626903,-0.00106140587013215,0.000635));
#11561=CARTESIAN_POINT('',(0.000421679695136845,-0.00109559635166079,0.000635));
#11562=CARTESIAN_POINT('',(0.000421679695136845,-0.00109559635166079,0.000635));
#11563=CARTESIAN_POINT('',(0.000439875322626903,-0.00106140587013215,0.000635));
#11564=CARTESIAN_POINT('',(0.000421679695136845,-0.00109559635166079,0.000635));
#11565=CARTESIAN_POINT('',(0.000421679695136845,-0.00109559635166079,0.000381));
#11566=CARTESIAN_POINT('',(0.000428246882572854,-0.00114936551279592,0.000635));
#11567=CARTESIAN_POINT('',(0.000428246882572854,-0.00114936551279592,0.000381));
#11568=CARTESIAN_POINT('',(0.000441299656989682,-0.00125708889912831,0.000635));
#11569=CARTESIAN_POINT('',(0.000441299656989682,-0.00125708889912831,0.000381));
#11570=CARTESIAN_POINT('',(0.000528855310565739,-0.00166185079585873,0.000635));
#11571=CARTESIAN_POINT('',(0.000528855310565739,-0.00166185079585873,0.000381));
#11572=CARTESIAN_POINT('',(0.00057970090493225,-0.00220203225016882,0.000635));
#11573=CARTESIAN_POINT('',(0.00057970090493225,-0.00220203225016882,0.000381));
#11574=CARTESIAN_POINT('',(0.000578134406785961,-0.00264343650269313,0.000635));
#11575=CARTESIAN_POINT('',(0.000578134406785961,-0.00264343650269313,0.000381));
#11576=CARTESIAN_POINT('',(0.000464012780762968,-0.00290251031606261,0.000635));
#11577=CARTESIAN_POINT('',(0.000464012780762968,-0.00290251031606261,0.000381));
#11578=CARTESIAN_POINT('',(0.000125402210847114,-0.00309012512840693,0.000635));
#11579=CARTESIAN_POINT('',(0.000125402210847114,-0.00309012512840693,0.000381));
#11580=CARTESIAN_POINT('',(3.91158900800029E-5,-0.00309322746401511,0.000635));
#11581=CARTESIAN_POINT('',(3.91158900800029E-5,-0.00309322746401511,0.000381));
#11582=CARTESIAN_POINT('',(0.,-0.00309036672115326,0.000635));
#11583=CARTESIAN_POINT('',(0.,-0.00309036672115326,0.000381));
#11584=CARTESIAN_POINT('',(6.70065035983127E-21,-0.00309036672115326,0.000635));
#11585=CARTESIAN_POINT('',(6.70065035983127E-21,-0.00309036672115326,0.000635));
#11586=CARTESIAN_POINT('',(0.000421679695136845,-0.00109559635166079,0.000635));
#11587=CARTESIAN_POINT('',(0.000427760630822202,-0.00114538430333787,0.000635));
#11588=CARTESIAN_POINT('',(0.000443946323017765,-0.00127829244715222,0.000635));
#11589=CARTESIAN_POINT('',(0.00055096383327356,-0.00176427875767836,0.000635));
#11590=CARTESIAN_POINT('',(0.000590217572929469,-0.00241832978817291,0.000635));
#11591=CARTESIAN_POINT('',(0.000543916338303605,-0.00288272277811473,0.000635));
#11592=CARTESIAN_POINT('',(9.45913027912271E-5,-0.00310199421929691,0.000635));
#11593=CARTESIAN_POINT('',(2.59698571762578E-5,-0.00309226602814559,0.000635));
#11594=CARTESIAN_POINT('',(0.,-0.00309036672115326,0.000635));
#11595=CARTESIAN_POINT('',(6.70065035983127E-21,-0.00309036672115326,0.000635));
#11596=CARTESIAN_POINT('',(6.70065035983127E-21,-0.00309036672115326,0.000381000000000001));
#11597=CARTESIAN_POINT('',(-4.64442893966408E-5,-0.00308304352750147,0.000635));
#11598=CARTESIAN_POINT('',(-4.64442893966408E-5,-0.00308304352750147,0.000381000000000001));
#11599=CARTESIAN_POINT('',(-0.000141148684955415,-0.00307367083316449,0.000635));
#11600=CARTESIAN_POINT('',(-0.000141148684955415,-0.00307367083316449,0.000381000000000001));
#11601=CARTESIAN_POINT('',(-0.000224886766575923,-0.00295123587444765,0.000635));
#11602=CARTESIAN_POINT('',(-0.000224886766575923,-0.00295123587444765,0.000381000000000001));
#11603=CARTESIAN_POINT('',(-0.000270952495109326,-0.00276549486806186,0.000635));
#11604=CARTESIAN_POINT('',(-0.000270952495109326,-0.00276549486806186,0.000381000000000001));
#11605=CARTESIAN_POINT('',(-0.000326497919488529,-0.00261346714099922,0.000635));
#11606=CARTESIAN_POINT('',(-0.000326497919488529,-0.00261346714099922,0.000381000000000001));
#11607=CARTESIAN_POINT('',(-0.000361285068398373,-0.00242054724947856,0.000635));
#11608=CARTESIAN_POINT('',(-0.000361285068398373,-0.00242054724947856,0.000381000000000001));
#11609=CARTESIAN_POINT('',(-0.000367939315775357,-0.00207109142301008,0.000635));
#11610=CARTESIAN_POINT('',(-0.000367939315775357,-0.00207109142301008,0.000381000000000001));
#11611=CARTESIAN_POINT('',(-0.000375169478245061,-0.00156918137499584,0.000635));
#11612=CARTESIAN_POINT('',(-0.000375169478245061,-0.00156918137499584,0.000381000000000001));
#11613=CARTESIAN_POINT('',(-0.000462327292578912,-0.00102330892308801,0.000635));
#11614=CARTESIAN_POINT('',(-0.000462327292578912,-0.00102330892308801,0.000381000000000001));
#11615=CARTESIAN_POINT('',(-0.000551101481113438,-0.000589075727450714,
0.000635));
#11616=CARTESIAN_POINT('',(-0.000551101481113438,-0.000589075727450714,
0.000381000000000001));
#11617=CARTESIAN_POINT('',(-0.000914504250059307,0.000129157702673355,0.000635));
#11618=CARTESIAN_POINT('',(-0.000914504250059307,0.000129157702673355,0.000381000000000001));
#11619=CARTESIAN_POINT('',(-0.00125617308012899,0.000739835141406823,0.000635));
#11620=CARTESIAN_POINT('',(-0.00125617308012899,0.000739835141406823,0.000381000000000001));
#11621=CARTESIAN_POINT('',(-0.00132559615380708,0.000939217021368637,0.000635));
#11622=CARTESIAN_POINT('',(-0.00132559615380708,0.000939217021368637,0.000381000000000001));
#11623=CARTESIAN_POINT('',(-0.00133796015851729,0.00106456386823428,0.000635));
#11624=CARTESIAN_POINT('',(-0.00133796015851729,0.00106456386823428,0.000381000000000001));
#11625=CARTESIAN_POINT('',(-0.00133523763308099,0.00122189142239496,0.000635));
#11626=CARTESIAN_POINT('',(-0.00133523763308099,0.00122189142239496,0.000381000000000001));
#11627=CARTESIAN_POINT('',(-0.00120222870344115,0.00130386910627502,0.000635));
#11628=CARTESIAN_POINT('',(-0.00120222870344115,0.00130386910627502,0.000381000000000001));
#11629=CARTESIAN_POINT('',(-0.00103061015329074,0.00137706926705168,0.000635));
#11630=CARTESIAN_POINT('',(-0.00103061015329074,0.00137706926705168,0.000381000000000001));
#11631=CARTESIAN_POINT('',(-0.000756715522154633,0.00124979910056786,0.000635));
#11632=CARTESIAN_POINT('',(-0.000756715522154633,0.00124979910056786,0.000381000000000001));
#11633=CARTESIAN_POINT('',(-0.00054650966705454,0.00110220863143711,0.000635));
#11634=CARTESIAN_POINT('',(-0.00054650966705454,0.00110220863143711,0.000381000000000001));
#11635=CARTESIAN_POINT('',(-0.000332540730935706,0.000853980085704431,0.000635));
#11636=CARTESIAN_POINT('',(-0.000332540730935706,0.000853980085704431,0.000381000000000001));
#11637=CARTESIAN_POINT('',(-6.58465580896932E-6,0.000310427289253954,0.000635));
#11638=CARTESIAN_POINT('',(-6.58465580896932E-6,0.000310427289253954,0.000381000000000001));
#11639=CARTESIAN_POINT('',(4.83572663567647E-5,5.54624111106102E-5,0.000635));
#11640=CARTESIAN_POINT('',(4.83572663567647E-5,5.54624111106102E-5,0.000381000000000001));
#11641=CARTESIAN_POINT('',(8.98539365152828E-5,-0.000126756276586093,0.000635));
#11642=CARTESIAN_POINT('',(8.98539365152828E-5,-0.000126756276586093,0.000381000000000001));
#11643=CARTESIAN_POINT('',(8.98539365152828E-5,-0.000126756276586093,0.000635));
#11644=CARTESIAN_POINT('',(8.98539365152828E-5,-0.000126756276586093,0.000635));
#11645=CARTESIAN_POINT('',(6.70065035983127E-21,-0.00309036672115326,0.000635));
#11646=CARTESIAN_POINT('',(-6.03540929273521E-5,-0.00308085027217908,0.000635));
#11647=CARTESIAN_POINT('',(-0.000196353452780855,-0.00306405802807681,0.000635));
#11648=CARTESIAN_POINT('',(-0.000266919649492335,-0.00276479719790904,0.000635));
#11649=CARTESIAN_POINT('',(-0.000380505233618583,-0.00248018150526362,0.000635));
#11650=CARTESIAN_POINT('',(-0.00035104269701389,-0.0017808553708614,0.000635));
#11651=CARTESIAN_POINT('',(-0.000454363803420045,-0.00103219286481419,0.000635));
#11652=CARTESIAN_POINT('',(-0.000600614342558596,-0.000394694700755679,
0.000635));
#11653=CARTESIAN_POINT('',(-0.00129817119162929,0.00078077375484369,0.000635));
#11654=CARTESIAN_POINT('',(-0.00133141590180849,0.000996097100908059,0.000635));
#11655=CARTESIAN_POINT('',(-0.0013473212830861,0.0012202128228797,0.000635));
#11656=CARTESIAN_POINT('',(-0.00121456392866541,0.00129188098278911,0.000635));
#11657=CARTESIAN_POINT('',(-0.00104774373592993,0.0013860768813508,0.000635));
#11658=CARTESIAN_POINT('',(-0.000678840257312213,0.00122131681786037,0.000635));
#11659=CARTESIAN_POINT('',(-0.000438469751592593,0.000982013584308126,0.000635));
#11660=CARTESIAN_POINT('',(-0.000157488330513365,0.00060188015358935,0.000635));
#11661=CARTESIAN_POINT('',(-2.84464795089776E-5,0.00026822172792572,0.000635));
#11662=CARTESIAN_POINT('',(4.66299711948323E-5,6.30472475985107E-5,0.000635));
#11663=CARTESIAN_POINT('',(7.57219657547176E-5,-6.47004741151621E-5,0.000635));
#11664=CARTESIAN_POINT('',(8.98539365152828E-5,-0.000126756276586093,0.000635));
#11665=CARTESIAN_POINT('',(0.000246416366280755,-0.000126756276586093,0.000635));
#11666=CARTESIAN_POINT('',(0.000402978796046227,-0.000126756276586093,0.000635));
#11667=CARTESIAN_POINT('',(0.000402978796046227,-0.000126756276586093,0.000635));
#11668=CARTESIAN_POINT('',(0.000246416366280755,-0.000126756276586093,0.000635));
#11669=CARTESIAN_POINT('',(0.000402978796046227,-0.000126756276586093,0.000635));
#11670=CARTESIAN_POINT('',(0.000402978796046227,-0.000126756276586093,0.000381));
#11671=CARTESIAN_POINT('',(0.000420874972187094,-1.31372251373326E-5,0.000635));
#11672=CARTESIAN_POINT('',(0.000420874972187094,-1.31372251373326E-5,0.000381));
#11673=CARTESIAN_POINT('',(0.000469319332671298,0.000176120880568396,0.000635));
#11674=CARTESIAN_POINT('',(0.000469319332671298,0.000176120880568396,0.000381));
#11675=CARTESIAN_POINT('',(0.000588214852337564,0.000762573499173111,0.000635));
#11676=CARTESIAN_POINT('',(0.000588214852337564,0.000762573499173111,0.000381));
#11677=CARTESIAN_POINT('',(0.000659548982190642,0.0012274816034105,0.000635));
#11678=CARTESIAN_POINT('',(0.000659548982190642,0.0012274816034105,0.000381));
#11679=CARTESIAN_POINT('',(0.000689974138010265,0.0014863691759674,0.000635));
#11680=CARTESIAN_POINT('',(0.000689974138010265,0.0014863691759674,0.000381));
#11681=CARTESIAN_POINT('',(0.000762430715211778,0.00167509838611574,0.000635));
#11682=CARTESIAN_POINT('',(0.000762430715211778,0.00167509838611574,0.000381));
#11683=CARTESIAN_POINT('',(0.000895041664066024,0.00179440054903795,0.000635));
#11684=CARTESIAN_POINT('',(0.000895041664066024,0.00179440054903795,0.000381));
#11685=CARTESIAN_POINT('',(0.000972563924733549,0.00183967442717403,0.000635));
#11686=CARTESIAN_POINT('',(0.000972563924733549,0.00183967442717403,0.000381));
#11687=CARTESIAN_POINT('',(0.000972563924733549,0.00183967442717403,0.000635));
#11688=CARTESIAN_POINT('',(0.000972563924733549,0.00183967442717403,0.000635));
#11689=CARTESIAN_POINT('',(0.000402978796046227,-0.000126756276586093,0.000635));
#11690=CARTESIAN_POINT('',(0.000411295125293582,-7.39576545127242E-5,0.000635));
#11691=CARTESIAN_POINT('',(0.000429803711526779,3.99448307606004E-5,0.000635));
#11692=CARTESIAN_POINT('',(0.000489281991255021,0.000267875061453069,0.000635));
#11693=CARTESIAN_POINT('',(0.000594858527068888,0.00078781073242064,0.000635));
#11694=CARTESIAN_POINT('',(0.000674095061320926,0.0013424936127107,0.000635));
#11695=CARTESIAN_POINT('',(0.000717647099820941,0.0016237904761319,0.000635));
#11696=CARTESIAN_POINT('',(0.000871307612465466,0.0017805395941253,0.000635));
#11697=CARTESIAN_POINT('',(0.000972563924733549,0.00183967442717403,0.000635));
#11698=CARTESIAN_POINT('',(0.000972563924733549,0.00183967442717403,0.000635));
#11699=CARTESIAN_POINT('',(0.000972563924733549,0.00183967442717403,0.000381));
#11700=CARTESIAN_POINT('',(0.00101586569238649,0.00186427118357273,0.000635));
#11701=CARTESIAN_POINT('',(0.00101586569238649,0.00186427118357273,0.000381));
#11702=CARTESIAN_POINT('',(0.00110580100827686,0.00191535725179806,0.000635));
#11703=CARTESIAN_POINT('',(0.00110580100827686,0.00191535725179806,0.000381));
#11704=CARTESIAN_POINT('',(0.00127510624209907,0.00188476609243513,0.000635));
#11705=CARTESIAN_POINT('',(0.00127510624209907,0.00188476609243513,0.000381));
#11706=CARTESIAN_POINT('',(0.00147157742699059,0.00186647003387758,0.000635));
#11707=CARTESIAN_POINT('',(0.00147157742699059,0.00186647003387758,0.000381));
#11708=CARTESIAN_POINT('',(0.00154980559591749,0.00165933590018447,0.000635));
#11709=CARTESIAN_POINT('',(0.00154980559591749,0.00165933590018447,0.000381));
#11710=CARTESIAN_POINT('',(0.00168647840069199,0.00137328468923536,0.000635));
#11711=CARTESIAN_POINT('',(0.00168647840069199,0.00137328468923536,0.000381));
#11712=CARTESIAN_POINT('',(0.00156008424724791,0.00086285411076648,0.000635));
#11713=CARTESIAN_POINT('',(0.00156008424724791,0.00086285411076648,0.000381));
#11714=CARTESIAN_POINT('',(0.00136629756160348,0.000185020876075222,0.000635));
#11715=CARTESIAN_POINT('',(0.00136629756160348,0.000185020876075222,0.000381));
#11716=CARTESIAN_POINT('',(0.00115466294261038,-0.000345873203378792,0.000635));
#11717=CARTESIAN_POINT('',(0.00115466294261038,-0.000345873203378792,0.000381));
#11718=CARTESIAN_POINT('',(0.00106917350089481,-0.000424313333195037,0.000635));
#11719=CARTESIAN_POINT('',(0.00106917350089481,-0.000424313333195037,0.000381));
#11720=CARTESIAN_POINT('',(0.0010408602287219,-0.000450291941783396,0.000635));
#11721=CARTESIAN_POINT('',(0.0010408602287219,-0.000450291941783396,0.000381));
#11722=CARTESIAN_POINT('',(0.000972563924733549,0.00183967442717403,0.000635));
#11723=CARTESIAN_POINT('',(0.00101586569238649,0.00186427118357273,0.000635));
#11724=CARTESIAN_POINT('',(0.00110580100827686,0.00191535725179806,0.000635));
#11725=CARTESIAN_POINT('',(0.00127510624209907,0.00188476609243513,0.000635));
#11726=CARTESIAN_POINT('',(0.00147157742699059,0.00186647003387758,0.000635));
#11727=CARTESIAN_POINT('',(0.00154980559591749,0.00165933590018447,0.000635));
#11728=CARTESIAN_POINT('',(0.00168647840069199,0.00137328468923536,0.000635));
#11729=CARTESIAN_POINT('',(0.00156008424724791,0.00086285411076648,0.000635));
#11730=CARTESIAN_POINT('',(0.00136629756160348,0.000185020876075222,0.000635));
#11731=CARTESIAN_POINT('',(0.00115466294261038,-0.000345873203378792,0.000635));
#11732=CARTESIAN_POINT('',(0.00106917350089481,-0.000424313333195037,0.000635));
#11733=CARTESIAN_POINT('',(0.0010408602287219,-0.000450291941783396,0.000635));
#11734=CARTESIAN_POINT('',(0.00131238009563302,-0.00149779486655337,0.000635));
#11735=CARTESIAN_POINT('',(-0.0013986867852509,-0.00258348998613655,0.000635));
#11736=CARTESIAN_POINT('',(-0.0013986867852509,-0.00258348998613655,0.000381));
#11737=CARTESIAN_POINT('',(-0.0014498991745643,-0.00258945812694059,0.000635));
#11738=CARTESIAN_POINT('',(-0.0014498991745643,-0.00258945812694059,0.000381));
#11739=CARTESIAN_POINT('',(-0.00156138597025792,-0.00260245046929,0.000635));
#11740=CARTESIAN_POINT('',(-0.00156138597025792,-0.00260245046929,0.000381));
#11741=CARTESIAN_POINT('',(-0.0017082039212711,-0.00277803854948754,0.000635));
#11742=CARTESIAN_POINT('',(-0.0017082039212711,-0.00277803854948754,0.000381));
#11743=CARTESIAN_POINT('',(-0.00176990301861549,-0.00289918495917587,0.000635));
#11744=CARTESIAN_POINT('',(-0.00176990301861549,-0.00289918495917587,0.000381));
#11745=CARTESIAN_POINT('',(-0.00198788030549806,-0.00288808458194288,0.000635));
#11746=CARTESIAN_POINT('',(-0.00198788030549806,-0.00288808458194288,0.000381));
#11747=CARTESIAN_POINT('',(-0.00215375684903634,-0.00287678925312381,0.000635));
#11748=CARTESIAN_POINT('',(-0.00215375684903634,-0.00287678925312381,0.000381));
#11749=CARTESIAN_POINT('',(-0.00225149833006142,-0.00274467881297747,0.000635));
#11750=CARTESIAN_POINT('',(-0.00225149833006142,-0.00274467881297747,0.000381));
#11751=CARTESIAN_POINT('',(-0.00236107807954859,-0.00262825366537743,0.000635));
#11752=CARTESIAN_POINT('',(-0.00236107807954859,-0.00262825366537743,0.000381));
#11753=CARTESIAN_POINT('',(-0.00248450699956266,-0.00243678467412343,0.000635));
#11754=CARTESIAN_POINT('',(-0.00248450699956266,-0.00243678467412343,0.000381));
#11755=CARTESIAN_POINT('',(-0.00261647092819191,-0.00212645566263336,0.000635));
#11756=CARTESIAN_POINT('',(-0.00261647092819191,-0.00212645566263336,0.000381));
#11757=CARTESIAN_POINT('',(-0.00267748141927021,-0.00199284246877723,0.000635));
#11758=CARTESIAN_POINT('',(-0.00267748141927021,-0.00199284246877723,0.000381));
#11759=CARTESIAN_POINT('',(-0.00282096513515362,-0.00158740829747834,0.000635));
#11760=CARTESIAN_POINT('',(-0.00282096513515362,-0.00158740829747834,0.000381));
#11761=CARTESIAN_POINT('',(-0.00286885855786253,-0.00138040497723021,0.000635));
#11762=CARTESIAN_POINT('',(-0.00286885855786253,-0.00138040497723021,0.000381));
#11763=CARTESIAN_POINT('',(-0.00292976400995935,-0.00105887208987867,0.000635));
#11764=CARTESIAN_POINT('',(-0.00292976400995935,-0.00105887208987867,0.000381));
#11765=CARTESIAN_POINT('',(-0.00298162427368949,-0.00069569113657171,0.000635));
#11766=CARTESIAN_POINT('',(-0.00298162427368949,-0.00069569113657171,0.000381));
#11767=CARTESIAN_POINT('',(-0.00292545617420487,-0.000387619266709796,0.000635));
#11768=CARTESIAN_POINT('',(-0.00292545617420487,-0.000387619266709796,0.000381));
#11769=CARTESIAN_POINT('',(-0.00285767059779748,-0.000203144846027917,0.000635));
#11770=CARTESIAN_POINT('',(-0.00285767059779748,-0.000203144846027917,0.000381));
#11771=CARTESIAN_POINT('',(-0.002802607928628,-0.000107882179496733,0.000635));
#11772=CARTESIAN_POINT('',(-0.002802607928628,-0.000107882179496733,0.000381));
#11773=CARTESIAN_POINT('',(-0.00268959580506589,3.76961134537983E-5,0.000635));
#11774=CARTESIAN_POINT('',(-0.00268959580506589,3.76961134537983E-5,0.000381));
#11775=CARTESIAN_POINT('',(-0.00256403241202802,8.62355429741929E-5,0.000635));
#11776=CARTESIAN_POINT('',(-0.00256403241202802,8.62355429741929E-5,0.000381));
#11777=CARTESIAN_POINT('',(-0.0024777224035009,0.000146214841749487,0.000635));
#11778=CARTESIAN_POINT('',(-0.0024777224035009,0.000146214841749487,0.000381));
#11779=CARTESIAN_POINT('',(-0.0022571506487215,0.000134968944820099,0.000635));
#11780=CARTESIAN_POINT('',(-0.0022571506487215,0.000134968944820099,0.000381));
#11781=CARTESIAN_POINT('',(-0.00213287822445938,0.000143241270789699,0.000635));
#11782=CARTESIAN_POINT('',(-0.00213287822445938,0.000143241270789699,0.000381));
#11783=CARTESIAN_POINT('',(-0.00207238597795368,0.000147268001455814,0.000635));
#11784=CARTESIAN_POINT('',(-0.00207238597795368,0.000147268001455814,0.000381));
#11785=CARTESIAN_POINT('',(-0.0013986867852509,-0.00258348998613655,0.000635));
#11786=CARTESIAN_POINT('',(-0.0013986867852509,-0.00258348998613655,0.000635));
#11787=CARTESIAN_POINT('',(-0.0013986867852509,-0.00258348998613655,0.000635));
#11788=CARTESIAN_POINT('',(-0.0014498991745643,-0.00258945812694059,0.000635));
#11789=CARTESIAN_POINT('',(-0.00156138597025792,-0.00260245046929,0.000635));
#11790=CARTESIAN_POINT('',(-0.0017082039212711,-0.00277803854948754,0.000635));
#11791=CARTESIAN_POINT('',(-0.00176990301861549,-0.00289918495917587,0.000635));
#11792=CARTESIAN_POINT('',(-0.00198788030549806,-0.00288808458194288,0.000635));
#11793=CARTESIAN_POINT('',(-0.00215375684903634,-0.00287678925312381,0.000635));
#11794=CARTESIAN_POINT('',(-0.00225149833006142,-0.00274467881297747,0.000635));
#11795=CARTESIAN_POINT('',(-0.00236107807954859,-0.00262825366537743,0.000635));
#11796=CARTESIAN_POINT('',(-0.00248450699956266,-0.00243678467412343,0.000635));
#11797=CARTESIAN_POINT('',(-0.00261647092819191,-0.00212645566263336,0.000635));
#11798=CARTESIAN_POINT('',(-0.00267748141927021,-0.00199284246877723,0.000635));
#11799=CARTESIAN_POINT('',(-0.00282096513515362,-0.00158740829747834,0.000635));
#11800=CARTESIAN_POINT('',(-0.00286885855786253,-0.00138040497723021,0.000635));
#11801=CARTESIAN_POINT('',(-0.00292976400995935,-0.00105887208987867,0.000635));
#11802=CARTESIAN_POINT('',(-0.00298162427368949,-0.00069569113657171,0.000635));
#11803=CARTESIAN_POINT('',(-0.00292545617420487,-0.000387619266709796,0.000635));
#11804=CARTESIAN_POINT('',(-0.00285767059779748,-0.000203144846027917,0.000635));
#11805=CARTESIAN_POINT('',(-0.002802607928628,-0.000107882179496733,0.000635));
#11806=CARTESIAN_POINT('',(-0.00268959580506589,3.76961134537983E-5,0.000635));
#11807=CARTESIAN_POINT('',(-0.00256403241202802,8.62355429741929E-5,0.000635));
#11808=CARTESIAN_POINT('',(-0.0024777224035009,0.000146214841749487,0.000635));
#11809=CARTESIAN_POINT('',(-0.0022571506487215,0.000134968944820099,0.000635));
#11810=CARTESIAN_POINT('',(-0.00213287822445938,0.000143241270789699,0.000635));
#11811=CARTESIAN_POINT('',(-0.00207238597795368,0.000147268001455814,0.000635));
#11812=CARTESIAN_POINT('',(-0.00207238597795368,0.000147268001455814,0.000635));
#11813=CARTESIAN_POINT('',(-0.00207238597795368,0.000147268001455814,0.000635));
#11814=CARTESIAN_POINT('',(-0.00207238597795368,0.000147268001455814,0.000635));
#11815=CARTESIAN_POINT('',(-0.00207238597795368,0.000147268001455814,0.000381000000000001));
#11816=CARTESIAN_POINT('',(-0.00202263929909345,0.000173126087467073,0.000635));
#11817=CARTESIAN_POINT('',(-0.00202263929909345,0.000173126087467073,0.000381000000000001));
#11818=CARTESIAN_POINT('',(-0.00193358611674725,0.000219261034136066,0.000635));
#11819=CARTESIAN_POINT('',(-0.00193358611674725,0.000219261034136066,0.000381000000000001));
#11820=CARTESIAN_POINT('',(-0.00189937568899366,0.000409956244672731,0.000635));
#11821=CARTESIAN_POINT('',(-0.00189937568899366,0.000409956244672731,0.000381000000000001));
#11822=CARTESIAN_POINT('',(-0.001916923023357,0.000591390393319906,0.000635));
#11823=CARTESIAN_POINT('',(-0.001916923023357,0.000591390393319906,0.000381000000000001));
#11824=CARTESIAN_POINT('',(-0.00201138654250212,0.000707623058552554,0.000635));
#11825=CARTESIAN_POINT('',(-0.00201138654250212,0.000707623058552554,0.000381000000000001));
#11826=CARTESIAN_POINT('',(-0.00215037724789818,0.000780633756171332,0.000635));
#11827=CARTESIAN_POINT('',(-0.00215037724789818,0.000780633756171332,0.000381000000000001));
#11828=CARTESIAN_POINT('',(-0.00224987102850054,0.000865871644962106,0.000635));
#11829=CARTESIAN_POINT('',(-0.00224987102850054,0.000865871644962106,0.000381000000000001));
#11830=CARTESIAN_POINT('',(-0.0024546487666929,0.000985972538858229,0.000635));
#11831=CARTESIAN_POINT('',(-0.0024546487666929,0.000985972538858229,0.000381000000000001));
#11832=CARTESIAN_POINT('',(-0.00276907838191862,0.00092268402171558,0.000635));
#11833=CARTESIAN_POINT('',(-0.00276907838191862,0.00092268402171558,0.000381000000000001));
#11834=CARTESIAN_POINT('',(-0.00301023487595429,0.000867420023623098,0.000635));
#11835=CARTESIAN_POINT('',(-0.00301023487595429,0.000867420023623098,0.000381000000000001));
#11836=CARTESIAN_POINT('',(-0.00325688990575271,0.000740520450795007,0.000635));
#11837=CARTESIAN_POINT('',(-0.00325688990575271,0.000740520450795007,0.000381000000000001));
#11838=CARTESIAN_POINT('',(-0.00353365556912582,0.000485767274006995,0.000635));
#11839=CARTESIAN_POINT('',(-0.00353365556912582,0.000485767274006995,0.000381000000000001));
#11840=CARTESIAN_POINT('',(-0.0037958337643677,5.05027104668645E-5,0.000635));
#11841=CARTESIAN_POINT('',(-0.0037958337643677,5.05027104668645E-5,0.000381000000000001));
#11842=CARTESIAN_POINT('',(-0.00384097902169285,-0.000553677083669391,0.000635));
#11843=CARTESIAN_POINT('',(-0.00384097902169285,-0.000553677083669391,0.000381000000000001));
#11844=CARTESIAN_POINT('',(-0.00385466719376205,-0.00111952763475398,0.000635));
#11845=CARTESIAN_POINT('',(-0.00385466719376205,-0.00111952763475398,0.000381000000000001));
#11846=CARTESIAN_POINT('',(-0.00376489254961258,-0.00164436998531732,0.000635));
#11847=CARTESIAN_POINT('',(-0.00376489254961258,-0.00164436998531732,0.000381000000000001));
#11848=CARTESIAN_POINT('',(-0.00363358618233545,-0.00207228681933578,0.000635));
#11849=CARTESIAN_POINT('',(-0.00363358618233545,-0.00207228681933578,0.000381000000000001));
#11850=CARTESIAN_POINT('',(-0.00351010357499642,-0.00244262971469432,0.000635));
#11851=CARTESIAN_POINT('',(-0.00351010357499642,-0.00244262971469432,0.000381000000000001));
#11852=CARTESIAN_POINT('',(-0.00332674726947525,-0.0028748505231713,0.000635));
#11853=CARTESIAN_POINT('',(-0.00332674726947525,-0.0028748505231713,0.000381000000000001));
#11854=CARTESIAN_POINT('',(-0.00290826889665051,-0.00341733216763167,0.000635));
#11855=CARTESIAN_POINT('',(-0.00290826889665051,-0.00341733216763167,0.000381000000000001));
#11856=CARTESIAN_POINT('',(-0.0025369859049562,-0.00368841530803408,0.000635));
#11857=CARTESIAN_POINT('',(-0.0025369859049562,-0.00368841530803408,0.000381000000000001));
#11858=CARTESIAN_POINT('',(-0.00220458406065967,-0.00377101172927113,0.000635));
#11859=CARTESIAN_POINT('',(-0.00220458406065967,-0.00377101172927113,0.000381000000000001));
#11860=CARTESIAN_POINT('',(-0.00180978961227644,-0.00376532693897744,0.000635));
#11861=CARTESIAN_POINT('',(-0.00180978961227644,-0.00376532693897744,0.000381000000000001));
#11862=CARTESIAN_POINT('',(-0.00153462707783382,-0.0037425401518998,0.000635));
#11863=CARTESIAN_POINT('',(-0.00153462707783382,-0.0037425401518998,0.000381000000000001));
#11864=CARTESIAN_POINT('',(-0.00127922270972161,-0.00359007124224569,0.000635));
#11865=CARTESIAN_POINT('',(-0.00127922270972161,-0.00359007124224569,0.000381000000000001));
#11866=CARTESIAN_POINT('',(-0.00106915389818836,-0.00329971889924256,0.000635));
#11867=CARTESIAN_POINT('',(-0.00106915389818836,-0.00329971889924256,0.000381000000000001));
#11868=CARTESIAN_POINT('',(-0.00105783326265924,-0.00298031948358222,0.000635));
#11869=CARTESIAN_POINT('',(-0.00105783326265924,-0.00298031948358222,0.000381000000000001));
#11870=CARTESIAN_POINT('',(-0.00102649602414366,-0.00274590321682507,0.000635));
#11871=CARTESIAN_POINT('',(-0.00102649602414366,-0.00274590321682507,0.000381000000000001));
#11872=CARTESIAN_POINT('',(-0.00120357516383602,-0.00258082471063102,0.000635));
#11873=CARTESIAN_POINT('',(-0.00120357516383602,-0.00258082471063102,0.000381000000000001));
#11874=CARTESIAN_POINT('',(-0.00133646698188802,-0.00258064779731328,0.000635));
#11875=CARTESIAN_POINT('',(-0.00133646698188802,-0.00258064779731328,0.000381000000000001));
#11876=CARTESIAN_POINT('',(-0.0013986867852509,-0.00258348998613655,0.000635));
#11877=CARTESIAN_POINT('',(-0.0013986867852509,-0.00258348998613655,0.000381000000000001));
#11878=CARTESIAN_POINT('',(-0.00207238597795368,0.000147268001455814,0.000635));
#11879=CARTESIAN_POINT('',(-0.00203652321310248,0.000165909295294335,0.000635));
#11880=CARTESIAN_POINT('',(-0.00196240759754172,0.000204434241245214,0.000635));
#11881=CARTESIAN_POINT('',(-0.0019079919908279,0.000329937889490133,0.000635));
#11882=CARTESIAN_POINT('',(-0.00189342824235199,0.000623042870213977,0.000635));
#11883=CARTESIAN_POINT('',(-0.00207169187091896,0.00073150497727961,0.000635));
#11884=CARTESIAN_POINT('',(-0.00216666249572161,0.000799951367497726,0.000635));
#11885=CARTESIAN_POINT('',(-0.00225941124371376,0.000867501862889566,0.000635));
#11886=CARTESIAN_POINT('',(-0.00244645568168733,0.000991617057605606,0.000635));
#11887=CARTESIAN_POINT('',(-0.00280774715572364,0.000914619270699748,0.000635));
#11888=CARTESIAN_POINT('',(-0.00308613417595636,0.000844082158086481,0.000635));
#11889=CARTESIAN_POINT('',(-0.00339075966491366,0.000642746023813852,0.000635));
#11890=CARTESIAN_POINT('',(-0.00359693730845257,0.000366751324930423,0.000635));
#11891=CARTESIAN_POINT('',(-0.00378887870070052,3.04089288859499E-6,0.000635));
#11892=CARTESIAN_POINT('',(-0.00383312971724623,-0.000401187710361151,0.000635));
#11893=CARTESIAN_POINT('',(-0.00384760005282824,-0.000890622475602939,0.000635));
#11894=CARTESIAN_POINT('',(-0.00382399509001013,-0.00148011784705876,0.000635));
#11895=CARTESIAN_POINT('',(-0.00357688762062598,-0.00225015722512257,0.000635));
#11896=CARTESIAN_POINT('',(-0.00337108339224557,-0.00282480679287386,0.000635));
#11897=CARTESIAN_POINT('',(-0.00282580746498077,-0.00351638642533603,0.000635));
#11898=CARTESIAN_POINT('',(-0.00236464701674285,-0.00377705848191933,0.000635));
#11899=CARTESIAN_POINT('',(-0.00176026671842558,-0.00376878937589463,0.000635));
#11900=CARTESIAN_POINT('',(-0.0014124655704442,-0.00371264408877529,0.000635));
#11901=CARTESIAN_POINT('',(-0.00106090425383783,-0.00335303217430341,0.000635));
#11902=CARTESIAN_POINT('',(-0.00105527101847606,-0.00294516314495019,0.000635));
#11903=CARTESIAN_POINT('',(-0.0010397618487739,-0.00271075327140145,0.000635));
#11904=CARTESIAN_POINT('',(-0.00123378614507756,-0.00257595735419693,0.000635));
#11905=CARTESIAN_POINT('',(-0.00134574776870483,-0.00258107174189581,0.000635));
#11906=CARTESIAN_POINT('',(-0.0013986867852509,-0.00258348998613655,0.000635));
#11907=CARTESIAN_POINT('',(0.00131238009563302,-0.00149779486655337,0.000635));
#11908=CARTESIAN_POINT('',(0.00564489560201764,-0.00100418517831713,0.000635));
#11909=CARTESIAN_POINT('',(0.00564489560201764,-0.00100418517831713,0.000381000000000001));
#11910=CARTESIAN_POINT('',(0.00560537309212967,-0.00101246334885558,0.000635));
#11911=CARTESIAN_POINT('',(0.00560537309212967,-0.00101246334885558,0.000381000000000001));
#11912=CARTESIAN_POINT('',(0.00552732569624621,-0.00102631243623339,0.000635));
#11913=CARTESIAN_POINT('',(0.00552732569624621,-0.00102631243623339,0.000381000000000001));
#11914=CARTESIAN_POINT('',(0.00538082085670888,-0.00112718603170168,0.000635));
#11915=CARTESIAN_POINT('',(0.00538082085670888,-0.00112718603170168,0.000381000000000001));
#11916=CARTESIAN_POINT('',(0.00523154906188097,-0.00122404490298129,0.000635));
#11917=CARTESIAN_POINT('',(0.00523154906188097,-0.00122404490298129,0.000381000000000001));
#11918=CARTESIAN_POINT('',(0.00507483564138094,-0.00120300226162402,0.000635));
#11919=CARTESIAN_POINT('',(0.00507483564138094,-0.00120300226162402,0.000381000000000001));
#11920=CARTESIAN_POINT('',(0.00481507988282621,-0.00109503382466182,0.000635));
#11921=CARTESIAN_POINT('',(0.00481507988282621,-0.00109503382466182,0.000381000000000001));
#11922=CARTESIAN_POINT('',(0.00463250609158894,-0.000731305522981312,0.000635));
#11923=CARTESIAN_POINT('',(0.00463250609158894,-0.000731305522981312,0.000381000000000001));
#11924=CARTESIAN_POINT('',(0.00457413753951781,-0.000300071142218197,0.000635));
#11925=CARTESIAN_POINT('',(0.00457413753951781,-0.000300071142218197,0.000381000000000001));
#11926=CARTESIAN_POINT('',(0.00456876322477935,0.000134724265678821,0.000635));
#11927=CARTESIAN_POINT('',(0.00456876322477935,0.000134724265678821,0.000381000000000001));
#11928=CARTESIAN_POINT('',(0.00468712675580123,0.000542311323632453,0.000635));
#11929=CARTESIAN_POINT('',(0.00468712675580123,0.000542311323632453,0.000381000000000001));
#11930=CARTESIAN_POINT('',(0.004857007449536,0.000921119780993469,0.000635));
#11931=CARTESIAN_POINT('',(0.004857007449536,0.000921119780993469,0.000381000000000001));
#11932=CARTESIAN_POINT('',(0.0050146205715439,0.00108107039356178,0.000635));
#11933=CARTESIAN_POINT('',(0.0050146205715439,0.00108107039356178,0.000381000000000001));
#11934=CARTESIAN_POINT('',(0.00511194815318638,0.00122377364409364,0.000635));
#11935=CARTESIAN_POINT('',(0.00511194815318638,0.00122377364409364,0.000381000000000001));
#11936=CARTESIAN_POINT('',(0.00536372688114125,0.00132486522956216,0.000635));
#11937=CARTESIAN_POINT('',(0.00536372688114125,0.00132486522956216,0.000381000000000001));
#11938=CARTESIAN_POINT('',(0.00566359497798525,0.00124743229584072,0.000635));
#11939=CARTESIAN_POINT('',(0.00566359497798525,0.00124743229584072,0.000381000000000001));
#11940=CARTESIAN_POINT('',(0.00593346007302049,0.00113450969848352,0.000635));
#11941=CARTESIAN_POINT('',(0.00593346007302049,0.00113450969848352,0.000381000000000001));
#11942=CARTESIAN_POINT('',(0.00604391905363106,0.00113119380345988,0.000635));
#11943=CARTESIAN_POINT('',(0.00604391905363106,0.00113119380345988,0.000381000000000001));
#11944=CARTESIAN_POINT('',(0.0061192370113322,0.00121016421233847,0.000635));
#11945=CARTESIAN_POINT('',(0.0061192370113322,0.00121016421233847,0.000381000000000001));
#11946=CARTESIAN_POINT('',(0.00619359068234581,0.00134553750475829,0.000635));
#11947=CARTESIAN_POINT('',(0.00619359068234581,0.00134553750475829,0.000381000000000001));
#11948=CARTESIAN_POINT('',(0.00621614625542477,0.00152089098026699,0.000635));
#11949=CARTESIAN_POINT('',(0.00621614625542477,0.00152089098026699,0.000381000000000001));
#11950=CARTESIAN_POINT('',(0.00614023631231194,0.00170077415535911,0.000635));
#11951=CARTESIAN_POINT('',(0.00614023631231194,0.00170077415535911,0.000381000000000001));
#11952=CARTESIAN_POINT('',(0.0059383455104941,0.00190235304846,0.000635));
#11953=CARTESIAN_POINT('',(0.0059383455104941,0.00190235304846,0.000381000000000001));
#11954=CARTESIAN_POINT('',(0.00559373289483817,0.00206130836923897,0.000635));
#11955=CARTESIAN_POINT('',(0.00559373289483817,0.00206130836923897,0.000381000000000001));
#11956=CARTESIAN_POINT('',(0.00508576282335295,0.00204054069810835,0.000635));
#11957=CARTESIAN_POINT('',(0.00508576282335295,0.00204054069810835,0.000381000000000001));
#11958=CARTESIAN_POINT('',(0.0047810154147159,0.00197581334610222,0.000635));
#11959=CARTESIAN_POINT('',(0.0047810154147159,0.00197581334610222,0.000381000000000001));
#11960=CARTESIAN_POINT('',(0.0044541096612382,0.00175565204395676,0.000635));
#11961=CARTESIAN_POINT('',(0.0044541096612382,0.00175565204395676,0.000381000000000001));
#11962=CARTESIAN_POINT('',(0.00424894296352001,0.00141260498944594,0.000635));
#11963=CARTESIAN_POINT('',(0.00424894296352001,0.00141260498944594,0.000381000000000001));
#11964=CARTESIAN_POINT('',(0.00401511218689861,0.000944916659705158,0.000635));
#11965=CARTESIAN_POINT('',(0.00401511218689861,0.000944916659705158,0.000381000000000001));
#11966=CARTESIAN_POINT('',(0.00399731491483611,0.000405605503456447,0.000635));
#11967=CARTESIAN_POINT('',(0.00399731491483611,0.000405605503456447,0.000381000000000001));
#11968=CARTESIAN_POINT('',(0.00396156473871262,3.18837028671005E-6,0.000635));
#11969=CARTESIAN_POINT('',(0.00396156473871262,3.18837028671005E-6,0.000381000000000001));
#11970=CARTESIAN_POINT('',(0.00398426465264077,-0.000536874900686358,0.000635));
#11971=CARTESIAN_POINT('',(0.00398426465264077,-0.000536874900686358,0.000381000000000001));
#11972=CARTESIAN_POINT('',(0.00404560813491556,-0.000950836539593162,0.000635));
#11973=CARTESIAN_POINT('',(0.00404560813491556,-0.000950836539593162,0.000381000000000001));
#11974=CARTESIAN_POINT('',(0.00411286005025069,-0.00116508550135673,0.000635));
#11975=CARTESIAN_POINT('',(0.00411286005025069,-0.00116508550135673,0.000381000000000001));
#11976=CARTESIAN_POINT('',(0.00419826750171852,-0.00131574168321241,0.000635));
#11977=CARTESIAN_POINT('',(0.00419826750171852,-0.00131574168321241,0.000381000000000001));
#11978=CARTESIAN_POINT('',(0.00429246848651902,-0.00149456763192854,0.000635));
#11979=CARTESIAN_POINT('',(0.00429246848651902,-0.00149456763192854,0.000381000000000001));
#11980=CARTESIAN_POINT('',(0.00441564834248327,-0.0016823384982799,0.000635));
#11981=CARTESIAN_POINT('',(0.00441564834248327,-0.0016823384982799,0.000381000000000001));
#11982=CARTESIAN_POINT('',(0.00467241766045752,-0.0018870307942769,0.000635));
#11983=CARTESIAN_POINT('',(0.00467241766045752,-0.0018870307942769,0.000381000000000001));
#11984=CARTESIAN_POINT('',(0.00499363818134657,-0.0019853325044873,0.000635));
#11985=CARTESIAN_POINT('',(0.00499363818134657,-0.0019853325044873,0.000381000000000001));
#11986=CARTESIAN_POINT('',(0.00524373697094734,-0.00194392905317025,0.000635));
#11987=CARTESIAN_POINT('',(0.00524373697094734,-0.00194392905317025,0.000381000000000001));
#11988=CARTESIAN_POINT('',(0.00545333556379645,-0.00185437882820681,0.000635));
#11989=CARTESIAN_POINT('',(0.00545333556379645,-0.00185437882820681,0.000381000000000001));
#11990=CARTESIAN_POINT('',(0.00566294586228878,-0.0017132309389245,0.000635));
#11991=CARTESIAN_POINT('',(0.00566294586228878,-0.0017132309389245,0.000381000000000001));
#11992=CARTESIAN_POINT('',(0.00579908771183953,-0.00152495371302644,0.000635));
#11993=CARTESIAN_POINT('',(0.00579908771183953,-0.00152495371302644,0.000381000000000001));
#11994=CARTESIAN_POINT('',(0.00583196052033885,-0.00131025811126307,0.000635));
#11995=CARTESIAN_POINT('',(0.00583196052033885,-0.00131025811126307,0.000381000000000001));
#11996=CARTESIAN_POINT('',(0.00584589939210013,-0.00113770751521,0.000635));
#11997=CARTESIAN_POINT('',(0.00584589939210013,-0.00113770751521,0.000381000000000001));
#11998=CARTESIAN_POINT('',(0.00581813528009059,-0.00104532143823425,0.000635));
#11999=CARTESIAN_POINT('',(0.00581813528009059,-0.00104532143823425,0.000381000000000001));
#12000=CARTESIAN_POINT('',(0.00571685614854384,-0.00102132899441736,0.000635));
#12001=CARTESIAN_POINT('',(0.00571685614854384,-0.00102132899441736,0.000381000000000001));
#12002=CARTESIAN_POINT('',(0.00566815631464124,-0.00100469822064042,0.000635));
#12003=CARTESIAN_POINT('',(0.00566815631464124,-0.00100469822064042,0.000381000000000001));
#12004=CARTESIAN_POINT('',(0.00564489560201764,-0.00100418517831713,0.000635));
#12005=CARTESIAN_POINT('',(0.00564489560201764,-0.00100418517831713,0.000635));
#12006=CARTESIAN_POINT('',(0.00564489560201764,-0.00100418517831713,0.000635));
#12007=CARTESIAN_POINT('',(0.00559532601119104,-0.00101456775593042,0.000635));
#12008=CARTESIAN_POINT('',(0.00548187351946948,-0.00103833089944397,0.000635));
#12009=CARTESIAN_POINT('',(0.00526132182189825,-0.00122955273947139,0.000635));
#12010=CARTESIAN_POINT('',(0.00509444990113229,-0.00120505409249363,0.000635));
#12011=CARTESIAN_POINT('',(0.00487253551632061,-0.00112706139876407,0.000635));
#12012=CARTESIAN_POINT('',(0.00467097863463322,-0.000847877165588419,0.000635));
#12013=CARTESIAN_POINT('',(0.00459317120102653,-0.000464161057240809,0.000635));
#12014=CARTESIAN_POINT('',(0.00455455041947343,8.0307723536525E-6,0.000635));
#12015=CARTESIAN_POINT('',(0.00464181586735901,0.000398332784864135,0.000635));
#12016=CARTESIAN_POINT('',(0.0048180746679531,0.000883033769669263,0.000635));
#12017=CARTESIAN_POINT('',(0.00502750430478495,0.00109323639276146,0.000635));
#12018=CARTESIAN_POINT('',(0.00513080487798108,0.00124073943716153,0.000635));
#12019=CARTESIAN_POINT('',(0.00537878372167557,0.00131097963563154,0.000635));
#12020=CARTESIAN_POINT('',(0.00566237996401444,0.00125558761611612,0.000635));
#12021=CARTESIAN_POINT('',(0.005976390999996,0.00110911500095593,0.000635));
#12022=CARTESIAN_POINT('',(0.00607531977342427,0.0011612935146976,0.000635));
#12023=CARTESIAN_POINT('',(0.00618239185496485,0.00129223726873479,0.000635));
#12024=CARTESIAN_POINT('',(0.00622933592319075,0.00154701259303851,0.000635));
#12025=CARTESIAN_POINT('',(0.00610249579947741,0.00173411318848171,0.000635));
#12026=CARTESIAN_POINT('',(0.0058952622936924,0.00192952711949792,0.000635));
#12027=CARTESIAN_POINT('',(0.00556234395754992,0.00206389607396124,0.000635));
#12028=CARTESIAN_POINT('',(0.00508437820714074,0.00203907494728187,0.000635));
#12029=CARTESIAN_POINT('',(0.00480669739605517,0.00197905699383831,0.000635));
#12030=CARTESIAN_POINT('',(0.00450254987632841,0.00180256333008924,0.000635));
#12031=CARTESIAN_POINT('',(0.00429926201268372,0.00149382571407501,0.000635));
#12032=CARTESIAN_POINT('',(0.00401611958442077,0.000999143926494189,0.000635));
#12033=CARTESIAN_POINT('',(0.00399588983613415,0.000367257665444512,0.000635));
#12034=CARTESIAN_POINT('',(0.00395197288721427,-0.00014240220719486,0.000635));
#12035=CARTESIAN_POINT('',(0.00402935029084105,-0.00103438772429485,0.000635));
#12036=CARTESIAN_POINT('',(0.00421878288146494,-0.00134408974024927,0.000635));
#12037=CARTESIAN_POINT('',(0.00442987088273553,-0.00176491058666216,0.000635));
#12038=CARTESIAN_POINT('',(0.00495378128531316,-0.00200145648772708,0.000635));
#12039=CARTESIAN_POINT('',(0.00534265158973483,-0.00193189484087891,0.000635));
#12040=CARTESIAN_POINT('',(0.00581558590983717,-0.00163091076026706,0.000635));
#12041=CARTESIAN_POINT('',(0.00583494715128601,-0.00122424121240753,0.000635));
#12042=CARTESIAN_POINT('',(0.00584665197520801,-0.00105275835387951,0.000635));
#12043=CARTESIAN_POINT('',(0.0057291299425647,-0.00102552043975481,0.000635));
#12044=CARTESIAN_POINT('',(0.00566815631464124,-0.00100469822064042,0.000635));
#12045=CARTESIAN_POINT('',(0.00566815631464124,-0.00100469822064042,0.000635));
#12046=CARTESIAN_POINT('',(0.00566815631464124,-0.00100469822064042,0.000635));
#12047=CARTESIAN_POINT('',(0.00565652595832944,-0.00100444169947877,0.000635));
#12048=CARTESIAN_POINT('',(0.00565652595832944,-0.00100444169947877,0.000635));
#12049=CARTESIAN_POINT('',(0.00131238009563302,-0.00149779486655337,0.000635));
#12050=CARTESIAN_POINT('',(0.00653355801478028,-0.00180158170405776,0.000635));
#12051=CARTESIAN_POINT('',(0.00653355801478028,-0.00180158170405776,0.000381000000000001));
#12052=CARTESIAN_POINT('',(0.00654086941235624,-0.00185432337913633,0.000635));
#12053=CARTESIAN_POINT('',(0.00654086941235624,-0.00185432337913633,0.000381000000000001));
#12054=CARTESIAN_POINT('',(0.00656724193466005,-0.00192700227946166,0.000635));
#12055=CARTESIAN_POINT('',(0.00656724193466005,-0.00192700227946166,0.000381000000000001));
#12056=CARTESIAN_POINT('',(0.00666385422862008,-0.00208750098825625,0.000635));
#12057=CARTESIAN_POINT('',(0.00666385422862008,-0.00208750098825625,0.000381000000000001));
#12058=CARTESIAN_POINT('',(0.006842398970204,-0.00218196870222863,0.000635));
#12059=CARTESIAN_POINT('',(0.006842398970204,-0.00218196870222863,0.000381000000000001));
#12060=CARTESIAN_POINT('',(0.00708417593898814,-0.00200637532418177,0.000635));
#12061=CARTESIAN_POINT('',(0.00708417593898814,-0.00200637532418177,0.000381000000000001));
#12062=CARTESIAN_POINT('',(0.00716292291237241,-0.00165763540513972,0.000635));
#12063=CARTESIAN_POINT('',(0.00716292291237241,-0.00165763540513972,0.000381000000000001));
#12064=CARTESIAN_POINT('',(0.00732541103387943,-0.00110017715850752,0.000635));
#12065=CARTESIAN_POINT('',(0.00732541103387943,-0.00110017715850752,0.000381000000000001));
#12066=CARTESIAN_POINT('',(0.00737024273762762,-0.000605475759549674,0.000635));
#12067=CARTESIAN_POINT('',(0.00737024273762762,-0.000605475759549674,0.000381000000000001));
#12068=CARTESIAN_POINT('',(0.00745315716661607,0.000270905199356487,0.000635));
#12069=CARTESIAN_POINT('',(0.00745315716661607,0.000270905199356487,0.000381000000000001));
#12070=CARTESIAN_POINT('',(0.0073995107628011,0.000892998796785553,0.000635));
#12071=CARTESIAN_POINT('',(0.0073995107628011,0.000892998796785553,0.000381000000000001));
#12072=CARTESIAN_POINT('',(0.00782148770043032,0.000882056411019601,0.000635));
#12073=CARTESIAN_POINT('',(0.00782148770043032,0.000882056411019601,0.000381000000000001));
#12074=CARTESIAN_POINT('',(0.0084120987008704,0.000791838047490782,0.000635));
#12075=CARTESIAN_POINT('',(0.0084120987008704,0.000791838047490782,0.000381000000000001));
#12076=CARTESIAN_POINT('',(0.00880516666056058,0.000637153502484359,0.000635));
#12077=CARTESIAN_POINT('',(0.00880516666056058,0.000637153502484359,0.000381000000000001));
#12078=CARTESIAN_POINT('',(0.00913122765530833,0.000729105526915866,0.000635));
#12079=CARTESIAN_POINT('',(0.00913122765530833,0.000729105526915866,0.000381000000000001));
#12080=CARTESIAN_POINT('',(0.00922858412020715,0.000956142114363292,0.000635));
#12081=CARTESIAN_POINT('',(0.00922858412020715,0.000956142114363292,0.000381000000000001));
#12082=CARTESIAN_POINT('',(0.00902246041284586,0.001171364780707,0.000635));
#12083=CARTESIAN_POINT('',(0.00902246041284586,0.001171364780707,0.000381000000000001));
#12084=CARTESIAN_POINT('',(0.00854075527063035,0.00131818885747623,0.000635));
#12085=CARTESIAN_POINT('',(0.00854075527063035,0.00131818885747623,0.000381000000000001));
#12086=CARTESIAN_POINT('',(0.00836891735981066,0.00135251286933713,0.000635));
#12087=CARTESIAN_POINT('',(0.00836891735981066,0.00135251286933713,0.000381000000000001));
#12088=CARTESIAN_POINT('',(0.0080776513251971,0.00142793060157312,0.000635));
#12089=CARTESIAN_POINT('',(0.0080776513251971,0.00142793060157312,0.000381000000000001));
#12090=CARTESIAN_POINT('',(0.0075934544498312,0.0014805994209272,0.000635));
#12091=CARTESIAN_POINT('',(0.0075934544498312,0.0014805994209272,0.000381000000000001));
#12092=CARTESIAN_POINT('',(0.00737817114373548,0.00150401532341599,0.000635));
#12093=CARTESIAN_POINT('',(0.00737817114373548,0.00150401532341599,0.000381000000000001));
#12094=CARTESIAN_POINT('',(0.00691448876615983,0.001566652518197,0.000635));
#12095=CARTESIAN_POINT('',(0.00691448876615983,0.001566652518197,0.000381000000000001));
#12096=CARTESIAN_POINT('',(0.00688454126192278,0.00129291806807009,0.000635));
#12097=CARTESIAN_POINT('',(0.00688454126192278,0.00129291806807009,0.000381000000000001));
#12098=CARTESIAN_POINT('',(0.00681963557874573,0.000721277399594685,0.000635));
#12099=CARTESIAN_POINT('',(0.00681963557874573,0.000721277399594685,0.000381000000000001));
#12100=CARTESIAN_POINT('',(0.00676779569715495,0.00016833715112071,0.000635));
#12101=CARTESIAN_POINT('',(0.00676779569715495,0.00016833715112071,0.000381000000000001));
#12102=CARTESIAN_POINT('',(0.00663826814045808,-0.000724566534321347,0.000635));
#12103=CARTESIAN_POINT('',(0.00663826814045808,-0.000724566534321347,0.000381000000000001));
#12104=CARTESIAN_POINT('',(0.00652550677813222,-0.0013683575534577,0.000635));
#12105=CARTESIAN_POINT('',(0.00652550677813222,-0.0013683575534577,0.000381000000000001));
#12106=CARTESIAN_POINT('',(0.00652096793463388,-0.00171076159621968,0.000635));
#12107=CARTESIAN_POINT('',(0.00652096793463388,-0.00171076159621968,0.000381000000000001));
#12108=CARTESIAN_POINT('',(0.00653355801478028,-0.00180158170405776,0.000635));
#12109=CARTESIAN_POINT('',(0.00653355801478028,-0.00180158170405776,0.000381000000000001));
#12110=CARTESIAN_POINT('',(0.00653355801478028,-0.00180158170405776,0.000635));
#12111=CARTESIAN_POINT('',(0.00654086941235624,-0.00185432337913633,0.000635));
#12112=CARTESIAN_POINT('',(0.00656724193466005,-0.00192700227946166,0.000635));
#12113=CARTESIAN_POINT('',(0.00666385422862008,-0.00208750098825625,0.000635));
#12114=CARTESIAN_POINT('',(0.006842398970204,-0.00218196870222863,0.000635));
#12115=CARTESIAN_POINT('',(0.00708417593898814,-0.00200637532418177,0.000635));
#12116=CARTESIAN_POINT('',(0.00716292291237241,-0.00165763540513972,0.000635));
#12117=CARTESIAN_POINT('',(0.00732541103387943,-0.00110017715850752,0.000635));
#12118=CARTESIAN_POINT('',(0.00737024273762762,-0.000605475759549674,0.000635));
#12119=CARTESIAN_POINT('',(0.00745315716661607,0.000270905199356487,0.000635));
#12120=CARTESIAN_POINT('',(0.0073995107628011,0.000892998796785553,0.000635));
#12121=CARTESIAN_POINT('',(0.00782148770043032,0.000882056411019601,0.000635));
#12122=CARTESIAN_POINT('',(0.0084120987008704,0.000791838047490782,0.000635));
#12123=CARTESIAN_POINT('',(0.00880516666056058,0.000637153502484359,0.000635));
#12124=CARTESIAN_POINT('',(0.00913122765530833,0.000729105526915866,0.000635));
#12125=CARTESIAN_POINT('',(0.00922858412020715,0.000956142114363292,0.000635));
#12126=CARTESIAN_POINT('',(0.00902246041284586,0.001171364780707,0.000635));
#12127=CARTESIAN_POINT('',(0.00854075527063035,0.00131818885747623,0.000635));
#12128=CARTESIAN_POINT('',(0.00836891735981066,0.00135251286933713,0.000635));
#12129=CARTESIAN_POINT('',(0.0080776513251971,0.00142793060157312,0.000635));
#12130=CARTESIAN_POINT('',(0.0075934544498312,0.0014805994209272,0.000635));
#12131=CARTESIAN_POINT('',(0.00737817114373548,0.00150401532341599,0.000635));
#12132=CARTESIAN_POINT('',(0.00691448876615983,0.001566652518197,0.000635));
#12133=CARTESIAN_POINT('',(0.00688454126192278,0.00129291806807009,0.000635));
#12134=CARTESIAN_POINT('',(0.00681963557874573,0.000721277399594685,0.000635));
#12135=CARTESIAN_POINT('',(0.00676779569715495,0.00016833715112071,0.000635));
#12136=CARTESIAN_POINT('',(0.00663826814045808,-0.000724566534321347,0.000635));
#12137=CARTESIAN_POINT('',(0.00652550677813222,-0.0013683575534577,0.000635));
#12138=CARTESIAN_POINT('',(0.00652096793463388,-0.00171076159621968,0.000635));
#12139=CARTESIAN_POINT('',(0.00653355801478028,-0.00180158170405776,0.000635));
#12140=CARTESIAN_POINT('',(0.00653355801478028,-0.00180158170405776,0.000635));
#12141=CARTESIAN_POINT('',(0.00131238009563302,-0.00149779486655337,0.000635));
#12142=CARTESIAN_POINT('',(0.0100848618894815,3.85427447326947E-5,0.000635));
#12143=CARTESIAN_POINT('',(0.0100848618894815,3.85427447326947E-5,0.000381));
#12144=CARTESIAN_POINT('',(0.0100650004891769,2.8506513636008E-5,0.000635));
#12145=CARTESIAN_POINT('',(0.0100650004891769,2.8506513636008E-5,0.000381));
#12146=CARTESIAN_POINT('',(0.0100101713079567,8.0059536605079E-7,0.000635));
#12147=CARTESIAN_POINT('',(0.0100101713079567,8.0059536605079E-7,0.000381));
#12148=CARTESIAN_POINT('',(0.00979692159261133,-0.000164152049956497,0.000635));
#12149=CARTESIAN_POINT('',(0.00979692159261133,-0.000164152049956497,0.000381));
#12150=CARTESIAN_POINT('',(0.00972600339969342,-0.000548212808495386,0.000635));
#12151=CARTESIAN_POINT('',(0.00972600339969342,-0.000548212808495386,0.000381));
#12152=CARTESIAN_POINT('',(0.00950842996599777,-0.00120287007667183,0.000635));
#12153=CARTESIAN_POINT('',(0.00950842996599777,-0.00120287007667183,0.000381));
#12154=CARTESIAN_POINT('',(0.00938988957930236,-0.00205715834525009,0.000635));
#12155=CARTESIAN_POINT('',(0.00938988957930236,-0.00205715834525009,0.000381));
#12156=CARTESIAN_POINT('',(0.00923506611534429,-0.00239143358641116,0.000635));
#12157=CARTESIAN_POINT('',(0.00923506611534429,-0.00239143358641116,0.000381));
#12158=CARTESIAN_POINT('',(0.0090093217525032,-0.00252836626742541,0.000635));
#12159=CARTESIAN_POINT('',(0.0090093217525032,-0.00252836626742541,0.000381));
#12160=CARTESIAN_POINT('',(0.00877981947976935,-0.00248465718427655,0.000635));
#12161=CARTESIAN_POINT('',(0.00877981947976935,-0.00248465718427655,0.000381));
#12162=CARTESIAN_POINT('',(0.00873392706732232,-0.00233796410930813,0.000635));
#12163=CARTESIAN_POINT('',(0.00873392706732232,-0.00233796410930813,0.000381));
#12164=CARTESIAN_POINT('',(0.00871034245938063,-0.00226257694885135,0.000635));
#12165=CARTESIAN_POINT('',(0.00871034245938063,-0.00226257694885135,0.000381));
#12166=CARTESIAN_POINT('',(0.00871034245938063,-0.00226257694885135,0.000635));
#12167=CARTESIAN_POINT('',(0.00871034245938063,-0.00226257694885135,0.000635));
#12168=CARTESIAN_POINT('',(0.0100848618894815,3.85427447326947E-5,0.000635));
#12169=CARTESIAN_POINT('',(0.0100650004891769,2.8506513636008E-5,0.000635));
#12170=CARTESIAN_POINT('',(0.0100101713079567,8.0059536605079E-7,0.000635));
#12171=CARTESIAN_POINT('',(0.00979692159261133,-0.000164152049956497,0.000635));
#12172=CARTESIAN_POINT('',(0.00972600339969342,-0.000548212808495386,0.000635));
#12173=CARTESIAN_POINT('',(0.00950842996599777,-0.00120287007667183,0.000635));
#12174=CARTESIAN_POINT('',(0.00938988957930236,-0.00205715834525009,0.000635));
#12175=CARTESIAN_POINT('',(0.00923506611534429,-0.00239143358641116,0.000635));
#12176=CARTESIAN_POINT('',(0.0090093217525032,-0.00252836626742541,0.000635));
#12177=CARTESIAN_POINT('',(0.00877981947976935,-0.00248465718427655,0.000635));
#12178=CARTESIAN_POINT('',(0.00873392706732232,-0.00233796410930813,0.000635));
#12179=CARTESIAN_POINT('',(0.00871034245938063,-0.00226257694885135,0.000635));
#12180=CARTESIAN_POINT('',(0.0100848618894815,3.85427447326947E-5,0.000635));
#12181=CARTESIAN_POINT('',(0.0100848618894815,3.85427447326947E-5,0.000635));
#12182=CARTESIAN_POINT('',(0.00871034245938063,-0.00226257694885134,0.000635));
#12183=CARTESIAN_POINT('',(0.00871034245938063,-0.00226257694885134,0.000381000000000001));
#12184=CARTESIAN_POINT('',(0.00869793518564054,-0.00208975408092452,0.000635));
#12185=CARTESIAN_POINT('',(0.00869793518564054,-0.00208975408092452,0.000381000000000001));
#12186=CARTESIAN_POINT('',(0.00871481896188775,-0.00181624669035773,0.000635));
#12187=CARTESIAN_POINT('',(0.00871481896188775,-0.00181624669035773,0.000381000000000001));
#12188=CARTESIAN_POINT('',(0.00888252058964867,-0.0012900961636404,0.000635));
#12189=CARTESIAN_POINT('',(0.00888252058964867,-0.0012900961636404,0.000381000000000001));
#12190=CARTESIAN_POINT('',(0.00900372795830008,-0.000828291352521789,0.000635));
#12191=CARTESIAN_POINT('',(0.00900372795830008,-0.000828291352521789,0.000381000000000001));
#12192=CARTESIAN_POINT('',(0.00912421008931218,-0.000402932452292294,0.000635));
#12193=CARTESIAN_POINT('',(0.00912421008931218,-0.000402932452292294,0.000381000000000001));
#12194=CARTESIAN_POINT('',(0.0092447710696366,-6.58974481708078E-5,0.000635));
#12195=CARTESIAN_POINT('',(0.0092447710696366,-6.58974481708078E-5,0.000381000000000001));
#12196=CARTESIAN_POINT('',(0.00939540873742103,0.000215860326619525,0.000635));
#12197=CARTESIAN_POINT('',(0.00939540873742103,0.000215860326619525,0.000381000000000001));
#12198=CARTESIAN_POINT('',(0.00962005746814537,0.0004503457332425,0.000635));
#12199=CARTESIAN_POINT('',(0.00962005746814537,0.0004503457332425,0.000381000000000001));
#12200=CARTESIAN_POINT('',(0.00993248250728001,0.00061953136475334,0.000635));
#12201=CARTESIAN_POINT('',(0.00993248250728001,0.00061953136475334,0.000381000000000001));
#12202=CARTESIAN_POINT('',(0.0102970630398727,0.000637830297383206,0.000635));
#12203=CARTESIAN_POINT('',(0.0102970630398727,0.000637830297383206,0.000381000000000001));
#12204=CARTESIAN_POINT('',(0.0106171470649163,0.000628495058208125,0.000635));
#12205=CARTESIAN_POINT('',(0.0106171470649163,0.000628495058208125,0.000381000000000001));
#12206=CARTESIAN_POINT('',(0.0108717019506967,0.000541376724675368,0.000635));
#12207=CARTESIAN_POINT('',(0.0108717019506967,0.000541376724675368,0.000381000000000001));
#12208=CARTESIAN_POINT('',(0.0111042887533925,0.000227210725862673,0.000635));
#12209=CARTESIAN_POINT('',(0.0111042887533925,0.000227210725862673,0.000381000000000001));
#12210=CARTESIAN_POINT('',(0.0112176298522797,-8.71559546364226E-5,0.000635));
#12211=CARTESIAN_POINT('',(0.0112176298522797,-8.71559546364226E-5,0.000381000000000001));
#12212=CARTESIAN_POINT('',(0.0112654257323779,-0.00038047355889078,0.000635));
#12213=CARTESIAN_POINT('',(0.0112654257323779,-0.00038047355889078,0.000381000000000001));
#12214=CARTESIAN_POINT('',(0.0112851269562052,-0.000807115404473441,0.000635));
#12215=CARTESIAN_POINT('',(0.0112851269562052,-0.000807115404473441,0.000381000000000001));
#12216=CARTESIAN_POINT('',(0.0111630482993764,-0.00147677061463608,0.000635));
#12217=CARTESIAN_POINT('',(0.0111630482993764,-0.00147677061463608,0.000381000000000001));
#12218=CARTESIAN_POINT('',(0.0110828505553986,-0.0020809376278316,0.000635));
#12219=CARTESIAN_POINT('',(0.0110828505553986,-0.0020809376278316,0.000381000000000001));
#12220=CARTESIAN_POINT('',(0.0109496778906884,-0.00249009969807819,0.000635));
#12221=CARTESIAN_POINT('',(0.0109496778906884,-0.00249009969807819,0.000381000000000001));
#12222=CARTESIAN_POINT('',(0.010685539821825,-0.00282479798259414,0.000635));
#12223=CARTESIAN_POINT('',(0.010685539821825,-0.00282479798259414,0.000381000000000001));
#12224=CARTESIAN_POINT('',(0.0104681292015135,-0.00287394117484465,0.000635));
#12225=CARTESIAN_POINT('',(0.0104681292015135,-0.00287394117484465,0.000381000000000001));
#12226=CARTESIAN_POINT('',(0.0102558445648655,-0.00268133242894112,0.000635));
#12227=CARTESIAN_POINT('',(0.0102558445648655,-0.00268133242894112,0.000381000000000001));
#12228=CARTESIAN_POINT('',(0.0102337447534258,-0.00237502115589408,0.000635));
#12229=CARTESIAN_POINT('',(0.0102337447534258,-0.00237502115589408,0.000381000000000001));
#12230=CARTESIAN_POINT('',(0.0103634405915397,-0.00202037344624698,0.000635));
#12231=CARTESIAN_POINT('',(0.0103634405915397,-0.00202037344624698,0.000381000000000001));
#12232=CARTESIAN_POINT('',(0.0104117857600823,-0.00166869005943079,0.000635));
#12233=CARTESIAN_POINT('',(0.0104117857600823,-0.00166869005943079,0.000381000000000001));
#12234=CARTESIAN_POINT('',(0.0104786630062248,-0.00126820321787607,0.000635));
#12235=CARTESIAN_POINT('',(0.0104786630062248,-0.00126820321787607,0.000381000000000001));
#12236=CARTESIAN_POINT('',(0.0105524242224926,-0.000840922003461379,0.000635));
#12237=CARTESIAN_POINT('',(0.0105524242224926,-0.000840922003461379,0.000381000000000001));
#12238=CARTESIAN_POINT('',(0.0105467028196528,-0.000473965136255876,0.000635));
#12239=CARTESIAN_POINT('',(0.0105467028196528,-0.000473965136255876,0.000381000000000001));
#12240=CARTESIAN_POINT('',(0.010533421695876,-0.00015390739491219,0.000635));
#12241=CARTESIAN_POINT('',(0.010533421695876,-0.00015390739491219,0.000381000000000001));
#12242=CARTESIAN_POINT('',(0.0104270768821067,6.60370578086998E-5,0.000635));
#12243=CARTESIAN_POINT('',(0.0104270768821067,6.60370578086998E-5,0.000381000000000001));
#12244=CARTESIAN_POINT('',(0.0101613389699145,5.59543244689333E-5,0.000635));
#12245=CARTESIAN_POINT('',(0.0101613389699145,5.59543244689333E-5,0.000381000000000001));
#12246=CARTESIAN_POINT('',(0.0100848618894815,3.85427447326947E-5,0.000635));
#12247=CARTESIAN_POINT('',(0.0100848618894815,3.85427447326947E-5,0.000381000000000001));
#12248=CARTESIAN_POINT('',(0.00871034245938063,-0.00226257694885134,0.000635));
#12249=CARTESIAN_POINT('',(0.00870305866860771,-0.00216111988123722,0.000635));
#12250=CARTESIAN_POINT('',(0.00868581295640872,-0.00192090164279669,0.000635));
#12251=CARTESIAN_POINT('',(0.00886076800593848,-0.0013815750705249,0.000635));
#12252=CARTESIAN_POINT('',(0.00907349504313626,-0.000552249037025066,0.000635));
#12253=CARTESIAN_POINT('',(0.0092605139614936,-1.99354083830586E-6,0.000635));
#12254=CARTESIAN_POINT('',(0.00951206901743814,0.000379321453438588,0.000635));
#12255=CARTESIAN_POINT('',(0.00994908195254986,0.00065157775816849,0.000635));
#12256=CARTESIAN_POINT('',(0.0104661584240908,0.00062794184410826,0.000635));
#12257=CARTESIAN_POINT('',(0.0108343116016902,0.000604411883415265,0.000635));
#12258=CARTESIAN_POINT('',(0.0111556922819844,0.000161383373464205,0.000635));
#12259=CARTESIAN_POINT('',(0.0112524143303915,-0.000265746201739452,0.000635));
#12260=CARTESIAN_POINT('',(0.0112968209916281,-0.000728319316674398,0.000635));
#12261=CARTESIAN_POINT('',(0.0111405878439504,-0.00159736870750333,0.000635));
#12262=CARTESIAN_POINT('',(0.0110480197125287,-0.00239479145764933,0.000635));
#12263=CARTESIAN_POINT('',(0.0106394670965151,-0.00288446922493811,0.000635));
#12264=CARTESIAN_POINT('',(0.0103984589818336,-0.00282731949457338,0.000635));
#12265=CARTESIAN_POINT('',(0.0101753612687283,-0.00254628270424583,0.000635));
#12266=CARTESIAN_POINT('',(0.0103654363277599,-0.00205604830579528,0.000635));
#12267=CARTESIAN_POINT('',(0.0104315155768996,-0.00149350603611107,0.000635));
#12268=CARTESIAN_POINT('',(0.0105756501422313,-0.000779200154048723,0.000635));
#12269=CARTESIAN_POINT('',(0.0105304781724538,-0.000287730378309891,0.000635));
#12270=CARTESIAN_POINT('',(0.0104985676722573,5.87770635816923E-5,0.000635));
#12271=CARTESIAN_POINT('',(0.0101784546061306,5.98510509525431E-5,0.000635));
#12272=CARTESIAN_POINT('',(0.0100848618894815,3.85427447326947E-5,0.000635));
#12273=CARTESIAN_POINT('',(0.00131238009563302,-0.00149779486655337,0.000635));
#12274=CARTESIAN_POINT('',(1.38777878078145E-17,0.,0.));
#12275=CARTESIAN_POINT('',(1.38777878078145E-17,0.,0.));
#12276=CARTESIAN_POINT('',(0.057785,0.036536619650055,0.0219478970250468));
#12277=CARTESIAN_POINT('',(0.057785,0.0379544373001098,0.0226307362500936));
#12278=CARTESIAN_POINT('',(0.057785,0.0379544373001098,0.0226307362500936));
#12279=CARTESIAN_POINT('',(0.057785,0.036536619650055,0.0219478970250468));
#12280=CARTESIAN_POINT('',(0.057785,0.036536619650055,0.0181786026336601));
#12281=CARTESIAN_POINT('',(0.057785,0.036536619650055,0.0181786026336601));
#12282=CARTESIAN_POINT('',(0.057785,0.0379544373001099,0.0174957643725327));
#12283=CARTESIAN_POINT('',(0.057785,0.0379544373001099,0.0174957643725327));
#12284=CARTESIAN_POINT('',(0.057785,0.0379544373001098,0.0200632503113132));
#12285=CARTESIAN_POINT('',(0.057785,0.0379544373001098,0.0200632503113132));
#12286=CARTESIAN_POINT('',(0.057785,0.035785224150055,0.0200632503113132));
#12287=CARTESIAN_POINT('',(-0.057785,0.036536619650055,0.0219478970250468));
#12288=CARTESIAN_POINT('',(-0.057785,0.036536619650055,0.0219478970250468));
#12289=CARTESIAN_POINT('',(-0.057785,0.0379544373001099,0.0226307362500936));
#12290=CARTESIAN_POINT('',(-0.057785,0.0379544373001099,0.0226307362500936));
#12291=CARTESIAN_POINT('',(-0.057785,0.036536619650055,0.0181786026336601));
#12292=CARTESIAN_POINT('',(-0.057785,0.036536619650055,0.0181786026336601));
#12293=CARTESIAN_POINT('',(-0.057785,0.0379544373001099,0.0174957643725327));
#12294=CARTESIAN_POINT('',(-0.057785,0.0379544373001099,0.0174957643725327));
#12295=CARTESIAN_POINT('',(-0.057785,0.0379544373001099,0.0200632503113132));
#12296=CARTESIAN_POINT('',(-0.057785,0.0379544373001099,0.0200632503113132));
#12297=CARTESIAN_POINT('',(-0.057785,0.035785224150055,0.0200632503113132));
#12298=CARTESIAN_POINT('',(0.0782092756121069,-0.0140742756121069,0.036934902));
#12299=CARTESIAN_POINT('',(0.0688589807909199,-0.028309236911989,0.0403888827909199));
#12300=CARTESIAN_POINT('',(0.064135,5.00100461542863E-19,0.035664902));
#12301=CARTESIAN_POINT('',(-0.064135,-5.00100461542863E-19,0.035664902));
#12302=CARTESIAN_POINT('',(-0.0591084300760405,-0.0242704265652793,0.0306383320760405));
#12303=CARTESIAN_POINT('',(-0.0958305256121069,0.00354697438789313,0.036934902));
#12304=MECHANICAL_DESIGN_GEOMETRIC_PRESENTATION_REPRESENTATION('',(#5267),
#12305);
#12305=(
GEOMETRIC_REPRESENTATION_CONTEXT(3)
GLOBAL_UNCERTAINTY_ASSIGNED_CONTEXT((#12306))
GLOBAL_UNIT_ASSIGNED_CONTEXT((#12309,#12308,#12307))
REPRESENTATION_CONTEXT('Body','TOP_LEVEL_ASSEMBLY_PART')
);
#12306=UNCERTAINTY_MEASURE_WITH_UNIT(LENGTH_MEASURE(2.E-5),#12309,
'DISTANCE_ACCURACY_VALUE','Maximum Tolerance applied to model');
#12307=(
NAMED_UNIT(*)
SI_UNIT($,.STERADIAN.)
SOLID_ANGLE_UNIT()
);
#12308=(
NAMED_UNIT(*)
PLANE_ANGLE_UNIT()
SI_UNIT($,.RADIAN.)
);
#12309=(
LENGTH_UNIT()
NAMED_UNIT(*)
SI_UNIT($,.METRE.)
);
#12310=PRODUCT_DEFINITION_SHAPE('','',#12311);
#12311=PRODUCT_DEFINITION('','',#12313,#12312);
#12312=PRODUCT_DEFINITION_CONTEXT('',#12319,'design');
#12313=PRODUCT_DEFINITION_FORMATION_WITH_SPECIFIED_SOURCE('','',#12315,
 .NOT_KNOWN.);
#12314=PRODUCT_RELATED_PRODUCT_CATEGORY('','',(#12315));
#12315=PRODUCT('Body','Body','Body',(#12317));
#12316=PRODUCT_CATEGORY('','');
#12317=PRODUCT_CONTEXT('',#12319,'mechanical');
#12318=APPLICATION_PROTOCOL_DEFINITION('international standard',
'ap242_managed_model_based_3d_engineering',2020,#12319);
#12319=APPLICATION_CONTEXT('managed model based 3d engineering');
ENDSEC;
END-ISO-10303-21;
