ISO-10303-21;
HEADER;
/* Generated by software containing ST-Developer
 * from STEP Tools, Inc. (www.steptools.com) 
 */
/* OPTION: using custom renumber hook */

FILE_DESCRIPTION(
/* description */ ('STEP AP242 Edition 2',
'CAx-IF Rec.Pracs.---Representation and Presentation of Product Manufa
cturing Information (PMI)---4.0---2014-10-13',
'CAx-IF Rec.Pracs.---3D Tessellated Geometry---0.4---2014-09-14','2;1',
'CAx-IF Rec.Pracs.---User Defined Attributes---1.5---2016-08-15'),
/* implementation_level */ '2;1');

FILE_NAME(
/* name */ 'WeaponV2',
/* time_stamp */ '2026-05-02T18:42:33Z',
/* author */ (''),
/* organization */ (''),
/* preprocessor_version */ 'ST-DEVELOPER v20',
/* originating_system */ 'ONSHAPE BY PTC INC, 1.214',
/* authorisation */ '  ');

FILE_SCHEMA (('AP242_MANAGED_MODEL_BASED_3D_ENGINEERING_MIM_LF { 1 0 10303 442 3 1 4 }'));
ENDSEC;

DATA;
#10=SHAPE_REPRESENTATION_RELATIONSHIP('','',#2834,#11);
#11=ADVANCED_BREP_SHAPE_REPRESENTATION('',(#2832),#7556);
#12=B_SPLINE_CURVE_WITH_KNOTS('',3,(#4102,#4103,#4104,#4105,#4106,#4107,
#4108,#4109,#4110,#4111,#4112,#4113,#4114,#4115,#4116,#4117,#4118,#4119,
#4120,#4121,#4122,#4123,#4124,#4125,#4126,#4127,#4128,#4129,#4130,#4131,
#4132,#4133,#4134,#4135,#4136,#4137,#4138),.UNSPECIFIED.,.F.,.F.,(4,1,1,
1,1,1,1,1,1,1,1,1,1,1,1,1,1,1,1,1,1,1,1,1,1,1,1,1,1,1,1,1,1,1,4),(0.,0.113487938645312,
0.121743445089471,0.132401255975108,0.145011747191338,0.159310699871886,
0.175118786671481,0.192303988722986,0.21076385685115,0.230415887111965,
0.251191783137003,0.273033793531268,0.295892248872636,0.31972383596219,
0.344490347744952,0.370157752534217,0.396695484754358,0.42407589370298,
0.452273807757534,0.48126618468468,0.511031827341332,0.541551149838043,
0.572805983201346,0.604779412349468,0.6374556381784,0.670819859994088,0.704858174586883,
0.739557489036558,0.77490544493564,0.810890352177645,0.84750113081172,0.884727259742564,
0.922558731273061,0.960986010660936,0.988703578539802),.UNSPECIFIED.);
#13=B_SPLINE_CURVE_WITH_KNOTS('',3,(#4140,#4141,#4142,#4143,#4144,#4145,
#4146,#4147,#4148,#4149,#4150,#4151,#4152,#4153,#4154,#4155,#4156,#4157,
#4158,#4159,#4160,#4161,#4162,#4163,#4164,#4165,#4166,#4167,#4168,#4169,
#4170,#4171,#4172,#4173,#4174,#4175,#4176),.UNSPECIFIED.,.F.,.F.,(4,1,1,
1,1,1,1,1,1,1,1,1,1,1,1,1,1,1,1,1,1,1,1,1,1,1,1,1,1,1,1,1,1,1,4),(0.,0.113487938645312,
0.121743445089471,0.132401255975108,0.145011747191338,0.159310699871886,
0.175118786671481,0.192303988722986,0.21076385685115,0.230415887111965,
0.251191783137003,0.273033793531268,0.295892248872636,0.31972383596219,
0.344490347744952,0.370157752534217,0.396695484754358,0.42407589370298,
0.452273807757534,0.48126618468468,0.511031827341332,0.541551149838043,
0.572805983201346,0.604779412349468,0.6374556381784,0.670819859994088,0.704858174586883,
0.739557489036558,0.77490544493564,0.810890352177645,0.84750113081172,0.884727259742564,
0.922558731273061,0.960986010660936,0.988703578539802),.UNSPECIFIED.);
#14=B_SPLINE_CURVE_WITH_KNOTS('',3,(#4203,#4204,#4205,#4206,#4207,#4208,
#4209,#4210,#4211,#4212,#4213,#4214,#4215,#4216,#4217,#4218,#4219,#4220,
#4221,#4222,#4223,#4224,#4225,#4226,#4227,#4228,#4229,#4230,#4231,#4232,
#4233,#4234,#4235,#4236,#4237,#4238,#4239),.UNSPECIFIED.,.F.,.F.,(4,1,1,
1,1,1,1,1,1,1,1,1,1,1,1,1,1,1,1,1,1,1,1,1,1,1,1,1,1,1,1,1,1,1,4),(0.,0.113487938645312,
0.121743445089471,0.132401255975108,0.145011747191338,0.159310699871886,
0.175118786671481,0.192303988722986,0.21076385685115,0.230415887111965,
0.251191783137003,0.273033793531268,0.295892248872636,0.31972383596219,
0.344490347744952,0.370157752534217,0.396695484754358,0.42407589370298,
0.452273807757534,0.48126618468468,0.511031827341332,0.541551149838043,
0.572805983201346,0.604779412349468,0.6374556381784,0.670819859994088,0.704858174586883,
0.739557489036558,0.77490544493564,0.810890352177645,0.84750113081172,0.884727259742564,
0.922558731273061,0.960986010660936,0.988703578539802),.UNSPECIFIED.);
#15=B_SPLINE_CURVE_WITH_KNOTS('',3,(#4241,#4242,#4243,#4244,#4245,#4246,
#4247,#4248,#4249,#4250,#4251,#4252,#4253,#4254,#4255,#4256,#4257,#4258,
#4259,#4260,#4261,#4262,#4263,#4264,#4265,#4266,#4267,#4268,#4269,#4270,
#4271,#4272,#4273,#4274,#4275,#4276,#4277),.UNSPECIFIED.,.F.,.F.,(4,1,1,
1,1,1,1,1,1,1,1,1,1,1,1,1,1,1,1,1,1,1,1,1,1,1,1,1,1,1,1,1,1,1,4),(0.,0.113487938645312,
0.121743445089471,0.132401255975108,0.145011747191338,0.159310699871886,
0.175118786671481,0.192303988722986,0.21076385685115,0.230415887111965,
0.251191783137003,0.273033793531268,0.295892248872636,0.31972383596219,
0.344490347744952,0.370157752534217,0.396695484754358,0.42407589370298,
0.452273807757534,0.48126618468468,0.511031827341332,0.541551149838043,
0.572805983201346,0.604779412349468,0.6374556381784,0.670819859994088,0.704858174586883,
0.739557489036558,0.77490544493564,0.810890352177645,0.84750113081172,0.884727259742564,
0.922558731273061,0.960986010660936,0.988703578539802),.UNSPECIFIED.);
#16=B_SPLINE_CURVE_WITH_KNOTS('',3,(#4319,#4320,#4321,#4322,#4323,#4324,
#4325,#4326,#4327,#4328,#4329,#4330,#4331,#4332,#4333,#4334,#4335,#4336,
#4337,#4338,#4339,#4340,#4341,#4342,#4343,#4344,#4345,#4346,#4347,#4348,
#4349,#4350,#4351,#4352,#4353,#4354,#4355),.UNSPECIFIED.,.F.,.F.,(4,1,1,
1,1,1,1,1,1,1,1,1,1,1,1,1,1,1,1,1,1,1,1,1,1,1,1,1,1,1,1,1,1,1,4),(0.,0.113487938645312,
0.121743445089471,0.132401255975108,0.145011747191338,0.159310699871886,
0.175118786671481,0.192303988722986,0.21076385685115,0.230415887111965,
0.251191783137003,0.273033793531268,0.295892248872636,0.31972383596219,
0.344490347744952,0.370157752534217,0.396695484754358,0.42407589370298,
0.452273807757534,0.48126618468468,0.511031827341332,0.541551149838043,
0.572805983201346,0.604779412349468,0.6374556381784,0.670819859994088,0.704858174586883,
0.739557489036558,0.77490544493564,0.810890352177645,0.84750113081172,0.884727259742564,
0.922558731273061,0.960986010660936,0.988703578539802),.UNSPECIFIED.);
#17=B_SPLINE_CURVE_WITH_KNOTS('',3,(#4357,#4358,#4359,#4360,#4361,#4362,
#4363,#4364,#4365,#4366,#4367,#4368,#4369,#4370,#4371,#4372,#4373,#4374,
#4375,#4376,#4377,#4378,#4379,#4380,#4381,#4382,#4383,#4384,#4385,#4386,
#4387,#4388,#4389,#4390,#4391,#4392,#4393),.UNSPECIFIED.,.F.,.F.,(4,1,1,
1,1,1,1,1,1,1,1,1,1,1,1,1,1,1,1,1,1,1,1,1,1,1,1,1,1,1,1,1,1,1,4),(0.,0.113487938645312,
0.121743445089471,0.132401255975108,0.145011747191338,0.159310699871886,
0.175118786671481,0.192303988722986,0.21076385685115,0.230415887111965,
0.251191783137003,0.273033793531268,0.295892248872636,0.31972383596219,
0.344490347744952,0.370157752534217,0.396695484754358,0.42407589370298,
0.452273807757534,0.48126618468468,0.511031827341332,0.541551149838043,
0.572805983201346,0.604779412349468,0.6374556381784,0.670819859994088,0.704858174586883,
0.739557489036558,0.77490544493564,0.810890352177645,0.84750113081172,0.884727259742564,
0.922558731273061,0.960986010660936,0.988703578539802),.UNSPECIFIED.);
#18=B_SPLINE_CURVE_WITH_KNOTS('',3,(#4420,#4421,#4422,#4423,#4424,#4425,
#4426,#4427,#4428,#4429,#4430,#4431,#4432,#4433,#4434,#4435,#4436,#4437,
#4438,#4439,#4440,#4441,#4442,#4443,#4444,#4445,#4446,#4447,#4448,#4449,
#4450,#4451,#4452,#4453,#4454,#4455,#4456),.UNSPECIFIED.,.F.,.F.,(4,1,1,
1,1,1,1,1,1,1,1,1,1,1,1,1,1,1,1,1,1,1,1,1,1,1,1,1,1,1,1,1,1,1,4),(0.,0.113487938645312,
0.121743445089471,0.132401255975108,0.145011747191338,0.159310699871886,
0.175118786671481,0.192303988722986,0.21076385685115,0.230415887111965,
0.251191783137003,0.273033793531268,0.295892248872636,0.31972383596219,
0.344490347744952,0.370157752534217,0.396695484754358,0.42407589370298,
0.452273807757534,0.48126618468468,0.511031827341332,0.541551149838043,
0.572805983201346,0.604779412349468,0.6374556381784,0.670819859994088,0.704858174586883,
0.739557489036558,0.77490544493564,0.810890352177645,0.84750113081172,0.884727259742564,
0.922558731273061,0.960986010660936,0.988703578539802),.UNSPECIFIED.);
#19=B_SPLINE_CURVE_WITH_KNOTS('',3,(#4458,#4459,#4460,#4461,#4462,#4463,
#4464,#4465,#4466,#4467,#4468,#4469,#4470,#4471,#4472,#4473,#4474,#4475,
#4476,#4477,#4478,#4479,#4480,#4481,#4482,#4483,#4484,#4485,#4486,#4487,
#4488,#4489,#4490,#4491,#4492,#4493,#4494),.UNSPECIFIED.,.F.,.F.,(4,1,1,
1,1,1,1,1,1,1,1,1,1,1,1,1,1,1,1,1,1,1,1,1,1,1,1,1,1,1,1,1,1,1,4),(0.,0.113487938645312,
0.121743445089471,0.132401255975108,0.145011747191338,0.159310699871886,
0.175118786671481,0.192303988722986,0.21076385685115,0.230415887111965,
0.251191783137003,0.273033793531268,0.295892248872636,0.31972383596219,
0.344490347744952,0.370157752534217,0.396695484754358,0.42407589370298,
0.452273807757534,0.48126618468468,0.511031827341332,0.541551149838043,
0.572805983201346,0.604779412349468,0.6374556381784,0.670819859994088,0.704858174586883,
0.739557489036558,0.77490544493564,0.810890352177645,0.84750113081172,0.884727259742564,
0.922558731273061,0.960986010660936,0.988703578539802),.UNSPECIFIED.);
#20=B_SPLINE_CURVE_WITH_KNOTS('',3,(#4536,#4537,#4538,#4539,#4540,#4541,
#4542,#4543,#4544,#4545,#4546,#4547,#4548,#4549,#4550,#4551,#4552,#4553,
#4554,#4555,#4556,#4557,#4558,#4559,#4560,#4561,#4562,#4563,#4564,#4565,
#4566,#4567,#4568,#4569,#4570,#4571,#4572),.UNSPECIFIED.,.F.,.F.,(4,1,1,
1,1,1,1,1,1,1,1,1,1,1,1,1,1,1,1,1,1,1,1,1,1,1,1,1,1,1,1,1,1,1,4),(0.,0.113487938645312,
0.121743445089471,0.132401255975108,0.145011747191338,0.159310699871886,
0.175118786671481,0.192303988722986,0.21076385685115,0.230415887111965,
0.251191783137003,0.273033793531268,0.295892248872636,0.31972383596219,
0.344490347744952,0.370157752534217,0.396695484754358,0.42407589370298,
0.452273807757534,0.48126618468468,0.511031827341332,0.541551149838043,
0.572805983201346,0.604779412349468,0.6374556381784,0.670819859994088,0.704858174586883,
0.739557489036558,0.77490544493564,0.810890352177645,0.84750113081172,0.884727259742564,
0.922558731273061,0.960986010660936,0.988703578539802),.UNSPECIFIED.);
#21=B_SPLINE_CURVE_WITH_KNOTS('',3,(#4574,#4575,#4576,#4577,#4578,#4579,
#4580,#4581,#4582,#4583,#4584,#4585,#4586,#4587,#4588,#4589,#4590,#4591,
#4592,#4593,#4594,#4595,#4596,#4597,#4598,#4599,#4600,#4601,#4602,#4603,
#4604,#4605,#4606,#4607,#4608,#4609,#4610),.UNSPECIFIED.,.F.,.F.,(4,1,1,
1,1,1,1,1,1,1,1,1,1,1,1,1,1,1,1,1,1,1,1,1,1,1,1,1,1,1,1,1,1,1,4),(0.,0.113487938645312,
0.121743445089471,0.132401255975108,0.145011747191338,0.159310699871886,
0.175118786671481,0.192303988722986,0.21076385685115,0.230415887111965,
0.251191783137003,0.273033793531268,0.295892248872636,0.31972383596219,
0.344490347744952,0.370157752534217,0.396695484754358,0.42407589370298,
0.452273807757534,0.48126618468468,0.511031827341332,0.541551149838043,
0.572805983201346,0.604779412349468,0.6374556381784,0.670819859994088,0.704858174586883,
0.739557489036558,0.77490544493564,0.810890352177645,0.84750113081172,0.884727259742564,
0.922558731273061,0.960986010660936,0.988703578539802),.UNSPECIFIED.);
#22=B_SPLINE_CURVE_WITH_KNOTS('',3,(#4637,#4638,#4639,#4640,#4641,#4642,
#4643,#4644,#4645,#4646,#4647,#4648,#4649,#4650,#4651,#4652,#4653,#4654,
#4655,#4656,#4657,#4658,#4659,#4660,#4661,#4662,#4663,#4664,#4665,#4666,
#4667,#4668,#4669,#4670,#4671,#4672,#4673),.UNSPECIFIED.,.F.,.F.,(4,1,1,
1,1,1,1,1,1,1,1,1,1,1,1,1,1,1,1,1,1,1,1,1,1,1,1,1,1,1,1,1,1,1,4),(0.,0.113487938645312,
0.121743445089471,0.132401255975108,0.145011747191338,0.159310699871886,
0.175118786671481,0.192303988722986,0.21076385685115,0.230415887111965,
0.251191783137003,0.273033793531268,0.295892248872636,0.31972383596219,
0.344490347744952,0.370157752534217,0.396695484754358,0.42407589370298,
0.452273807757534,0.48126618468468,0.511031827341332,0.541551149838043,
0.572805983201346,0.604779412349468,0.6374556381784,0.670819859994088,0.704858174586883,
0.739557489036558,0.77490544493564,0.810890352177645,0.84750113081172,0.884727259742564,
0.922558731273061,0.960986010660936,0.988703578539802),.UNSPECIFIED.);
#23=B_SPLINE_CURVE_WITH_KNOTS('',3,(#4675,#4676,#4677,#4678,#4679,#4680,
#4681,#4682,#4683,#4684,#4685,#4686,#4687,#4688,#4689,#4690,#4691,#4692,
#4693,#4694,#4695,#4696,#4697,#4698,#4699,#4700,#4701,#4702,#4703,#4704,
#4705,#4706,#4707,#4708,#4709,#4710,#4711),.UNSPECIFIED.,.F.,.F.,(4,1,1,
1,1,1,1,1,1,1,1,1,1,1,1,1,1,1,1,1,1,1,1,1,1,1,1,1,1,1,1,1,1,1,4),(0.,0.113487938645312,
0.121743445089471,0.132401255975108,0.145011747191338,0.159310699871886,
0.175118786671481,0.192303988722986,0.21076385685115,0.230415887111965,
0.251191783137003,0.273033793531268,0.295892248872636,0.31972383596219,
0.344490347744952,0.370157752534217,0.396695484754358,0.42407589370298,
0.452273807757534,0.48126618468468,0.511031827341332,0.541551149838043,
0.572805983201346,0.604779412349468,0.6374556381784,0.670819859994088,0.704858174586883,
0.739557489036558,0.77490544493564,0.810890352177645,0.84750113081172,0.884727259742564,
0.922558731273061,0.960986010660936,0.988703578539802),.UNSPECIFIED.);
#24=B_SPLINE_CURVE_WITH_KNOTS('',3,(#4753,#4754,#4755,#4756,#4757,#4758,
#4759,#4760,#4761,#4762,#4763,#4764,#4765,#4766,#4767,#4768,#4769,#4770,
#4771,#4772,#4773,#4774,#4775,#4776,#4777,#4778,#4779,#4780,#4781,#4782,
#4783,#4784,#4785,#4786,#4787,#4788,#4789),.UNSPECIFIED.,.F.,.F.,(4,1,1,
1,1,1,1,1,1,1,1,1,1,1,1,1,1,1,1,1,1,1,1,1,1,1,1,1,1,1,1,1,1,1,4),(0.,0.113487938645312,
0.121743445089471,0.132401255975108,0.145011747191338,0.159310699871886,
0.175118786671481,0.192303988722986,0.21076385685115,0.230415887111965,
0.251191783137003,0.273033793531268,0.295892248872636,0.31972383596219,
0.344490347744952,0.370157752534217,0.396695484754358,0.42407589370298,
0.452273807757534,0.48126618468468,0.511031827341332,0.541551149838043,
0.572805983201346,0.604779412349468,0.6374556381784,0.670819859994088,0.704858174586883,
0.739557489036558,0.77490544493564,0.810890352177645,0.84750113081172,0.884727259742564,
0.922558731273061,0.960986010660936,0.988703578539802),.UNSPECIFIED.);
#25=B_SPLINE_CURVE_WITH_KNOTS('',3,(#4791,#4792,#4793,#4794,#4795,#4796,
#4797,#4798,#4799,#4800,#4801,#4802,#4803,#4804,#4805,#4806,#4807,#4808,
#4809,#4810,#4811,#4812,#4813,#4814,#4815,#4816,#4817,#4818,#4819,#4820,
#4821,#4822,#4823,#4824,#4825,#4826,#4827),.UNSPECIFIED.,.F.,.F.,(4,1,1,
1,1,1,1,1,1,1,1,1,1,1,1,1,1,1,1,1,1,1,1,1,1,1,1,1,1,1,1,1,1,1,4),(0.,0.113487938645312,
0.121743445089471,0.132401255975108,0.145011747191338,0.159310699871886,
0.175118786671481,0.192303988722986,0.21076385685115,0.230415887111965,
0.251191783137003,0.273033793531268,0.295892248872636,0.31972383596219,
0.344490347744952,0.370157752534217,0.396695484754358,0.42407589370298,
0.452273807757534,0.48126618468468,0.511031827341332,0.541551149838043,
0.572805983201346,0.604779412349468,0.6374556381784,0.670819859994088,0.704858174586883,
0.739557489036558,0.77490544493564,0.810890352177645,0.84750113081172,0.884727259742564,
0.922558731273061,0.960986010660936,0.988703578539802),.UNSPECIFIED.);
#26=B_SPLINE_CURVE_WITH_KNOTS('',3,(#4854,#4855,#4856,#4857,#4858,#4859,
#4860,#4861,#4862,#4863,#4864,#4865,#4866,#4867,#4868,#4869,#4870,#4871,
#4872,#4873,#4874,#4875,#4876,#4877,#4878,#4879,#4880,#4881,#4882,#4883,
#4884,#4885,#4886,#4887,#4888,#4889,#4890),.UNSPECIFIED.,.F.,.F.,(4,1,1,
1,1,1,1,1,1,1,1,1,1,1,1,1,1,1,1,1,1,1,1,1,1,1,1,1,1,1,1,1,1,1,4),(0.,0.113487938645312,
0.121743445089471,0.132401255975108,0.145011747191338,0.159310699871886,
0.175118786671481,0.192303988722986,0.21076385685115,0.230415887111965,
0.251191783137003,0.273033793531268,0.295892248872636,0.31972383596219,
0.344490347744952,0.370157752534217,0.396695484754358,0.42407589370298,
0.452273807757534,0.48126618468468,0.511031827341332,0.541551149838043,
0.572805983201346,0.604779412349468,0.6374556381784,0.670819859994088,0.704858174586883,
0.739557489036558,0.77490544493564,0.810890352177645,0.84750113081172,0.884727259742564,
0.922558731273061,0.960986010660936,0.988703578539802),.UNSPECIFIED.);
#27=B_SPLINE_CURVE_WITH_KNOTS('',3,(#4892,#4893,#4894,#4895,#4896,#4897,
#4898,#4899,#4900,#4901,#4902,#4903,#4904,#4905,#4906,#4907,#4908,#4909,
#4910,#4911,#4912,#4913,#4914,#4915,#4916,#4917,#4918,#4919,#4920,#4921,
#4922,#4923,#4924,#4925,#4926,#4927,#4928),.UNSPECIFIED.,.F.,.F.,(4,1,1,
1,1,1,1,1,1,1,1,1,1,1,1,1,1,1,1,1,1,1,1,1,1,1,1,1,1,1,1,1,1,1,4),(0.,0.113487938645312,
0.121743445089471,0.132401255975108,0.145011747191338,0.159310699871886,
0.175118786671481,0.192303988722986,0.21076385685115,0.230415887111965,
0.251191783137003,0.273033793531268,0.295892248872636,0.31972383596219,
0.344490347744952,0.370157752534217,0.396695484754358,0.42407589370298,
0.452273807757534,0.48126618468468,0.511031827341332,0.541551149838043,
0.572805983201346,0.604779412349468,0.6374556381784,0.670819859994088,0.704858174586883,
0.739557489036558,0.77490544493564,0.810890352177645,0.84750113081172,0.884727259742564,
0.922558731273061,0.960986010660936,0.988703578539802),.UNSPECIFIED.);
#28=B_SPLINE_CURVE_WITH_KNOTS('',3,(#4970,#4971,#4972,#4973,#4974,#4975,
#4976,#4977,#4978,#4979,#4980,#4981,#4982,#4983,#4984,#4985,#4986,#4987,
#4988,#4989,#4990,#4991,#4992,#4993,#4994,#4995,#4996,#4997,#4998,#4999,
#5000,#5001,#5002,#5003,#5004,#5005,#5006),.UNSPECIFIED.,.F.,.F.,(4,1,1,
1,1,1,1,1,1,1,1,1,1,1,1,1,1,1,1,1,1,1,1,1,1,1,1,1,1,1,1,1,1,1,4),(0.,0.113487938645312,
0.121743445089471,0.132401255975108,0.145011747191338,0.159310699871886,
0.175118786671481,0.192303988722986,0.21076385685115,0.230415887111965,
0.251191783137003,0.273033793531268,0.295892248872636,0.31972383596219,
0.344490347744952,0.370157752534217,0.396695484754358,0.42407589370298,
0.452273807757534,0.48126618468468,0.511031827341332,0.541551149838043,
0.572805983201346,0.604779412349468,0.6374556381784,0.670819859994088,0.704858174586883,
0.739557489036558,0.77490544493564,0.810890352177645,0.84750113081172,0.884727259742564,
0.922558731273061,0.960986010660936,0.988703578539802),.UNSPECIFIED.);
#29=B_SPLINE_CURVE_WITH_KNOTS('',3,(#5008,#5009,#5010,#5011,#5012,#5013,
#5014,#5015,#5016,#5017,#5018,#5019,#5020,#5021,#5022,#5023,#5024,#5025,
#5026,#5027,#5028,#5029,#5030,#5031,#5032,#5033,#5034,#5035,#5036,#5037,
#5038,#5039,#5040,#5041,#5042,#5043,#5044),.UNSPECIFIED.,.F.,.F.,(4,1,1,
1,1,1,1,1,1,1,1,1,1,1,1,1,1,1,1,1,1,1,1,1,1,1,1,1,1,1,1,1,1,1,4),(0.,0.113487938645312,
0.121743445089471,0.132401255975108,0.145011747191338,0.159310699871886,
0.175118786671481,0.192303988722986,0.21076385685115,0.230415887111965,
0.251191783137003,0.273033793531268,0.295892248872636,0.31972383596219,
0.344490347744952,0.370157752534217,0.396695484754358,0.42407589370298,
0.452273807757534,0.48126618468468,0.511031827341332,0.541551149838043,
0.572805983201346,0.604779412349468,0.6374556381784,0.670819859994088,0.704858174586883,
0.739557489036558,0.77490544493564,0.810890352177645,0.84750113081172,0.884727259742564,
0.922558731273061,0.960986010660936,0.988703578539802),.UNSPECIFIED.);
#30=B_SPLINE_CURVE_WITH_KNOTS('',3,(#5071,#5072,#5073,#5074,#5075,#5076,
#5077,#5078,#5079,#5080,#5081,#5082,#5083,#5084,#5085,#5086,#5087,#5088,
#5089,#5090,#5091,#5092,#5093,#5094,#5095,#5096,#5097,#5098,#5099,#5100,
#5101,#5102,#5103,#5104,#5105,#5106,#5107),.UNSPECIFIED.,.F.,.F.,(4,1,1,
1,1,1,1,1,1,1,1,1,1,1,1,1,1,1,1,1,1,1,1,1,1,1,1,1,1,1,1,1,1,1,4),(0.,0.113487938645312,
0.121743445089471,0.132401255975108,0.145011747191338,0.159310699871886,
0.175118786671481,0.192303988722986,0.21076385685115,0.230415887111965,
0.251191783137003,0.273033793531268,0.295892248872636,0.31972383596219,
0.344490347744952,0.370157752534217,0.396695484754358,0.42407589370298,
0.452273807757534,0.48126618468468,0.511031827341332,0.541551149838043,
0.572805983201346,0.604779412349468,0.6374556381784,0.670819859994088,0.704858174586883,
0.739557489036558,0.77490544493564,0.810890352177645,0.84750113081172,0.884727259742564,
0.922558731273061,0.960986010660936,0.988703578539802),.UNSPECIFIED.);
#31=B_SPLINE_CURVE_WITH_KNOTS('',3,(#5109,#5110,#5111,#5112,#5113,#5114,
#5115,#5116,#5117,#5118,#5119,#5120,#5121,#5122,#5123,#5124,#5125,#5126,
#5127,#5128,#5129,#5130,#5131,#5132,#5133,#5134,#5135,#5136,#5137,#5138,
#5139,#5140,#5141,#5142,#5143,#5144,#5145),.UNSPECIFIED.,.F.,.F.,(4,1,1,
1,1,1,1,1,1,1,1,1,1,1,1,1,1,1,1,1,1,1,1,1,1,1,1,1,1,1,1,1,1,1,4),(0.,0.113487938645312,
0.121743445089471,0.132401255975108,0.145011747191338,0.159310699871886,
0.175118786671481,0.192303988722986,0.21076385685115,0.230415887111965,
0.251191783137003,0.273033793531268,0.295892248872636,0.31972383596219,
0.344490347744952,0.370157752534217,0.396695484754358,0.42407589370298,
0.452273807757534,0.48126618468468,0.511031827341332,0.541551149838043,
0.572805983201346,0.604779412349468,0.6374556381784,0.670819859994088,0.704858174586883,
0.739557489036558,0.77490544493564,0.810890352177645,0.84750113081172,0.884727259742564,
0.922558731273061,0.960986010660936,0.988703578539802),.UNSPECIFIED.);
#32=B_SPLINE_CURVE_WITH_KNOTS('',3,(#5187,#5188,#5189,#5190,#5191,#5192,
#5193,#5194,#5195,#5196,#5197,#5198,#5199,#5200,#5201,#5202,#5203,#5204,
#5205,#5206,#5207,#5208,#5209,#5210,#5211,#5212,#5213,#5214,#5215,#5216,
#5217,#5218,#5219,#5220,#5221,#5222,#5223),.UNSPECIFIED.,.F.,.F.,(4,1,1,
1,1,1,1,1,1,1,1,1,1,1,1,1,1,1,1,1,1,1,1,1,1,1,1,1,1,1,1,1,1,1,4),(0.,0.113487938645312,
0.121743445089471,0.132401255975108,0.145011747191338,0.159310699871886,
0.175118786671481,0.192303988722986,0.21076385685115,0.230415887111965,
0.251191783137003,0.273033793531268,0.295892248872636,0.31972383596219,
0.344490347744952,0.370157752534217,0.396695484754358,0.42407589370298,
0.452273807757534,0.48126618468468,0.511031827341332,0.541551149838043,
0.572805983201346,0.604779412349468,0.6374556381784,0.670819859994088,0.704858174586883,
0.739557489036558,0.77490544493564,0.810890352177645,0.84750113081172,0.884727259742564,
0.922558731273061,0.960986010660936,0.988703578539802),.UNSPECIFIED.);
#33=B_SPLINE_CURVE_WITH_KNOTS('',3,(#5225,#5226,#5227,#5228,#5229,#5230,
#5231,#5232,#5233,#5234,#5235,#5236,#5237,#5238,#5239,#5240,#5241,#5242,
#5243,#5244,#5245,#5246,#5247,#5248,#5249,#5250,#5251,#5252,#5253,#5254,
#5255,#5256,#5257,#5258,#5259,#5260,#5261),.UNSPECIFIED.,.F.,.F.,(4,1,1,
1,1,1,1,1,1,1,1,1,1,1,1,1,1,1,1,1,1,1,1,1,1,1,1,1,1,1,1,1,1,1,4),(0.,0.113487938645312,
0.121743445089471,0.132401255975108,0.145011747191338,0.159310699871886,
0.175118786671481,0.192303988722986,0.21076385685115,0.230415887111965,
0.251191783137003,0.273033793531268,0.295892248872636,0.31972383596219,
0.344490347744952,0.370157752534217,0.396695484754358,0.42407589370298,
0.452273807757534,0.48126618468468,0.511031827341332,0.541551149838043,
0.572805983201346,0.604779412349468,0.6374556381784,0.670819859994088,0.704858174586883,
0.739557489036558,0.77490544493564,0.810890352177645,0.84750113081172,0.884727259742564,
0.922558731273061,0.960986010660936,0.988703578539802),.UNSPECIFIED.);
#34=B_SPLINE_CURVE_WITH_KNOTS('',3,(#5288,#5289,#5290,#5291,#5292,#5293,
#5294,#5295,#5296,#5297,#5298,#5299,#5300,#5301,#5302,#5303,#5304,#5305,
#5306,#5307,#5308,#5309,#5310,#5311,#5312,#5313,#5314,#5315,#5316,#5317,
#5318,#5319,#5320,#5321,#5322,#5323,#5324),.UNSPECIFIED.,.F.,.F.,(4,1,1,
1,1,1,1,1,1,1,1,1,1,1,1,1,1,1,1,1,1,1,1,1,1,1,1,1,1,1,1,1,1,1,4),(0.,0.113487938645312,
0.121743445089471,0.132401255975108,0.145011747191338,0.159310699871886,
0.175118786671481,0.192303988722986,0.21076385685115,0.230415887111965,
0.251191783137003,0.273033793531268,0.295892248872636,0.31972383596219,
0.344490347744952,0.370157752534217,0.396695484754358,0.42407589370298,
0.452273807757534,0.48126618468468,0.511031827341332,0.541551149838043,
0.572805983201346,0.604779412349468,0.6374556381784,0.670819859994088,0.704858174586883,
0.739557489036558,0.77490544493564,0.810890352177645,0.84750113081172,0.884727259742564,
0.922558731273061,0.960986010660936,0.988703578539802),.UNSPECIFIED.);
#35=B_SPLINE_CURVE_WITH_KNOTS('',3,(#5326,#5327,#5328,#5329,#5330,#5331,
#5332,#5333,#5334,#5335,#5336,#5337,#5338,#5339,#5340,#5341,#5342,#5343,
#5344,#5345,#5346,#5347,#5348,#5349,#5350,#5351,#5352,#5353,#5354,#5355,
#5356,#5357,#5358,#5359,#5360,#5361,#5362),.UNSPECIFIED.,.F.,.F.,(4,1,1,
1,1,1,1,1,1,1,1,1,1,1,1,1,1,1,1,1,1,1,1,1,1,1,1,1,1,1,1,1,1,1,4),(0.,0.113487938645312,
0.121743445089471,0.132401255975108,0.145011747191338,0.159310699871886,
0.175118786671481,0.192303988722986,0.21076385685115,0.230415887111965,
0.251191783137003,0.273033793531268,0.295892248872636,0.31972383596219,
0.344490347744952,0.370157752534217,0.396695484754358,0.42407589370298,
0.452273807757534,0.48126618468468,0.511031827341332,0.541551149838043,
0.572805983201346,0.604779412349468,0.6374556381784,0.670819859994088,0.704858174586883,
0.739557489036558,0.77490544493564,0.810890352177645,0.84750113081172,0.884727259742564,
0.922558731273061,0.960986010660936,0.988703578539802),.UNSPECIFIED.);
#36=B_SPLINE_CURVE_WITH_KNOTS('',3,(#5404,#5405,#5406,#5407,#5408,#5409,
#5410,#5411,#5412,#5413,#5414,#5415,#5416,#5417,#5418,#5419,#5420,#5421,
#5422,#5423,#5424,#5425,#5426,#5427,#5428,#5429,#5430,#5431,#5432,#5433,
#5434,#5435,#5436,#5437,#5438,#5439,#5440),.UNSPECIFIED.,.F.,.F.,(4,1,1,
1,1,1,1,1,1,1,1,1,1,1,1,1,1,1,1,1,1,1,1,1,1,1,1,1,1,1,1,1,1,1,4),(0.,0.113487938645312,
0.121743445089471,0.132401255975108,0.145011747191338,0.159310699871886,
0.175118786671481,0.192303988722986,0.21076385685115,0.230415887111965,
0.251191783137003,0.273033793531268,0.295892248872636,0.31972383596219,
0.344490347744952,0.370157752534217,0.396695484754358,0.42407589370298,
0.452273807757534,0.48126618468468,0.511031827341332,0.541551149838043,
0.572805983201346,0.604779412349468,0.6374556381784,0.670819859994088,0.704858174586883,
0.739557489036558,0.77490544493564,0.810890352177645,0.84750113081172,0.884727259742564,
0.922558731273061,0.960986010660936,0.988703578539802),.UNSPECIFIED.);
#37=B_SPLINE_CURVE_WITH_KNOTS('',3,(#5442,#5443,#5444,#5445,#5446,#5447,
#5448,#5449,#5450,#5451,#5452,#5453,#5454,#5455,#5456,#5457,#5458,#5459,
#5460,#5461,#5462,#5463,#5464,#5465,#5466,#5467,#5468,#5469,#5470,#5471,
#5472,#5473,#5474,#5475,#5476,#5477,#5478),.UNSPECIFIED.,.F.,.F.,(4,1,1,
1,1,1,1,1,1,1,1,1,1,1,1,1,1,1,1,1,1,1,1,1,1,1,1,1,1,1,1,1,1,1,4),(0.,0.113487938645312,
0.121743445089471,0.132401255975108,0.145011747191338,0.159310699871886,
0.175118786671481,0.192303988722986,0.21076385685115,0.230415887111965,
0.251191783137003,0.273033793531268,0.295892248872636,0.31972383596219,
0.344490347744952,0.370157752534217,0.396695484754358,0.42407589370298,
0.452273807757534,0.48126618468468,0.511031827341332,0.541551149838043,
0.572805983201346,0.604779412349468,0.6374556381784,0.670819859994088,0.704858174586883,
0.739557489036558,0.77490544493564,0.810890352177645,0.84750113081172,0.884727259742564,
0.922558731273061,0.960986010660936,0.988703578539802),.UNSPECIFIED.);
#38=B_SPLINE_CURVE_WITH_KNOTS('',3,(#5505,#5506,#5507,#5508,#5509,#5510,
#5511,#5512,#5513,#5514,#5515,#5516,#5517,#5518,#5519,#5520,#5521,#5522,
#5523,#5524,#5525,#5526,#5527,#5528,#5529,#5530,#5531,#5532,#5533,#5534,
#5535,#5536,#5537,#5538,#5539,#5540,#5541),.UNSPECIFIED.,.F.,.F.,(4,1,1,
1,1,1,1,1,1,1,1,1,1,1,1,1,1,1,1,1,1,1,1,1,1,1,1,1,1,1,1,1,1,1,4),(0.,0.113487938645312,
0.121743445089471,0.132401255975108,0.145011747191338,0.159310699871886,
0.175118786671481,0.192303988722986,0.21076385685115,0.230415887111965,
0.251191783137003,0.273033793531268,0.295892248872636,0.31972383596219,
0.344490347744952,0.370157752534217,0.396695484754358,0.42407589370298,
0.452273807757534,0.48126618468468,0.511031827341332,0.541551149838043,
0.572805983201346,0.604779412349468,0.6374556381784,0.670819859994088,0.704858174586883,
0.739557489036558,0.77490544493564,0.810890352177645,0.84750113081172,0.884727259742564,
0.922558731273061,0.960986010660936,0.988703578539802),.UNSPECIFIED.);
#39=B_SPLINE_CURVE_WITH_KNOTS('',3,(#5543,#5544,#5545,#5546,#5547,#5548,
#5549,#5550,#5551,#5552,#5553,#5554,#5555,#5556,#5557,#5558,#5559,#5560,
#5561,#5562,#5563,#5564,#5565,#5566,#5567,#5568,#5569,#5570,#5571,#5572,
#5573,#5574,#5575,#5576,#5577,#5578,#5579),.UNSPECIFIED.,.F.,.F.,(4,1,1,
1,1,1,1,1,1,1,1,1,1,1,1,1,1,1,1,1,1,1,1,1,1,1,1,1,1,1,1,1,1,1,4),(0.,0.113487938645312,
0.121743445089471,0.132401255975108,0.145011747191338,0.159310699871886,
0.175118786671481,0.192303988722986,0.21076385685115,0.230415887111965,
0.251191783137003,0.273033793531268,0.295892248872636,0.31972383596219,
0.344490347744952,0.370157752534217,0.396695484754358,0.42407589370298,
0.452273807757534,0.48126618468468,0.511031827341332,0.541551149838043,
0.572805983201346,0.604779412349468,0.6374556381784,0.670819859994088,0.704858174586883,
0.739557489036558,0.77490544493564,0.810890352177645,0.84750113081172,0.884727259742564,
0.922558731273061,0.960986010660936,0.988703578539802),.UNSPECIFIED.);
#40=B_SPLINE_CURVE_WITH_KNOTS('',3,(#5621,#5622,#5623,#5624,#5625,#5626,
#5627,#5628,#5629,#5630,#5631,#5632,#5633,#5634,#5635,#5636,#5637,#5638,
#5639,#5640,#5641,#5642,#5643,#5644,#5645,#5646,#5647,#5648,#5649,#5650,
#5651,#5652,#5653,#5654,#5655,#5656,#5657),.UNSPECIFIED.,.F.,.F.,(4,1,1,
1,1,1,1,1,1,1,1,1,1,1,1,1,1,1,1,1,1,1,1,1,1,1,1,1,1,1,1,1,1,1,4),(0.,0.113487938645312,
0.121743445089471,0.132401255975108,0.145011747191338,0.159310699871886,
0.175118786671481,0.192303988722986,0.21076385685115,0.230415887111965,
0.251191783137003,0.273033793531268,0.295892248872636,0.31972383596219,
0.344490347744952,0.370157752534217,0.396695484754358,0.42407589370298,
0.452273807757534,0.48126618468468,0.511031827341332,0.541551149838043,
0.572805983201346,0.604779412349468,0.6374556381784,0.670819859994088,0.704858174586883,
0.739557489036558,0.77490544493564,0.810890352177645,0.84750113081172,0.884727259742564,
0.922558731273061,0.960986010660936,0.988703578539802),.UNSPECIFIED.);
#41=B_SPLINE_CURVE_WITH_KNOTS('',3,(#5659,#5660,#5661,#5662,#5663,#5664,
#5665,#5666,#5667,#5668,#5669,#5670,#5671,#5672,#5673,#5674,#5675,#5676,
#5677,#5678,#5679,#5680,#5681,#5682,#5683,#5684,#5685,#5686,#5687,#5688,
#5689,#5690,#5691,#5692,#5693,#5694,#5695),.UNSPECIFIED.,.F.,.F.,(4,1,1,
1,1,1,1,1,1,1,1,1,1,1,1,1,1,1,1,1,1,1,1,1,1,1,1,1,1,1,1,1,1,1,4),(0.,0.113487938645312,
0.121743445089471,0.132401255975108,0.145011747191338,0.159310699871886,
0.175118786671481,0.192303988722986,0.21076385685115,0.230415887111965,
0.251191783137003,0.273033793531268,0.295892248872636,0.31972383596219,
0.344490347744952,0.370157752534217,0.396695484754358,0.42407589370298,
0.452273807757534,0.48126618468468,0.511031827341332,0.541551149838043,
0.572805983201346,0.604779412349468,0.6374556381784,0.670819859994088,0.704858174586883,
0.739557489036558,0.77490544493564,0.810890352177645,0.84750113081172,0.884727259742564,
0.922558731273061,0.960986010660936,0.988703578539802),.UNSPECIFIED.);
#42=B_SPLINE_CURVE_WITH_KNOTS('',3,(#5722,#5723,#5724,#5725,#5726,#5727,
#5728,#5729,#5730,#5731,#5732,#5733,#5734,#5735,#5736,#5737,#5738,#5739,
#5740,#5741,#5742,#5743,#5744,#5745,#5746,#5747,#5748,#5749,#5750,#5751,
#5752,#5753,#5754,#5755,#5756,#5757,#5758),.UNSPECIFIED.,.F.,.F.,(4,1,1,
1,1,1,1,1,1,1,1,1,1,1,1,1,1,1,1,1,1,1,1,1,1,1,1,1,1,1,1,1,1,1,4),(0.,0.113487938645312,
0.121743445089471,0.132401255975108,0.145011747191338,0.159310699871886,
0.175118786671481,0.192303988722986,0.21076385685115,0.230415887111965,
0.251191783137003,0.273033793531268,0.295892248872636,0.31972383596219,
0.344490347744952,0.370157752534217,0.396695484754358,0.42407589370298,
0.452273807757534,0.48126618468468,0.511031827341332,0.541551149838043,
0.572805983201346,0.604779412349468,0.6374556381784,0.670819859994088,0.704858174586883,
0.739557489036558,0.77490544493564,0.810890352177645,0.84750113081172,0.884727259742564,
0.922558731273061,0.960986010660936,0.988703578539802),.UNSPECIFIED.);
#43=B_SPLINE_CURVE_WITH_KNOTS('',3,(#5760,#5761,#5762,#5763,#5764,#5765,
#5766,#5767,#5768,#5769,#5770,#5771,#5772,#5773,#5774,#5775,#5776,#5777,
#5778,#5779,#5780,#5781,#5782,#5783,#5784,#5785,#5786,#5787,#5788,#5789,
#5790,#5791,#5792,#5793,#5794,#5795,#5796),.UNSPECIFIED.,.F.,.F.,(4,1,1,
1,1,1,1,1,1,1,1,1,1,1,1,1,1,1,1,1,1,1,1,1,1,1,1,1,1,1,1,1,1,1,4),(0.,0.113487938645312,
0.121743445089471,0.132401255975108,0.145011747191338,0.159310699871886,
0.175118786671481,0.192303988722986,0.21076385685115,0.230415887111965,
0.251191783137003,0.273033793531268,0.295892248872636,0.31972383596219,
0.344490347744952,0.370157752534217,0.396695484754358,0.42407589370298,
0.452273807757534,0.48126618468468,0.511031827341332,0.541551149838043,
0.572805983201346,0.604779412349468,0.6374556381784,0.670819859994088,0.704858174586883,
0.739557489036558,0.77490544493564,0.810890352177645,0.84750113081172,0.884727259742564,
0.922558731273061,0.960986010660936,0.988703578539802),.UNSPECIFIED.);
#44=B_SPLINE_CURVE_WITH_KNOTS('',3,(#5838,#5839,#5840,#5841,#5842,#5843,
#5844,#5845,#5846,#5847,#5848,#5849,#5850,#5851,#5852,#5853,#5854,#5855,
#5856,#5857,#5858,#5859,#5860,#5861,#5862,#5863,#5864,#5865,#5866,#5867,
#5868,#5869,#5870,#5871,#5872,#5873,#5874),.UNSPECIFIED.,.F.,.F.,(4,1,1,
1,1,1,1,1,1,1,1,1,1,1,1,1,1,1,1,1,1,1,1,1,1,1,1,1,1,1,1,1,1,1,4),(0.,0.113487938645312,
0.121743445089471,0.132401255975108,0.145011747191338,0.159310699871886,
0.175118786671481,0.192303988722986,0.21076385685115,0.230415887111965,
0.251191783137003,0.273033793531268,0.295892248872636,0.31972383596219,
0.344490347744952,0.370157752534217,0.396695484754358,0.42407589370298,
0.452273807757534,0.48126618468468,0.511031827341332,0.541551149838043,
0.572805983201346,0.604779412349468,0.6374556381784,0.670819859994088,0.704858174586883,
0.739557489036558,0.77490544493564,0.810890352177645,0.84750113081172,0.884727259742564,
0.922558731273061,0.960986010660936,0.988703578539802),.UNSPECIFIED.);
#45=B_SPLINE_CURVE_WITH_KNOTS('',3,(#5876,#5877,#5878,#5879,#5880,#5881,
#5882,#5883,#5884,#5885,#5886,#5887,#5888,#5889,#5890,#5891,#5892,#5893,
#5894,#5895,#5896,#5897,#5898,#5899,#5900,#5901,#5902,#5903,#5904,#5905,
#5906,#5907,#5908,#5909,#5910,#5911,#5912),.UNSPECIFIED.,.F.,.F.,(4,1,1,
1,1,1,1,1,1,1,1,1,1,1,1,1,1,1,1,1,1,1,1,1,1,1,1,1,1,1,1,1,1,1,4),(0.,0.113487938645312,
0.121743445089471,0.132401255975108,0.145011747191338,0.159310699871886,
0.175118786671481,0.192303988722986,0.21076385685115,0.230415887111965,
0.251191783137003,0.273033793531268,0.295892248872636,0.31972383596219,
0.344490347744952,0.370157752534217,0.396695484754358,0.42407589370298,
0.452273807757534,0.48126618468468,0.511031827341332,0.541551149838043,
0.572805983201346,0.604779412349468,0.6374556381784,0.670819859994088,0.704858174586883,
0.739557489036558,0.77490544493564,0.810890352177645,0.84750113081172,0.884727259742564,
0.922558731273061,0.960986010660936,0.988703578539802),.UNSPECIFIED.);
#46=B_SPLINE_CURVE_WITH_KNOTS('',3,(#5939,#5940,#5941,#5942,#5943,#5944,
#5945,#5946,#5947,#5948,#5949,#5950,#5951,#5952,#5953,#5954,#5955,#5956,
#5957,#5958,#5959,#5960,#5961,#5962,#5963,#5964,#5965,#5966,#5967,#5968,
#5969,#5970,#5971,#5972,#5973,#5974,#5975),.UNSPECIFIED.,.F.,.F.,(4,1,1,
1,1,1,1,1,1,1,1,1,1,1,1,1,1,1,1,1,1,1,1,1,1,1,1,1,1,1,1,1,1,1,4),(0.,0.113487938645312,
0.121743445089471,0.132401255975108,0.145011747191338,0.159310699871886,
0.175118786671481,0.192303988722986,0.21076385685115,0.230415887111965,
0.251191783137003,0.273033793531268,0.295892248872636,0.31972383596219,
0.344490347744952,0.370157752534217,0.396695484754358,0.42407589370298,
0.452273807757534,0.48126618468468,0.511031827341332,0.541551149838043,
0.572805983201346,0.604779412349468,0.6374556381784,0.670819859994088,0.704858174586883,
0.739557489036558,0.77490544493564,0.810890352177645,0.84750113081172,0.884727259742564,
0.922558731273061,0.960986010660936,0.988703578539802),.UNSPECIFIED.);
#47=B_SPLINE_CURVE_WITH_KNOTS('',3,(#5977,#5978,#5979,#5980,#5981,#5982,
#5983,#5984,#5985,#5986,#5987,#5988,#5989,#5990,#5991,#5992,#5993,#5994,
#5995,#5996,#5997,#5998,#5999,#6000,#6001,#6002,#6003,#6004,#6005,#6006,
#6007,#6008,#6009,#6010,#6011,#6012,#6013),.UNSPECIFIED.,.F.,.F.,(4,1,1,
1,1,1,1,1,1,1,1,1,1,1,1,1,1,1,1,1,1,1,1,1,1,1,1,1,1,1,1,1,1,1,4),(0.,0.113487938645312,
0.121743445089471,0.132401255975108,0.145011747191338,0.159310699871886,
0.175118786671481,0.192303988722986,0.21076385685115,0.230415887111965,
0.251191783137003,0.273033793531268,0.295892248872636,0.31972383596219,
0.344490347744952,0.370157752534217,0.396695484754358,0.42407589370298,
0.452273807757534,0.48126618468468,0.511031827341332,0.541551149838043,
0.572805983201346,0.604779412349468,0.6374556381784,0.670819859994088,0.704858174586883,
0.739557489036558,0.77490544493564,0.810890352177645,0.84750113081172,0.884727259742564,
0.922558731273061,0.960986010660936,0.988703578539802),.UNSPECIFIED.);
#48=B_SPLINE_CURVE_WITH_KNOTS('',3,(#6055,#6056,#6057,#6058,#6059,#6060,
#6061,#6062,#6063,#6064,#6065,#6066,#6067,#6068,#6069,#6070,#6071,#6072,
#6073,#6074,#6075,#6076,#6077,#6078,#6079,#6080,#6081,#6082,#6083,#6084,
#6085,#6086,#6087,#6088,#6089,#6090,#6091),.UNSPECIFIED.,.F.,.F.,(4,1,1,
1,1,1,1,1,1,1,1,1,1,1,1,1,1,1,1,1,1,1,1,1,1,1,1,1,1,1,1,1,1,1,4),(0.,0.113487938645312,
0.121743445089471,0.132401255975108,0.145011747191338,0.159310699871886,
0.175118786671481,0.192303988722986,0.21076385685115,0.230415887111965,
0.251191783137003,0.273033793531268,0.295892248872636,0.31972383596219,
0.344490347744952,0.370157752534217,0.396695484754358,0.42407589370298,
0.452273807757534,0.48126618468468,0.511031827341332,0.541551149838043,
0.572805983201346,0.604779412349468,0.6374556381784,0.670819859994088,0.704858174586883,
0.739557489036558,0.77490544493564,0.810890352177645,0.84750113081172,0.884727259742564,
0.922558731273061,0.960986010660936,0.988703578539802),.UNSPECIFIED.);
#49=B_SPLINE_CURVE_WITH_KNOTS('',3,(#6093,#6094,#6095,#6096,#6097,#6098,
#6099,#6100,#6101,#6102,#6103,#6104,#6105,#6106,#6107,#6108,#6109,#6110,
#6111,#6112,#6113,#6114,#6115,#6116,#6117,#6118,#6119,#6120,#6121,#6122,
#6123,#6124,#6125,#6126,#6127,#6128,#6129),.UNSPECIFIED.,.F.,.F.,(4,1,1,
1,1,1,1,1,1,1,1,1,1,1,1,1,1,1,1,1,1,1,1,1,1,1,1,1,1,1,1,1,1,1,4),(0.,0.113487938645312,
0.121743445089471,0.132401255975108,0.145011747191338,0.159310699871886,
0.175118786671481,0.192303988722986,0.21076385685115,0.230415887111965,
0.251191783137003,0.273033793531268,0.295892248872636,0.31972383596219,
0.344490347744952,0.370157752534217,0.396695484754358,0.42407589370298,
0.452273807757534,0.48126618468468,0.511031827341332,0.541551149838043,
0.572805983201346,0.604779412349468,0.6374556381784,0.670819859994088,0.704858174586883,
0.739557489036558,0.77490544493564,0.810890352177645,0.84750113081172,0.884727259742564,
0.922558731273061,0.960986010660936,0.988703578539802),.UNSPECIFIED.);
#50=B_SPLINE_CURVE_WITH_KNOTS('',3,(#6156,#6157,#6158,#6159,#6160,#6161,
#6162,#6163,#6164,#6165,#6166,#6167,#6168,#6169,#6170,#6171,#6172,#6173,
#6174,#6175,#6176,#6177,#6178,#6179,#6180,#6181,#6182,#6183,#6184,#6185,
#6186,#6187,#6188,#6189,#6190,#6191,#6192),.UNSPECIFIED.,.F.,.F.,(4,1,1,
1,1,1,1,1,1,1,1,1,1,1,1,1,1,1,1,1,1,1,1,1,1,1,1,1,1,1,1,1,1,1,4),(0.,0.113487938645312,
0.121743445089471,0.132401255975108,0.145011747191338,0.159310699871886,
0.175118786671481,0.192303988722986,0.21076385685115,0.230415887111965,
0.251191783137003,0.273033793531268,0.295892248872636,0.31972383596219,
0.344490347744952,0.370157752534217,0.396695484754358,0.42407589370298,
0.452273807757534,0.48126618468468,0.511031827341332,0.541551149838043,
0.572805983201346,0.604779412349468,0.6374556381784,0.670819859994088,0.704858174586883,
0.739557489036558,0.77490544493564,0.810890352177645,0.84750113081172,0.884727259742564,
0.922558731273061,0.960986010660936,0.988703578539802),.UNSPECIFIED.);
#51=B_SPLINE_CURVE_WITH_KNOTS('',3,(#6194,#6195,#6196,#6197,#6198,#6199,
#6200,#6201,#6202,#6203,#6204,#6205,#6206,#6207,#6208,#6209,#6210,#6211,
#6212,#6213,#6214,#6215,#6216,#6217,#6218,#6219,#6220,#6221,#6222,#6223,
#6224,#6225,#6226,#6227,#6228,#6229,#6230),.UNSPECIFIED.,.F.,.F.,(4,1,1,
1,1,1,1,1,1,1,1,1,1,1,1,1,1,1,1,1,1,1,1,1,1,1,1,1,1,1,1,1,1,1,4),(0.,0.113487938645312,
0.121743445089471,0.132401255975108,0.145011747191338,0.159310699871886,
0.175118786671481,0.192303988722986,0.21076385685115,0.230415887111965,
0.251191783137003,0.273033793531268,0.295892248872636,0.31972383596219,
0.344490347744952,0.370157752534217,0.396695484754358,0.42407589370298,
0.452273807757534,0.48126618468468,0.511031827341332,0.541551149838043,
0.572805983201346,0.604779412349468,0.6374556381784,0.670819859994088,0.704858174586883,
0.739557489036558,0.77490544493564,0.810890352177645,0.84750113081172,0.884727259742564,
0.922558731273061,0.960986010660936,0.988703578539802),.UNSPECIFIED.);
#52=B_SPLINE_CURVE_WITH_KNOTS('',3,(#6272,#6273,#6274,#6275,#6276,#6277,
#6278,#6279,#6280,#6281,#6282,#6283,#6284,#6285,#6286,#6287,#6288,#6289,
#6290,#6291,#6292,#6293,#6294,#6295,#6296,#6297,#6298,#6299,#6300,#6301,
#6302,#6303,#6304,#6305,#6306,#6307,#6308),.UNSPECIFIED.,.F.,.F.,(4,1,1,
1,1,1,1,1,1,1,1,1,1,1,1,1,1,1,1,1,1,1,1,1,1,1,1,1,1,1,1,1,1,1,4),(0.,0.113487938645312,
0.121743445089471,0.132401255975108,0.145011747191338,0.159310699871886,
0.175118786671481,0.192303988722986,0.21076385685115,0.230415887111965,
0.251191783137003,0.273033793531268,0.295892248872636,0.31972383596219,
0.344490347744952,0.370157752534217,0.396695484754358,0.42407589370298,
0.452273807757534,0.48126618468468,0.511031827341332,0.541551149838043,
0.572805983201346,0.604779412349468,0.6374556381784,0.670819859994088,0.704858174586883,
0.739557489036558,0.77490544493564,0.810890352177645,0.84750113081172,0.884727259742564,
0.922558731273061,0.960986010660936,0.988703578539802),.UNSPECIFIED.);
#53=B_SPLINE_CURVE_WITH_KNOTS('',3,(#6310,#6311,#6312,#6313,#6314,#6315,
#6316,#6317,#6318,#6319,#6320,#6321,#6322,#6323,#6324,#6325,#6326,#6327,
#6328,#6329,#6330,#6331,#6332,#6333,#6334,#6335,#6336,#6337,#6338,#6339,
#6340,#6341,#6342,#6343,#6344,#6345,#6346),.UNSPECIFIED.,.F.,.F.,(4,1,1,
1,1,1,1,1,1,1,1,1,1,1,1,1,1,1,1,1,1,1,1,1,1,1,1,1,1,1,1,1,1,1,4),(0.,0.113487938645312,
0.121743445089471,0.132401255975108,0.145011747191338,0.159310699871886,
0.175118786671481,0.192303988722986,0.21076385685115,0.230415887111965,
0.251191783137003,0.273033793531268,0.295892248872636,0.31972383596219,
0.344490347744952,0.370157752534217,0.396695484754358,0.42407589370298,
0.452273807757534,0.48126618468468,0.511031827341332,0.541551149838043,
0.572805983201346,0.604779412349468,0.6374556381784,0.670819859994088,0.704858174586883,
0.739557489036558,0.77490544493564,0.810890352177645,0.84750113081172,0.884727259742564,
0.922558731273061,0.960986010660936,0.988703578539802),.UNSPECIFIED.);
#54=B_SPLINE_CURVE_WITH_KNOTS('',3,(#6373,#6374,#6375,#6376,#6377,#6378,
#6379,#6380,#6381,#6382,#6383,#6384,#6385,#6386,#6387,#6388,#6389,#6390,
#6391,#6392,#6393,#6394,#6395,#6396,#6397,#6398,#6399,#6400,#6401,#6402,
#6403,#6404,#6405,#6406,#6407,#6408,#6409),.UNSPECIFIED.,.F.,.F.,(4,1,1,
1,1,1,1,1,1,1,1,1,1,1,1,1,1,1,1,1,1,1,1,1,1,1,1,1,1,1,1,1,1,1,4),(0.,0.113487938645312,
0.121743445089471,0.132401255975108,0.145011747191338,0.159310699871886,
0.175118786671481,0.192303988722986,0.21076385685115,0.230415887111965,
0.251191783137003,0.273033793531268,0.295892248872636,0.31972383596219,
0.344490347744952,0.370157752534217,0.396695484754358,0.42407589370298,
0.452273807757534,0.48126618468468,0.511031827341332,0.541551149838043,
0.572805983201346,0.604779412349468,0.6374556381784,0.670819859994088,0.704858174586883,
0.739557489036558,0.77490544493564,0.810890352177645,0.84750113081172,0.884727259742564,
0.922558731273061,0.960986010660936,0.988703578539802),.UNSPECIFIED.);
#55=B_SPLINE_CURVE_WITH_KNOTS('',3,(#6411,#6412,#6413,#6414,#6415,#6416,
#6417,#6418,#6419,#6420,#6421,#6422,#6423,#6424,#6425,#6426,#6427,#6428,
#6429,#6430,#6431,#6432,#6433,#6434,#6435,#6436,#6437,#6438,#6439,#6440,
#6441,#6442,#6443,#6444,#6445,#6446,#6447),.UNSPECIFIED.,.F.,.F.,(4,1,1,
1,1,1,1,1,1,1,1,1,1,1,1,1,1,1,1,1,1,1,1,1,1,1,1,1,1,1,1,1,1,1,4),(0.,0.113487938645312,
0.121743445089471,0.132401255975108,0.145011747191338,0.159310699871886,
0.175118786671481,0.192303988722986,0.21076385685115,0.230415887111965,
0.251191783137003,0.273033793531268,0.295892248872636,0.31972383596219,
0.344490347744952,0.370157752534217,0.396695484754358,0.42407589370298,
0.452273807757534,0.48126618468468,0.511031827341332,0.541551149838043,
0.572805983201346,0.604779412349468,0.6374556381784,0.670819859994088,0.704858174586883,
0.739557489036558,0.77490544493564,0.810890352177645,0.84750113081172,0.884727259742564,
0.922558731273061,0.960986010660936,0.988703578539802),.UNSPECIFIED.);
#56=B_SPLINE_CURVE_WITH_KNOTS('',3,(#6489,#6490,#6491,#6492,#6493,#6494,
#6495,#6496,#6497,#6498,#6499,#6500,#6501,#6502,#6503,#6504,#6505,#6506,
#6507,#6508,#6509,#6510,#6511,#6512,#6513,#6514,#6515,#6516,#6517,#6518,
#6519,#6520,#6521,#6522,#6523,#6524,#6525),.UNSPECIFIED.,.F.,.F.,(4,1,1,
1,1,1,1,1,1,1,1,1,1,1,1,1,1,1,1,1,1,1,1,1,1,1,1,1,1,1,1,1,1,1,4),(0.,0.113487938645312,
0.121743445089471,0.132401255975108,0.145011747191338,0.159310699871886,
0.175118786671481,0.192303988722986,0.21076385685115,0.230415887111965,
0.251191783137003,0.273033793531268,0.295892248872636,0.31972383596219,
0.344490347744952,0.370157752534217,0.396695484754358,0.42407589370298,
0.452273807757534,0.48126618468468,0.511031827341332,0.541551149838043,
0.572805983201346,0.604779412349468,0.6374556381784,0.670819859994088,0.704858174586883,
0.739557489036558,0.77490544493564,0.810890352177645,0.84750113081172,0.884727259742564,
0.922558731273061,0.960986010660936,0.988703578539802),.UNSPECIFIED.);
#57=B_SPLINE_CURVE_WITH_KNOTS('',3,(#6527,#6528,#6529,#6530,#6531,#6532,
#6533,#6534,#6535,#6536,#6537,#6538,#6539,#6540,#6541,#6542,#6543,#6544,
#6545,#6546,#6547,#6548,#6549,#6550,#6551,#6552,#6553,#6554,#6555,#6556,
#6557,#6558,#6559,#6560,#6561,#6562,#6563),.UNSPECIFIED.,.F.,.F.,(4,1,1,
1,1,1,1,1,1,1,1,1,1,1,1,1,1,1,1,1,1,1,1,1,1,1,1,1,1,1,1,1,1,1,4),(0.,0.113487938645312,
0.121743445089471,0.132401255975108,0.145011747191338,0.159310699871886,
0.175118786671481,0.192303988722986,0.21076385685115,0.230415887111965,
0.251191783137003,0.273033793531268,0.295892248872636,0.31972383596219,
0.344490347744952,0.370157752534217,0.396695484754358,0.42407589370298,
0.452273807757534,0.48126618468468,0.511031827341332,0.541551149838043,
0.572805983201346,0.604779412349468,0.6374556381784,0.670819859994088,0.704858174586883,
0.739557489036558,0.77490544493564,0.810890352177645,0.84750113081172,0.884727259742564,
0.922558731273061,0.960986010660936,0.988703578539802),.UNSPECIFIED.);
#58=B_SPLINE_CURVE_WITH_KNOTS('',3,(#6590,#6591,#6592,#6593,#6594,#6595,
#6596,#6597,#6598,#6599,#6600,#6601,#6602,#6603,#6604,#6605,#6606,#6607,
#6608,#6609,#6610,#6611,#6612,#6613,#6614,#6615,#6616,#6617,#6618,#6619,
#6620,#6621,#6622,#6623,#6624,#6625,#6626),.UNSPECIFIED.,.F.,.F.,(4,1,1,
1,1,1,1,1,1,1,1,1,1,1,1,1,1,1,1,1,1,1,1,1,1,1,1,1,1,1,1,1,1,1,4),(0.,0.113487938645312,
0.121743445089471,0.132401255975108,0.145011747191338,0.159310699871886,
0.175118786671481,0.192303988722986,0.21076385685115,0.230415887111965,
0.251191783137003,0.273033793531268,0.295892248872636,0.31972383596219,
0.344490347744952,0.370157752534217,0.396695484754358,0.42407589370298,
0.452273807757534,0.48126618468468,0.511031827341332,0.541551149838043,
0.572805983201346,0.604779412349468,0.6374556381784,0.670819859994088,0.704858174586883,
0.739557489036558,0.77490544493564,0.810890352177645,0.84750113081172,0.884727259742564,
0.922558731273061,0.960986010660936,0.988703578539802),.UNSPECIFIED.);
#59=B_SPLINE_CURVE_WITH_KNOTS('',3,(#6628,#6629,#6630,#6631,#6632,#6633,
#6634,#6635,#6636,#6637,#6638,#6639,#6640,#6641,#6642,#6643,#6644,#6645,
#6646,#6647,#6648,#6649,#6650,#6651,#6652,#6653,#6654,#6655,#6656,#6657,
#6658,#6659,#6660,#6661,#6662,#6663,#6664),.UNSPECIFIED.,.F.,.F.,(4,1,1,
1,1,1,1,1,1,1,1,1,1,1,1,1,1,1,1,1,1,1,1,1,1,1,1,1,1,1,1,1,1,1,4),(0.,0.113487938645312,
0.121743445089471,0.132401255975108,0.145011747191338,0.159310699871886,
0.175118786671481,0.192303988722986,0.21076385685115,0.230415887111965,
0.251191783137003,0.273033793531268,0.295892248872636,0.31972383596219,
0.344490347744952,0.370157752534217,0.396695484754358,0.42407589370298,
0.452273807757534,0.48126618468468,0.511031827341332,0.541551149838043,
0.572805983201346,0.604779412349468,0.6374556381784,0.670819859994088,0.704858174586883,
0.739557489036558,0.77490544493564,0.810890352177645,0.84750113081172,0.884727259742564,
0.922558731273061,0.960986010660936,0.988703578539802),.UNSPECIFIED.);
#60=B_SPLINE_CURVE_WITH_KNOTS('',3,(#6706,#6707,#6708,#6709,#6710,#6711,
#6712,#6713,#6714,#6715,#6716,#6717,#6718,#6719,#6720,#6721,#6722,#6723,
#6724,#6725,#6726,#6727,#6728,#6729,#6730,#6731,#6732,#6733,#6734,#6735,
#6736,#6737,#6738,#6739,#6740,#6741,#6742),.UNSPECIFIED.,.F.,.F.,(4,1,1,
1,1,1,1,1,1,1,1,1,1,1,1,1,1,1,1,1,1,1,1,1,1,1,1,1,1,1,1,1,1,1,4),(0.,0.113487938645312,
0.121743445089471,0.132401255975108,0.145011747191338,0.159310699871886,
0.175118786671481,0.192303988722986,0.21076385685115,0.230415887111965,
0.251191783137003,0.273033793531268,0.295892248872636,0.31972383596219,
0.344490347744952,0.370157752534217,0.396695484754358,0.42407589370298,
0.452273807757534,0.48126618468468,0.511031827341332,0.541551149838043,
0.572805983201346,0.604779412349468,0.6374556381784,0.670819859994088,0.704858174586883,
0.739557489036558,0.77490544493564,0.810890352177645,0.84750113081172,0.884727259742564,
0.922558731273061,0.960986010660936,0.988703578539802),.UNSPECIFIED.);
#61=B_SPLINE_CURVE_WITH_KNOTS('',3,(#6744,#6745,#6746,#6747,#6748,#6749,
#6750,#6751,#6752,#6753,#6754,#6755,#6756,#6757,#6758,#6759,#6760,#6761,
#6762,#6763,#6764,#6765,#6766,#6767,#6768,#6769,#6770,#6771,#6772,#6773,
#6774,#6775,#6776,#6777,#6778,#6779,#6780),.UNSPECIFIED.,.F.,.F.,(4,1,1,
1,1,1,1,1,1,1,1,1,1,1,1,1,1,1,1,1,1,1,1,1,1,1,1,1,1,1,1,1,1,1,4),(0.,0.113487938645312,
0.121743445089471,0.132401255975108,0.145011747191338,0.159310699871886,
0.175118786671481,0.192303988722986,0.21076385685115,0.230415887111965,
0.251191783137003,0.273033793531268,0.295892248872636,0.31972383596219,
0.344490347744952,0.370157752534217,0.396695484754358,0.42407589370298,
0.452273807757534,0.48126618468468,0.511031827341332,0.541551149838043,
0.572805983201346,0.604779412349468,0.6374556381784,0.670819859994088,0.704858174586883,
0.739557489036558,0.77490544493564,0.810890352177645,0.84750113081172,0.884727259742564,
0.922558731273061,0.960986010660936,0.988703578539802),.UNSPECIFIED.);
#62=B_SPLINE_CURVE_WITH_KNOTS('',3,(#6807,#6808,#6809,#6810,#6811,#6812,
#6813,#6814,#6815,#6816,#6817,#6818,#6819,#6820,#6821,#6822,#6823,#6824,
#6825,#6826,#6827,#6828,#6829,#6830,#6831,#6832,#6833,#6834,#6835,#6836,
#6837,#6838,#6839,#6840,#6841,#6842,#6843),.UNSPECIFIED.,.F.,.F.,(4,1,1,
1,1,1,1,1,1,1,1,1,1,1,1,1,1,1,1,1,1,1,1,1,1,1,1,1,1,1,1,1,1,1,4),(0.,0.113487938645312,
0.121743445089471,0.132401255975108,0.145011747191338,0.159310699871886,
0.175118786671481,0.192303988722986,0.21076385685115,0.230415887111965,
0.251191783137003,0.273033793531268,0.295892248872636,0.31972383596219,
0.344490347744952,0.370157752534217,0.396695484754358,0.42407589370298,
0.452273807757534,0.48126618468468,0.511031827341332,0.541551149838043,
0.572805983201346,0.604779412349468,0.6374556381784,0.670819859994088,0.704858174586883,
0.739557489036558,0.77490544493564,0.810890352177645,0.84750113081172,0.884727259742564,
0.922558731273061,0.960986010660936,0.988703578539802),.UNSPECIFIED.);
#63=B_SPLINE_CURVE_WITH_KNOTS('',3,(#6845,#6846,#6847,#6848,#6849,#6850,
#6851,#6852,#6853,#6854,#6855,#6856,#6857,#6858,#6859,#6860,#6861,#6862,
#6863,#6864,#6865,#6866,#6867,#6868,#6869,#6870,#6871,#6872,#6873,#6874,
#6875,#6876,#6877,#6878,#6879,#6880,#6881),.UNSPECIFIED.,.F.,.F.,(4,1,1,
1,1,1,1,1,1,1,1,1,1,1,1,1,1,1,1,1,1,1,1,1,1,1,1,1,1,1,1,1,1,1,4),(0.,0.113487938645312,
0.121743445089471,0.132401255975108,0.145011747191338,0.159310699871886,
0.175118786671481,0.192303988722986,0.21076385685115,0.230415887111965,
0.251191783137003,0.273033793531268,0.295892248872636,0.31972383596219,
0.344490347744952,0.370157752534217,0.396695484754358,0.42407589370298,
0.452273807757534,0.48126618468468,0.511031827341332,0.541551149838043,
0.572805983201346,0.604779412349468,0.6374556381784,0.670819859994088,0.704858174586883,
0.739557489036558,0.77490544493564,0.810890352177645,0.84750113081172,0.884727259742564,
0.922558731273061,0.960986010660936,0.988703578539802),.UNSPECIFIED.);
#64=B_SPLINE_CURVE_WITH_KNOTS('',3,(#6923,#6924,#6925,#6926,#6927,#6928,
#6929,#6930,#6931,#6932,#6933,#6934,#6935,#6936,#6937,#6938,#6939,#6940,
#6941,#6942,#6943,#6944,#6945,#6946,#6947,#6948,#6949,#6950,#6951,#6952,
#6953,#6954,#6955,#6956,#6957,#6958,#6959),.UNSPECIFIED.,.F.,.F.,(4,1,1,
1,1,1,1,1,1,1,1,1,1,1,1,1,1,1,1,1,1,1,1,1,1,1,1,1,1,1,1,1,1,1,4),(0.,0.113487938645312,
0.121743445089471,0.132401255975108,0.145011747191338,0.159310699871886,
0.175118786671481,0.192303988722986,0.21076385685115,0.230415887111965,
0.251191783137003,0.273033793531268,0.295892248872636,0.31972383596219,
0.344490347744952,0.370157752534217,0.396695484754358,0.42407589370298,
0.452273807757534,0.48126618468468,0.511031827341332,0.541551149838043,
0.572805983201346,0.604779412349468,0.6374556381784,0.670819859994088,0.704858174586883,
0.739557489036558,0.77490544493564,0.810890352177645,0.84750113081172,0.884727259742564,
0.922558731273061,0.960986010660936,0.988703578539802),.UNSPECIFIED.);
#65=B_SPLINE_CURVE_WITH_KNOTS('',3,(#6961,#6962,#6963,#6964,#6965,#6966,
#6967,#6968,#6969,#6970,#6971,#6972,#6973,#6974,#6975,#6976,#6977,#6978,
#6979,#6980,#6981,#6982,#6983,#6984,#6985,#6986,#6987,#6988,#6989,#6990,
#6991,#6992,#6993,#6994,#6995,#6996,#6997),.UNSPECIFIED.,.F.,.F.,(4,1,1,
1,1,1,1,1,1,1,1,1,1,1,1,1,1,1,1,1,1,1,1,1,1,1,1,1,1,1,1,1,1,1,4),(0.,0.113487938645312,
0.121743445089471,0.132401255975108,0.145011747191338,0.159310699871886,
0.175118786671481,0.192303988722986,0.21076385685115,0.230415887111965,
0.251191783137003,0.273033793531268,0.295892248872636,0.31972383596219,
0.344490347744952,0.370157752534217,0.396695484754358,0.42407589370298,
0.452273807757534,0.48126618468468,0.511031827341332,0.541551149838043,
0.572805983201346,0.604779412349468,0.6374556381784,0.670819859994088,0.704858174586883,
0.739557489036558,0.77490544493564,0.810890352177645,0.84750113081172,0.884727259742564,
0.922558731273061,0.960986010660936,0.988703578539802),.UNSPECIFIED.);
#66=B_SPLINE_CURVE_WITH_KNOTS('',3,(#7024,#7025,#7026,#7027,#7028,#7029,
#7030,#7031,#7032,#7033,#7034,#7035,#7036,#7037,#7038,#7039,#7040,#7041,
#7042,#7043,#7044,#7045,#7046,#7047,#7048,#7049,#7050,#7051,#7052,#7053,
#7054,#7055,#7056,#7057,#7058,#7059,#7060),.UNSPECIFIED.,.F.,.F.,(4,1,1,
1,1,1,1,1,1,1,1,1,1,1,1,1,1,1,1,1,1,1,1,1,1,1,1,1,1,1,1,1,1,1,4),(0.,0.113487938645312,
0.121743445089471,0.132401255975108,0.145011747191338,0.159310699871886,
0.175118786671481,0.192303988722986,0.21076385685115,0.230415887111965,
0.251191783137003,0.273033793531268,0.295892248872636,0.31972383596219,
0.344490347744952,0.370157752534217,0.396695484754358,0.42407589370298,
0.452273807757534,0.48126618468468,0.511031827341332,0.541551149838043,
0.572805983201346,0.604779412349468,0.6374556381784,0.670819859994088,0.704858174586883,
0.739557489036558,0.77490544493564,0.810890352177645,0.84750113081172,0.884727259742564,
0.922558731273061,0.960986010660936,0.988703578539802),.UNSPECIFIED.);
#67=B_SPLINE_CURVE_WITH_KNOTS('',3,(#7062,#7063,#7064,#7065,#7066,#7067,
#7068,#7069,#7070,#7071,#7072,#7073,#7074,#7075,#7076,#7077,#7078,#7079,
#7080,#7081,#7082,#7083,#7084,#7085,#7086,#7087,#7088,#7089,#7090,#7091,
#7092,#7093,#7094,#7095,#7096,#7097,#7098),.UNSPECIFIED.,.F.,.F.,(4,1,1,
1,1,1,1,1,1,1,1,1,1,1,1,1,1,1,1,1,1,1,1,1,1,1,1,1,1,1,1,1,1,1,4),(0.,0.113487938645312,
0.121743445089471,0.132401255975108,0.145011747191338,0.159310699871886,
0.175118786671481,0.192303988722986,0.21076385685115,0.230415887111965,
0.251191783137003,0.273033793531268,0.295892248872636,0.31972383596219,
0.344490347744952,0.370157752534217,0.396695484754358,0.42407589370298,
0.452273807757534,0.48126618468468,0.511031827341332,0.541551149838043,
0.572805983201346,0.604779412349468,0.6374556381784,0.670819859994088,0.704858174586883,
0.739557489036558,0.77490544493564,0.810890352177645,0.84750113081172,0.884727259742564,
0.922558731273061,0.960986010660936,0.988703578539802),.UNSPECIFIED.);
#68=B_SPLINE_CURVE_WITH_KNOTS('',3,(#7140,#7141,#7142,#7143,#7144,#7145,
#7146,#7147,#7148,#7149,#7150,#7151,#7152,#7153,#7154,#7155,#7156,#7157,
#7158,#7159,#7160,#7161,#7162,#7163,#7164,#7165,#7166,#7167,#7168,#7169,
#7170,#7171,#7172,#7173,#7174,#7175,#7176),.UNSPECIFIED.,.F.,.F.,(4,1,1,
1,1,1,1,1,1,1,1,1,1,1,1,1,1,1,1,1,1,1,1,1,1,1,1,1,1,1,1,1,1,1,4),(0.,0.113487938645312,
0.121743445089471,0.132401255975108,0.145011747191338,0.159310699871886,
0.175118786671481,0.192303988722986,0.21076385685115,0.230415887111965,
0.251191783137003,0.273033793531268,0.295892248872636,0.31972383596219,
0.344490347744952,0.370157752534217,0.396695484754358,0.42407589370298,
0.452273807757534,0.48126618468468,0.511031827341332,0.541551149838043,
0.572805983201346,0.604779412349468,0.6374556381784,0.670819859994088,0.704858174586883,
0.739557489036558,0.77490544493564,0.810890352177645,0.84750113081172,0.884727259742564,
0.922558731273061,0.960986010660936,0.988703578539802),.UNSPECIFIED.);
#69=B_SPLINE_CURVE_WITH_KNOTS('',3,(#7178,#7179,#7180,#7181,#7182,#7183,
#7184,#7185,#7186,#7187,#7188,#7189,#7190,#7191,#7192,#7193,#7194,#7195,
#7196,#7197,#7198,#7199,#7200,#7201,#7202,#7203,#7204,#7205,#7206,#7207,
#7208,#7209,#7210,#7211,#7212,#7213,#7214),.UNSPECIFIED.,.F.,.F.,(4,1,1,
1,1,1,1,1,1,1,1,1,1,1,1,1,1,1,1,1,1,1,1,1,1,1,1,1,1,1,1,1,1,1,4),(0.,0.113487938645312,
0.121743445089471,0.132401255975108,0.145011747191338,0.159310699871886,
0.175118786671481,0.192303988722986,0.21076385685115,0.230415887111965,
0.251191783137003,0.273033793531268,0.295892248872636,0.31972383596219,
0.344490347744952,0.370157752534217,0.396695484754358,0.42407589370298,
0.452273807757534,0.48126618468468,0.511031827341332,0.541551149838043,
0.572805983201346,0.604779412349468,0.6374556381784,0.670819859994088,0.704858174586883,
0.739557489036558,0.77490544493564,0.810890352177645,0.84750113081172,0.884727259742564,
0.922558731273061,0.960986010660936,0.988703578539802),.UNSPECIFIED.);
#70=B_SPLINE_CURVE_WITH_KNOTS('',3,(#7241,#7242,#7243,#7244,#7245,#7246,
#7247,#7248,#7249,#7250,#7251,#7252,#7253,#7254,#7255,#7256,#7257,#7258,
#7259,#7260,#7261,#7262,#7263,#7264,#7265,#7266,#7267,#7268,#7269,#7270,
#7271,#7272,#7273,#7274,#7275,#7276,#7277),.UNSPECIFIED.,.F.,.F.,(4,1,1,
1,1,1,1,1,1,1,1,1,1,1,1,1,1,1,1,1,1,1,1,1,1,1,1,1,1,1,1,1,1,1,4),(0.,0.113487938645312,
0.121743445089471,0.132401255975108,0.145011747191338,0.159310699871886,
0.175118786671481,0.192303988722986,0.21076385685115,0.230415887111965,
0.251191783137003,0.273033793531268,0.295892248872636,0.31972383596219,
0.344490347744952,0.370157752534217,0.396695484754358,0.42407589370298,
0.452273807757534,0.48126618468468,0.511031827341332,0.541551149838043,
0.572805983201346,0.604779412349468,0.6374556381784,0.670819859994088,0.704858174586883,
0.739557489036558,0.77490544493564,0.810890352177645,0.84750113081172,0.884727259742564,
0.922558731273061,0.960986010660936,0.988703578539802),.UNSPECIFIED.);
#71=B_SPLINE_CURVE_WITH_KNOTS('',3,(#7279,#7280,#7281,#7282,#7283,#7284,
#7285,#7286,#7287,#7288,#7289,#7290,#7291,#7292,#7293,#7294,#7295,#7296,
#7297,#7298,#7299,#7300,#7301,#7302,#7303,#7304,#7305,#7306,#7307,#7308,
#7309,#7310,#7311,#7312,#7313,#7314,#7315),.UNSPECIFIED.,.F.,.F.,(4,1,1,
1,1,1,1,1,1,1,1,1,1,1,1,1,1,1,1,1,1,1,1,1,1,1,1,1,1,1,1,1,1,1,4),(0.,0.113487938645312,
0.121743445089471,0.132401255975108,0.145011747191338,0.159310699871886,
0.175118786671481,0.192303988722986,0.21076385685115,0.230415887111965,
0.251191783137003,0.273033793531268,0.295892248872636,0.31972383596219,
0.344490347744952,0.370157752534217,0.396695484754358,0.42407589370298,
0.452273807757534,0.48126618468468,0.511031827341332,0.541551149838043,
0.572805983201346,0.604779412349468,0.6374556381784,0.670819859994088,0.704858174586883,
0.739557489036558,0.77490544493564,0.810890352177645,0.84750113081172,0.884727259742564,
0.922558731273061,0.960986010660936,0.988703578539802),.UNSPECIFIED.);
#72=B_SPLINE_SURFACE_WITH_KNOTS('',3,1,((#4078,#4079),(#4080,#4081),(#4082,
#4083),(#4084,#4085),(#4086,#4087),(#4088,#4089),(#4090,#4091),(#4092,#4093),
(#4094,#4095),(#4096,#4097),(#4098,#4099),(#4100,#4101)),
 .SURF_OF_LINEAR_EXTRUSION.,.F.,.F.,.F.,(4,1,1,1,1,1,1,1,1,4),(2,2),(0.040923936809108,
0.100160164417276,0.129778278221361,0.159396392025445,0.218632619633613,
0.277868847241782,0.396341302458118,0.514813757674455,0.751758668107128,
0.988703578539802),(0.,1.),.UNSPECIFIED.);
#73=B_SPLINE_SURFACE_WITH_KNOTS('',3,1,((#4179,#4180),(#4181,#4182),(#4183,
#4184),(#4185,#4186),(#4187,#4188),(#4189,#4190),(#4191,#4192),(#4193,#4194),
(#4195,#4196),(#4197,#4198),(#4199,#4200),(#4201,#4202)),
 .SURF_OF_LINEAR_EXTRUSION.,.F.,.F.,.F.,(4,1,1,1,1,1,1,1,1,4),(2,2),(0.0409239368091095,
0.100160164417278,0.129778278221362,0.159396392025446,0.218632619633614,
0.277868847241783,0.396341302458119,0.514813757674456,0.751758668107129,
0.988703578539802),(0.,1.),.UNSPECIFIED.);
#74=B_SPLINE_SURFACE_WITH_KNOTS('',3,1,((#4295,#4296),(#4297,#4298),(#4299,
#4300),(#4301,#4302),(#4303,#4304),(#4305,#4306),(#4307,#4308),(#4309,#4310),
(#4311,#4312),(#4313,#4314),(#4315,#4316),(#4317,#4318)),
 .SURF_OF_LINEAR_EXTRUSION.,.F.,.F.,.F.,(4,1,1,1,1,1,1,1,1,4),(2,2),(0.0409239368091079,
0.100160164417276,0.12977827822136,0.159396392025445,0.218632619633613,
0.277868847241781,0.396341302458118,0.514813757674455,0.751758668107128,
0.988703578539802),(0.,1.),.UNSPECIFIED.);
#75=B_SPLINE_SURFACE_WITH_KNOTS('',3,1,((#4396,#4397),(#4398,#4399),(#4400,
#4401),(#4402,#4403),(#4404,#4405),(#4406,#4407),(#4408,#4409),(#4410,#4411),
(#4412,#4413),(#4414,#4415),(#4416,#4417),(#4418,#4419)),
 .SURF_OF_LINEAR_EXTRUSION.,.F.,.F.,.F.,(4,1,1,1,1,1,1,1,1,4),(2,2),(0.0409239368091097,
0.100160164417278,0.129778278221362,0.159396392025446,0.218632619633614,
0.277868847241783,0.396341302458119,0.514813757674456,0.751758668107129,
0.988703578539802),(0.,1.),.UNSPECIFIED.);
#76=B_SPLINE_SURFACE_WITH_KNOTS('',3,1,((#4512,#4513),(#4514,#4515),(#4516,
#4517),(#4518,#4519),(#4520,#4521),(#4522,#4523),(#4524,#4525),(#4526,#4527),
(#4528,#4529),(#4530,#4531),(#4532,#4533),(#4534,#4535)),
 .SURF_OF_LINEAR_EXTRUSION.,.F.,.F.,.F.,(4,1,1,1,1,1,1,1,1,4),(2,2),(0.0409239368091084,
0.100160164417277,0.129778278221361,0.159396392025445,0.218632619633613,
0.277868847241782,0.396341302458118,0.514813757674455,0.751758668107129,
0.988703578539802),(0.,1.),.UNSPECIFIED.);
#77=B_SPLINE_SURFACE_WITH_KNOTS('',3,1,((#4613,#4614),(#4615,#4616),(#4617,
#4618),(#4619,#4620),(#4621,#4622),(#4623,#4624),(#4625,#4626),(#4627,#4628),
(#4629,#4630),(#4631,#4632),(#4633,#4634),(#4635,#4636)),
 .SURF_OF_LINEAR_EXTRUSION.,.F.,.F.,.F.,(4,1,1,1,1,1,1,1,1,4),(2,2),(0.0409239368091092,
0.100160164417278,0.129778278221362,0.159396392025446,0.218632619633614,
0.277868847241782,0.396341302458119,0.514813757674456,0.751758668107129,
0.988703578539802),(0.,1.),.UNSPECIFIED.);
#78=B_SPLINE_SURFACE_WITH_KNOTS('',3,1,((#4729,#4730),(#4731,#4732),(#4733,
#4734),(#4735,#4736),(#4737,#4738),(#4739,#4740),(#4741,#4742),(#4743,#4744),
(#4745,#4746),(#4747,#4748),(#4749,#4750),(#4751,#4752)),
 .SURF_OF_LINEAR_EXTRUSION.,.F.,.F.,.F.,(4,1,1,1,1,1,1,1,1,4),(2,2),(0.0409239368091083,
0.100160164417277,0.129778278221361,0.159396392025445,0.218632619633613,
0.277868847241782,0.396341302458118,0.514813757674455,0.751758668107129,
0.988703578539802),(0.,1.),.UNSPECIFIED.);
#79=B_SPLINE_SURFACE_WITH_KNOTS('',3,1,((#4830,#4831),(#4832,#4833),(#4834,
#4835),(#4836,#4837),(#4838,#4839),(#4840,#4841),(#4842,#4843),(#4844,#4845),
(#4846,#4847),(#4848,#4849),(#4850,#4851),(#4852,#4853)),
 .SURF_OF_LINEAR_EXTRUSION.,.F.,.F.,.F.,(4,1,1,1,1,1,1,1,1,4),(2,2),(0.0409239368091086,
0.100160164417277,0.129778278221361,0.159396392025445,0.218632619633614,
0.277868847241782,0.396341302458119,0.514813757674455,0.751758668107129,
0.988703578539802),(0.,1.),.UNSPECIFIED.);
#80=B_SPLINE_SURFACE_WITH_KNOTS('',3,1,((#4946,#4947),(#4948,#4949),(#4950,
#4951),(#4952,#4953),(#4954,#4955),(#4956,#4957),(#4958,#4959),(#4960,#4961),
(#4962,#4963),(#4964,#4965),(#4966,#4967),(#4968,#4969)),
 .SURF_OF_LINEAR_EXTRUSION.,.F.,.F.,.F.,(4,1,1,1,1,1,1,1,1,4),(2,2),(0.0409239368091082,
0.100160164417277,0.129778278221361,0.159396392025445,0.218632619633613,
0.277868847241782,0.396341302458118,0.514813757674455,0.751758668107128,
0.988703578539802),(0.,1.),.UNSPECIFIED.);
#81=B_SPLINE_SURFACE_WITH_KNOTS('',3,1,((#5047,#5048),(#5049,#5050),(#5051,
#5052),(#5053,#5054),(#5055,#5056),(#5057,#5058),(#5059,#5060),(#5061,#5062),
(#5063,#5064),(#5065,#5066),(#5067,#5068),(#5069,#5070)),
 .SURF_OF_LINEAR_EXTRUSION.,.F.,.F.,.F.,(4,1,1,1,1,1,1,1,1,4),(2,2),(0.0409239368091087,
0.100160164417277,0.129778278221361,0.159396392025445,0.218632619633614,
0.277868847241782,0.396341302458119,0.514813757674455,0.751758668107129,
0.988703578539802),(0.,1.),.UNSPECIFIED.);
#82=B_SPLINE_SURFACE_WITH_KNOTS('',3,1,((#5163,#5164),(#5165,#5166),(#5167,
#5168),(#5169,#5170),(#5171,#5172),(#5173,#5174),(#5175,#5176),(#5177,#5178),
(#5179,#5180),(#5181,#5182),(#5183,#5184),(#5185,#5186)),
 .SURF_OF_LINEAR_EXTRUSION.,.F.,.F.,.F.,(4,1,1,1,1,1,1,1,1,4),(2,2),(0.040923936809108,
0.100160164417276,0.129778278221361,0.159396392025445,0.218632619633613,
0.277868847241781,0.396341302458118,0.514813757674455,0.751758668107128,
0.988703578539802),(0.,1.),.UNSPECIFIED.);
#83=B_SPLINE_SURFACE_WITH_KNOTS('',3,1,((#5264,#5265),(#5266,#5267),(#5268,
#5269),(#5270,#5271),(#5272,#5273),(#5274,#5275),(#5276,#5277),(#5278,#5279),
(#5280,#5281),(#5282,#5283),(#5284,#5285),(#5286,#5287)),
 .SURF_OF_LINEAR_EXTRUSION.,.F.,.F.,.F.,(4,1,1,1,1,1,1,1,1,4),(2,2),(0.0409239368091086,
0.100160164417277,0.129778278221361,0.159396392025445,0.218632619633614,
0.277868847241782,0.396341302458119,0.514813757674455,0.751758668107129,
0.988703578539802),(0.,1.),.UNSPECIFIED.);
#84=B_SPLINE_SURFACE_WITH_KNOTS('',3,1,((#5380,#5381),(#5382,#5383),(#5384,
#5385),(#5386,#5387),(#5388,#5389),(#5390,#5391),(#5392,#5393),(#5394,#5395),
(#5396,#5397),(#5398,#5399),(#5400,#5401),(#5402,#5403)),
 .SURF_OF_LINEAR_EXTRUSION.,.F.,.F.,.F.,(4,1,1,1,1,1,1,1,1,4),(2,2),(0.0409239368091087,
0.100160164417277,0.129778278221361,0.159396392025445,0.218632619633614,
0.277868847241782,0.396341302458119,0.514813757674455,0.751758668107129,
0.988703578539802),(0.,1.),.UNSPECIFIED.);
#85=B_SPLINE_SURFACE_WITH_KNOTS('',3,1,((#5481,#5482),(#5483,#5484),(#5485,
#5486),(#5487,#5488),(#5489,#5490),(#5491,#5492),(#5493,#5494),(#5495,#5496),
(#5497,#5498),(#5499,#5500),(#5501,#5502),(#5503,#5504)),
 .SURF_OF_LINEAR_EXTRUSION.,.F.,.F.,.F.,(4,1,1,1,1,1,1,1,1,4),(2,2),(0.0409239368091091,
0.100160164417277,0.129778278221362,0.159396392025446,0.218632619633614,
0.277868847241782,0.396341302458119,0.514813757674456,0.751758668107129,
0.988703578539802),(0.,1.),.UNSPECIFIED.);
#86=B_SPLINE_SURFACE_WITH_KNOTS('',3,1,((#5597,#5598),(#5599,#5600),(#5601,
#5602),(#5603,#5604),(#5605,#5606),(#5607,#5608),(#5609,#5610),(#5611,#5612),
(#5613,#5614),(#5615,#5616),(#5617,#5618),(#5619,#5620)),
 .SURF_OF_LINEAR_EXTRUSION.,.F.,.F.,.F.,(4,1,1,1,1,1,1,1,1,4),(2,2),(0.0409239368091084,
0.100160164417277,0.129778278221361,0.159396392025445,0.218632619633613,
0.277868847241782,0.396341302458118,0.514813757674455,0.751758668107129,
0.988703578539802),(0.,1.),.UNSPECIFIED.);
#87=B_SPLINE_SURFACE_WITH_KNOTS('',3,1,((#5698,#5699),(#5700,#5701),(#5702,
#5703),(#5704,#5705),(#5706,#5707),(#5708,#5709),(#5710,#5711),(#5712,#5713),
(#5714,#5715),(#5716,#5717),(#5718,#5719),(#5720,#5721)),
 .SURF_OF_LINEAR_EXTRUSION.,.F.,.F.,.F.,(4,1,1,1,1,1,1,1,1,4),(2,2),(0.0409239368091097,
0.100160164417278,0.129778278221362,0.159396392025446,0.218632619633615,
0.277868847241783,0.396341302458119,0.514813757674456,0.751758668107129,
0.988703578539802),(0.,1.),.UNSPECIFIED.);
#88=B_SPLINE_SURFACE_WITH_KNOTS('',3,1,((#5814,#5815),(#5816,#5817),(#5818,
#5819),(#5820,#5821),(#5822,#5823),(#5824,#5825),(#5826,#5827),(#5828,#5829),
(#5830,#5831),(#5832,#5833),(#5834,#5835),(#5836,#5837)),
 .SURF_OF_LINEAR_EXTRUSION.,.F.,.F.,.F.,(4,1,1,1,1,1,1,1,1,4),(2,2),(0.0409239368091076,
0.100160164417276,0.12977827822136,0.159396392025444,0.218632619633613,
0.277868847241781,0.396341302458118,0.514813757674455,0.751758668107128,
0.988703578539802),(0.,1.),.UNSPECIFIED.);
#89=B_SPLINE_SURFACE_WITH_KNOTS('',3,1,((#5915,#5916),(#5917,#5918),(#5919,
#5920),(#5921,#5922),(#5923,#5924),(#5925,#5926),(#5927,#5928),(#5929,#5930),
(#5931,#5932),(#5933,#5934),(#5935,#5936),(#5937,#5938)),
 .SURF_OF_LINEAR_EXTRUSION.,.F.,.F.,.F.,(4,1,1,1,1,1,1,1,1,4),(2,2),(0.0409239368091098,
0.100160164417278,0.129778278221362,0.159396392025446,0.218632619633615,
0.277868847241783,0.396341302458119,0.514813757674456,0.751758668107129,
0.988703578539802),(0.,1.),.UNSPECIFIED.);
#90=B_SPLINE_SURFACE_WITH_KNOTS('',3,1,((#6031,#6032),(#6033,#6034),(#6035,
#6036),(#6037,#6038),(#6039,#6040),(#6041,#6042),(#6043,#6044),(#6045,#6046),
(#6047,#6048),(#6049,#6050),(#6051,#6052),(#6053,#6054)),
 .SURF_OF_LINEAR_EXTRUSION.,.F.,.F.,.F.,(4,1,1,1,1,1,1,1,1,4),(2,2),(0.0409239368091079,
0.100160164417276,0.12977827822136,0.159396392025445,0.218632619633613,
0.277868847241781,0.396341302458118,0.514813757674455,0.751758668107128,
0.988703578539802),(0.,1.),.UNSPECIFIED.);
#91=B_SPLINE_SURFACE_WITH_KNOTS('',3,1,((#6132,#6133),(#6134,#6135),(#6136,
#6137),(#6138,#6139),(#6140,#6141),(#6142,#6143),(#6144,#6145),(#6146,#6147),
(#6148,#6149),(#6150,#6151),(#6152,#6153),(#6154,#6155)),
 .SURF_OF_LINEAR_EXTRUSION.,.F.,.F.,.F.,(4,1,1,1,1,1,1,1,1,4),(2,2),(0.040923936809109,
0.100160164417277,0.129778278221361,0.159396392025446,0.218632619633614,
0.277868847241782,0.396341302458119,0.514813757674455,0.751758668107129,
0.988703578539802),(0.,1.),.UNSPECIFIED.);
#92=B_SPLINE_SURFACE_WITH_KNOTS('',3,1,((#6248,#6249),(#6250,#6251),(#6252,
#6253),(#6254,#6255),(#6256,#6257),(#6258,#6259),(#6260,#6261),(#6262,#6263),
(#6264,#6265),(#6266,#6267),(#6268,#6269),(#6270,#6271)),
 .SURF_OF_LINEAR_EXTRUSION.,.F.,.F.,.F.,(4,1,1,1,1,1,1,1,1,4),(2,2),(0.0409239368091081,
0.100160164417276,0.129778278221361,0.159396392025445,0.218632619633613,
0.277868847241782,0.396341302458118,0.514813757674455,0.751758668107128,
0.988703578539802),(0.,1.),.UNSPECIFIED.);
#93=B_SPLINE_SURFACE_WITH_KNOTS('',3,1,((#6349,#6350),(#6351,#6352),(#6353,
#6354),(#6355,#6356),(#6357,#6358),(#6359,#6360),(#6361,#6362),(#6363,#6364),
(#6365,#6366),(#6367,#6368),(#6369,#6370),(#6371,#6372)),
 .SURF_OF_LINEAR_EXTRUSION.,.F.,.F.,.F.,(4,1,1,1,1,1,1,1,1,4),(2,2),(0.0409239368091096,
0.100160164417278,0.129778278221362,0.159396392025446,0.218632619633614,
0.277868847241783,0.396341302458119,0.514813757674456,0.751758668107129,
0.988703578539802),(0.,1.),.UNSPECIFIED.);
#94=B_SPLINE_SURFACE_WITH_KNOTS('',3,1,((#6465,#6466),(#6467,#6468),(#6469,
#6470),(#6471,#6472),(#6473,#6474),(#6475,#6476),(#6477,#6478),(#6479,#6480),
(#6481,#6482),(#6483,#6484),(#6485,#6486),(#6487,#6488)),
 .SURF_OF_LINEAR_EXTRUSION.,.F.,.F.,.F.,(4,1,1,1,1,1,1,1,1,4),(2,2),(0.0409239368091081,
0.100160164417276,0.129778278221361,0.159396392025445,0.218632619633613,
0.277868847241782,0.396341302458118,0.514813757674455,0.751758668107128,
0.988703578539802),(0.,1.),.UNSPECIFIED.);
#95=B_SPLINE_SURFACE_WITH_KNOTS('',3,1,((#6566,#6567),(#6568,#6569),(#6570,
#6571),(#6572,#6573),(#6574,#6575),(#6576,#6577),(#6578,#6579),(#6580,#6581),
(#6582,#6583),(#6584,#6585),(#6586,#6587),(#6588,#6589)),
 .SURF_OF_LINEAR_EXTRUSION.,.F.,.F.,.F.,(4,1,1,1,1,1,1,1,1,4),(2,2),(0.0409239368091094,
0.100160164417278,0.129778278221362,0.159396392025446,0.218632619633614,
0.277868847241783,0.396341302458119,0.514813757674456,0.751758668107129,
0.988703578539802),(0.,1.),.UNSPECIFIED.);
#96=B_SPLINE_SURFACE_WITH_KNOTS('',3,1,((#6682,#6683),(#6684,#6685),(#6686,
#6687),(#6688,#6689),(#6690,#6691),(#6692,#6693),(#6694,#6695),(#6696,#6697),
(#6698,#6699),(#6700,#6701),(#6702,#6703),(#6704,#6705)),
 .SURF_OF_LINEAR_EXTRUSION.,.F.,.F.,.F.,(4,1,1,1,1,1,1,1,1,4),(2,2),(0.0409239368091087,
0.100160164417277,0.129778278221361,0.159396392025445,0.218632619633614,
0.277868847241782,0.396341302458119,0.514813757674455,0.751758668107129,
0.988703578539802),(0.,1.),.UNSPECIFIED.);
#97=B_SPLINE_SURFACE_WITH_KNOTS('',3,1,((#6783,#6784),(#6785,#6786),(#6787,
#6788),(#6789,#6790),(#6791,#6792),(#6793,#6794),(#6795,#6796),(#6797,#6798),
(#6799,#6800),(#6801,#6802),(#6803,#6804),(#6805,#6806)),
 .SURF_OF_LINEAR_EXTRUSION.,.F.,.F.,.F.,(4,1,1,1,1,1,1,1,1,4),(2,2),(0.0409239368091091,
0.100160164417277,0.129778278221362,0.159396392025446,0.218632619633614,
0.277868847241782,0.396341302458119,0.514813757674456,0.751758668107129,
0.988703578539802),(0.,1.),.UNSPECIFIED.);
#98=B_SPLINE_SURFACE_WITH_KNOTS('',3,1,((#6899,#6900),(#6901,#6902),(#6903,
#6904),(#6905,#6906),(#6907,#6908),(#6909,#6910),(#6911,#6912),(#6913,#6914),
(#6915,#6916),(#6917,#6918),(#6919,#6920),(#6921,#6922)),
 .SURF_OF_LINEAR_EXTRUSION.,.F.,.F.,.F.,(4,1,1,1,1,1,1,1,1,4),(2,2),(0.0409239368091076,
0.100160164417276,0.12977827822136,0.159396392025444,0.218632619633613,
0.277868847241781,0.396341302458118,0.514813757674455,0.751758668107128,
0.988703578539802),(0.,1.),.UNSPECIFIED.);
#99=B_SPLINE_SURFACE_WITH_KNOTS('',3,1,((#7000,#7001),(#7002,#7003),(#7004,
#7005),(#7006,#7007),(#7008,#7009),(#7010,#7011),(#7012,#7013),(#7014,#7015),
(#7016,#7017),(#7018,#7019),(#7020,#7021),(#7022,#7023)),
 .SURF_OF_LINEAR_EXTRUSION.,.F.,.F.,.F.,(4,1,1,1,1,1,1,1,1,4),(2,2),(0.0409239368091096,
0.100160164417278,0.129778278221362,0.159396392025446,0.218632619633614,
0.277868847241783,0.396341302458119,0.514813757674456,0.751758668107129,
0.988703578539802),(0.,1.),.UNSPECIFIED.);
#100=B_SPLINE_SURFACE_WITH_KNOTS('',3,1,((#7116,#7117),(#7118,#7119),(#7120,
#7121),(#7122,#7123),(#7124,#7125),(#7126,#7127),(#7128,#7129),(#7130,#7131),
(#7132,#7133),(#7134,#7135),(#7136,#7137),(#7138,#7139)),
 .SURF_OF_LINEAR_EXTRUSION.,.F.,.F.,.F.,(4,1,1,1,1,1,1,1,1,4),(2,2),(0.0409239368091086,
0.100160164417277,0.129778278221361,0.159396392025445,0.218632619633614,
0.277868847241782,0.396341302458119,0.514813757674455,0.751758668107129,
0.988703578539802),(0.,1.),.UNSPECIFIED.);
#101=B_SPLINE_SURFACE_WITH_KNOTS('',3,1,((#7217,#7218),(#7219,#7220),(#7221,
#7222),(#7223,#7224),(#7225,#7226),(#7227,#7228),(#7229,#7230),(#7231,#7232),
(#7233,#7234),(#7235,#7236),(#7237,#7238),(#7239,#7240)),
 .SURF_OF_LINEAR_EXTRUSION.,.F.,.F.,.F.,(4,1,1,1,1,1,1,1,1,4),(2,2),(0.0409239368091098,
0.100160164417278,0.129778278221362,0.159396392025446,0.218632619633615,
0.277868847241783,0.396341302458119,0.514813757674456,0.751758668107129,
0.988703578539802),(0.,1.),.UNSPECIFIED.);
#102=ELLIPSE('',#2841,0.00556775879506288,0.003937);
#103=ELLIPSE('',#2843,0.00556775879506288,0.003937);
#104=ELLIPSE('',#2846,0.00556775879506275,0.003937);
#105=ELLIPSE('',#2848,0.00556775879506288,0.003937);
#106=ELLIPSE('',#3042,0.0127519636919182,0.009017);
#107=ELLIPSE('',#3044,0.0127519636919182,0.009017);
#108=ELLIPSE('',#3059,0.0127519636919182,0.009017);
#109=ELLIPSE('',#3060,0.0127519636919182,0.009017);
#110=CYLINDRICAL_SURFACE('',#2840,0.003937);
#111=CYLINDRICAL_SURFACE('',#2845,0.003937);
#112=CYLINDRICAL_SURFACE('',#2854,0.006477);
#113=CYLINDRICAL_SURFACE('',#2857,0.006477);
#114=CYLINDRICAL_SURFACE('',#2860,0.006477);
#115=CYLINDRICAL_SURFACE('',#2863,0.006477);
#116=CYLINDRICAL_SURFACE('',#2866,0.006477);
#117=CYLINDRICAL_SURFACE('',#2869,0.006477);
#118=CYLINDRICAL_SURFACE('',#2872,0.006477);
#119=CYLINDRICAL_SURFACE('',#2875,0.006477);
#120=CYLINDRICAL_SURFACE('',#2878,0.006477);
#121=CYLINDRICAL_SURFACE('',#2881,0.006477);
#122=CYLINDRICAL_SURFACE('',#2884,0.006477);
#123=CYLINDRICAL_SURFACE('',#2887,0.006477);
#124=CYLINDRICAL_SURFACE('',#2890,0.006477);
#125=CYLINDRICAL_SURFACE('',#2893,0.006477);
#126=CYLINDRICAL_SURFACE('',#2896,0.006477);
#127=CYLINDRICAL_SURFACE('',#2899,0.0047625);
#128=CYLINDRICAL_SURFACE('',#2902,0.000312702252798496);
#129=CYLINDRICAL_SURFACE('',#2905,0.000312702252798496);
#130=CYLINDRICAL_SURFACE('',#2908,0.0047625);
#131=CYLINDRICAL_SURFACE('',#2911,0.000312702252798496);
#132=CYLINDRICAL_SURFACE('',#2914,0.000312702252798496);
#133=CYLINDRICAL_SURFACE('',#2917,0.0047625);
#134=CYLINDRICAL_SURFACE('',#2920,0.000312702252798496);
#135=CYLINDRICAL_SURFACE('',#2923,0.000312702252798496);
#136=CYLINDRICAL_SURFACE('',#2926,0.0047625);
#137=CYLINDRICAL_SURFACE('',#2929,0.000312702252798496);
#138=CYLINDRICAL_SURFACE('',#2932,0.000312702252798496);
#139=CYLINDRICAL_SURFACE('',#2935,0.0047625);
#140=CYLINDRICAL_SURFACE('',#2938,0.000312702252798496);
#141=CYLINDRICAL_SURFACE('',#2941,0.000312702252798496);
#142=CYLINDRICAL_SURFACE('',#2944,0.0047625);
#143=CYLINDRICAL_SURFACE('',#2947,0.000312702252798496);
#144=CYLINDRICAL_SURFACE('',#2950,0.000312702252798496);
#145=CYLINDRICAL_SURFACE('',#2953,0.0047625);
#146=CYLINDRICAL_SURFACE('',#2956,0.000312702252798496);
#147=CYLINDRICAL_SURFACE('',#2959,0.000312702252798496);
#148=CYLINDRICAL_SURFACE('',#2962,0.0047625);
#149=CYLINDRICAL_SURFACE('',#2965,0.000312702252798496);
#150=CYLINDRICAL_SURFACE('',#2968,0.000312702252798496);
#151=CYLINDRICAL_SURFACE('',#2971,0.0047625);
#152=CYLINDRICAL_SURFACE('',#2974,0.000312702252798496);
#153=CYLINDRICAL_SURFACE('',#2977,0.000312702252798496);
#154=CYLINDRICAL_SURFACE('',#2980,0.0047625);
#155=CYLINDRICAL_SURFACE('',#2983,0.000312702252798496);
#156=CYLINDRICAL_SURFACE('',#2986,0.000312702252798496);
#157=CYLINDRICAL_SURFACE('',#2989,0.0047625);
#158=CYLINDRICAL_SURFACE('',#2992,0.000312702252798496);
#159=CYLINDRICAL_SURFACE('',#2995,0.000312702252798496);
#160=CYLINDRICAL_SURFACE('',#2998,0.0047625);
#161=CYLINDRICAL_SURFACE('',#3001,0.000312702252798496);
#162=CYLINDRICAL_SURFACE('',#3004,0.000312702252798496);
#163=CYLINDRICAL_SURFACE('',#3007,0.0047625);
#164=CYLINDRICAL_SURFACE('',#3010,0.000312702252798496);
#165=CYLINDRICAL_SURFACE('',#3013,0.000312702252798496);
#166=CYLINDRICAL_SURFACE('',#3016,0.0047625);
#167=CYLINDRICAL_SURFACE('',#3019,0.000312702252798496);
#168=CYLINDRICAL_SURFACE('',#3022,0.000312702252798496);
#169=CYLINDRICAL_SURFACE('',#3025,0.0047625);
#170=CYLINDRICAL_SURFACE('',#3028,0.000312702252798496);
#171=CYLINDRICAL_SURFACE('',#3031,0.000312702252798496);
#172=CYLINDRICAL_SURFACE('',#3036,0.009017);
#173=CYLINDRICAL_SURFACE('',#3040,0.009017);
#174=CYLINDRICAL_SURFACE('',#3057,0.009017);
#175=CYLINDRICAL_SURFACE('',#3065,0.004975);
#176=CYLINDRICAL_SURFACE('',#3068,0.004975);
#177=CIRCLE('',#2837,0.003937);
#178=CIRCLE('',#2839,0.003937);
#179=CIRCLE('',#2842,0.003937);
#180=CIRCLE('',#2844,0.003937);
#181=CIRCLE('',#2847,0.003937);
#182=CIRCLE('',#2849,0.003937);
#183=CIRCLE('',#2851,0.009017);
#184=CIRCLE('',#2855,0.006477);
#185=CIRCLE('',#2856,0.006477);
#186=CIRCLE('',#2858,0.006477);
#187=CIRCLE('',#2859,0.006477);
#188=CIRCLE('',#2861,0.006477);
#189=CIRCLE('',#2862,0.006477);
#190=CIRCLE('',#2864,0.006477);
#191=CIRCLE('',#2865,0.006477);
#192=CIRCLE('',#2867,0.006477);
#193=CIRCLE('',#2868,0.006477);
#194=CIRCLE('',#2870,0.006477);
#195=CIRCLE('',#2871,0.006477);
#196=CIRCLE('',#2873,0.006477);
#197=CIRCLE('',#2874,0.006477);
#198=CIRCLE('',#2876,0.006477);
#199=CIRCLE('',#2877,0.006477);
#200=CIRCLE('',#2879,0.006477);
#201=CIRCLE('',#2880,0.006477);
#202=CIRCLE('',#2882,0.006477);
#203=CIRCLE('',#2883,0.006477);
#204=CIRCLE('',#2885,0.006477);
#205=CIRCLE('',#2886,0.006477);
#206=CIRCLE('',#2888,0.006477);
#207=CIRCLE('',#2889,0.006477);
#208=CIRCLE('',#2891,0.006477);
#209=CIRCLE('',#2892,0.006477);
#210=CIRCLE('',#2894,0.006477);
#211=CIRCLE('',#2895,0.006477);
#212=CIRCLE('',#2897,0.006477);
#213=CIRCLE('',#2898,0.006477);
#214=CIRCLE('',#2900,0.0047625);
#215=CIRCLE('',#2901,0.0047625);
#216=CIRCLE('',#2903,0.000312702252798496);
#217=CIRCLE('',#2904,0.000312702252798496);
#218=CIRCLE('',#2906,0.000312702252798496);
#219=CIRCLE('',#2907,0.000312702252798496);
#220=CIRCLE('',#2909,0.0047625);
#221=CIRCLE('',#2910,0.0047625);
#222=CIRCLE('',#2912,0.000312702252798496);
#223=CIRCLE('',#2913,0.000312702252798496);
#224=CIRCLE('',#2915,0.000312702252798496);
#225=CIRCLE('',#2916,0.000312702252798496);
#226=CIRCLE('',#2918,0.0047625);
#227=CIRCLE('',#2919,0.0047625);
#228=CIRCLE('',#2921,0.000312702252798496);
#229=CIRCLE('',#2922,0.000312702252798496);
#230=CIRCLE('',#2924,0.000312702252798496);
#231=CIRCLE('',#2925,0.000312702252798496);
#232=CIRCLE('',#2927,0.0047625);
#233=CIRCLE('',#2928,0.0047625);
#234=CIRCLE('',#2930,0.000312702252798496);
#235=CIRCLE('',#2931,0.000312702252798496);
#236=CIRCLE('',#2933,0.000312702252798496);
#237=CIRCLE('',#2934,0.000312702252798496);
#238=CIRCLE('',#2936,0.0047625);
#239=CIRCLE('',#2937,0.0047625);
#240=CIRCLE('',#2939,0.000312702252798496);
#241=CIRCLE('',#2940,0.000312702252798496);
#242=CIRCLE('',#2942,0.000312702252798496);
#243=CIRCLE('',#2943,0.000312702252798496);
#244=CIRCLE('',#2945,0.0047625);
#245=CIRCLE('',#2946,0.0047625);
#246=CIRCLE('',#2948,0.000312702252798496);
#247=CIRCLE('',#2949,0.000312702252798496);
#248=CIRCLE('',#2951,0.000312702252798496);
#249=CIRCLE('',#2952,0.000312702252798496);
#250=CIRCLE('',#2954,0.0047625);
#251=CIRCLE('',#2955,0.0047625);
#252=CIRCLE('',#2957,0.000312702252798496);
#253=CIRCLE('',#2958,0.000312702252798496);
#254=CIRCLE('',#2960,0.000312702252798496);
#255=CIRCLE('',#2961,0.000312702252798496);
#256=CIRCLE('',#2963,0.0047625);
#257=CIRCLE('',#2964,0.0047625);
#258=CIRCLE('',#2966,0.000312702252798496);
#259=CIRCLE('',#2967,0.000312702252798496);
#260=CIRCLE('',#2969,0.000312702252798496);
#261=CIRCLE('',#2970,0.000312702252798496);
#262=CIRCLE('',#2972,0.0047625);
#263=CIRCLE('',#2973,0.0047625);
#264=CIRCLE('',#2975,0.000312702252798496);
#265=CIRCLE('',#2976,0.000312702252798496);
#266=CIRCLE('',#2978,0.000312702252798496);
#267=CIRCLE('',#2979,0.000312702252798496);
#268=CIRCLE('',#2981,0.0047625);
#269=CIRCLE('',#2982,0.0047625);
#270=CIRCLE('',#2984,0.000312702252798496);
#271=CIRCLE('',#2985,0.000312702252798496);
#272=CIRCLE('',#2987,0.000312702252798496);
#273=CIRCLE('',#2988,0.000312702252798496);
#274=CIRCLE('',#2990,0.0047625);
#275=CIRCLE('',#2991,0.0047625);
#276=CIRCLE('',#2993,0.000312702252798496);
#277=CIRCLE('',#2994,0.000312702252798496);
#278=CIRCLE('',#2996,0.000312702252798496);
#279=CIRCLE('',#2997,0.000312702252798496);
#280=CIRCLE('',#2999,0.0047625);
#281=CIRCLE('',#3000,0.0047625);
#282=CIRCLE('',#3002,0.000312702252798496);
#283=CIRCLE('',#3003,0.000312702252798496);
#284=CIRCLE('',#3005,0.000312702252798496);
#285=CIRCLE('',#3006,0.000312702252798496);
#286=CIRCLE('',#3008,0.0047625);
#287=CIRCLE('',#3009,0.0047625);
#288=CIRCLE('',#3011,0.000312702252798496);
#289=CIRCLE('',#3012,0.000312702252798496);
#290=CIRCLE('',#3014,0.000312702252798496);
#291=CIRCLE('',#3015,0.000312702252798496);
#292=CIRCLE('',#3017,0.0047625);
#293=CIRCLE('',#3018,0.0047625);
#294=CIRCLE('',#3020,0.000312702252798496);
#295=CIRCLE('',#3021,0.000312702252798496);
#296=CIRCLE('',#3023,0.000312702252798496);
#297=CIRCLE('',#3024,0.000312702252798496);
#298=CIRCLE('',#3026,0.0047625);
#299=CIRCLE('',#3027,0.0047625);
#300=CIRCLE('',#3029,0.000312702252798496);
#301=CIRCLE('',#3030,0.000312702252798496);
#302=CIRCLE('',#3032,0.000312702252798496);
#303=CIRCLE('',#3033,0.000312702252798496);
#304=CIRCLE('',#3035,0.009017);
#305=CIRCLE('',#3037,0.009017);
#306=CIRCLE('',#3039,0.004975);
#307=CIRCLE('',#3041,0.009017);
#308=CIRCLE('',#3043,0.009017);
#309=CIRCLE('',#3045,0.009017);
#310=CIRCLE('',#3052,0.009017);
#311=CIRCLE('',#3058,0.009017);
#312=CIRCLE('',#3062,0.004975);
#313=CIRCLE('',#3064,0.004975);
#314=CIRCLE('',#3067,0.004975);
#315=ORIENTED_EDGE('',*,*,#1157,.T.);
#316=ORIENTED_EDGE('',*,*,#1158,.T.);
#317=ORIENTED_EDGE('',*,*,#1159,.F.);
#318=ORIENTED_EDGE('',*,*,#1160,.T.);
#319=ORIENTED_EDGE('',*,*,#1161,.T.);
#320=ORIENTED_EDGE('',*,*,#1162,.T.);
#321=ORIENTED_EDGE('',*,*,#1163,.T.);
#322=ORIENTED_EDGE('',*,*,#1164,.T.);
#323=ORIENTED_EDGE('',*,*,#1159,.T.);
#324=ORIENTED_EDGE('',*,*,#1165,.T.);
#325=ORIENTED_EDGE('',*,*,#1166,.T.);
#326=ORIENTED_EDGE('',*,*,#1167,.T.);
#327=ORIENTED_EDGE('',*,*,#1168,.F.);
#328=ORIENTED_EDGE('',*,*,#1163,.F.);
#329=ORIENTED_EDGE('',*,*,#1169,.T.);
#330=ORIENTED_EDGE('',*,*,#1170,.F.);
#331=ORIENTED_EDGE('',*,*,#1171,.T.);
#332=ORIENTED_EDGE('',*,*,#1172,.F.);
#333=ORIENTED_EDGE('',*,*,#1173,.T.);
#334=ORIENTED_EDGE('',*,*,#1174,.T.);
#335=ORIENTED_EDGE('',*,*,#1175,.T.);
#336=ORIENTED_EDGE('',*,*,#1176,.F.);
#337=ORIENTED_EDGE('',*,*,#1177,.T.);
#338=ORIENTED_EDGE('',*,*,#1178,.T.);
#339=ORIENTED_EDGE('',*,*,#1179,.T.);
#340=ORIENTED_EDGE('',*,*,#1180,.T.);
#341=ORIENTED_EDGE('',*,*,#1181,.T.);
#342=ORIENTED_EDGE('',*,*,#1182,.T.);
#343=ORIENTED_EDGE('',*,*,#1183,.F.);
#344=ORIENTED_EDGE('',*,*,#1184,.T.);
#345=ORIENTED_EDGE('',*,*,#1185,.T.);
#346=ORIENTED_EDGE('',*,*,#1186,.T.);
#347=ORIENTED_EDGE('',*,*,#1187,.T.);
#348=ORIENTED_EDGE('',*,*,#1188,.T.);
#349=ORIENTED_EDGE('',*,*,#1161,.F.);
#350=ORIENTED_EDGE('',*,*,#1189,.T.);
#351=ORIENTED_EDGE('',*,*,#1190,.T.);
#352=ORIENTED_EDGE('',*,*,#1191,.T.);
#353=ORIENTED_EDGE('',*,*,#1192,.T.);
#354=ORIENTED_EDGE('',*,*,#1193,.T.);
#355=ORIENTED_EDGE('',*,*,#1157,.F.);
#356=ORIENTED_EDGE('',*,*,#1194,.T.);
#357=ORIENTED_EDGE('',*,*,#1195,.T.);
#358=ORIENTED_EDGE('',*,*,#1196,.T.);
#359=ORIENTED_EDGE('',*,*,#1197,.T.);
#360=ORIENTED_EDGE('',*,*,#1198,.T.);
#361=ORIENTED_EDGE('',*,*,#1199,.F.);
#362=ORIENTED_EDGE('',*,*,#1200,.T.);
#363=ORIENTED_EDGE('',*,*,#1201,.F.);
#364=ORIENTED_EDGE('',*,*,#1202,.F.);
#365=ORIENTED_EDGE('',*,*,#1203,.T.);
#366=ORIENTED_EDGE('',*,*,#1204,.T.);
#367=ORIENTED_EDGE('',*,*,#1205,.F.);
#368=ORIENTED_EDGE('',*,*,#1206,.F.);
#369=ORIENTED_EDGE('',*,*,#1207,.T.);
#370=ORIENTED_EDGE('',*,*,#1208,.T.);
#371=ORIENTED_EDGE('',*,*,#1209,.F.);
#372=ORIENTED_EDGE('',*,*,#1210,.F.);
#373=ORIENTED_EDGE('',*,*,#1211,.T.);
#374=ORIENTED_EDGE('',*,*,#1212,.T.);
#375=ORIENTED_EDGE('',*,*,#1213,.F.);
#376=ORIENTED_EDGE('',*,*,#1214,.T.);
#377=ORIENTED_EDGE('',*,*,#1215,.T.);
#378=ORIENTED_EDGE('',*,*,#1216,.F.);
#379=ORIENTED_EDGE('',*,*,#1217,.F.);
#380=ORIENTED_EDGE('',*,*,#1218,.F.);
#381=ORIENTED_EDGE('',*,*,#1219,.T.);
#382=ORIENTED_EDGE('',*,*,#1220,.T.);
#383=ORIENTED_EDGE('',*,*,#1221,.F.);
#384=ORIENTED_EDGE('',*,*,#1222,.T.);
#385=ORIENTED_EDGE('',*,*,#1223,.T.);
#386=ORIENTED_EDGE('',*,*,#1224,.F.);
#387=ORIENTED_EDGE('',*,*,#1225,.F.);
#388=ORIENTED_EDGE('',*,*,#1226,.T.);
#389=ORIENTED_EDGE('',*,*,#1227,.T.);
#390=ORIENTED_EDGE('',*,*,#1228,.F.);
#391=ORIENTED_EDGE('',*,*,#1229,.F.);
#392=ORIENTED_EDGE('',*,*,#1230,.T.);
#393=ORIENTED_EDGE('',*,*,#1231,.T.);
#394=ORIENTED_EDGE('',*,*,#1232,.F.);
#395=ORIENTED_EDGE('',*,*,#1233,.F.);
#396=ORIENTED_EDGE('',*,*,#1234,.F.);
#397=ORIENTED_EDGE('',*,*,#1235,.T.);
#398=ORIENTED_EDGE('',*,*,#1236,.T.);
#399=ORIENTED_EDGE('',*,*,#1237,.F.);
#400=ORIENTED_EDGE('',*,*,#1238,.T.);
#401=ORIENTED_EDGE('',*,*,#1239,.T.);
#402=ORIENTED_EDGE('',*,*,#1240,.F.);
#403=ORIENTED_EDGE('',*,*,#1241,.F.);
#404=ORIENTED_EDGE('',*,*,#1242,.F.);
#405=ORIENTED_EDGE('',*,*,#1243,.T.);
#406=ORIENTED_EDGE('',*,*,#1244,.T.);
#407=ORIENTED_EDGE('',*,*,#1245,.F.);
#408=ORIENTED_EDGE('',*,*,#1246,.F.);
#409=ORIENTED_EDGE('',*,*,#1247,.T.);
#410=ORIENTED_EDGE('',*,*,#1248,.T.);
#411=ORIENTED_EDGE('',*,*,#1249,.F.);
#412=ORIENTED_EDGE('',*,*,#1250,.T.);
#413=ORIENTED_EDGE('',*,*,#1251,.T.);
#414=ORIENTED_EDGE('',*,*,#1252,.F.);
#415=ORIENTED_EDGE('',*,*,#1253,.F.);
#416=ORIENTED_EDGE('',*,*,#1254,.T.);
#417=ORIENTED_EDGE('',*,*,#1255,.T.);
#418=ORIENTED_EDGE('',*,*,#1256,.F.);
#419=ORIENTED_EDGE('',*,*,#1257,.F.);
#420=ORIENTED_EDGE('',*,*,#1258,.T.);
#421=ORIENTED_EDGE('',*,*,#1259,.T.);
#422=ORIENTED_EDGE('',*,*,#1260,.F.);
#423=ORIENTED_EDGE('',*,*,#1261,.T.);
#424=ORIENTED_EDGE('',*,*,#1260,.T.);
#425=ORIENTED_EDGE('',*,*,#1262,.F.);
#426=ORIENTED_EDGE('',*,*,#1263,.F.);
#427=ORIENTED_EDGE('',*,*,#1264,.T.);
#428=ORIENTED_EDGE('',*,*,#1211,.F.);
#429=ORIENTED_EDGE('',*,*,#1265,.F.);
#430=ORIENTED_EDGE('',*,*,#1266,.F.);
#431=ORIENTED_EDGE('',*,*,#1267,.T.);
#432=ORIENTED_EDGE('',*,*,#1268,.F.);
#433=ORIENTED_EDGE('',*,*,#1269,.F.);
#434=ORIENTED_EDGE('',*,*,#1270,.F.);
#435=ORIENTED_EDGE('',*,*,#1271,.T.);
#436=ORIENTED_EDGE('',*,*,#1263,.T.);
#437=ORIENTED_EDGE('',*,*,#1272,.T.);
#438=ORIENTED_EDGE('',*,*,#1270,.T.);
#439=ORIENTED_EDGE('',*,*,#1273,.T.);
#440=ORIENTED_EDGE('',*,*,#1268,.T.);
#441=ORIENTED_EDGE('',*,*,#1274,.T.);
#442=ORIENTED_EDGE('',*,*,#1266,.T.);
#443=ORIENTED_EDGE('',*,*,#1275,.T.);
#444=ORIENTED_EDGE('',*,*,#1256,.T.);
#445=ORIENTED_EDGE('',*,*,#1276,.F.);
#446=ORIENTED_EDGE('',*,*,#1277,.F.);
#447=ORIENTED_EDGE('',*,*,#1278,.T.);
#448=ORIENTED_EDGE('',*,*,#1247,.F.);
#449=ORIENTED_EDGE('',*,*,#1279,.F.);
#450=ORIENTED_EDGE('',*,*,#1280,.F.);
#451=ORIENTED_EDGE('',*,*,#1281,.T.);
#452=ORIENTED_EDGE('',*,*,#1282,.F.);
#453=ORIENTED_EDGE('',*,*,#1283,.F.);
#454=ORIENTED_EDGE('',*,*,#1284,.F.);
#455=ORIENTED_EDGE('',*,*,#1285,.T.);
#456=ORIENTED_EDGE('',*,*,#1277,.T.);
#457=ORIENTED_EDGE('',*,*,#1286,.T.);
#458=ORIENTED_EDGE('',*,*,#1284,.T.);
#459=ORIENTED_EDGE('',*,*,#1287,.T.);
#460=ORIENTED_EDGE('',*,*,#1282,.T.);
#461=ORIENTED_EDGE('',*,*,#1288,.T.);
#462=ORIENTED_EDGE('',*,*,#1280,.T.);
#463=ORIENTED_EDGE('',*,*,#1289,.T.);
#464=ORIENTED_EDGE('',*,*,#1252,.T.);
#465=ORIENTED_EDGE('',*,*,#1290,.F.);
#466=ORIENTED_EDGE('',*,*,#1291,.F.);
#467=ORIENTED_EDGE('',*,*,#1292,.T.);
#468=ORIENTED_EDGE('',*,*,#1254,.F.);
#469=ORIENTED_EDGE('',*,*,#1293,.F.);
#470=ORIENTED_EDGE('',*,*,#1294,.F.);
#471=ORIENTED_EDGE('',*,*,#1295,.T.);
#472=ORIENTED_EDGE('',*,*,#1296,.F.);
#473=ORIENTED_EDGE('',*,*,#1297,.F.);
#474=ORIENTED_EDGE('',*,*,#1298,.F.);
#475=ORIENTED_EDGE('',*,*,#1299,.T.);
#476=ORIENTED_EDGE('',*,*,#1291,.T.);
#477=ORIENTED_EDGE('',*,*,#1300,.T.);
#478=ORIENTED_EDGE('',*,*,#1298,.T.);
#479=ORIENTED_EDGE('',*,*,#1301,.T.);
#480=ORIENTED_EDGE('',*,*,#1296,.T.);
#481=ORIENTED_EDGE('',*,*,#1302,.T.);
#482=ORIENTED_EDGE('',*,*,#1294,.T.);
#483=ORIENTED_EDGE('',*,*,#1303,.T.);
#484=ORIENTED_EDGE('',*,*,#1245,.T.);
#485=ORIENTED_EDGE('',*,*,#1304,.F.);
#486=ORIENTED_EDGE('',*,*,#1305,.F.);
#487=ORIENTED_EDGE('',*,*,#1306,.T.);
#488=ORIENTED_EDGE('',*,*,#1243,.F.);
#489=ORIENTED_EDGE('',*,*,#1307,.F.);
#490=ORIENTED_EDGE('',*,*,#1308,.F.);
#491=ORIENTED_EDGE('',*,*,#1309,.T.);
#492=ORIENTED_EDGE('',*,*,#1310,.F.);
#493=ORIENTED_EDGE('',*,*,#1311,.F.);
#494=ORIENTED_EDGE('',*,*,#1312,.F.);
#495=ORIENTED_EDGE('',*,*,#1313,.T.);
#496=ORIENTED_EDGE('',*,*,#1305,.T.);
#497=ORIENTED_EDGE('',*,*,#1314,.T.);
#498=ORIENTED_EDGE('',*,*,#1312,.T.);
#499=ORIENTED_EDGE('',*,*,#1315,.T.);
#500=ORIENTED_EDGE('',*,*,#1310,.T.);
#501=ORIENTED_EDGE('',*,*,#1316,.T.);
#502=ORIENTED_EDGE('',*,*,#1308,.T.);
#503=ORIENTED_EDGE('',*,*,#1317,.T.);
#504=ORIENTED_EDGE('',*,*,#1241,.T.);
#505=ORIENTED_EDGE('',*,*,#1318,.F.);
#506=ORIENTED_EDGE('',*,*,#1319,.F.);
#507=ORIENTED_EDGE('',*,*,#1320,.T.);
#508=ORIENTED_EDGE('',*,*,#1235,.F.);
#509=ORIENTED_EDGE('',*,*,#1321,.F.);
#510=ORIENTED_EDGE('',*,*,#1322,.F.);
#511=ORIENTED_EDGE('',*,*,#1323,.T.);
#512=ORIENTED_EDGE('',*,*,#1324,.F.);
#513=ORIENTED_EDGE('',*,*,#1325,.F.);
#514=ORIENTED_EDGE('',*,*,#1326,.F.);
#515=ORIENTED_EDGE('',*,*,#1327,.T.);
#516=ORIENTED_EDGE('',*,*,#1319,.T.);
#517=ORIENTED_EDGE('',*,*,#1328,.T.);
#518=ORIENTED_EDGE('',*,*,#1326,.T.);
#519=ORIENTED_EDGE('',*,*,#1329,.T.);
#520=ORIENTED_EDGE('',*,*,#1324,.T.);
#521=ORIENTED_EDGE('',*,*,#1330,.T.);
#522=ORIENTED_EDGE('',*,*,#1322,.T.);
#523=ORIENTED_EDGE('',*,*,#1331,.T.);
#524=ORIENTED_EDGE('',*,*,#1240,.T.);
#525=ORIENTED_EDGE('',*,*,#1332,.F.);
#526=ORIENTED_EDGE('',*,*,#1333,.F.);
#527=ORIENTED_EDGE('',*,*,#1334,.T.);
#528=ORIENTED_EDGE('',*,*,#1258,.F.);
#529=ORIENTED_EDGE('',*,*,#1335,.F.);
#530=ORIENTED_EDGE('',*,*,#1336,.F.);
#531=ORIENTED_EDGE('',*,*,#1337,.T.);
#532=ORIENTED_EDGE('',*,*,#1338,.F.);
#533=ORIENTED_EDGE('',*,*,#1339,.F.);
#534=ORIENTED_EDGE('',*,*,#1340,.F.);
#535=ORIENTED_EDGE('',*,*,#1341,.T.);
#536=ORIENTED_EDGE('',*,*,#1333,.T.);
#537=ORIENTED_EDGE('',*,*,#1342,.T.);
#538=ORIENTED_EDGE('',*,*,#1340,.T.);
#539=ORIENTED_EDGE('',*,*,#1343,.T.);
#540=ORIENTED_EDGE('',*,*,#1338,.T.);
#541=ORIENTED_EDGE('',*,*,#1344,.T.);
#542=ORIENTED_EDGE('',*,*,#1336,.T.);
#543=ORIENTED_EDGE('',*,*,#1345,.T.);
#544=ORIENTED_EDGE('',*,*,#1233,.T.);
#545=ORIENTED_EDGE('',*,*,#1346,.F.);
#546=ORIENTED_EDGE('',*,*,#1347,.F.);
#547=ORIENTED_EDGE('',*,*,#1348,.T.);
#548=ORIENTED_EDGE('',*,*,#1238,.F.);
#549=ORIENTED_EDGE('',*,*,#1349,.F.);
#550=ORIENTED_EDGE('',*,*,#1350,.F.);
#551=ORIENTED_EDGE('',*,*,#1351,.T.);
#552=ORIENTED_EDGE('',*,*,#1352,.F.);
#553=ORIENTED_EDGE('',*,*,#1353,.F.);
#554=ORIENTED_EDGE('',*,*,#1354,.F.);
#555=ORIENTED_EDGE('',*,*,#1355,.T.);
#556=ORIENTED_EDGE('',*,*,#1347,.T.);
#557=ORIENTED_EDGE('',*,*,#1356,.T.);
#558=ORIENTED_EDGE('',*,*,#1354,.T.);
#559=ORIENTED_EDGE('',*,*,#1357,.T.);
#560=ORIENTED_EDGE('',*,*,#1352,.T.);
#561=ORIENTED_EDGE('',*,*,#1358,.T.);
#562=ORIENTED_EDGE('',*,*,#1350,.T.);
#563=ORIENTED_EDGE('',*,*,#1359,.T.);
#564=ORIENTED_EDGE('',*,*,#1232,.T.);
#565=ORIENTED_EDGE('',*,*,#1360,.F.);
#566=ORIENTED_EDGE('',*,*,#1361,.F.);
#567=ORIENTED_EDGE('',*,*,#1362,.T.);
#568=ORIENTED_EDGE('',*,*,#1250,.F.);
#569=ORIENTED_EDGE('',*,*,#1363,.F.);
#570=ORIENTED_EDGE('',*,*,#1364,.F.);
#571=ORIENTED_EDGE('',*,*,#1365,.T.);
#572=ORIENTED_EDGE('',*,*,#1366,.F.);
#573=ORIENTED_EDGE('',*,*,#1367,.F.);
#574=ORIENTED_EDGE('',*,*,#1368,.F.);
#575=ORIENTED_EDGE('',*,*,#1369,.T.);
#576=ORIENTED_EDGE('',*,*,#1361,.T.);
#577=ORIENTED_EDGE('',*,*,#1370,.T.);
#578=ORIENTED_EDGE('',*,*,#1368,.T.);
#579=ORIENTED_EDGE('',*,*,#1371,.T.);
#580=ORIENTED_EDGE('',*,*,#1366,.T.);
#581=ORIENTED_EDGE('',*,*,#1372,.T.);
#582=ORIENTED_EDGE('',*,*,#1364,.T.);
#583=ORIENTED_EDGE('',*,*,#1373,.T.);
#584=ORIENTED_EDGE('',*,*,#1228,.T.);
#585=ORIENTED_EDGE('',*,*,#1374,.F.);
#586=ORIENTED_EDGE('',*,*,#1375,.F.);
#587=ORIENTED_EDGE('',*,*,#1376,.T.);
#588=ORIENTED_EDGE('',*,*,#1230,.F.);
#589=ORIENTED_EDGE('',*,*,#1377,.F.);
#590=ORIENTED_EDGE('',*,*,#1378,.F.);
#591=ORIENTED_EDGE('',*,*,#1379,.T.);
#592=ORIENTED_EDGE('',*,*,#1380,.F.);
#593=ORIENTED_EDGE('',*,*,#1381,.F.);
#594=ORIENTED_EDGE('',*,*,#1382,.F.);
#595=ORIENTED_EDGE('',*,*,#1383,.T.);
#596=ORIENTED_EDGE('',*,*,#1375,.T.);
#597=ORIENTED_EDGE('',*,*,#1384,.T.);
#598=ORIENTED_EDGE('',*,*,#1382,.T.);
#599=ORIENTED_EDGE('',*,*,#1385,.T.);
#600=ORIENTED_EDGE('',*,*,#1380,.T.);
#601=ORIENTED_EDGE('',*,*,#1386,.T.);
#602=ORIENTED_EDGE('',*,*,#1378,.T.);
#603=ORIENTED_EDGE('',*,*,#1387,.T.);
#604=ORIENTED_EDGE('',*,*,#1224,.T.);
#605=ORIENTED_EDGE('',*,*,#1388,.F.);
#606=ORIENTED_EDGE('',*,*,#1389,.F.);
#607=ORIENTED_EDGE('',*,*,#1390,.T.);
#608=ORIENTED_EDGE('',*,*,#1219,.F.);
#609=ORIENTED_EDGE('',*,*,#1391,.F.);
#610=ORIENTED_EDGE('',*,*,#1392,.F.);
#611=ORIENTED_EDGE('',*,*,#1393,.T.);
#612=ORIENTED_EDGE('',*,*,#1394,.F.);
#613=ORIENTED_EDGE('',*,*,#1395,.F.);
#614=ORIENTED_EDGE('',*,*,#1396,.F.);
#615=ORIENTED_EDGE('',*,*,#1397,.T.);
#616=ORIENTED_EDGE('',*,*,#1389,.T.);
#617=ORIENTED_EDGE('',*,*,#1398,.T.);
#618=ORIENTED_EDGE('',*,*,#1396,.T.);
#619=ORIENTED_EDGE('',*,*,#1399,.T.);
#620=ORIENTED_EDGE('',*,*,#1394,.T.);
#621=ORIENTED_EDGE('',*,*,#1400,.T.);
#622=ORIENTED_EDGE('',*,*,#1392,.T.);
#623=ORIENTED_EDGE('',*,*,#1401,.T.);
#624=ORIENTED_EDGE('',*,*,#1217,.T.);
#625=ORIENTED_EDGE('',*,*,#1402,.F.);
#626=ORIENTED_EDGE('',*,*,#1403,.F.);
#627=ORIENTED_EDGE('',*,*,#1404,.T.);
#628=ORIENTED_EDGE('',*,*,#1226,.F.);
#629=ORIENTED_EDGE('',*,*,#1405,.F.);
#630=ORIENTED_EDGE('',*,*,#1406,.F.);
#631=ORIENTED_EDGE('',*,*,#1407,.T.);
#632=ORIENTED_EDGE('',*,*,#1408,.F.);
#633=ORIENTED_EDGE('',*,*,#1409,.F.);
#634=ORIENTED_EDGE('',*,*,#1410,.F.);
#635=ORIENTED_EDGE('',*,*,#1411,.T.);
#636=ORIENTED_EDGE('',*,*,#1403,.T.);
#637=ORIENTED_EDGE('',*,*,#1412,.T.);
#638=ORIENTED_EDGE('',*,*,#1410,.T.);
#639=ORIENTED_EDGE('',*,*,#1413,.T.);
#640=ORIENTED_EDGE('',*,*,#1408,.T.);
#641=ORIENTED_EDGE('',*,*,#1414,.T.);
#642=ORIENTED_EDGE('',*,*,#1406,.T.);
#643=ORIENTED_EDGE('',*,*,#1415,.T.);
#644=ORIENTED_EDGE('',*,*,#1216,.T.);
#645=ORIENTED_EDGE('',*,*,#1416,.F.);
#646=ORIENTED_EDGE('',*,*,#1417,.F.);
#647=ORIENTED_EDGE('',*,*,#1418,.T.);
#648=ORIENTED_EDGE('',*,*,#1207,.F.);
#649=ORIENTED_EDGE('',*,*,#1419,.F.);
#650=ORIENTED_EDGE('',*,*,#1420,.F.);
#651=ORIENTED_EDGE('',*,*,#1421,.T.);
#652=ORIENTED_EDGE('',*,*,#1422,.F.);
#653=ORIENTED_EDGE('',*,*,#1423,.F.);
#654=ORIENTED_EDGE('',*,*,#1424,.F.);
#655=ORIENTED_EDGE('',*,*,#1425,.T.);
#656=ORIENTED_EDGE('',*,*,#1417,.T.);
#657=ORIENTED_EDGE('',*,*,#1426,.T.);
#658=ORIENTED_EDGE('',*,*,#1424,.T.);
#659=ORIENTED_EDGE('',*,*,#1427,.T.);
#660=ORIENTED_EDGE('',*,*,#1422,.T.);
#661=ORIENTED_EDGE('',*,*,#1428,.T.);
#662=ORIENTED_EDGE('',*,*,#1420,.T.);
#663=ORIENTED_EDGE('',*,*,#1429,.T.);
#664=ORIENTED_EDGE('',*,*,#1209,.T.);
#665=ORIENTED_EDGE('',*,*,#1430,.F.);
#666=ORIENTED_EDGE('',*,*,#1431,.F.);
#667=ORIENTED_EDGE('',*,*,#1432,.T.);
#668=ORIENTED_EDGE('',*,*,#1214,.F.);
#669=ORIENTED_EDGE('',*,*,#1433,.F.);
#670=ORIENTED_EDGE('',*,*,#1434,.F.);
#671=ORIENTED_EDGE('',*,*,#1435,.T.);
#672=ORIENTED_EDGE('',*,*,#1436,.F.);
#673=ORIENTED_EDGE('',*,*,#1437,.F.);
#674=ORIENTED_EDGE('',*,*,#1438,.F.);
#675=ORIENTED_EDGE('',*,*,#1439,.T.);
#676=ORIENTED_EDGE('',*,*,#1431,.T.);
#677=ORIENTED_EDGE('',*,*,#1440,.T.);
#678=ORIENTED_EDGE('',*,*,#1438,.T.);
#679=ORIENTED_EDGE('',*,*,#1441,.T.);
#680=ORIENTED_EDGE('',*,*,#1436,.T.);
#681=ORIENTED_EDGE('',*,*,#1442,.T.);
#682=ORIENTED_EDGE('',*,*,#1434,.T.);
#683=ORIENTED_EDGE('',*,*,#1443,.T.);
#684=ORIENTED_EDGE('',*,*,#1205,.T.);
#685=ORIENTED_EDGE('',*,*,#1444,.F.);
#686=ORIENTED_EDGE('',*,*,#1445,.F.);
#687=ORIENTED_EDGE('',*,*,#1446,.T.);
#688=ORIENTED_EDGE('',*,*,#1203,.F.);
#689=ORIENTED_EDGE('',*,*,#1447,.F.);
#690=ORIENTED_EDGE('',*,*,#1448,.F.);
#691=ORIENTED_EDGE('',*,*,#1449,.T.);
#692=ORIENTED_EDGE('',*,*,#1450,.F.);
#693=ORIENTED_EDGE('',*,*,#1451,.F.);
#694=ORIENTED_EDGE('',*,*,#1452,.F.);
#695=ORIENTED_EDGE('',*,*,#1453,.T.);
#696=ORIENTED_EDGE('',*,*,#1445,.T.);
#697=ORIENTED_EDGE('',*,*,#1454,.T.);
#698=ORIENTED_EDGE('',*,*,#1452,.T.);
#699=ORIENTED_EDGE('',*,*,#1455,.T.);
#700=ORIENTED_EDGE('',*,*,#1450,.T.);
#701=ORIENTED_EDGE('',*,*,#1456,.T.);
#702=ORIENTED_EDGE('',*,*,#1448,.T.);
#703=ORIENTED_EDGE('',*,*,#1457,.T.);
#704=ORIENTED_EDGE('',*,*,#1201,.T.);
#705=ORIENTED_EDGE('',*,*,#1458,.F.);
#706=ORIENTED_EDGE('',*,*,#1459,.F.);
#707=ORIENTED_EDGE('',*,*,#1460,.T.);
#708=ORIENTED_EDGE('',*,*,#1222,.F.);
#709=ORIENTED_EDGE('',*,*,#1461,.F.);
#710=ORIENTED_EDGE('',*,*,#1462,.F.);
#711=ORIENTED_EDGE('',*,*,#1463,.T.);
#712=ORIENTED_EDGE('',*,*,#1464,.F.);
#713=ORIENTED_EDGE('',*,*,#1465,.F.);
#714=ORIENTED_EDGE('',*,*,#1466,.F.);
#715=ORIENTED_EDGE('',*,*,#1467,.T.);
#716=ORIENTED_EDGE('',*,*,#1459,.T.);
#717=ORIENTED_EDGE('',*,*,#1468,.T.);
#718=ORIENTED_EDGE('',*,*,#1466,.T.);
#719=ORIENTED_EDGE('',*,*,#1469,.T.);
#720=ORIENTED_EDGE('',*,*,#1464,.T.);
#721=ORIENTED_EDGE('',*,*,#1470,.T.);
#722=ORIENTED_EDGE('',*,*,#1462,.T.);
#723=ORIENTED_EDGE('',*,*,#1471,.F.);
#724=ORIENTED_EDGE('',*,*,#1399,.F.);
#725=ORIENTED_EDGE('',*,*,#1391,.T.);
#726=ORIENTED_EDGE('',*,*,#1218,.T.);
#727=ORIENTED_EDGE('',*,*,#1401,.F.);
#728=ORIENTED_EDGE('',*,*,#1411,.F.);
#729=ORIENTED_EDGE('',*,*,#1409,.T.);
#730=ORIENTED_EDGE('',*,*,#1413,.F.);
#731=ORIENTED_EDGE('',*,*,#1405,.T.);
#732=ORIENTED_EDGE('',*,*,#1225,.T.);
#733=ORIENTED_EDGE('',*,*,#1373,.F.);
#734=ORIENTED_EDGE('',*,*,#1383,.F.);
#735=ORIENTED_EDGE('',*,*,#1381,.T.);
#736=ORIENTED_EDGE('',*,*,#1385,.F.);
#737=ORIENTED_EDGE('',*,*,#1377,.T.);
#738=ORIENTED_EDGE('',*,*,#1229,.T.);
#739=ORIENTED_EDGE('',*,*,#1359,.F.);
#740=ORIENTED_EDGE('',*,*,#1369,.F.);
#741=ORIENTED_EDGE('',*,*,#1367,.T.);
#742=ORIENTED_EDGE('',*,*,#1371,.F.);
#743=ORIENTED_EDGE('',*,*,#1363,.T.);
#744=ORIENTED_EDGE('',*,*,#1249,.T.);
#745=ORIENTED_EDGE('',*,*,#1289,.F.);
#746=ORIENTED_EDGE('',*,*,#1299,.F.);
#747=ORIENTED_EDGE('',*,*,#1297,.T.);
#748=ORIENTED_EDGE('',*,*,#1301,.F.);
#749=ORIENTED_EDGE('',*,*,#1293,.T.);
#750=ORIENTED_EDGE('',*,*,#1253,.T.);
#751=ORIENTED_EDGE('',*,*,#1275,.F.);
#752=ORIENTED_EDGE('',*,*,#1285,.F.);
#753=ORIENTED_EDGE('',*,*,#1283,.T.);
#754=ORIENTED_EDGE('',*,*,#1287,.F.);
#755=ORIENTED_EDGE('',*,*,#1279,.T.);
#756=ORIENTED_EDGE('',*,*,#1246,.T.);
#757=ORIENTED_EDGE('',*,*,#1303,.F.);
#758=ORIENTED_EDGE('',*,*,#1313,.F.);
#759=ORIENTED_EDGE('',*,*,#1311,.T.);
#760=ORIENTED_EDGE('',*,*,#1315,.F.);
#761=ORIENTED_EDGE('',*,*,#1307,.T.);
#762=ORIENTED_EDGE('',*,*,#1242,.T.);
#763=ORIENTED_EDGE('',*,*,#1317,.F.);
#764=ORIENTED_EDGE('',*,*,#1327,.F.);
#765=ORIENTED_EDGE('',*,*,#1325,.T.);
#766=ORIENTED_EDGE('',*,*,#1329,.F.);
#767=ORIENTED_EDGE('',*,*,#1321,.T.);
#768=ORIENTED_EDGE('',*,*,#1234,.T.);
#769=ORIENTED_EDGE('',*,*,#1345,.F.);
#770=ORIENTED_EDGE('',*,*,#1355,.F.);
#771=ORIENTED_EDGE('',*,*,#1353,.T.);
#772=ORIENTED_EDGE('',*,*,#1357,.F.);
#773=ORIENTED_EDGE('',*,*,#1349,.T.);
#774=ORIENTED_EDGE('',*,*,#1237,.T.);
#775=ORIENTED_EDGE('',*,*,#1331,.F.);
#776=ORIENTED_EDGE('',*,*,#1341,.F.);
#777=ORIENTED_EDGE('',*,*,#1339,.T.);
#778=ORIENTED_EDGE('',*,*,#1343,.F.);
#779=ORIENTED_EDGE('',*,*,#1335,.T.);
#780=ORIENTED_EDGE('',*,*,#1257,.T.);
#781=ORIENTED_EDGE('',*,*,#1261,.F.);
#782=ORIENTED_EDGE('',*,*,#1271,.F.);
#783=ORIENTED_EDGE('',*,*,#1269,.T.);
#784=ORIENTED_EDGE('',*,*,#1273,.F.);
#785=ORIENTED_EDGE('',*,*,#1265,.T.);
#786=ORIENTED_EDGE('',*,*,#1210,.T.);
#787=ORIENTED_EDGE('',*,*,#1429,.F.);
#788=ORIENTED_EDGE('',*,*,#1439,.F.);
#789=ORIENTED_EDGE('',*,*,#1437,.T.);
#790=ORIENTED_EDGE('',*,*,#1441,.F.);
#791=ORIENTED_EDGE('',*,*,#1433,.T.);
#792=ORIENTED_EDGE('',*,*,#1213,.T.);
#793=ORIENTED_EDGE('',*,*,#1415,.F.);
#794=ORIENTED_EDGE('',*,*,#1425,.F.);
#795=ORIENTED_EDGE('',*,*,#1423,.T.);
#796=ORIENTED_EDGE('',*,*,#1427,.F.);
#797=ORIENTED_EDGE('',*,*,#1419,.T.);
#798=ORIENTED_EDGE('',*,*,#1206,.T.);
#799=ORIENTED_EDGE('',*,*,#1443,.F.);
#800=ORIENTED_EDGE('',*,*,#1453,.F.);
#801=ORIENTED_EDGE('',*,*,#1451,.T.);
#802=ORIENTED_EDGE('',*,*,#1455,.F.);
#803=ORIENTED_EDGE('',*,*,#1447,.T.);
#804=ORIENTED_EDGE('',*,*,#1202,.T.);
#805=ORIENTED_EDGE('',*,*,#1457,.F.);
#806=ORIENTED_EDGE('',*,*,#1467,.F.);
#807=ORIENTED_EDGE('',*,*,#1465,.T.);
#808=ORIENTED_EDGE('',*,*,#1469,.F.);
#809=ORIENTED_EDGE('',*,*,#1461,.T.);
#810=ORIENTED_EDGE('',*,*,#1221,.T.);
#811=ORIENTED_EDGE('',*,*,#1387,.F.);
#812=ORIENTED_EDGE('',*,*,#1397,.F.);
#813=ORIENTED_EDGE('',*,*,#1395,.T.);
#814=ORIENTED_EDGE('',*,*,#1472,.F.);
#815=ORIENTED_EDGE('',*,*,#1471,.T.);
#816=ORIENTED_EDGE('',*,*,#1473,.F.);
#817=ORIENTED_EDGE('',*,*,#1472,.T.);
#818=ORIENTED_EDGE('',*,*,#1474,.F.);
#819=ORIENTED_EDGE('',*,*,#1475,.T.);
#820=ORIENTED_EDGE('',*,*,#1476,.T.);
#821=ORIENTED_EDGE('',*,*,#1477,.T.);
#822=ORIENTED_EDGE('',*,*,#1478,.F.);
#823=ORIENTED_EDGE('',*,*,#1479,.T.);
#824=ORIENTED_EDGE('',*,*,#1480,.T.);
#825=ORIENTED_EDGE('',*,*,#1481,.T.);
#826=ORIENTED_EDGE('',*,*,#1482,.T.);
#827=ORIENTED_EDGE('',*,*,#1468,.F.);
#828=ORIENTED_EDGE('',*,*,#1458,.T.);
#829=ORIENTED_EDGE('',*,*,#1204,.F.);
#830=ORIENTED_EDGE('',*,*,#1446,.F.);
#831=ORIENTED_EDGE('',*,*,#1456,.F.);
#832=ORIENTED_EDGE('',*,*,#1449,.F.);
#833=ORIENTED_EDGE('',*,*,#1454,.F.);
#834=ORIENTED_EDGE('',*,*,#1444,.T.);
#835=ORIENTED_EDGE('',*,*,#1208,.F.);
#836=ORIENTED_EDGE('',*,*,#1418,.F.);
#837=ORIENTED_EDGE('',*,*,#1428,.F.);
#838=ORIENTED_EDGE('',*,*,#1421,.F.);
#839=ORIENTED_EDGE('',*,*,#1426,.F.);
#840=ORIENTED_EDGE('',*,*,#1416,.T.);
#841=ORIENTED_EDGE('',*,*,#1215,.F.);
#842=ORIENTED_EDGE('',*,*,#1432,.F.);
#843=ORIENTED_EDGE('',*,*,#1442,.F.);
#844=ORIENTED_EDGE('',*,*,#1435,.F.);
#845=ORIENTED_EDGE('',*,*,#1440,.F.);
#846=ORIENTED_EDGE('',*,*,#1430,.T.);
#847=ORIENTED_EDGE('',*,*,#1212,.F.);
#848=ORIENTED_EDGE('',*,*,#1264,.F.);
#849=ORIENTED_EDGE('',*,*,#1274,.F.);
#850=ORIENTED_EDGE('',*,*,#1267,.F.);
#851=ORIENTED_EDGE('',*,*,#1272,.F.);
#852=ORIENTED_EDGE('',*,*,#1262,.T.);
#853=ORIENTED_EDGE('',*,*,#1259,.F.);
#854=ORIENTED_EDGE('',*,*,#1334,.F.);
#855=ORIENTED_EDGE('',*,*,#1344,.F.);
#856=ORIENTED_EDGE('',*,*,#1337,.F.);
#857=ORIENTED_EDGE('',*,*,#1342,.F.);
#858=ORIENTED_EDGE('',*,*,#1332,.T.);
#859=ORIENTED_EDGE('',*,*,#1239,.F.);
#860=ORIENTED_EDGE('',*,*,#1348,.F.);
#861=ORIENTED_EDGE('',*,*,#1358,.F.);
#862=ORIENTED_EDGE('',*,*,#1351,.F.);
#863=ORIENTED_EDGE('',*,*,#1356,.F.);
#864=ORIENTED_EDGE('',*,*,#1346,.T.);
#865=ORIENTED_EDGE('',*,*,#1236,.F.);
#866=ORIENTED_EDGE('',*,*,#1320,.F.);
#867=ORIENTED_EDGE('',*,*,#1330,.F.);
#868=ORIENTED_EDGE('',*,*,#1323,.F.);
#869=ORIENTED_EDGE('',*,*,#1328,.F.);
#870=ORIENTED_EDGE('',*,*,#1318,.T.);
#871=ORIENTED_EDGE('',*,*,#1244,.F.);
#872=ORIENTED_EDGE('',*,*,#1306,.F.);
#873=ORIENTED_EDGE('',*,*,#1316,.F.);
#874=ORIENTED_EDGE('',*,*,#1309,.F.);
#875=ORIENTED_EDGE('',*,*,#1314,.F.);
#876=ORIENTED_EDGE('',*,*,#1304,.T.);
#877=ORIENTED_EDGE('',*,*,#1248,.F.);
#878=ORIENTED_EDGE('',*,*,#1278,.F.);
#879=ORIENTED_EDGE('',*,*,#1288,.F.);
#880=ORIENTED_EDGE('',*,*,#1281,.F.);
#881=ORIENTED_EDGE('',*,*,#1286,.F.);
#882=ORIENTED_EDGE('',*,*,#1276,.T.);
#883=ORIENTED_EDGE('',*,*,#1255,.F.);
#884=ORIENTED_EDGE('',*,*,#1292,.F.);
#885=ORIENTED_EDGE('',*,*,#1302,.F.);
#886=ORIENTED_EDGE('',*,*,#1295,.F.);
#887=ORIENTED_EDGE('',*,*,#1300,.F.);
#888=ORIENTED_EDGE('',*,*,#1290,.T.);
#889=ORIENTED_EDGE('',*,*,#1251,.F.);
#890=ORIENTED_EDGE('',*,*,#1362,.F.);
#891=ORIENTED_EDGE('',*,*,#1372,.F.);
#892=ORIENTED_EDGE('',*,*,#1365,.F.);
#893=ORIENTED_EDGE('',*,*,#1370,.F.);
#894=ORIENTED_EDGE('',*,*,#1360,.T.);
#895=ORIENTED_EDGE('',*,*,#1231,.F.);
#896=ORIENTED_EDGE('',*,*,#1376,.F.);
#897=ORIENTED_EDGE('',*,*,#1386,.F.);
#898=ORIENTED_EDGE('',*,*,#1379,.F.);
#899=ORIENTED_EDGE('',*,*,#1384,.F.);
#900=ORIENTED_EDGE('',*,*,#1374,.T.);
#901=ORIENTED_EDGE('',*,*,#1227,.F.);
#902=ORIENTED_EDGE('',*,*,#1404,.F.);
#903=ORIENTED_EDGE('',*,*,#1414,.F.);
#904=ORIENTED_EDGE('',*,*,#1407,.F.);
#905=ORIENTED_EDGE('',*,*,#1412,.F.);
#906=ORIENTED_EDGE('',*,*,#1402,.T.);
#907=ORIENTED_EDGE('',*,*,#1220,.F.);
#908=ORIENTED_EDGE('',*,*,#1390,.F.);
#909=ORIENTED_EDGE('',*,*,#1400,.F.);
#910=ORIENTED_EDGE('',*,*,#1393,.F.);
#911=ORIENTED_EDGE('',*,*,#1398,.F.);
#912=ORIENTED_EDGE('',*,*,#1388,.T.);
#913=ORIENTED_EDGE('',*,*,#1223,.F.);
#914=ORIENTED_EDGE('',*,*,#1460,.F.);
#915=ORIENTED_EDGE('',*,*,#1470,.F.);
#916=ORIENTED_EDGE('',*,*,#1463,.F.);
#917=ORIENTED_EDGE('',*,*,#1482,.F.);
#918=ORIENTED_EDGE('',*,*,#1483,.T.);
#919=ORIENTED_EDGE('',*,*,#1484,.T.);
#920=ORIENTED_EDGE('',*,*,#1485,.T.);
#921=ORIENTED_EDGE('',*,*,#1478,.T.);
#922=ORIENTED_EDGE('',*,*,#1486,.T.);
#923=ORIENTED_EDGE('',*,*,#1487,.T.);
#924=ORIENTED_EDGE('',*,*,#1488,.T.);
#925=ORIENTED_EDGE('',*,*,#1474,.T.);
#926=ORIENTED_EDGE('',*,*,#1489,.T.);
#927=ORIENTED_EDGE('',*,*,#1490,.T.);
#928=ORIENTED_EDGE('',*,*,#1491,.T.);
#929=ORIENTED_EDGE('',*,*,#1492,.T.);
#930=ORIENTED_EDGE('',*,*,#1493,.T.);
#931=ORIENTED_EDGE('',*,*,#1494,.T.);
#932=ORIENTED_EDGE('',*,*,#1495,.T.);
#933=ORIENTED_EDGE('',*,*,#1496,.T.);
#934=ORIENTED_EDGE('',*,*,#1497,.T.);
#935=ORIENTED_EDGE('',*,*,#1498,.T.);
#936=ORIENTED_EDGE('',*,*,#1499,.T.);
#937=ORIENTED_EDGE('',*,*,#1500,.T.);
#938=ORIENTED_EDGE('',*,*,#1501,.T.);
#939=ORIENTED_EDGE('',*,*,#1502,.T.);
#940=ORIENTED_EDGE('',*,*,#1503,.T.);
#941=ORIENTED_EDGE('',*,*,#1504,.T.);
#942=ORIENTED_EDGE('',*,*,#1505,.T.);
#943=ORIENTED_EDGE('',*,*,#1506,.T.);
#944=ORIENTED_EDGE('',*,*,#1507,.T.);
#945=ORIENTED_EDGE('',*,*,#1508,.F.);
#946=ORIENTED_EDGE('',*,*,#1166,.F.);
#947=ORIENTED_EDGE('',*,*,#1509,.T.);
#948=ORIENTED_EDGE('',*,*,#1185,.F.);
#949=ORIENTED_EDGE('',*,*,#1510,.T.);
#950=ORIENTED_EDGE('',*,*,#1183,.T.);
#951=ORIENTED_EDGE('',*,*,#1511,.T.);
#952=ORIENTED_EDGE('',*,*,#1195,.F.);
#953=ORIENTED_EDGE('',*,*,#1512,.T.);
#954=ORIENTED_EDGE('',*,*,#1170,.T.);
#955=ORIENTED_EDGE('',*,*,#1513,.T.);
#956=ORIENTED_EDGE('',*,*,#1197,.F.);
#957=ORIENTED_EDGE('',*,*,#1514,.T.);
#958=ORIENTED_EDGE('',*,*,#1199,.T.);
#959=ORIENTED_EDGE('',*,*,#1515,.T.);
#960=ORIENTED_EDGE('',*,*,#1187,.F.);
#961=ORIENTED_EDGE('',*,*,#1516,.T.);
#962=ORIENTED_EDGE('',*,*,#1517,.F.);
#963=ORIENTED_EDGE('',*,*,#1518,.T.);
#964=ORIENTED_EDGE('',*,*,#1519,.T.);
#965=ORIENTED_EDGE('',*,*,#1508,.T.);
#966=ORIENTED_EDGE('',*,*,#1520,.T.);
#967=ORIENTED_EDGE('',*,*,#1521,.T.);
#968=ORIENTED_EDGE('',*,*,#1522,.T.);
#969=ORIENTED_EDGE('',*,*,#1176,.T.);
#970=ORIENTED_EDGE('',*,*,#1523,.T.);
#971=ORIENTED_EDGE('',*,*,#1524,.F.);
#972=ORIENTED_EDGE('',*,*,#1517,.T.);
#973=ORIENTED_EDGE('',*,*,#1525,.T.);
#974=ORIENTED_EDGE('',*,*,#1172,.T.);
#975=ORIENTED_EDGE('',*,*,#1525,.F.);
#976=ORIENTED_EDGE('',*,*,#1473,.T.);
#977=ORIENTED_EDGE('',*,*,#1526,.T.);
#978=ORIENTED_EDGE('',*,*,#1168,.T.);
#979=ORIENTED_EDGE('',*,*,#1526,.F.);
#980=ORIENTED_EDGE('',*,*,#1524,.T.);
#981=ORIENTED_EDGE('',*,*,#1179,.F.);
#982=ORIENTED_EDGE('',*,*,#1527,.T.);
#983=ORIENTED_EDGE('',*,*,#1528,.T.);
#984=ORIENTED_EDGE('',*,*,#1521,.F.);
#985=ORIENTED_EDGE('',*,*,#1529,.T.);
#986=ORIENTED_EDGE('',*,*,#1530,.T.);
#987=ORIENTED_EDGE('',*,*,#1531,.T.);
#988=ORIENTED_EDGE('',*,*,#1532,.T.);
#989=ORIENTED_EDGE('',*,*,#1177,.F.);
#990=ORIENTED_EDGE('',*,*,#1533,.T.);
#991=ORIENTED_EDGE('',*,*,#1534,.T.);
#992=ORIENTED_EDGE('',*,*,#1480,.F.);
#993=ORIENTED_EDGE('',*,*,#1535,.T.);
#994=ORIENTED_EDGE('',*,*,#1536,.T.);
#995=ORIENTED_EDGE('',*,*,#1190,.F.);
#996=ORIENTED_EDGE('',*,*,#1537,.T.);
#997=ORIENTED_EDGE('',*,*,#1538,.T.);
#998=ORIENTED_EDGE('',*,*,#1518,.F.);
#999=ORIENTED_EDGE('',*,*,#1192,.F.);
#1000=ORIENTED_EDGE('',*,*,#1539,.T.);
#1001=ORIENTED_EDGE('',*,*,#1540,.T.);
#1002=ORIENTED_EDGE('',*,*,#1476,.F.);
#1003=ORIENTED_EDGE('',*,*,#1541,.T.);
#1004=ORIENTED_EDGE('',*,*,#1542,.T.);
#1005=ORIENTED_EDGE('',*,*,#1534,.F.);
#1006=ORIENTED_EDGE('',*,*,#1543,.T.);
#1007=ORIENTED_EDGE('',*,*,#1544,.T.);
#1008=ORIENTED_EDGE('',*,*,#1486,.F.);
#1009=ORIENTED_EDGE('',*,*,#1481,.F.);
#1010=ORIENTED_EDGE('',*,*,#1485,.F.);
#1011=ORIENTED_EDGE('',*,*,#1545,.T.);
#1012=ORIENTED_EDGE('',*,*,#1546,.T.);
#1013=ORIENTED_EDGE('',*,*,#1531,.F.);
#1014=ORIENTED_EDGE('',*,*,#1479,.F.);
#1015=ORIENTED_EDGE('',*,*,#1547,.T.);
#1016=ORIENTED_EDGE('',*,*,#1548,.T.);
#1017=ORIENTED_EDGE('',*,*,#1529,.F.);
#1018=ORIENTED_EDGE('',*,*,#1520,.F.);
#1019=ORIENTED_EDGE('',*,*,#1507,.F.);
#1020=ORIENTED_EDGE('',*,*,#1549,.T.);
#1021=ORIENTED_EDGE('',*,*,#1550,.T.);
#1022=ORIENTED_EDGE('',*,*,#1173,.F.);
#1023=ORIENTED_EDGE('',*,*,#1522,.F.);
#1024=ORIENTED_EDGE('',*,*,#1528,.F.);
#1025=ORIENTED_EDGE('',*,*,#1488,.F.);
#1026=ORIENTED_EDGE('',*,*,#1551,.T.);
#1027=ORIENTED_EDGE('',*,*,#1552,.T.);
#1028=ORIENTED_EDGE('',*,*,#1541,.F.);
#1029=ORIENTED_EDGE('',*,*,#1475,.F.);
#1030=ORIENTED_EDGE('',*,*,#1553,.T.);
#1031=ORIENTED_EDGE('',*,*,#1554,.T.);
#1032=ORIENTED_EDGE('',*,*,#1483,.F.);
#1033=ORIENTED_EDGE('',*,*,#1477,.F.);
#1034=ORIENTED_EDGE('',*,*,#1540,.F.);
#1035=ORIENTED_EDGE('',*,*,#1538,.F.);
#1036=ORIENTED_EDGE('',*,*,#1555,.T.);
#1037=ORIENTED_EDGE('',*,*,#1556,.T.);
#1038=ORIENTED_EDGE('',*,*,#1505,.F.);
#1039=ORIENTED_EDGE('',*,*,#1519,.F.);
#1040=ORIENTED_EDGE('',*,*,#1175,.F.);
#1041=ORIENTED_EDGE('',*,*,#1557,.T.);
#1042=ORIENTED_EDGE('',*,*,#1558,.T.);
#1043=ORIENTED_EDGE('',*,*,#1535,.F.);
#1044=ORIENTED_EDGE('',*,*,#1523,.F.);
#1045=ORIENTED_EDGE('',*,*,#1559,.T.);
#1046=ORIENTED_EDGE('',*,*,#1560,.T.);
#1047=ORIENTED_EDGE('',*,*,#1561,.T.);
#1048=ORIENTED_EDGE('',*,*,#1181,.F.);
#1049=ORIENTED_EDGE('',*,*,#1542,.F.);
#1050=ORIENTED_EDGE('',*,*,#1552,.F.);
#1051=ORIENTED_EDGE('',*,*,#1562,.F.);
#1052=ORIENTED_EDGE('',*,*,#1502,.F.);
#1053=ORIENTED_EDGE('',*,*,#1563,.F.);
#1054=ORIENTED_EDGE('',*,*,#1487,.F.);
#1055=ORIENTED_EDGE('',*,*,#1544,.F.);
#1056=ORIENTED_EDGE('',*,*,#1564,.F.);
#1057=ORIENTED_EDGE('',*,*,#1503,.F.);
#1058=ORIENTED_EDGE('',*,*,#1562,.T.);
#1059=ORIENTED_EDGE('',*,*,#1551,.F.);
#1060=ORIENTED_EDGE('',*,*,#1563,.T.);
#1061=ORIENTED_EDGE('',*,*,#1501,.F.);
#1062=ORIENTED_EDGE('',*,*,#1565,.F.);
#1063=ORIENTED_EDGE('',*,*,#1193,.F.);
#1064=ORIENTED_EDGE('',*,*,#1182,.F.);
#1065=ORIENTED_EDGE('',*,*,#1561,.F.);
#1066=ORIENTED_EDGE('',*,*,#1566,.F.);
#1067=ORIENTED_EDGE('',*,*,#1504,.F.);
#1068=ORIENTED_EDGE('',*,*,#1564,.T.);
#1069=ORIENTED_EDGE('',*,*,#1543,.F.);
#1070=ORIENTED_EDGE('',*,*,#1533,.F.);
#1071=ORIENTED_EDGE('',*,*,#1565,.T.);
#1072=ORIENTED_EDGE('',*,*,#1500,.F.);
#1073=ORIENTED_EDGE('',*,*,#1567,.F.);
#1074=ORIENTED_EDGE('',*,*,#1555,.F.);
#1075=ORIENTED_EDGE('',*,*,#1537,.F.);
#1076=ORIENTED_EDGE('',*,*,#1560,.F.);
#1077=ORIENTED_EDGE('',*,*,#1568,.F.);
#1078=ORIENTED_EDGE('',*,*,#1497,.F.);
#1079=ORIENTED_EDGE('',*,*,#1566,.T.);
#1080=ORIENTED_EDGE('',*,*,#1567,.T.);
#1081=ORIENTED_EDGE('',*,*,#1499,.F.);
#1082=ORIENTED_EDGE('',*,*,#1569,.F.);
#1083=ORIENTED_EDGE('',*,*,#1547,.F.);
#1084=ORIENTED_EDGE('',*,*,#1506,.F.);
#1085=ORIENTED_EDGE('',*,*,#1556,.F.);
#1086=ORIENTED_EDGE('',*,*,#1180,.F.);
#1087=ORIENTED_EDGE('',*,*,#1530,.F.);
#1088=ORIENTED_EDGE('',*,*,#1548,.F.);
#1089=ORIENTED_EDGE('',*,*,#1569,.T.);
#1090=ORIENTED_EDGE('',*,*,#1498,.F.);
#1091=ORIENTED_EDGE('',*,*,#1568,.T.);
#1092=ORIENTED_EDGE('',*,*,#1559,.F.);
#1093=ORIENTED_EDGE('',*,*,#1191,.F.);
#1094=ORIENTED_EDGE('',*,*,#1570,.T.);
#1095=ORIENTED_EDGE('',*,*,#1496,.F.);
#1096=ORIENTED_EDGE('',*,*,#1571,.T.);
#1097=ORIENTED_EDGE('',*,*,#1492,.F.);
#1098=ORIENTED_EDGE('',*,*,#1572,.T.);
#1099=ORIENTED_EDGE('',*,*,#1178,.F.);
#1100=ORIENTED_EDGE('',*,*,#1573,.T.);
#1101=ORIENTED_EDGE('',*,*,#1169,.F.);
#1102=ORIENTED_EDGE('',*,*,#1162,.F.);
#1103=ORIENTED_EDGE('',*,*,#1188,.F.);
#1104=ORIENTED_EDGE('',*,*,#1515,.F.);
#1105=ORIENTED_EDGE('',*,*,#1198,.F.);
#1106=ORIENTED_EDGE('',*,*,#1513,.F.);
#1107=ORIENTED_EDGE('',*,*,#1196,.F.);
#1108=ORIENTED_EDGE('',*,*,#1511,.F.);
#1109=ORIENTED_EDGE('',*,*,#1189,.F.);
#1110=ORIENTED_EDGE('',*,*,#1164,.F.);
#1111=ORIENTED_EDGE('',*,*,#1171,.F.);
#1112=ORIENTED_EDGE('',*,*,#1514,.F.);
#1113=ORIENTED_EDGE('',*,*,#1200,.F.);
#1114=ORIENTED_EDGE('',*,*,#1516,.F.);
#1115=ORIENTED_EDGE('',*,*,#1186,.F.);
#1116=ORIENTED_EDGE('',*,*,#1509,.F.);
#1117=ORIENTED_EDGE('',*,*,#1165,.F.);
#1118=ORIENTED_EDGE('',*,*,#1158,.F.);
#1119=ORIENTED_EDGE('',*,*,#1167,.F.);
#1120=ORIENTED_EDGE('',*,*,#1510,.F.);
#1121=ORIENTED_EDGE('',*,*,#1184,.F.);
#1122=ORIENTED_EDGE('',*,*,#1512,.F.);
#1123=ORIENTED_EDGE('',*,*,#1194,.F.);
#1124=ORIENTED_EDGE('',*,*,#1160,.F.);
#1125=ORIENTED_EDGE('',*,*,#1558,.F.);
#1126=ORIENTED_EDGE('',*,*,#1574,.T.);
#1127=ORIENTED_EDGE('',*,*,#1489,.F.);
#1128=ORIENTED_EDGE('',*,*,#1570,.F.);
#1129=ORIENTED_EDGE('',*,*,#1536,.F.);
#1130=ORIENTED_EDGE('',*,*,#1495,.F.);
#1131=ORIENTED_EDGE('',*,*,#1575,.T.);
#1132=ORIENTED_EDGE('',*,*,#1553,.F.);
#1133=ORIENTED_EDGE('',*,*,#1539,.F.);
#1134=ORIENTED_EDGE('',*,*,#1571,.F.);
#1135=ORIENTED_EDGE('',*,*,#1491,.F.);
#1136=ORIENTED_EDGE('',*,*,#1576,.T.);
#1137=ORIENTED_EDGE('',*,*,#1549,.F.);
#1138=ORIENTED_EDGE('',*,*,#1527,.F.);
#1139=ORIENTED_EDGE('',*,*,#1572,.F.);
#1140=ORIENTED_EDGE('',*,*,#1546,.F.);
#1141=ORIENTED_EDGE('',*,*,#1577,.T.);
#1142=ORIENTED_EDGE('',*,*,#1493,.F.);
#1143=ORIENTED_EDGE('',*,*,#1573,.F.);
#1144=ORIENTED_EDGE('',*,*,#1532,.F.);
#1145=ORIENTED_EDGE('',*,*,#1576,.F.);
#1146=ORIENTED_EDGE('',*,*,#1490,.F.);
#1147=ORIENTED_EDGE('',*,*,#1574,.F.);
#1148=ORIENTED_EDGE('',*,*,#1557,.F.);
#1149=ORIENTED_EDGE('',*,*,#1174,.F.);
#1150=ORIENTED_EDGE('',*,*,#1550,.F.);
#1151=ORIENTED_EDGE('',*,*,#1545,.F.);
#1152=ORIENTED_EDGE('',*,*,#1484,.F.);
#1153=ORIENTED_EDGE('',*,*,#1554,.F.);
#1154=ORIENTED_EDGE('',*,*,#1575,.F.);
#1155=ORIENTED_EDGE('',*,*,#1494,.F.);
#1156=ORIENTED_EDGE('',*,*,#1577,.F.);
#1157=EDGE_CURVE('',#1578,#1579,#1860,.T.);
#1158=EDGE_CURVE('',#1579,#1580,#1861,.T.);
#1159=EDGE_CURVE('',#1581,#1580,#177,.T.);
#1160=EDGE_CURVE('',#1581,#1578,#1862,.T.);
#1161=EDGE_CURVE('',#1582,#1583,#1863,.T.);
#1162=EDGE_CURVE('',#1583,#1584,#1864,.T.);
#1163=EDGE_CURVE('',#1584,#1585,#178,.T.);
#1164=EDGE_CURVE('',#1585,#1582,#1865,.T.);
#1165=EDGE_CURVE('',#1580,#1586,#102,.T.);
#1166=EDGE_CURVE('',#1586,#1587,#179,.T.);
#1167=EDGE_CURVE('',#1587,#1581,#103,.F.);
#1168=EDGE_CURVE('',#1588,#1588,#180,.F.);
#1169=EDGE_CURVE('',#1584,#1589,#104,.F.);
#1170=EDGE_CURVE('',#1590,#1589,#181,.T.);
#1171=EDGE_CURVE('',#1590,#1585,#105,.T.);
#1172=EDGE_CURVE('',#1591,#1591,#182,.F.);
#1173=EDGE_CURVE('',#1592,#1593,#1866,.T.);
#1174=EDGE_CURVE('',#1593,#1594,#1867,.T.);
#1175=EDGE_CURVE('',#1594,#1595,#1868,.F.);
#1176=EDGE_CURVE('',#1592,#1595,#183,.T.);
#1177=EDGE_CURVE('',#1596,#1597,#1869,.T.);
#1178=EDGE_CURVE('',#1597,#1598,#1870,.T.);
#1179=EDGE_CURVE('',#1598,#1599,#1871,.T.);
#1180=EDGE_CURVE('',#1599,#1600,#1872,.T.);
#1181=EDGE_CURVE('',#1600,#1601,#1873,.T.);
#1182=EDGE_CURVE('',#1601,#1596,#1874,.F.);
#1183=EDGE_CURVE('',#1602,#1603,#1875,.T.);
#1184=EDGE_CURVE('',#1602,#1604,#1876,.T.);
#1185=EDGE_CURVE('',#1604,#1605,#1877,.T.);
#1186=EDGE_CURVE('',#1605,#1606,#1878,.F.);
#1187=EDGE_CURVE('',#1606,#1607,#1879,.T.);
#1188=EDGE_CURVE('',#1607,#1583,#1880,.T.);
#1189=EDGE_CURVE('',#1582,#1603,#1881,.F.);
#1190=EDGE_CURVE('',#1608,#1609,#1882,.T.);
#1191=EDGE_CURVE('',#1609,#1610,#1883,.T.);
#1192=EDGE_CURVE('',#1610,#1611,#1884,.T.);
#1193=EDGE_CURVE('',#1611,#1608,#1885,.T.);
#1194=EDGE_CURVE('',#1578,#1612,#1886,.T.);
#1195=EDGE_CURVE('',#1612,#1613,#1887,.T.);
#1196=EDGE_CURVE('',#1613,#1614,#1888,.F.);
#1197=EDGE_CURVE('',#1614,#1615,#1889,.T.);
#1198=EDGE_CURVE('',#1615,#1616,#1890,.T.);
#1199=EDGE_CURVE('',#1617,#1616,#1891,.T.);
#1200=EDGE_CURVE('',#1617,#1579,#1892,.F.);
#1201=EDGE_CURVE('',#1618,#1619,#1893,.T.);
#1202=EDGE_CURVE('',#1620,#1618,#184,.T.);
#1203=EDGE_CURVE('',#1620,#1621,#1894,.T.);
#1204=EDGE_CURVE('',#1621,#1619,#185,.T.);
#1205=EDGE_CURVE('',#1622,#1623,#1895,.T.);
#1206=EDGE_CURVE('',#1624,#1622,#186,.T.);
#1207=EDGE_CURVE('',#1624,#1625,#1896,.T.);
#1208=EDGE_CURVE('',#1625,#1623,#187,.T.);
#1209=EDGE_CURVE('',#1626,#1627,#1897,.T.);
#1210=EDGE_CURVE('',#1628,#1626,#188,.T.);
#1211=EDGE_CURVE('',#1628,#1629,#1898,.T.);
#1212=EDGE_CURVE('',#1629,#1627,#189,.T.);
#1213=EDGE_CURVE('',#1630,#1631,#190,.T.);
#1214=EDGE_CURVE('',#1630,#1632,#1899,.T.);
#1215=EDGE_CURVE('',#1632,#1633,#191,.T.);
#1216=EDGE_CURVE('',#1631,#1633,#1900,.T.);
#1217=EDGE_CURVE('',#1634,#1635,#1901,.T.);
#1218=EDGE_CURVE('',#1636,#1634,#192,.T.);
#1219=EDGE_CURVE('',#1636,#1637,#1902,.T.);
#1220=EDGE_CURVE('',#1637,#1635,#193,.T.);
#1221=EDGE_CURVE('',#1638,#1639,#194,.T.);
#1222=EDGE_CURVE('',#1638,#1640,#1903,.T.);
#1223=EDGE_CURVE('',#1640,#1641,#195,.T.);
#1224=EDGE_CURVE('',#1639,#1641,#1904,.T.);
#1225=EDGE_CURVE('',#1642,#1643,#196,.T.);
#1226=EDGE_CURVE('',#1642,#1644,#1905,.T.);
#1227=EDGE_CURVE('',#1644,#1645,#197,.T.);
#1228=EDGE_CURVE('',#1643,#1645,#1906,.T.);
#1229=EDGE_CURVE('',#1646,#1647,#198,.T.);
#1230=EDGE_CURVE('',#1646,#1648,#1907,.T.);
#1231=EDGE_CURVE('',#1648,#1649,#199,.T.);
#1232=EDGE_CURVE('',#1647,#1649,#1908,.T.);
#1233=EDGE_CURVE('',#1650,#1651,#1909,.T.);
#1234=EDGE_CURVE('',#1652,#1650,#200,.T.);
#1235=EDGE_CURVE('',#1652,#1653,#1910,.T.);
#1236=EDGE_CURVE('',#1653,#1651,#201,.T.);
#1237=EDGE_CURVE('',#1654,#1655,#202,.T.);
#1238=EDGE_CURVE('',#1654,#1656,#1911,.T.);
#1239=EDGE_CURVE('',#1656,#1657,#203,.T.);
#1240=EDGE_CURVE('',#1655,#1657,#1912,.T.);
#1241=EDGE_CURVE('',#1658,#1659,#1913,.T.);
#1242=EDGE_CURVE('',#1660,#1658,#204,.T.);
#1243=EDGE_CURVE('',#1660,#1661,#1914,.T.);
#1244=EDGE_CURVE('',#1661,#1659,#205,.T.);
#1245=EDGE_CURVE('',#1662,#1663,#1915,.T.);
#1246=EDGE_CURVE('',#1664,#1662,#206,.T.);
#1247=EDGE_CURVE('',#1664,#1665,#1916,.T.);
#1248=EDGE_CURVE('',#1665,#1663,#207,.T.);
#1249=EDGE_CURVE('',#1666,#1667,#208,.T.);
#1250=EDGE_CURVE('',#1666,#1668,#1917,.T.);
#1251=EDGE_CURVE('',#1668,#1669,#209,.T.);
#1252=EDGE_CURVE('',#1667,#1669,#1918,.T.);
#1253=EDGE_CURVE('',#1670,#1671,#210,.T.);
#1254=EDGE_CURVE('',#1670,#1672,#1919,.T.);
#1255=EDGE_CURVE('',#1672,#1673,#211,.T.);
#1256=EDGE_CURVE('',#1671,#1673,#1920,.T.);
#1257=EDGE_CURVE('',#1674,#1675,#212,.T.);
#1258=EDGE_CURVE('',#1674,#1676,#1921,.T.);
#1259=EDGE_CURVE('',#1676,#1677,#213,.T.);
#1260=EDGE_CURVE('',#1675,#1677,#1922,.T.);
#1261=EDGE_CURVE('',#1678,#1675,#12,.T.);
#1262=EDGE_CURVE('',#1679,#1677,#13,.T.);
#1263=EDGE_CURVE('',#1678,#1679,#1923,.T.);
#1264=EDGE_CURVE('',#1680,#1629,#14,.T.);
#1265=EDGE_CURVE('',#1681,#1628,#15,.T.);
#1266=EDGE_CURVE('',#1680,#1681,#1924,.F.);
#1267=EDGE_CURVE('',#1682,#1683,#214,.T.);
#1268=EDGE_CURVE('',#1684,#1683,#1925,.T.);
#1269=EDGE_CURVE('',#1685,#1684,#215,.T.);
#1270=EDGE_CURVE('',#1682,#1685,#1926,.F.);
#1271=EDGE_CURVE('',#1685,#1678,#216,.T.);
#1272=EDGE_CURVE('',#1679,#1682,#217,.F.);
#1273=EDGE_CURVE('',#1681,#1684,#218,.T.);
#1274=EDGE_CURVE('',#1683,#1680,#219,.F.);
#1275=EDGE_CURVE('',#1686,#1671,#16,.T.);
#1276=EDGE_CURVE('',#1687,#1673,#17,.T.);
#1277=EDGE_CURVE('',#1686,#1687,#1927,.T.);
#1278=EDGE_CURVE('',#1688,#1665,#18,.T.);
#1279=EDGE_CURVE('',#1689,#1664,#19,.T.);
#1280=EDGE_CURVE('',#1688,#1689,#1928,.F.);
#1281=EDGE_CURVE('',#1690,#1691,#220,.T.);
#1282=EDGE_CURVE('',#1692,#1691,#1929,.T.);
#1283=EDGE_CURVE('',#1693,#1692,#221,.T.);
#1284=EDGE_CURVE('',#1690,#1693,#1930,.F.);
#1285=EDGE_CURVE('',#1693,#1686,#222,.T.);
#1286=EDGE_CURVE('',#1687,#1690,#223,.F.);
#1287=EDGE_CURVE('',#1689,#1692,#224,.T.);
#1288=EDGE_CURVE('',#1691,#1688,#225,.F.);
#1289=EDGE_CURVE('',#1694,#1667,#20,.T.);
#1290=EDGE_CURVE('',#1695,#1669,#21,.T.);
#1291=EDGE_CURVE('',#1694,#1695,#1931,.T.);
#1292=EDGE_CURVE('',#1696,#1672,#22,.T.);
#1293=EDGE_CURVE('',#1697,#1670,#23,.T.);
#1294=EDGE_CURVE('',#1696,#1697,#1932,.F.);
#1295=EDGE_CURVE('',#1698,#1699,#226,.T.);
#1296=EDGE_CURVE('',#1700,#1699,#1933,.T.);
#1297=EDGE_CURVE('',#1701,#1700,#227,.T.);
#1298=EDGE_CURVE('',#1698,#1701,#1934,.F.);
#1299=EDGE_CURVE('',#1701,#1694,#228,.T.);
#1300=EDGE_CURVE('',#1695,#1698,#229,.F.);
#1301=EDGE_CURVE('',#1697,#1700,#230,.T.);
#1302=EDGE_CURVE('',#1699,#1696,#231,.F.);
#1303=EDGE_CURVE('',#1702,#1662,#24,.T.);
#1304=EDGE_CURVE('',#1703,#1663,#25,.T.);
#1305=EDGE_CURVE('',#1702,#1703,#1935,.T.);
#1306=EDGE_CURVE('',#1704,#1661,#26,.T.);
#1307=EDGE_CURVE('',#1705,#1660,#27,.T.);
#1308=EDGE_CURVE('',#1704,#1705,#1936,.F.);
#1309=EDGE_CURVE('',#1706,#1707,#232,.T.);
#1310=EDGE_CURVE('',#1708,#1707,#1937,.T.);
#1311=EDGE_CURVE('',#1709,#1708,#233,.T.);
#1312=EDGE_CURVE('',#1706,#1709,#1938,.F.);
#1313=EDGE_CURVE('',#1709,#1702,#234,.T.);
#1314=EDGE_CURVE('',#1703,#1706,#235,.F.);
#1315=EDGE_CURVE('',#1705,#1708,#236,.T.);
#1316=EDGE_CURVE('',#1707,#1704,#237,.F.);
#1317=EDGE_CURVE('',#1710,#1658,#28,.T.);
#1318=EDGE_CURVE('',#1711,#1659,#29,.T.);
#1319=EDGE_CURVE('',#1710,#1711,#1939,.T.);
#1320=EDGE_CURVE('',#1712,#1653,#30,.T.);
#1321=EDGE_CURVE('',#1713,#1652,#31,.T.);
#1322=EDGE_CURVE('',#1712,#1713,#1940,.F.);
#1323=EDGE_CURVE('',#1714,#1715,#238,.T.);
#1324=EDGE_CURVE('',#1716,#1715,#1941,.T.);
#1325=EDGE_CURVE('',#1717,#1716,#239,.T.);
#1326=EDGE_CURVE('',#1714,#1717,#1942,.F.);
#1327=EDGE_CURVE('',#1717,#1710,#240,.T.);
#1328=EDGE_CURVE('',#1711,#1714,#241,.F.);
#1329=EDGE_CURVE('',#1713,#1716,#242,.T.);
#1330=EDGE_CURVE('',#1715,#1712,#243,.F.);
#1331=EDGE_CURVE('',#1718,#1655,#32,.T.);
#1332=EDGE_CURVE('',#1719,#1657,#33,.T.);
#1333=EDGE_CURVE('',#1718,#1719,#1943,.T.);
#1334=EDGE_CURVE('',#1720,#1676,#34,.T.);
#1335=EDGE_CURVE('',#1721,#1674,#35,.T.);
#1336=EDGE_CURVE('',#1720,#1721,#1944,.F.);
#1337=EDGE_CURVE('',#1722,#1723,#244,.T.);
#1338=EDGE_CURVE('',#1724,#1723,#1945,.T.);
#1339=EDGE_CURVE('',#1725,#1724,#245,.T.);
#1340=EDGE_CURVE('',#1722,#1725,#1946,.F.);
#1341=EDGE_CURVE('',#1725,#1718,#246,.T.);
#1342=EDGE_CURVE('',#1719,#1722,#247,.F.);
#1343=EDGE_CURVE('',#1721,#1724,#248,.T.);
#1344=EDGE_CURVE('',#1723,#1720,#249,.F.);
#1345=EDGE_CURVE('',#1726,#1650,#36,.T.);
#1346=EDGE_CURVE('',#1727,#1651,#37,.T.);
#1347=EDGE_CURVE('',#1726,#1727,#1947,.T.);
#1348=EDGE_CURVE('',#1728,#1656,#38,.T.);
#1349=EDGE_CURVE('',#1729,#1654,#39,.T.);
#1350=EDGE_CURVE('',#1728,#1729,#1948,.F.);
#1351=EDGE_CURVE('',#1730,#1731,#250,.T.);
#1352=EDGE_CURVE('',#1732,#1731,#1949,.T.);
#1353=EDGE_CURVE('',#1733,#1732,#251,.T.);
#1354=EDGE_CURVE('',#1730,#1733,#1950,.F.);
#1355=EDGE_CURVE('',#1733,#1726,#252,.T.);
#1356=EDGE_CURVE('',#1727,#1730,#253,.F.);
#1357=EDGE_CURVE('',#1729,#1732,#254,.T.);
#1358=EDGE_CURVE('',#1731,#1728,#255,.F.);
#1359=EDGE_CURVE('',#1734,#1647,#40,.T.);
#1360=EDGE_CURVE('',#1735,#1649,#41,.T.);
#1361=EDGE_CURVE('',#1734,#1735,#1951,.T.);
#1362=EDGE_CURVE('',#1736,#1668,#42,.T.);
#1363=EDGE_CURVE('',#1737,#1666,#43,.T.);
#1364=EDGE_CURVE('',#1736,#1737,#1952,.F.);
#1365=EDGE_CURVE('',#1738,#1739,#256,.T.);
#1366=EDGE_CURVE('',#1740,#1739,#1953,.T.);
#1367=EDGE_CURVE('',#1741,#1740,#257,.T.);
#1368=EDGE_CURVE('',#1738,#1741,#1954,.F.);
#1369=EDGE_CURVE('',#1741,#1734,#258,.T.);
#1370=EDGE_CURVE('',#1735,#1738,#259,.F.);
#1371=EDGE_CURVE('',#1737,#1740,#260,.T.);
#1372=EDGE_CURVE('',#1739,#1736,#261,.F.);
#1373=EDGE_CURVE('',#1742,#1643,#44,.T.);
#1374=EDGE_CURVE('',#1743,#1645,#45,.T.);
#1375=EDGE_CURVE('',#1742,#1743,#1955,.T.);
#1376=EDGE_CURVE('',#1744,#1648,#46,.T.);
#1377=EDGE_CURVE('',#1745,#1646,#47,.T.);
#1378=EDGE_CURVE('',#1744,#1745,#1956,.F.);
#1379=EDGE_CURVE('',#1746,#1747,#262,.T.);
#1380=EDGE_CURVE('',#1748,#1747,#1957,.T.);
#1381=EDGE_CURVE('',#1749,#1748,#263,.T.);
#1382=EDGE_CURVE('',#1746,#1749,#1958,.F.);
#1383=EDGE_CURVE('',#1749,#1742,#264,.T.);
#1384=EDGE_CURVE('',#1743,#1746,#265,.F.);
#1385=EDGE_CURVE('',#1745,#1748,#266,.T.);
#1386=EDGE_CURVE('',#1747,#1744,#267,.F.);
#1387=EDGE_CURVE('',#1750,#1639,#48,.T.);
#1388=EDGE_CURVE('',#1751,#1641,#49,.T.);
#1389=EDGE_CURVE('',#1750,#1751,#1959,.T.);
#1390=EDGE_CURVE('',#1752,#1637,#50,.T.);
#1391=EDGE_CURVE('',#1753,#1636,#51,.T.);
#1392=EDGE_CURVE('',#1752,#1753,#1960,.F.);
#1393=EDGE_CURVE('',#1754,#1755,#268,.T.);
#1394=EDGE_CURVE('',#1756,#1755,#1961,.T.);
#1395=EDGE_CURVE('',#1757,#1756,#269,.T.);
#1396=EDGE_CURVE('',#1754,#1757,#1962,.F.);
#1397=EDGE_CURVE('',#1757,#1750,#270,.T.);
#1398=EDGE_CURVE('',#1751,#1754,#271,.F.);
#1399=EDGE_CURVE('',#1753,#1756,#272,.T.);
#1400=EDGE_CURVE('',#1755,#1752,#273,.F.);
#1401=EDGE_CURVE('',#1758,#1634,#52,.T.);
#1402=EDGE_CURVE('',#1759,#1635,#53,.T.);
#1403=EDGE_CURVE('',#1758,#1759,#1963,.T.);
#1404=EDGE_CURVE('',#1760,#1644,#54,.T.);
#1405=EDGE_CURVE('',#1761,#1642,#55,.T.);
#1406=EDGE_CURVE('',#1760,#1761,#1964,.F.);
#1407=EDGE_CURVE('',#1762,#1763,#274,.T.);
#1408=EDGE_CURVE('',#1764,#1763,#1965,.T.);
#1409=EDGE_CURVE('',#1765,#1764,#275,.T.);
#1410=EDGE_CURVE('',#1762,#1765,#1966,.F.);
#1411=EDGE_CURVE('',#1765,#1758,#276,.T.);
#1412=EDGE_CURVE('',#1759,#1762,#277,.F.);
#1413=EDGE_CURVE('',#1761,#1764,#278,.T.);
#1414=EDGE_CURVE('',#1763,#1760,#279,.F.);
#1415=EDGE_CURVE('',#1766,#1631,#56,.T.);
#1416=EDGE_CURVE('',#1767,#1633,#57,.T.);
#1417=EDGE_CURVE('',#1766,#1767,#1967,.T.);
#1418=EDGE_CURVE('',#1768,#1625,#58,.T.);
#1419=EDGE_CURVE('',#1769,#1624,#59,.T.);
#1420=EDGE_CURVE('',#1768,#1769,#1968,.F.);
#1421=EDGE_CURVE('',#1770,#1771,#280,.T.);
#1422=EDGE_CURVE('',#1772,#1771,#1969,.T.);
#1423=EDGE_CURVE('',#1773,#1772,#281,.T.);
#1424=EDGE_CURVE('',#1770,#1773,#1970,.F.);
#1425=EDGE_CURVE('',#1773,#1766,#282,.T.);
#1426=EDGE_CURVE('',#1767,#1770,#283,.F.);
#1427=EDGE_CURVE('',#1769,#1772,#284,.T.);
#1428=EDGE_CURVE('',#1771,#1768,#285,.F.);
#1429=EDGE_CURVE('',#1774,#1626,#60,.T.);
#1430=EDGE_CURVE('',#1775,#1627,#61,.T.);
#1431=EDGE_CURVE('',#1774,#1775,#1971,.T.);
#1432=EDGE_CURVE('',#1776,#1632,#62,.T.);
#1433=EDGE_CURVE('',#1777,#1630,#63,.T.);
#1434=EDGE_CURVE('',#1776,#1777,#1972,.F.);
#1435=EDGE_CURVE('',#1778,#1779,#286,.T.);
#1436=EDGE_CURVE('',#1780,#1779,#1973,.T.);
#1437=EDGE_CURVE('',#1781,#1780,#287,.T.);
#1438=EDGE_CURVE('',#1778,#1781,#1974,.F.);
#1439=EDGE_CURVE('',#1781,#1774,#288,.T.);
#1440=EDGE_CURVE('',#1775,#1778,#289,.F.);
#1441=EDGE_CURVE('',#1777,#1780,#290,.T.);
#1442=EDGE_CURVE('',#1779,#1776,#291,.F.);
#1443=EDGE_CURVE('',#1782,#1622,#64,.T.);
#1444=EDGE_CURVE('',#1783,#1623,#65,.T.);
#1445=EDGE_CURVE('',#1782,#1783,#1975,.T.);
#1446=EDGE_CURVE('',#1784,#1621,#66,.T.);
#1447=EDGE_CURVE('',#1785,#1620,#67,.T.);
#1448=EDGE_CURVE('',#1784,#1785,#1976,.F.);
#1449=EDGE_CURVE('',#1786,#1787,#292,.T.);
#1450=EDGE_CURVE('',#1788,#1787,#1977,.T.);
#1451=EDGE_CURVE('',#1789,#1788,#293,.T.);
#1452=EDGE_CURVE('',#1786,#1789,#1978,.F.);
#1453=EDGE_CURVE('',#1789,#1782,#294,.T.);
#1454=EDGE_CURVE('',#1783,#1786,#295,.F.);
#1455=EDGE_CURVE('',#1785,#1788,#296,.T.);
#1456=EDGE_CURVE('',#1787,#1784,#297,.F.);
#1457=EDGE_CURVE('',#1790,#1618,#68,.T.);
#1458=EDGE_CURVE('',#1791,#1619,#69,.T.);
#1459=EDGE_CURVE('',#1790,#1791,#1979,.T.);
#1460=EDGE_CURVE('',#1792,#1640,#70,.T.);
#1461=EDGE_CURVE('',#1793,#1638,#71,.T.);
#1462=EDGE_CURVE('',#1792,#1793,#1980,.F.);
#1463=EDGE_CURVE('',#1794,#1795,#298,.T.);
#1464=EDGE_CURVE('',#1796,#1795,#1981,.T.);
#1465=EDGE_CURVE('',#1797,#1796,#299,.T.);
#1466=EDGE_CURVE('',#1794,#1797,#1982,.F.);
#1467=EDGE_CURVE('',#1797,#1790,#300,.T.);
#1468=EDGE_CURVE('',#1791,#1794,#301,.F.);
#1469=EDGE_CURVE('',#1793,#1796,#302,.T.);
#1470=EDGE_CURVE('',#1795,#1792,#303,.F.);
#1471=EDGE_CURVE('',#1798,#1798,#304,.T.);
#1472=EDGE_CURVE('',#1799,#1799,#305,.T.);
#1473=EDGE_CURVE('',#1800,#1800,#306,.T.);
#1474=EDGE_CURVE('',#1801,#1802,#307,.T.);
#1475=EDGE_CURVE('',#1801,#1803,#1983,.F.);
#1476=EDGE_CURVE('',#1803,#1804,#106,.T.);
#1477=EDGE_CURVE('',#1804,#1805,#1984,.T.);
#1478=EDGE_CURVE('',#1806,#1805,#308,.T.);
#1479=EDGE_CURVE('',#1806,#1807,#1985,.F.);
#1480=EDGE_CURVE('',#1807,#1808,#107,.F.);
#1481=EDGE_CURVE('',#1808,#1802,#1986,.T.);
#1482=EDGE_CURVE('',#1809,#1809,#309,.T.);
#1483=EDGE_CURVE('',#1805,#1810,#1987,.F.);
#1484=EDGE_CURVE('',#1810,#1811,#1988,.T.);
#1485=EDGE_CURVE('',#1811,#1806,#1989,.T.);
#1486=EDGE_CURVE('',#1802,#1812,#1990,.F.);
#1487=EDGE_CURVE('',#1812,#1813,#1991,.T.);
#1488=EDGE_CURVE('',#1813,#1801,#1992,.T.);
#1489=EDGE_CURVE('',#1814,#1815,#1993,.T.);
#1490=EDGE_CURVE('',#1815,#1816,#1994,.T.);
#1491=EDGE_CURVE('',#1816,#1817,#1995,.T.);
#1492=EDGE_CURVE('',#1817,#1818,#1996,.T.);
#1493=EDGE_CURVE('',#1818,#1819,#1997,.T.);
#1494=EDGE_CURVE('',#1819,#1820,#1998,.T.);
#1495=EDGE_CURVE('',#1820,#1821,#1999,.T.);
#1496=EDGE_CURVE('',#1821,#1814,#2000,.T.);
#1497=EDGE_CURVE('',#1822,#1823,#2001,.T.);
#1498=EDGE_CURVE('',#1823,#1824,#2002,.T.);
#1499=EDGE_CURVE('',#1824,#1825,#2003,.T.);
#1500=EDGE_CURVE('',#1825,#1826,#2004,.T.);
#1501=EDGE_CURVE('',#1826,#1827,#2005,.T.);
#1502=EDGE_CURVE('',#1827,#1828,#2006,.T.);
#1503=EDGE_CURVE('',#1828,#1829,#2007,.T.);
#1504=EDGE_CURVE('',#1829,#1822,#2008,.T.);
#1505=EDGE_CURVE('',#1830,#1831,#2009,.T.);
#1506=EDGE_CURVE('',#1831,#1832,#2010,.T.);
#1507=EDGE_CURVE('',#1832,#1833,#2011,.F.);
#1508=EDGE_CURVE('',#1830,#1833,#310,.T.);
#1509=EDGE_CURVE('',#1586,#1605,#2012,.T.);
#1510=EDGE_CURVE('',#1604,#1587,#2013,.T.);
#1511=EDGE_CURVE('',#1603,#1613,#2014,.T.);
#1512=EDGE_CURVE('',#1612,#1602,#2015,.T.);
#1513=EDGE_CURVE('',#1589,#1615,#2016,.T.);
#1514=EDGE_CURVE('',#1614,#1590,#2017,.T.);
#1515=EDGE_CURVE('',#1616,#1607,#2018,.T.);
#1516=EDGE_CURVE('',#1606,#1617,#2019,.T.);
#1517=EDGE_CURVE('',#1834,#1834,#311,.T.);
#1518=EDGE_CURVE('',#1835,#1836,#108,.F.);
#1519=EDGE_CURVE('',#1836,#1830,#2020,.F.);
#1520=EDGE_CURVE('',#1833,#1837,#2021,.T.);
#1521=EDGE_CURVE('',#1837,#1838,#109,.T.);
#1522=EDGE_CURVE('',#1838,#1592,#2022,.F.);
#1523=EDGE_CURVE('',#1595,#1835,#2023,.T.);
#1524=EDGE_CURVE('',#1839,#1839,#312,.T.);
#1525=EDGE_CURVE('',#1840,#1840,#313,.T.);
#1526=EDGE_CURVE('',#1841,#1841,#314,.T.);
#1527=EDGE_CURVE('',#1598,#1842,#2024,.T.);
#1528=EDGE_CURVE('',#1842,#1838,#2025,.T.);
#1529=EDGE_CURVE('',#1837,#1843,#2026,.F.);
#1530=EDGE_CURVE('',#1843,#1599,#2027,.T.);
#1531=EDGE_CURVE('',#1807,#1844,#2028,.F.);
#1532=EDGE_CURVE('',#1844,#1597,#2029,.F.);
#1533=EDGE_CURVE('',#1596,#1845,#2030,.F.);
#1534=EDGE_CURVE('',#1845,#1808,#2031,.T.);
#1535=EDGE_CURVE('',#1835,#1846,#2032,.T.);
#1536=EDGE_CURVE('',#1846,#1609,#2033,.F.);
#1537=EDGE_CURVE('',#1608,#1847,#2034,.F.);
#1538=EDGE_CURVE('',#1847,#1836,#2035,.F.);
#1539=EDGE_CURVE('',#1610,#1848,#2036,.T.);
#1540=EDGE_CURVE('',#1848,#1804,#2037,.F.);
#1541=EDGE_CURVE('',#1803,#1849,#2038,.T.);
#1542=EDGE_CURVE('',#1849,#1611,#2039,.T.);
#1543=EDGE_CURVE('',#1845,#1850,#2040,.T.);
#1544=EDGE_CURVE('',#1850,#1812,#2041,.F.);
#1545=EDGE_CURVE('',#1811,#1851,#2042,.F.);
#1546=EDGE_CURVE('',#1851,#1844,#2043,.T.);
#1547=EDGE_CURVE('',#1832,#1852,#2044,.T.);
#1548=EDGE_CURVE('',#1852,#1843,#2045,.F.);
#1549=EDGE_CURVE('',#1842,#1853,#2046,.F.);
#1550=EDGE_CURVE('',#1853,#1593,#2047,.T.);
#1551=EDGE_CURVE('',#1813,#1854,#2048,.T.);
#1552=EDGE_CURVE('',#1854,#1849,#2049,.T.);
#1553=EDGE_CURVE('',#1848,#1855,#2050,.T.);
#1554=EDGE_CURVE('',#1855,#1810,#2051,.T.);
#1555=EDGE_CURVE('',#1847,#1856,#2052,.F.);
#1556=EDGE_CURVE('',#1856,#1831,#2053,.F.);
#1557=EDGE_CURVE('',#1594,#1857,#2054,.F.);
#1558=EDGE_CURVE('',#1857,#1846,#2055,.F.);
#1559=EDGE_CURVE('',#1600,#1858,#2056,.F.);
#1560=EDGE_CURVE('',#1858,#1859,#2057,.F.);
#1561=EDGE_CURVE('',#1859,#1601,#2058,.T.);
#1562=EDGE_CURVE('',#1828,#1854,#2059,.F.);
#1563=EDGE_CURVE('',#1611,#1827,#2060,.T.);
#1564=EDGE_CURVE('',#1829,#1850,#2061,.T.);
#1565=EDGE_CURVE('',#1608,#1826,#2062,.F.);
#1566=EDGE_CURVE('',#1822,#1859,#2063,.T.);
#1567=EDGE_CURVE('',#1856,#1825,#2064,.T.);
#1568=EDGE_CURVE('',#1823,#1858,#2065,.F.);
#1569=EDGE_CURVE('',#1852,#1824,#2066,.T.);
#1570=EDGE_CURVE('',#1609,#1814,#2067,.F.);
#1571=EDGE_CURVE('',#1821,#1610,#2068,.T.);
#1572=EDGE_CURVE('',#1817,#1598,#2069,.F.);
#1573=EDGE_CURVE('',#1597,#1818,#2070,.T.);
#1574=EDGE_CURVE('',#1857,#1815,#2071,.T.);
#1575=EDGE_CURVE('',#1820,#1855,#2072,.T.);
#1576=EDGE_CURVE('',#1816,#1853,#2073,.F.);
#1577=EDGE_CURVE('',#1851,#1819,#2074,.F.);
#1578=VERTEX_POINT('',#3854);
#1579=VERTEX_POINT('',#3855);
#1580=VERTEX_POINT('',#3857);
#1581=VERTEX_POINT('',#3859);
#1582=VERTEX_POINT('',#3863);
#1583=VERTEX_POINT('',#3864);
#1584=VERTEX_POINT('',#3866);
#1585=VERTEX_POINT('',#3868);
#1586=VERTEX_POINT('',#3872);
#1587=VERTEX_POINT('',#3874);
#1588=VERTEX_POINT('',#3877);
#1589=VERTEX_POINT('',#3880);
#1590=VERTEX_POINT('',#3882);
#1591=VERTEX_POINT('',#3885);
#1592=VERTEX_POINT('',#3888);
#1593=VERTEX_POINT('',#3889);
#1594=VERTEX_POINT('',#3891);
#1595=VERTEX_POINT('',#3893);
#1596=VERTEX_POINT('',#3897);
#1597=VERTEX_POINT('',#3898);
#1598=VERTEX_POINT('',#3900);
#1599=VERTEX_POINT('',#3902);
#1600=VERTEX_POINT('',#3904);
#1601=VERTEX_POINT('',#3906);
#1602=VERTEX_POINT('',#3909);
#1603=VERTEX_POINT('',#3910);
#1604=VERTEX_POINT('',#3912);
#1605=VERTEX_POINT('',#3914);
#1606=VERTEX_POINT('',#3916);
#1607=VERTEX_POINT('',#3918);
#1608=VERTEX_POINT('',#3923);
#1609=VERTEX_POINT('',#3924);
#1610=VERTEX_POINT('',#3926);
#1611=VERTEX_POINT('',#3928);
#1612=VERTEX_POINT('',#3931);
#1613=VERTEX_POINT('',#3933);
#1614=VERTEX_POINT('',#3935);
#1615=VERTEX_POINT('',#3937);
#1616=VERTEX_POINT('',#3939);
#1617=VERTEX_POINT('',#3941);
#1618=VERTEX_POINT('',#3945);
#1619=VERTEX_POINT('',#3946);
#1620=VERTEX_POINT('',#3948);
#1621=VERTEX_POINT('',#3950);
#1622=VERTEX_POINT('',#3954);
#1623=VERTEX_POINT('',#3955);
#1624=VERTEX_POINT('',#3957);
#1625=VERTEX_POINT('',#3959);
#1626=VERTEX_POINT('',#3963);
#1627=VERTEX_POINT('',#3964);
#1628=VERTEX_POINT('',#3966);
#1629=VERTEX_POINT('',#3968);
#1630=VERTEX_POINT('',#3972);
#1631=VERTEX_POINT('',#3973);
#1632=VERTEX_POINT('',#3975);
#1633=VERTEX_POINT('',#3977);
#1634=VERTEX_POINT('',#3981);
#1635=VERTEX_POINT('',#3982);
#1636=VERTEX_POINT('',#3984);
#1637=VERTEX_POINT('',#3986);
#1638=VERTEX_POINT('',#3990);
#1639=VERTEX_POINT('',#3991);
#1640=VERTEX_POINT('',#3993);
#1641=VERTEX_POINT('',#3995);
#1642=VERTEX_POINT('',#3999);
#1643=VERTEX_POINT('',#4000);
#1644=VERTEX_POINT('',#4002);
#1645=VERTEX_POINT('',#4004);
#1646=VERTEX_POINT('',#4008);
#1647=VERTEX_POINT('',#4009);
#1648=VERTEX_POINT('',#4011);
#1649=VERTEX_POINT('',#4013);
#1650=VERTEX_POINT('',#4017);
#1651=VERTEX_POINT('',#4018);
#1652=VERTEX_POINT('',#4020);
#1653=VERTEX_POINT('',#4022);
#1654=VERTEX_POINT('',#4026);
#1655=VERTEX_POINT('',#4027);
#1656=VERTEX_POINT('',#4029);
#1657=VERTEX_POINT('',#4031);
#1658=VERTEX_POINT('',#4035);
#1659=VERTEX_POINT('',#4036);
#1660=VERTEX_POINT('',#4038);
#1661=VERTEX_POINT('',#4040);
#1662=VERTEX_POINT('',#4044);
#1663=VERTEX_POINT('',#4045);
#1664=VERTEX_POINT('',#4047);
#1665=VERTEX_POINT('',#4049);
#1666=VERTEX_POINT('',#4053);
#1667=VERTEX_POINT('',#4054);
#1668=VERTEX_POINT('',#4056);
#1669=VERTEX_POINT('',#4058);
#1670=VERTEX_POINT('',#4062);
#1671=VERTEX_POINT('',#4063);
#1672=VERTEX_POINT('',#4065);
#1673=VERTEX_POINT('',#4067);
#1674=VERTEX_POINT('',#4071);
#1675=VERTEX_POINT('',#4072);
#1676=VERTEX_POINT('',#4074);
#1677=VERTEX_POINT('',#4076);
#1678=VERTEX_POINT('',#4139);
#1679=VERTEX_POINT('',#4177);
#1680=VERTEX_POINT('',#4240);
#1681=VERTEX_POINT('',#4278);
#1682=VERTEX_POINT('',#4282);
#1683=VERTEX_POINT('',#4283);
#1684=VERTEX_POINT('',#4285);
#1685=VERTEX_POINT('',#4287);
#1686=VERTEX_POINT('',#4356);
#1687=VERTEX_POINT('',#4394);
#1688=VERTEX_POINT('',#4457);
#1689=VERTEX_POINT('',#4495);
#1690=VERTEX_POINT('',#4499);
#1691=VERTEX_POINT('',#4500);
#1692=VERTEX_POINT('',#4502);
#1693=VERTEX_POINT('',#4504);
#1694=VERTEX_POINT('',#4573);
#1695=VERTEX_POINT('',#4611);
#1696=VERTEX_POINT('',#4674);
#1697=VERTEX_POINT('',#4712);
#1698=VERTEX_POINT('',#4716);
#1699=VERTEX_POINT('',#4717);
#1700=VERTEX_POINT('',#4719);
#1701=VERTEX_POINT('',#4721);
#1702=VERTEX_POINT('',#4790);
#1703=VERTEX_POINT('',#4828);
#1704=VERTEX_POINT('',#4891);
#1705=VERTEX_POINT('',#4929);
#1706=VERTEX_POINT('',#4933);
#1707=VERTEX_POINT('',#4934);
#1708=VERTEX_POINT('',#4936);
#1709=VERTEX_POINT('',#4938);
#1710=VERTEX_POINT('',#5007);
#1711=VERTEX_POINT('',#5045);
#1712=VERTEX_POINT('',#5108);
#1713=VERTEX_POINT('',#5146);
#1714=VERTEX_POINT('',#5150);
#1715=VERTEX_POINT('',#5151);
#1716=VERTEX_POINT('',#5153);
#1717=VERTEX_POINT('',#5155);
#1718=VERTEX_POINT('',#5224);
#1719=VERTEX_POINT('',#5262);
#1720=VERTEX_POINT('',#5325);
#1721=VERTEX_POINT('',#5363);
#1722=VERTEX_POINT('',#5367);
#1723=VERTEX_POINT('',#5368);
#1724=VERTEX_POINT('',#5370);
#1725=VERTEX_POINT('',#5372);
#1726=VERTEX_POINT('',#5441);
#1727=VERTEX_POINT('',#5479);
#1728=VERTEX_POINT('',#5542);
#1729=VERTEX_POINT('',#5580);
#1730=VERTEX_POINT('',#5584);
#1731=VERTEX_POINT('',#5585);
#1732=VERTEX_POINT('',#5587);
#1733=VERTEX_POINT('',#5589);
#1734=VERTEX_POINT('',#5658);
#1735=VERTEX_POINT('',#5696);
#1736=VERTEX_POINT('',#5759);
#1737=VERTEX_POINT('',#5797);
#1738=VERTEX_POINT('',#5801);
#1739=VERTEX_POINT('',#5802);
#1740=VERTEX_POINT('',#5804);
#1741=VERTEX_POINT('',#5806);
#1742=VERTEX_POINT('',#5875);
#1743=VERTEX_POINT('',#5913);
#1744=VERTEX_POINT('',#5976);
#1745=VERTEX_POINT('',#6014);
#1746=VERTEX_POINT('',#6018);
#1747=VERTEX_POINT('',#6019);
#1748=VERTEX_POINT('',#6021);
#1749=VERTEX_POINT('',#6023);
#1750=VERTEX_POINT('',#6092);
#1751=VERTEX_POINT('',#6130);
#1752=VERTEX_POINT('',#6193);
#1753=VERTEX_POINT('',#6231);
#1754=VERTEX_POINT('',#6235);
#1755=VERTEX_POINT('',#6236);
#1756=VERTEX_POINT('',#6238);
#1757=VERTEX_POINT('',#6240);
#1758=VERTEX_POINT('',#6309);
#1759=VERTEX_POINT('',#6347);
#1760=VERTEX_POINT('',#6410);
#1761=VERTEX_POINT('',#6448);
#1762=VERTEX_POINT('',#6452);
#1763=VERTEX_POINT('',#6453);
#1764=VERTEX_POINT('',#6455);
#1765=VERTEX_POINT('',#6457);
#1766=VERTEX_POINT('',#6526);
#1767=VERTEX_POINT('',#6564);
#1768=VERTEX_POINT('',#6627);
#1769=VERTEX_POINT('',#6665);
#1770=VERTEX_POINT('',#6669);
#1771=VERTEX_POINT('',#6670);
#1772=VERTEX_POINT('',#6672);
#1773=VERTEX_POINT('',#6674);
#1774=VERTEX_POINT('',#6743);
#1775=VERTEX_POINT('',#6781);
#1776=VERTEX_POINT('',#6844);
#1777=VERTEX_POINT('',#6882);
#1778=VERTEX_POINT('',#6886);
#1779=VERTEX_POINT('',#6887);
#1780=VERTEX_POINT('',#6889);
#1781=VERTEX_POINT('',#6891);
#1782=VERTEX_POINT('',#6960);
#1783=VERTEX_POINT('',#6998);
#1784=VERTEX_POINT('',#7061);
#1785=VERTEX_POINT('',#7099);
#1786=VERTEX_POINT('',#7103);
#1787=VERTEX_POINT('',#7104);
#1788=VERTEX_POINT('',#7106);
#1789=VERTEX_POINT('',#7108);
#1790=VERTEX_POINT('',#7177);
#1791=VERTEX_POINT('',#7215);
#1792=VERTEX_POINT('',#7278);
#1793=VERTEX_POINT('',#7316);
#1794=VERTEX_POINT('',#7320);
#1795=VERTEX_POINT('',#7321);
#1796=VERTEX_POINT('',#7323);
#1797=VERTEX_POINT('',#7325);
#1798=VERTEX_POINT('',#7335);
#1799=VERTEX_POINT('',#7338);
#1800=VERTEX_POINT('',#7341);
#1801=VERTEX_POINT('',#7344);
#1802=VERTEX_POINT('',#7345);
#1803=VERTEX_POINT('',#7347);
#1804=VERTEX_POINT('',#7349);
#1805=VERTEX_POINT('',#7351);
#1806=VERTEX_POINT('',#7353);
#1807=VERTEX_POINT('',#7355);
#1808=VERTEX_POINT('',#7357);
#1809=VERTEX_POINT('',#7360);
#1810=VERTEX_POINT('',#7364);
#1811=VERTEX_POINT('',#7366);
#1812=VERTEX_POINT('',#7370);
#1813=VERTEX_POINT('',#7372);
#1814=VERTEX_POINT('',#7376);
#1815=VERTEX_POINT('',#7377);
#1816=VERTEX_POINT('',#7379);
#1817=VERTEX_POINT('',#7381);
#1818=VERTEX_POINT('',#7383);
#1819=VERTEX_POINT('',#7385);
#1820=VERTEX_POINT('',#7387);
#1821=VERTEX_POINT('',#7389);
#1822=VERTEX_POINT('',#7393);
#1823=VERTEX_POINT('',#7394);
#1824=VERTEX_POINT('',#7396);
#1825=VERTEX_POINT('',#7398);
#1826=VERTEX_POINT('',#7400);
#1827=VERTEX_POINT('',#7402);
#1828=VERTEX_POINT('',#7404);
#1829=VERTEX_POINT('',#7406);
#1830=VERTEX_POINT('',#7410);
#1831=VERTEX_POINT('',#7411);
#1832=VERTEX_POINT('',#7413);
#1833=VERTEX_POINT('',#7415);
#1834=VERTEX_POINT('',#7431);
#1835=VERTEX_POINT('',#7433);
#1836=VERTEX_POINT('',#7434);
#1837=VERTEX_POINT('',#7437);
#1838=VERTEX_POINT('',#7439);
#1839=VERTEX_POINT('',#7444);
#1840=VERTEX_POINT('',#7447);
#1841=VERTEX_POINT('',#7451);
#1842=VERTEX_POINT('',#7455);
#1843=VERTEX_POINT('',#7458);
#1844=VERTEX_POINT('',#7462);
#1845=VERTEX_POINT('',#7465);
#1846=VERTEX_POINT('',#7469);
#1847=VERTEX_POINT('',#7472);
#1848=VERTEX_POINT('',#7476);
#1849=VERTEX_POINT('',#7479);
#1850=VERTEX_POINT('',#7483);
#1851=VERTEX_POINT('',#7487);
#1852=VERTEX_POINT('',#7491);
#1853=VERTEX_POINT('',#7495);
#1854=VERTEX_POINT('',#7499);
#1855=VERTEX_POINT('',#7503);
#1856=VERTEX_POINT('',#7507);
#1857=VERTEX_POINT('',#7511);
#1858=VERTEX_POINT('',#7515);
#1859=VERTEX_POINT('',#7517);
#1860=LINE('',#3853,#2075);
#1861=LINE('',#3856,#2076);
#1862=LINE('',#3860,#2077);
#1863=LINE('',#3862,#2078);
#1864=LINE('',#3865,#2079);
#1865=LINE('',#3869,#2080);
#1866=LINE('',#3887,#2081);
#1867=LINE('',#3890,#2082);
#1868=LINE('',#3892,#2083);
#1869=LINE('',#3896,#2084);
#1870=LINE('',#3899,#2085);
#1871=LINE('',#3901,#2086);
#1872=LINE('',#3903,#2087);
#1873=LINE('',#3905,#2088);
#1874=LINE('',#3907,#2089);
#1875=LINE('',#3908,#2090);
#1876=LINE('',#3911,#2091);
#1877=LINE('',#3913,#2092);
#1878=LINE('',#3915,#2093);
#1879=LINE('',#3917,#2094);
#1880=LINE('',#3919,#2095);
#1881=LINE('',#3920,#2096);
#1882=LINE('',#3922,#2097);
#1883=LINE('',#3925,#2098);
#1884=LINE('',#3927,#2099);
#1885=LINE('',#3929,#2100);
#1886=LINE('',#3930,#2101);
#1887=LINE('',#3932,#2102);
#1888=LINE('',#3934,#2103);
#1889=LINE('',#3936,#2104);
#1890=LINE('',#3938,#2105);
#1891=LINE('',#3940,#2106);
#1892=LINE('',#3942,#2107);
#1893=LINE('',#3944,#2108);
#1894=LINE('',#3949,#2109);
#1895=LINE('',#3953,#2110);
#1896=LINE('',#3958,#2111);
#1897=LINE('',#3962,#2112);
#1898=LINE('',#3967,#2113);
#1899=LINE('',#3974,#2114);
#1900=LINE('',#3978,#2115);
#1901=LINE('',#3980,#2116);
#1902=LINE('',#3985,#2117);
#1903=LINE('',#3992,#2118);
#1904=LINE('',#3996,#2119);
#1905=LINE('',#4001,#2120);
#1906=LINE('',#4005,#2121);
#1907=LINE('',#4010,#2122);
#1908=LINE('',#4014,#2123);
#1909=LINE('',#4016,#2124);
#1910=LINE('',#4021,#2125);
#1911=LINE('',#4028,#2126);
#1912=LINE('',#4032,#2127);
#1913=LINE('',#4034,#2128);
#1914=LINE('',#4039,#2129);
#1915=LINE('',#4043,#2130);
#1916=LINE('',#4048,#2131);
#1917=LINE('',#4055,#2132);
#1918=LINE('',#4059,#2133);
#1919=LINE('',#4064,#2134);
#1920=LINE('',#4068,#2135);
#1921=LINE('',#4073,#2136);
#1922=LINE('',#4077,#2137);
#1923=LINE('',#4178,#2138);
#1924=LINE('',#4279,#2139);
#1925=LINE('',#4284,#2140);
#1926=LINE('',#4288,#2141);
#1927=LINE('',#4395,#2142);
#1928=LINE('',#4496,#2143);
#1929=LINE('',#4501,#2144);
#1930=LINE('',#4505,#2145);
#1931=LINE('',#4612,#2146);
#1932=LINE('',#4713,#2147);
#1933=LINE('',#4718,#2148);
#1934=LINE('',#4722,#2149);
#1935=LINE('',#4829,#2150);
#1936=LINE('',#4930,#2151);
#1937=LINE('',#4935,#2152);
#1938=LINE('',#4939,#2153);
#1939=LINE('',#5046,#2154);
#1940=LINE('',#5147,#2155);
#1941=LINE('',#5152,#2156);
#1942=LINE('',#5156,#2157);
#1943=LINE('',#5263,#2158);
#1944=LINE('',#5364,#2159);
#1945=LINE('',#5369,#2160);
#1946=LINE('',#5373,#2161);
#1947=LINE('',#5480,#2162);
#1948=LINE('',#5581,#2163);
#1949=LINE('',#5586,#2164);
#1950=LINE('',#5590,#2165);
#1951=LINE('',#5697,#2166);
#1952=LINE('',#5798,#2167);
#1953=LINE('',#5803,#2168);
#1954=LINE('',#5807,#2169);
#1955=LINE('',#5914,#2170);
#1956=LINE('',#6015,#2171);
#1957=LINE('',#6020,#2172);
#1958=LINE('',#6024,#2173);
#1959=LINE('',#6131,#2174);
#1960=LINE('',#6232,#2175);
#1961=LINE('',#6237,#2176);
#1962=LINE('',#6241,#2177);
#1963=LINE('',#6348,#2178);
#1964=LINE('',#6449,#2179);
#1965=LINE('',#6454,#2180);
#1966=LINE('',#6458,#2181);
#1967=LINE('',#6565,#2182);
#1968=LINE('',#6666,#2183);
#1969=LINE('',#6671,#2184);
#1970=LINE('',#6675,#2185);
#1971=LINE('',#6782,#2186);
#1972=LINE('',#6883,#2187);
#1973=LINE('',#6888,#2188);
#1974=LINE('',#6892,#2189);
#1975=LINE('',#6999,#2190);
#1976=LINE('',#7100,#2191);
#1977=LINE('',#7105,#2192);
#1978=LINE('',#7109,#2193);
#1979=LINE('',#7216,#2194);
#1980=LINE('',#7317,#2195);
#1981=LINE('',#7322,#2196);
#1982=LINE('',#7326,#2197);
#1983=LINE('',#7346,#2198);
#1984=LINE('',#7350,#2199);
#1985=LINE('',#7354,#2200);
#1986=LINE('',#7358,#2201);
#1987=LINE('',#7363,#2202);
#1988=LINE('',#7365,#2203);
#1989=LINE('',#7367,#2204);
#1990=LINE('',#7369,#2205);
#1991=LINE('',#7371,#2206);
#1992=LINE('',#7373,#2207);
#1993=LINE('',#7375,#2208);
#1994=LINE('',#7378,#2209);
#1995=LINE('',#7380,#2210);
#1996=LINE('',#7382,#2211);
#1997=LINE('',#7384,#2212);
#1998=LINE('',#7386,#2213);
#1999=LINE('',#7388,#2214);
#2000=LINE('',#7390,#2215);
#2001=LINE('',#7392,#2216);
#2002=LINE('',#7395,#2217);
#2003=LINE('',#7397,#2218);
#2004=LINE('',#7399,#2219);
#2005=LINE('',#7401,#2220);
#2006=LINE('',#7403,#2221);
#2007=LINE('',#7405,#2222);
#2008=LINE('',#7407,#2223);
#2009=LINE('',#7409,#2224);
#2010=LINE('',#7412,#2225);
#2011=LINE('',#7414,#2226);
#2012=LINE('',#7418,#2227);
#2013=LINE('',#7419,#2228);
#2014=LINE('',#7421,#2229);
#2015=LINE('',#7422,#2230);
#2016=LINE('',#7424,#2231);
#2017=LINE('',#7425,#2232);
#2018=LINE('',#7427,#2233);
#2019=LINE('',#7428,#2234);
#2020=LINE('',#7435,#2235);
#2021=LINE('',#7436,#2236);
#2022=LINE('',#7440,#2237);
#2023=LINE('',#7441,#2238);
#2024=LINE('',#7454,#2239);
#2025=LINE('',#7456,#2240);
#2026=LINE('',#7457,#2241);
#2027=LINE('',#7459,#2242);
#2028=LINE('',#7461,#2243);
#2029=LINE('',#7463,#2244);
#2030=LINE('',#7464,#2245);
#2031=LINE('',#7466,#2246);
#2032=LINE('',#7468,#2247);
#2033=LINE('',#7470,#2248);
#2034=LINE('',#7471,#2249);
#2035=LINE('',#7473,#2250);
#2036=LINE('',#7475,#2251);
#2037=LINE('',#7477,#2252);
#2038=LINE('',#7478,#2253);
#2039=LINE('',#7480,#2254);
#2040=LINE('',#7482,#2255);
#2041=LINE('',#7484,#2256);
#2042=LINE('',#7486,#2257);
#2043=LINE('',#7488,#2258);
#2044=LINE('',#7490,#2259);
#2045=LINE('',#7492,#2260);
#2046=LINE('',#7494,#2261);
#2047=LINE('',#7496,#2262);
#2048=LINE('',#7498,#2263);
#2049=LINE('',#7500,#2264);
#2050=LINE('',#7502,#2265);
#2051=LINE('',#7504,#2266);
#2052=LINE('',#7506,#2267);
#2053=LINE('',#7508,#2268);
#2054=LINE('',#7510,#2269);
#2055=LINE('',#7512,#2270);
#2056=LINE('',#7514,#2271);
#2057=LINE('',#7516,#2272);
#2058=LINE('',#7518,#2273);
#2059=LINE('',#7520,#2274);
#2060=LINE('',#7521,#2275);
#2061=LINE('',#7523,#2276);
#2062=LINE('',#7525,#2277);
#2063=LINE('',#7527,#2278);
#2064=LINE('',#7529,#2279);
#2065=LINE('',#7531,#2280);
#2066=LINE('',#7533,#2281);
#2067=LINE('',#7536,#2282);
#2068=LINE('',#7537,#2283);
#2069=LINE('',#7539,#2284);
#2070=LINE('',#7540,#2285);
#2071=LINE('',#7546,#2286);
#2072=LINE('',#7548,#2287);
#2073=LINE('',#7550,#2288);
#2074=LINE('',#7552,#2289);
#2075=VECTOR('',#3106,1.);
#2076=VECTOR('',#3107,1.);
#2077=VECTOR('',#3110,1.);
#2078=VECTOR('',#3113,1.);
#2079=VECTOR('',#3114,1.);
#2080=VECTOR('',#3117,1.);
#2081=VECTOR('',#3140,1.);
#2082=VECTOR('',#3141,1.);
#2083=VECTOR('',#3142,1.);
#2084=VECTOR('',#3147,1.);
#2085=VECTOR('',#3148,1.);
#2086=VECTOR('',#3149,1.);
#2087=VECTOR('',#3150,1.);
#2088=VECTOR('',#3151,1.);
#2089=VECTOR('',#3152,1.);
#2090=VECTOR('',#3153,1.);
#2091=VECTOR('',#3154,1.);
#2092=VECTOR('',#3155,1.);
#2093=VECTOR('',#3156,1.);
#2094=VECTOR('',#3157,1.);
#2095=VECTOR('',#3158,1.);
#2096=VECTOR('',#3159,1.);
#2097=VECTOR('',#3162,1.);
#2098=VECTOR('',#3163,1.);
#2099=VECTOR('',#3164,1.);
#2100=VECTOR('',#3165,1.);
#2101=VECTOR('',#3166,1.);
#2102=VECTOR('',#3167,1.);
#2103=VECTOR('',#3168,1.);
#2104=VECTOR('',#3169,1.);
#2105=VECTOR('',#3170,1.);
#2106=VECTOR('',#3171,1.);
#2107=VECTOR('',#3172,1.);
#2108=VECTOR('',#3175,1.);
#2109=VECTOR('',#3178,1.);
#2110=VECTOR('',#3183,1.);
#2111=VECTOR('',#3186,1.);
#2112=VECTOR('',#3191,1.);
#2113=VECTOR('',#3194,1.);
#2114=VECTOR('',#3201,1.);
#2115=VECTOR('',#3204,1.);
#2116=VECTOR('',#3207,1.);
#2117=VECTOR('',#3210,1.);
#2118=VECTOR('',#3217,1.);
#2119=VECTOR('',#3220,1.);
#2120=VECTOR('',#3225,1.);
#2121=VECTOR('',#3228,1.);
#2122=VECTOR('',#3233,1.);
#2123=VECTOR('',#3236,1.);
#2124=VECTOR('',#3239,1.);
#2125=VECTOR('',#3242,1.);
#2126=VECTOR('',#3249,1.);
#2127=VECTOR('',#3252,1.);
#2128=VECTOR('',#3255,1.);
#2129=VECTOR('',#3258,1.);
#2130=VECTOR('',#3263,1.);
#2131=VECTOR('',#3266,1.);
#2132=VECTOR('',#3273,1.);
#2133=VECTOR('',#3276,1.);
#2134=VECTOR('',#3281,1.);
#2135=VECTOR('',#3284,1.);
#2136=VECTOR('',#3289,1.);
#2137=VECTOR('',#3292,1.);
#2138=VECTOR('',#3293,1.);
#2139=VECTOR('',#3294,1.);
#2140=VECTOR('',#3299,1.);
#2141=VECTOR('',#3302,1.);
#2142=VECTOR('',#3315,1.);
#2143=VECTOR('',#3316,1.);
#2144=VECTOR('',#3321,1.);
#2145=VECTOR('',#3324,1.);
#2146=VECTOR('',#3337,1.);
#2147=VECTOR('',#3338,1.);
#2148=VECTOR('',#3343,1.);
#2149=VECTOR('',#3346,1.);
#2150=VECTOR('',#3359,1.);
#2151=VECTOR('',#3360,1.);
#2152=VECTOR('',#3365,1.);
#2153=VECTOR('',#3368,1.);
#2154=VECTOR('',#3381,1.);
#2155=VECTOR('',#3382,1.);
#2156=VECTOR('',#3387,1.);
#2157=VECTOR('',#3390,1.);
#2158=VECTOR('',#3403,1.);
#2159=VECTOR('',#3404,1.);
#2160=VECTOR('',#3409,1.);
#2161=VECTOR('',#3412,1.);
#2162=VECTOR('',#3425,1.);
#2163=VECTOR('',#3426,1.);
#2164=VECTOR('',#3431,1.);
#2165=VECTOR('',#3434,1.);
#2166=VECTOR('',#3447,1.);
#2167=VECTOR('',#3448,1.);
#2168=VECTOR('',#3453,1.);
#2169=VECTOR('',#3456,1.);
#2170=VECTOR('',#3469,1.);
#2171=VECTOR('',#3470,1.);
#2172=VECTOR('',#3475,1.);
#2173=VECTOR('',#3478,1.);
#2174=VECTOR('',#3491,1.);
#2175=VECTOR('',#3492,1.);
#2176=VECTOR('',#3497,1.);
#2177=VECTOR('',#3500,1.);
#2178=VECTOR('',#3513,1.);
#2179=VECTOR('',#3514,1.);
#2180=VECTOR('',#3519,1.);
#2181=VECTOR('',#3522,1.);
#2182=VECTOR('',#3535,1.);
#2183=VECTOR('',#3536,1.);
#2184=VECTOR('',#3541,1.);
#2185=VECTOR('',#3544,1.);
#2186=VECTOR('',#3557,1.);
#2187=VECTOR('',#3558,1.);
#2188=VECTOR('',#3563,1.);
#2189=VECTOR('',#3566,1.);
#2190=VECTOR('',#3579,1.);
#2191=VECTOR('',#3580,1.);
#2192=VECTOR('',#3585,1.);
#2193=VECTOR('',#3588,1.);
#2194=VECTOR('',#3601,1.);
#2195=VECTOR('',#3602,1.);
#2196=VECTOR('',#3607,1.);
#2197=VECTOR('',#3610,1.);
#2198=VECTOR('',#3639,1.);
#2199=VECTOR('',#3642,1.);
#2200=VECTOR('',#3645,1.);
#2201=VECTOR('',#3648,1.);
#2202=VECTOR('',#3655,1.);
#2203=VECTOR('',#3656,1.);
#2204=VECTOR('',#3657,1.);
#2205=VECTOR('',#3660,1.);
#2206=VECTOR('',#3661,1.);
#2207=VECTOR('',#3662,1.);
#2208=VECTOR('',#3665,1.);
#2209=VECTOR('',#3666,1.);
#2210=VECTOR('',#3667,1.);
#2211=VECTOR('',#3668,1.);
#2212=VECTOR('',#3669,1.);
#2213=VECTOR('',#3670,1.);
#2214=VECTOR('',#3671,1.);
#2215=VECTOR('',#3672,1.);
#2216=VECTOR('',#3675,1.);
#2217=VECTOR('',#3676,1.);
#2218=VECTOR('',#3677,1.);
#2219=VECTOR('',#3678,1.);
#2220=VECTOR('',#3679,1.);
#2221=VECTOR('',#3680,1.);
#2222=VECTOR('',#3681,1.);
#2223=VECTOR('',#3682,1.);
#2224=VECTOR('',#3685,1.);
#2225=VECTOR('',#3686,1.);
#2226=VECTOR('',#3687,1.);
#2227=VECTOR('',#3692,1.);
#2228=VECTOR('',#3693,1.);
#2229=VECTOR('',#3696,1.);
#2230=VECTOR('',#3697,1.);
#2231=VECTOR('',#3700,1.);
#2232=VECTOR('',#3701,1.);
#2233=VECTOR('',#3704,1.);
#2234=VECTOR('',#3705,1.);
#2235=VECTOR('',#3712,1.);
#2236=VECTOR('',#3713,1.);
#2237=VECTOR('',#3716,1.);
#2238=VECTOR('',#3717,1.);
#2239=VECTOR('',#3736,1.);
#2240=VECTOR('',#3737,1.);
#2241=VECTOR('',#3738,1.);
#2242=VECTOR('',#3739,1.);
#2243=VECTOR('',#3742,1.);
#2244=VECTOR('',#3743,1.);
#2245=VECTOR('',#3744,1.);
#2246=VECTOR('',#3745,1.);
#2247=VECTOR('',#3748,1.);
#2248=VECTOR('',#3749,1.);
#2249=VECTOR('',#3750,1.);
#2250=VECTOR('',#3751,1.);
#2251=VECTOR('',#3754,1.);
#2252=VECTOR('',#3755,1.);
#2253=VECTOR('',#3756,1.);
#2254=VECTOR('',#3757,1.);
#2255=VECTOR('',#3760,1.);
#2256=VECTOR('',#3761,1.);
#2257=VECTOR('',#3764,1.);
#2258=VECTOR('',#3765,1.);
#2259=VECTOR('',#3768,1.);
#2260=VECTOR('',#3769,1.);
#2261=VECTOR('',#3772,1.);
#2262=VECTOR('',#3773,1.);
#2263=VECTOR('',#3776,1.);
#2264=VECTOR('',#3777,1.);
#2265=VECTOR('',#3780,1.);
#2266=VECTOR('',#3781,1.);
#2267=VECTOR('',#3784,1.);
#2268=VECTOR('',#3785,1.);
#2269=VECTOR('',#3788,1.);
#2270=VECTOR('',#3789,1.);
#2271=VECTOR('',#3792,1.);
#2272=VECTOR('',#3793,1.);
#2273=VECTOR('',#3794,1.);
#2274=VECTOR('',#3797,1.);
#2275=VECTOR('',#3798,1.);
#2276=VECTOR('',#3801,1.);
#2277=VECTOR('',#3804,1.);
#2278=VECTOR('',#3807,1.);
#2279=VECTOR('',#3810,1.);
#2280=VECTOR('',#3813,1.);
#2281=VECTOR('',#3816,1.);
#2282=VECTOR('',#3821,1.);
#2283=VECTOR('',#3822,1.);
#2284=VECTOR('',#3825,1.);
#2285=VECTOR('',#3826,1.);
#2286=VECTOR('',#3837,1.);
#2287=VECTOR('',#3840,1.);
#2288=VECTOR('',#3843,1.);
#2289=VECTOR('',#3846,1.);
#2290=EDGE_LOOP('',(#315,#316,#317,#318));
#2291=EDGE_LOOP('',(#319,#320,#321,#322));
#2292=EDGE_LOOP('',(#323,#324,#325,#326));
#2293=EDGE_LOOP('',(#327));
#2294=EDGE_LOOP('',(#328,#329,#330,#331));
#2295=EDGE_LOOP('',(#332));
#2296=EDGE_LOOP('',(#333,#334,#335,#336));
#2297=EDGE_LOOP('',(#337,#338,#339,#340,#341,#342));
#2298=EDGE_LOOP('',(#343,#344,#345,#346,#347,#348,#349,#350));
#2299=EDGE_LOOP('',(#351,#352,#353,#354));
#2300=EDGE_LOOP('',(#355,#356,#357,#358,#359,#360,#361,#362));
#2301=EDGE_LOOP('',(#363,#364,#365,#366));
#2302=EDGE_LOOP('',(#367,#368,#369,#370));
#2303=EDGE_LOOP('',(#371,#372,#373,#374));
#2304=EDGE_LOOP('',(#375,#376,#377,#378));
#2305=EDGE_LOOP('',(#379,#380,#381,#382));
#2306=EDGE_LOOP('',(#383,#384,#385,#386));
#2307=EDGE_LOOP('',(#387,#388,#389,#390));
#2308=EDGE_LOOP('',(#391,#392,#393,#394));
#2309=EDGE_LOOP('',(#395,#396,#397,#398));
#2310=EDGE_LOOP('',(#399,#400,#401,#402));
#2311=EDGE_LOOP('',(#403,#404,#405,#406));
#2312=EDGE_LOOP('',(#407,#408,#409,#410));
#2313=EDGE_LOOP('',(#411,#412,#413,#414));
#2314=EDGE_LOOP('',(#415,#416,#417,#418));
#2315=EDGE_LOOP('',(#419,#420,#421,#422));
#2316=EDGE_LOOP('',(#423,#424,#425,#426));
#2317=EDGE_LOOP('',(#427,#428,#429,#430));
#2318=EDGE_LOOP('',(#431,#432,#433,#434));
#2319=EDGE_LOOP('',(#435,#436,#437,#438));
#2320=EDGE_LOOP('',(#439,#440,#441,#442));
#2321=EDGE_LOOP('',(#443,#444,#445,#446));
#2322=EDGE_LOOP('',(#447,#448,#449,#450));
#2323=EDGE_LOOP('',(#451,#452,#453,#454));
#2324=EDGE_LOOP('',(#455,#456,#457,#458));
#2325=EDGE_LOOP('',(#459,#460,#461,#462));
#2326=EDGE_LOOP('',(#463,#464,#465,#466));
#2327=EDGE_LOOP('',(#467,#468,#469,#470));
#2328=EDGE_LOOP('',(#471,#472,#473,#474));
#2329=EDGE_LOOP('',(#475,#476,#477,#478));
#2330=EDGE_LOOP('',(#479,#480,#481,#482));
#2331=EDGE_LOOP('',(#483,#484,#485,#486));
#2332=EDGE_LOOP('',(#487,#488,#489,#490));
#2333=EDGE_LOOP('',(#491,#492,#493,#494));
#2334=EDGE_LOOP('',(#495,#496,#497,#498));
#2335=EDGE_LOOP('',(#499,#500,#501,#502));
#2336=EDGE_LOOP('',(#503,#504,#505,#506));
#2337=EDGE_LOOP('',(#507,#508,#509,#510));
#2338=EDGE_LOOP('',(#511,#512,#513,#514));
#2339=EDGE_LOOP('',(#515,#516,#517,#518));
#2340=EDGE_LOOP('',(#519,#520,#521,#522));
#2341=EDGE_LOOP('',(#523,#524,#525,#526));
#2342=EDGE_LOOP('',(#527,#528,#529,#530));
#2343=EDGE_LOOP('',(#531,#532,#533,#534));
#2344=EDGE_LOOP('',(#535,#536,#537,#538));
#2345=EDGE_LOOP('',(#539,#540,#541,#542));
#2346=EDGE_LOOP('',(#543,#544,#545,#546));
#2347=EDGE_LOOP('',(#547,#548,#549,#550));
#2348=EDGE_LOOP('',(#551,#552,#553,#554));
#2349=EDGE_LOOP('',(#555,#556,#557,#558));
#2350=EDGE_LOOP('',(#559,#560,#561,#562));
#2351=EDGE_LOOP('',(#563,#564,#565,#566));
#2352=EDGE_LOOP('',(#567,#568,#569,#570));
#2353=EDGE_LOOP('',(#571,#572,#573,#574));
#2354=EDGE_LOOP('',(#575,#576,#577,#578));
#2355=EDGE_LOOP('',(#579,#580,#581,#582));
#2356=EDGE_LOOP('',(#583,#584,#585,#586));
#2357=EDGE_LOOP('',(#587,#588,#589,#590));
#2358=EDGE_LOOP('',(#591,#592,#593,#594));
#2359=EDGE_LOOP('',(#595,#596,#597,#598));
#2360=EDGE_LOOP('',(#599,#600,#601,#602));
#2361=EDGE_LOOP('',(#603,#604,#605,#606));
#2362=EDGE_LOOP('',(#607,#608,#609,#610));
#2363=EDGE_LOOP('',(#611,#612,#613,#614));
#2364=EDGE_LOOP('',(#615,#616,#617,#618));
#2365=EDGE_LOOP('',(#619,#620,#621,#622));
#2366=EDGE_LOOP('',(#623,#624,#625,#626));
#2367=EDGE_LOOP('',(#627,#628,#629,#630));
#2368=EDGE_LOOP('',(#631,#632,#633,#634));
#2369=EDGE_LOOP('',(#635,#636,#637,#638));
#2370=EDGE_LOOP('',(#639,#640,#641,#642));
#2371=EDGE_LOOP('',(#643,#644,#645,#646));
#2372=EDGE_LOOP('',(#647,#648,#649,#650));
#2373=EDGE_LOOP('',(#651,#652,#653,#654));
#2374=EDGE_LOOP('',(#655,#656,#657,#658));
#2375=EDGE_LOOP('',(#659,#660,#661,#662));
#2376=EDGE_LOOP('',(#663,#664,#665,#666));
#2377=EDGE_LOOP('',(#667,#668,#669,#670));
#2378=EDGE_LOOP('',(#671,#672,#673,#674));
#2379=EDGE_LOOP('',(#675,#676,#677,#678));
#2380=EDGE_LOOP('',(#679,#680,#681,#682));
#2381=EDGE_LOOP('',(#683,#684,#685,#686));
#2382=EDGE_LOOP('',(#687,#688,#689,#690));
#2383=EDGE_LOOP('',(#691,#692,#693,#694));
#2384=EDGE_LOOP('',(#695,#696,#697,#698));
#2385=EDGE_LOOP('',(#699,#700,#701,#702));
#2386=EDGE_LOOP('',(#703,#704,#705,#706));
#2387=EDGE_LOOP('',(#707,#708,#709,#710));
#2388=EDGE_LOOP('',(#711,#712,#713,#714));
#2389=EDGE_LOOP('',(#715,#716,#717,#718));
#2390=EDGE_LOOP('',(#719,#720,#721,#722));
#2391=EDGE_LOOP('',(#723));
#2392=EDGE_LOOP('',(#724,#725,#726,#727,#728,#729,#730,#731,#732,#733,#734,
#735,#736,#737,#738,#739,#740,#741,#742,#743,#744,#745,#746,#747,#748,#749,
#750,#751,#752,#753,#754,#755,#756,#757,#758,#759,#760,#761,#762,#763,#764,
#765,#766,#767,#768,#769,#770,#771,#772,#773,#774,#775,#776,#777,#778,#779,
#780,#781,#782,#783,#784,#785,#786,#787,#788,#789,#790,#791,#792,#793,#794,
#795,#796,#797,#798,#799,#800,#801,#802,#803,#804,#805,#806,#807,#808,#809,
#810,#811,#812,#813));
#2393=EDGE_LOOP('',(#814));
#2394=EDGE_LOOP('',(#815));
#2395=EDGE_LOOP('',(#816));
#2396=EDGE_LOOP('',(#817));
#2397=EDGE_LOOP('',(#818,#819,#820,#821,#822,#823,#824,#825));
#2398=EDGE_LOOP('',(#826));
#2399=EDGE_LOOP('',(#827,#828,#829,#830,#831,#832,#833,#834,#835,#836,#837,
#838,#839,#840,#841,#842,#843,#844,#845,#846,#847,#848,#849,#850,#851,#852,
#853,#854,#855,#856,#857,#858,#859,#860,#861,#862,#863,#864,#865,#866,#867,
#868,#869,#870,#871,#872,#873,#874,#875,#876,#877,#878,#879,#880,#881,#882,
#883,#884,#885,#886,#887,#888,#889,#890,#891,#892,#893,#894,#895,#896,#897,
#898,#899,#900,#901,#902,#903,#904,#905,#906,#907,#908,#909,#910,#911,#912,
#913,#914,#915,#916));
#2400=EDGE_LOOP('',(#917));
#2401=EDGE_LOOP('',(#918,#919,#920,#921));
#2402=EDGE_LOOP('',(#922,#923,#924,#925));
#2403=EDGE_LOOP('',(#926,#927,#928,#929,#930,#931,#932,#933));
#2404=EDGE_LOOP('',(#934,#935,#936,#937,#938,#939,#940,#941));
#2405=EDGE_LOOP('',(#942,#943,#944,#945));
#2406=EDGE_LOOP('',(#946,#947,#948,#949));
#2407=EDGE_LOOP('',(#950,#951,#952,#953));
#2408=EDGE_LOOP('',(#954,#955,#956,#957));
#2409=EDGE_LOOP('',(#958,#959,#960,#961));
#2410=EDGE_LOOP('',(#962));
#2411=EDGE_LOOP('',(#963,#964,#965,#966,#967,#968,#969,#970));
#2412=EDGE_LOOP('',(#971));
#2413=EDGE_LOOP('',(#972));
#2414=EDGE_LOOP('',(#973));
#2415=EDGE_LOOP('',(#974));
#2416=EDGE_LOOP('',(#975));
#2417=EDGE_LOOP('',(#976));
#2418=EDGE_LOOP('',(#977));
#2419=EDGE_LOOP('',(#978));
#2420=EDGE_LOOP('',(#979));
#2421=EDGE_LOOP('',(#980));
#2422=EDGE_LOOP('',(#981,#982,#983,#984,#985,#986));
#2423=EDGE_LOOP('',(#987,#988,#989,#990,#991,#992));
#2424=EDGE_LOOP('',(#993,#994,#995,#996,#997,#998));
#2425=EDGE_LOOP('',(#999,#1000,#1001,#1002,#1003,#1004));
#2426=EDGE_LOOP('',(#1005,#1006,#1007,#1008,#1009));
#2427=EDGE_LOOP('',(#1010,#1011,#1012,#1013,#1014));
#2428=EDGE_LOOP('',(#1015,#1016,#1017,#1018,#1019));
#2429=EDGE_LOOP('',(#1020,#1021,#1022,#1023,#1024));
#2430=EDGE_LOOP('',(#1025,#1026,#1027,#1028,#1029));
#2431=EDGE_LOOP('',(#1030,#1031,#1032,#1033,#1034));
#2432=EDGE_LOOP('',(#1035,#1036,#1037,#1038,#1039));
#2433=EDGE_LOOP('',(#1040,#1041,#1042,#1043,#1044));
#2434=EDGE_LOOP('',(#1045,#1046,#1047,#1048));
#2435=EDGE_LOOP('',(#1049,#1050,#1051,#1052,#1053));
#2436=EDGE_LOOP('',(#1054,#1055,#1056,#1057,#1058,#1059));
#2437=EDGE_LOOP('',(#1060,#1061,#1062,#1063));
#2438=EDGE_LOOP('',(#1064,#1065,#1066,#1067,#1068,#1069,#1070));
#2439=EDGE_LOOP('',(#1071,#1072,#1073,#1074,#1075));
#2440=EDGE_LOOP('',(#1076,#1077,#1078,#1079));
#2441=EDGE_LOOP('',(#1080,#1081,#1082,#1083,#1084,#1085));
#2442=EDGE_LOOP('',(#1086,#1087,#1088,#1089,#1090,#1091,#1092));
#2443=EDGE_LOOP('',(#1093,#1094,#1095,#1096));
#2444=EDGE_LOOP('',(#1097,#1098,#1099,#1100));
#2445=EDGE_LOOP('',(#1101,#1102,#1103,#1104,#1105,#1106));
#2446=EDGE_LOOP('',(#1107,#1108,#1109,#1110,#1111,#1112));
#2447=EDGE_LOOP('',(#1113,#1114,#1115,#1116,#1117,#1118));
#2448=EDGE_LOOP('',(#1119,#1120,#1121,#1122,#1123,#1124));
#2449=EDGE_LOOP('',(#1125,#1126,#1127,#1128,#1129));
#2450=EDGE_LOOP('',(#1130,#1131,#1132,#1133,#1134));
#2451=EDGE_LOOP('',(#1135,#1136,#1137,#1138,#1139));
#2452=EDGE_LOOP('',(#1140,#1141,#1142,#1143,#1144));
#2453=EDGE_LOOP('',(#1145,#1146,#1147,#1148,#1149,#1150));
#2454=EDGE_LOOP('',(#1151,#1152,#1153,#1154,#1155,#1156));
#2455=FACE_BOUND('',#2290,.T.);
#2456=FACE_BOUND('',#2291,.T.);
#2457=FACE_BOUND('',#2292,.T.);
#2458=FACE_BOUND('',#2293,.T.);
#2459=FACE_BOUND('',#2294,.T.);
#2460=FACE_BOUND('',#2295,.T.);
#2461=FACE_BOUND('',#2296,.T.);
#2462=FACE_BOUND('',#2297,.T.);
#2463=FACE_BOUND('',#2298,.T.);
#2464=FACE_BOUND('',#2299,.T.);
#2465=FACE_BOUND('',#2300,.T.);
#2466=FACE_BOUND('',#2301,.T.);
#2467=FACE_BOUND('',#2302,.T.);
#2468=FACE_BOUND('',#2303,.T.);
#2469=FACE_BOUND('',#2304,.T.);
#2470=FACE_BOUND('',#2305,.T.);
#2471=FACE_BOUND('',#2306,.T.);
#2472=FACE_BOUND('',#2307,.T.);
#2473=FACE_BOUND('',#2308,.T.);
#2474=FACE_BOUND('',#2309,.T.);
#2475=FACE_BOUND('',#2310,.T.);
#2476=FACE_BOUND('',#2311,.T.);
#2477=FACE_BOUND('',#2312,.T.);
#2478=FACE_BOUND('',#2313,.T.);
#2479=FACE_BOUND('',#2314,.T.);
#2480=FACE_BOUND('',#2315,.T.);
#2481=FACE_BOUND('',#2316,.T.);
#2482=FACE_BOUND('',#2317,.T.);
#2483=FACE_BOUND('',#2318,.T.);
#2484=FACE_BOUND('',#2319,.T.);
#2485=FACE_BOUND('',#2320,.T.);
#2486=FACE_BOUND('',#2321,.T.);
#2487=FACE_BOUND('',#2322,.T.);
#2488=FACE_BOUND('',#2323,.T.);
#2489=FACE_BOUND('',#2324,.T.);
#2490=FACE_BOUND('',#2325,.T.);
#2491=FACE_BOUND('',#2326,.T.);
#2492=FACE_BOUND('',#2327,.T.);
#2493=FACE_BOUND('',#2328,.T.);
#2494=FACE_BOUND('',#2329,.T.);
#2495=FACE_BOUND('',#2330,.T.);
#2496=FACE_BOUND('',#2331,.T.);
#2497=FACE_BOUND('',#2332,.T.);
#2498=FACE_BOUND('',#2333,.T.);
#2499=FACE_BOUND('',#2334,.T.);
#2500=FACE_BOUND('',#2335,.T.);
#2501=FACE_BOUND('',#2336,.T.);
#2502=FACE_BOUND('',#2337,.T.);
#2503=FACE_BOUND('',#2338,.T.);
#2504=FACE_BOUND('',#2339,.T.);
#2505=FACE_BOUND('',#2340,.T.);
#2506=FACE_BOUND('',#2341,.T.);
#2507=FACE_BOUND('',#2342,.T.);
#2508=FACE_BOUND('',#2343,.T.);
#2509=FACE_BOUND('',#2344,.T.);
#2510=FACE_BOUND('',#2345,.T.);
#2511=FACE_BOUND('',#2346,.T.);
#2512=FACE_BOUND('',#2347,.T.);
#2513=FACE_BOUND('',#2348,.T.);
#2514=FACE_BOUND('',#2349,.T.);
#2515=FACE_BOUND('',#2350,.T.);
#2516=FACE_BOUND('',#2351,.T.);
#2517=FACE_BOUND('',#2352,.T.);
#2518=FACE_BOUND('',#2353,.T.);
#2519=FACE_BOUND('',#2354,.T.);
#2520=FACE_BOUND('',#2355,.T.);
#2521=FACE_BOUND('',#2356,.T.);
#2522=FACE_BOUND('',#2357,.T.);
#2523=FACE_BOUND('',#2358,.T.);
#2524=FACE_BOUND('',#2359,.T.);
#2525=FACE_BOUND('',#2360,.T.);
#2526=FACE_BOUND('',#2361,.T.);
#2527=FACE_BOUND('',#2362,.T.);
#2528=FACE_BOUND('',#2363,.T.);
#2529=FACE_BOUND('',#2364,.T.);
#2530=FACE_BOUND('',#2365,.T.);
#2531=FACE_BOUND('',#2366,.T.);
#2532=FACE_BOUND('',#2367,.T.);
#2533=FACE_BOUND('',#2368,.T.);
#2534=FACE_BOUND('',#2369,.T.);
#2535=FACE_BOUND('',#2370,.T.);
#2536=FACE_BOUND('',#2371,.T.);
#2537=FACE_BOUND('',#2372,.T.);
#2538=FACE_BOUND('',#2373,.T.);
#2539=FACE_BOUND('',#2374,.T.);
#2540=FACE_BOUND('',#2375,.T.);
#2541=FACE_BOUND('',#2376,.T.);
#2542=FACE_BOUND('',#2377,.T.);
#2543=FACE_BOUND('',#2378,.T.);
#2544=FACE_BOUND('',#2379,.T.);
#2545=FACE_BOUND('',#2380,.T.);
#2546=FACE_BOUND('',#2381,.T.);
#2547=FACE_BOUND('',#2382,.T.);
#2548=FACE_BOUND('',#2383,.T.);
#2549=FACE_BOUND('',#2384,.T.);
#2550=FACE_BOUND('',#2385,.T.);
#2551=FACE_BOUND('',#2386,.T.);
#2552=FACE_BOUND('',#2387,.T.);
#2553=FACE_BOUND('',#2388,.T.);
#2554=FACE_BOUND('',#2389,.T.);
#2555=FACE_BOUND('',#2390,.T.);
#2556=FACE_BOUND('',#2391,.T.);
#2557=FACE_BOUND('',#2392,.T.);
#2558=FACE_BOUND('',#2393,.T.);
#2559=FACE_BOUND('',#2394,.T.);
#2560=FACE_BOUND('',#2395,.T.);
#2561=FACE_BOUND('',#2396,.T.);
#2562=FACE_BOUND('',#2397,.T.);
#2563=FACE_BOUND('',#2398,.T.);
#2564=FACE_BOUND('',#2399,.T.);
#2565=FACE_BOUND('',#2400,.T.);
#2566=FACE_BOUND('',#2401,.T.);
#2567=FACE_BOUND('',#2402,.T.);
#2568=FACE_BOUND('',#2403,.T.);
#2569=FACE_BOUND('',#2404,.T.);
#2570=FACE_BOUND('',#2405,.T.);
#2571=FACE_BOUND('',#2406,.T.);
#2572=FACE_BOUND('',#2407,.T.);
#2573=FACE_BOUND('',#2408,.T.);
#2574=FACE_BOUND('',#2409,.T.);
#2575=FACE_BOUND('',#2410,.T.);
#2576=FACE_BOUND('',#2411,.T.);
#2577=FACE_BOUND('',#2412,.T.);
#2578=FACE_BOUND('',#2413,.T.);
#2579=FACE_BOUND('',#2414,.T.);
#2580=FACE_BOUND('',#2415,.T.);
#2581=FACE_BOUND('',#2416,.T.);
#2582=FACE_BOUND('',#2417,.T.);
#2583=FACE_BOUND('',#2418,.T.);
#2584=FACE_BOUND('',#2419,.T.);
#2585=FACE_BOUND('',#2420,.T.);
#2586=FACE_BOUND('',#2421,.T.);
#2587=FACE_BOUND('',#2422,.T.);
#2588=FACE_BOUND('',#2423,.T.);
#2589=FACE_BOUND('',#2424,.T.);
#2590=FACE_BOUND('',#2425,.T.);
#2591=FACE_BOUND('',#2426,.T.);
#2592=FACE_BOUND('',#2427,.T.);
#2593=FACE_BOUND('',#2428,.T.);
#2594=FACE_BOUND('',#2429,.T.);
#2595=FACE_BOUND('',#2430,.T.);
#2596=FACE_BOUND('',#2431,.T.);
#2597=FACE_BOUND('',#2432,.T.);
#2598=FACE_BOUND('',#2433,.T.);
#2599=FACE_BOUND('',#2434,.T.);
#2600=FACE_BOUND('',#2435,.T.);
#2601=FACE_BOUND('',#2436,.T.);
#2602=FACE_BOUND('',#2437,.T.);
#2603=FACE_BOUND('',#2438,.T.);
#2604=FACE_BOUND('',#2439,.T.);
#2605=FACE_BOUND('',#2440,.T.);
#2606=FACE_BOUND('',#2441,.T.);
#2607=FACE_BOUND('',#2442,.T.);
#2608=FACE_BOUND('',#2443,.T.);
#2609=FACE_BOUND('',#2444,.T.);
#2610=FACE_BOUND('',#2445,.T.);
#2611=FACE_BOUND('',#2446,.T.);
#2612=FACE_BOUND('',#2447,.T.);
#2613=FACE_BOUND('',#2448,.T.);
#2614=FACE_BOUND('',#2449,.T.);
#2615=FACE_BOUND('',#2450,.T.);
#2616=FACE_BOUND('',#2451,.T.);
#2617=FACE_BOUND('',#2452,.T.);
#2618=FACE_BOUND('',#2453,.T.);
#2619=FACE_BOUND('',#2454,.T.);
#2620=PLANE('',#2836);
#2621=PLANE('',#2838);
#2622=PLANE('',#2850);
#2623=PLANE('',#2852);
#2624=PLANE('',#2853);
#2625=PLANE('',#3034);
#2626=PLANE('',#3038);
#2627=PLANE('',#3046);
#2628=PLANE('',#3047);
#2629=PLANE('',#3048);
#2630=PLANE('',#3049);
#2631=PLANE('',#3050);
#2632=PLANE('',#3051);
#2633=PLANE('',#3053);
#2634=PLANE('',#3054);
#2635=PLANE('',#3055);
#2636=PLANE('',#3056);
#2637=PLANE('',#3061);
#2638=PLANE('',#3063);
#2639=PLANE('',#3066);
#2640=PLANE('',#3069);
#2641=PLANE('',#3070);
#2642=PLANE('',#3071);
#2643=PLANE('',#3072);
#2644=PLANE('',#3073);
#2645=PLANE('',#3074);
#2646=PLANE('',#3075);
#2647=PLANE('',#3076);
#2648=PLANE('',#3077);
#2649=PLANE('',#3078);
#2650=PLANE('',#3079);
#2651=PLANE('',#3080);
#2652=PLANE('',#3081);
#2653=PLANE('',#3082);
#2654=PLANE('',#3083);
#2655=PLANE('',#3084);
#2656=PLANE('',#3085);
#2657=PLANE('',#3086);
#2658=PLANE('',#3087);
#2659=PLANE('',#3088);
#2660=PLANE('',#3089);
#2661=PLANE('',#3090);
#2662=PLANE('',#3091);
#2663=PLANE('',#3092);
#2664=PLANE('',#3093);
#2665=PLANE('',#3094);
#2666=PLANE('',#3095);
#2667=PLANE('',#3096);
#2668=PLANE('',#3097);
#2669=PLANE('',#3098);
#2670=PLANE('',#3099);
#2671=PLANE('',#3100);
#2672=PLANE('',#3101);
#2673=ADVANCED_FACE('',(#2455),#2620,.T.);
#2674=ADVANCED_FACE('',(#2456),#2621,.F.);
#2675=ADVANCED_FACE('',(#2457,#2458),#110,.F.);
#2676=ADVANCED_FACE('',(#2459,#2460),#111,.F.);
#2677=ADVANCED_FACE('',(#2461),#2622,.T.);
#2678=ADVANCED_FACE('',(#2462,#2463),#2623,.T.);
#2679=ADVANCED_FACE('',(#2464,#2465),#2624,.F.);
#2680=ADVANCED_FACE('',(#2466),#112,.T.);
#2681=ADVANCED_FACE('',(#2467),#113,.T.);
#2682=ADVANCED_FACE('',(#2468),#114,.T.);
#2683=ADVANCED_FACE('',(#2469),#115,.T.);
#2684=ADVANCED_FACE('',(#2470),#116,.T.);
#2685=ADVANCED_FACE('',(#2471),#117,.T.);
#2686=ADVANCED_FACE('',(#2472),#118,.T.);
#2687=ADVANCED_FACE('',(#2473),#119,.T.);
#2688=ADVANCED_FACE('',(#2474),#120,.T.);
#2689=ADVANCED_FACE('',(#2475),#121,.T.);
#2690=ADVANCED_FACE('',(#2476),#122,.T.);
#2691=ADVANCED_FACE('',(#2477),#123,.T.);
#2692=ADVANCED_FACE('',(#2478),#124,.T.);
#2693=ADVANCED_FACE('',(#2479),#125,.T.);
#2694=ADVANCED_FACE('',(#2480),#126,.T.);
#2695=ADVANCED_FACE('',(#2481),#72,.T.);
#2696=ADVANCED_FACE('',(#2482),#73,.F.);
#2697=ADVANCED_FACE('',(#2483),#127,.T.);
#2698=ADVANCED_FACE('',(#2484),#128,.F.);
#2699=ADVANCED_FACE('',(#2485),#129,.F.);
#2700=ADVANCED_FACE('',(#2486),#74,.T.);
#2701=ADVANCED_FACE('',(#2487),#75,.F.);
#2702=ADVANCED_FACE('',(#2488),#130,.T.);
#2703=ADVANCED_FACE('',(#2489),#131,.F.);
#2704=ADVANCED_FACE('',(#2490),#132,.F.);
#2705=ADVANCED_FACE('',(#2491),#76,.T.);
#2706=ADVANCED_FACE('',(#2492),#77,.F.);
#2707=ADVANCED_FACE('',(#2493),#133,.T.);
#2708=ADVANCED_FACE('',(#2494),#134,.F.);
#2709=ADVANCED_FACE('',(#2495),#135,.F.);
#2710=ADVANCED_FACE('',(#2496),#78,.T.);
#2711=ADVANCED_FACE('',(#2497),#79,.F.);
#2712=ADVANCED_FACE('',(#2498),#136,.T.);
#2713=ADVANCED_FACE('',(#2499),#137,.F.);
#2714=ADVANCED_FACE('',(#2500),#138,.F.);
#2715=ADVANCED_FACE('',(#2501),#80,.T.);
#2716=ADVANCED_FACE('',(#2502),#81,.F.);
#2717=ADVANCED_FACE('',(#2503),#139,.T.);
#2718=ADVANCED_FACE('',(#2504),#140,.F.);
#2719=ADVANCED_FACE('',(#2505),#141,.F.);
#2720=ADVANCED_FACE('',(#2506),#82,.T.);
#2721=ADVANCED_FACE('',(#2507),#83,.F.);
#2722=ADVANCED_FACE('',(#2508),#142,.T.);
#2723=ADVANCED_FACE('',(#2509),#143,.F.);
#2724=ADVANCED_FACE('',(#2510),#144,.F.);
#2725=ADVANCED_FACE('',(#2511),#84,.T.);
#2726=ADVANCED_FACE('',(#2512),#85,.F.);
#2727=ADVANCED_FACE('',(#2513),#145,.T.);
#2728=ADVANCED_FACE('',(#2514),#146,.F.);
#2729=ADVANCED_FACE('',(#2515),#147,.F.);
#2730=ADVANCED_FACE('',(#2516),#86,.T.);
#2731=ADVANCED_FACE('',(#2517),#87,.F.);
#2732=ADVANCED_FACE('',(#2518),#148,.T.);
#2733=ADVANCED_FACE('',(#2519),#149,.F.);
#2734=ADVANCED_FACE('',(#2520),#150,.F.);
#2735=ADVANCED_FACE('',(#2521),#88,.T.);
#2736=ADVANCED_FACE('',(#2522),#89,.F.);
#2737=ADVANCED_FACE('',(#2523),#151,.T.);
#2738=ADVANCED_FACE('',(#2524),#152,.F.);
#2739=ADVANCED_FACE('',(#2525),#153,.F.);
#2740=ADVANCED_FACE('',(#2526),#90,.T.);
#2741=ADVANCED_FACE('',(#2527),#91,.F.);
#2742=ADVANCED_FACE('',(#2528),#154,.T.);
#2743=ADVANCED_FACE('',(#2529),#155,.F.);
#2744=ADVANCED_FACE('',(#2530),#156,.F.);
#2745=ADVANCED_FACE('',(#2531),#92,.T.);
#2746=ADVANCED_FACE('',(#2532),#93,.F.);
#2747=ADVANCED_FACE('',(#2533),#157,.T.);
#2748=ADVANCED_FACE('',(#2534),#158,.F.);
#2749=ADVANCED_FACE('',(#2535),#159,.F.);
#2750=ADVANCED_FACE('',(#2536),#94,.T.);
#2751=ADVANCED_FACE('',(#2537),#95,.F.);
#2752=ADVANCED_FACE('',(#2538),#160,.T.);
#2753=ADVANCED_FACE('',(#2539),#161,.F.);
#2754=ADVANCED_FACE('',(#2540),#162,.F.);
#2755=ADVANCED_FACE('',(#2541),#96,.T.);
#2756=ADVANCED_FACE('',(#2542),#97,.F.);
#2757=ADVANCED_FACE('',(#2543),#163,.T.);
#2758=ADVANCED_FACE('',(#2544),#164,.F.);
#2759=ADVANCED_FACE('',(#2545),#165,.F.);
#2760=ADVANCED_FACE('',(#2546),#98,.T.);
#2761=ADVANCED_FACE('',(#2547),#99,.F.);
#2762=ADVANCED_FACE('',(#2548),#166,.T.);
#2763=ADVANCED_FACE('',(#2549),#167,.F.);
#2764=ADVANCED_FACE('',(#2550),#168,.F.);
#2765=ADVANCED_FACE('',(#2551),#100,.T.);
#2766=ADVANCED_FACE('',(#2552),#101,.F.);
#2767=ADVANCED_FACE('',(#2553),#169,.T.);
#2768=ADVANCED_FACE('',(#2554),#170,.F.);
#2769=ADVANCED_FACE('',(#2555),#171,.F.);
#2770=ADVANCED_FACE('',(#2556,#2557),#2625,.F.);
#2771=ADVANCED_FACE('',(#2558,#2559),#172,.T.);
#2772=ADVANCED_FACE('',(#2560,#2561),#2626,.T.);
#2773=ADVANCED_FACE('',(#2562,#2563),#173,.T.);
#2774=ADVANCED_FACE('',(#2564,#2565),#2627,.F.);
#2775=ADVANCED_FACE('',(#2566),#2628,.F.);
#2776=ADVANCED_FACE('',(#2567),#2629,.F.);
#2777=ADVANCED_FACE('',(#2568),#2630,.F.);
#2778=ADVANCED_FACE('',(#2569),#2631,.T.);
#2779=ADVANCED_FACE('',(#2570),#2632,.T.);
#2780=ADVANCED_FACE('',(#2571),#2633,.T.);
#2781=ADVANCED_FACE('',(#2572),#2634,.F.);
#2782=ADVANCED_FACE('',(#2573),#2635,.F.);
#2783=ADVANCED_FACE('',(#2574),#2636,.T.);
#2784=ADVANCED_FACE('',(#2575,#2576),#174,.T.);
#2785=ADVANCED_FACE('',(#2577,#2578),#2637,.T.);
#2786=ADVANCED_FACE('',(#2579,#2580),#2638,.T.);
#2787=ADVANCED_FACE('',(#2581,#2582),#175,.F.);
#2788=ADVANCED_FACE('',(#2583,#2584),#2639,.T.);
#2789=ADVANCED_FACE('',(#2585,#2586),#176,.F.);
#2790=ADVANCED_FACE('',(#2587),#2640,.F.);
#2791=ADVANCED_FACE('',(#2588),#2641,.T.);
#2792=ADVANCED_FACE('',(#2589),#2642,.T.);
#2793=ADVANCED_FACE('',(#2590),#2643,.F.);
#2794=ADVANCED_FACE('',(#2591),#2644,.T.);
#2795=ADVANCED_FACE('',(#2592),#2645,.F.);
#2796=ADVANCED_FACE('',(#2593),#2646,.T.);
#2797=ADVANCED_FACE('',(#2594),#2647,.F.);
#2798=ADVANCED_FACE('',(#2595),#2648,.F.);
#2799=ADVANCED_FACE('',(#2596),#2649,.T.);
#2800=ADVANCED_FACE('',(#2597),#2650,.F.);
#2801=ADVANCED_FACE('',(#2598),#2651,.T.);
#2802=ADVANCED_FACE('',(#2599),#2652,.F.);
#2803=ADVANCED_FACE('',(#2600),#2653,.T.);
#2804=ADVANCED_FACE('',(#2601),#2654,.T.);
#2805=ADVANCED_FACE('',(#2602),#2655,.T.);
#2806=ADVANCED_FACE('',(#2603),#2656,.F.);
#2807=ADVANCED_FACE('',(#2604),#2657,.F.);
#2808=ADVANCED_FACE('',(#2605),#2658,.T.);
#2809=ADVANCED_FACE('',(#2606),#2659,.F.);
#2810=ADVANCED_FACE('',(#2607),#2660,.T.);
#2811=ADVANCED_FACE('',(#2608),#2661,.F.);
#2812=ADVANCED_FACE('',(#2609),#2662,.T.);
#2813=ADVANCED_FACE('',(#2610),#2663,.F.);
#2814=ADVANCED_FACE('',(#2611),#2664,.T.);
#2815=ADVANCED_FACE('',(#2612),#2665,.T.);
#2816=ADVANCED_FACE('',(#2613),#2666,.F.);
#2817=ADVANCED_FACE('',(#2614),#2667,.T.);
#2818=ADVANCED_FACE('',(#2615),#2668,.F.);
#2819=ADVANCED_FACE('',(#2616),#2669,.F.);
#2820=ADVANCED_FACE('',(#2617),#2670,.T.);
#2821=ADVANCED_FACE('',(#2618),#2671,.T.);
#2822=ADVANCED_FACE('',(#2619),#2672,.F.);
#2823=CLOSED_SHELL('',(#2673,#2674,#2675,#2676,#2677,#2678,#2679,#2680,
#2681,#2682,#2683,#2684,#2685,#2686,#2687,#2688,#2689,#2690,#2691,#2692,
#2693,#2694,#2695,#2696,#2697,#2698,#2699,#2700,#2701,#2702,#2703,#2704,
#2705,#2706,#2707,#2708,#2709,#2710,#2711,#2712,#2713,#2714,#2715,#2716,
#2717,#2718,#2719,#2720,#2721,#2722,#2723,#2724,#2725,#2726,#2727,#2728,
#2729,#2730,#2731,#2732,#2733,#2734,#2735,#2736,#2737,#2738,#2739,#2740,
#2741,#2742,#2743,#2744,#2745,#2746,#2747,#2748,#2749,#2750,#2751,#2752,
#2753,#2754,#2755,#2756,#2757,#2758,#2759,#2760,#2761,#2762,#2763,#2764,
#2765,#2766,#2767,#2768,#2769,#2770,#2771,#2772,#2773,#2774,#2775,#2776,
#2777,#2778,#2779,#2780,#2781,#2782,#2783,#2784,#2785,#2786,#2787,#2788,
#2789,#2790,#2791,#2792,#2793,#2794,#2795,#2796,#2797,#2798,#2799,#2800,
#2801,#2802,#2803,#2804,#2805,#2806,#2807,#2808,#2809,#2810,#2811,#2812,
#2813,#2814,#2815,#2816,#2817,#2818,#2819,#2820,#2821,#2822));
#2824=STYLED_ITEM('',(#2825),#2832);
#2825=PRESENTATION_STYLE_ASSIGNMENT((#2826));
#2826=SURFACE_STYLE_USAGE(.BOTH.,#2827);
#2827=SURFACE_SIDE_STYLE('',(#2828));
#2828=SURFACE_STYLE_FILL_AREA(#2829);
#2829=FILL_AREA_STYLE('',(#2830));
#2830=FILL_AREA_STYLE_COLOUR('',#2831);
#2831=COLOUR_RGB('',0.866666666666667,0.32156862745098,0.156862745098039);
#2832=MANIFOLD_SOLID_BREP('WeaponV2',#2823);
#2833=SHAPE_DEFINITION_REPRESENTATION(#7561,#2834);
#2834=SHAPE_REPRESENTATION('WeaponV2',(#2835),#7556);
#2835=AXIS2_PLACEMENT_3D('',#3851,#3102,#3103);
#2836=AXIS2_PLACEMENT_3D('',#3852,#3104,#3105);
#2837=AXIS2_PLACEMENT_3D('',#3858,#3108,#3109);
#2838=AXIS2_PLACEMENT_3D('',#3861,#3111,#3112);
#2839=AXIS2_PLACEMENT_3D('',#3867,#3115,#3116);
#2840=AXIS2_PLACEMENT_3D('',#3870,#3118,#3119);
#2841=AXIS2_PLACEMENT_3D('',#3871,#3120,#3121);
#2842=AXIS2_PLACEMENT_3D('',#3873,#3122,#3123);
#2843=AXIS2_PLACEMENT_3D('',#3875,#3124,#3125);
#2844=AXIS2_PLACEMENT_3D('',#3876,#3126,#3127);
#2845=AXIS2_PLACEMENT_3D('',#3878,#3128,#3129);
#2846=AXIS2_PLACEMENT_3D('',#3879,#3130,#3131);
#2847=AXIS2_PLACEMENT_3D('',#3881,#3132,#3133);
#2848=AXIS2_PLACEMENT_3D('',#3883,#3134,#3135);
#2849=AXIS2_PLACEMENT_3D('',#3884,#3136,#3137);
#2850=AXIS2_PLACEMENT_3D('',#3886,#3138,#3139);
#2851=AXIS2_PLACEMENT_3D('',#3894,#3143,#3144);
#2852=AXIS2_PLACEMENT_3D('',#3895,#3145,#3146);
#2853=AXIS2_PLACEMENT_3D('',#3921,#3160,#3161);
#2854=AXIS2_PLACEMENT_3D('',#3943,#3173,#3174);
#2855=AXIS2_PLACEMENT_3D('',#3947,#3176,#3177);
#2856=AXIS2_PLACEMENT_3D('',#3951,#3179,#3180);
#2857=AXIS2_PLACEMENT_3D('',#3952,#3181,#3182);
#2858=AXIS2_PLACEMENT_3D('',#3956,#3184,#3185);
#2859=AXIS2_PLACEMENT_3D('',#3960,#3187,#3188);
#2860=AXIS2_PLACEMENT_3D('',#3961,#3189,#3190);
#2861=AXIS2_PLACEMENT_3D('',#3965,#3192,#3193);
#2862=AXIS2_PLACEMENT_3D('',#3969,#3195,#3196);
#2863=AXIS2_PLACEMENT_3D('',#3970,#3197,#3198);
#2864=AXIS2_PLACEMENT_3D('',#3971,#3199,#3200);
#2865=AXIS2_PLACEMENT_3D('',#3976,#3202,#3203);
#2866=AXIS2_PLACEMENT_3D('',#3979,#3205,#3206);
#2867=AXIS2_PLACEMENT_3D('',#3983,#3208,#3209);
#2868=AXIS2_PLACEMENT_3D('',#3987,#3211,#3212);
#2869=AXIS2_PLACEMENT_3D('',#3988,#3213,#3214);
#2870=AXIS2_PLACEMENT_3D('',#3989,#3215,#3216);
#2871=AXIS2_PLACEMENT_3D('',#3994,#3218,#3219);
#2872=AXIS2_PLACEMENT_3D('',#3997,#3221,#3222);
#2873=AXIS2_PLACEMENT_3D('',#3998,#3223,#3224);
#2874=AXIS2_PLACEMENT_3D('',#4003,#3226,#3227);
#2875=AXIS2_PLACEMENT_3D('',#4006,#3229,#3230);
#2876=AXIS2_PLACEMENT_3D('',#4007,#3231,#3232);
#2877=AXIS2_PLACEMENT_3D('',#4012,#3234,#3235);
#2878=AXIS2_PLACEMENT_3D('',#4015,#3237,#3238);
#2879=AXIS2_PLACEMENT_3D('',#4019,#3240,#3241);
#2880=AXIS2_PLACEMENT_3D('',#4023,#3243,#3244);
#2881=AXIS2_PLACEMENT_3D('',#4024,#3245,#3246);
#2882=AXIS2_PLACEMENT_3D('',#4025,#3247,#3248);
#2883=AXIS2_PLACEMENT_3D('',#4030,#3250,#3251);
#2884=AXIS2_PLACEMENT_3D('',#4033,#3253,#3254);
#2885=AXIS2_PLACEMENT_3D('',#4037,#3256,#3257);
#2886=AXIS2_PLACEMENT_3D('',#4041,#3259,#3260);
#2887=AXIS2_PLACEMENT_3D('',#4042,#3261,#3262);
#2888=AXIS2_PLACEMENT_3D('',#4046,#3264,#3265);
#2889=AXIS2_PLACEMENT_3D('',#4050,#3267,#3268);
#2890=AXIS2_PLACEMENT_3D('',#4051,#3269,#3270);
#2891=AXIS2_PLACEMENT_3D('',#4052,#3271,#3272);
#2892=AXIS2_PLACEMENT_3D('',#4057,#3274,#3275);
#2893=AXIS2_PLACEMENT_3D('',#4060,#3277,#3278);
#2894=AXIS2_PLACEMENT_3D('',#4061,#3279,#3280);
#2895=AXIS2_PLACEMENT_3D('',#4066,#3282,#3283);
#2896=AXIS2_PLACEMENT_3D('',#4069,#3285,#3286);
#2897=AXIS2_PLACEMENT_3D('',#4070,#3287,#3288);
#2898=AXIS2_PLACEMENT_3D('',#4075,#3290,#3291);
#2899=AXIS2_PLACEMENT_3D('',#4280,#3295,#3296);
#2900=AXIS2_PLACEMENT_3D('',#4281,#3297,#3298);
#2901=AXIS2_PLACEMENT_3D('',#4286,#3300,#3301);
#2902=AXIS2_PLACEMENT_3D('',#4289,#3303,#3304);
#2903=AXIS2_PLACEMENT_3D('',#4290,#3305,#3306);
#2904=AXIS2_PLACEMENT_3D('',#4291,#3307,#3308);
#2905=AXIS2_PLACEMENT_3D('',#4292,#3309,#3310);
#2906=AXIS2_PLACEMENT_3D('',#4293,#3311,#3312);
#2907=AXIS2_PLACEMENT_3D('',#4294,#3313,#3314);
#2908=AXIS2_PLACEMENT_3D('',#4497,#3317,#3318);
#2909=AXIS2_PLACEMENT_3D('',#4498,#3319,#3320);
#2910=AXIS2_PLACEMENT_3D('',#4503,#3322,#3323);
#2911=AXIS2_PLACEMENT_3D('',#4506,#3325,#3326);
#2912=AXIS2_PLACEMENT_3D('',#4507,#3327,#3328);
#2913=AXIS2_PLACEMENT_3D('',#4508,#3329,#3330);
#2914=AXIS2_PLACEMENT_3D('',#4509,#3331,#3332);
#2915=AXIS2_PLACEMENT_3D('',#4510,#3333,#3334);
#2916=AXIS2_PLACEMENT_3D('',#4511,#3335,#3336);
#2917=AXIS2_PLACEMENT_3D('',#4714,#3339,#3340);
#2918=AXIS2_PLACEMENT_3D('',#4715,#3341,#3342);
#2919=AXIS2_PLACEMENT_3D('',#4720,#3344,#3345);
#2920=AXIS2_PLACEMENT_3D('',#4723,#3347,#3348);
#2921=AXIS2_PLACEMENT_3D('',#4724,#3349,#3350);
#2922=AXIS2_PLACEMENT_3D('',#4725,#3351,#3352);
#2923=AXIS2_PLACEMENT_3D('',#4726,#3353,#3354);
#2924=AXIS2_PLACEMENT_3D('',#4727,#3355,#3356);
#2925=AXIS2_PLACEMENT_3D('',#4728,#3357,#3358);
#2926=AXIS2_PLACEMENT_3D('',#4931,#3361,#3362);
#2927=AXIS2_PLACEMENT_3D('',#4932,#3363,#3364);
#2928=AXIS2_PLACEMENT_3D('',#4937,#3366,#3367);
#2929=AXIS2_PLACEMENT_3D('',#4940,#3369,#3370);
#2930=AXIS2_PLACEMENT_3D('',#4941,#3371,#3372);
#2931=AXIS2_PLACEMENT_3D('',#4942,#3373,#3374);
#2932=AXIS2_PLACEMENT_3D('',#4943,#3375,#3376);
#2933=AXIS2_PLACEMENT_3D('',#4944,#3377,#3378);
#2934=AXIS2_PLACEMENT_3D('',#4945,#3379,#3380);
#2935=AXIS2_PLACEMENT_3D('',#5148,#3383,#3384);
#2936=AXIS2_PLACEMENT_3D('',#5149,#3385,#3386);
#2937=AXIS2_PLACEMENT_3D('',#5154,#3388,#3389);
#2938=AXIS2_PLACEMENT_3D('',#5157,#3391,#3392);
#2939=AXIS2_PLACEMENT_3D('',#5158,#3393,#3394);
#2940=AXIS2_PLACEMENT_3D('',#5159,#3395,#3396);
#2941=AXIS2_PLACEMENT_3D('',#5160,#3397,#3398);
#2942=AXIS2_PLACEMENT_3D('',#5161,#3399,#3400);
#2943=AXIS2_PLACEMENT_3D('',#5162,#3401,#3402);
#2944=AXIS2_PLACEMENT_3D('',#5365,#3405,#3406);
#2945=AXIS2_PLACEMENT_3D('',#5366,#3407,#3408);
#2946=AXIS2_PLACEMENT_3D('',#5371,#3410,#3411);
#2947=AXIS2_PLACEMENT_3D('',#5374,#3413,#3414);
#2948=AXIS2_PLACEMENT_3D('',#5375,#3415,#3416);
#2949=AXIS2_PLACEMENT_3D('',#5376,#3417,#3418);
#2950=AXIS2_PLACEMENT_3D('',#5377,#3419,#3420);
#2951=AXIS2_PLACEMENT_3D('',#5378,#3421,#3422);
#2952=AXIS2_PLACEMENT_3D('',#5379,#3423,#3424);
#2953=AXIS2_PLACEMENT_3D('',#5582,#3427,#3428);
#2954=AXIS2_PLACEMENT_3D('',#5583,#3429,#3430);
#2955=AXIS2_PLACEMENT_3D('',#5588,#3432,#3433);
#2956=AXIS2_PLACEMENT_3D('',#5591,#3435,#3436);
#2957=AXIS2_PLACEMENT_3D('',#5592,#3437,#3438);
#2958=AXIS2_PLACEMENT_3D('',#5593,#3439,#3440);
#2959=AXIS2_PLACEMENT_3D('',#5594,#3441,#3442);
#2960=AXIS2_PLACEMENT_3D('',#5595,#3443,#3444);
#2961=AXIS2_PLACEMENT_3D('',#5596,#3445,#3446);
#2962=AXIS2_PLACEMENT_3D('',#5799,#3449,#3450);
#2963=AXIS2_PLACEMENT_3D('',#5800,#3451,#3452);
#2964=AXIS2_PLACEMENT_3D('',#5805,#3454,#3455);
#2965=AXIS2_PLACEMENT_3D('',#5808,#3457,#3458);
#2966=AXIS2_PLACEMENT_3D('',#5809,#3459,#3460);
#2967=AXIS2_PLACEMENT_3D('',#5810,#3461,#3462);
#2968=AXIS2_PLACEMENT_3D('',#5811,#3463,#3464);
#2969=AXIS2_PLACEMENT_3D('',#5812,#3465,#3466);
#2970=AXIS2_PLACEMENT_3D('',#5813,#3467,#3468);
#2971=AXIS2_PLACEMENT_3D('',#6016,#3471,#3472);
#2972=AXIS2_PLACEMENT_3D('',#6017,#3473,#3474);
#2973=AXIS2_PLACEMENT_3D('',#6022,#3476,#3477);
#2974=AXIS2_PLACEMENT_3D('',#6025,#3479,#3480);
#2975=AXIS2_PLACEMENT_3D('',#6026,#3481,#3482);
#2976=AXIS2_PLACEMENT_3D('',#6027,#3483,#3484);
#2977=AXIS2_PLACEMENT_3D('',#6028,#3485,#3486);
#2978=AXIS2_PLACEMENT_3D('',#6029,#3487,#3488);
#2979=AXIS2_PLACEMENT_3D('',#6030,#3489,#3490);
#2980=AXIS2_PLACEMENT_3D('',#6233,#3493,#3494);
#2981=AXIS2_PLACEMENT_3D('',#6234,#3495,#3496);
#2982=AXIS2_PLACEMENT_3D('',#6239,#3498,#3499);
#2983=AXIS2_PLACEMENT_3D('',#6242,#3501,#3502);
#2984=AXIS2_PLACEMENT_3D('',#6243,#3503,#3504);
#2985=AXIS2_PLACEMENT_3D('',#6244,#3505,#3506);
#2986=AXIS2_PLACEMENT_3D('',#6245,#3507,#3508);
#2987=AXIS2_PLACEMENT_3D('',#6246,#3509,#3510);
#2988=AXIS2_PLACEMENT_3D('',#6247,#3511,#3512);
#2989=AXIS2_PLACEMENT_3D('',#6450,#3515,#3516);
#2990=AXIS2_PLACEMENT_3D('',#6451,#3517,#3518);
#2991=AXIS2_PLACEMENT_3D('',#6456,#3520,#3521);
#2992=AXIS2_PLACEMENT_3D('',#6459,#3523,#3524);
#2993=AXIS2_PLACEMENT_3D('',#6460,#3525,#3526);
#2994=AXIS2_PLACEMENT_3D('',#6461,#3527,#3528);
#2995=AXIS2_PLACEMENT_3D('',#6462,#3529,#3530);
#2996=AXIS2_PLACEMENT_3D('',#6463,#3531,#3532);
#2997=AXIS2_PLACEMENT_3D('',#6464,#3533,#3534);
#2998=AXIS2_PLACEMENT_3D('',#6667,#3537,#3538);
#2999=AXIS2_PLACEMENT_3D('',#6668,#3539,#3540);
#3000=AXIS2_PLACEMENT_3D('',#6673,#3542,#3543);
#3001=AXIS2_PLACEMENT_3D('',#6676,#3545,#3546);
#3002=AXIS2_PLACEMENT_3D('',#6677,#3547,#3548);
#3003=AXIS2_PLACEMENT_3D('',#6678,#3549,#3550);
#3004=AXIS2_PLACEMENT_3D('',#6679,#3551,#3552);
#3005=AXIS2_PLACEMENT_3D('',#6680,#3553,#3554);
#3006=AXIS2_PLACEMENT_3D('',#6681,#3555,#3556);
#3007=AXIS2_PLACEMENT_3D('',#6884,#3559,#3560);
#3008=AXIS2_PLACEMENT_3D('',#6885,#3561,#3562);
#3009=AXIS2_PLACEMENT_3D('',#6890,#3564,#3565);
#3010=AXIS2_PLACEMENT_3D('',#6893,#3567,#3568);
#3011=AXIS2_PLACEMENT_3D('',#6894,#3569,#3570);
#3012=AXIS2_PLACEMENT_3D('',#6895,#3571,#3572);
#3013=AXIS2_PLACEMENT_3D('',#6896,#3573,#3574);
#3014=AXIS2_PLACEMENT_3D('',#6897,#3575,#3576);
#3015=AXIS2_PLACEMENT_3D('',#6898,#3577,#3578);
#3016=AXIS2_PLACEMENT_3D('',#7101,#3581,#3582);
#3017=AXIS2_PLACEMENT_3D('',#7102,#3583,#3584);
#3018=AXIS2_PLACEMENT_3D('',#7107,#3586,#3587);
#3019=AXIS2_PLACEMENT_3D('',#7110,#3589,#3590);
#3020=AXIS2_PLACEMENT_3D('',#7111,#3591,#3592);
#3021=AXIS2_PLACEMENT_3D('',#7112,#3593,#3594);
#3022=AXIS2_PLACEMENT_3D('',#7113,#3595,#3596);
#3023=AXIS2_PLACEMENT_3D('',#7114,#3597,#3598);
#3024=AXIS2_PLACEMENT_3D('',#7115,#3599,#3600);
#3025=AXIS2_PLACEMENT_3D('',#7318,#3603,#3604);
#3026=AXIS2_PLACEMENT_3D('',#7319,#3605,#3606);
#3027=AXIS2_PLACEMENT_3D('',#7324,#3608,#3609);
#3028=AXIS2_PLACEMENT_3D('',#7327,#3611,#3612);
#3029=AXIS2_PLACEMENT_3D('',#7328,#3613,#3614);
#3030=AXIS2_PLACEMENT_3D('',#7329,#3615,#3616);
#3031=AXIS2_PLACEMENT_3D('',#7330,#3617,#3618);
#3032=AXIS2_PLACEMENT_3D('',#7331,#3619,#3620);
#3033=AXIS2_PLACEMENT_3D('',#7332,#3621,#3622);
#3034=AXIS2_PLACEMENT_3D('',#7333,#3623,#3624);
#3035=AXIS2_PLACEMENT_3D('',#7334,#3625,#3626);
#3036=AXIS2_PLACEMENT_3D('',#7336,#3627,#3628);
#3037=AXIS2_PLACEMENT_3D('',#7337,#3629,#3630);
#3038=AXIS2_PLACEMENT_3D('',#7339,#3631,#3632);
#3039=AXIS2_PLACEMENT_3D('',#7340,#3633,#3634);
#3040=AXIS2_PLACEMENT_3D('',#7342,#3635,#3636);
#3041=AXIS2_PLACEMENT_3D('',#7343,#3637,#3638);
#3042=AXIS2_PLACEMENT_3D('',#7348,#3640,#3641);
#3043=AXIS2_PLACEMENT_3D('',#7352,#3643,#3644);
#3044=AXIS2_PLACEMENT_3D('',#7356,#3646,#3647);
#3045=AXIS2_PLACEMENT_3D('',#7359,#3649,#3650);
#3046=AXIS2_PLACEMENT_3D('',#7361,#3651,#3652);
#3047=AXIS2_PLACEMENT_3D('',#7362,#3653,#3654);
#3048=AXIS2_PLACEMENT_3D('',#7368,#3658,#3659);
#3049=AXIS2_PLACEMENT_3D('',#7374,#3663,#3664);
#3050=AXIS2_PLACEMENT_3D('',#7391,#3673,#3674);
#3051=AXIS2_PLACEMENT_3D('',#7408,#3683,#3684);
#3052=AXIS2_PLACEMENT_3D('',#7416,#3688,#3689);
#3053=AXIS2_PLACEMENT_3D('',#7417,#3690,#3691);
#3054=AXIS2_PLACEMENT_3D('',#7420,#3694,#3695);
#3055=AXIS2_PLACEMENT_3D('',#7423,#3698,#3699);
#3056=AXIS2_PLACEMENT_3D('',#7426,#3702,#3703);
#3057=AXIS2_PLACEMENT_3D('',#7429,#3706,#3707);
#3058=AXIS2_PLACEMENT_3D('',#7430,#3708,#3709);
#3059=AXIS2_PLACEMENT_3D('',#7432,#3710,#3711);
#3060=AXIS2_PLACEMENT_3D('',#7438,#3714,#3715);
#3061=AXIS2_PLACEMENT_3D('',#7442,#3718,#3719);
#3062=AXIS2_PLACEMENT_3D('',#7443,#3720,#3721);
#3063=AXIS2_PLACEMENT_3D('',#7445,#3722,#3723);
#3064=AXIS2_PLACEMENT_3D('',#7446,#3724,#3725);
#3065=AXIS2_PLACEMENT_3D('',#7448,#3726,#3727);
#3066=AXIS2_PLACEMENT_3D('',#7449,#3728,#3729);
#3067=AXIS2_PLACEMENT_3D('',#7450,#3730,#3731);
#3068=AXIS2_PLACEMENT_3D('',#7452,#3732,#3733);
#3069=AXIS2_PLACEMENT_3D('',#7453,#3734,#3735);
#3070=AXIS2_PLACEMENT_3D('',#7460,#3740,#3741);
#3071=AXIS2_PLACEMENT_3D('',#7467,#3746,#3747);
#3072=AXIS2_PLACEMENT_3D('',#7474,#3752,#3753);
#3073=AXIS2_PLACEMENT_3D('',#7481,#3758,#3759);
#3074=AXIS2_PLACEMENT_3D('',#7485,#3762,#3763);
#3075=AXIS2_PLACEMENT_3D('',#7489,#3766,#3767);
#3076=AXIS2_PLACEMENT_3D('',#7493,#3770,#3771);
#3077=AXIS2_PLACEMENT_3D('',#7497,#3774,#3775);
#3078=AXIS2_PLACEMENT_3D('',#7501,#3778,#3779);
#3079=AXIS2_PLACEMENT_3D('',#7505,#3782,#3783);
#3080=AXIS2_PLACEMENT_3D('',#7509,#3786,#3787);
#3081=AXIS2_PLACEMENT_3D('',#7513,#3790,#3791);
#3082=AXIS2_PLACEMENT_3D('',#7519,#3795,#3796);
#3083=AXIS2_PLACEMENT_3D('',#7522,#3799,#3800);
#3084=AXIS2_PLACEMENT_3D('',#7524,#3802,#3803);
#3085=AXIS2_PLACEMENT_3D('',#7526,#3805,#3806);
#3086=AXIS2_PLACEMENT_3D('',#7528,#3808,#3809);
#3087=AXIS2_PLACEMENT_3D('',#7530,#3811,#3812);
#3088=AXIS2_PLACEMENT_3D('',#7532,#3814,#3815);
#3089=AXIS2_PLACEMENT_3D('',#7534,#3817,#3818);
#3090=AXIS2_PLACEMENT_3D('',#7535,#3819,#3820);
#3091=AXIS2_PLACEMENT_3D('',#7538,#3823,#3824);
#3092=AXIS2_PLACEMENT_3D('',#7541,#3827,#3828);
#3093=AXIS2_PLACEMENT_3D('',#7542,#3829,#3830);
#3094=AXIS2_PLACEMENT_3D('',#7543,#3831,#3832);
#3095=AXIS2_PLACEMENT_3D('',#7544,#3833,#3834);
#3096=AXIS2_PLACEMENT_3D('',#7545,#3835,#3836);
#3097=AXIS2_PLACEMENT_3D('',#7547,#3838,#3839);
#3098=AXIS2_PLACEMENT_3D('',#7549,#3841,#3842);
#3099=AXIS2_PLACEMENT_3D('',#7551,#3844,#3845);
#3100=AXIS2_PLACEMENT_3D('',#7553,#3847,#3848);
#3101=AXIS2_PLACEMENT_3D('',#7554,#3849,#3850);
#3102=DIRECTION('',(0.,0.,1.));
#3103=DIRECTION('',(1.,0.,0.));
#3104=DIRECTION('',(0.,-1.,0.));
#3105=DIRECTION('',(0.,0.,-1.));
#3106=DIRECTION('',(1.,0.,0.));
#3107=DIRECTION('',(0.,0.,1.));
#3108=DIRECTION('',(0.,-1.,0.));
#3109=DIRECTION('',(0.,0.,-1.));
#3110=DIRECTION('',(0.,0.,-1.));
#3111=DIRECTION('',(0.,-1.,0.));
#3112=DIRECTION('',(0.,0.,-1.));
#3113=DIRECTION('',(1.,0.,0.));
#3114=DIRECTION('',(0.,0.,-1.));
#3115=DIRECTION('',(0.,-1.,0.));
#3116=DIRECTION('',(0.,0.,-1.));
#3117=DIRECTION('',(0.,0.,1.));
#3118=DIRECTION('',(0.,-1.,0.));
#3119=DIRECTION('',(0.,0.,-1.));
#3120=DIRECTION('',(-0.707106781186548,-0.707106781186548,0.));
#3121=DIRECTION('',(0.707106781186548,-0.707106781186548,0.));
#3122=DIRECTION('',(0.,-1.,0.));
#3123=DIRECTION('',(0.,0.,-1.));
#3124=DIRECTION('',(-0.707106781186548,0.707106781186548,0.));
#3125=DIRECTION('',(-0.707106781186548,-0.707106781186548,0.));
#3126=DIRECTION('',(0.,1.,0.));
#3127=DIRECTION('',(0.,0.,1.));
#3128=DIRECTION('',(0.,-1.,0.));
#3129=DIRECTION('',(0.,0.,-1.));
#3130=DIRECTION('',(0.707106781186531,-0.707106781186564,0.));
#3131=DIRECTION('',(-0.707106781186564,-0.707106781186531,0.));
#3132=DIRECTION('',(0.,-1.,0.));
#3133=DIRECTION('',(0.,0.,-1.));
#3134=DIRECTION('',(0.707106781186548,0.707106781186548,0.));
#3135=DIRECTION('',(0.707106781186548,-0.707106781186548,0.));
#3136=DIRECTION('',(0.,-1.,0.));
#3137=DIRECTION('',(0.,0.,-1.));
#3138=DIRECTION('',(0.,1.,0.));
#3139=DIRECTION('',(-1.,0.,0.));
#3140=DIRECTION('',(0.999990576182353,0.,-0.00434137610497003));
#3141=DIRECTION('',(1.42846206608535E-16,0.,-1.));
#3142=DIRECTION('',(0.999990576182354,0.,0.00434137610497089));
#3143=DIRECTION('',(0.,1.,0.));
#3144=DIRECTION('',(0.,0.,1.));
#3145=DIRECTION('',(0.,0.,1.));
#3146=DIRECTION('',(1.,0.,0.));
#3147=DIRECTION('',(1.,0.,0.));
#3148=DIRECTION('',(0.,1.,0.));
#3149=DIRECTION('',(-1.,0.,0.));
#3150=DIRECTION('',(-0.579014221097988,0.815317442329238,1.42430489700176E-32));
#3151=DIRECTION('',(0.,-1.,0.));
#3152=DIRECTION('',(-0.579014221097988,-0.815317442329238,0.));
#3153=DIRECTION('',(0.,-1.,0.));
#3154=DIRECTION('',(0.707106781186548,0.707106781186548,0.));
#3155=DIRECTION('',(1.,0.,0.));
#3156=DIRECTION('',(-0.707106781186548,0.707106781186548,0.));
#3157=DIRECTION('',(0.,-1.,0.));
#3158=DIRECTION('',(-0.707106781186564,-0.707106781186531,0.));
#3159=DIRECTION('',(0.707106781186548,-0.707106781186548,0.));
#3160=DIRECTION('',(0.,0.,1.));
#3161=DIRECTION('',(1.,0.,0.));
#3162=DIRECTION('',(1.,0.,0.));
#3163=DIRECTION('',(0.,-1.,0.));
#3164=DIRECTION('',(-1.,0.,0.));
#3165=DIRECTION('',(0.,1.,0.));
#3166=DIRECTION('',(-0.707106781186548,-0.707106781186548,0.));
#3167=DIRECTION('',(0.,-1.,0.));
#3168=DIRECTION('',(-0.707106781186548,0.707106781186548,0.));
#3169=DIRECTION('',(1.,0.,0.));
#3170=DIRECTION('',(0.707106781186564,0.707106781186531,0.));
#3171=DIRECTION('',(0.,-1.,0.));
#3172=DIRECTION('',(0.707106781186548,-0.707106781186548,0.));
#3173=DIRECTION('',(0.,1.,0.));
#3174=DIRECTION('',(0.,0.,1.));
#3175=DIRECTION('',(0.,1.,0.));
#3176=DIRECTION('',(0.,-1.,0.));
#3177=DIRECTION('',(0.,0.,-1.));
#3178=DIRECTION('',(0.,1.,0.));
#3179=DIRECTION('',(0.,-1.,0.));
#3180=DIRECTION('',(0.,0.,-1.));
#3181=DIRECTION('',(0.,1.,0.));
#3182=DIRECTION('',(0.,0.,1.));
#3183=DIRECTION('',(0.,1.,0.));
#3184=DIRECTION('',(0.,-1.,0.));
#3185=DIRECTION('',(0.,0.,-1.));
#3186=DIRECTION('',(0.,1.,0.));
#3187=DIRECTION('',(0.,-1.,0.));
#3188=DIRECTION('',(0.,0.,-1.));
#3189=DIRECTION('',(0.,1.,0.));
#3190=DIRECTION('',(0.,0.,1.));
#3191=DIRECTION('',(0.,1.,0.));
#3192=DIRECTION('',(0.,-1.,0.));
#3193=DIRECTION('',(0.,0.,-1.));
#3194=DIRECTION('',(0.,1.,0.));
#3195=DIRECTION('',(0.,-1.,0.));
#3196=DIRECTION('',(0.,0.,-1.));
#3197=DIRECTION('',(0.,1.,0.));
#3198=DIRECTION('',(0.,0.,1.));
#3199=DIRECTION('',(0.,-1.,0.));
#3200=DIRECTION('',(0.,0.,-1.));
#3201=DIRECTION('',(0.,1.,0.));
#3202=DIRECTION('',(0.,-1.,0.));
#3203=DIRECTION('',(0.,0.,-1.));
#3204=DIRECTION('',(0.,1.,0.));
#3205=DIRECTION('',(0.,1.,0.));
#3206=DIRECTION('',(0.,0.,1.));
#3207=DIRECTION('',(0.,1.,0.));
#3208=DIRECTION('',(0.,-1.,0.));
#3209=DIRECTION('',(0.,0.,-1.));
#3210=DIRECTION('',(0.,1.,0.));
#3211=DIRECTION('',(0.,-1.,0.));
#3212=DIRECTION('',(0.,0.,-1.));
#3213=DIRECTION('',(0.,1.,0.));
#3214=DIRECTION('',(0.,0.,1.));
#3215=DIRECTION('',(0.,-1.,0.));
#3216=DIRECTION('',(0.,0.,-1.));
#3217=DIRECTION('',(0.,1.,0.));
#3218=DIRECTION('',(0.,-1.,0.));
#3219=DIRECTION('',(0.,0.,-1.));
#3220=DIRECTION('',(0.,1.,0.));
#3221=DIRECTION('',(0.,1.,0.));
#3222=DIRECTION('',(0.,0.,1.));
#3223=DIRECTION('',(0.,-1.,0.));
#3224=DIRECTION('',(0.,0.,-1.));
#3225=DIRECTION('',(0.,1.,0.));
#3226=DIRECTION('',(0.,-1.,0.));
#3227=DIRECTION('',(0.,0.,-1.));
#3228=DIRECTION('',(0.,1.,0.));
#3229=DIRECTION('',(0.,1.,0.));
#3230=DIRECTION('',(0.,0.,1.));
#3231=DIRECTION('',(0.,-1.,0.));
#3232=DIRECTION('',(0.,0.,-1.));
#3233=DIRECTION('',(0.,1.,0.));
#3234=DIRECTION('',(0.,-1.,0.));
#3235=DIRECTION('',(0.,0.,-1.));
#3236=DIRECTION('',(0.,1.,0.));
#3237=DIRECTION('',(0.,1.,0.));
#3238=DIRECTION('',(0.,0.,1.));
#3239=DIRECTION('',(0.,1.,0.));
#3240=DIRECTION('',(0.,-1.,0.));
#3241=DIRECTION('',(0.,0.,-1.));
#3242=DIRECTION('',(0.,1.,0.));
#3243=DIRECTION('',(0.,-1.,0.));
#3244=DIRECTION('',(0.,0.,-1.));
#3245=DIRECTION('',(0.,1.,0.));
#3246=DIRECTION('',(0.,0.,1.));
#3247=DIRECTION('',(0.,-1.,0.));
#3248=DIRECTION('',(0.,0.,-1.));
#3249=DIRECTION('',(0.,1.,0.));
#3250=DIRECTION('',(0.,-1.,0.));
#3251=DIRECTION('',(0.,0.,-1.));
#3252=DIRECTION('',(0.,1.,0.));
#3253=DIRECTION('',(0.,1.,0.));
#3254=DIRECTION('',(0.,0.,1.));
#3255=DIRECTION('',(0.,1.,0.));
#3256=DIRECTION('',(0.,-1.,0.));
#3257=DIRECTION('',(0.,0.,-1.));
#3258=DIRECTION('',(0.,1.,0.));
#3259=DIRECTION('',(0.,-1.,0.));
#3260=DIRECTION('',(0.,0.,-1.));
#3261=DIRECTION('',(0.,1.,0.));
#3262=DIRECTION('',(0.,0.,1.));
#3263=DIRECTION('',(0.,1.,0.));
#3264=DIRECTION('',(0.,-1.,0.));
#3265=DIRECTION('',(0.,0.,-1.));
#3266=DIRECTION('',(0.,1.,0.));
#3267=DIRECTION('',(0.,-1.,0.));
#3268=DIRECTION('',(0.,0.,-1.));
#3269=DIRECTION('',(0.,1.,0.));
#3270=DIRECTION('',(0.,0.,1.));
#3271=DIRECTION('',(0.,-1.,0.));
#3272=DIRECTION('',(0.,0.,-1.));
#3273=DIRECTION('',(0.,1.,0.));
#3274=DIRECTION('',(0.,-1.,0.));
#3275=DIRECTION('',(0.,0.,-1.));
#3276=DIRECTION('',(0.,1.,0.));
#3277=DIRECTION('',(0.,1.,0.));
#3278=DIRECTION('',(0.,0.,1.));
#3279=DIRECTION('',(0.,-1.,0.));
#3280=DIRECTION('',(0.,0.,-1.));
#3281=DIRECTION('',(0.,1.,0.));
#3282=DIRECTION('',(0.,-1.,0.));
#3283=DIRECTION('',(0.,0.,-1.));
#3284=DIRECTION('',(0.,1.,0.));
#3285=DIRECTION('',(0.,1.,0.));
#3286=DIRECTION('',(0.,0.,1.));
#3287=DIRECTION('',(0.,-1.,0.));
#3288=DIRECTION('',(0.,0.,-1.));
#3289=DIRECTION('',(0.,1.,0.));
#3290=DIRECTION('',(0.,-1.,0.));
#3291=DIRECTION('',(0.,0.,-1.));
#3292=DIRECTION('',(0.,1.,0.));
#3293=DIRECTION('',(0.,1.,0.));
#3294=DIRECTION('',(0.,1.,0.));
#3295=DIRECTION('',(0.,1.,0.));
#3296=DIRECTION('',(0.,0.,1.));
#3297=DIRECTION('',(0.,-1.,0.));
#3298=DIRECTION('',(0.,0.,-1.));
#3299=DIRECTION('',(0.,1.,0.));
#3300=DIRECTION('',(0.,-1.,0.));
#3301=DIRECTION('',(0.,0.,-1.));
#3302=DIRECTION('',(0.,1.,0.));
#3303=DIRECTION('',(0.,1.,0.));
#3304=DIRECTION('',(0.,0.,1.));
#3305=DIRECTION('',(0.,-1.,0.));
#3306=DIRECTION('',(0.,0.,-1.));
#3307=DIRECTION('',(0.,-1.,0.));
#3308=DIRECTION('',(0.,0.,-1.));
#3309=DIRECTION('',(0.,1.,0.));
#3310=DIRECTION('',(0.,0.,1.));
#3311=DIRECTION('',(0.,-1.,0.));
#3312=DIRECTION('',(0.,0.,-1.));
#3313=DIRECTION('',(0.,-1.,0.));
#3314=DIRECTION('',(0.,0.,-1.));
#3315=DIRECTION('',(0.,1.,0.));
#3316=DIRECTION('',(0.,1.,0.));
#3317=DIRECTION('',(0.,1.,0.));
#3318=DIRECTION('',(0.866025403784438,0.,-0.5));
#3319=DIRECTION('',(0.,-1.,0.));
#3320=DIRECTION('',(-0.866025403784438,0.,0.5));
#3321=DIRECTION('',(0.,1.,0.));
#3322=DIRECTION('',(0.,-1.,0.));
#3323=DIRECTION('',(-0.866025403784438,0.,0.5));
#3324=DIRECTION('',(0.,1.,0.));
#3325=DIRECTION('',(0.,1.,0.));
#3326=DIRECTION('',(0.866025403784438,0.,-0.5));
#3327=DIRECTION('',(0.,-1.,0.));
#3328=DIRECTION('',(-0.866025403784438,0.,0.5));
#3329=DIRECTION('',(0.,-1.,0.));
#3330=DIRECTION('',(-0.866025403784438,0.,0.5));
#3331=DIRECTION('',(0.,1.,0.));
#3332=DIRECTION('',(0.866025403784438,0.,-0.5));
#3333=DIRECTION('',(0.,-1.,0.));
#3334=DIRECTION('',(-0.866025403784438,0.,0.5));
#3335=DIRECTION('',(0.,-1.,0.));
#3336=DIRECTION('',(-0.866025403784438,0.,0.5));
#3337=DIRECTION('',(0.,1.,0.));
#3338=DIRECTION('',(0.,1.,0.));
#3339=DIRECTION('',(0.,1.,0.));
#3340=DIRECTION('',(0.587785252292473,0.,-0.809016994374948));
#3341=DIRECTION('',(0.,-1.,0.));
#3342=DIRECTION('',(-0.587785252292473,0.,0.809016994374948));
#3343=DIRECTION('',(0.,1.,0.));
#3344=DIRECTION('',(0.,-1.,0.));
#3345=DIRECTION('',(-0.587785252292473,0.,0.809016994374948));
#3346=DIRECTION('',(0.,1.,0.));
#3347=DIRECTION('',(0.,1.,0.));
#3348=DIRECTION('',(0.587785252292473,0.,-0.809016994374948));
#3349=DIRECTION('',(0.,-1.,0.));
#3350=DIRECTION('',(-0.587785252292473,0.,0.809016994374948));
#3351=DIRECTION('',(0.,-1.,0.));
#3352=DIRECTION('',(-0.587785252292473,0.,0.809016994374948));
#3353=DIRECTION('',(0.,1.,0.));
#3354=DIRECTION('',(0.587785252292473,0.,-0.809016994374948));
#3355=DIRECTION('',(0.,-1.,0.));
#3356=DIRECTION('',(-0.587785252292473,0.,0.809016994374948));
#3357=DIRECTION('',(0.,-1.,0.));
#3358=DIRECTION('',(-0.587785252292473,0.,0.809016994374948));
#3359=DIRECTION('',(0.,1.,0.));
#3360=DIRECTION('',(0.,1.,0.));
#3361=DIRECTION('',(0.,1.,0.));
#3362=DIRECTION('',(0.994521895368273,0.,-0.104528463267653));
#3363=DIRECTION('',(0.,-1.,0.));
#3364=DIRECTION('',(-0.994521895368273,0.,0.104528463267653));
#3365=DIRECTION('',(0.,1.,0.));
#3366=DIRECTION('',(0.,-1.,0.));
#3367=DIRECTION('',(-0.994521895368273,0.,0.104528463267653));
#3368=DIRECTION('',(0.,1.,0.));
#3369=DIRECTION('',(0.,1.,0.));
#3370=DIRECTION('',(0.994521895368273,0.,-0.104528463267653));
#3371=DIRECTION('',(0.,-1.,0.));
#3372=DIRECTION('',(-0.994521895368273,0.,0.104528463267653));
#3373=DIRECTION('',(0.,-1.,0.));
#3374=DIRECTION('',(-0.994521895368273,0.,0.104528463267653));
#3375=DIRECTION('',(0.,1.,0.));
#3376=DIRECTION('',(0.994521895368273,0.,-0.104528463267653));
#3377=DIRECTION('',(0.,-1.,0.));
#3378=DIRECTION('',(-0.994521895368273,0.,0.104528463267653));
#3379=DIRECTION('',(0.,-1.,0.));
#3380=DIRECTION('',(-0.994521895368273,0.,0.104528463267653));
#3381=DIRECTION('',(0.,1.,0.));
#3382=DIRECTION('',(0.,1.,0.));
#3383=DIRECTION('',(0.,1.,0.));
#3384=DIRECTION('',(0.951056516295154,0.,0.309016994374948));
#3385=DIRECTION('',(0.,-1.,0.));
#3386=DIRECTION('',(-0.951056516295154,0.,-0.309016994374948));
#3387=DIRECTION('',(0.,1.,0.));
#3388=DIRECTION('',(0.,-1.,0.));
#3389=DIRECTION('',(-0.951056516295154,0.,-0.309016994374948));
#3390=DIRECTION('',(0.,1.,0.));
#3391=DIRECTION('',(0.,1.,0.));
#3392=DIRECTION('',(0.951056516295154,0.,0.309016994374948));
#3393=DIRECTION('',(0.,-1.,0.));
#3394=DIRECTION('',(-0.951056516295154,0.,-0.309016994374948));
#3395=DIRECTION('',(0.,-1.,0.));
#3396=DIRECTION('',(-0.951056516295154,0.,-0.309016994374948));
#3397=DIRECTION('',(0.,1.,0.));
#3398=DIRECTION('',(0.951056516295154,0.,0.309016994374948));
#3399=DIRECTION('',(0.,-1.,0.));
#3400=DIRECTION('',(-0.951056516295154,0.,-0.309016994374948));
#3401=DIRECTION('',(0.,-1.,0.));
#3402=DIRECTION('',(-0.951056516295154,0.,-0.309016994374948));
#3403=DIRECTION('',(0.,1.,0.));
#3404=DIRECTION('',(0.,1.,0.));
#3405=DIRECTION('',(0.,1.,0.));
#3406=DIRECTION('',(0.4067366430758,0.,0.913545457642601));
#3407=DIRECTION('',(0.,-1.,0.));
#3408=DIRECTION('',(-0.4067366430758,0.,-0.913545457642601));
#3409=DIRECTION('',(0.,1.,0.));
#3410=DIRECTION('',(0.,-1.,0.));
#3411=DIRECTION('',(-0.4067366430758,0.,-0.913545457642601));
#3412=DIRECTION('',(0.,1.,0.));
#3413=DIRECTION('',(0.,1.,0.));
#3414=DIRECTION('',(0.4067366430758,0.,0.913545457642601));
#3415=DIRECTION('',(0.,-1.,0.));
#3416=DIRECTION('',(-0.4067366430758,0.,-0.913545457642601));
#3417=DIRECTION('',(0.,-1.,0.));
#3418=DIRECTION('',(-0.4067366430758,0.,-0.913545457642601));
#3419=DIRECTION('',(0.,1.,0.));
#3420=DIRECTION('',(0.4067366430758,0.,0.913545457642601));
#3421=DIRECTION('',(0.,-1.,0.));
#3422=DIRECTION('',(-0.4067366430758,0.,-0.913545457642601));
#3423=DIRECTION('',(0.,-1.,0.));
#3424=DIRECTION('',(-0.4067366430758,0.,-0.913545457642601));
#3425=DIRECTION('',(0.,1.,0.));
#3426=DIRECTION('',(0.,1.,0.));
#3427=DIRECTION('',(0.,1.,0.));
#3428=DIRECTION('',(0.743144825477395,0.,0.669130606358858));
#3429=DIRECTION('',(0.,-1.,0.));
#3430=DIRECTION('',(-0.743144825477395,0.,-0.669130606358858));
#3431=DIRECTION('',(0.,1.,0.));
#3432=DIRECTION('',(0.,-1.,0.));
#3433=DIRECTION('',(-0.743144825477395,0.,-0.669130606358858));
#3434=DIRECTION('',(0.,1.,0.));
#3435=DIRECTION('',(0.,1.,0.));
#3436=DIRECTION('',(0.743144825477395,0.,0.669130606358858));
#3437=DIRECTION('',(0.,-1.,0.));
#3438=DIRECTION('',(-0.743144825477395,0.,-0.669130606358858));
#3439=DIRECTION('',(0.,-1.,0.));
#3440=DIRECTION('',(-0.743144825477395,0.,-0.669130606358858));
#3441=DIRECTION('',(0.,1.,0.));
#3442=DIRECTION('',(0.743144825477395,0.,0.669130606358858));
#3443=DIRECTION('',(0.,-1.,0.));
#3444=DIRECTION('',(-0.743144825477395,0.,-0.669130606358858));
#3445=DIRECTION('',(0.,-1.,0.));
#3446=DIRECTION('',(-0.743144825477395,0.,-0.669130606358858));
#3447=DIRECTION('',(0.,1.,0.));
#3448=DIRECTION('',(0.,1.,0.));
#3449=DIRECTION('',(0.,1.,0.));
#3450=DIRECTION('',(0.207911690817759,0.,-0.978147600733806));
#3451=DIRECTION('',(0.,-1.,0.));
#3452=DIRECTION('',(-0.207911690817759,0.,0.978147600733806));
#3453=DIRECTION('',(0.,1.,0.));
#3454=DIRECTION('',(0.,-1.,0.));
#3455=DIRECTION('',(-0.207911690817759,0.,0.978147600733806));
#3456=DIRECTION('',(0.,1.,0.));
#3457=DIRECTION('',(0.,1.,0.));
#3458=DIRECTION('',(0.207911690817759,0.,-0.978147600733806));
#3459=DIRECTION('',(0.,-1.,0.));
#3460=DIRECTION('',(-0.207911690817759,0.,0.978147600733806));
#3461=DIRECTION('',(0.,-1.,0.));
#3462=DIRECTION('',(-0.207911690817759,0.,0.978147600733806));
#3463=DIRECTION('',(0.,1.,0.));
#3464=DIRECTION('',(0.207911690817759,0.,-0.978147600733806));
#3465=DIRECTION('',(0.,-1.,0.));
#3466=DIRECTION('',(-0.207911690817759,0.,0.978147600733806));
#3467=DIRECTION('',(0.,-1.,0.));
#3468=DIRECTION('',(-0.207911690817759,0.,0.978147600733806));
#3469=DIRECTION('',(0.,1.,0.));
#3470=DIRECTION('',(0.,1.,0.));
#3471=DIRECTION('',(0.,1.,0.));
#3472=DIRECTION('',(-0.207911690817759,0.,-0.978147600733806));
#3473=DIRECTION('',(0.,-1.,0.));
#3474=DIRECTION('',(0.207911690817759,0.,0.978147600733806));
#3475=DIRECTION('',(0.,1.,0.));
#3476=DIRECTION('',(0.,-1.,0.));
#3477=DIRECTION('',(0.207911690817759,0.,0.978147600733806));
#3478=DIRECTION('',(0.,1.,0.));
#3479=DIRECTION('',(0.,1.,0.));
#3480=DIRECTION('',(-0.207911690817759,0.,-0.978147600733806));
#3481=DIRECTION('',(0.,-1.,0.));
#3482=DIRECTION('',(0.207911690817759,0.,0.978147600733806));
#3483=DIRECTION('',(0.,-1.,0.));
#3484=DIRECTION('',(0.207911690817759,0.,0.978147600733806));
#3485=DIRECTION('',(0.,1.,0.));
#3486=DIRECTION('',(-0.207911690817759,0.,-0.978147600733806));
#3487=DIRECTION('',(0.,-1.,0.));
#3488=DIRECTION('',(0.207911690817759,0.,0.978147600733806));
#3489=DIRECTION('',(0.,-1.,0.));
#3490=DIRECTION('',(0.207911690817759,0.,0.978147600733806));
#3491=DIRECTION('',(0.,1.,0.));
#3492=DIRECTION('',(0.,1.,0.));
#3493=DIRECTION('',(0.,1.,0.));
#3494=DIRECTION('',(-0.866025403784439,0.,-0.5));
#3495=DIRECTION('',(0.,-1.,0.));
#3496=DIRECTION('',(0.866025403784439,0.,0.5));
#3497=DIRECTION('',(0.,1.,0.));
#3498=DIRECTION('',(0.,-1.,0.));
#3499=DIRECTION('',(0.866025403784439,0.,0.5));
#3500=DIRECTION('',(0.,1.,0.));
#3501=DIRECTION('',(0.,1.,0.));
#3502=DIRECTION('',(-0.866025403784439,0.,-0.5));
#3503=DIRECTION('',(0.,-1.,0.));
#3504=DIRECTION('',(0.866025403784439,0.,0.5));
#3505=DIRECTION('',(0.,-1.,0.));
#3506=DIRECTION('',(0.866025403784439,0.,0.5));
#3507=DIRECTION('',(0.,1.,0.));
#3508=DIRECTION('',(-0.866025403784439,0.,-0.5));
#3509=DIRECTION('',(0.,-1.,0.));
#3510=DIRECTION('',(0.866025403784439,0.,0.5));
#3511=DIRECTION('',(0.,-1.,0.));
#3512=DIRECTION('',(0.866025403784439,0.,0.5));
#3513=DIRECTION('',(0.,1.,0.));
#3514=DIRECTION('',(0.,1.,0.));
#3515=DIRECTION('',(0.,1.,0.));
#3516=DIRECTION('',(-0.587785252292473,0.,-0.809016994374947));
#3517=DIRECTION('',(0.,-1.,0.));
#3518=DIRECTION('',(0.587785252292473,0.,0.809016994374947));
#3519=DIRECTION('',(0.,1.,0.));
#3520=DIRECTION('',(0.,-1.,0.));
#3521=DIRECTION('',(0.587785252292473,0.,0.809016994374947));
#3522=DIRECTION('',(0.,1.,0.));
#3523=DIRECTION('',(0.,1.,0.));
#3524=DIRECTION('',(-0.587785252292473,0.,-0.809016994374947));
#3525=DIRECTION('',(0.,-1.,0.));
#3526=DIRECTION('',(0.587785252292473,0.,0.809016994374947));
#3527=DIRECTION('',(0.,-1.,0.));
#3528=DIRECTION('',(0.587785252292473,0.,0.809016994374947));
#3529=DIRECTION('',(0.,1.,0.));
#3530=DIRECTION('',(-0.587785252292473,0.,-0.809016994374947));
#3531=DIRECTION('',(0.,-1.,0.));
#3532=DIRECTION('',(0.587785252292473,0.,0.809016994374947));
#3533=DIRECTION('',(0.,-1.,0.));
#3534=DIRECTION('',(0.587785252292473,0.,0.809016994374947));
#3535=DIRECTION('',(0.,1.,0.));
#3536=DIRECTION('',(0.,1.,0.));
#3537=DIRECTION('',(0.,1.,0.));
#3538=DIRECTION('',(-0.743144825477394,0.,0.669130606358858));
#3539=DIRECTION('',(0.,-1.,0.));
#3540=DIRECTION('',(0.743144825477394,0.,-0.669130606358858));
#3541=DIRECTION('',(0.,1.,0.));
#3542=DIRECTION('',(0.,-1.,0.));
#3543=DIRECTION('',(0.743144825477394,0.,-0.669130606358858));
#3544=DIRECTION('',(0.,1.,0.));
#3545=DIRECTION('',(0.,1.,0.));
#3546=DIRECTION('',(-0.743144825477394,0.,0.669130606358858));
#3547=DIRECTION('',(0.,-1.,0.));
#3548=DIRECTION('',(0.743144825477394,0.,-0.669130606358858));
#3549=DIRECTION('',(0.,-1.,0.));
#3550=DIRECTION('',(0.743144825477394,0.,-0.669130606358858));
#3551=DIRECTION('',(0.,1.,0.));
#3552=DIRECTION('',(-0.743144825477394,0.,0.669130606358858));
#3553=DIRECTION('',(0.,-1.,0.));
#3554=DIRECTION('',(0.743144825477394,0.,-0.669130606358858));
#3555=DIRECTION('',(0.,-1.,0.));
#3556=DIRECTION('',(0.743144825477394,0.,-0.669130606358858));
#3557=DIRECTION('',(0.,1.,0.));
#3558=DIRECTION('',(0.,1.,0.));
#3559=DIRECTION('',(0.,1.,0.));
#3560=DIRECTION('',(-0.4067366430758,0.,0.913545457642601));
#3561=DIRECTION('',(0.,-1.,0.));
#3562=DIRECTION('',(0.4067366430758,0.,-0.913545457642601));
#3563=DIRECTION('',(0.,1.,0.));
#3564=DIRECTION('',(0.,-1.,0.));
#3565=DIRECTION('',(0.4067366430758,0.,-0.913545457642601));
#3566=DIRECTION('',(0.,1.,0.));
#3567=DIRECTION('',(0.,1.,0.));
#3568=DIRECTION('',(-0.4067366430758,0.,0.913545457642601));
#3569=DIRECTION('',(0.,-1.,0.));
#3570=DIRECTION('',(0.4067366430758,0.,-0.913545457642601));
#3571=DIRECTION('',(0.,-1.,0.));
#3572=DIRECTION('',(0.4067366430758,0.,-0.913545457642601));
#3573=DIRECTION('',(0.,1.,0.));
#3574=DIRECTION('',(-0.4067366430758,0.,0.913545457642601));
#3575=DIRECTION('',(0.,-1.,0.));
#3576=DIRECTION('',(0.4067366430758,0.,-0.913545457642601));
#3577=DIRECTION('',(0.,-1.,0.));
#3578=DIRECTION('',(0.4067366430758,0.,-0.913545457642601));
#3579=DIRECTION('',(0.,1.,0.));
#3580=DIRECTION('',(0.,1.,0.));
#3581=DIRECTION('',(0.,1.,0.));
#3582=DIRECTION('',(-0.951056516295154,0.,0.309016994374948));
#3583=DIRECTION('',(0.,-1.,0.));
#3584=DIRECTION('',(0.951056516295154,0.,-0.309016994374948));
#3585=DIRECTION('',(0.,1.,0.));
#3586=DIRECTION('',(0.,-1.,0.));
#3587=DIRECTION('',(0.951056516295154,0.,-0.309016994374948));
#3588=DIRECTION('',(0.,1.,0.));
#3589=DIRECTION('',(0.,1.,0.));
#3590=DIRECTION('',(-0.951056516295154,0.,0.309016994374948));
#3591=DIRECTION('',(0.,-1.,0.));
#3592=DIRECTION('',(0.951056516295154,0.,-0.309016994374948));
#3593=DIRECTION('',(0.,-1.,0.));
#3594=DIRECTION('',(0.951056516295154,0.,-0.309016994374948));
#3595=DIRECTION('',(0.,1.,0.));
#3596=DIRECTION('',(-0.951056516295154,0.,0.309016994374948));
#3597=DIRECTION('',(0.,-1.,0.));
#3598=DIRECTION('',(0.951056516295154,0.,-0.309016994374948));
#3599=DIRECTION('',(0.,-1.,0.));
#3600=DIRECTION('',(0.951056516295154,0.,-0.309016994374948));
#3601=DIRECTION('',(0.,1.,0.));
#3602=DIRECTION('',(0.,1.,0.));
#3603=DIRECTION('',(0.,1.,0.));
#3604=DIRECTION('',(-0.994521895368273,0.,-0.104528463267654));
#3605=DIRECTION('',(0.,-1.,0.));
#3606=DIRECTION('',(0.994521895368273,0.,0.104528463267654));
#3607=DIRECTION('',(0.,1.,0.));
#3608=DIRECTION('',(0.,-1.,0.));
#3609=DIRECTION('',(0.994521895368273,0.,0.104528463267654));
#3610=DIRECTION('',(0.,1.,0.));
#3611=DIRECTION('',(0.,1.,0.));
#3612=DIRECTION('',(-0.994521895368273,0.,-0.104528463267654));
#3613=DIRECTION('',(0.,-1.,0.));
#3614=DIRECTION('',(0.994521895368273,0.,0.104528463267654));
#3615=DIRECTION('',(0.,-1.,0.));
#3616=DIRECTION('',(0.994521895368273,0.,0.104528463267654));
#3617=DIRECTION('',(0.,1.,0.));
#3618=DIRECTION('',(-0.994521895368273,0.,-0.104528463267654));
#3619=DIRECTION('',(0.,-1.,0.));
#3620=DIRECTION('',(0.994521895368273,0.,0.104528463267654));
#3621=DIRECTION('',(0.,-1.,0.));
#3622=DIRECTION('',(0.994521895368273,0.,0.104528463267654));
#3623=DIRECTION('',(0.,-1.,0.));
#3624=DIRECTION('',(1.,0.,0.));
#3625=DIRECTION('',(0.,-1.,0.));
#3626=DIRECTION('',(0.,0.,-1.));
#3627=DIRECTION('',(0.,1.,0.));
#3628=DIRECTION('',(0.,0.,1.));
#3629=DIRECTION('',(0.,-1.,0.));
#3630=DIRECTION('',(0.,0.,-1.));
#3631=DIRECTION('',(0.,-1.,0.));
#3632=DIRECTION('',(1.,0.,0.));
#3633=DIRECTION('',(0.,-1.,0.));
#3634=DIRECTION('',(0.,0.,-1.));
#3635=DIRECTION('',(0.,-1.,0.));
#3636=DIRECTION('',(0.,0.,-1.));
#3637=DIRECTION('',(0.,1.,0.));
#3638=DIRECTION('',(0.,0.,1.));
#3639=DIRECTION('',(0.,-1.,0.));
#3640=DIRECTION('',(0.,-0.707106781186548,0.707106781186548));
#3641=DIRECTION('',(0.,-0.707106781186548,-0.707106781186548));
#3642=DIRECTION('',(0.,-1.,0.));
#3643=DIRECTION('',(0.,1.,0.));
#3644=DIRECTION('',(0.,0.,1.));
#3645=DIRECTION('',(0.,-1.,0.));
#3646=DIRECTION('',(0.,0.707106781186547,0.707106781186548));
#3647=DIRECTION('',(0.,-0.707106781186548,0.707106781186547));
#3648=DIRECTION('',(0.,-1.,0.));
#3649=DIRECTION('',(0.,1.,0.));
#3650=DIRECTION('',(0.,0.,1.));
#3651=DIRECTION('',(0.,1.,0.));
#3652=DIRECTION('',(-1.,0.,0.));
#3653=DIRECTION('',(0.,1.,0.));
#3654=DIRECTION('',(-1.,0.,0.));
#3655=DIRECTION('',(-0.999990578351903,0.,-0.00434087634319134));
#3656=DIRECTION('',(-1.42846206608535E-16,0.,1.));
#3657=DIRECTION('',(-0.999990574012555,0.,0.00434187586652101));
#3658=DIRECTION('',(0.,1.,0.));
#3659=DIRECTION('',(-1.,0.,0.));
#3660=DIRECTION('',(0.999990574012555,0.,0.00434187586652078));
#3661=DIRECTION('',(1.42846206608535E-16,0.,-1.));
#3662=DIRECTION('',(0.999990578351903,0.,-0.00434087634318813));
#3663=DIRECTION('',(-1.,0.,-1.42846206608535E-16));
#3664=DIRECTION('',(-1.42846206608535E-16,0.,1.));
#3665=DIRECTION('',(1.01007521359669E-16,0.707106781186548,-0.707106781186547));
#3666=DIRECTION('',(-1.42846206608535E-16,0.,1.));
#3667=DIRECTION('',(1.01007521359669E-16,-0.707106781186548,-0.707106781186547));
#3668=DIRECTION('',(0.,-1.,0.));
#3669=DIRECTION('',(-1.01007521359669E-16,-0.707106781186548,0.707106781186547));
#3670=DIRECTION('',(1.42846206608535E-16,0.,-1.));
#3671=DIRECTION('',(-1.0100752135967E-16,0.707106781186548,0.707106781186548));
#3672=DIRECTION('',(0.,1.,0.));
#3673=DIRECTION('',(-1.,0.,-1.42846206608535E-16));
#3674=DIRECTION('',(-1.42846206608535E-16,0.,1.));
#3675=DIRECTION('',(0.,1.,0.));
#3676=DIRECTION('',(-1.01007521359669E-16,0.707106781186548,0.707106781186547));
#3677=DIRECTION('',(1.42846206608535E-16,0.,-1.));
#3678=DIRECTION('',(-1.01007521359669E-16,-0.707106781186548,0.707106781186547));
#3679=DIRECTION('',(0.,-1.,0.));
#3680=DIRECTION('',(1.01007521359669E-16,-0.707106781186548,-0.707106781186548));
#3681=DIRECTION('',(-1.42846206608535E-16,0.,1.));
#3682=DIRECTION('',(1.01007521359669E-16,0.707106781186548,-0.707106781186547));
#3683=DIRECTION('',(0.,1.,0.));
#3684=DIRECTION('',(-1.,0.,0.));
#3685=DIRECTION('',(-0.999990576182354,0.,0.00434137610497111));
#3686=DIRECTION('',(-1.42846206608535E-16,0.,1.));
#3687=DIRECTION('',(-0.999990576182353,0.,-0.00434137610497025));
#3688=DIRECTION('',(0.,1.,0.));
#3689=DIRECTION('',(0.,0.,1.));
#3690=DIRECTION('',(0.,-1.,0.));
#3691=DIRECTION('',(0.,0.,-1.));
#3692=DIRECTION('',(0.,0.,1.));
#3693=DIRECTION('',(0.,0.,-1.));
#3694=DIRECTION('',(-1.,0.,0.));
#3695=DIRECTION('',(0.,0.,1.));
#3696=DIRECTION('',(0.,0.,-1.));
#3697=DIRECTION('',(0.,0.,1.));
#3698=DIRECTION('',(0.,-1.,0.));
#3699=DIRECTION('',(0.,0.,-1.));
#3700=DIRECTION('',(0.,0.,-1.));
#3701=DIRECTION('',(0.,0.,1.));
#3702=DIRECTION('',(-1.,0.,0.));
#3703=DIRECTION('',(0.,0.,1.));
#3704=DIRECTION('',(0.,0.,1.));
#3705=DIRECTION('',(0.,0.,-1.));
#3706=DIRECTION('',(0.,-1.,0.));
#3707=DIRECTION('',(0.,0.,-1.));
#3708=DIRECTION('',(0.,1.,0.));
#3709=DIRECTION('',(0.,0.,1.));
#3710=DIRECTION('',(0.,-0.707106781186547,-0.707106781186548));
#3711=DIRECTION('',(0.,-0.707106781186548,0.707106781186547));
#3712=DIRECTION('',(0.,-1.,0.));
#3713=DIRECTION('',(0.,-1.,0.));
#3714=DIRECTION('',(0.,0.707106781186547,-0.707106781186548));
#3715=DIRECTION('',(0.,-0.707106781186548,-0.707106781186547));
#3716=DIRECTION('',(0.,-1.,0.));
#3717=DIRECTION('',(0.,-1.,0.));
#3718=DIRECTION('',(0.,1.,0.));
#3719=DIRECTION('',(-1.,0.,0.));
#3720=DIRECTION('',(0.,1.,0.));
#3721=DIRECTION('',(0.,0.,1.));
#3722=DIRECTION('',(0.,-1.,0.));
#3723=DIRECTION('',(1.,0.,0.));
#3724=DIRECTION('',(0.,-1.,0.));
#3725=DIRECTION('',(0.,0.,-1.));
#3726=DIRECTION('',(0.,-1.,0.));
#3727=DIRECTION('',(0.,0.,-1.));
#3728=DIRECTION('',(0.,1.,0.));
#3729=DIRECTION('',(-1.,0.,0.));
#3730=DIRECTION('',(0.,1.,0.));
#3731=DIRECTION('',(0.,0.,1.));
#3732=DIRECTION('',(0.,1.,0.));
#3733=DIRECTION('',(0.,0.,1.));
#3734=DIRECTION('',(0.,0.707106781186547,-0.707106781186548));
#3735=DIRECTION('',(-1.,0.,0.));
#3736=DIRECTION('',(-1.0100752135967E-16,0.707106781186548,0.707106781186547));
#3737=DIRECTION('',(-0.999981152631127,0.00434133519340437,0.00434133519340437));
#3738=DIRECTION('',(0.999981152631127,0.00434133519340459,0.00434133519340459));
#3739=DIRECTION('',(1.01007521359669E-16,-0.707106781186548,-0.707106781186547));
#3740=DIRECTION('',(0.,0.707106781186547,0.707106781186548));
#3741=DIRECTION('',(1.,0.,0.));
#3742=DIRECTION('',(-0.999981148291653,-0.00434183494082513,0.00434183494082513));
#3743=DIRECTION('',(-1.0100752135967E-16,-0.707106781186548,0.707106781186547));
#3744=DIRECTION('',(1.01007521359669E-16,0.707106781186548,-0.707106781186547));
#3745=DIRECTION('',(0.999981148291653,-0.00434183494082491,0.00434183494082491));
#3746=DIRECTION('',(0.,-0.707106781186547,-0.707106781186548));
#3747=DIRECTION('',(1.,0.,0.));
#3748=DIRECTION('',(0.999981152631127,-0.00434133519340524,0.00434133519340523));
#3749=DIRECTION('',(1.01007521359669E-16,0.707106781186548,-0.707106781186547));
#3750=DIRECTION('',(-1.01007521359669E-16,-0.707106781186548,0.707106781186547));
#3751=DIRECTION('',(-0.999981152631127,-0.00434133519340545,0.00434133519340545));
#3752=DIRECTION('',(0.,-0.707106781186548,0.707106781186548));
#3753=DIRECTION('',(-1.,0.,0.));
#3754=DIRECTION('',(1.0100752135967E-16,-0.707106781186548,-0.707106781186548));
#3755=DIRECTION('',(0.999981156970103,0.00434083544575264,0.00434083544575264));
#3756=DIRECTION('',(-0.999981156970103,0.00434083544574943,0.00434083544574943));
#3757=DIRECTION('',(-1.0100752135967E-16,0.707106781186548,0.707106781186548));
#3758=DIRECTION('',(-0.00434187586652078,0.,0.999990574012555));
#3759=DIRECTION('',(0.,-1.,0.));
#3760=DIRECTION('',(-0.580201025475878,-0.814469412406513,-0.00251918457604651));
#3761=DIRECTION('',(-0.708630212875326,0.705573351693102,-0.00307681342157554));
#3762=DIRECTION('',(-0.00434187586652101,0.,-0.999990574012555));
#3763=DIRECTION('',(0.,-1.,0.));
#3764=DIRECTION('',(-0.707103448573167,-0.707103448573167,0.00307018433801263));
#3765=DIRECTION('',(-0.578531979324917,0.815655833711316,0.00251193771653486));
#3766=DIRECTION('',(-0.00434137610497025,0.,0.999990576182353));
#3767=DIRECTION('',(0.,-1.,0.));
#3768=DIRECTION('',(-0.708630213647457,-0.705573352461902,-0.00307645926878017));
#3769=DIRECTION('',(-0.580200888872477,0.814469510616905,-0.00251889401263132));
#3770=DIRECTION('',(-0.00434137610497003,0.,-0.999990576182353));
#3771=DIRECTION('',(0.,-1.,0.));
#3772=DIRECTION('',(-0.578531843306641,-0.815655931079151,0.00251164798980836));
#3773=DIRECTION('',(-0.707103449340317,0.707103449340317,0.003069830948235));
#3774=DIRECTION('',(0.00434087634318813,0.,0.999990578351903));
#3775=DIRECTION('',(0.,-1.,0.));
#3776=DIRECTION('',(-0.708630214419499,0.705573353230613,0.00307610511582185));
#3777=DIRECTION('',(0.580200752269012,0.814469608827204,-0.0025186034492199));
#3778=DIRECTION('',(0.00434087634319134,0.,-0.999990578351903));
#3779=DIRECTION('',(0.,-1.,0.));
#3780=DIRECTION('',(0.578531707288303,-0.815656028446891,0.00251135826308769));
#3781=DIRECTION('',(-0.70710345010738,-0.70710345010738,-0.0030694775582975));
#3782=DIRECTION('',(0.00434137610497111,0.,0.999990576182354));
#3783=DIRECTION('',(0.,-1.,0.));
#3784=DIRECTION('',(0.580200888872477,-0.814469510616905,-0.00251889401263182));
#3785=DIRECTION('',(-0.708630213647457,-0.705573352461902,0.00307645926878079));
#3786=DIRECTION('',(0.00434137610497089,0.,-0.999990576182354));
#3787=DIRECTION('',(0.,-1.,0.));
#3788=DIRECTION('',(-0.707103449340317,0.707103449340317,-0.00306983094823561));
#3789=DIRECTION('',(0.578531843306641,0.81565593107915,0.00251164798980887));
#3790=DIRECTION('',(0.707106781186547,0.,-0.707106781186548));
#3791=DIRECTION('',(0.,-1.,0.));
#3792=DIRECTION('',(0.67938353862362,-0.277265242853298,0.679383538623619));
#3793=DIRECTION('',(0.,1.,0.));
#3794=DIRECTION('',(0.679383538623619,0.277265242853299,0.679383538623619));
#3795=DIRECTION('',(-0.705576691470956,0.501079600688803,-0.501079600688803));
#3796=DIRECTION('',(-1.01007521359669E-16,0.707106781186548,0.707106781186548));
#3797=DIRECTION('',(-0.358756271389191,0.357208682675129,0.862378046311723));
#3798=DIRECTION('',(-0.680179745768932,-0.280524318001373,0.677245613094374));
#3799=DIRECTION('',(-0.705576691470956,-0.7086335671226,-1.00788953848026E-16));
#3800=DIRECTION('',(-1.42846206608535E-16,0.,1.));
#3801=DIRECTION('',(0.358756271389191,-0.357208682675129,0.862378046311723));
#3802=DIRECTION('',(-0.705576691470955,0.,-0.7086335671226));
#3803=DIRECTION('',(0.,1.,0.));
#3804=DIRECTION('',(0.680179745768933,-0.280524318001372,-0.677245613094375));
#3805=DIRECTION('',(0.705576691470956,-0.501079600688802,-0.501079600688803));
#3806=DIRECTION('',(-1.01007521359669E-16,-0.707106781186548,0.707106781186547));
#3807=DIRECTION('',(0.362680423383576,-0.35213015248319,0.862825165492103));
#3808=DIRECTION('',(0.705576691470956,0.501079600688803,0.501079600688803));
#3809=DIRECTION('',(1.01007521359669E-16,0.707106781186548,-0.707106781186547));
#3810=DIRECTION('',(-0.358756271389191,-0.357208682675129,0.862378046311723));
#3811=DIRECTION('',(-0.921869975509582,0.,0.387499352585217));
#3812=DIRECTION('',(0.,-1.,0.));
#3813=DIRECTION('',(-0.362680423383576,-0.352130152483191,-0.862825165492103));
#3814=DIRECTION('',(0.705576691470956,-0.7086335671226,1.00788953848026E-16));
#3815=DIRECTION('',(1.42846206608535E-16,0.,-1.));
#3816=DIRECTION('',(-0.358756271389191,-0.35720868267513,-0.862378046311723));
#3817=DIRECTION('',(-0.705576691470955,-0.501079600688803,0.501079600688803));
#3818=DIRECTION('',(1.01007521359669E-16,-0.707106781186548,-0.707106781186547));
#3819=DIRECTION('',(-0.707106781186547,0.,0.707106781186548));
#3820=DIRECTION('',(0.,-1.,0.));
#3821=DIRECTION('',(-0.678598344545847,-0.281084637714821,-0.678598344545847));
#3822=DIRECTION('',(-0.678598344545847,0.28108463771482,-0.678598344545847));
#3823=DIRECTION('',(0.707106781186547,0.,0.707106781186548));
#3824=DIRECTION('',(0.,1.,0.));
#3825=DIRECTION('',(0.678598344545847,0.281084637714822,-0.678598344545846));
#3826=DIRECTION('',(0.678598344545847,-0.281084637714823,-0.678598344545846));
#3827=DIRECTION('',(0.707106781186531,-0.707106781186564,0.));
#3828=DIRECTION('',(0.,0.,1.));
#3829=DIRECTION('',(0.707106781186548,0.707106781186548,0.));
#3830=DIRECTION('',(0.,0.,-1.));
#3831=DIRECTION('',(-0.707106781186548,-0.707106781186548,0.));
#3832=DIRECTION('',(0.,0.,-1.));
#3833=DIRECTION('',(-0.707106781186548,0.707106781186548,0.));
#3834=DIRECTION('',(0.,0.,1.));
#3835=DIRECTION('',(0.707106781186547,-0.5,-0.5));
#3836=DIRECTION('',(-1.01007521359669E-16,-0.707106781186548,0.707106781186547));
#3837=DIRECTION('',(0.357406744336593,-0.357406744336593,0.862856209461017));
#3838=DIRECTION('',(-0.707106781186547,-0.5,0.5));
#3839=DIRECTION('',(1.0100752135967E-16,-0.707106781186548,-0.707106781186548));
#3840=DIRECTION('',(-0.357406744336593,-0.357406744336593,-0.862856209461017));
#3841=DIRECTION('',(-0.707106781186548,0.5,-0.5));
#3842=DIRECTION('',(-1.01007521359669E-16,0.707106781186548,0.707106781186547));
#3843=DIRECTION('',(0.357406744336593,-0.357406744336593,-0.862856209461017));
#3844=DIRECTION('',(0.707106781186548,0.5,0.5));
#3845=DIRECTION('',(1.01007521359669E-16,0.707106781186548,-0.707106781186547));
#3846=DIRECTION('',(-0.357406744336593,-0.357406744336593,0.862856209461017));
#3847=DIRECTION('',(0.707106781186548,0.707106781186548,1.0100752135967E-16));
#3848=DIRECTION('',(-1.42846206608535E-16,0.,1.));
#3849=DIRECTION('',(-0.707106781186547,0.707106781186548,-1.01007521359669E-16));
#3850=DIRECTION('',(1.42846206608535E-16,0.,-1.));
#3851=CARTESIAN_POINT('',(0.,0.,0.));
#3852=CARTESIAN_POINT('',(-2.60208521396521E-18,0.034428600692749,-0.077240003));
#3853=CARTESIAN_POINT('',(-3.46944695195361E-18,0.034428600692749,-0.006071997));
#3854=CARTESIAN_POINT('',(-0.00156253180000001,0.034428600692749,-0.006071997));
#3855=CARTESIAN_POINT('',(0.0015625318,0.034428600692749,-0.006071997));
#3856=CARTESIAN_POINT('',(0.0015625318,0.034428600692749,0.006071997));
#3857=CARTESIAN_POINT('',(0.0015625318,0.034428600692749,-0.00361364131228684));
#3858=CARTESIAN_POINT('',(-2.68529247622607E-8,0.034428600692749,-3.33150210614789E-9));
#3859=CARTESIAN_POINT('',(-0.00156253180000001,0.034428600692749,-0.00361366453454333));
#3860=CARTESIAN_POINT('',(-0.00156253180000001,0.034428600692749,-0.077240003));
#3861=CARTESIAN_POINT('',(-2.60208521396521E-18,0.00679639940725109,-0.077240003));
#3862=CARTESIAN_POINT('',(-2.60208521396521E-18,0.00679639940725109,0.006071997));
#3863=CARTESIAN_POINT('',(-0.00156253180000001,0.00679639940725109,0.006071997));
#3864=CARTESIAN_POINT('',(0.0015625318,0.00679639940725109,0.006071997));
#3865=CARTESIAN_POINT('',(0.0015625318,0.00679639940725109,-0.077240003));
#3866=CARTESIAN_POINT('',(0.0015625318,0.00679639940725108,0.00361363464928263));
#3867=CARTESIAN_POINT('',(-2.68529247622607E-8,0.00679639940725108,-3.33150210614789E-9));
#3868=CARTESIAN_POINT('',(-0.00156253180000001,0.00679639940725108,0.00361365787153913));
#3869=CARTESIAN_POINT('',(-0.00156253180000001,0.00679639940725109,0.006071997));
#3870=CARTESIAN_POINT('',(-2.68529247622607E-8,0.14778949995,-3.33150210614789E-9));
#3871=CARTESIAN_POINT('',(-2.68529247622607E-8,0.0359911593456738,-3.33150210614789E-9));
#3872=CARTESIAN_POINT('',(0.0015625318,0.034428600692749,0.00361363464928263));
#3873=CARTESIAN_POINT('',(-2.68529247622607E-8,0.034428600692749,-3.33150210614789E-9));
#3874=CARTESIAN_POINT('',(-0.00156253180000001,0.034428600692749,0.00361365787153913));
#3875=CARTESIAN_POINT('',(-2.68529247622607E-8,0.0359911056398242,-3.33150210614789E-9));
#3876=CARTESIAN_POINT('',(-2.68529247622607E-8,0.04890751285,-3.33150210614789E-9));
#3877=CARTESIAN_POINT('',(-2.68529247622607E-8,0.04890751285,0.00393699666849789));
#3878=CARTESIAN_POINT('',(-2.68529247622607E-8,0.14778949995,-3.33150210614789E-9));
#3879=CARTESIAN_POINT('',(-2.68529247622607E-8,0.0052338407543264,-3.33150210614789E-9));
#3880=CARTESIAN_POINT('',(0.0015625318,0.00679639940725108,-0.00361364131228684));
#3881=CARTESIAN_POINT('',(-2.68529247622607E-8,0.00679639940725108,-3.33150210614789E-9));
#3882=CARTESIAN_POINT('',(-0.00156253180000001,0.00679639940725108,-0.00361366453454333));
#3883=CARTESIAN_POINT('',(-2.68529247622607E-8,0.00523389446017583,-3.33150210614789E-9));
#3884=CARTESIAN_POINT('',(-2.68529247622607E-8,-0.00768250005000001,-3.33150210614789E-9));
#3885=CARTESIAN_POINT('',(-2.68529247622607E-8,-0.00768250005000001,-0.00393700333150211));
#3886=CARTESIAN_POINT('',(-3.46944695195361E-18,0.03966250005,5.20417042793042E-18));
#3887=CARTESIAN_POINT('',(0.13077777251288,0.03966250005,0.006071997));
#3888=CARTESIAN_POINT('',(0.0061296478288246,0.03966250005,0.0066131464897268));
#3889=CARTESIAN_POINT('',(0.0116341144,0.03966250005,0.00658924930488138));
#3890=CARTESIAN_POINT('',(0.0116341144,0.03966250005,-0.00647972381704404));
#3891=CARTESIAN_POINT('',(0.0116341144,0.03966250005,-0.00658924930488138));
#3892=CARTESIAN_POINT('',(0.130777772512857,0.03966250005,-0.006071997));
#3893=CARTESIAN_POINT('',(0.0061296478288246,0.03966250005,-0.0066131464897268));
#3894=CARTESIAN_POINT('',(0.,0.03966250005,-1.83003689896474E-18));
#3895=CARTESIAN_POINT('',(-5.20417042793042E-18,0.03966250005,0.006071997));
#3896=CARTESIAN_POINT('',(0.00666609509988417,0.00664247465,0.006071997));
#3897=CARTESIAN_POINT('',(-0.0116053153383672,0.00664247465,0.006071997));
#3898=CARTESIAN_POINT('',(0.0116341144,0.00664247465,0.006071997));
#3899=CARTESIAN_POINT('',(0.0116341144,0.03458504005,0.006071997));
#3900=CARTESIAN_POINT('',(0.0116341144,0.03458504005,0.006071997));
#3901=CARTESIAN_POINT('',(-5.20417042793042E-18,0.03458504005,0.006071997));
#3902=CARTESIAN_POINT('',(-0.0116053153383672,0.03458504005,0.006071997));
#3903=CARTESIAN_POINT('',(-0.0135943017901695,0.0373857576966854,0.006071997));
#3904=CARTESIAN_POINT('',(-0.0116341144,0.0346255923825962,0.006071997));
#3905=CARTESIAN_POINT('',(-0.0116341144,0.03966250005,0.006071997));
#3906=CARTESIAN_POINT('',(-0.0116341144,0.00660192231740375,0.006071997));
#3907=CARTESIAN_POINT('',(-0.01400347174812,0.00326559947308755,0.006071997));
#3908=CARTESIAN_POINT('',(-0.00486453180000001,0.02061250005,0.006071997));
#3909=CARTESIAN_POINT('',(-0.00486453180000001,0.031126600692749,0.006071997));
#3910=CARTESIAN_POINT('',(-0.00486453180000001,0.0100983994072511,0.006071997));
#3911=CARTESIAN_POINT('',(-0.00486453180000001,0.031126600692749,0.006071997));
#3912=CARTESIAN_POINT('',(-0.00156253180000001,0.034428600692749,0.006071997));
#3913=CARTESIAN_POINT('',(-2.60208521396521E-18,0.034428600692749,0.006071997));
#3914=CARTESIAN_POINT('',(0.0015625318,0.034428600692749,0.006071997));
#3915=CARTESIAN_POINT('',(0.0015625318,0.034428600692749,0.006071997));
#3916=CARTESIAN_POINT('',(0.0048645318,0.031126600692749,0.006071997));
#3917=CARTESIAN_POINT('',(0.0048645318,0.02061250005,0.006071997));
#3918=CARTESIAN_POINT('',(0.0048645318,0.0100983994072509,0.006071997));
#3919=CARTESIAN_POINT('',(0.0048645318,0.0100983994072509,0.006071997));
#3920=CARTESIAN_POINT('',(-0.00156253180000001,0.00679639940725109,0.006071997));
#3921=CARTESIAN_POINT('',(-3.46944695195361E-18,0.03966250005,-0.006071997));
#3922=CARTESIAN_POINT('',(0.00666611891823054,0.03458504005,-0.006071997));
#3923=CARTESIAN_POINT('',(-0.0116053153383672,0.03458504005,-0.006071997));
#3924=CARTESIAN_POINT('',(0.0116341144,0.03458504005,-0.006071997));
#3925=CARTESIAN_POINT('',(0.0116341144,0.03966250005,-0.006071997));
#3926=CARTESIAN_POINT('',(0.0116341144,0.00663996005,-0.006071997));
#3927=CARTESIAN_POINT('',(-3.46944695195361E-18,0.00663996005,-0.006071997));
#3928=CARTESIAN_POINT('',(-0.0116053153383672,0.00663996005,-0.006071997));
#3929=CARTESIAN_POINT('',(-0.0116053153383672,0.03458504005,-0.006071997));
#3930=CARTESIAN_POINT('',(0.00183568377862548,0.0378268162713745,-0.006071997));
#3931=CARTESIAN_POINT('',(-0.00486453180000001,0.031126600692749,-0.006071997));
#3932=CARTESIAN_POINT('',(-0.00486453180000001,0.03966250005,-0.006071997));
#3933=CARTESIAN_POINT('',(-0.00486453180000001,0.0100983994072511,-0.006071997));
#3934=CARTESIAN_POINT('',(-0.0172143162213745,0.0224481838286256,-0.006071997));
#3935=CARTESIAN_POINT('',(-0.00156253180000001,0.00679639940725109,-0.006071997));
#3936=CARTESIAN_POINT('',(-3.46944695195361E-18,0.00679639940725109,-0.006071997));
#3937=CARTESIAN_POINT('',(0.0015625318,0.00679639940725109,-0.006071997));
#3938=CARTESIAN_POINT('',(0.0172143162213744,0.0224481838286248,-0.006071997));
#3939=CARTESIAN_POINT('',(0.0048645318,0.0100983994072509,-0.006071997));
#3940=CARTESIAN_POINT('',(0.0048645318,0.03966250005,-0.006071997));
#3941=CARTESIAN_POINT('',(0.0048645318,0.031126600692749,-0.006071997));
#3942=CARTESIAN_POINT('',(-0.00183568377862549,0.0378268162713745,-0.006071997));
#3943=CARTESIAN_POINT('',(0.,-0.00762,3.9660186590387E-19));
#3944=CARTESIAN_POINT('',(0.000427953724192094,-0.00762,0.00646284647890365));
#3945=CARTESIAN_POINT('',(0.000427953724192094,-0.00762,0.00646284647890365));
#3946=CARTESIAN_POINT('',(0.000427953724192094,0.,0.00646284647890365));
#3947=CARTESIAN_POINT('',(0.,-0.00762,3.9660186590387E-19));
#3948=CARTESIAN_POINT('',(0.00092509943038167,-0.00762,0.00641059435964463));
#3949=CARTESIAN_POINT('',(0.000925099430380867,-0.00762,0.00641059435963907));
#3950=CARTESIAN_POINT('',(0.000925099430380867,0.,0.00641059435963907));
#3951=CARTESIAN_POINT('',(0.,0.,3.9660186590387E-19));
#3952=CARTESIAN_POINT('',(0.,-0.00762,3.9660186590387E-19));
#3953=CARTESIAN_POINT('',(0.00301963166236045,-0.00762,0.00573003958307423));
#3954=CARTESIAN_POINT('',(0.00301963166236045,-0.00762,0.00573003958307423));
#3955=CARTESIAN_POINT('',(0.00301963166236045,0.,0.00573003958307423));
#3956=CARTESIAN_POINT('',(0.,-0.00762,3.9660186590387E-19));
#3957=CARTESIAN_POINT('',(0.00345254401245245,-0.00762,0.0054800975212131));
#3958=CARTESIAN_POINT('',(0.00345254401245245,-0.00762,0.0054800975212131));
#3959=CARTESIAN_POINT('',(0.00345254401245245,0.,0.0054800975212131));
#3960=CARTESIAN_POINT('',(0.,0.,3.9660186590387E-19));
#3961=CARTESIAN_POINT('',(0.,-0.00762,3.9660186590387E-19));
#3962=CARTESIAN_POINT('',(0.00627877723115791,-0.00762,0.00159012121595185));
#3963=CARTESIAN_POINT('',(0.00627877723115791,-0.00762,0.00159012121595185));
#3964=CARTESIAN_POINT('',(0.00627877723115791,0.,0.00159012121595185));
#3965=CARTESIAN_POINT('',(0.,-0.00762,3.9660186590387E-19));
#3966=CARTESIAN_POINT('',(0.00638270898453396,-0.00762,0.001101160759688));
#3967=CARTESIAN_POINT('',(0.00638270898453396,-0.00762,0.001101160759688));
#3968=CARTESIAN_POINT('',(0.00638270898453396,0.,0.001101160759688));
#3969=CARTESIAN_POINT('',(0.,0.,3.9660186590387E-19));
#3970=CARTESIAN_POINT('',(0.,-0.00762,3.9660186590387E-19));
#3971=CARTESIAN_POINT('',(0.,-0.00762,3.9660186590387E-19));
#3972=CARTESIAN_POINT('',(0.00538301236939332,-0.00762,0.00360204203624634));
#3973=CARTESIAN_POINT('',(0.00508918785361423,-0.00762,0.00400645678755587));
#3974=CARTESIAN_POINT('',(0.00538301236939332,-0.00762,0.00360204203624634));
#3975=CARTESIAN_POINT('',(0.00538301236939332,0.,0.00360204203624634));
#3976=CARTESIAN_POINT('',(0.,0.,3.9660186590387E-19));
#3977=CARTESIAN_POINT('',(0.00508918785361423,0.,0.00400645678755587));
#3978=CARTESIAN_POINT('',(0.00508918785361423,-0.00762,0.00400645678755587));
#3979=CARTESIAN_POINT('',(0.,-0.00762,3.9660186590387E-19));
#3980=CARTESIAN_POINT('',(-0.00451647398368986,-0.00762,0.00464251997891015));
#3981=CARTESIAN_POINT('',(-0.00451647398368986,-0.00762,0.00464251997891015));
#3982=CARTESIAN_POINT('',(-0.00451647398368986,0.,0.00464251997891015));
#3983=CARTESIAN_POINT('',(0.,-0.00762,3.9660186590387E-19));
#3984=CARTESIAN_POINT('',(-0.00414498768380735,-0.00762,0.00497700774572559));
#3985=CARTESIAN_POINT('',(-0.00414498768380735,-0.00762,0.00497700774572559));
#3986=CARTESIAN_POINT('',(-0.00414498768380735,0.,0.00497700774572559));
#3987=CARTESIAN_POINT('',(0.,0.,3.9660186590387E-19));
#3988=CARTESIAN_POINT('',(0.,-0.00762,3.9660186590387E-19));
#3989=CARTESIAN_POINT('',(0.,-0.00762,3.9660186590387E-19));
#3990=CARTESIAN_POINT('',(-0.00176230324746806,-0.00762,0.00623264119486199));
#3991=CARTESIAN_POINT('',(-0.00223772130072854,-0.00762,0.00607816850541886));
#3992=CARTESIAN_POINT('',(-0.00176230324746806,-0.00762,0.00623264119486199));
#3993=CARTESIAN_POINT('',(-0.00176230324746806,0.,0.00623264119486199));
#3994=CARTESIAN_POINT('',(0.,0.,3.9660186590387E-19));
#3995=CARTESIAN_POINT('',(-0.00223772130072854,0.,0.00607816850541886));
#3996=CARTESIAN_POINT('',(-0.0022377213007266,-0.00762,0.00607816850541359));
#3997=CARTESIAN_POINT('',(0.,-0.00762,3.9660186590387E-19));
#3998=CARTESIAN_POINT('',(0.,-0.00762,3.9660186590387E-19));
#3999=CARTESIAN_POINT('',(-0.00581096609358542,-0.00762,0.00286080444265732));
#4000=CARTESIAN_POINT('',(-0.0060142872839951,-0.00762,0.00240413757208319));
#4001=CARTESIAN_POINT('',(-0.00581096609358542,-0.00762,0.00286080444265732));
#4002=CARTESIAN_POINT('',(-0.00581096609358542,0.,0.00286080444265732));
#4003=CARTESIAN_POINT('',(0.,0.,3.9660186590387E-19));
#4004=CARTESIAN_POINT('',(-0.0060142872839951,0.,0.00240413757208319));
#4005=CARTESIAN_POINT('',(-0.0060142872839951,-0.00762,0.00240413757208319));
#4006=CARTESIAN_POINT('',(0.,-0.00762,3.9660186590387E-19));
#4007=CARTESIAN_POINT('',(0.,-0.00762,3.9660186590387E-19));
#4008=CARTESIAN_POINT('',(-0.0064721756748129,-0.00762,0.00024994206186113));
#4009=CARTESIAN_POINT('',(-0.0064721756748129,-0.00762,-0.000249942061861132));
#4010=CARTESIAN_POINT('',(-0.0064721756748129,-0.00762,0.00024994206186113));
#4011=CARTESIAN_POINT('',(-0.0064721756748129,0.,0.00024994206186113));
#4012=CARTESIAN_POINT('',(0.,0.,3.9660186590387E-19));
#4013=CARTESIAN_POINT('',(-0.0064721756748129,0.,-0.000249942061861132));
#4014=CARTESIAN_POINT('',(-0.0064721756748129,-0.00762,-0.000249942061861132));
#4015=CARTESIAN_POINT('',(0.,-0.00762,3.9660186590387E-19));
#4016=CARTESIAN_POINT('',(0.00345254401245245,-0.00762,-0.0054800975212131));
#4017=CARTESIAN_POINT('',(0.00345254401245245,-0.00762,-0.0054800975212131));
#4018=CARTESIAN_POINT('',(0.00345254401245245,0.,-0.0054800975212131));
#4019=CARTESIAN_POINT('',(0.,-0.00762,3.9660186590387E-19));
#4020=CARTESIAN_POINT('',(0.00301963166236045,-0.00762,-0.00573003958307423));
#4021=CARTESIAN_POINT('',(0.00301963166236045,-0.00762,-0.00573003958307423));
#4022=CARTESIAN_POINT('',(0.00301963166236045,0.,-0.00573003958307423));
#4023=CARTESIAN_POINT('',(0.,0.,3.9660186590387E-19));
#4024=CARTESIAN_POINT('',(0.,-0.00762,3.9660186590387E-19));
#4025=CARTESIAN_POINT('',(0.,-0.00762,3.9660186590387E-19));
#4026=CARTESIAN_POINT('',(0.00508918785361423,-0.00762,-0.00400645678755588));
#4027=CARTESIAN_POINT('',(0.00538301236939333,-0.00762,-0.00360204203624634));
#4028=CARTESIAN_POINT('',(0.00508918785361423,-0.00762,-0.00400645678755588));
#4029=CARTESIAN_POINT('',(0.00508918785361423,0.,-0.00400645678755588));
#4030=CARTESIAN_POINT('',(0.,0.,3.9660186590387E-19));
#4031=CARTESIAN_POINT('',(0.00538301236939333,0.,-0.00360204203624634));
#4032=CARTESIAN_POINT('',(0.00538301236939333,-0.00762,-0.00360204203624634));
#4033=CARTESIAN_POINT('',(0.,-0.00762,3.9660186590387E-19));
#4034=CARTESIAN_POINT('',(0.000925099430380865,-0.00762,-0.00641059435963907));
#4035=CARTESIAN_POINT('',(0.000925099430380865,-0.00762,-0.00641059435963907));
#4036=CARTESIAN_POINT('',(0.000925099430380865,0.,-0.00641059435963907));
#4037=CARTESIAN_POINT('',(0.,-0.00762,3.9660186590387E-19));
#4038=CARTESIAN_POINT('',(0.000427953724192095,-0.00762,-0.00646284647890365));
#4039=CARTESIAN_POINT('',(0.000427953724192095,-0.00762,-0.00646284647890365));
#4040=CARTESIAN_POINT('',(0.000427953724192095,0.,-0.00646284647890365));
#4041=CARTESIAN_POINT('',(0.,0.,3.9660186590387E-19));
#4042=CARTESIAN_POINT('',(0.,-0.00762,3.9660186590387E-19));
#4043=CARTESIAN_POINT('',(-0.00176230324746806,-0.00762,-0.006232641194862));
#4044=CARTESIAN_POINT('',(-0.00176230324746806,-0.00762,-0.006232641194862));
#4045=CARTESIAN_POINT('',(-0.00176230324746806,0.,-0.006232641194862));
#4046=CARTESIAN_POINT('',(0.,-0.00762,3.9660186590387E-19));
#4047=CARTESIAN_POINT('',(-0.00223772130072661,-0.00762,-0.00607816850541359));
#4048=CARTESIAN_POINT('',(-0.00223772130072661,-0.00762,-0.00607816850541359));
#4049=CARTESIAN_POINT('',(-0.00223772130072661,0.,-0.00607816850541359));
#4050=CARTESIAN_POINT('',(0.,0.,3.9660186590387E-19));
#4051=CARTESIAN_POINT('',(0.,-0.00762,3.9660186590387E-19));
#4052=CARTESIAN_POINT('',(0.,-0.00762,3.9660186590387E-19));
#4053=CARTESIAN_POINT('',(-0.0060142872839951,-0.00762,-0.00240413757208319));
#4054=CARTESIAN_POINT('',(-0.00581096609358542,-0.00762,-0.00286080444265731));
#4055=CARTESIAN_POINT('',(-0.0060142872839951,-0.00762,-0.00240413757208319));
#4056=CARTESIAN_POINT('',(-0.0060142872839951,0.,-0.00240413757208319));
#4057=CARTESIAN_POINT('',(0.,0.,3.9660186590387E-19));
#4058=CARTESIAN_POINT('',(-0.00581096609358542,0.,-0.00286080444265731));
#4059=CARTESIAN_POINT('',(-0.00581096609358542,-0.00762,-0.00286080444265731));
#4060=CARTESIAN_POINT('',(0.,-0.00762,3.9660186590387E-19));
#4061=CARTESIAN_POINT('',(0.,-0.00762,3.9660186590387E-19));
#4062=CARTESIAN_POINT('',(-0.00451647398368986,-0.00762,-0.00464251997891015));
#4063=CARTESIAN_POINT('',(-0.00414498768380736,-0.00762,-0.00497700774572559));
#4064=CARTESIAN_POINT('',(-0.00451647398368986,-0.00762,-0.00464251997891015));
#4065=CARTESIAN_POINT('',(-0.00451647398368986,0.,-0.00464251997891015));
#4066=CARTESIAN_POINT('',(0.,0.,3.9660186590387E-19));
#4067=CARTESIAN_POINT('',(-0.00414498768380736,0.,-0.00497700774572559));
#4068=CARTESIAN_POINT('',(-0.00414498768380736,-0.00762,-0.00497700774572559));
#4069=CARTESIAN_POINT('',(0.,-0.00762,3.9660186590387E-19));
#4070=CARTESIAN_POINT('',(0.,-0.00762,3.9660186590387E-19));
#4071=CARTESIAN_POINT('',(0.00627877723115791,-0.00762,-0.00159012121595185));
#4072=CARTESIAN_POINT('',(0.00638270898453396,-0.00762,-0.001101160759688));
#4073=CARTESIAN_POINT('',(0.00627877723115791,-0.00762,-0.00159012121595185));
#4074=CARTESIAN_POINT('',(0.00627877723115791,0.,-0.00159012121595185));
#4075=CARTESIAN_POINT('',(0.,0.,3.9660186590387E-19));
#4076=CARTESIAN_POINT('',(0.00638270898453396,0.,-0.001101160759688));
#4077=CARTESIAN_POINT('',(0.00638270898453396,-0.00762,-0.001101160759688));
#4078=CARTESIAN_POINT('',(0.00504526683219289,-0.00762,-0.000454208680227903));
#4079=CARTESIAN_POINT('',(0.00504526683219289,3.46944695195361E-18,-0.000454208680227903));
#4080=CARTESIAN_POINT('',(0.00517895034313877,-0.00762,-0.000466195800617769));
#4081=CARTESIAN_POINT('',(0.00517895034313877,2.60208521396521E-18,-0.000466195800617769));
#4082=CARTESIAN_POINT('',(0.00534618580282932,-0.00762,-0.000481298068707469));
#4083=CARTESIAN_POINT('',(0.00534618580282932,3.46944695195361E-18,-0.000481298068707469));
#4084=CARTESIAN_POINT('',(0.00535438441010088,-0.00762,-0.000482287829674108));
#4085=CARTESIAN_POINT('',(0.00535438441010088,3.46944695195361E-18,-0.000482287829674108));
#4086=CARTESIAN_POINT('',(0.00538175799793157,-0.00762,-0.000486769429059134));
#4087=CARTESIAN_POINT('',(0.00538175799793157,6.07153216591882E-18,-0.000486769429059134));
#4088=CARTESIAN_POINT('',(0.0054213595002932,-0.00762,-0.000495929749712674));
#4089=CARTESIAN_POINT('',(0.0054213595002932,0.,-0.000495929749712674));
#4090=CARTESIAN_POINT('',(0.00549798963666441,-0.00762,-0.000518392183028541));
#4091=CARTESIAN_POINT('',(0.00549798963666441,3.46944695195361E-18,-0.000518392183028541));
#4092=CARTESIAN_POINT('',(0.00560768527476096,-0.00762,-0.000559963372189253));
#4093=CARTESIAN_POINT('',(0.00560768527476096,4.33680868994202E-18,-0.000559963372189253));
#4094=CARTESIAN_POINT('',(0.00580137904772049,-0.00762,-0.000653747442098348));
#4095=CARTESIAN_POINT('',(0.00580137904772049,8.67361737988404E-19,-0.000653747442098348));
#4096=CARTESIAN_POINT('',(0.00606330861689973,-0.00762,-0.000819475489387378));
#4097=CARTESIAN_POINT('',(0.00606330861689973,6.93889390390723E-18,-0.000819475489387378));
#4098=CARTESIAN_POINT('',(0.00627716277822896,-0.00762,-0.00100023733266072));
#4099=CARTESIAN_POINT('',(0.00627716277822896,2.60208521396521E-18,-0.00100023733266072));
#4100=CARTESIAN_POINT('',(0.00638270898453396,-0.00762,-0.001101160759688));
#4101=CARTESIAN_POINT('',(0.00638270898453396,3.46944695195361E-18,-0.001101160759688));
#4102=CARTESIAN_POINT('',(0.00474330383983215,-0.00762,-0.000427170847593357));
#4103=CARTESIAN_POINT('',(0.00503393813864558,-0.00762,-0.000453177955219296));
#4104=CARTESIAN_POINT('',(0.00534571418481463,-0.00762,-0.000481076910094931));
#4105=CARTESIAN_POINT('',(0.00535257870365172,-0.00762,-0.000482144608699474));
#4106=CARTESIAN_POINT('',(0.00535867431951982,-0.00762,-0.000482969218844271));
#4107=CARTESIAN_POINT('',(0.00536582096895832,-0.00762,-0.00048413848132162));
#4108=CARTESIAN_POINT('',(0.00537541965721707,-0.00762,-0.000485875944497679));
#4109=CARTESIAN_POINT('',(0.00538697142262905,-0.00762,-0.000488218307948396));
#4110=CARTESIAN_POINT('',(0.00540060699660025,-0.00762,-0.000491263810911318));
#4111=CARTESIAN_POINT('',(0.00541625492422771,-0.00762,-0.000495090444486684));
#4112=CARTESIAN_POINT('',(0.00543390268726722,-0.00762,-0.000499781530413243));
#4113=CARTESIAN_POINT('',(0.00545351689778834,-0.00762,-0.000505417812989382));
#4114=CARTESIAN_POINT('',(0.0054750671968843,-0.00762,-0.000512079738435391));
#4115=CARTESIAN_POINT('',(0.00549851921625759,-0.00762,-0.000519846695969292));
#4116=CARTESIAN_POINT('',(0.00552383665742806,-0.00762,-0.000528797154978068));
#4117=CARTESIAN_POINT('',(0.00555098071947984,-0.00762,-0.000539008542233878));
#4118=CARTESIAN_POINT('',(0.0055799102961709,-0.00762,-0.000550557195188396));
#4119=CARTESIAN_POINT('',(0.00561058195501211,-0.00762,-0.000563518294384353));
#4120=CARTESIAN_POINT('',(0.00564294998091789,-0.00762,-0.000577965802776198));
#4121=CARTESIAN_POINT('',(0.00567696640371953,-0.00762,-0.000593972404068303));
#4122=CARTESIAN_POINT('',(0.00571258103232773,-0.00762,-0.000611609442343149));
#4123=CARTESIAN_POINT('',(0.00574974148903612,-0.00762,-0.000630946862387347));
#4124=CARTESIAN_POINT('',(0.00578839324575129,-0.00762,-0.000652053150890064));
#4125=CARTESIAN_POINT('',(0.00582847966158786,-0.00762,-0.000674995278644125));
#4126=CARTESIAN_POINT('',(0.00586994202202076,-0.00762,-0.000699838643232724));
#4127=CARTESIAN_POINT('',(0.00591271957922951,-0.00762,-0.000726647014416279));
#4128=CARTESIAN_POINT('',(0.00595674959477233,-0.00762,-0.000755482473829585));
#4129=CARTESIAN_POINT('',(0.00600196738012308,-0.00762,-0.000786405381472682));
#4130=CARTESIAN_POINT('',(0.00604830635211839,-0.00762,-0.000819474244198353));
#4131=CARTESIAN_POINT('',(0.00609569803769203,-0.00762,-0.000854745965863376));
#4132=CARTESIAN_POINT('',(0.0061440722796367,-0.00762,-0.000892274638282273));
#4133=CARTESIAN_POINT('',(0.00619335667803039,-0.00762,-0.000932115931443595));
#4134=CARTESIAN_POINT('',(0.0062434789651533,-0.00762,-0.000974310044720697));
#4135=CARTESIAN_POINT('',(0.00629435816112813,-0.00762,-0.00101894670235551));
#4136=CARTESIAN_POINT('',(0.00634088388365934,-0.00762,-0.00106131354696141));
#4137=CARTESIAN_POINT('',(0.00637036229967682,-0.00762,-0.0010893548427173));
#4138=CARTESIAN_POINT('',(0.00638270898453396,-0.00762,-0.001101160759688));
#4139=CARTESIAN_POINT('',(0.00504526681652284,-0.00762,-0.000454208678822802));
#4140=CARTESIAN_POINT('',(0.00474330383983215,0.,-0.000427170847593357));
#4141=CARTESIAN_POINT('',(0.00503393813864558,0.,-0.000453177955219296));
#4142=CARTESIAN_POINT('',(0.00534571418481463,0.,-0.000481076910094931));
#4143=CARTESIAN_POINT('',(0.00535257870365172,0.,-0.000482144608699474));
#4144=CARTESIAN_POINT('',(0.00535867431951982,0.,-0.000482969218844271));
#4145=CARTESIAN_POINT('',(0.00536582096895832,0.,-0.00048413848132162));
#4146=CARTESIAN_POINT('',(0.00537541965721707,0.,-0.000485875944497679));
#4147=CARTESIAN_POINT('',(0.00538697142262905,0.,-0.000488218307948396));
#4148=CARTESIAN_POINT('',(0.00540060699660025,0.,-0.000491263810911318));
#4149=CARTESIAN_POINT('',(0.00541625492422771,0.,-0.000495090444486684));
#4150=CARTESIAN_POINT('',(0.00543390268726722,0.,-0.000499781530413243));
#4151=CARTESIAN_POINT('',(0.00545351689778834,0.,-0.000505417812989382));
#4152=CARTESIAN_POINT('',(0.0054750671968843,0.,-0.000512079738435391));
#4153=CARTESIAN_POINT('',(0.00549851921625759,0.,-0.000519846695969292));
#4154=CARTESIAN_POINT('',(0.00552383665742806,0.,-0.000528797154978068));
#4155=CARTESIAN_POINT('',(0.00555098071947984,0.,-0.000539008542233878));
#4156=CARTESIAN_POINT('',(0.0055799102961709,0.,-0.000550557195188396));
#4157=CARTESIAN_POINT('',(0.00561058195501211,0.,-0.000563518294384353));
#4158=CARTESIAN_POINT('',(0.00564294998091789,0.,-0.000577965802776198));
#4159=CARTESIAN_POINT('',(0.00567696640371953,0.,-0.000593972404068303));
#4160=CARTESIAN_POINT('',(0.00571258103232773,0.,-0.000611609442343149));
#4161=CARTESIAN_POINT('',(0.00574974148903612,0.,-0.000630946862387347));
#4162=CARTESIAN_POINT('',(0.00578839324575129,0.,-0.000652053150890064));
#4163=CARTESIAN_POINT('',(0.00582847966158786,0.,-0.000674995278644125));
#4164=CARTESIAN_POINT('',(0.00586994202202076,0.,-0.000699838643232724));
#4165=CARTESIAN_POINT('',(0.00591271957922951,0.,-0.000726647014416279));
#4166=CARTESIAN_POINT('',(0.00595674959477233,0.,-0.000755482473829585));
#4167=CARTESIAN_POINT('',(0.00600196738012308,0.,-0.000786405381472682));
#4168=CARTESIAN_POINT('',(0.00604830635211839,0.,-0.000819474244198353));
#4169=CARTESIAN_POINT('',(0.00609569803769203,0.,-0.000854745965863376));
#4170=CARTESIAN_POINT('',(0.0061440722796367,0.,-0.000892274638282273));
#4171=CARTESIAN_POINT('',(0.00619335667803039,0.,-0.000932115931443595));
#4172=CARTESIAN_POINT('',(0.0062434789651533,0.,-0.000974310044720697));
#4173=CARTESIAN_POINT('',(0.00629435816112813,0.,-0.00101894670235551));
#4174=CARTESIAN_POINT('',(0.00634088388365934,0.,-0.00106131354696141));
#4175=CARTESIAN_POINT('',(0.00637036229967682,0.,-0.0010893548427173));
#4176=CARTESIAN_POINT('',(0.00638270898453396,0.,-0.001101160759688));
#4177=CARTESIAN_POINT('',(0.00504526681652284,0.,-0.000454208678822802));
#4178=CARTESIAN_POINT('',(0.00504526681652284,-0.00762,-0.000454208678822802));
#4179=CARTESIAN_POINT('',(0.0050452668321929,-0.00762,0.000454208680227904));
#4180=CARTESIAN_POINT('',(0.0050452668321929,-3.46944695195361E-18,0.000454208680227904));
#4181=CARTESIAN_POINT('',(0.00517895034313878,-0.00762,0.00046619580061777));
#4182=CARTESIAN_POINT('',(0.00517895034313878,-3.46944695195361E-18,0.00046619580061777));
#4183=CARTESIAN_POINT('',(0.00534618580282933,-0.00762,0.000481298068707469));
#4184=CARTESIAN_POINT('',(0.00534618580282933,-8.67361737988404E-19,0.000481298068707469));
#4185=CARTESIAN_POINT('',(0.00535438441010088,-0.00762,0.000482287829674108));
#4186=CARTESIAN_POINT('',(0.00535438441010088,-3.46944695195361E-18,0.000482287829674108));
#4187=CARTESIAN_POINT('',(0.00538175799793157,-0.00762,0.000486769429059134));
#4188=CARTESIAN_POINT('',(0.00538175799793157,-4.33680868994202E-18,0.000486769429059134));
#4189=CARTESIAN_POINT('',(0.0054213595002932,-0.00762,0.000495929749712674));
#4190=CARTESIAN_POINT('',(0.0054213595002932,-3.46944695195361E-18,0.000495929749712674));
#4191=CARTESIAN_POINT('',(0.00549798963666441,-0.00762,0.000518392183028541));
#4192=CARTESIAN_POINT('',(0.00549798963666441,-3.46944695195361E-18,0.000518392183028541));
#4193=CARTESIAN_POINT('',(0.00560768527476096,-0.00762,0.000559963372189254));
#4194=CARTESIAN_POINT('',(0.00560768527476096,-2.60208521396521E-18,0.000559963372189254));
#4195=CARTESIAN_POINT('',(0.00580137904772049,-0.00762,0.000653747442098348));
#4196=CARTESIAN_POINT('',(0.00580137904772049,-6.07153216591882E-18,0.000653747442098348));
#4197=CARTESIAN_POINT('',(0.00606330861689973,-0.00762,0.00081947548938738));
#4198=CARTESIAN_POINT('',(0.00606330861689973,-2.60208521396521E-18,0.00081947548938738));
#4199=CARTESIAN_POINT('',(0.00627716277822896,-0.00762,0.00100023733266072));
#4200=CARTESIAN_POINT('',(0.00627716277822896,-3.46944695195361E-18,0.00100023733266072));
#4201=CARTESIAN_POINT('',(0.00638270898453396,-0.00762,0.001101160759688));
#4202=CARTESIAN_POINT('',(0.00638270898453396,-3.46944695195361E-18,0.001101160759688));
#4203=CARTESIAN_POINT('',(0.00474330383983215,0.,0.000427170847593357));
#4204=CARTESIAN_POINT('',(0.00503393813864558,0.,0.000453177955219296));
#4205=CARTESIAN_POINT('',(0.00534571418481463,0.,0.000481076910094931));
#4206=CARTESIAN_POINT('',(0.00535257870365172,0.,0.000482144608699474));
#4207=CARTESIAN_POINT('',(0.00535867431951982,0.,0.000482969218844271));
#4208=CARTESIAN_POINT('',(0.00536582096895832,0.,0.00048413848132162));
#4209=CARTESIAN_POINT('',(0.00537541965721707,0.,0.000485875944497679));
#4210=CARTESIAN_POINT('',(0.00538697142262905,0.,0.000488218307948396));
#4211=CARTESIAN_POINT('',(0.00540060699660025,0.,0.000491263810911318));
#4212=CARTESIAN_POINT('',(0.00541625492422771,0.,0.000495090444486684));
#4213=CARTESIAN_POINT('',(0.00543390268726722,0.,0.000499781530413243));
#4214=CARTESIAN_POINT('',(0.00545351689778834,0.,0.000505417812989382));
#4215=CARTESIAN_POINT('',(0.0054750671968843,0.,0.000512079738435391));
#4216=CARTESIAN_POINT('',(0.00549851921625759,0.,0.000519846695969292));
#4217=CARTESIAN_POINT('',(0.00552383665742806,0.,0.000528797154978068));
#4218=CARTESIAN_POINT('',(0.00555098071947984,0.,0.000539008542233878));
#4219=CARTESIAN_POINT('',(0.0055799102961709,0.,0.000550557195188396));
#4220=CARTESIAN_POINT('',(0.00561058195501211,0.,0.000563518294384353));
#4221=CARTESIAN_POINT('',(0.00564294998091789,0.,0.000577965802776198));
#4222=CARTESIAN_POINT('',(0.00567696640371953,0.,0.000593972404068303));
#4223=CARTESIAN_POINT('',(0.00571258103232773,0.,0.000611609442343149));
#4224=CARTESIAN_POINT('',(0.00574974148903612,0.,0.000630946862387347));
#4225=CARTESIAN_POINT('',(0.00578839324575129,0.,0.000652053150890064));
#4226=CARTESIAN_POINT('',(0.00582847966158786,0.,0.000674995278644125));
#4227=CARTESIAN_POINT('',(0.00586994202202076,0.,0.000699838643232724));
#4228=CARTESIAN_POINT('',(0.00591271957922951,0.,0.000726647014416279));
#4229=CARTESIAN_POINT('',(0.00595674959477233,0.,0.000755482473829585));
#4230=CARTESIAN_POINT('',(0.00600196738012308,0.,0.000786405381472682));
#4231=CARTESIAN_POINT('',(0.00604830635211839,0.,0.000819474244198353));
#4232=CARTESIAN_POINT('',(0.00609569803769203,0.,0.000854745965863376));
#4233=CARTESIAN_POINT('',(0.0061440722796367,0.,0.000892274638282273));
#4234=CARTESIAN_POINT('',(0.00619335667803039,0.,0.000932115931443595));
#4235=CARTESIAN_POINT('',(0.0062434789651533,0.,0.000974310044720697));
#4236=CARTESIAN_POINT('',(0.00629435816112813,0.,0.00101894670235551));
#4237=CARTESIAN_POINT('',(0.00634088388365934,0.,0.00106131354696141));
#4238=CARTESIAN_POINT('',(0.00637036229967682,0.,0.0010893548427173));
#4239=CARTESIAN_POINT('',(0.00638270898453396,0.,0.001101160759688));
#4240=CARTESIAN_POINT('',(0.00504526681652285,0.,0.000454208678822803));
#4241=CARTESIAN_POINT('',(0.00474330383983215,-0.00762,0.000427170847593357));
#4242=CARTESIAN_POINT('',(0.00503393813864558,-0.00762,0.000453177955219296));
#4243=CARTESIAN_POINT('',(0.00534571418481463,-0.00762,0.000481076910094931));
#4244=CARTESIAN_POINT('',(0.00535257870365172,-0.00762,0.000482144608699474));
#4245=CARTESIAN_POINT('',(0.00535867431951982,-0.00762,0.000482969218844271));
#4246=CARTESIAN_POINT('',(0.00536582096895832,-0.00762,0.00048413848132162));
#4247=CARTESIAN_POINT('',(0.00537541965721707,-0.00762,0.000485875944497679));
#4248=CARTESIAN_POINT('',(0.00538697142262905,-0.00762,0.000488218307948396));
#4249=CARTESIAN_POINT('',(0.00540060699660025,-0.00762,0.000491263810911318));
#4250=CARTESIAN_POINT('',(0.00541625492422771,-0.00762,0.000495090444486684));
#4251=CARTESIAN_POINT('',(0.00543390268726722,-0.00762,0.000499781530413243));
#4252=CARTESIAN_POINT('',(0.00545351689778834,-0.00762,0.000505417812989382));
#4253=CARTESIAN_POINT('',(0.0054750671968843,-0.00762,0.000512079738435391));
#4254=CARTESIAN_POINT('',(0.00549851921625759,-0.00762,0.000519846695969292));
#4255=CARTESIAN_POINT('',(0.00552383665742806,-0.00762,0.000528797154978068));
#4256=CARTESIAN_POINT('',(0.00555098071947984,-0.00762,0.000539008542233878));
#4257=CARTESIAN_POINT('',(0.0055799102961709,-0.00762,0.000550557195188396));
#4258=CARTESIAN_POINT('',(0.00561058195501211,-0.00762,0.000563518294384353));
#4259=CARTESIAN_POINT('',(0.00564294998091789,-0.00762,0.000577965802776198));
#4260=CARTESIAN_POINT('',(0.00567696640371953,-0.00762,0.000593972404068303));
#4261=CARTESIAN_POINT('',(0.00571258103232773,-0.00762,0.000611609442343149));
#4262=CARTESIAN_POINT('',(0.00574974148903612,-0.00762,0.000630946862387347));
#4263=CARTESIAN_POINT('',(0.00578839324575129,-0.00762,0.000652053150890064));
#4264=CARTESIAN_POINT('',(0.00582847966158786,-0.00762,0.000674995278644125));
#4265=CARTESIAN_POINT('',(0.00586994202202076,-0.00762,0.000699838643232724));
#4266=CARTESIAN_POINT('',(0.00591271957922951,-0.00762,0.000726647014416279));
#4267=CARTESIAN_POINT('',(0.00595674959477233,-0.00762,0.000755482473829585));
#4268=CARTESIAN_POINT('',(0.00600196738012308,-0.00762,0.000786405381472682));
#4269=CARTESIAN_POINT('',(0.00604830635211839,-0.00762,0.000819474244198353));
#4270=CARTESIAN_POINT('',(0.00609569803769203,-0.00762,0.000854745965863376));
#4271=CARTESIAN_POINT('',(0.0061440722796367,-0.00762,0.000892274638282273));
#4272=CARTESIAN_POINT('',(0.00619335667803039,-0.00762,0.000932115931443595));
#4273=CARTESIAN_POINT('',(0.0062434789651533,-0.00762,0.000974310044720697));
#4274=CARTESIAN_POINT('',(0.00629435816112813,-0.00762,0.00101894670235551));
#4275=CARTESIAN_POINT('',(0.00634088388365934,-0.00762,0.00106131354696141));
#4276=CARTESIAN_POINT('',(0.00637036229967682,-0.00762,0.0010893548427173));
#4277=CARTESIAN_POINT('',(0.00638270898453396,-0.00762,0.001101160759688));
#4278=CARTESIAN_POINT('',(0.00504526681652285,-0.00762,0.000454208678822803));
#4279=CARTESIAN_POINT('',(0.00504526681652285,0.,0.000454208678822803));
#4280=CARTESIAN_POINT('',(-4.5102810375397E-17,-0.00762,-5.6920614055489E-19));
#4281=CARTESIAN_POINT('',(-4.5102810375397E-17,0.,-5.6920614055489E-19));
#4282=CARTESIAN_POINT('',(0.00476061560032575,0.,-0.00013396027745227));
#4283=CARTESIAN_POINT('',(0.00476061560032575,0.,0.000133960277452269));
#4284=CARTESIAN_POINT('',(0.00476061560032575,-0.00762,0.000133960277452269));
#4285=CARTESIAN_POINT('',(0.00476061560032575,-0.00762,0.000133960277452269));
#4286=CARTESIAN_POINT('',(-4.5102810375397E-17,-0.00762,-5.6920614055489E-19));
#4287=CARTESIAN_POINT('',(0.00476061560032575,-0.00762,-0.00013396027745227));
#4288=CARTESIAN_POINT('',(0.00476061560032575,-0.00762,-0.00013396027745227));
#4289=CARTESIAN_POINT('',(0.00507319412482539,-0.00381,-0.000142756010900004));
#4290=CARTESIAN_POINT('',(0.00507319412482539,-0.00762,-0.000142756010900004));
#4291=CARTESIAN_POINT('',(0.00507319412482539,0.,-0.000142756010900004));
#4292=CARTESIAN_POINT('',(0.00507319412482539,-0.00381,0.000142756010900004));
#4293=CARTESIAN_POINT('',(0.00507319412482539,-0.00762,0.000142756010900004));
#4294=CARTESIAN_POINT('',(0.00507319412482539,0.,0.000142756010900004));
#4295=CARTESIAN_POINT('',(-0.00291598967179321,-0.00762,-0.00414222490543613));
#4296=CARTESIAN_POINT('',(-0.00291598967179321,0.,-0.00414222490543613));
#4297=CARTESIAN_POINT('',(-0.002993212578042,-0.00762,-0.00425200466178743));
#4298=CARTESIAN_POINT('',(-0.002993212578042,-8.67361737988404E-19,-0.00425200466178743));
#4299=CARTESIAN_POINT('',(-0.00308990925570772,-0.00762,-0.00438928368424816));
#4300=CARTESIAN_POINT('',(-0.00308990925570772,0.,-0.00438928368424816));
#4301=CARTESIAN_POINT('',(-0.00309486571748429,-0.00762,-0.00439588900593767));
#4302=CARTESIAN_POINT('',(-0.00309486571748429,8.67361737988404E-19,-0.00439588900593767));
#4303=CARTESIAN_POINT('',(-0.00311243369031665,-0.00762,-0.00441735442869925));
#4304=CARTESIAN_POINT('',(-0.00311243369031665,-8.67361737988404E-19,-0.00441735442869925));
#4305=CARTESIAN_POINT('',(-0.00314016751189023,-0.00762,-0.00444707017544567));
#4306=CARTESIAN_POINT('',(-0.00314016751189023,0.,-0.00444707017544567));
#4307=CARTESIAN_POINT('',(-0.0031979356179582,-0.00762,-0.00450220260358069));
#4308=CARTESIAN_POINT('',(-0.0031979356179582,-1.73472347597681E-18,-0.00450220260358069));
#4309=CARTESIAN_POINT('',(-0.00328878514288518,-0.00762,-0.00457641621827629));
#4310=CARTESIAN_POINT('',(-0.00328878514288518,8.67361737988404E-19,-0.00457641621827629));
#4311=CARTESIAN_POINT('',(-0.00346685141637651,-0.00762,-0.00469726791125954));
#4312=CARTESIAN_POINT('',(-0.00346685141637651,-8.67361737988404E-19,-0.00469726791125954));
#4313=CARTESIAN_POINT('',(-0.00374134090003804,-0.00762,-0.00484124154852657));
#4314=CARTESIAN_POINT('',(-0.00374134090003804,2.60208521396521E-18,-0.00484124154852657));
#4315=CARTESIAN_POINT('',(-0.00400481232901221,-0.00762,-0.00493606376330601));
#4316=CARTESIAN_POINT('',(-0.00400481232901221,-8.67361737988404E-19,-0.00493606376330601));
#4317=CARTESIAN_POINT('',(-0.00414498768380736,-0.00762,-0.00497700774572559));
#4318=CARTESIAN_POINT('',(-0.00414498768380736,0.,-0.00497700774572559));
#4319=CARTESIAN_POINT('',(-0.00274159272568805,-0.00762,-0.00389423619936623));
#4320=CARTESIAN_POINT('',(-0.00290943269097779,-0.00762,-0.00413292933153678));
#4321=CARTESIAN_POINT('',(-0.00308948191772365,-0.00762,-0.00438898583037282));
#4322=CARTESIAN_POINT('',(-0.00309383883125731,-0.00762,-0.00439439682876823));
#4323=CARTESIAN_POINT('',(-0.00309760077252498,-0.00762,-0.00439926348188932));
#4324=CARTESIAN_POINT('',(-0.0031021867082533,-0.00762,-0.00440486803061632));
#4325=CARTESIAN_POINT('',(-0.00310849073963129,-0.00762,-0.00441231200690338));
#4326=CARTESIAN_POINT('',(-0.0031162951685905,-0.00762,-0.00442114494748335));
#4327=CARTESIAN_POINT('',(-0.00312575043850928,-0.00762,-0.00443143094945614));
#4328=CARTESIAN_POINT('',(-0.00313688836421025,-0.00762,-0.00444306913551041));
#4329=CARTESIAN_POINT('',(-0.00314977484531374,-0.00762,-0.00445600700365931));
#4330=CARTESIAN_POINT('',(-0.00316446311446815,-0.00762,-0.00447017526695771));
#4331=CARTESIAN_POINT('',(-0.00318100766069049,-0.00762,-0.00448550741071096));
#4332=CARTESIAN_POINT('',(-0.00319946005291161,-0.00762,-0.00450193397649133));
#4333=CARTESIAN_POINT('',(-0.00321987009837398,-0.00762,-0.00451938429419939));
#4334=CARTESIAN_POINT('',(-0.00324228545017127,-0.00762,-0.00453778604787022));
#4335=CARTESIAN_POINT('',(-0.00326675166535491,-0.00762,-0.00455706546972815));
#4336=CARTESIAN_POINT('',(-0.00329331213594018,-0.00762,-0.00457714735586287));
#4337=CARTESIAN_POINT('',(-0.0033220080581818,-0.00762,-0.00459795513437171));
#4338=CARTESIAN_POINT('',(-0.00335287839292984,-0.00762,-0.00461941092001775));
#4339=CARTESIAN_POINT('',(-0.00338595983042747,-0.00762,-0.00464143557400137));
#4340=CARTESIAN_POINT('',(-0.00342128675578359,-0.00762,-0.00466394876350497));
#4341=CARTESIAN_POINT('',(-0.00345889121616413,-0.00762,-0.00468686902246985));
#4342=CARTESIAN_POINT('',(-0.0034988028895343,-0.00762,-0.00471011381305396));
#4343=CARTESIAN_POINT('',(-0.00354104905459995,-0.00762,-0.00473359958819541));
#4344=CARTESIAN_POINT('',(-0.00358565456368337,-0.00762,-0.00475724185385825));
#4345=CARTESIAN_POINT('',(-0.0036326418118365,-0.00762,-0.0047809552361407));
#4346=CARTESIAN_POINT('',(-0.00368203072808968,-0.00762,-0.00480465353313577));
#4347=CARTESIAN_POINT('',(-0.00373383868928202,-0.00762,-0.00482824982870614));
#4348=CARTESIAN_POINT('',(-0.00378808073906597,-0.00762,-0.00485165637150856));
#4349=CARTESIAN_POINT('',(-0.00384476864372338,-0.00762,-0.00487478535771201));
#4350=CARTESIAN_POINT('',(-0.00390391441491755,-0.00762,-0.00489754625215052));
#4351=CARTESIAN_POINT('',(-0.00396551673246713,-0.00762,-0.00491985636945619));
#4352=CARTESIAN_POINT('',(-0.00402961280990632,-0.00762,-0.00494160071687711));
#4353=CARTESIAN_POINT('',(-0.00408956643487882,-0.00762,-0.00496070975221561));
#4354=CARTESIAN_POINT('',(-0.0041285901173672,-0.00762,-0.00497221816147213));
#4355=CARTESIAN_POINT('',(-0.00414498768380736,-0.00762,-0.00497700774572559));
#4356=CARTESIAN_POINT('',(-0.00291598966274133,-0.00762,-0.00414222489256802));
#4357=CARTESIAN_POINT('',(-0.00274159272568805,0.,-0.00389423619936623));
#4358=CARTESIAN_POINT('',(-0.00290943269097779,0.,-0.00413292933153678));
#4359=CARTESIAN_POINT('',(-0.00308948191772365,0.,-0.00438898583037282));
#4360=CARTESIAN_POINT('',(-0.00309383883125731,0.,-0.00439439682876823));
#4361=CARTESIAN_POINT('',(-0.00309760077252498,0.,-0.00439926348188932));
#4362=CARTESIAN_POINT('',(-0.0031021867082533,0.,-0.00440486803061632));
#4363=CARTESIAN_POINT('',(-0.00310849073963129,0.,-0.00441231200690338));
#4364=CARTESIAN_POINT('',(-0.0031162951685905,0.,-0.00442114494748335));
#4365=CARTESIAN_POINT('',(-0.00312575043850928,0.,-0.00443143094945614));
#4366=CARTESIAN_POINT('',(-0.00313688836421025,0.,-0.00444306913551041));
#4367=CARTESIAN_POINT('',(-0.00314977484531374,0.,-0.00445600700365931));
#4368=CARTESIAN_POINT('',(-0.00316446311446815,0.,-0.00447017526695771));
#4369=CARTESIAN_POINT('',(-0.00318100766069049,0.,-0.00448550741071096));
#4370=CARTESIAN_POINT('',(-0.00319946005291161,0.,-0.00450193397649133));
#4371=CARTESIAN_POINT('',(-0.00321987009837398,0.,-0.00451938429419939));
#4372=CARTESIAN_POINT('',(-0.00324228545017127,0.,-0.00453778604787022));
#4373=CARTESIAN_POINT('',(-0.00326675166535491,0.,-0.00455706546972815));
#4374=CARTESIAN_POINT('',(-0.00329331213594018,0.,-0.00457714735586287));
#4375=CARTESIAN_POINT('',(-0.0033220080581818,0.,-0.00459795513437171));
#4376=CARTESIAN_POINT('',(-0.00335287839292984,0.,-0.00461941092001775));
#4377=CARTESIAN_POINT('',(-0.00338595983042747,0.,-0.00464143557400137));
#4378=CARTESIAN_POINT('',(-0.00342128675578359,0.,-0.00466394876350497));
#4379=CARTESIAN_POINT('',(-0.00345889121616413,0.,-0.00468686902246985));
#4380=CARTESIAN_POINT('',(-0.0034988028895343,0.,-0.00471011381305396));
#4381=CARTESIAN_POINT('',(-0.00354104905459995,0.,-0.00473359958819541));
#4382=CARTESIAN_POINT('',(-0.00358565456368337,0.,-0.00475724185385825));
#4383=CARTESIAN_POINT('',(-0.0036326418118365,0.,-0.0047809552361407));
#4384=CARTESIAN_POINT('',(-0.00368203072808968,0.,-0.00480465353313577));
#4385=CARTESIAN_POINT('',(-0.00373383868928202,0.,-0.00482824982870614));
#4386=CARTESIAN_POINT('',(-0.00378808073906597,0.,-0.00485165637150856));
#4387=CARTESIAN_POINT('',(-0.00384476864372338,0.,-0.00487478535771201));
#4388=CARTESIAN_POINT('',(-0.00390391441491755,0.,-0.00489754625215052));
#4389=CARTESIAN_POINT('',(-0.00396551673246713,0.,-0.00491985636945619));
#4390=CARTESIAN_POINT('',(-0.00402961280990632,0.,-0.00494160071687711));
#4391=CARTESIAN_POINT('',(-0.00408956643487882,0.,-0.00496070975221561));
#4392=CARTESIAN_POINT('',(-0.0041285901173672,0.,-0.00497221816147213));
#4393=CARTESIAN_POINT('',(-0.00414498768380736,0.,-0.00497700774572559));
#4394=CARTESIAN_POINT('',(-0.00291598966274133,0.,-0.00414222489256802));
#4395=CARTESIAN_POINT('',(-0.00291598966274133,-0.00762,-0.00414222489256802));
#4396=CARTESIAN_POINT('',(-0.00212927716039968,-0.00762,-0.00459643358566404));
#4397=CARTESIAN_POINT('',(-0.00212927716039968,-3.46944695195361E-18,-0.00459643358566404));
#4398=CARTESIAN_POINT('',(-0.00218573776509678,-0.00762,-0.0047182004624052));
#4399=CARTESIAN_POINT('',(-0.00218573776509678,-3.46944695195361E-18,-0.0047182004624052));
#4400=CARTESIAN_POINT('',(-0.00225627654712161,-0.00762,-0.00487058175295563));
#4401=CARTESIAN_POINT('',(-0.00225627654712161,-3.46944695195361E-18,-0.00487058175295563));
#4402=CARTESIAN_POINT('',(-0.0022595186926166,-0.00762,-0.00487817683561177));
#4403=CARTESIAN_POINT('',(-0.0022595186926166,-2.60208521396521E-18,-0.00487817683561177));
#4404=CARTESIAN_POINT('',(-0.00226932430761493,-0.00762,-0.00490412385775838));
#4405=CARTESIAN_POINT('',(-0.00226932430761493,-6.07153216591882E-18,-0.00490412385775838));
#4406=CARTESIAN_POINT('',(-0.00228119198840296,-0.00762,-0.00494299992515835));
#4407=CARTESIAN_POINT('',(-0.00228119198840296,-2.60208521396521E-18,-0.00494299992515835));
#4408=CARTESIAN_POINT('',(-0.00230005401870622,-0.00762,-0.00502059478660923));
#4409=CARTESIAN_POINT('',(-0.00230005401870622,-5.20417042793042E-18,-0.00502059478660923));
#4410=CARTESIAN_POINT('',(-0.0023189001318758,-0.00762,-0.00513637959046555));
#4411=CARTESIAN_POINT('',(-0.0023189001318758,-2.60208521396521E-18,-0.00513637959046555));
#4412=CARTESIAN_POINT('',(-0.00233452763134398,-0.00762,-0.00535101535335789));
#4413=CARTESIAN_POINT('',(-0.00233452763134398,-4.33680868994202E-18,-0.00535101535335789));
#4414=CARTESIAN_POINT('',(-0.00232196771686172,-0.00762,-0.00566071703791397));
#4415=CARTESIAN_POINT('',(-0.00232196771686172,-8.67361737988404E-19,-0.00566071703791397));
#4416=CARTESIAN_POINT('',(-0.00227235044921668,-0.00762,-0.00593630109596667));
#4417=CARTESIAN_POINT('',(-0.00227235044921668,-3.46944695195361E-18,-0.00593630109596667));
#4418=CARTESIAN_POINT('',(-0.00223772130072661,-0.00762,-0.00607816850541359));
#4419=CARTESIAN_POINT('',(-0.00223772130072661,-3.46944695195361E-18,-0.00607816850541359));
#4420=CARTESIAN_POINT('',(-0.00200171111414409,0.,-0.00432140704695959));
#4421=CARTESIAN_POINT('',(-0.00212450544766779,0.,-0.00458610728675607));
#4422=CARTESIAN_POINT('',(-0.00225623226709099,0.,-0.00487006274046775));
#4423=CARTESIAN_POINT('',(-0.00225873987239441,0.,-0.0048765414374677));
#4424=CARTESIAN_POINT('',(-0.00226107354699485,0.,-0.00488223270073359));
#4425=CARTESIAN_POINT('',(-0.00226363426070502,0.,-0.00488900651193794));
#4426=CARTESIAN_POINT('',(-0.00226692891758579,0.,-0.00489818795140106));
#4427=CARTESIAN_POINT('',(-0.00227067625403857,0.,-0.00490936325543175));
#4428=CARTESIAN_POINT('',(-0.00227485655809097,0.,-0.00492269476036746));
#4429=CARTESIAN_POINT('',(-0.00227936656001746,0.,-0.00493815957999709));
#4430=CARTESIAN_POINT('',(-0.00228412784195348,0.,-0.00495578853407256));
#4431=CARTESIAN_POINT('',(-0.00228905378332019,0.,-0.00497559307994709));
#4432=CARTESIAN_POINT('',(-0.00229405953619381,0.,-0.00499758714914636));
#4433=CARTESIAN_POINT('',(-0.00229905916334598,0.,-0.00502178067246062));
#4434=CARTESIAN_POINT('',(-0.00230396655905409,0.,-0.00504818144917745));
#4435=CARTESIAN_POINT('',(-0.00230869526930857,0.,-0.0050767945901041));
#4436=CARTESIAN_POINT('',(-0.00231315863081599,0.,-0.00510762266491655));
#4437=CARTESIAN_POINT('',(-0.00231726981907194,0.,-0.00514066565024723));
#4438=CARTESIAN_POINT('',(-0.0023209419227361,0.,-0.00517592093714791));
#4439=CARTESIAN_POINT('',(-0.00232408801078971,0.,-0.00521338332408605));
#4440=CARTESIAN_POINT('',(-0.00232662120190027,0.,-0.00525304501634452));
#4441=CARTESIAN_POINT('',(-0.00232845473325254,0.,-0.00529489562589232));
#4442=CARTESIAN_POINT('',(-0.00232950202958716,0.,-0.00533892217335991));
#4443=CARTESIAN_POINT('',(-0.00232967677205357,0.,-0.00538510909169808));
#4444=CARTESIAN_POINT('',(-0.00232889296742081,0.,-0.00543343823142813));
#4445=CARTESIAN_POINT('',(-0.00232706501554614,0.,-0.00548388886827453));
#4446=CARTESIAN_POINT('',(-0.00232410778293584,0.,-0.00553643770997029));
#4447=CARTESIAN_POINT('',(-0.00231993665203341,0.,-0.00559105891460845));
#4448=CARTESIAN_POINT('',(-0.00231446766283637,0.,-0.00564772407290449));
#4449=CARTESIAN_POINT('',(-0.00230761729862606,0.,-0.00570640233737193));
#4450=CARTESIAN_POINT('',(-0.00229930363591333,0.,-0.00576705999599429));
#4451=CARTESIAN_POINT('',(-0.00228944226311285,0.,-0.00582966218359412));
#4452=CARTESIAN_POINT('',(-0.00227796223268618,0.,-0.00589416641417689));
#4453=CARTESIAN_POINT('',(-0.00226474535122182,0.,-0.00596054741923262));
#4454=CARTESIAN_POINT('',(-0.00225131744878052,0.,-0.00602202329917702));
#4455=CARTESIAN_POINT('',(-0.00224177218230963,0.,-0.00606157300418943));
#4456=CARTESIAN_POINT('',(-0.00223772130072661,0.,-0.00607816850541359));
#4457=CARTESIAN_POINT('',(-0.00212927715378151,0.,-0.00459643357139083));
#4458=CARTESIAN_POINT('',(-0.00200171111414409,-0.00762,-0.00432140704695959));
#4459=CARTESIAN_POINT('',(-0.00212450544766779,-0.00762,-0.00458610728675607));
#4460=CARTESIAN_POINT('',(-0.00225623226709099,-0.00762,-0.00487006274046775));
#4461=CARTESIAN_POINT('',(-0.00225873987239441,-0.00762,-0.0048765414374677));
#4462=CARTESIAN_POINT('',(-0.00226107354699485,-0.00762,-0.00488223270073359));
#4463=CARTESIAN_POINT('',(-0.00226363426070502,-0.00762,-0.00488900651193794));
#4464=CARTESIAN_POINT('',(-0.00226692891758579,-0.00762,-0.00489818795140106));
#4465=CARTESIAN_POINT('',(-0.00227067625403857,-0.00762,-0.00490936325543175));
#4466=CARTESIAN_POINT('',(-0.00227485655809097,-0.00762,-0.00492269476036746));
#4467=CARTESIAN_POINT('',(-0.00227936656001746,-0.00762,-0.00493815957999709));
#4468=CARTESIAN_POINT('',(-0.00228412784195348,-0.00762,-0.00495578853407256));
#4469=CARTESIAN_POINT('',(-0.00228905378332019,-0.00762,-0.00497559307994709));
#4470=CARTESIAN_POINT('',(-0.00229405953619381,-0.00762,-0.00499758714914636));
#4471=CARTESIAN_POINT('',(-0.00229905916334598,-0.00762,-0.00502178067246062));
#4472=CARTESIAN_POINT('',(-0.00230396655905409,-0.00762,-0.00504818144917745));
#4473=CARTESIAN_POINT('',(-0.00230869526930857,-0.00762,-0.0050767945901041));
#4474=CARTESIAN_POINT('',(-0.00231315863081599,-0.00762,-0.00510762266491655));
#4475=CARTESIAN_POINT('',(-0.00231726981907194,-0.00762,-0.00514066565024723));
#4476=CARTESIAN_POINT('',(-0.0023209419227361,-0.00762,-0.00517592093714791));
#4477=CARTESIAN_POINT('',(-0.00232408801078971,-0.00762,-0.00521338332408605));
#4478=CARTESIAN_POINT('',(-0.00232662120190027,-0.00762,-0.00525304501634452));
#4479=CARTESIAN_POINT('',(-0.00232845473325254,-0.00762,-0.00529489562589232));
#4480=CARTESIAN_POINT('',(-0.00232950202958716,-0.00762,-0.00533892217335991));
#4481=CARTESIAN_POINT('',(-0.00232967677205357,-0.00762,-0.00538510909169808));
#4482=CARTESIAN_POINT('',(-0.00232889296742081,-0.00762,-0.00543343823142813));
#4483=CARTESIAN_POINT('',(-0.00232706501554614,-0.00762,-0.00548388886827453));
#4484=CARTESIAN_POINT('',(-0.00232410778293584,-0.00762,-0.00553643770997029));
#4485=CARTESIAN_POINT('',(-0.00231993665203341,-0.00762,-0.00559105891460845));
#4486=CARTESIAN_POINT('',(-0.00231446766283637,-0.00762,-0.00564772407290449));
#4487=CARTESIAN_POINT('',(-0.00230761729862606,-0.00762,-0.00570640233737193));
#4488=CARTESIAN_POINT('',(-0.00229930363591333,-0.00762,-0.00576705999599429));
#4489=CARTESIAN_POINT('',(-0.00228944226311285,-0.00762,-0.00582966218359412));
#4490=CARTESIAN_POINT('',(-0.00227796223268618,-0.00762,-0.00589416641417689));
#4491=CARTESIAN_POINT('',(-0.00226474535122182,-0.00762,-0.00596054741923262));
#4492=CARTESIAN_POINT('',(-0.00225131744878052,-0.00762,-0.00602202329917702));
#4493=CARTESIAN_POINT('',(-0.00224177218230963,-0.00762,-0.00606157300418943));
#4494=CARTESIAN_POINT('',(-0.00223772130072661,-0.00762,-0.00607816850541359));
#4495=CARTESIAN_POINT('',(-0.00212927715378151,-0.00762,-0.00459643357139083));
#4496=CARTESIAN_POINT('',(-0.00212927715378151,0.,-0.00459643357139083));
#4497=CARTESIAN_POINT('',(2.20584582099879E-17,-0.00762,3.93447826374436E-17));
#4498=CARTESIAN_POINT('',(2.20584582099879E-17,0.,3.93447826374436E-17));
#4499=CARTESIAN_POINT('',(-0.00249632080353456,0.,-0.00405583390880847));
#4500=CARTESIAN_POINT('',(-0.0022642947967912,0.,-0.00418979418626074));
#4501=CARTESIAN_POINT('',(-0.0022642947967912,-0.00762,-0.00418979418626074));
#4502=CARTESIAN_POINT('',(-0.0022642947967912,-0.00762,-0.00418979418626074));
#4503=CARTESIAN_POINT('',(2.20584582099879E-17,-0.00762,3.93447826374436E-17));
#4504=CARTESIAN_POINT('',(-0.00249632080353456,-0.00762,-0.00405583390880847));
#4505=CARTESIAN_POINT('',(-0.00249632080353456,-0.00762,-0.00405583390880847));
#4506=CARTESIAN_POINT('',(-0.00266022739439503,-0.00381,-0.00432213698497875));
#4507=CARTESIAN_POINT('',(-0.00266022739439503,-0.00762,-0.00432213698497875));
#4508=CARTESIAN_POINT('',(-0.00266022739439503,0.,-0.00432213698497875));
#4509=CARTESIAN_POINT('',(-0.00241296673043036,-0.00381,-0.00446489299587875));
#4510=CARTESIAN_POINT('',(-0.00241296673043036,-0.00762,-0.00446489299587875));
#4511=CARTESIAN_POINT('',(-0.00241296673043036,0.,-0.00446489299587875));
#4512=CARTESIAN_POINT('',(-0.00434868377210149,-0.00762,-0.00259807089654635));
#4513=CARTESIAN_POINT('',(-0.00434868377210149,1.73472347597681E-18,-0.00259807089654635));
#4514=CARTESIAN_POINT('',(-0.00446388185690704,-0.00762,-0.002666950308646));
#4515=CARTESIAN_POINT('',(-0.00446388185690704,8.67361737988404E-19,-0.002666950308646));
#4516=CARTESIAN_POINT('',(-0.00460805507631809,-0.00762,-0.00275303085397429));
#4517=CARTESIAN_POINT('',(-0.00460805507631809,2.60208521396521E-18,-0.00275303085397429));
#4518=CARTESIAN_POINT('',(-0.00461526965583047,-0.00762,-0.00275704914097547));
#4519=CARTESIAN_POINT('',(-0.00461526965583047,2.60208521396521E-18,-0.00275704914097547));
#4520=CARTESIAN_POINT('',(-0.00464004957160772,-0.00762,-0.00276951324214021));
#4521=CARTESIAN_POINT('',(-0.00464004957160772,-8.67361737988404E-19,-0.00276951324214021));
#4522=CARTESIAN_POINT('',(-0.00467747216140747,-0.00762,-0.00278537956611436));
#4523=CARTESIAN_POINT('',(-0.00467747216140747,4.33680868994202E-18,-0.00278537956611436));
#4524=CARTESIAN_POINT('',(-0.00475267033104674,-0.00762,-0.00281224913986698));
#4525=CARTESIAN_POINT('',(-0.00475267033104674,0.,-0.00281224913986698));
#4526=CARTESIAN_POINT('',(-0.00486585089838457,-0.00762,-0.00284309481967355));
#4527=CARTESIAN_POINT('',(-0.00486585089838457,4.33680868994202E-18,-0.00284309481967355));
#4528=CARTESIAN_POINT('',(-0.00507767734560596,-0.00762,-0.00288107225652194));
#4529=CARTESIAN_POINT('',(-0.00507767734560596,-8.67361737988404E-19,-0.00288107225652194));
#4530=CARTESIAN_POINT('',(-0.005386995320489,-0.00761999999999999,-0.00290095378772341));
#4531=CARTESIAN_POINT('',(-0.005386995320489,6.93889390390723E-18,-0.00290095378772341));
#4532=CARTESIAN_POINT('',(-0.00566625611697543,-0.00762,-0.00288041470675144));
#4533=CARTESIAN_POINT('',(-0.00566625611697543,8.67361737988404E-19,-0.00288041470675144));
#4534=CARTESIAN_POINT('',(-0.00581096609358542,-0.00762,-0.00286080444265731));
#4535=CARTESIAN_POINT('',(-0.00581096609358542,1.73472347597681E-18,-0.00286080444265731));
#4536=CARTESIAN_POINT('',(-0.0040884981403328,-0.00762,-0.00244245556899101));
#4537=CARTESIAN_POINT('',(-0.00433891282153842,-0.00762,-0.0025922459316));
#4538=CARTESIAN_POINT('',(-0.00460754353555849,-0.00762,-0.00275293256493653));
#4539=CARTESIAN_POINT('',(-0.00461372462544954,-0.00762,-0.00275610364155711));
#4540=CARTESIAN_POINT('',(-0.00461914077596002,-0.00762,-0.00275901943104715));
#4541=CARTESIAN_POINT('',(-0.00462560981204885,-0.00762,-0.00276227417297534));
#4542=CARTESIAN_POINT('',(-0.00463439656920518,-0.00762,-0.00276651050313866));
#4543=CARTESIAN_POINT('',(-0.00464511895043034,-0.00762,-0.00277140544864713));
#4544=CARTESIAN_POINT('',(-0.00465794046322852,-0.00762,-0.00277695637428052));
#4545=CARTESIAN_POINT('',(-0.00467284914138741,-0.00762,-0.00278305818377516));
#4546=CARTESIAN_POINT('',(-0.00468988383272394,-0.00762,-0.00278963611038907));
#4547=CARTESIAN_POINT('',(-0.00470906498614278,-0.00762,-0.00279660520567955));
#4548=CARTESIAN_POINT('',(-0.00473041532587432,-0.00762,-0.00280388254276958));
#4549=CARTESIAN_POINT('',(-0.00475395371119333,-0.00762,-0.00281138369325416));
#4550=CARTESIAN_POINT('',(-0.00477969689916093,-0.00762,-0.00281902383835438));
#4551=CARTESIAN_POINT('',(-0.0048076590094916,-0.00762,-0.00282671753188964));
#4552=CARTESIAN_POINT('',(-0.00483785165656525,-0.00762,-0.00283437885392136));
#4553=CARTESIAN_POINT('',(-0.00487028389277435,-0.00762,-0.00284192145313626));
#4554=CARTESIAN_POINT('',(-0.00490496220817159,-0.00762,-0.00284925862159413));
#4555=CARTESIAN_POINT('',(-0.00494189051648479,-0.00762,-0.00285630336078518));
#4556=CARTESIAN_POINT('',(-0.00498107014726924,-0.00762,-0.00286296845055216));
#4557=CARTESIAN_POINT('',(-0.00502249983858443,-0.00762,-0.00286916651753068));
#4558=CARTESIAN_POINT('',(-0.00506617573174198,-0.00762,-0.00287481010401617));
#4559=CARTESIAN_POINT('',(-0.00511209136774739,-0.00762,-0.00287981173682202));
#4560=CARTESIAN_POINT('',(-0.00516023768528701,-0.00762,-0.00288408399666008));
#4561=CARTESIAN_POINT('',(-0.00521060302126641,-0.00762,-0.00288753958603748));
#4562=CARTESIAN_POINT('',(-0.00526317310988936,-0.00762,-0.00289009140312578));
#4563=CARTESIAN_POINT('',(-0.00531793109575673,-0.00762,-0.00289165259269752));
#4564=CARTESIAN_POINT('',(-0.00537485750142304,-0.00762,-0.00289213668511304));
#4565=CARTESIAN_POINT('',(-0.00543393037826185,-0.00762,-0.00289145739672664));
#4566=CARTESIAN_POINT('',(-0.00549512476227104,-0.00762,-0.00288952972896933));
#4567=CARTESIAN_POINT('',(-0.00555841480268157,-0.00762,-0.00288626608826786));
#4568=CARTESIAN_POINT('',(-0.00562376566227878,-0.00762,-0.00288159147474612));
#4569=CARTESIAN_POINT('',(-0.00569116456555192,-0.00762,-0.00287538570118997));
#4570=CARTESIAN_POINT('',(-0.00575370727220076,-0.00762,-0.00286845733746184));
#4571=CARTESIAN_POINT('',(-0.00579403807182664,-0.00762,-0.00286309843084705));
#4572=CARTESIAN_POINT('',(-0.00581096609358542,-0.00762,-0.00286080444265731));
#4573=CARTESIAN_POINT('',(-0.00434868375859826,-0.00762,-0.00259807088847248));
#4574=CARTESIAN_POINT('',(-0.0040884981403328,0.,-0.00244245556899101));
#4575=CARTESIAN_POINT('',(-0.00433891282153842,0.,-0.0025922459316));
#4576=CARTESIAN_POINT('',(-0.00460754353555849,0.,-0.00275293256493653));
#4577=CARTESIAN_POINT('',(-0.00461372462544954,0.,-0.00275610364155711));
#4578=CARTESIAN_POINT('',(-0.00461914077596002,0.,-0.00275901943104715));
#4579=CARTESIAN_POINT('',(-0.00462560981204885,0.,-0.00276227417297534));
#4580=CARTESIAN_POINT('',(-0.00463439656920518,0.,-0.00276651050313866));
#4581=CARTESIAN_POINT('',(-0.00464511895043034,0.,-0.00277140544864713));
#4582=CARTESIAN_POINT('',(-0.00465794046322852,0.,-0.00277695637428052));
#4583=CARTESIAN_POINT('',(-0.00467284914138741,0.,-0.00278305818377516));
#4584=CARTESIAN_POINT('',(-0.00468988383272394,0.,-0.00278963611038907));
#4585=CARTESIAN_POINT('',(-0.00470906498614278,0.,-0.00279660520567955));
#4586=CARTESIAN_POINT('',(-0.00473041532587432,0.,-0.00280388254276958));
#4587=CARTESIAN_POINT('',(-0.00475395371119333,0.,-0.00281138369325416));
#4588=CARTESIAN_POINT('',(-0.00477969689916093,0.,-0.00281902383835438));
#4589=CARTESIAN_POINT('',(-0.0048076590094916,0.,-0.00282671753188964));
#4590=CARTESIAN_POINT('',(-0.00483785165656525,0.,-0.00283437885392136));
#4591=CARTESIAN_POINT('',(-0.00487028389277435,0.,-0.00284192145313626));
#4592=CARTESIAN_POINT('',(-0.00490496220817159,0.,-0.00284925862159413));
#4593=CARTESIAN_POINT('',(-0.00494189051648479,0.,-0.00285630336078518));
#4594=CARTESIAN_POINT('',(-0.00498107014726924,0.,-0.00286296845055216));
#4595=CARTESIAN_POINT('',(-0.00502249983858443,0.,-0.00286916651753068));
#4596=CARTESIAN_POINT('',(-0.00506617573174198,0.,-0.00287481010401617));
#4597=CARTESIAN_POINT('',(-0.00511209136774739,0.,-0.00287981173682202));
#4598=CARTESIAN_POINT('',(-0.00516023768528701,0.,-0.00288408399666008));
#4599=CARTESIAN_POINT('',(-0.00521060302126641,0.,-0.00288753958603748));
#4600=CARTESIAN_POINT('',(-0.00526317310988936,0.,-0.00289009140312578));
#4601=CARTESIAN_POINT('',(-0.00531793109575673,0.,-0.00289165259269752));
#4602=CARTESIAN_POINT('',(-0.00537485750142304,0.,-0.00289213668511304));
#4603=CARTESIAN_POINT('',(-0.00543393037826185,0.,-0.00289145739672664));
#4604=CARTESIAN_POINT('',(-0.00549512476227104,0.,-0.00288952972896933));
#4605=CARTESIAN_POINT('',(-0.00555841480268157,0.,-0.00288626608826786));
#4606=CARTESIAN_POINT('',(-0.00562376566227878,0.,-0.00288159147474612));
#4607=CARTESIAN_POINT('',(-0.00569116456555192,0.,-0.00287538570118997));
#4608=CARTESIAN_POINT('',(-0.00575370727220076,0.,-0.00286845733746184));
#4609=CARTESIAN_POINT('',(-0.00579403807182664,0.,-0.00286309843084705));
#4610=CARTESIAN_POINT('',(-0.00581096609358542,0.,-0.00286080444265731));
#4611=CARTESIAN_POINT('',(-0.00434868375859826,0.,-0.00259807088847248));
#4612=CARTESIAN_POINT('',(-0.00434868375859826,-0.00762,-0.00259807088847248));
#4613=CARTESIAN_POINT('',(-0.00381472944469912,-0.00762,-0.00333299597914034));
#4614=CARTESIAN_POINT('',(-0.00381472944469912,-8.67361737988404E-19,-0.00333299597914034));
#4615=CARTESIAN_POINT('',(-0.00391583582433943,-0.00762,-0.00342127095945803));
#4616=CARTESIAN_POINT('',(-0.00391583582433943,-8.67361737988404E-19,-0.00342127095945803));
#4617=CARTESIAN_POINT('',(-0.00404225526283189,-0.00762,-0.00353178748786265));
#4618=CARTESIAN_POINT('',(-0.00404225526283189,8.67361737988404E-19,-0.00353178748786265));
#4619=CARTESIAN_POINT('',(-0.00404830630854531,-0.00762,-0.0035374072417486));
#4620=CARTESIAN_POINT('',(-0.00404830630854531,-1.73472347597681E-18,-0.0035374072417486));
#4621=CARTESIAN_POINT('',(-0.00406781778827215,-0.00762,-0.00355712272304228));
#4622=CARTESIAN_POINT('',(-0.00406781778827215,2.60208521396521E-18,-0.00355712272304228));
#4623=CARTESIAN_POINT('',(-0.00409447177529906,-0.00762,-0.00358781075718169));
#4624=CARTESIAN_POINT('',(-0.00409447177529906,-1.73472347597681E-18,-0.00358781075718169));
#4625=CARTESIAN_POINT('',(-0.00414326377087098,-0.00762,-0.00365102531150942));
#4626=CARTESIAN_POINT('',(-0.00414326377087098,0.,-0.00365102531150942));
#4627=CARTESIAN_POINT('',(-0.00420757447439096,-0.00762,-0.00374913458833077));
#4628=CARTESIAN_POINT('',(-0.00420757447439096,0.,-0.00374913458833077));
#4629=CARTESIAN_POINT('',(-0.00430915113522729,-0.00762,-0.00393885783789536));
#4630=CARTESIAN_POINT('',(-0.00430915113522729,-2.60208521396521E-18,-0.00393885783789536));
#4631=CARTESIAN_POINT('',(-0.00442364410593489,-0.00762,-0.0042268929824997));
#4632=CARTESIAN_POINT('',(-0.00442364410593489,8.67361737988404E-19,-0.0042268929824997));
#4633=CARTESIAN_POINT('',(-0.00449040661111473,-0.00762,-0.00449883270781293));
#4634=CARTESIAN_POINT('',(-0.00449040661111473,-8.67361737988404E-19,-0.00449883270781293));
#4635=CARTESIAN_POINT('',(-0.00451647398368986,-0.00762,-0.00464251997891015));
#4636=CARTESIAN_POINT('',(-0.00451647398368986,-8.67361737988404E-19,-0.00464251997891015));
#4637=CARTESIAN_POINT('',(-0.0035863286914835,0.,-0.00313363251940017));
#4638=CARTESIAN_POINT('',(-0.0038061701840545,0.,-0.00332550326609699));
#4639=CARTESIAN_POINT('',(-0.00404200370961402,0.,-0.0035313313566729));
#4640=CARTESIAN_POINT('',(-0.00404692964451779,0.,-0.00353623000592538));
#4641=CARTESIAN_POINT('',(-0.00405137640766426,0.,-0.00354048004265717));
#4642=CARTESIAN_POINT('',(-0.00405647089327261,0.,-0.00354562669101547));
#4643=CARTESIAN_POINT('',(-0.00406321513996635,0.,-0.00355267429565186));
#4644=CARTESIAN_POINT('',(-0.00407118390780784,0.,-0.0035613592648376));
#4645=CARTESIAN_POINT('',(-0.00408042521715118,0.,-0.00357183791777783));
#4646=CARTESIAN_POINT('',(-0.00409083541774701,0.,-0.0035841313504599));
#4647=CARTESIAN_POINT('',(-0.00410235540683381,0.,-0.00359829961354714));
#4648=CARTESIAN_POINT('',(-0.00411491071270063,0.,-0.00361438840561601));
#4649=CARTESIAN_POINT('',(-0.0041284294893741,0.,-0.00363244496450819));
#4650=CARTESIAN_POINT('',(-0.00414283726850589,0.,-0.00365251331627181));
#4651=CARTESIAN_POINT('',(-0.00415805856086028,0.,-0.00367463560826315));
#4652=CARTESIAN_POINT('',(-0.00417401646552212,0.,-0.00369885167345058));
#4653=CARTESIAN_POINT('',(-0.00419063285681476,0.,-0.00372519910848699));
#4654=CARTESIAN_POINT('',(-0.00420782840710209,0.,-0.00375371320673252));
#4655=CARTESIAN_POINT('',(-0.00422552265776913,0.,-0.00378442693482113));
#4656=CARTESIAN_POINT('',(-0.00424363407772468,0.,-0.00381737089894718));
#4657=CARTESIAN_POINT('',(-0.00426208012652499,0.,-0.00385257331610374));
#4658=CARTESIAN_POINT('',(-0.00428077731720145,0.,-0.00389005998596851));
#4659=CARTESIAN_POINT('',(-0.00429964128013394,0.,-0.00392985426462776));
#4660=CARTESIAN_POINT('',(-0.00431858682743926,0.,-0.00397197703991392));
#4661=CARTESIAN_POINT('',(-0.00433752801833387,0.,-0.00401644670805124));
#4662=CARTESIAN_POINT('',(-0.00435637822387392,0.,-0.00406327915318665));
#4663=CARTESIAN_POINT('',(-0.00437505019692443,0.,-0.0041124877236869));
#4664=CARTESIAN_POINT('',(-0.00439345612465057,0.,-0.00416408322885615));
#4665=CARTESIAN_POINT('',(-0.00441150775067641,0.,-0.00421807386513111));
#4666=CARTESIAN_POINT('',(-0.00442911623187989,0.,-0.00427446542124044));
#4667=CARTESIAN_POINT('',(-0.0044461930155172,0.,-0.00433326042100957));
#4668=CARTESIAN_POINT('',(-0.00446264680682276,0.,-0.00439446134679887));
#4669=CARTESIAN_POINT('',(-0.00447839551138429,0.,-0.00445805824268464));
#4670=CARTESIAN_POINT('',(-0.00449332087651869,0.,-0.0045240760983258));
#4671=CARTESIAN_POINT('',(-0.00450605837027649,0.,-0.00458569872916612));
#4672=CARTESIAN_POINT('',(-0.0045134246497014,0.,-0.00462571159217294));
#4673=CARTESIAN_POINT('',(-0.00451647398368986,0.,-0.00464251997891015));
#4674=CARTESIAN_POINT('',(-0.00381472943284768,0.,-0.00333299596879297));
#4675=CARTESIAN_POINT('',(-0.0035863286914835,-0.00762,-0.00313363251940017));
#4676=CARTESIAN_POINT('',(-0.0038061701840545,-0.00762,-0.00332550326609699));
#4677=CARTESIAN_POINT('',(-0.00404200370961402,-0.00762,-0.0035313313566729));
#4678=CARTESIAN_POINT('',(-0.00404692964451779,-0.00762,-0.00353623000592538));
#4679=CARTESIAN_POINT('',(-0.00405137640766426,-0.00762,-0.00354048004265717));
#4680=CARTESIAN_POINT('',(-0.00405647089327261,-0.00762,-0.00354562669101547));
#4681=CARTESIAN_POINT('',(-0.00406321513996635,-0.00762,-0.00355267429565186));
#4682=CARTESIAN_POINT('',(-0.00407118390780784,-0.00762,-0.0035613592648376));
#4683=CARTESIAN_POINT('',(-0.00408042521715118,-0.00762,-0.00357183791777783));
#4684=CARTESIAN_POINT('',(-0.00409083541774701,-0.00762,-0.0035841313504599));
#4685=CARTESIAN_POINT('',(-0.00410235540683381,-0.00762,-0.00359829961354714));
#4686=CARTESIAN_POINT('',(-0.00411491071270063,-0.00762,-0.00361438840561601));
#4687=CARTESIAN_POINT('',(-0.0041284294893741,-0.00762,-0.00363244496450819));
#4688=CARTESIAN_POINT('',(-0.00414283726850589,-0.00762,-0.00365251331627181));
#4689=CARTESIAN_POINT('',(-0.00415805856086028,-0.00762,-0.00367463560826315));
#4690=CARTESIAN_POINT('',(-0.00417401646552212,-0.00762,-0.00369885167345058));
#4691=CARTESIAN_POINT('',(-0.00419063285681476,-0.00762,-0.00372519910848699));
#4692=CARTESIAN_POINT('',(-0.00420782840710209,-0.00762,-0.00375371320673252));
#4693=CARTESIAN_POINT('',(-0.00422552265776913,-0.00762,-0.00378442693482113));
#4694=CARTESIAN_POINT('',(-0.00424363407772468,-0.00762,-0.00381737089894718));
#4695=CARTESIAN_POINT('',(-0.00426208012652499,-0.00762,-0.00385257331610374));
#4696=CARTESIAN_POINT('',(-0.00428077731720145,-0.00762,-0.00389005998596851));
#4697=CARTESIAN_POINT('',(-0.00429964128013394,-0.00762,-0.00392985426462776));
#4698=CARTESIAN_POINT('',(-0.00431858682743926,-0.00762,-0.00397197703991392));
#4699=CARTESIAN_POINT('',(-0.00433752801833387,-0.00762,-0.00401644670805124));
#4700=CARTESIAN_POINT('',(-0.00435637822387392,-0.00762,-0.00406327915318665));
#4701=CARTESIAN_POINT('',(-0.00437505019692443,-0.00762,-0.0041124877236869));
#4702=CARTESIAN_POINT('',(-0.00439345612465057,-0.00762,-0.00416408322885615));
#4703=CARTESIAN_POINT('',(-0.00441150775067641,-0.00762,-0.00421807386513111));
#4704=CARTESIAN_POINT('',(-0.00442911623187989,-0.00762,-0.00427446542124044));
#4705=CARTESIAN_POINT('',(-0.0044461930155172,-0.00762,-0.00433326042100957));
#4706=CARTESIAN_POINT('',(-0.00446264680682276,-0.00762,-0.00439446134679887));
#4707=CARTESIAN_POINT('',(-0.00447839551138429,-0.00762,-0.00445805824268464));
#4708=CARTESIAN_POINT('',(-0.00449332087651869,-0.00762,-0.0045240760983258));
#4709=CARTESIAN_POINT('',(-0.00450605837027649,-0.00762,-0.00458569872916612));
#4710=CARTESIAN_POINT('',(-0.0045134246497014,-0.00762,-0.00462571159217294));
#4711=CARTESIAN_POINT('',(-0.00451647398368986,-0.00762,-0.00464251997891015));
#4712=CARTESIAN_POINT('',(-0.00381472943284768,-0.00762,-0.00333299596879297));
#4713=CARTESIAN_POINT('',(-0.00381472943284768,0.,-0.00333299596879297));
#4714=CARTESIAN_POINT('',(3.61543691128344E-17,-0.00762,2.69712642166137E-17));
#4715=CARTESIAN_POINT('',(3.61543691128344E-17,0.,2.69712642166137E-17));
#4716=CARTESIAN_POINT('',(-0.00393015879982948,0.,-0.00268984350067489));
#4717=CARTESIAN_POINT('',(-0.00377267904887057,0.,-0.00290659578273502));
#4718=CARTESIAN_POINT('',(-0.00377267904887057,-0.00762,-0.00290659578273502));
#4719=CARTESIAN_POINT('',(-0.00377267904887057,-0.00762,-0.00290659578273502));
#4720=CARTESIAN_POINT('',(3.61543691128344E-17,-0.00762,2.69712642166137E-17));
#4721=CARTESIAN_POINT('',(-0.00393015879982948,-0.00762,-0.00268984350067489));
#4722=CARTESIAN_POINT('',(-0.00393015879982948,-0.00762,-0.00268984350067489));
#4723=CARTESIAN_POINT('',(-0.00418821014063,-0.00381,-0.00286645664972191));
#4724=CARTESIAN_POINT('',(-0.00418821014063,-0.00762,-0.00286645664972191));
#4725=CARTESIAN_POINT('',(-0.00418821014063,0.,-0.00286645664972191));
#4726=CARTESIAN_POINT('',(-0.00402039038486376,-0.00381,-0.00309744072745646));
#4727=CARTESIAN_POINT('',(-0.00402039038486376,-0.00762,-0.00309744072745646));
#4728=CARTESIAN_POINT('',(-0.00402039038486376,0.,-0.00309744072745646));
#4729=CARTESIAN_POINT('',(-0.00097909446629736,-0.00762,-0.0049701505972441));
#4730=CARTESIAN_POINT('',(-0.00097909446629736,-1.73472347597681E-18,-0.0049701505972441));
#4731=CARTESIAN_POINT('',(-0.00100498965195089,-0.00762,-0.00510184878065613));
#4732=CARTESIAN_POINT('',(-0.00100498965195089,-8.67361737988404E-19,-0.00510184878065613));
#4733=CARTESIAN_POINT('',(-0.00103749005384113,-0.00762,-0.00526658949012508));
#4734=CARTESIAN_POINT('',(-0.00103749005384113,-3.46944695195361E-18,-0.00526658949012508));
#4735=CARTESIAN_POINT('',(-0.00103933138061267,-0.00762,-0.00527463972637534));
#4736=CARTESIAN_POINT('',(-0.00103933138061267,-8.67361737988404E-19,-0.00527463972637534));
#4737=CARTESIAN_POINT('',(-0.00104664974839741,-0.00762,-0.00530139490413105));
#4738=CARTESIAN_POINT('',(-0.00104664974839741,-2.60208521396521E-18,-0.00530139490413105));
#4739=CARTESIAN_POINT('',(-0.0010598993720409,-0.00762,-0.0053398219510782));
#4740=CARTESIAN_POINT('',(-0.0010598993720409,-3.46944695195361E-18,-0.0053398219510782));
#4741=CARTESIAN_POINT('',(-0.00109024878419166,-0.00762,-0.00541368433590868));
#4742=CARTESIAN_POINT('',(-0.00109024878419166,-1.73472347597681E-18,-0.00541368433590868));
#4743=CARTESIAN_POINT('',(-0.00114305855850588,-0.00762,-0.00551843367730292));
#4744=CARTESIAN_POINT('',(-0.00114305855850588,-8.67361737988404E-19,-0.00551843367730292));
#4745=CARTESIAN_POINT('',(-0.0012565753818992,-0.00762,-0.00570126327080107));
#4746=CARTESIAN_POINT('',(-0.0012565753818992,-6.07153216591882E-18,-0.00570126327080107));
#4747=CARTESIAN_POINT('',(-0.00144877464895543,-0.00761999999999999,-0.00594443466429077));
#4748=CARTESIAN_POINT('',(-0.00144877464895543,3.46944695195361E-18,-0.00594443466429077));
#4749=CARTESIAN_POINT('',(-0.00165090010678504,-0.00762,-0.00613822255245338));
#4750=CARTESIAN_POINT('',(-0.00165090010678504,-2.60208521396521E-18,-0.00613822255245338));
#4751=CARTESIAN_POINT('',(-0.00176230324746806,-0.00762,-0.006232641194862));
#4752=CARTESIAN_POINT('',(-0.00176230324746806,-1.73472347597681E-18,-0.006232641194862));
#4753=CARTESIAN_POINT('',(-0.000920641022183831,-0.00762,-0.0046726680128458));
#4754=CARTESIAN_POINT('',(-0.000976885216780866,-0.00762,-0.00495899170356659));
#4755=CARTESIAN_POINT('',(-0.00103722080925229,-0.00762,-0.00526614357305313));
#4756=CARTESIAN_POINT('',(-0.00103900019649728,-0.00762,-0.00527285888244342));
#4757=CARTESIAN_POINT('',(-0.00104045745470078,-0.00762,-0.00527883491065878));
#4758=CARTESIAN_POINT('',(-0.00104236734011926,-0.00762,-0.00528582018879397));
#4759=CARTESIAN_POINT('',(-0.00104509862142332,-0.00762,-0.00529518468007834));
#4760=CARTESIAN_POINT('',(-0.00104863564144851,-0.00762,-0.00530642832005879));
#4761=CARTESIAN_POINT('',(-0.00105308976642053,-0.00762,-0.00531967085518447));
#4762=CARTESIAN_POINT('',(-0.001058531091125,-0.00762,-0.00533483306969999));
#4763=CARTESIAN_POINT('',(-0.00106504117234265,-0.00762,-0.00535189380444409));
#4764=CARTESIAN_POINT('',(-0.00107269682205708,-0.00762,-0.00537081141431149));
#4765=CARTESIAN_POINT('',(-0.00108157487242591,-0.00762,-0.00539154729778488));
#4766=CARTESIAN_POINT('',(-0.00109175068529938,-0.00762,-0.00541405897640694));
#4767=CARTESIAN_POINT('',(-0.00110329850597663,-0.00762,-0.00543830214825994));
#4768=CARTESIAN_POINT('',(-0.00111629128127773,-0.00762,-0.00546423013168198));
#4769=CARTESIAN_POINT('',(-0.0011308006336975,-0.00762,-0.00549179406617883));
#4770=CARTESIAN_POINT('',(-0.00114689679200047,-0.00762,-0.00552094289868248));
#4771=CARTESIAN_POINT('',(-0.00116464853543661,-0.00762,-0.00555162343330537));
#4772=CARTESIAN_POINT('',(-0.00118412313529336,-0.00762,-0.00558378036514851));
#4773=CARTESIAN_POINT('',(-0.0012053862984254,-0.00762,-0.00561735632058731));
#4774=CARTESIAN_POINT('',(-0.00122850211149334,-0.00762,-0.00565229189762491));
#4775=CARTESIAN_POINT('',(-0.00125353298627129,-0.00762,-0.00568852570807012));
#4776=CARTESIAN_POINT('',(-0.00128053960609434,-0.00762,-0.0057259944209682));
#4777=CARTESIAN_POINT('',(-0.00130958087295182,-0.00762,-0.00576463280752952));
#4778=CARTESIAN_POINT('',(-0.0013407138573904,-0.00762,-0.00580437378696147));
#4779=CARTESIAN_POINT('',(-0.00137399374300228,-0.00762,-0.00584514847521212));
#4780=CARTESIAN_POINT('',(-0.00140947379733687,-0.00762,-0.0058868862287878));
#4781=CARTESIAN_POINT('',(-0.00144720524690455,-0.00762,-0.00592951471364327));
#4782=CARTESIAN_POINT('',(-0.00148723752645243,-0.00762,-0.00597295988374221));
#4783=CARTESIAN_POINT('',(-0.00152961709804934,-0.00762,-0.00601714631207161));
#4784=CARTESIAN_POINT('',(-0.00157439175886523,-0.00762,-0.00606199617622544));
#4785=CARTESIAN_POINT('',(-0.00162159393402337,-0.00762,-0.00610743340239532));
#4786=CARTESIAN_POINT('',(-0.00167130439154478,-0.00762,-0.00615336807558305));
#4787=CARTESIAN_POINT('',(-0.00171830240842163,-0.00762,-0.006195210384178));
#4788=CARTESIAN_POINT('',(-0.00174927142455124,-0.00762,-0.00622159620079476));
#4789=CARTESIAN_POINT('',(-0.00176230324746806,-0.00762,-0.006232641194862));
#4790=CARTESIAN_POINT('',(-0.000979094463261991,-0.00762,-0.00497015058180677));
#4791=CARTESIAN_POINT('',(-0.000920641022183831,0.,-0.0046726680128458));
#4792=CARTESIAN_POINT('',(-0.000976885216780866,0.,-0.00495899170356659));
#4793=CARTESIAN_POINT('',(-0.00103722080925229,0.,-0.00526614357305313));
#4794=CARTESIAN_POINT('',(-0.00103900019649728,0.,-0.00527285888244342));
#4795=CARTESIAN_POINT('',(-0.00104045745470078,0.,-0.00527883491065878));
#4796=CARTESIAN_POINT('',(-0.00104236734011926,0.,-0.00528582018879397));
#4797=CARTESIAN_POINT('',(-0.00104509862142332,0.,-0.00529518468007834));
#4798=CARTESIAN_POINT('',(-0.00104863564144851,0.,-0.00530642832005879));
#4799=CARTESIAN_POINT('',(-0.00105308976642053,0.,-0.00531967085518447));
#4800=CARTESIAN_POINT('',(-0.001058531091125,0.,-0.00533483306969999));
#4801=CARTESIAN_POINT('',(-0.00106504117234265,0.,-0.00535189380444409));
#4802=CARTESIAN_POINT('',(-0.00107269682205708,0.,-0.00537081141431149));
#4803=CARTESIAN_POINT('',(-0.00108157487242591,0.,-0.00539154729778488));
#4804=CARTESIAN_POINT('',(-0.00109175068529938,0.,-0.00541405897640694));
#4805=CARTESIAN_POINT('',(-0.00110329850597663,0.,-0.00543830214825994));
#4806=CARTESIAN_POINT('',(-0.00111629128127773,0.,-0.00546423013168198));
#4807=CARTESIAN_POINT('',(-0.0011308006336975,0.,-0.00549179406617883));
#4808=CARTESIAN_POINT('',(-0.00114689679200047,0.,-0.00552094289868248));
#4809=CARTESIAN_POINT('',(-0.00116464853543661,0.,-0.00555162343330537));
#4810=CARTESIAN_POINT('',(-0.00118412313529336,0.,-0.00558378036514851));
#4811=CARTESIAN_POINT('',(-0.0012053862984254,0.,-0.00561735632058731));
#4812=CARTESIAN_POINT('',(-0.00122850211149334,0.,-0.00565229189762491));
#4813=CARTESIAN_POINT('',(-0.00125353298627129,0.,-0.00568852570807012));
#4814=CARTESIAN_POINT('',(-0.00128053960609434,0.,-0.0057259944209682));
#4815=CARTESIAN_POINT('',(-0.00130958087295182,0.,-0.00576463280752952));
#4816=CARTESIAN_POINT('',(-0.0013407138573904,0.,-0.00580437378696147));
#4817=CARTESIAN_POINT('',(-0.00137399374300228,0.,-0.00584514847521212));
#4818=CARTESIAN_POINT('',(-0.00140947379733687,0.,-0.0058868862287878));
#4819=CARTESIAN_POINT('',(-0.00144720524690455,0.,-0.00592951471364327));
#4820=CARTESIAN_POINT('',(-0.00148723752645243,0.,-0.00597295988374221));
#4821=CARTESIAN_POINT('',(-0.00152961709804934,0.,-0.00601714631207161));
#4822=CARTESIAN_POINT('',(-0.00157439175886523,0.,-0.00606199617622544));
#4823=CARTESIAN_POINT('',(-0.00162159393402337,0.,-0.00610743340239532));
#4824=CARTESIAN_POINT('',(-0.00167130439154478,0.,-0.00615336807558305));
#4825=CARTESIAN_POINT('',(-0.00171830240842163,0.,-0.006195210384178));
#4826=CARTESIAN_POINT('',(-0.00174927142455124,0.,-0.00622159620079476));
#4827=CARTESIAN_POINT('',(-0.00176230324746806,0.,-0.006232641194862));
#4828=CARTESIAN_POINT('',(-0.000979094463261991,0.,-0.00497015058180677));
#4829=CARTESIAN_POINT('',(-0.000979094463261991,-0.00762,-0.00497015058180677));
#4830=CARTESIAN_POINT('',(-7.56535111914085E-5,-0.00762,-0.00506510606793821));
#4831=CARTESIAN_POINT('',(-7.56535111914085E-5,1.73472347597681E-18,-0.00506510606793821));
#4832=CARTESIAN_POINT('',(-7.7705789464669E-5,-0.00762,-0.00519931024189695));
#4833=CARTESIAN_POINT('',(-7.7705789464669E-5,2.60208521396521E-18,-0.00519931024189695));
#4834=CARTESIAN_POINT('',(-8.01671187850532E-5,-0.00762,-0.00536720818511645));
#4835=CARTESIAN_POINT('',(-8.01671187850532E-5,0.,-0.00536720818511645));
#4836=CARTESIAN_POINT('',(-8.00397676515812E-5,-0.00762,-0.00537546533775239));
#4837=CARTESIAN_POINT('',(-8.00397676515812E-5,1.73472347597681E-18,-0.00537546533775239));
#4838=CARTESIAN_POINT('',(-7.84440380069674E-5,-0.00762,-0.0054031574249015));
#4839=CARTESIAN_POINT('',(-7.84440380069674E-5,8.67361737988404E-19,-0.0054031574249015));
#4840=CARTESIAN_POINT('',(-7.34733827333786E-5,-0.00762,-0.00544349950033056));
#4841=CARTESIAN_POINT('',(-7.34733827333786E-5,1.73472347597681E-18,-0.00544349950033056));
#4842=CARTESIAN_POINT('',(-5.91440313723737E-5,-0.00762,-0.00552205781243256));
#4843=CARTESIAN_POINT('',(-5.91440313723737E-5,1.73472347597681E-18,-0.00552205781243256));
#4844=CARTESIAN_POINT('',(-2.92668900129458E-5,-0.00762,-0.00563549789886515));
#4845=CARTESIAN_POINT('',(-2.92668900129458E-5,2.60208521396521E-18,-0.00563549789886515));
#4846=CARTESIAN_POINT('',(4.3756908516424E-5,-0.00762,-0.00583793370177647));
#4847=CARTESIAN_POINT('',(4.3756908516424E-5,-8.67361737988404E-19,-0.00583793370177647));
#4848=CARTESIAN_POINT('',(0.000181197984871332,-0.00762,-0.00611575169147308));
#4849=CARTESIAN_POINT('',(0.000181197984871332,8.67361737988404E-19,-0.00611575169147308));
#4850=CARTESIAN_POINT('',(0.00033861574900666,-0.00762,-0.0063473290950254));
#4851=CARTESIAN_POINT('',(0.00033861574900666,2.60208521396521E-18,-0.0063473290950254));
#4852=CARTESIAN_POINT('',(0.000427953724192095,-0.00762,-0.00646284647890365));
#4853=CARTESIAN_POINT('',(0.000427953724192095,1.73472347597681E-18,-0.00646284647890365));
#4854=CARTESIAN_POINT('',(-7.09795001945961E-5,0.,-0.00476197103734915));
#4855=CARTESIAN_POINT('',(-7.54944188532415E-5,0.,-0.00505373169405829));
#4856=CARTESIAN_POINT('',(-8.03377683612465E-5,0.,-0.00536671603330468));
#4857=CARTESIAN_POINT('',(-7.99934563264872E-5,0.,-0.0053736545524837));
#4858=CARTESIAN_POINT('',(-7.98105288417065E-5,0.,-0.00537980297116152));
#4859=CARTESIAN_POINT('',(-7.9394699989869E-5,0.,-0.00538703269171654));
#4860=CARTESIAN_POINT('',(-7.86700909519547E-5,0.,-0.00539676041171246));
#4861=CARTESIAN_POINT('',(-7.75480474998495E-5,0.,-0.00540849373899675));
#4862=CARTESIAN_POINT('',(-7.59445337137959E-5,0.,-0.00542237295761161));
#4863=CARTESIAN_POINT('',(-7.37745166657647E-5,0.,-0.00543833515638138));
#4864=CARTESIAN_POINT('',(-7.09538225493794E-5,0.,-0.0054563765951314));
#4865=CARTESIAN_POINT('',(-6.73986594029074E-5,0.,-0.00547647250891124));
#4866=CARTESIAN_POINT('',(-6.3025848329E-5,0.,-0.00549860111404319));
#4867=CARTESIAN_POINT('',(-5.77528425467526E-5,0.,-0.00552273652893581));
#4868=CARTESIAN_POINT('',(-5.14978083083472E-5,0.,-0.00554885085624027));
#4869=CARTESIAN_POINT('',(-4.41796871934738E-5,0.,-0.00557691360089767));
#4870=CARTESIAN_POINT('',(-3.57182631626959E-5,0.,-0.00560689186128682));
#4871=CARTESIAN_POINT('',(-2.60342275888192E-5,0.,-0.00563875030135289));
#4872=CARTESIAN_POINT('',(-1.50492441665508E-5,0.,-0.00567245118767627));
#4873=CARTESIAN_POINT('',(-2.68601311244105E-6,0.,-0.00570795441038981));
#4874=CARTESIAN_POINT('',(1.11316652230788E-5,0.,-0.00574521751084354));
#4875=CARTESIAN_POINT('',(2.64788274229142E-5,0.,-0.0057841957094827));
#4876=CARTESIAN_POINT('',(4.34292847367942E-5,0.,-0.00582484193573286));
#4877=CARTESIAN_POINT('',(6.20555616692389E-5,0.,-0.00586710685934739));
#4878=CARTESIAN_POINT('',(8.24288348877173E-5,0.,-0.0059109389233544));
#4879=CARTESIAN_POINT('',(0.000104618874691549,0.,-0.00595628437847139));
#4880=CARTESIAN_POINT('',(0.000128693980578743,0.,-0.00600308731924222));
#4881=CARTESIAN_POINT('',(0.000154720943683174,0.,-0.0060512897208493));
#4882=CARTESIAN_POINT('',(0.000182764910186708,0.,-0.00610083148051023));
#4883=CARTESIAN_POINT('',(0.000212889629605233,0.,-0.00615165044833406));
#4884=CARTESIAN_POINT('',(0.000245156230857715,0.,-0.00620368250557631));
#4885=CARTESIAN_POINT('',(0.000279627646819271,0.,-0.00625686146802764));
#4886=CARTESIAN_POINT('',(0.000316351410680582,0.,-0.0063111196658371));
#4887=CARTESIAN_POINT('',(0.000355425219866914,0.,-0.00636638594148078));
#4888=CARTESIAN_POINT('',(0.00039269671218655,0.,-0.00641708533239604));
#4889=CARTESIAN_POINT('',(0.000417503061264408,0.,-0.0064493333761196));
#4890=CARTESIAN_POINT('',(0.000427953724192095,0.,-0.00646284647890365));
#4891=CARTESIAN_POINT('',(-7.56535109508456E-5,0.,-0.00506510605220713));
#4892=CARTESIAN_POINT('',(-7.09795001945961E-5,-0.00762,-0.00476197103734915));
#4893=CARTESIAN_POINT('',(-7.54944188532415E-5,-0.00762,-0.00505373169405829));
#4894=CARTESIAN_POINT('',(-8.03377683612465E-5,-0.00762,-0.00536671603330468));
#4895=CARTESIAN_POINT('',(-7.99934563264872E-5,-0.00762,-0.0053736545524837));
#4896=CARTESIAN_POINT('',(-7.98105288417065E-5,-0.00762,-0.00537980297116152));
#4897=CARTESIAN_POINT('',(-7.9394699989869E-5,-0.00762,-0.00538703269171654));
#4898=CARTESIAN_POINT('',(-7.86700909519547E-5,-0.00762,-0.00539676041171246));
#4899=CARTESIAN_POINT('',(-7.75480474998495E-5,-0.00762,-0.00540849373899675));
#4900=CARTESIAN_POINT('',(-7.59445337137959E-5,-0.00762,-0.00542237295761161));
#4901=CARTESIAN_POINT('',(-7.37745166657647E-5,-0.00762,-0.00543833515638138));
#4902=CARTESIAN_POINT('',(-7.09538225493794E-5,-0.00762,-0.0054563765951314));
#4903=CARTESIAN_POINT('',(-6.73986594029074E-5,-0.00762,-0.00547647250891124));
#4904=CARTESIAN_POINT('',(-6.3025848329E-5,-0.00762,-0.00549860111404319));
#4905=CARTESIAN_POINT('',(-5.77528425467526E-5,-0.00762,-0.00552273652893581));
#4906=CARTESIAN_POINT('',(-5.14978083083472E-5,-0.00762,-0.00554885085624027));
#4907=CARTESIAN_POINT('',(-4.41796871934738E-5,-0.00762,-0.00557691360089767));
#4908=CARTESIAN_POINT('',(-3.57182631626959E-5,-0.00762,-0.00560689186128682));
#4909=CARTESIAN_POINT('',(-2.60342275888192E-5,-0.00762,-0.00563875030135289));
#4910=CARTESIAN_POINT('',(-1.50492441665508E-5,-0.00762,-0.00567245118767627));
#4911=CARTESIAN_POINT('',(-2.68601311244105E-6,-0.00762,-0.00570795441038981));
#4912=CARTESIAN_POINT('',(1.11316652230788E-5,-0.00762,-0.00574521751084354));
#4913=CARTESIAN_POINT('',(2.64788274229142E-5,-0.00762,-0.0057841957094827));
#4914=CARTESIAN_POINT('',(4.34292847367942E-5,-0.00762,-0.00582484193573286));
#4915=CARTESIAN_POINT('',(6.20555616692389E-5,-0.00762,-0.00586710685934739));
#4916=CARTESIAN_POINT('',(8.24288348877173E-5,-0.00762,-0.0059109389233544));
#4917=CARTESIAN_POINT('',(0.000104618874691549,-0.00762,-0.00595628437847139));
#4918=CARTESIAN_POINT('',(0.000128693980578743,-0.00762,-0.00600308731924222));
#4919=CARTESIAN_POINT('',(0.000154720943683174,-0.00762,-0.0060512897208493));
#4920=CARTESIAN_POINT('',(0.000182764910186708,-0.00762,-0.00610083148051023));
#4921=CARTESIAN_POINT('',(0.000212889629605233,-0.00762,-0.00615165044833406));
#4922=CARTESIAN_POINT('',(0.000245156230857715,-0.00762,-0.00620368250557631));
#4923=CARTESIAN_POINT('',(0.000279627646819271,-0.00762,-0.00625686146802764));
#4924=CARTESIAN_POINT('',(0.000316351410680582,-0.00762,-0.0063111196658371));
#4925=CARTESIAN_POINT('',(0.000355425219866914,-0.00762,-0.00636638594148078));
#4926=CARTESIAN_POINT('',(0.00039269671218655,-0.00762,-0.00641708533239604));
#4927=CARTESIAN_POINT('',(0.000417503061264408,-0.00762,-0.0064493333761196));
#4928=CARTESIAN_POINT('',(0.000427953724192095,-0.00762,-0.00646284647890365));
#4929=CARTESIAN_POINT('',(-7.56535109508456E-5,-0.00762,-0.00506510605220713));
#4930=CARTESIAN_POINT('',(-7.56535109508458E-5,0.,-0.00506510605220714));
#4931=CARTESIAN_POINT('',(4.14843948783271E-18,-0.00762,4.49152307041303E-17));
#4932=CARTESIAN_POINT('',(4.14843948783271E-18,0.,4.49152307041303E-17));
#4933=CARTESIAN_POINT('',(-0.000630846261945959,0.,-0.00472053378801474));
#4934=CARTESIAN_POINT('',(-0.000364393403874177,0.,-0.00474853911189673));
#4935=CARTESIAN_POINT('',(-0.000364393403874177,-0.00762,-0.00474853911189673));
#4936=CARTESIAN_POINT('',(-0.000364393403874177,-0.00762,-0.00474853911189673));
#4937=CARTESIAN_POINT('',(4.14843948783271E-18,-0.00762,4.49152307041303E-17));
#4938=CARTESIAN_POINT('',(-0.000630846261945959,-0.00762,-0.00472053378801474));
#4939=CARTESIAN_POINT('',(-0.000630846261945959,-0.00762,-0.00472053378801474));
#4940=CARTESIAN_POINT('',(-0.000672267164261971,-0.00381,-0.00503048057015094));
#4941=CARTESIAN_POINT('',(-0.000672267164261971,-0.00762,-0.00503048057015094));
#4942=CARTESIAN_POINT('',(-0.000672267164261971,0.,-0.00503048057015094));
#4943=CARTESIAN_POINT('',(-0.000388319207191,-0.00381,-0.00506032470303413));
#4944=CARTESIAN_POINT('',(-0.000388319207191,-0.00762,-0.00506032470303413));
#4945=CARTESIAN_POINT('',(-0.000388319207191,0.,-0.00506032470303413));
#4946=CARTESIAN_POINT('',(0.00112709506721529,-0.00762,-0.00493869209838789));
#4947=CARTESIAN_POINT('',(0.00112709506721529,-3.46944695195361E-18,-0.00493869209838789));
#4948=CARTESIAN_POINT('',(0.00115700511500688,-0.00762,-0.00506953689650828));
#4949=CARTESIAN_POINT('',(0.00115700511500688,-4.33680868994202E-18,-0.00506953689650828));
#4950=CARTESIAN_POINT('',(0.00119432060363582,-0.00762,-0.00523325412769591));
#4951=CARTESIAN_POINT('',(0.00119432060363582,-2.60208521396521E-18,-0.00523325412769591));
#4952=CARTESIAN_POINT('',(0.00119591279399604,-0.00762,-0.00524135731952514));
#4953=CARTESIAN_POINT('',(0.00119591279399604,-3.46944695195361E-18,-0.00524135731952514));
#4954=CARTESIAN_POINT('',(0.00120010944353419,-0.00762,-0.00526877603897784));
#4955=CARTESIAN_POINT('',(0.00120010944353419,-2.60208521396521E-18,-0.00526877603897784));
#4956=CARTESIAN_POINT('',(0.0012036349981178,-0.00762,-0.00530927000060981));
#4957=CARTESIAN_POINT('',(0.0012036349981178,-5.20417042793042E-18,-0.00530927000060981));
#4958=CARTESIAN_POINT('',(0.00120595196896088,-0.00762,-0.00538909086477986));
#4959=CARTESIAN_POINT('',(0.00120595196896088,-3.46944695195361E-18,-0.00538909086477986));
#4960=CARTESIAN_POINT('',(0.00120031323500009,-0.00762,-0.00550626382012777));
#4961=CARTESIAN_POINT('',(0.00120031323500009,-2.60208521396521E-18,-0.00550626382012777));
#4962=CARTESIAN_POINT('',(0.00117097395173746,-0.00762,-0.00571945841647029));
#4963=CARTESIAN_POINT('',(0.00117097395173746,-4.33680868994202E-18,-0.00571945841647029));
#4964=CARTESIAN_POINT('',(0.00109429790063605,-0.00762,-0.0060197810231055));
#4965=CARTESIAN_POINT('',(0.00109429790063605,0.,-0.0060197810231055));
#4966=CARTESIAN_POINT('',(0.000988467741861933,-0.00762,-0.0062790268982804));
#4967=CARTESIAN_POINT('',(0.000988467741861933,-4.33680868994202E-18,-0.0062790268982804));
#4968=CARTESIAN_POINT('',(0.000925099430380865,-0.00762,-0.00641059435963907));
#4969=CARTESIAN_POINT('',(0.000925099430380865,-3.46944695195361E-18,-0.00641059435963907));
#4970=CARTESIAN_POINT('',(0.00105949787781709,-0.00762,-0.00464315307704808));
#4971=CARTESIAN_POINT('',(0.00112457458612105,-0.00762,-0.00492759935902443));
#4972=CARTESIAN_POINT('',(0.00119438519999402,-0.00762,-0.00523273725054011));
#4973=CARTESIAN_POINT('',(0.00119549101125759,-0.00762,-0.00523959573292503));
#4974=CARTESIAN_POINT('',(0.00119659040930041,-0.00762,-0.0052456478266657));
#4975=CARTESIAN_POINT('',(0.0011976868107314,-0.00762,-0.00525280601616024));
#4976=CARTESIAN_POINT('',(0.00119900054285165,-0.00762,-0.00526247181682512));
#4977=CARTESIAN_POINT('',(0.00120034251465565,-0.00762,-0.00527418202870817));
#4978=CARTESIAN_POINT('',(0.00120165969330252,-0.00762,-0.00528809134235887));
#4979=CARTESIAN_POINT('',(0.00120285582406883,-0.00762,-0.00530415590070151));
#4980=CARTESIAN_POINT('',(0.00120384779492178,-0.00762,-0.00532238954601164));
#4981=CARTESIAN_POINT('',(0.00120454849603234,-0.00762,-0.00534278547584087));
#4982=CARTESIAN_POINT('',(0.00120487203708036,-0.00762,-0.00536533967640227));
#4983=CARTESIAN_POINT('',(0.00120473229404471,-0.00762,-0.00539004399412008));
#4984=CARTESIAN_POINT('',(0.00120404342125634,-0.00762,-0.00541688815546234));
#4985=CARTESIAN_POINT('',(0.00120271979133666,-0.00762,-0.00544585918475359));
#4986=CARTESIAN_POINT('',(0.00120067610052744,-0.00762,-0.00547694157720437));
#4987=CARTESIAN_POINT('',(0.00119782742650639,-0.00762,-0.00551011725812822));
#4988=CARTESIAN_POINT('',(0.00119408929958535,-0.00762,-0.00554536560570498));
#4989=CARTESIAN_POINT('',(0.00118937776985631,-0.00762,-0.00558266345809298));
#4990=CARTESIAN_POINT('',(0.00118360947516515,-0.00762,-0.0056219851272636));
#4991=CARTESIAN_POINT('',(0.00117670170846541,-0.00762,-0.00566330241318565));
#4992=CARTESIAN_POINT('',(0.00116857248493753,-0.00762,-0.00570658462011138));
#4993=CARTESIAN_POINT('',(0.00115914060857643,-0.00762,-0.0057517985744708));
#4994=CARTESIAN_POINT('',(0.00114832573879841,-0.00762,-0.00579890864439681));
#4995=CARTESIAN_POINT('',(0.00113604845484838,-0.00762,-0.00584787676121861));
#4996=CARTESIAN_POINT('',(0.00112223032633832,-0.00762,-0.00589866244141251));
#4997=CARTESIAN_POINT('',(0.00110679395764294,-0.00762,-0.00595122281479997));
#4998=CARTESIAN_POINT('',(0.00108966313010964,-0.00762,-0.00600551263664142));
#4999=CARTESIAN_POINT('',(0.00107076256561349,-0.00762,-0.00606148436943979));
#5000=CARTESIAN_POINT('',(0.00105001914001251,-0.00762,-0.00611908800501589));
#5001=CARTESIAN_POINT('',(0.001027357535195,-0.00762,-0.00617827188992462));
#5002=CARTESIAN_POINT('',(0.00100271718733144,-0.00762,-0.00623897971576968));
#5003=CARTESIAN_POINT('',(0.000975987739438573,-0.00762,-0.00630116219242666));
#5004=CARTESIAN_POINT('',(0.000950071714738976,-0.00762,-0.00635850285899656));
#5005=CARTESIAN_POINT('',(0.000932512189201632,-0.00762,-0.00639520373557291));
#5006=CARTESIAN_POINT('',(0.000925099430380865,-0.00762,-0.00641059435963907));
#5007=CARTESIAN_POINT('',(0.00112709506370931,-0.00762,-0.00493869208305059));
#5008=CARTESIAN_POINT('',(0.00105949787781709,0.,-0.00464315307704808));
#5009=CARTESIAN_POINT('',(0.00112457458612105,0.,-0.00492759935902443));
#5010=CARTESIAN_POINT('',(0.00119438519999402,0.,-0.00523273725054011));
#5011=CARTESIAN_POINT('',(0.00119549101125759,0.,-0.00523959573292503));
#5012=CARTESIAN_POINT('',(0.00119659040930041,0.,-0.0052456478266657));
#5013=CARTESIAN_POINT('',(0.0011976868107314,0.,-0.00525280601616024));
#5014=CARTESIAN_POINT('',(0.00119900054285165,0.,-0.00526247181682512));
#5015=CARTESIAN_POINT('',(0.00120034251465565,0.,-0.00527418202870817));
#5016=CARTESIAN_POINT('',(0.00120165969330252,0.,-0.00528809134235887));
#5017=CARTESIAN_POINT('',(0.00120285582406883,0.,-0.00530415590070151));
#5018=CARTESIAN_POINT('',(0.00120384779492178,0.,-0.00532238954601164));
#5019=CARTESIAN_POINT('',(0.00120454849603234,0.,-0.00534278547584087));
#5020=CARTESIAN_POINT('',(0.00120487203708036,0.,-0.00536533967640227));
#5021=CARTESIAN_POINT('',(0.00120473229404471,0.,-0.00539004399412008));
#5022=CARTESIAN_POINT('',(0.00120404342125634,0.,-0.00541688815546234));
#5023=CARTESIAN_POINT('',(0.00120271979133666,0.,-0.00544585918475359));
#5024=CARTESIAN_POINT('',(0.00120067610052744,0.,-0.00547694157720437));
#5025=CARTESIAN_POINT('',(0.00119782742650639,0.,-0.00551011725812822));
#5026=CARTESIAN_POINT('',(0.00119408929958535,0.,-0.00554536560570498));
#5027=CARTESIAN_POINT('',(0.00118937776985631,0.,-0.00558266345809298));
#5028=CARTESIAN_POINT('',(0.00118360947516515,0.,-0.0056219851272636));
#5029=CARTESIAN_POINT('',(0.00117670170846541,0.,-0.00566330241318565));
#5030=CARTESIAN_POINT('',(0.00116857248493753,0.,-0.00570658462011138));
#5031=CARTESIAN_POINT('',(0.00115914060857643,0.,-0.0057517985744708));
#5032=CARTESIAN_POINT('',(0.00114832573879841,0.,-0.00579890864439681));
#5033=CARTESIAN_POINT('',(0.00113604845484838,0.,-0.00584787676121861));
#5034=CARTESIAN_POINT('',(0.00112223032633832,0.,-0.00589866244141251));
#5035=CARTESIAN_POINT('',(0.00110679395764294,0.,-0.00595122281479997));
#5036=CARTESIAN_POINT('',(0.00108966313010964,0.,-0.00600551263664142));
#5037=CARTESIAN_POINT('',(0.00107076256561349,0.,-0.00606148436943979));
#5038=CARTESIAN_POINT('',(0.00105001914001251,0.,-0.00611908800501589));
#5039=CARTESIAN_POINT('',(0.001027357535195,0.,-0.00617827188992462));
#5040=CARTESIAN_POINT('',(0.00100271718733144,0.,-0.00623897971576968));
#5041=CARTESIAN_POINT('',(0.000975987739438573,0.,-0.00630116219242666));
#5042=CARTESIAN_POINT('',(0.000950071714738976,0.,-0.00635850285899656));
#5043=CARTESIAN_POINT('',(0.000932512189201632,0.,-0.00639520373557291));
#5044=CARTESIAN_POINT('',(0.000925099430380865,0.,-0.00641059435963907));
#5045=CARTESIAN_POINT('',(0.00112709506370931,0.,-0.00493869208305059));
#5046=CARTESIAN_POINT('',(0.00112709506370931,-0.00762,-0.00493869208305059));
#5047=CARTESIAN_POINT('',(0.00199105131739243,-0.00762,-0.00465797569602182));
#5048=CARTESIAN_POINT('',(0.00199105131739243,0.,-0.00465797569602182));
#5049=CARTESIAN_POINT('',(0.00204376222310081,-0.00762,-0.00478141204631403));
#5050=CARTESIAN_POINT('',(0.00204376222310081,1.73472347597681E-18,-0.00478141204631403));
#5051=CARTESIAN_POINT('',(0.00210980393268484,-0.00762,-0.00493579556251502));
#5052=CARTESIAN_POINT('',(0.00210980393268484,-2.60208521396521E-18,-0.00493579556251502));
#5053=CARTESIAN_POINT('',(0.00211327876027886,-0.00762,-0.00494328704842612));
#5054=CARTESIAN_POINT('',(0.00211327876027886,1.73472347597681E-18,-0.00494328704842612));
#5055=CARTESIAN_POINT('',(0.00212599991841411,-0.00762,-0.00496793598713492));
#5056=CARTESIAN_POINT('',(0.00212599991841411,-1.73472347597681E-18,-0.00496793598713492));
#5057=CARTESIAN_POINT('',(0.00214694943829553,-0.00762,-0.00500276855925514));
#5058=CARTESIAN_POINT('',(0.00214694943829553,8.67361737988404E-19,-0.00500276855925514));
#5059=CARTESIAN_POINT('',(0.00219199249629241,-0.00762,-0.00506870687616597));
#5060=CARTESIAN_POINT('',(0.00219199249629241,8.67361737988404E-19,-0.00506870687616597));
#5061=CARTESIAN_POINT('',(0.00226542686301449,-0.00762,-0.00516018742365982));
#5062=CARTESIAN_POINT('',(0.00226542686301449,-8.67361737988404E-19,-0.00516018742365982));
#5063=CARTESIAN_POINT('',(0.0024144754813753,-0.00762,-0.0053154202771952));
#5064=CARTESIAN_POINT('',(0.0024144754813753,1.73472347597681E-18,-0.0053154202771952));
#5065=CARTESIAN_POINT('',(0.00265303290888812,-0.00762,-0.00551331731771665));
#5066=CARTESIAN_POINT('',(0.00265303290888812,0.,-0.00551331731771665));
#5067=CARTESIAN_POINT('',(0.00289103220799923,-0.00762,-0.00566084622987955));
#5068=CARTESIAN_POINT('',(0.00289103220799923,1.73472347597681E-18,-0.00566084622987955));
#5069=CARTESIAN_POINT('',(0.00301963166236045,-0.00762,-0.00573003958307423));
#5070=CARTESIAN_POINT('',(0.00301963166236045,8.67361737988404E-19,-0.00573003958307423));
#5071=CARTESIAN_POINT('',(0.00187202511416706,0.,-0.00437914697423229));
#5072=CARTESIAN_POINT('',(0.0019865702808263,0.,-0.00464751997974673));
#5073=CARTESIAN_POINT('',(0.00210944786036386,0.,-0.00493541536889867));
#5074=CARTESIAN_POINT('',(0.00211258455505801,0.,-0.00494161397725624));
#5075=CARTESIAN_POINT('',(0.00211525245480406,0.,-0.00494715643389995));
#5076=CARTESIAN_POINT('',(0.00211857292563173,0.,-0.00495359197944172));
#5077=CARTESIAN_POINT('',(0.00212319150910281,0.,-0.0049621839688096));
#5078=CARTESIAN_POINT('',(0.00212898892095348,0.,-0.0049724465204661));
#5079=CARTESIAN_POINT('',(0.00213609899047692,0.,-0.00498447360977287));
#5080=CARTESIAN_POINT('',(0.00214457381083788,0.,-0.00499817317850344));
#5081=CARTESIAN_POINT('',(0.00215448875736874,0.,-0.00501350757326682));
#5082=CARTESIAN_POINT('',(0.00216591030502273,0.,-0.00503042008889379));
#5083=CARTESIAN_POINT('',(0.00217890558128375,0.,-0.00504885699309904));
#5084=CARTESIAN_POINT('',(0.00219353946939691,0.,-0.00506876106707173));
#5085=CARTESIAN_POINT('',(0.0022098753813368,0.,-0.00509007354053165));
#5086=CARTESIAN_POINT('',(0.00222797496419722,0.,-0.00511273358542652));
#5087=CARTESIAN_POINT('',(0.00224789811668166,0.,-0.00513667851782713));
#5088=CARTESIAN_POINT('',(0.00226970291835793,0.,-0.00516184379891633));
#5089=CARTESIAN_POINT('',(0.00229344558543748,0.,-0.00518816309525417));
#5090=CARTESIAN_POINT('',(0.00231918042063362,0.,-0.00521556832399928));
#5091=CARTESIAN_POINT('',(0.00234695976630134,0.,-0.00524398970405517));
#5092=CARTESIAN_POINT('',(0.00237683395828435,0.,-0.00527335580713516));
#5093=CARTESIAN_POINT('',(0.00240885128118709,0.,-0.00530359361038986));
#5094=CARTESIAN_POINT('',(0.00244305792502235,0.,-0.00533462855002302));
#5095=CARTESIAN_POINT('',(0.00247949794280169,0.,-0.00536638457623838));
#5096=CARTESIAN_POINT('',(0.00251821321106242,0.,-0.00539878420848572));
#5097=CARTESIAN_POINT('',(0.00255924338570314,0.,-0.00543174859468097));
#5098=CARTESIAN_POINT('',(0.00260262588264128,0.,-0.00546519756011403));
#5099=CARTESIAN_POINT('',(0.00264839576987141,0.,-0.00549904970082171));
#5100=CARTESIAN_POINT('',(0.00269658600683621,0.,-0.00553322231078937));
#5101=CARTESIAN_POINT('',(0.00274722635813902,0.,-0.00556763195125792));
#5102=CARTESIAN_POINT('',(0.00280034739627892,0.,-0.00560219256283721));
#5103=CARTESIAN_POINT('',(0.00285596502117832,0.,-0.00563682299255186));
#5104=CARTESIAN_POINT('',(0.0029141395415039,0.,-0.00567141849764633));
#5105=CARTESIAN_POINT('',(0.00296881004407893,0.,-0.0057025750142537));
#5106=CARTESIAN_POINT('',(0.00300458823264958,0.,-0.00572194541696432));
#5107=CARTESIAN_POINT('',(0.00301963166236045,0.,-0.00573003958307423));
#5108=CARTESIAN_POINT('',(0.00199105131121379,0.,-0.00465797568155292));
#5109=CARTESIAN_POINT('',(0.00187202511416706,-0.00762,-0.00437914697423229));
#5110=CARTESIAN_POINT('',(0.0019865702808263,-0.00762,-0.00464751997974673));
#5111=CARTESIAN_POINT('',(0.00210944786036386,-0.00762,-0.00493541536889867));
#5112=CARTESIAN_POINT('',(0.00211258455505801,-0.00762,-0.00494161397725624));
#5113=CARTESIAN_POINT('',(0.00211525245480406,-0.00762,-0.00494715643389995));
#5114=CARTESIAN_POINT('',(0.00211857292563173,-0.00762,-0.00495359197944172));
#5115=CARTESIAN_POINT('',(0.00212319150910281,-0.00762,-0.0049621839688096));
#5116=CARTESIAN_POINT('',(0.00212898892095348,-0.00762,-0.0049724465204661));
#5117=CARTESIAN_POINT('',(0.00213609899047692,-0.00762,-0.00498447360977287));
#5118=CARTESIAN_POINT('',(0.00214457381083788,-0.00762,-0.00499817317850344));
#5119=CARTESIAN_POINT('',(0.00215448875736874,-0.00762,-0.00501350757326682));
#5120=CARTESIAN_POINT('',(0.00216591030502273,-0.00762,-0.00503042008889379));
#5121=CARTESIAN_POINT('',(0.00217890558128375,-0.00762,-0.00504885699309904));
#5122=CARTESIAN_POINT('',(0.00219353946939691,-0.00762,-0.00506876106707173));
#5123=CARTESIAN_POINT('',(0.0022098753813368,-0.00762,-0.00509007354053165));
#5124=CARTESIAN_POINT('',(0.00222797496419722,-0.00762,-0.00511273358542652));
#5125=CARTESIAN_POINT('',(0.00224789811668166,-0.00762,-0.00513667851782713));
#5126=CARTESIAN_POINT('',(0.00226970291835793,-0.00762,-0.00516184379891633));
#5127=CARTESIAN_POINT('',(0.00229344558543748,-0.00762,-0.00518816309525417));
#5128=CARTESIAN_POINT('',(0.00231918042063362,-0.00762,-0.00521556832399928));
#5129=CARTESIAN_POINT('',(0.00234695976630134,-0.00762,-0.00524398970405517));
#5130=CARTESIAN_POINT('',(0.00237683395828435,-0.00762,-0.00527335580713516));
#5131=CARTESIAN_POINT('',(0.00240885128118709,-0.00762,-0.00530359361038986));
#5132=CARTESIAN_POINT('',(0.00244305792502235,-0.00762,-0.00533462855002302));
#5133=CARTESIAN_POINT('',(0.00247949794280169,-0.00762,-0.00536638457623838));
#5134=CARTESIAN_POINT('',(0.00251821321106242,-0.00762,-0.00539878420848572));
#5135=CARTESIAN_POINT('',(0.00255924338570314,-0.00762,-0.00543174859468097));
#5136=CARTESIAN_POINT('',(0.00260262588264128,-0.00762,-0.00546519756011403));
#5137=CARTESIAN_POINT('',(0.00264839576987141,-0.00762,-0.00549904970082171));
#5138=CARTESIAN_POINT('',(0.00269658600683621,-0.00762,-0.00553322231078937));
#5139=CARTESIAN_POINT('',(0.00274722635813902,-0.00762,-0.00556763195125792));
#5140=CARTESIAN_POINT('',(0.00280034739627892,-0.00762,-0.00560219256283721));
#5141=CARTESIAN_POINT('',(0.00285596502117832,-0.00762,-0.00563682299255186));
#5142=CARTESIAN_POINT('',(0.0029141395415039,-0.00762,-0.00567141849764633));
#5143=CARTESIAN_POINT('',(0.00296881004407893,-0.00762,-0.0057025750142537));
#5144=CARTESIAN_POINT('',(0.00300458823264958,-0.00762,-0.00572194541696432));
#5145=CARTESIAN_POINT('',(0.00301963166236045,-0.00762,-0.00573003958307423));
#5146=CARTESIAN_POINT('',(0.00199105131121379,-0.00762,-0.00465797568155292));
#5147=CARTESIAN_POINT('',(0.00199105131121379,0.,-0.00465797568155292));
#5148=CARTESIAN_POINT('',(-1.44788821091583E-17,-0.00762,4.27194273400119E-17));
#5149=CARTESIAN_POINT('',(-1.44788821091583E-17,0.,4.27194273400119E-17));
#5150=CARTESIAN_POINT('',(0.00134370732939146,0.,-0.00456901049057011));
#5151=CARTESIAN_POINT('',(0.00159851491898283,0.,-0.00448621848596224));
#5152=CARTESIAN_POINT('',(0.00159851491898283,-0.00762,-0.00448621848596224));
#5153=CARTESIAN_POINT('',(0.00159851491898283,-0.00762,-0.00448621848596224));
#5154=CARTESIAN_POINT('',(-1.44788821091583E-17,-0.00762,4.27194273400119E-17));
#5155=CARTESIAN_POINT('',(0.00134370732939146,-0.00762,-0.00456901049057011));
#5156=CARTESIAN_POINT('',(0.00134370732939146,-0.00762,-0.00456901049057011));
#5157=CARTESIAN_POINT('',(0.00143193416592743,-0.00381,-0.00486900836426275));
#5158=CARTESIAN_POINT('',(0.00143193416592743,-0.00762,-0.00486900836426275));
#5159=CARTESIAN_POINT('',(0.00143193416592743,0.,-0.00486900836426275));
#5160=CARTESIAN_POINT('',(0.00170347223474094,-0.00381,-0.0047807802974282));
#5161=CARTESIAN_POINT('',(0.00170347223474094,-0.00762,-0.0047807802974282));
#5162=CARTESIAN_POINT('',(0.00170347223474094,0.,-0.0047807802974282));
#5163=CARTESIAN_POINT('',(0.0044243372832929,-0.00762,-0.00246703517139185));
#5164=CARTESIAN_POINT('',(0.0044243372832929,-3.46944695195361E-18,-0.00246703517139185));
#5165=CARTESIAN_POINT('',(0.00454158764637171,-0.00762,-0.00253235993325094));
#5166=CARTESIAN_POINT('',(0.00454158764637171,-4.33680868994202E-18,-0.00253235993325094));
#5167=CARTESIAN_POINT('',(0.00468822219510314,-0.00762,-0.00261417733114216));
#5168=CARTESIAN_POINT('',(0.00468822219510314,-3.46944695195361E-18,-0.00261417733114216));
#5169=CARTESIAN_POINT('',(0.00469530942348206,-0.00762,-0.00261841619677692));
#5170=CARTESIAN_POINT('',(0.00469530942348206,-3.46944695195361E-18,-0.00261841619677692));
#5171=CARTESIAN_POINT('',(0.00471849360961469,-0.00762,-0.00263364418276128));
#5172=CARTESIAN_POINT('',(0.00471849360961469,-2.60208521396521E-18,-0.00263364418276128));
#5173=CARTESIAN_POINT('',(0.00475094554414085,-0.00762,-0.00265811993421619));
#5174=CARTESIAN_POINT('',(0.00475094554414085,-5.20417042793042E-18,-0.00265811993421619));
#5175=CARTESIAN_POINT('',(0.00481181436241911,-0.00762,-0.00270980867256558));
#5176=CARTESIAN_POINT('',(0.00481181436241911,-3.46944695195361E-18,-0.00270980867256558));
#5177=CARTESIAN_POINT('',(0.00489511778839752,-0.00762,-0.0027924030791916));
#5178=CARTESIAN_POINT('',(0.00489511778839752,-8.67361737988404E-19,-0.0027924030791916));
#5179=CARTESIAN_POINT('',(0.00503392043708954,-0.00762,-0.00295686144525453));
#5180=CARTESIAN_POINT('',(0.00503392043708954,-7.80625564189563E-18,-0.00295686144525453));
#5181=CARTESIAN_POINT('',(0.00520579733561768,-0.00762,-0.00321479790374967));
#5182=CARTESIAN_POINT('',(0.00520579733561768,-8.67361737988404E-19,-0.00321479790374967));
#5183=CARTESIAN_POINT('',(0.00532764036796872,-0.00762,-0.00346691438827392));
#5184=CARTESIAN_POINT('',(0.00532764036796872,-4.33680868994202E-18,-0.00346691438827392));
#5185=CARTESIAN_POINT('',(0.00538301236939333,-0.00762,-0.00360204203624634));
#5186=CARTESIAN_POINT('',(0.00538301236939333,-3.46944695195361E-18,-0.00360204203624634));
#5187=CARTESIAN_POINT('',(0.0041594776405274,-0.00762,-0.00231951546835813));
#5188=CARTESIAN_POINT('',(0.00441440724039167,-0.00762,-0.00246148576245829));
#5189=CARTESIAN_POINT('',(0.00468788130391973,-0.00762,-0.00261378346836815));
#5190=CARTESIAN_POINT('',(0.00469371808177603,-0.00762,-0.00261755091092659));
#5191=CARTESIAN_POINT('',(0.00469895130480173,-0.00762,-0.00262078354011437));
#5192=CARTESIAN_POINT('',(0.00470500451203872,-0.00762,-0.0026247585187412));
#5193=CARTESIAN_POINT('',(0.00471306666015714,-0.00762,-0.00263024990857381));
#5194=CARTESIAN_POINT('',(0.00472266699793019,-0.00762,-0.00263708829034962));
#5195=CARTESIAN_POINT('',(0.00473388499694232,-0.00762,-0.0026454165833311));
#5196=CARTESIAN_POINT('',(0.00474662365805317,-0.00762,-0.00265527697260622));
#5197=CARTESIAN_POINT('',(0.00476083765527332,-0.00762,-0.00266674048474232));
#5198=CARTESIAN_POINT('',(0.00477646364554569,-0.00762,-0.00267986730323168));
#5199=CARTESIAN_POINT('',(0.00479344117420332,-0.00762,-0.00269471857127361));
#5200=CARTESIAN_POINT('',(0.00481170655374008,-0.00762,-0.00271135283568165));
#5201=CARTESIAN_POINT('',(0.00483119470746928,-0.00762,-0.00272982701788589));
#5202=CARTESIAN_POINT('',(0.00485183869668507,-0.00762,-0.00275019606900804));
#5203=CARTESIAN_POINT('',(0.00487356991972795,-0.00762,-0.00277251300736545));
#5204=CARTESIAN_POINT('',(0.00489631812036317,-0.00762,-0.00279682884821662));
#5205=CARTESIAN_POINT('',(0.00492001145233814,-0.00762,-0.00282319256608215));
#5206=CARTESIAN_POINT('',(0.00494457652959723,-0.00762,-0.00285165104960463));
#5207=CARTESIAN_POINT('',(0.00496993848204617,-0.00762,-0.00288224906029138));
#5208=CARTESIAN_POINT('',(0.00499602101116152,-0.00762,-0.00291502919195202));
#5209=CARTESIAN_POINT('',(0.00502274644700518,-0.00762,-0.00295003183171668));
#5210=CARTESIAN_POINT('',(0.00505003580607815,-0.00762,-0.00298729512252536));
#5211=CARTESIAN_POINT('',(0.00507780885039929,-0.00762,-0.00302685492669431));
#5212=CARTESIAN_POINT('',(0.00510598414657486,-0.00762,-0.00306874479243391));
#5213=CARTESIAN_POINT('',(0.00513447912931062,-0.00762,-0.00311299591611645));
#5214=CARTESIAN_POINT('',(0.00516321015207356,-0.00762,-0.00315963712815178));
#5215=CARTESIAN_POINT('',(0.00519209259123633,-0.00762,-0.00320869479539718));
#5216=CARTESIAN_POINT('',(0.00522104074865661,-0.00762,-0.00326019305160742));
#5217=CARTESIAN_POINT('',(0.00524996853141332,-0.00762,-0.00331415277660697));
#5218=CARTESIAN_POINT('',(0.00527878715586229,-0.00762,-0.00337059537975977));
#5219=CARTESIAN_POINT('',(0.0053074142515982,-0.00762,-0.00342952819109098));
#5220=CARTESIAN_POINT('',(0.00533573934568501,-0.00762,-0.00349100024029081));
#5221=CARTESIAN_POINT('',(0.00536101056001421,-0.00762,-0.0035486279949342));
#5222=CARTESIAN_POINT('',(0.00537653501056223,-0.00762,-0.00358623494527254));
#5223=CARTESIAN_POINT('',(0.00538301236939333,-0.00762,-0.00360204203624634));
#5224=CARTESIAN_POINT('',(0.00442433726954911,-0.00762,-0.00246703516373465));
#5225=CARTESIAN_POINT('',(0.0041594776405274,0.,-0.00231951546835813));
#5226=CARTESIAN_POINT('',(0.00441440724039167,0.,-0.00246148576245829));
#5227=CARTESIAN_POINT('',(0.00468788130391973,0.,-0.00261378346836815));
#5228=CARTESIAN_POINT('',(0.00469371808177603,0.,-0.00261755091092659));
#5229=CARTESIAN_POINT('',(0.00469895130480173,0.,-0.00262078354011437));
#5230=CARTESIAN_POINT('',(0.00470500451203872,0.,-0.0026247585187412));
#5231=CARTESIAN_POINT('',(0.00471306666015714,0.,-0.00263024990857381));
#5232=CARTESIAN_POINT('',(0.00472266699793019,0.,-0.00263708829034962));
#5233=CARTESIAN_POINT('',(0.00473388499694232,0.,-0.0026454165833311));
#5234=CARTESIAN_POINT('',(0.00474662365805317,0.,-0.00265527697260622));
#5235=CARTESIAN_POINT('',(0.00476083765527332,0.,-0.00266674048474232));
#5236=CARTESIAN_POINT('',(0.00477646364554569,0.,-0.00267986730323168));
#5237=CARTESIAN_POINT('',(0.00479344117420332,0.,-0.00269471857127361));
#5238=CARTESIAN_POINT('',(0.00481170655374008,0.,-0.00271135283568165));
#5239=CARTESIAN_POINT('',(0.00483119470746928,0.,-0.00272982701788589));
#5240=CARTESIAN_POINT('',(0.00485183869668507,0.,-0.00275019606900804));
#5241=CARTESIAN_POINT('',(0.00487356991972795,0.,-0.00277251300736545));
#5242=CARTESIAN_POINT('',(0.00489631812036317,0.,-0.00279682884821662));
#5243=CARTESIAN_POINT('',(0.00492001145233814,0.,-0.00282319256608215));
#5244=CARTESIAN_POINT('',(0.00494457652959723,0.,-0.00285165104960463));
#5245=CARTESIAN_POINT('',(0.00496993848204617,0.,-0.00288224906029138));
#5246=CARTESIAN_POINT('',(0.00499602101116152,0.,-0.00291502919195202));
#5247=CARTESIAN_POINT('',(0.00502274644700518,0.,-0.00295003183171668));
#5248=CARTESIAN_POINT('',(0.00505003580607815,0.,-0.00298729512252536));
#5249=CARTESIAN_POINT('',(0.00507780885039929,0.,-0.00302685492669431));
#5250=CARTESIAN_POINT('',(0.00510598414657486,0.,-0.00306874479243391));
#5251=CARTESIAN_POINT('',(0.00513447912931062,0.,-0.00311299591611645));
#5252=CARTESIAN_POINT('',(0.00516321015207356,0.,-0.00315963712815178));
#5253=CARTESIAN_POINT('',(0.00519209259123633,0.,-0.00320869479539718));
#5254=CARTESIAN_POINT('',(0.00522104074865661,0.,-0.00326019305160742));
#5255=CARTESIAN_POINT('',(0.00524996853141332,0.,-0.00331415277660697));
#5256=CARTESIAN_POINT('',(0.00527878715586229,0.,-0.00337059537975977));
#5257=CARTESIAN_POINT('',(0.0053074142515982,0.,-0.00342952819109098));
#5258=CARTESIAN_POINT('',(0.00533573934568501,0.,-0.00349100024029081));
#5259=CARTESIAN_POINT('',(0.00536101056001421,0.,-0.0035486279949342));
#5260=CARTESIAN_POINT('',(0.00537653501056223,0.,-0.00358623494527254));
#5261=CARTESIAN_POINT('',(0.00538301236939333,0.,-0.00360204203624634));
#5262=CARTESIAN_POINT('',(0.00442433726954911,0.,-0.00246703516373465));
#5263=CARTESIAN_POINT('',(0.00442433726954911,-0.00762,-0.00246703516373465));
#5264=CARTESIAN_POINT('',(0.00479382391099648,-0.00762,-0.00163715461810377));
#5265=CARTESIAN_POINT('',(0.00479382391099648,0.,-0.00163715461810377));
#5266=CARTESIAN_POINT('',(0.00492082547629033,-0.00762,-0.00168057782119811));
#5267=CARTESIAN_POINT('',(0.00492082547629033,8.67361737988404E-19,-0.00168057782119811));
#5268=CARTESIAN_POINT('',(0.00507974531667304,-0.00762,-0.00173480200226244));
#5269=CARTESIAN_POINT('',(0.00507974531667304,0.,-0.00173480200226244));
#5270=CARTESIAN_POINT('',(0.00508763768915798,-0.00762,-0.00173723248462674));
#5271=CARTESIAN_POINT('',(0.00508763768915798,8.67361737988404E-19,-0.00173723248462674));
#5272=CARTESIAN_POINT('',(0.00511446753666957,-0.00762,-0.00174427218108878));
#5273=CARTESIAN_POINT('',(0.00511446753666957,-4.33680868994202E-18,-0.00174427218108878));
#5274=CARTESIAN_POINT('',(0.00515437114733996,-0.00762,-0.0017520111938965));
#5275=CARTESIAN_POINT('',(0.00515437114733996,8.67361737988404E-19,-0.0017520111938965));
#5276=CARTESIAN_POINT('',(0.00523351255506264,-0.00762,-0.00176265902439927));
#5277=CARTESIAN_POINT('',(0.00523351255506264,0.,-0.00176265902439927));
#5278=CARTESIAN_POINT('',(0.00535063303289684,-0.00762,-0.00176929908897215));
#5279=CARTESIAN_POINT('',(0.00535063303289684,8.67361737988404E-19,-0.00176929908897215));
#5280=CARTESIAN_POINT('',(0.00556572651712649,-0.00762,-0.0017624054329057));
#5281=CARTESIAN_POINT('',(0.00556572651712649,-2.60208521396521E-18,-0.0017624054329057));
#5282=CARTESIAN_POINT('',(0.00587241875489032,-0.00762,-0.00171754168179109));
#5283=CARTESIAN_POINT('',(0.00587241875489032,-8.67361737988404E-19,-0.00171754168179109));
#5284=CARTESIAN_POINT('',(0.00614130671789976,-0.00762,-0.00163938984464043));
#5285=CARTESIAN_POINT('',(0.00614130671789976,8.67361737988404E-19,-0.00163938984464043));
#5286=CARTESIAN_POINT('',(0.00627877723115791,-0.00762,-0.00159012121595185));
#5287=CARTESIAN_POINT('',(0.00627877723115791,0.,-0.00159012121595185));
#5288=CARTESIAN_POINT('',(0.00450696971366733,0.,-0.00153903549344563));
#5289=CARTESIAN_POINT('',(0.00478305540083537,0.,-0.0016334884374696));
#5290=CARTESIAN_POINT('',(0.00507922451886632,0.,-0.00173481221638023));
#5291=CARTESIAN_POINT('',(0.00508592984101507,0.,-0.00173662887651805));
#5292=CARTESIAN_POINT('',(0.00509183386236505,0.,-0.00173835486800161));
#5293=CARTESIAN_POINT('',(0.00509883823339186,0.,-0.00174019349777849));
#5294=CARTESIAN_POINT('',(0.00510831376138968,0.,-0.00174251038442648));
#5295=CARTESIAN_POINT('',(0.00511981954925635,0.,-0.00174506905522119));
#5296=CARTESIAN_POINT('',(0.00513351498357171,0.,-0.00174783293740664));
#5297=CARTESIAN_POINT('',(0.00514936650887201,0.,-0.00175070171924009));
#5298=CARTESIAN_POINT('',(0.00516739657917646,0.,-0.00175359419089695));
#5299=CARTESIAN_POINT('',(0.00518760753475772,0.,-0.00175642300869547));
#5300=CARTESIAN_POINT('',(0.00521000436180001,0.,-0.00175910233327669));
#5301=CARTESIAN_POINT('',(0.00523458795380527,0.,-0.00176154566013513));
#5302=CARTESIAN_POINT('',(0.00526135706683691,0.,-0.00176366653999679));
#5303=CARTESIAN_POINT('',(0.00529030774679985,0.,-0.0017653784582314));
#5304=CARTESIAN_POINT('',(0.00532143349051226,0.,-0.00176659495769184));
#5305=CARTESIAN_POINT('',(0.00535472519910255,0.,-0.00176722969194995));
#5306=CARTESIAN_POINT('',(0.00539017119320574,0.,-0.00176719649848424));
#5307=CARTESIAN_POINT('',(0.00542775721301804,0.,-0.00176640946620132));
#5308=CARTESIAN_POINT('',(0.0054674664249504,0.,-0.00176478300448357));
#5309=CARTESIAN_POINT('',(0.00550927942869479,0.,-0.0017622319116564));
#5310=CARTESIAN_POINT('',(0.00555317426640523,0.,-0.00175867144344235));
#5311=CARTESIAN_POINT('',(0.0055991264335336,0.,-0.00175401738105428));
#5312=CARTESIAN_POINT('',(0.00564710889128569,0.,-0.00174818609947828));
#5313=CARTESIAN_POINT('',(0.00569709208126432,0.,-0.00174109463377482));
#5314=CARTESIAN_POINT('',(0.00574904393992671,0.,-0.00173266075152522));
#5315=CARTESIAN_POINT('',(0.00580292992198744,0.,-0.00172280299993165));
#5316=CARTESIAN_POINT('',(0.00585871299758096,0.,-0.00171144084851216));
#5317=CARTESIAN_POINT('',(0.00591635375833232,0.,-0.00169849446250177));
#5318=CARTESIAN_POINT('',(0.00597581011356653,0.,-0.00168388589106204));
#5319=CARTESIAN_POINT('',(0.00603703856568798,0.,-0.00166753482942657));
#5320=CARTESIAN_POINT('',(0.00609998944540766,0.,-0.00164937515971068));
#5321=CARTESIAN_POINT('',(0.00616462526806348,0.,-0.00162929197725724));
#5322=CARTESIAN_POINT('',(0.00622436077869812,0.,-0.00160951165501189));
#5323=CARTESIAN_POINT('',(0.00626269607425263,0.,-0.00159588460862182));
#5324=CARTESIAN_POINT('',(0.00627877723115791,0.,-0.00159012121595185));
#5325=CARTESIAN_POINT('',(0.00479382389610967,0.,-0.00163715461301381));
#5326=CARTESIAN_POINT('',(0.00450696971366733,-0.00762,-0.00153903549344563));
#5327=CARTESIAN_POINT('',(0.00478305540083537,-0.00762,-0.0016334884374696));
#5328=CARTESIAN_POINT('',(0.00507922451886632,-0.00762,-0.00173481221638023));
#5329=CARTESIAN_POINT('',(0.00508592984101507,-0.00762,-0.00173662887651805));
#5330=CARTESIAN_POINT('',(0.00509183386236505,-0.00762,-0.00173835486800161));
#5331=CARTESIAN_POINT('',(0.00509883823339186,-0.00762,-0.00174019349777849));
#5332=CARTESIAN_POINT('',(0.00510831376138968,-0.00762,-0.00174251038442648));
#5333=CARTESIAN_POINT('',(0.00511981954925635,-0.00762,-0.00174506905522119));
#5334=CARTESIAN_POINT('',(0.00513351498357171,-0.00762,-0.00174783293740664));
#5335=CARTESIAN_POINT('',(0.00514936650887201,-0.00762,-0.00175070171924009));
#5336=CARTESIAN_POINT('',(0.00516739657917646,-0.00762,-0.00175359419089695));
#5337=CARTESIAN_POINT('',(0.00518760753475772,-0.00762,-0.00175642300869547));
#5338=CARTESIAN_POINT('',(0.00521000436180001,-0.00762,-0.00175910233327669));
#5339=CARTESIAN_POINT('',(0.00523458795380527,-0.00762,-0.00176154566013513));
#5340=CARTESIAN_POINT('',(0.00526135706683691,-0.00762,-0.00176366653999679));
#5341=CARTESIAN_POINT('',(0.00529030774679985,-0.00762,-0.0017653784582314));
#5342=CARTESIAN_POINT('',(0.00532143349051226,-0.00762,-0.00176659495769184));
#5343=CARTESIAN_POINT('',(0.00535472519910255,-0.00762,-0.00176722969194995));
#5344=CARTESIAN_POINT('',(0.00539017119320574,-0.00762,-0.00176719649848424));
#5345=CARTESIAN_POINT('',(0.00542775721301804,-0.00762,-0.00176640946620132));
#5346=CARTESIAN_POINT('',(0.0054674664249504,-0.00762,-0.00176478300448357));
#5347=CARTESIAN_POINT('',(0.00550927942869479,-0.00762,-0.0017622319116564));
#5348=CARTESIAN_POINT('',(0.00555317426640523,-0.00762,-0.00175867144344235));
#5349=CARTESIAN_POINT('',(0.0055991264335336,-0.00762,-0.00175401738105428));
#5350=CARTESIAN_POINT('',(0.00564710889128569,-0.00762,-0.00174818609947828));
#5351=CARTESIAN_POINT('',(0.00569709208126432,-0.00762,-0.00174109463377482));
#5352=CARTESIAN_POINT('',(0.00574904393992671,-0.00762,-0.00173266075152522));
#5353=CARTESIAN_POINT('',(0.00580292992198744,-0.00762,-0.00172280299993165));
#5354=CARTESIAN_POINT('',(0.00585871299758096,-0.00762,-0.00171144084851216));
#5355=CARTESIAN_POINT('',(0.00591635375833232,-0.00762,-0.00169849446250177));
#5356=CARTESIAN_POINT('',(0.00597581011356653,-0.00762,-0.00168388589106204));
#5357=CARTESIAN_POINT('',(0.00603703856568798,-0.00762,-0.00166753482942657));
#5358=CARTESIAN_POINT('',(0.00609998944540766,-0.00762,-0.00164937515971068));
#5359=CARTESIAN_POINT('',(0.00616462526806348,-0.00762,-0.00162929197725724));
#5360=CARTESIAN_POINT('',(0.00622436077869812,-0.00762,-0.00160951165501189));
#5361=CARTESIAN_POINT('',(0.00626269607425263,-0.00762,-0.00159588460862182));
#5362=CARTESIAN_POINT('',(0.00627877723115791,-0.00762,-0.00159012121595185));
#5363=CARTESIAN_POINT('',(0.00479382389610967,-0.00762,-0.00163715461301381));
#5364=CARTESIAN_POINT('',(0.00479382389610967,0.,-0.00163715461301381));
#5365=CARTESIAN_POINT('',(-4.14349845401869E-17,-0.00762,1.78249700012071E-17));
#5366=CARTESIAN_POINT('',(-4.14349845401869E-17,0.,1.78249700012071E-17));
#5367=CARTESIAN_POINT('',(0.00429455220370365,0.,-0.00205869561122184));
#5368=CARTESIAN_POINT('',(0.00440352531081653,0.,-0.00181393800527972));
#5369=CARTESIAN_POINT('',(0.00440352531081653,-0.00762,-0.00181393800527972));
#5370=CARTESIAN_POINT('',(0.00440352531081653,-0.00762,-0.00181393800527972));
#5371=CARTESIAN_POINT('',(-4.14349845401869E-17,-0.00762,1.78249700012071E-17));
#5372=CARTESIAN_POINT('',(0.00429455220370365,-0.00762,-0.00205869561122184));
#5373=CARTESIAN_POINT('',(0.00429455220370365,-0.00762,-0.00205869561122184));
#5374=CARTESIAN_POINT('',(0.004576529347821,-0.00381,-0.00219386805331223));
#5375=CARTESIAN_POINT('',(0.004576529347821,-0.00762,-0.00219386805331223));
#5376=CARTESIAN_POINT('',(0.004576529347821,0.,-0.00219386805331223));
#5377=CARTESIAN_POINT('',(0.00469265754912573,-0.00381,-0.00193303984269448));
#5378=CARTESIAN_POINT('',(0.00469265754912573,-0.00762,-0.00193303984269448));
#5379=CARTESIAN_POINT('',(0.00469265754912573,0.,-0.00193303984269448));
#5380=CARTESIAN_POINT('',(0.00303839962426918,-0.00762,-0.00405328886911123));
#5381=CARTESIAN_POINT('',(0.00303839962426918,0.,-0.00405328886911123));
#5382=CARTESIAN_POINT('',(0.00311894318651848,-0.00762,-0.00416065602765728));
#5383=CARTESIAN_POINT('',(0.00311894318651848,8.67361737988404E-19,-0.00416065602765728));
#5384=CARTESIAN_POINT('',(0.00321962237868208,-0.00762,-0.00429504158396689));
#5385=CARTESIAN_POINT('',(0.00321962237868208,0.,-0.00429504158396689));
#5386=CARTESIAN_POINT('',(0.00322437278199618,-0.00762,-0.00430179661589263));
#5387=CARTESIAN_POINT('',(0.00322437278199618,8.67361737988404E-19,-0.00430179661589263));
#5388=CARTESIAN_POINT('',(0.00323935881002671,-0.00762,-0.00432513793135773));
#5389=CARTESIAN_POINT('',(0.00323935881002671,-2.60208521396521E-18,-0.00432513793135773));
#5390=CARTESIAN_POINT('',(0.00325904994242126,-0.00762,-0.00436069703383223));
#5391=CARTESIAN_POINT('',(0.00325904994242126,0.,-0.00436069703383223));
#5392=CARTESIAN_POINT('',(0.00329363267095039,-0.00762,-0.00443267462477709));
#5393=CARTESIAN_POINT('',(0.00329363267095039,0.,-0.00443267462477709));
#5394=CARTESIAN_POINT('',(0.00333613996567113,-0.00762,-0.00454201092561614));
#5395=CARTESIAN_POINT('',(0.00333613996567113,-1.73472347597681E-18,-0.00454201092561614));
#5396=CARTESIAN_POINT('',(0.00339605125115431,-0.00762,-0.00474870724228328));
#5397=CARTESIAN_POINT('',(0.00339605125115431,8.67361737988404E-19,-0.00474870724228328));
#5398=CARTESIAN_POINT('',(0.00344815640182323,-0.00762,-0.00505425255503155));
#5399=CARTESIAN_POINT('',(0.00344815640182323,-8.67361737988404E-19,-0.00505425255503155));
#5400=CARTESIAN_POINT('',(0.00345692053799343,-0.00762,-0.00533413045022615));
#5401=CARTESIAN_POINT('',(0.00345692053799343,8.67361737988404E-19,-0.00533413045022615));
#5402=CARTESIAN_POINT('',(0.00345254401245245,-0.00762,-0.0054800975212131));
#5403=CARTESIAN_POINT('',(0.00345254401245245,0.,-0.0054800975212131));
#5404=CARTESIAN_POINT('',(0.00285643996950739,-0.00762,-0.00381079479250729));
#5405=CARTESIAN_POINT('',(0.00303158522664325,-0.00762,-0.00404418031947213));
#5406=CARTESIAN_POINT('',(0.00321947115751246,-0.00762,-0.00429454311948317));
#5407=CARTESIAN_POINT('',(0.00322327096247114,-0.00762,-0.004300358880951));
#5408=CARTESIAN_POINT('',(0.00322673692085096,-0.00762,-0.00430544057822769));
#5409=CARTESIAN_POINT('',(0.0032306500313635,-0.00762,-0.00431153396308786));
#5410=CARTESIAN_POINT('',(0.0032357816206896,-0.00762,-0.00431982976838726));
#5411=CARTESIAN_POINT('',(0.00324177054520644,-0.00762,-0.00432998175015438));
#5412=CARTESIAN_POINT('',(0.00324863127531796,-0.00762,-0.00434215279563774));
#5413=CARTESIAN_POINT('',(0.00325625803967905,-0.00762,-0.00435634198972813));
#5414=CARTESIAN_POINT('',(0.00326458054183036,-0.00762,-0.00437259578268271));
#5415=CARTESIAN_POINT('',(0.00327351643617823,-0.00762,-0.00439094339091509));
#5416=CARTESIAN_POINT('',(0.00328298562545661,-0.00762,-0.00441141608238896));
#5417=CARTESIAN_POINT('',(0.00329290611509917,-0.00762,-0.00443404143823743));
#5418=CARTESIAN_POINT('',(0.00330319530256301,-0.00762,-0.00445884498970133));
#5419=CARTESIAN_POINT('',(0.00331376968566265,-0.00762,-0.00448584971070378));
#5420=CARTESIAN_POINT('',(0.00332454502917126,-0.00762,-0.00451507613307908));
#5421=CARTESIAN_POINT('',(0.00333543640104974,-0.00762,-0.00454654228579981));
#5422=CARTESIAN_POINT('',(0.00334635824674828,-0.00762,-0.00458026368681322));
#5423=CARTESIAN_POINT('',(0.00335722445343999,-0.00762,-0.00461625332222784));
#5424=CARTESIAN_POINT('',(0.00336794841774514,-0.00762,-0.00465452163130454));
#5425=CARTESIAN_POINT('',(0.00337844311303107,-0.00762,-0.00469507649201935));
#5426=CARTESIAN_POINT('',(0.0033886211573529,-0.00762,-0.00473792320864165));
#5427=CARTESIAN_POINT('',(0.0033983948815625,-0.00762,-0.00478306450099777));
#5428=CARTESIAN_POINT('',(0.00340767639809857,-0.00762,-0.00483050049521671));
#5429=CARTESIAN_POINT('',(0.00341637766856768,-0.00762,-0.00488022871716851));
#5430=CARTESIAN_POINT('',(0.00342441057711257,-0.00762,-0.0049322440838267));
#5431=CARTESIAN_POINT('',(0.00343168698243884,-0.00762,-0.00498653891097126));
#5432=CARTESIAN_POINT('',(0.0034381188526491,-0.00762,-0.00504310286639475));
#5433=CARTESIAN_POINT('',(0.00344361808251232,-0.00762,-0.00510192314080449));
#5434=CARTESIAN_POINT('',(0.00344809752964177,-0.00762,-0.00516298379172356));
#5435=CARTESIAN_POINT('',(0.00345146737816981,-0.00762,-0.00522626826601776));
#5436=CARTESIAN_POINT('',(0.00345364939759697,-0.00762,-0.00529174975693612));
#5437=CARTESIAN_POINT('',(0.00345452272370275,-0.00762,-0.00535942812193828));
#5438=CARTESIAN_POINT('',(0.00345416980729064,-0.00762,-0.0054223524243096));
#5439=CARTESIAN_POINT('',(0.00345305597383425,-0.00762,-0.00546302244586849));
#5440=CARTESIAN_POINT('',(0.00345254401245245,-0.00762,-0.0054800975212131));
#5441=CARTESIAN_POINT('',(0.00303839961482806,-0.00762,-0.00405328885652591));
#5442=CARTESIAN_POINT('',(0.00285643996950739,0.,-0.00381079479250729));
#5443=CARTESIAN_POINT('',(0.00303158522664325,0.,-0.00404418031947213));
#5444=CARTESIAN_POINT('',(0.00321947115751246,0.,-0.00429454311948317));
#5445=CARTESIAN_POINT('',(0.00322327096247114,0.,-0.004300358880951));
#5446=CARTESIAN_POINT('',(0.00322673692085096,0.,-0.00430544057822769));
#5447=CARTESIAN_POINT('',(0.0032306500313635,0.,-0.00431153396308786));
#5448=CARTESIAN_POINT('',(0.0032357816206896,0.,-0.00431982976838726));
#5449=CARTESIAN_POINT('',(0.00324177054520644,0.,-0.00432998175015438));
#5450=CARTESIAN_POINT('',(0.00324863127531796,0.,-0.00434215279563774));
#5451=CARTESIAN_POINT('',(0.00325625803967905,0.,-0.00435634198972813));
#5452=CARTESIAN_POINT('',(0.00326458054183036,0.,-0.00437259578268271));
#5453=CARTESIAN_POINT('',(0.00327351643617823,0.,-0.00439094339091509));
#5454=CARTESIAN_POINT('',(0.00328298562545661,0.,-0.00441141608238896));
#5455=CARTESIAN_POINT('',(0.00329290611509917,0.,-0.00443404143823743));
#5456=CARTESIAN_POINT('',(0.00330319530256301,0.,-0.00445884498970133));
#5457=CARTESIAN_POINT('',(0.00331376968566265,0.,-0.00448584971070378));
#5458=CARTESIAN_POINT('',(0.00332454502917126,0.,-0.00451507613307908));
#5459=CARTESIAN_POINT('',(0.00333543640104974,0.,-0.00454654228579981));
#5460=CARTESIAN_POINT('',(0.00334635824674828,0.,-0.00458026368681322));
#5461=CARTESIAN_POINT('',(0.00335722445343999,0.,-0.00461625332222784));
#5462=CARTESIAN_POINT('',(0.00336794841774514,0.,-0.00465452163130454));
#5463=CARTESIAN_POINT('',(0.00337844311303107,0.,-0.00469507649201935));
#5464=CARTESIAN_POINT('',(0.0033886211573529,0.,-0.00473792320864165));
#5465=CARTESIAN_POINT('',(0.0033983948815625,0.,-0.00478306450099777));
#5466=CARTESIAN_POINT('',(0.00340767639809857,0.,-0.00483050049521671));
#5467=CARTESIAN_POINT('',(0.00341637766856768,0.,-0.00488022871716851));
#5468=CARTESIAN_POINT('',(0.00342441057711257,0.,-0.0049322440838267));
#5469=CARTESIAN_POINT('',(0.00343168698243884,0.,-0.00498653891097126));
#5470=CARTESIAN_POINT('',(0.0034381188526491,0.,-0.00504310286639475));
#5471=CARTESIAN_POINT('',(0.00344361808251232,0.,-0.00510192314080449));
#5472=CARTESIAN_POINT('',(0.00344809752964177,0.,-0.00516298379172356));
#5473=CARTESIAN_POINT('',(0.00345146737816981,0.,-0.00522626826601776));
#5474=CARTESIAN_POINT('',(0.00345364939759697,0.,-0.00529174975693612));
#5475=CARTESIAN_POINT('',(0.00345452272370275,0.,-0.00535942812193828));
#5476=CARTESIAN_POINT('',(0.00345416980729064,0.,-0.0054223524243096));
#5477=CARTESIAN_POINT('',(0.00345305597383425,0.,-0.00546302244586849));
#5478=CARTESIAN_POINT('',(0.00345254401245245,0.,-0.0054800975212131));
#5479=CARTESIAN_POINT('',(0.00303839961482806,0.,-0.00405328885652591));
#5480=CARTESIAN_POINT('',(0.00303839961482806,-0.00762,-0.00405328885652591));
#5481=CARTESIAN_POINT('',(0.00371348528506575,-0.00762,-0.00344543900988252));
#5482=CARTESIAN_POINT('',(0.00371348528506575,-8.67361737988404E-19,-0.00344543900988252));
#5483=CARTESIAN_POINT('',(0.00381184518029525,-0.00762,-0.00353676427015864));
#5484=CARTESIAN_POINT('',(0.00381184518029525,0.,-0.00353676427015864));
#5485=CARTESIAN_POINT('',(0.00393497071722652,-0.00762,-0.00365093904685975));
#5486=CARTESIAN_POINT('',(0.00393497071722652,-8.67361737988404E-19,-0.00365093904685975));
#5487=CARTESIAN_POINT('',(0.00394119219202226,-0.00762,-0.00365636952007397));
#5488=CARTESIAN_POINT('',(0.00394119219202226,1.73472347597681E-18,-0.00365636952007397));
#5489=CARTESIAN_POINT('',(0.00396283917483846,-0.00762,-0.00367371328491114));
#5490=CARTESIAN_POINT('',(0.00396283917483846,0.,-0.00367371328491114));
#5491=CARTESIAN_POINT('',(0.00399614519701981,-0.00762,-0.00369701348555896));
#5492=CARTESIAN_POINT('',(0.00399614519701981,8.67361737988404E-19,-0.00369701348555896));
#5493=CARTESIAN_POINT('',(0.00406411360772157,-0.00762,-0.00373893047325392));
#5494=CARTESIAN_POINT('',(0.00406411360772157,2.60208521396521E-18,-0.00373893047325392));
#5495=CARTESIAN_POINT('',(0.00416840773066976,-0.00762,-0.00379263366407265));
#5496=CARTESIAN_POINT('',(0.00416840773066976,8.67361737988404E-19,-0.00379263366407265));
#5497=CARTESIAN_POINT('',(0.00436770930868326,-0.00762,-0.00387382239760964));
#5498=CARTESIAN_POINT('',(0.00436770930868326,3.46944695195361E-18,-0.00387382239760964));
#5499=CARTESIAN_POINT('',(0.00466613434091081,-0.00762,-0.00395758029281155));
#5500=CARTESIAN_POINT('',(0.00466613434091081,-1.73472347597681E-18,-0.00395758029281155));
#5501=CARTESIAN_POINT('',(0.00494356293402569,-0.00762,-0.0039955516244141));
#5502=CARTESIAN_POINT('',(0.00494356293402569,0.,-0.0039955516244141));
#5503=CARTESIAN_POINT('',(0.00508918785361423,-0.00762,-0.00400645678755588));
#5504=CARTESIAN_POINT('',(0.00508918785361423,0.,-0.00400645678755588));
#5505=CARTESIAN_POINT('',(0.00349133957947498,0.,-0.00323912861596934));
#5506=CARTESIAN_POINT('',(0.00370513893152654,0.,-0.00343770983954341));
#5507=CARTESIAN_POINT('',(0.00393449079029986,0.,-0.00365073655036903));
#5508=CARTESIAN_POINT('',(0.00393987750464482,0.,-0.00365512345220754));
#5509=CARTESIAN_POINT('',(0.00394456907254892,0.,-0.00365910160571182));
#5510=CARTESIAN_POINT('',(0.0039502200457808,0.,-0.00366363021195108));
#5511=CARTESIAN_POINT('',(0.00395793400864437,0.,-0.00366960083767342));
#5512=CARTESIAN_POINT('',(0.0039674043637168,0.,-0.00367661812528838));
#5513=CARTESIAN_POINT('',(0.00397879159336407,0.,-0.00368471349228324));
#5514=CARTESIAN_POINT('',(0.00399210584360622,0.,-0.00369378165108443));
#5515=CARTESIAN_POINT('',(0.00400740065822192,0.,-0.00370375754569797));
#5516=CARTESIAN_POINT('',(0.00402471370103255,0.,-0.00371456233557478));
#5517=CARTESIAN_POINT('',(0.00404408444115676,0.,-0.00372611963062223));
#5518=CARTESIAN_POINT('',(0.00406554887940138,0.,-0.00373835076846227));
#5519=CARTESIAN_POINT('',(0.00408914104146125,0.,-0.0037511762677987));
#5520=CARTESIAN_POINT('',(0.00411489250376109,0.,-0.00376451548530867));
#5521=CARTESIAN_POINT('',(0.00414283249063847,0.,-0.00377828679337579));
#5522=CARTESIAN_POINT('',(0.0041729878101169,0.,-0.00379240760976838));
#5523=CARTESIAN_POINT('',(0.00420538283802032,0.,-0.00380679447068057));
#5524=CARTESIAN_POINT('',(0.00424003949055944,0.,-0.00382136309243854));
#5525=CARTESIAN_POINT('',(0.00427697720232599,0.,-0.0038360284372848));
#5526=CARTESIAN_POINT('',(0.00431621290489978,0.,-0.00385070477880042));
#5527=CARTESIAN_POINT('',(0.00435776100739326,0.,-0.0038653057681751));
#5528=CARTESIAN_POINT('',(0.00440163337865461,0.,-0.00387974450082075));
#5529=CARTESIAN_POINT('',(0.00444783933087361,0.,-0.00389393358381737));
#5530=CARTESIAN_POINT('',(0.00449638560599179,0.,-0.00390778520243807));
#5531=CARTESIAN_POINT('',(0.00454727635944321,0.,-0.00392121119221254));
#5532=CARTESIAN_POINT('',(0.00460051316237684,0.,-0.00393412309147389));
#5533=CARTESIAN_POINT('',(0.00465609494102512,0.,-0.00394643227056293));
#5534=CARTESIAN_POINT('',(0.00471401816577041,0.,-0.00395804976796259));
#5535=CARTESIAN_POINT('',(0.00477427609033014,0.,-0.00396888725221867));
#5536=CARTESIAN_POINT('',(0.00483686164056451,0.,-0.00397885366921055));
#5537=CARTESIAN_POINT('',(0.00490175633388664,0.,-0.00398786841492515));
#5538=CARTESIAN_POINT('',(0.00496897266228824,0.,-0.00399581127234928));
#5539=CARTESIAN_POINT('',(0.00503158914855752,0.,-0.00400203766987928));
#5540=CARTESIAN_POINT('',(0.00507215280278246,0.,-0.00400518111297371));
#5541=CARTESIAN_POINT('',(0.00508918785361423,0.,-0.00400645678755588));
#5542=CARTESIAN_POINT('',(0.00371348527353625,0.,-0.0034454389991776));
#5543=CARTESIAN_POINT('',(0.00349133957947498,-0.00762,-0.00323912861596934));
#5544=CARTESIAN_POINT('',(0.00370513893152654,-0.00762,-0.00343770983954341));
#5545=CARTESIAN_POINT('',(0.00393449079029986,-0.00762,-0.00365073655036903));
#5546=CARTESIAN_POINT('',(0.00393987750464482,-0.00762,-0.00365512345220754));
#5547=CARTESIAN_POINT('',(0.00394456907254892,-0.00762,-0.00365910160571182));
#5548=CARTESIAN_POINT('',(0.0039502200457808,-0.00762,-0.00366363021195108));
#5549=CARTESIAN_POINT('',(0.00395793400864437,-0.00762,-0.00366960083767342));
#5550=CARTESIAN_POINT('',(0.0039674043637168,-0.00762,-0.00367661812528838));
#5551=CARTESIAN_POINT('',(0.00397879159336407,-0.00762,-0.00368471349228324));
#5552=CARTESIAN_POINT('',(0.00399210584360622,-0.00762,-0.00369378165108443));
#5553=CARTESIAN_POINT('',(0.00400740065822192,-0.00762,-0.00370375754569797));
#5554=CARTESIAN_POINT('',(0.00402471370103255,-0.00762,-0.00371456233557478));
#5555=CARTESIAN_POINT('',(0.00404408444115676,-0.00762,-0.00372611963062223));
#5556=CARTESIAN_POINT('',(0.00406554887940138,-0.00762,-0.00373835076846227));
#5557=CARTESIAN_POINT('',(0.00408914104146125,-0.00762,-0.0037511762677987));
#5558=CARTESIAN_POINT('',(0.00411489250376109,-0.00762,-0.00376451548530867));
#5559=CARTESIAN_POINT('',(0.00414283249063847,-0.00762,-0.00377828679337579));
#5560=CARTESIAN_POINT('',(0.0041729878101169,-0.00762,-0.00379240760976838));
#5561=CARTESIAN_POINT('',(0.00420538283802032,-0.00762,-0.00380679447068057));
#5562=CARTESIAN_POINT('',(0.00424003949055944,-0.00762,-0.00382136309243854));
#5563=CARTESIAN_POINT('',(0.00427697720232599,-0.00762,-0.0038360284372848));
#5564=CARTESIAN_POINT('',(0.00431621290489978,-0.00762,-0.00385070477880042));
#5565=CARTESIAN_POINT('',(0.00435776100739326,-0.00762,-0.0038653057681751));
#5566=CARTESIAN_POINT('',(0.00440163337865461,-0.00762,-0.00387974450082075));
#5567=CARTESIAN_POINT('',(0.00444783933087361,-0.00762,-0.00389393358381737));
#5568=CARTESIAN_POINT('',(0.00449638560599179,-0.00762,-0.00390778520243807));
#5569=CARTESIAN_POINT('',(0.00454727635944321,-0.00762,-0.00392121119221254));
#5570=CARTESIAN_POINT('',(0.00460051316237684,-0.00762,-0.00393412309147389));
#5571=CARTESIAN_POINT('',(0.00465609494102512,-0.00762,-0.00394643227056293));
#5572=CARTESIAN_POINT('',(0.00471401816577041,-0.00762,-0.00395804976796259));
#5573=CARTESIAN_POINT('',(0.00477427609033014,-0.00762,-0.00396888725221867));
#5574=CARTESIAN_POINT('',(0.00483686164056451,-0.00762,-0.00397885366921055));
#5575=CARTESIAN_POINT('',(0.00490175633388664,-0.00762,-0.00398786841492515));
#5576=CARTESIAN_POINT('',(0.00496897266228824,-0.00762,-0.00399581127234928));
#5577=CARTESIAN_POINT('',(0.00503158914855752,-0.00762,-0.00400203766987928));
#5578=CARTESIAN_POINT('',(0.00507215280278246,-0.00762,-0.00400518111297371));
#5579=CARTESIAN_POINT('',(0.00508918785361423,-0.00762,-0.00400645678755588));
#5580=CARTESIAN_POINT('',(0.00371348527353625,-0.00762,-0.0034454389991776));
#5581=CARTESIAN_POINT('',(0.00371348527353625,0.,-0.0034454389991776));
#5582=CARTESIAN_POINT('',(-3.06026734529613E-17,-0.00762,3.31370468949917E-17));
#5583=CARTESIAN_POINT('',(-3.06026734529613E-17,0.,3.31370468949917E-17));
#5584=CARTESIAN_POINT('',(0.00308592171627924,0.,-0.00362746377114868));
#5585=CARTESIAN_POINT('',(0.00328502549029558,0.,-0.00344818992778941));
#5586=CARTESIAN_POINT('',(0.00328502549029558,-0.00762,-0.00344818992778941));
#5587=CARTESIAN_POINT('',(0.00328502549029558,-0.00762,-0.00344818992778941));
#5588=CARTESIAN_POINT('',(-3.06026734529613E-17,-0.00762,3.31370468949917E-17));
#5589=CARTESIAN_POINT('',(0.00308592171627924,-0.00762,-0.00362746377114868));
#5590=CARTESIAN_POINT('',(0.00308592171627924,-0.00762,-0.00362746377114868));
#5591=CARTESIAN_POINT('',(0.00328854107011447,-0.00381,-0.00386564037864119));
#5592=CARTESIAN_POINT('',(0.00328854107011447,-0.00762,-0.00386564037864119));
#5593=CARTESIAN_POINT('',(0.00328854107011447,0.,-0.00386564037864119));
#5594=CARTESIAN_POINT('',(0.00350071785172674,-0.00381,-0.00367459554637142));
#5595=CARTESIAN_POINT('',(0.00350071785172674,-0.00762,-0.00367459554637142));
#5596=CARTESIAN_POINT('',(0.00350071785172674,0.,-0.00367459554637142));
#5597=CARTESIAN_POINT('',(-0.00502945094166161,-0.00762,-0.000604686826910594));
#5598=CARTESIAN_POINT('',(-0.00502945094166161,0.,-0.000604686826910594));
#5599=CARTESIAN_POINT('',(-0.00516270540961929,-0.00762,-0.000620756018656752));
#5600=CARTESIAN_POINT('',(-0.00516270540961929,-8.67361737988404E-19,-0.000620756018656752));
#5601=CARTESIAN_POINT('',(-0.00532942631136692,-0.00762,-0.00064075397854812));
#5602=CARTESIAN_POINT('',(-0.00532942631136692,0.,-0.00064075397854812));
#5603=CARTESIAN_POINT('',(-0.00533765154227504,-0.00762,-0.000641490432533483));
#5604=CARTESIAN_POINT('',(-0.00533765154227504,2.60208521396521E-18,-0.000641490432533483));
#5605=CARTESIAN_POINT('',(-0.00536535872844083,-0.00762,-0.000642798055777197));
#5606=CARTESIAN_POINT('',(-0.00536535872844083,-4.33680868994202E-18,-0.000642798055777197));
#5607=CARTESIAN_POINT('',(-0.00540599938071679,-0.00762,-0.000642071525422912));
#5608=CARTESIAN_POINT('',(-0.00540599938071679,0.,-0.000642071525422912));
#5609=CARTESIAN_POINT('',(-0.00548562516724281,-0.00762,-0.000636032251388891));
#5610=CARTESIAN_POINT('',(-0.00548562516724281,0.,-0.000636032251388891));
#5611=CARTESIAN_POINT('',(-0.0056015668286856,-0.00762,-0.000618176498043675));
#5612=CARTESIAN_POINT('',(-0.0056015668286856,8.67361737988404E-19,-0.000618176498043675));
#5613=CARTESIAN_POINT('',(-0.00581052673252963,-0.00762,-0.00056671303491193));
#5614=CARTESIAN_POINT('',(-0.00581052673252963,-2.60208521396521E-18,-0.00056671303491193));
#5615=CARTESIAN_POINT('',(-0.0061011893107113,-0.00761999999999999,-0.000459064762685088));
#5616=CARTESIAN_POINT('',(-0.0061011893107113,5.20417042793042E-18,-0.000459064762685088));
#5617=CARTESIAN_POINT('',(-0.00634795274599274,-0.00762,-0.000326715779653417));
#5618=CARTESIAN_POINT('',(-0.00634795274599274,-8.67361737988404E-19,-0.000326715779653417));
#5619=CARTESIAN_POINT('',(-0.0064721756748129,-0.00762,-0.000249942061861132));
#5620=CARTESIAN_POINT('',(-0.0064721756748129,0.,-0.000249942061861132));
#5621=CARTESIAN_POINT('',(-0.00472846508367445,-0.00762,-0.000568352181725004));
#5622=CARTESIAN_POINT('',(-0.00501815550746955,-0.00762,-0.000603339660274602));
#5623=CARTESIAN_POINT('',(-0.00532891901787632,-0.00762,-0.000640872249415501));
#5624=CARTESIAN_POINT('',(-0.00533585551752916,-0.00762,-0.00064125509630523));
#5625=CARTESIAN_POINT('',(-0.00534198937565502,-0.00762,-0.000641715855672269));
#5626=CARTESIAN_POINT('',(-0.00534922295699524,-0.00762,-0.000642058016353862));
#5627=CARTESIAN_POINT('',(-0.00535897312979241,-0.00762,-0.000642354200422346));
#5628=CARTESIAN_POINT('',(-0.00537075946615992,-0.00762,-0.000642464770311716));
#5629=CARTESIAN_POINT('',(-0.00538473026579489,-0.00762,-0.000642320814135129));
#5630=CARTESIAN_POINT('',(-0.00540083185051693,-0.00762,-0.000641831188775315));
#5631=CARTESIAN_POINT('',(-0.00541906929919911,-0.00762,-0.000640911790584111));
#5632=CARTESIAN_POINT('',(-0.00543942674120097,-0.00762,-0.000639476697978705));
#5633=CARTESIAN_POINT('',(-0.00546189120674036,-0.00762,-0.000637440910710094));
#5634=CARTESIAN_POINT('',(-0.00548644558449609,-0.00762,-0.000634719628834298));
#5635=CARTESIAN_POINT('',(-0.00551307068389982,-0.00762,-0.00063122855083033));
#5636=CARTESIAN_POINT('',(-0.00554174464985988,-0.00762,-0.000626883874722742));
#5637=CARTESIAN_POINT('',(-0.00557244314585292,-0.00762,-0.000621602384748053));
#5638=CARTESIAN_POINT('',(-0.00560513931940767,-0.00762,-0.000615301513116518));
#5639=CARTESIAN_POINT('',(-0.00563980383218575,-0.00762,-0.000607899408440957));
#5640=CARTESIAN_POINT('',(-0.00567640487407361,-0.00762,-0.000599315001771443));
#5641=CARTESIAN_POINT('',(-0.00571490818404649,-0.00762,-0.000589468072750629));
#5642=CARTESIAN_POINT('',(-0.00575527707131542,-0.00762,-0.000578279315115817));
#5643=CARTESIAN_POINT('',(-0.00579747243853999,-0.00762,-0.000565670401748216));
#5644=CARTESIAN_POINT('',(-0.00584145280658486,-0.00762,-0.000551564049025259));
#5645=CARTESIAN_POINT('',(-0.00588717434090027,-0.00762,-0.000535884081021664));
#5646=CARTESIAN_POINT('',(-0.00593459087963011,-0.00762,-0.000518555491317212));
#5647=CARTESIAN_POINT('',(-0.00598365396281571,-0.00762,-0.00049950451085427));
#5648=CARTESIAN_POINT('',(-0.00603431286508012,-0.00762,-0.00047865864914277));
#5649=CARTESIAN_POINT('',(-0.00608651462252052,-0.00762,-0.000455946834426962));
#5650=CARTESIAN_POINT('',(-0.00614020408934853,-0.00762,-0.000431299169984887));
#5651=CARTESIAN_POINT('',(-0.0061953238877808,-0.00762,-0.000404648159534363));
#5652=CARTESIAN_POINT('',(-0.00625181477444873,-0.00762,-0.000375924296819453));
#5653=CARTESIAN_POINT('',(-0.0063096144187753,-0.00762,-0.000345073235615742));
#5654=CARTESIAN_POINT('',(-0.00636866226520665,-0.00762,-0.000311990375708052));
#5655=CARTESIAN_POINT('',(-0.00642297985136958,-0.00762,-0.000280222589944102));
#5656=CARTESIAN_POINT('',(-0.00645764420648384,-0.00762,-0.000258922971095834));
#5657=CARTESIAN_POINT('',(-0.0064721756748129,-0.00762,-0.000249942061861132));
#5658=CARTESIAN_POINT('',(-0.00502945092604185,-0.00762,-0.000604686825027003));
#5659=CARTESIAN_POINT('',(-0.00472846508367445,0.,-0.000568352181725004));
#5660=CARTESIAN_POINT('',(-0.00501815550746955,0.,-0.000603339660274602));
#5661=CARTESIAN_POINT('',(-0.00532891901787632,0.,-0.000640872249415501));
#5662=CARTESIAN_POINT('',(-0.00533585551752916,0.,-0.00064125509630523));
#5663=CARTESIAN_POINT('',(-0.00534198937565502,0.,-0.000641715855672269));
#5664=CARTESIAN_POINT('',(-0.00534922295699524,0.,-0.000642058016353862));
#5665=CARTESIAN_POINT('',(-0.00535897312979241,0.,-0.000642354200422346));
#5666=CARTESIAN_POINT('',(-0.00537075946615992,0.,-0.000642464770311716));
#5667=CARTESIAN_POINT('',(-0.00538473026579489,0.,-0.000642320814135129));
#5668=CARTESIAN_POINT('',(-0.00540083185051693,0.,-0.000641831188775315));
#5669=CARTESIAN_POINT('',(-0.00541906929919911,0.,-0.000640911790584111));
#5670=CARTESIAN_POINT('',(-0.00543942674120097,0.,-0.000639476697978705));
#5671=CARTESIAN_POINT('',(-0.00546189120674036,0.,-0.000637440910710094));
#5672=CARTESIAN_POINT('',(-0.00548644558449609,0.,-0.000634719628834298));
#5673=CARTESIAN_POINT('',(-0.00551307068389982,0.,-0.00063122855083033));
#5674=CARTESIAN_POINT('',(-0.00554174464985988,0.,-0.000626883874722742));
#5675=CARTESIAN_POINT('',(-0.00557244314585292,0.,-0.000621602384748053));
#5676=CARTESIAN_POINT('',(-0.00560513931940767,0.,-0.000615301513116518));
#5677=CARTESIAN_POINT('',(-0.00563980383218575,0.,-0.000607899408440957));
#5678=CARTESIAN_POINT('',(-0.00567640487407361,0.,-0.000599315001771443));
#5679=CARTESIAN_POINT('',(-0.00571490818404649,0.,-0.000589468072750629));
#5680=CARTESIAN_POINT('',(-0.00575527707131542,0.,-0.000578279315115817));
#5681=CARTESIAN_POINT('',(-0.00579747243853999,0.,-0.000565670401748216));
#5682=CARTESIAN_POINT('',(-0.00584145280658486,0.,-0.000551564049025259));
#5683=CARTESIAN_POINT('',(-0.00588717434090027,0.,-0.000535884081021664));
#5684=CARTESIAN_POINT('',(-0.00593459087963011,0.,-0.000518555491317212));
#5685=CARTESIAN_POINT('',(-0.00598365396281571,0.,-0.00049950451085427));
#5686=CARTESIAN_POINT('',(-0.00603431286508012,0.,-0.00047865864914277));
#5687=CARTESIAN_POINT('',(-0.00608651462252052,0.,-0.000455946834426962));
#5688=CARTESIAN_POINT('',(-0.00614020408934853,0.,-0.000431299169984887));
#5689=CARTESIAN_POINT('',(-0.0061953238877808,0.,-0.000404648159534363));
#5690=CARTESIAN_POINT('',(-0.00625181477444873,0.,-0.000375924296819453));
#5691=CARTESIAN_POINT('',(-0.0063096144187753,0.,-0.000345073235615742));
#5692=CARTESIAN_POINT('',(-0.00636866226520665,0.,-0.000311990375708052));
#5693=CARTESIAN_POINT('',(-0.00642297985136958,0.,-0.000280222589944102));
#5694=CARTESIAN_POINT('',(-0.00645764420648384,0.,-0.000258922971095834));
#5695=CARTESIAN_POINT('',(-0.0064721756748129,0.,-0.000249942061861132));
#5696=CARTESIAN_POINT('',(-0.00502945092604185,0.,-0.000604686825027003));
#5697=CARTESIAN_POINT('',(-0.00502945092604185,-0.00762,-0.000604686825027003));
#5698=CARTESIAN_POINT('',(-0.00484058035228104,-0.00762,-0.00149325308850538));
#5699=CARTESIAN_POINT('',(-0.00484058035228104,0.,-0.00149325308850538));
#5700=CARTESIAN_POINT('',(-0.00496885029530214,-0.00762,-0.00153277262634965));
#5701=CARTESIAN_POINT('',(-0.00496885029530214,0.,-0.00153277262634965));
#5702=CARTESIAN_POINT('',(-0.00512929132086235,-0.00762,-0.00158231508083617));
#5703=CARTESIAN_POINT('',(-0.00512929132086235,0.,-0.00158231508083617));
#5704=CARTESIAN_POINT('',(-0.0051371049860183,-0.00762,-0.00158498779945117));
#5705=CARTESIAN_POINT('',(-0.0051371049860183,8.67361737988404E-19,-0.00158498779945117));
#5706=CARTESIAN_POINT('',(-0.00516294861837266,-0.00762,-0.00159506275406671));
#5707=CARTESIAN_POINT('',(-0.00516294861837266,-2.60208521396521E-18,-0.00159506275406671));
#5708=CARTESIAN_POINT('',(-0.00519978019513761,-0.00762,-0.00161225651505085));
#5709=CARTESIAN_POINT('',(-0.00519978019513761,8.67361737988404E-19,-0.00161225651505085));
#5710=CARTESIAN_POINT('',(-0.00527006557668246,-0.00762,-0.00165016039152595));
#5711=CARTESIAN_POINT('',(-0.00527006557668246,0.,-0.00165016039152595));
#5712=CARTESIAN_POINT('',(-0.00536872096566984,-0.00762,-0.00171363015605513));
#5713=CARTESIAN_POINT('',(-0.00536872096566984,8.67361737988404E-19,-0.00171363015605513));
#5714=CARTESIAN_POINT('',(-0.00553868326042072,-0.00762,-0.00184563601886066));
#5715=CARTESIAN_POINT('',(-0.00553868326042072,-2.60208521396521E-18,-0.00184563601886066));
#5716=CARTESIAN_POINT('',(-0.00576043224154684,-0.00762,-0.00206220073029395));
#5717=CARTESIAN_POINT('',(-0.00576043224154684,2.60208521396521E-18,-0.00206220073029395));
#5718=CARTESIAN_POINT('',(-0.00593203067588766,-0.00762,-0.00228347527386633));
#5719=CARTESIAN_POINT('',(-0.00593203067588766,0.,-0.00228347527386633));
#5720=CARTESIAN_POINT('',(-0.0060142872839951,-0.00762,-0.00240413757208319));
#5721=CARTESIAN_POINT('',(-0.0060142872839951,0.,-0.00240413757208319));
#5722=CARTESIAN_POINT('',(-0.00455083745729207,0.,-0.00140402446107874));
#5723=CARTESIAN_POINT('',(-0.00482971351764759,0.,-0.00148988951948101));
#5724=CARTESIAN_POINT('',(-0.00512887599029388,0.,-0.00158200070017108));
#5725=CARTESIAN_POINT('',(-0.00513536851590242,0.,-0.00158447228071749));
#5726=CARTESIAN_POINT('',(-0.00514115948184933,0.,-0.00158654622095388));
#5727=CARTESIAN_POINT('',(-0.0051479068565122,0.,-0.00158917580420916));
#5728=CARTESIAN_POINT('',(-0.00515693455149603,0.,-0.0015928709791517));
#5729=CARTESIAN_POINT('',(-0.00516774687837245,0.,-0.0015975639034198));
#5730=CARTESIAN_POINT('',(-0.00518045128666659,0.,-0.00160337785007564));
#5731=CARTESIAN_POINT('',(-0.00519496166767505,0.,-0.00161037424961708));
#5732=CARTESIAN_POINT('',(-0.0052112484531437,0.,-0.00161863200031368));
#5733=CARTESIAN_POINT('',(-0.00522926219706489,0.,-0.00162822314026608));
#5734=CARTESIAN_POINT('',(-0.00524895647823713,0.,-0.00163922004578004));
#5735=CARTESIAN_POINT('',(-0.00527028117344609,0.,-0.00165169322565782));
#5736=CARTESIAN_POINT('',(-0.00529318446271759,0.,-0.00166571188766365));
#5737=CARTESIAN_POINT('',(-0.00531761229509775,0.,-0.00168134369944493));
#5738=CARTESIAN_POINT('',(-0.00534350859116592,0.,-0.00169865478382858));
#5739=CARTESIAN_POINT('',(-0.00537081523662329,0.,-0.00171770964835984));
#5740=CARTESIAN_POINT('',(-0.00539947213760567,0.,-0.00173857113502441));
#5741=CARTESIAN_POINT('',(-0.00542941726041575,0.,-0.00176130036565445));
#5742=CARTESIAN_POINT('',(-0.00546058667749115,0.,-0.00178595668997881));
#5743=CARTESIAN_POINT('',(-0.00549291461336519,0.,-0.00181259763438523));
#5744=CARTESIAN_POINT('',(-0.00552633349233079,0.,-0.00184127885193628));
#5745=CARTESIAN_POINT('',(-0.00556077398723105,0.,-0.00187205407365005));
#5746=CARTESIAN_POINT('',(-0.00559616506967203,0.,-0.00190497506057944));
#5747=CARTESIAN_POINT('',(-0.00563243406084017,0.,-0.00194009155878054));
#5748=CARTESIAN_POINT('',(-0.00566950668578153,0.,-0.00197745124919997));
#5749=CARTESIAN_POINT('',(-0.00570730712001978,0.,-0.00201709972332609));
#5750=CARTESIAN_POINT('',(-0.00574575807113475,0.,-0.0020590803660785));
#5751=CARTESIAN_POINT('',(-0.00578478073138391,0.,-0.00210343460147721));
#5752=CARTESIAN_POINT('',(-0.00582429523034265,0.,-0.00215020075279723));
#5753=CARTESIAN_POINT('',(-0.00586421917575951,0.,-0.00219941822071407));
#5754=CARTESIAN_POINT('',(-0.00590447352121808,0.,-0.00225111130084454));
#5755=CARTESIAN_POINT('',(-0.00594496040172682,0.,-0.00230535092007738));
#5756=CARTESIAN_POINT('',(-0.0059816608632965,0.,-0.00235646518911729));
#5757=CARTESIAN_POINT('',(-0.0060046649919841,0.,-0.0023900226225992));
#5758=CARTESIAN_POINT('',(-0.0060142872839951,0.,-0.00240413757208319));
#5759=CARTESIAN_POINT('',(-0.00484058033724556,0.,-0.001493253083873));
#5760=CARTESIAN_POINT('',(-0.00455083745729207,-0.00762,-0.00140402446107874));
#5761=CARTESIAN_POINT('',(-0.00482971351764759,-0.00762,-0.00148988951948101));
#5762=CARTESIAN_POINT('',(-0.00512887599029388,-0.00762,-0.00158200070017108));
#5763=CARTESIAN_POINT('',(-0.00513536851590242,-0.00762,-0.00158447228071749));
#5764=CARTESIAN_POINT('',(-0.00514115948184933,-0.00762,-0.00158654622095388));
#5765=CARTESIAN_POINT('',(-0.0051479068565122,-0.00762,-0.00158917580420916));
#5766=CARTESIAN_POINT('',(-0.00515693455149603,-0.00762,-0.0015928709791517));
#5767=CARTESIAN_POINT('',(-0.00516774687837245,-0.00762,-0.0015975639034198));
#5768=CARTESIAN_POINT('',(-0.00518045128666659,-0.00762,-0.00160337785007564));
#5769=CARTESIAN_POINT('',(-0.00519496166767505,-0.00762,-0.00161037424961708));
#5770=CARTESIAN_POINT('',(-0.0052112484531437,-0.00762,-0.00161863200031368));
#5771=CARTESIAN_POINT('',(-0.00522926219706489,-0.00762,-0.00162822314026608));
#5772=CARTESIAN_POINT('',(-0.00524895647823713,-0.00762,-0.00163922004578004));
#5773=CARTESIAN_POINT('',(-0.00527028117344609,-0.00762,-0.00165169322565782));
#5774=CARTESIAN_POINT('',(-0.00529318446271759,-0.00762,-0.00166571188766365));
#5775=CARTESIAN_POINT('',(-0.00531761229509775,-0.00762,-0.00168134369944493));
#5776=CARTESIAN_POINT('',(-0.00534350859116592,-0.00762,-0.00169865478382858));
#5777=CARTESIAN_POINT('',(-0.00537081523662329,-0.00762,-0.00171770964835984));
#5778=CARTESIAN_POINT('',(-0.00539947213760567,-0.00762,-0.00173857113502441));
#5779=CARTESIAN_POINT('',(-0.00542941726041575,-0.00762,-0.00176130036565445));
#5780=CARTESIAN_POINT('',(-0.00546058667749115,-0.00762,-0.00178595668997881));
#5781=CARTESIAN_POINT('',(-0.00549291461336519,-0.00762,-0.00181259763438523));
#5782=CARTESIAN_POINT('',(-0.00552633349233079,-0.00762,-0.00184127885193628));
#5783=CARTESIAN_POINT('',(-0.00556077398723105,-0.00762,-0.00187205407365005));
#5784=CARTESIAN_POINT('',(-0.00559616506967203,-0.00762,-0.00190497506057944));
#5785=CARTESIAN_POINT('',(-0.00563243406084017,-0.00762,-0.00194009155878054));
#5786=CARTESIAN_POINT('',(-0.00566950668578153,-0.00762,-0.00197745124919997));
#5787=CARTESIAN_POINT('',(-0.00570730712001978,-0.00762,-0.00201709972332609));
#5788=CARTESIAN_POINT('',(-0.00574575807113475,-0.00762,-0.0020590803660785));
#5789=CARTESIAN_POINT('',(-0.00578478073138391,-0.00762,-0.00210343460147721));
#5790=CARTESIAN_POINT('',(-0.00582429523034265,-0.00762,-0.00215020075279723));
#5791=CARTESIAN_POINT('',(-0.00586421917575951,-0.00762,-0.00219941822071407));
#5792=CARTESIAN_POINT('',(-0.00590447352121808,-0.00762,-0.00225111130084454));
#5793=CARTESIAN_POINT('',(-0.00594496040172682,-0.00762,-0.00230535092007738));
#5794=CARTESIAN_POINT('',(-0.0059816608632965,-0.00762,-0.00235646518911729));
#5795=CARTESIAN_POINT('',(-0.0060046649919841,-0.00762,-0.0023900226225992));
#5796=CARTESIAN_POINT('',(-0.0060142872839951,-0.00762,-0.00240413757208319));
#5797=CARTESIAN_POINT('',(-0.00484058033724556,-0.00762,-0.001493253083873));
#5798=CARTESIAN_POINT('',(-0.00484058033724556,0.,-0.001493253083873));
#5799=CARTESIAN_POINT('',(4.39988611439397E-17,-0.00762,9.93416918648829E-18));
#5800=CARTESIAN_POINT('',(4.39988611439397E-17,0.,9.93416918648829E-18));
#5801=CARTESIAN_POINT('',(-0.00468443663526208,0.,-0.000858754714813558));
#5802=CARTESIAN_POINT('',(-0.00462873281968704,0.,-0.0011208205627807));
#5803=CARTESIAN_POINT('',(-0.00462873281968704,-0.00762,-0.0011208205627807));
#5804=CARTESIAN_POINT('',(-0.00462873281968704,-0.00762,-0.0011208205627807));
#5805=CARTESIAN_POINT('',(4.39988611439397E-17,-0.00762,9.93416918648829E-18));
#5806=CARTESIAN_POINT('',(-0.00468443663526208,-0.00762,-0.000858754714813558));
#5807=CARTESIAN_POINT('',(-0.00468443663526208,-0.00762,-0.000858754714813558));
#5808=CARTESIAN_POINT('',(-0.00499201330485541,-0.00381,-0.000915139918787002));
#5809=CARTESIAN_POINT('',(-0.00499201330485541,-0.00762,-0.000915139918787002));
#5810=CARTESIAN_POINT('',(-0.00499201330485541,0.,-0.000915139918787002));
#5811=CARTESIAN_POINT('',(-0.00493265201765418,-0.00381,-0.00119441281789134));
#5812=CARTESIAN_POINT('',(-0.00493265201765418,-0.00762,-0.00119441281789134));
#5813=CARTESIAN_POINT('',(-0.00493265201765418,0.,-0.00119441281789134));
#5814=CARTESIAN_POINT('',(-0.00484058035228103,-0.00762,0.00149325308850537));
#5815=CARTESIAN_POINT('',(-0.00484058035228103,0.,0.00149325308850537));
#5816=CARTESIAN_POINT('',(-0.00496885029530213,-0.00762,0.00153277262634964));
#5817=CARTESIAN_POINT('',(-0.00496885029530213,-8.67361737988404E-19,0.00153277262634964));
#5818=CARTESIAN_POINT('',(-0.00512929132086234,-0.00762,0.00158231508083617));
#5819=CARTESIAN_POINT('',(-0.00512929132086234,0.,0.00158231508083617));
#5820=CARTESIAN_POINT('',(-0.0051371049860183,-0.00762,0.00158498779945117));
#5821=CARTESIAN_POINT('',(-0.0051371049860183,0.,0.00158498779945117));
#5822=CARTESIAN_POINT('',(-0.00516294861837265,-0.00762,0.00159506275406671));
#5823=CARTESIAN_POINT('',(-0.00516294861837265,-2.60208521396521E-18,0.00159506275406671));
#5824=CARTESIAN_POINT('',(-0.00519978019513761,-0.00762,0.00161225651505084));
#5825=CARTESIAN_POINT('',(-0.00519978019513761,2.60208521396521E-18,0.00161225651505084));
#5826=CARTESIAN_POINT('',(-0.00527006557668246,-0.00762,0.00165016039152595));
#5827=CARTESIAN_POINT('',(-0.00527006557668246,-1.73472347597681E-18,0.00165016039152595));
#5828=CARTESIAN_POINT('',(-0.00536872096566984,-0.00762,0.00171363015605513));
#5829=CARTESIAN_POINT('',(-0.00536872096566984,2.60208521396521E-18,0.00171363015605513));
#5830=CARTESIAN_POINT('',(-0.00553868326042072,-0.00762,0.00184563601886065));
#5831=CARTESIAN_POINT('',(-0.00553868326042072,-2.60208521396521E-18,0.00184563601886065));
#5832=CARTESIAN_POINT('',(-0.00576043224154684,-0.00762,0.00206220073029395));
#5833=CARTESIAN_POINT('',(-0.00576043224154684,2.60208521396521E-18,0.00206220073029395));
#5834=CARTESIAN_POINT('',(-0.00593203067588766,-0.00762,0.00228347527386633));
#5835=CARTESIAN_POINT('',(-0.00593203067588766,-8.67361737988404E-19,0.00228347527386633));
#5836=CARTESIAN_POINT('',(-0.0060142872839951,-0.00762,0.00240413757208319));
#5837=CARTESIAN_POINT('',(-0.0060142872839951,0.,0.00240413757208319));
#5838=CARTESIAN_POINT('',(-0.00455083745729207,-0.00762,0.00140402446107874));
#5839=CARTESIAN_POINT('',(-0.0048297135176476,-0.00762,0.00148988951948101));
#5840=CARTESIAN_POINT('',(-0.00512887599029388,-0.00762,0.00158200070017108));
#5841=CARTESIAN_POINT('',(-0.00513536851590242,-0.00762,0.00158447228071749));
#5842=CARTESIAN_POINT('',(-0.00514115948184933,-0.00762,0.00158654622095388));
#5843=CARTESIAN_POINT('',(-0.0051479068565122,-0.00762,0.00158917580420916));
#5844=CARTESIAN_POINT('',(-0.00515693455149603,-0.00762,0.0015928709791517));
#5845=CARTESIAN_POINT('',(-0.00516774687837245,-0.00762,0.0015975639034198));
#5846=CARTESIAN_POINT('',(-0.00518045128666659,-0.00762,0.00160337785007563));
#5847=CARTESIAN_POINT('',(-0.00519496166767505,-0.00762,0.00161037424961708));
#5848=CARTESIAN_POINT('',(-0.0052112484531437,-0.00762,0.00161863200031368));
#5849=CARTESIAN_POINT('',(-0.00522926219706489,-0.00762,0.00162822314026608));
#5850=CARTESIAN_POINT('',(-0.00524895647823713,-0.00762,0.00163922004578004));
#5851=CARTESIAN_POINT('',(-0.00527028117344609,-0.00762,0.00165169322565782));
#5852=CARTESIAN_POINT('',(-0.00529318446271759,-0.00762,0.00166571188766365));
#5853=CARTESIAN_POINT('',(-0.00531761229509775,-0.00762,0.00168134369944493));
#5854=CARTESIAN_POINT('',(-0.00534350859116592,-0.00762,0.00169865478382858));
#5855=CARTESIAN_POINT('',(-0.00537081523662329,-0.00762,0.00171770964835984));
#5856=CARTESIAN_POINT('',(-0.00539947213760567,-0.00762,0.00173857113502441));
#5857=CARTESIAN_POINT('',(-0.00542941726041575,-0.00762,0.00176130036565445));
#5858=CARTESIAN_POINT('',(-0.00546058667749115,-0.00762,0.00178595668997881));
#5859=CARTESIAN_POINT('',(-0.00549291461336519,-0.00762,0.00181259763438523));
#5860=CARTESIAN_POINT('',(-0.00552633349233079,-0.00762,0.00184127885193628));
#5861=CARTESIAN_POINT('',(-0.00556077398723105,-0.00762,0.00187205407365005));
#5862=CARTESIAN_POINT('',(-0.00559616506967203,-0.00762,0.00190497506057944));
#5863=CARTESIAN_POINT('',(-0.00563243406084018,-0.00762,0.00194009155878054));
#5864=CARTESIAN_POINT('',(-0.00566950668578153,-0.00762,0.00197745124919997));
#5865=CARTESIAN_POINT('',(-0.00570730712001978,-0.00762,0.00201709972332609));
#5866=CARTESIAN_POINT('',(-0.00574575807113475,-0.00762,0.00205908036607849));
#5867=CARTESIAN_POINT('',(-0.00578478073138391,-0.00762,0.00210343460147721));
#5868=CARTESIAN_POINT('',(-0.00582429523034265,-0.00762,0.00215020075279722));
#5869=CARTESIAN_POINT('',(-0.00586421917575951,-0.00762,0.00219941822071407));
#5870=CARTESIAN_POINT('',(-0.00590447352121808,-0.00762,0.00225111130084454));
#5871=CARTESIAN_POINT('',(-0.00594496040172682,-0.00762,0.00230535092007738));
#5872=CARTESIAN_POINT('',(-0.0059816608632965,-0.00762,0.00235646518911729));
#5873=CARTESIAN_POINT('',(-0.0060046649919841,-0.00762,0.0023900226225992));
#5874=CARTESIAN_POINT('',(-0.0060142872839951,-0.00762,0.00240413757208319));
#5875=CARTESIAN_POINT('',(-0.00484058033724555,-0.00762,0.00149325308387299));
#5876=CARTESIAN_POINT('',(-0.00455083745729207,0.,0.00140402446107874));
#5877=CARTESIAN_POINT('',(-0.0048297135176476,0.,0.00148988951948101));
#5878=CARTESIAN_POINT('',(-0.00512887599029388,0.,0.00158200070017108));
#5879=CARTESIAN_POINT('',(-0.00513536851590242,0.,0.00158447228071749));
#5880=CARTESIAN_POINT('',(-0.00514115948184933,0.,0.00158654622095388));
#5881=CARTESIAN_POINT('',(-0.0051479068565122,0.,0.00158917580420916));
#5882=CARTESIAN_POINT('',(-0.00515693455149603,0.,0.0015928709791517));
#5883=CARTESIAN_POINT('',(-0.00516774687837245,0.,0.0015975639034198));
#5884=CARTESIAN_POINT('',(-0.00518045128666659,0.,0.00160337785007563));
#5885=CARTESIAN_POINT('',(-0.00519496166767505,0.,0.00161037424961708));
#5886=CARTESIAN_POINT('',(-0.0052112484531437,0.,0.00161863200031368));
#5887=CARTESIAN_POINT('',(-0.00522926219706489,0.,0.00162822314026608));
#5888=CARTESIAN_POINT('',(-0.00524895647823713,0.,0.00163922004578004));
#5889=CARTESIAN_POINT('',(-0.00527028117344609,0.,0.00165169322565782));
#5890=CARTESIAN_POINT('',(-0.00529318446271759,0.,0.00166571188766365));
#5891=CARTESIAN_POINT('',(-0.00531761229509775,0.,0.00168134369944493));
#5892=CARTESIAN_POINT('',(-0.00534350859116592,0.,0.00169865478382858));
#5893=CARTESIAN_POINT('',(-0.00537081523662329,0.,0.00171770964835984));
#5894=CARTESIAN_POINT('',(-0.00539947213760567,0.,0.00173857113502441));
#5895=CARTESIAN_POINT('',(-0.00542941726041575,0.,0.00176130036565445));
#5896=CARTESIAN_POINT('',(-0.00546058667749115,0.,0.00178595668997881));
#5897=CARTESIAN_POINT('',(-0.00549291461336519,0.,0.00181259763438523));
#5898=CARTESIAN_POINT('',(-0.00552633349233079,0.,0.00184127885193628));
#5899=CARTESIAN_POINT('',(-0.00556077398723105,0.,0.00187205407365005));
#5900=CARTESIAN_POINT('',(-0.00559616506967203,0.,0.00190497506057944));
#5901=CARTESIAN_POINT('',(-0.00563243406084018,0.,0.00194009155878054));
#5902=CARTESIAN_POINT('',(-0.00566950668578153,0.,0.00197745124919997));
#5903=CARTESIAN_POINT('',(-0.00570730712001978,0.,0.00201709972332609));
#5904=CARTESIAN_POINT('',(-0.00574575807113475,0.,0.00205908036607849));
#5905=CARTESIAN_POINT('',(-0.00578478073138391,0.,0.00210343460147721));
#5906=CARTESIAN_POINT('',(-0.00582429523034265,0.,0.00215020075279722));
#5907=CARTESIAN_POINT('',(-0.00586421917575951,0.,0.00219941822071407));
#5908=CARTESIAN_POINT('',(-0.00590447352121808,0.,0.00225111130084454));
#5909=CARTESIAN_POINT('',(-0.00594496040172682,0.,0.00230535092007738));
#5910=CARTESIAN_POINT('',(-0.0059816608632965,0.,0.00235646518911729));
#5911=CARTESIAN_POINT('',(-0.0060046649919841,0.,0.0023900226225992));
#5912=CARTESIAN_POINT('',(-0.0060142872839951,0.,0.00240413757208319));
#5913=CARTESIAN_POINT('',(-0.00484058033724555,0.,0.00149325308387299));
#5914=CARTESIAN_POINT('',(-0.00484058033724555,-0.00762,0.00149325308387299));
#5915=CARTESIAN_POINT('',(-0.00502945094166162,-0.00762,0.000604686826910594));
#5916=CARTESIAN_POINT('',(-0.00502945094166162,-1.73472347597681E-18,0.000604686826910594));
#5917=CARTESIAN_POINT('',(-0.0051627054096193,-0.00762,0.000620756018656752));
#5918=CARTESIAN_POINT('',(-0.0051627054096193,-1.73472347597681E-18,0.000620756018656752));
#5919=CARTESIAN_POINT('',(-0.00532942631136693,-0.00762,0.00064075397854812));
#5920=CARTESIAN_POINT('',(-0.00532942631136693,-5.20417042793042E-18,0.00064075397854812));
#5921=CARTESIAN_POINT('',(-0.00533765154227505,-0.00762,0.000641490432533482));
#5922=CARTESIAN_POINT('',(-0.00533765154227505,-8.67361737988404E-19,0.000641490432533482));
#5923=CARTESIAN_POINT('',(-0.00536535872844082,-0.00762,0.000642798055777196));
#5924=CARTESIAN_POINT('',(-0.00536535872844082,-4.33680868994202E-18,0.000642798055777196));
#5925=CARTESIAN_POINT('',(-0.00540599938071679,-0.00762,0.000642071525422911));
#5926=CARTESIAN_POINT('',(-0.00540599938071679,-8.67361737988404E-19,0.000642071525422911));
#5927=CARTESIAN_POINT('',(-0.0054856251672428,-0.00762,0.00063603225138889));
#5928=CARTESIAN_POINT('',(-0.0054856251672428,-3.46944695195361E-18,0.00063603225138889));
#5929=CARTESIAN_POINT('',(-0.00560156682868562,-0.00762,0.000618176498043674));
#5930=CARTESIAN_POINT('',(-0.00560156682868562,-8.67361737988404E-19,0.000618176498043674));
#5931=CARTESIAN_POINT('',(-0.00581052673252962,-0.00762,0.000566713034911928));
#5932=CARTESIAN_POINT('',(-0.00581052673252962,-8.67361737988404E-19,0.000566713034911928));
#5933=CARTESIAN_POINT('',(-0.00610118931071131,-0.00762,0.000459064762685087));
#5934=CARTESIAN_POINT('',(-0.00610118931071131,8.67361737988404E-19,0.000459064762685087));
#5935=CARTESIAN_POINT('',(-0.00634795274599274,-0.00762,0.000326715779653415));
#5936=CARTESIAN_POINT('',(-0.00634795274599274,-1.73472347597681E-18,0.000326715779653415));
#5937=CARTESIAN_POINT('',(-0.0064721756748129,-0.00762,0.00024994206186113));
#5938=CARTESIAN_POINT('',(-0.0064721756748129,-1.73472347597681E-18,0.00024994206186113));
#5939=CARTESIAN_POINT('',(-0.00472846508367445,0.,0.000568352181725003));
#5940=CARTESIAN_POINT('',(-0.00501815550746955,0.,0.000603339660274601));
#5941=CARTESIAN_POINT('',(-0.00532891901787632,0.,0.0006408722494155));
#5942=CARTESIAN_POINT('',(-0.00533585551752917,0.,0.000641255096305229));
#5943=CARTESIAN_POINT('',(-0.00534198937565502,0.,0.000641715855672268));
#5944=CARTESIAN_POINT('',(-0.00534922295699524,0.,0.000642058016353861));
#5945=CARTESIAN_POINT('',(-0.00535897312979241,0.,0.000642354200422345));
#5946=CARTESIAN_POINT('',(-0.00537075946615992,0.,0.000642464770311715));
#5947=CARTESIAN_POINT('',(-0.00538473026579489,0.,0.000642320814135128));
#5948=CARTESIAN_POINT('',(-0.00540083185051693,0.,0.000641831188775314));
#5949=CARTESIAN_POINT('',(-0.00541906929919911,0.,0.00064091179058411));
#5950=CARTESIAN_POINT('',(-0.00543942674120097,0.,0.000639476697978703));
#5951=CARTESIAN_POINT('',(-0.00546189120674036,0.,0.000637440910710093));
#5952=CARTESIAN_POINT('',(-0.00548644558449609,0.,0.000634719628834297));
#5953=CARTESIAN_POINT('',(-0.00551307068389982,0.,0.000631228550830328));
#5954=CARTESIAN_POINT('',(-0.00554174464985988,0.,0.000626883874722741));
#5955=CARTESIAN_POINT('',(-0.00557244314585293,0.,0.000621602384748052));
#5956=CARTESIAN_POINT('',(-0.00560513931940768,0.,0.000615301513116517));
#5957=CARTESIAN_POINT('',(-0.00563980383218575,0.,0.000607899408440955));
#5958=CARTESIAN_POINT('',(-0.00567640487407361,0.,0.000599315001771442));
#5959=CARTESIAN_POINT('',(-0.00571490818404649,0.,0.000589468072750628));
#5960=CARTESIAN_POINT('',(-0.00575527707131542,0.,0.000578279315115816));
#5961=CARTESIAN_POINT('',(-0.00579747243853999,0.,0.000565670401748215));
#5962=CARTESIAN_POINT('',(-0.00584145280658486,0.,0.000551564049025257));
#5963=CARTESIAN_POINT('',(-0.00588717434090027,0.,0.000535884081021663));
#5964=CARTESIAN_POINT('',(-0.00593459087963011,0.,0.000518555491317211));
#5965=CARTESIAN_POINT('',(-0.00598365396281571,0.,0.000499504510854268));
#5966=CARTESIAN_POINT('',(-0.00603431286508012,0.,0.000478658649142769));
#5967=CARTESIAN_POINT('',(-0.00608651462252052,0.,0.000455946834426961));
#5968=CARTESIAN_POINT('',(-0.00614020408934854,0.,0.000431299169984885));
#5969=CARTESIAN_POINT('',(-0.0061953238877808,0.,0.000404648159534361));
#5970=CARTESIAN_POINT('',(-0.00625181477444873,0.,0.000375924296819451));
#5971=CARTESIAN_POINT('',(-0.0063096144187753,0.,0.00034507323561574));
#5972=CARTESIAN_POINT('',(-0.00636866226520665,0.,0.000311990375708051));
#5973=CARTESIAN_POINT('',(-0.00642297985136958,0.,0.000280222589944101));
#5974=CARTESIAN_POINT('',(-0.00645764420648384,0.,0.000258922971095833));
#5975=CARTESIAN_POINT('',(-0.0064721756748129,0.,0.00024994206186113));
#5976=CARTESIAN_POINT('',(-0.00502945092604186,0.,0.000604686825027003));
#5977=CARTESIAN_POINT('',(-0.00472846508367445,-0.00762,0.000568352181725003));
#5978=CARTESIAN_POINT('',(-0.00501815550746955,-0.00762,0.000603339660274601));
#5979=CARTESIAN_POINT('',(-0.00532891901787632,-0.00762,0.0006408722494155));
#5980=CARTESIAN_POINT('',(-0.00533585551752917,-0.00762,0.000641255096305229));
#5981=CARTESIAN_POINT('',(-0.00534198937565502,-0.00762,0.000641715855672268));
#5982=CARTESIAN_POINT('',(-0.00534922295699524,-0.00762,0.000642058016353861));
#5983=CARTESIAN_POINT('',(-0.00535897312979241,-0.00762,0.000642354200422345));
#5984=CARTESIAN_POINT('',(-0.00537075946615992,-0.00762,0.000642464770311715));
#5985=CARTESIAN_POINT('',(-0.00538473026579489,-0.00762,0.000642320814135128));
#5986=CARTESIAN_POINT('',(-0.00540083185051693,-0.00762,0.000641831188775314));
#5987=CARTESIAN_POINT('',(-0.00541906929919911,-0.00762,0.00064091179058411));
#5988=CARTESIAN_POINT('',(-0.00543942674120097,-0.00762,0.000639476697978703));
#5989=CARTESIAN_POINT('',(-0.00546189120674036,-0.00762,0.000637440910710093));
#5990=CARTESIAN_POINT('',(-0.00548644558449609,-0.00762,0.000634719628834297));
#5991=CARTESIAN_POINT('',(-0.00551307068389982,-0.00762,0.000631228550830328));
#5992=CARTESIAN_POINT('',(-0.00554174464985988,-0.00762,0.000626883874722741));
#5993=CARTESIAN_POINT('',(-0.00557244314585293,-0.00762,0.000621602384748052));
#5994=CARTESIAN_POINT('',(-0.00560513931940768,-0.00762,0.000615301513116517));
#5995=CARTESIAN_POINT('',(-0.00563980383218575,-0.00762,0.000607899408440955));
#5996=CARTESIAN_POINT('',(-0.00567640487407361,-0.00762,0.000599315001771442));
#5997=CARTESIAN_POINT('',(-0.00571490818404649,-0.00762,0.000589468072750628));
#5998=CARTESIAN_POINT('',(-0.00575527707131542,-0.00762,0.000578279315115816));
#5999=CARTESIAN_POINT('',(-0.00579747243853999,-0.00762,0.000565670401748215));
#6000=CARTESIAN_POINT('',(-0.00584145280658486,-0.00762,0.000551564049025257));
#6001=CARTESIAN_POINT('',(-0.00588717434090027,-0.00762,0.000535884081021663));
#6002=CARTESIAN_POINT('',(-0.00593459087963011,-0.00762,0.000518555491317211));
#6003=CARTESIAN_POINT('',(-0.00598365396281571,-0.00762,0.000499504510854268));
#6004=CARTESIAN_POINT('',(-0.00603431286508012,-0.00762,0.000478658649142769));
#6005=CARTESIAN_POINT('',(-0.00608651462252052,-0.00762,0.000455946834426961));
#6006=CARTESIAN_POINT('',(-0.00614020408934854,-0.00762,0.000431299169984885));
#6007=CARTESIAN_POINT('',(-0.0061953238877808,-0.00762,0.000404648159534361));
#6008=CARTESIAN_POINT('',(-0.00625181477444873,-0.00762,0.000375924296819451));
#6009=CARTESIAN_POINT('',(-0.0063096144187753,-0.00762,0.00034507323561574));
#6010=CARTESIAN_POINT('',(-0.00636866226520665,-0.00762,0.000311990375708051));
#6011=CARTESIAN_POINT('',(-0.00642297985136958,-0.00762,0.000280222589944101));
#6012=CARTESIAN_POINT('',(-0.00645764420648384,-0.00762,0.000258922971095833));
#6013=CARTESIAN_POINT('',(-0.0064721756748129,-0.00762,0.00024994206186113));
#6014=CARTESIAN_POINT('',(-0.00502945092604186,-0.00762,0.000604686825027003));
#6015=CARTESIAN_POINT('',(-0.00502945092604186,0.,0.000604686825027003));
#6016=CARTESIAN_POINT('',(4.4235550366153E-17,-0.00762,-8.82063394507485E-18));
#6017=CARTESIAN_POINT('',(4.4235550366153E-17,0.,-8.82063394507485E-18));
#6018=CARTESIAN_POINT('',(-0.00462873281968704,0.,0.0011208205627807));
#6019=CARTESIAN_POINT('',(-0.00468443663526208,0.,0.000858754714813557));
#6020=CARTESIAN_POINT('',(-0.00468443663526208,-0.00762,0.000858754714813557));
#6021=CARTESIAN_POINT('',(-0.00468443663526208,-0.00762,0.000858754714813557));
#6022=CARTESIAN_POINT('',(4.4235550366153E-17,-0.00762,-8.82063394507485E-18));
#6023=CARTESIAN_POINT('',(-0.00462873281968704,-0.00762,0.0011208205627807));
#6024=CARTESIAN_POINT('',(-0.00462873281968704,-0.00762,0.0011208205627807));
#6025=CARTESIAN_POINT('',(-0.00493265201765417,-0.00381,0.00119441281789134));
#6026=CARTESIAN_POINT('',(-0.00493265201765417,-0.00762,0.00119441281789134));
#6027=CARTESIAN_POINT('',(-0.00493265201765417,0.,0.00119441281789134));
#6028=CARTESIAN_POINT('',(-0.00499201330485541,-0.00381,0.000915139918787002));
#6029=CARTESIAN_POINT('',(-0.00499201330485541,-0.00762,0.000915139918787002));
#6030=CARTESIAN_POINT('',(-0.00499201330485541,0.,0.000915139918787002));
#6031=CARTESIAN_POINT('',(-0.00212927716039968,-0.00762,0.00459643358566403));
#6032=CARTESIAN_POINT('',(-0.00212927716039968,0.,0.00459643358566403));
#6033=CARTESIAN_POINT('',(-0.00218573776509677,-0.00762,0.0047182004624052));
#6034=CARTESIAN_POINT('',(-0.00218573776509677,-8.67361737988404E-19,0.0047182004624052));
#6035=CARTESIAN_POINT('',(-0.0022562765471216,-0.00762,0.00487058175295563));
#6036=CARTESIAN_POINT('',(-0.0022562765471216,0.,0.00487058175295563));
#6037=CARTESIAN_POINT('',(-0.0022595186926166,-0.00762,0.00487817683561177));
#6038=CARTESIAN_POINT('',(-0.0022595186926166,0.,0.00487817683561177));
#6039=CARTESIAN_POINT('',(-0.00226932430761493,-0.00762,0.0049041238577584));
#6040=CARTESIAN_POINT('',(-0.00226932430761493,-8.67361737988404E-19,0.0049041238577584));
#6041=CARTESIAN_POINT('',(-0.00228119198840296,-0.00762,0.00494299992515835));
#6042=CARTESIAN_POINT('',(-0.00228119198840296,0.,0.00494299992515835));
#6043=CARTESIAN_POINT('',(-0.00230005401870622,-0.00762,0.00502059478660923));
#6044=CARTESIAN_POINT('',(-0.00230005401870622,-1.73472347597681E-18,0.00502059478660923));
#6045=CARTESIAN_POINT('',(-0.00231890013187579,-0.00762,0.00513637959046555));
#6046=CARTESIAN_POINT('',(-0.00231890013187579,8.67361737988404E-19,0.00513637959046555));
#6047=CARTESIAN_POINT('',(-0.00233452763134398,-0.00762,0.00535101535335788));
#6048=CARTESIAN_POINT('',(-0.00233452763134398,-8.67361737988404E-19,0.00535101535335788));
#6049=CARTESIAN_POINT('',(-0.00232196771686172,-0.00762,0.00566071703791397));
#6050=CARTESIAN_POINT('',(-0.00232196771686172,2.60208521396521E-18,0.00566071703791397));
#6051=CARTESIAN_POINT('',(-0.00227235044921668,-0.00762,0.00593630109596667));
#6052=CARTESIAN_POINT('',(-0.00227235044921668,-8.67361737988404E-19,0.00593630109596667));
#6053=CARTESIAN_POINT('',(-0.0022377213007266,-0.00762,0.00607816850541359));
#6054=CARTESIAN_POINT('',(-0.0022377213007266,0.,0.00607816850541359));
#6055=CARTESIAN_POINT('',(-0.00200171111414409,-0.00762,0.00432140704695959));
#6056=CARTESIAN_POINT('',(-0.00212450544766779,-0.00762,0.00458610728675607));
#6057=CARTESIAN_POINT('',(-0.00225623226709098,-0.00762,0.00487006274046776));
#6058=CARTESIAN_POINT('',(-0.00225873987239441,-0.00762,0.0048765414374677));
#6059=CARTESIAN_POINT('',(-0.00226107354699484,-0.00762,0.00488223270073359));
#6060=CARTESIAN_POINT('',(-0.00226363426070501,-0.00762,0.00488900651193795));
#6061=CARTESIAN_POINT('',(-0.00226692891758579,-0.00762,0.00489818795140107));
#6062=CARTESIAN_POINT('',(-0.00227067625403856,-0.00762,0.00490936325543175));
#6063=CARTESIAN_POINT('',(-0.00227485655809097,-0.00762,0.00492269476036746));
#6064=CARTESIAN_POINT('',(-0.00227936656001745,-0.00762,0.0049381595799971));
#6065=CARTESIAN_POINT('',(-0.00228412784195348,-0.00762,0.00495578853407256));
#6066=CARTESIAN_POINT('',(-0.00228905378332019,-0.00762,0.0049755930799471));
#6067=CARTESIAN_POINT('',(-0.00229405953619381,-0.00762,0.00499758714914636));
#6068=CARTESIAN_POINT('',(-0.00229905916334598,-0.00762,0.00502178067246062));
#6069=CARTESIAN_POINT('',(-0.00230396655905409,-0.00762,0.00504818144917746));
#6070=CARTESIAN_POINT('',(-0.00230869526930856,-0.00762,0.0050767945901041));
#6071=CARTESIAN_POINT('',(-0.00231315863081599,-0.00762,0.00510762266491655));
#6072=CARTESIAN_POINT('',(-0.00231726981907193,-0.00762,0.00514066565024723));
#6073=CARTESIAN_POINT('',(-0.00232094192273609,-0.00762,0.00517592093714791));
#6074=CARTESIAN_POINT('',(-0.0023240880107897,-0.00762,0.00521338332408605));
#6075=CARTESIAN_POINT('',(-0.00232662120190027,-0.00762,0.00525304501634452));
#6076=CARTESIAN_POINT('',(-0.00232845473325253,-0.00762,0.00529489562589232));
#6077=CARTESIAN_POINT('',(-0.00232950202958716,-0.00762,0.00533892217335991));
#6078=CARTESIAN_POINT('',(-0.00232967677205356,-0.00762,0.00538510909169808));
#6079=CARTESIAN_POINT('',(-0.0023288929674208,-0.00762,0.00543343823142813));
#6080=CARTESIAN_POINT('',(-0.00232706501554614,-0.00762,0.00548388886827453));
#6081=CARTESIAN_POINT('',(-0.00232410778293583,-0.00762,0.00553643770997029));
#6082=CARTESIAN_POINT('',(-0.0023199366520334,-0.00762,0.00559105891460846));
#6083=CARTESIAN_POINT('',(-0.00231446766283636,-0.00762,0.00564772407290449));
#6084=CARTESIAN_POINT('',(-0.00230761729862606,-0.00762,0.00570640233737193));
#6085=CARTESIAN_POINT('',(-0.00229930363591333,-0.00762,0.00576705999599429));
#6086=CARTESIAN_POINT('',(-0.00228944226311285,-0.00762,0.00582966218359412));
#6087=CARTESIAN_POINT('',(-0.00227796223268618,-0.00762,0.00589416641417689));
#6088=CARTESIAN_POINT('',(-0.00226474535122182,-0.00762,0.00596054741923262));
#6089=CARTESIAN_POINT('',(-0.00225131744878051,-0.00762,0.00602202329917702));
#6090=CARTESIAN_POINT('',(-0.00224177218230962,-0.00762,0.00606157300418943));
#6091=CARTESIAN_POINT('',(-0.0022377213007266,-0.00762,0.00607816850541359));
#6092=CARTESIAN_POINT('',(-0.00212927715378151,-0.00762,0.00459643357139082));
#6093=CARTESIAN_POINT('',(-0.00200171111414409,0.,0.00432140704695959));
#6094=CARTESIAN_POINT('',(-0.00212450544766779,0.,0.00458610728675607));
#6095=CARTESIAN_POINT('',(-0.00225623226709098,0.,0.00487006274046776));
#6096=CARTESIAN_POINT('',(-0.00225873987239441,0.,0.0048765414374677));
#6097=CARTESIAN_POINT('',(-0.00226107354699484,0.,0.00488223270073359));
#6098=CARTESIAN_POINT('',(-0.00226363426070501,0.,0.00488900651193795));
#6099=CARTESIAN_POINT('',(-0.00226692891758579,0.,0.00489818795140107));
#6100=CARTESIAN_POINT('',(-0.00227067625403856,0.,0.00490936325543175));
#6101=CARTESIAN_POINT('',(-0.00227485655809097,0.,0.00492269476036746));
#6102=CARTESIAN_POINT('',(-0.00227936656001745,0.,0.0049381595799971));
#6103=CARTESIAN_POINT('',(-0.00228412784195348,0.,0.00495578853407256));
#6104=CARTESIAN_POINT('',(-0.00228905378332019,0.,0.0049755930799471));
#6105=CARTESIAN_POINT('',(-0.00229405953619381,0.,0.00499758714914636));
#6106=CARTESIAN_POINT('',(-0.00229905916334598,0.,0.00502178067246062));
#6107=CARTESIAN_POINT('',(-0.00230396655905409,0.,0.00504818144917746));
#6108=CARTESIAN_POINT('',(-0.00230869526930856,0.,0.0050767945901041));
#6109=CARTESIAN_POINT('',(-0.00231315863081599,0.,0.00510762266491655));
#6110=CARTESIAN_POINT('',(-0.00231726981907193,0.,0.00514066565024723));
#6111=CARTESIAN_POINT('',(-0.00232094192273609,0.,0.00517592093714791));
#6112=CARTESIAN_POINT('',(-0.0023240880107897,0.,0.00521338332408605));
#6113=CARTESIAN_POINT('',(-0.00232662120190027,0.,0.00525304501634452));
#6114=CARTESIAN_POINT('',(-0.00232845473325253,0.,0.00529489562589232));
#6115=CARTESIAN_POINT('',(-0.00232950202958716,0.,0.00533892217335991));
#6116=CARTESIAN_POINT('',(-0.00232967677205356,0.,0.00538510909169808));
#6117=CARTESIAN_POINT('',(-0.0023288929674208,0.,0.00543343823142813));
#6118=CARTESIAN_POINT('',(-0.00232706501554614,0.,0.00548388886827453));
#6119=CARTESIAN_POINT('',(-0.00232410778293583,0.,0.00553643770997029));
#6120=CARTESIAN_POINT('',(-0.0023199366520334,0.,0.00559105891460846));
#6121=CARTESIAN_POINT('',(-0.00231446766283636,0.,0.00564772407290449));
#6122=CARTESIAN_POINT('',(-0.00230761729862606,0.,0.00570640233737193));
#6123=CARTESIAN_POINT('',(-0.00229930363591333,0.,0.00576705999599429));
#6124=CARTESIAN_POINT('',(-0.00228944226311285,0.,0.00582966218359412));
#6125=CARTESIAN_POINT('',(-0.00227796223268618,0.,0.00589416641417689));
#6126=CARTESIAN_POINT('',(-0.00226474535122182,0.,0.00596054741923262));
#6127=CARTESIAN_POINT('',(-0.00225131744878051,0.,0.00602202329917702));
#6128=CARTESIAN_POINT('',(-0.00224177218230962,0.,0.00606157300418943));
#6129=CARTESIAN_POINT('',(-0.0022377213007266,0.,0.00607816850541359));
#6130=CARTESIAN_POINT('',(-0.00212927715378151,0.,0.00459643357139082));
#6131=CARTESIAN_POINT('',(-0.00212927715378151,-0.00762,0.00459643357139082));
#6132=CARTESIAN_POINT('',(-0.00291598967179321,-0.00762,0.00414222490543614));
#6133=CARTESIAN_POINT('',(-0.00291598967179321,0.,0.00414222490543614));
#6134=CARTESIAN_POINT('',(-0.002993212578042,-0.00762,0.00425200466178743));
#6135=CARTESIAN_POINT('',(-0.002993212578042,8.67361737988404E-19,0.00425200466178743));
#6136=CARTESIAN_POINT('',(-0.00308990925570772,-0.00762,0.00438928368424816));
#6137=CARTESIAN_POINT('',(-0.00308990925570772,-3.46944695195361E-18,0.00438928368424816));
#6138=CARTESIAN_POINT('',(-0.00309486571748428,-0.00762,0.00439588900593766));
#6139=CARTESIAN_POINT('',(-0.00309486571748428,8.67361737988404E-19,0.00439588900593766));
#6140=CARTESIAN_POINT('',(-0.00311243369031664,-0.00762,0.00441735442869926));
#6141=CARTESIAN_POINT('',(-0.00311243369031664,-8.67361737988404E-19,0.00441735442869926));
#6142=CARTESIAN_POINT('',(-0.00314016751189023,-0.00762,0.00444707017544567));
#6143=CARTESIAN_POINT('',(-0.00314016751189023,0.,0.00444707017544567));
#6144=CARTESIAN_POINT('',(-0.0031979356179582,-0.00762,0.0045022026035807));
#6145=CARTESIAN_POINT('',(-0.0031979356179582,1.73472347597681E-18,0.0045022026035807));
#6146=CARTESIAN_POINT('',(-0.00328878514288518,-0.00762,0.00457641621827629));
#6147=CARTESIAN_POINT('',(-0.00328878514288518,0.,0.00457641621827629));
#6148=CARTESIAN_POINT('',(-0.0034668514163765,-0.00762,0.00469726791125955));
#6149=CARTESIAN_POINT('',(-0.0034668514163765,2.60208521396521E-18,0.00469726791125955));
#6150=CARTESIAN_POINT('',(-0.00374134090003802,-0.00762,0.00484124154852657));
#6151=CARTESIAN_POINT('',(-0.00374134090003802,-8.67361737988404E-19,0.00484124154852657));
#6152=CARTESIAN_POINT('',(-0.00400481232901225,-0.00762,0.004936063763306));
#6153=CARTESIAN_POINT('',(-0.00400481232901225,8.67361737988404E-19,0.004936063763306));
#6154=CARTESIAN_POINT('',(-0.00414498768380735,-0.00762,0.00497700774572559));
#6155=CARTESIAN_POINT('',(-0.00414498768380735,0.,0.00497700774572559));
#6156=CARTESIAN_POINT('',(-0.00274159272568805,0.,0.00389423619936623));
#6157=CARTESIAN_POINT('',(-0.00290943269097778,0.,0.00413292933153678));
#6158=CARTESIAN_POINT('',(-0.00308948191772365,0.,0.00438898583037282));
#6159=CARTESIAN_POINT('',(-0.00309383883125731,0.,0.00439439682876823));
#6160=CARTESIAN_POINT('',(-0.00309760077252497,0.,0.00439926348188932));
#6161=CARTESIAN_POINT('',(-0.0031021867082533,0.,0.00440486803061632));
#6162=CARTESIAN_POINT('',(-0.00310849073963128,0.,0.00441231200690338));
#6163=CARTESIAN_POINT('',(-0.00311629516859049,0.,0.00442114494748336));
#6164=CARTESIAN_POINT('',(-0.00312575043850928,0.,0.00443143094945614));
#6165=CARTESIAN_POINT('',(-0.00313688836421025,0.,0.00444306913551041));
#6166=CARTESIAN_POINT('',(-0.00314977484531374,0.,0.00445600700365931));
#6167=CARTESIAN_POINT('',(-0.00316446311446815,0.,0.00447017526695771));
#6168=CARTESIAN_POINT('',(-0.00318100766069049,0.,0.00448550741071097));
#6169=CARTESIAN_POINT('',(-0.00319946005291161,0.,0.00450193397649133));
#6170=CARTESIAN_POINT('',(-0.00321987009837398,0.,0.00451938429419939));
#6171=CARTESIAN_POINT('',(-0.00324228545017127,0.,0.00453778604787022));
#6172=CARTESIAN_POINT('',(-0.0032667516653549,0.,0.00455706546972815));
#6173=CARTESIAN_POINT('',(-0.00329331213594018,0.,0.00457714735586288));
#6174=CARTESIAN_POINT('',(-0.0033220080581818,0.,0.00459795513437171));
#6175=CARTESIAN_POINT('',(-0.00335287839292983,0.,0.00461941092001775));
#6176=CARTESIAN_POINT('',(-0.00338595983042747,0.,0.00464143557400138));
#6177=CARTESIAN_POINT('',(-0.00342128675578358,0.,0.00466394876350498));
#6178=CARTESIAN_POINT('',(-0.00345889121616413,0.,0.00468686902246985));
#6179=CARTESIAN_POINT('',(-0.0034988028895343,0.,0.00471011381305396));
#6180=CARTESIAN_POINT('',(-0.00354104905459995,0.,0.00473359958819541));
#6181=CARTESIAN_POINT('',(-0.00358565456368337,0.,0.00475724185385825));
#6182=CARTESIAN_POINT('',(-0.00363264181183649,0.,0.0047809552361407));
#6183=CARTESIAN_POINT('',(-0.00368203072808967,0.,0.00480465353313578));
#6184=CARTESIAN_POINT('',(-0.00373383868928202,0.,0.00482824982870614));
#6185=CARTESIAN_POINT('',(-0.00378808073906596,0.,0.00485165637150856));
#6186=CARTESIAN_POINT('',(-0.00384476864372337,0.,0.00487478535771202));
#6187=CARTESIAN_POINT('',(-0.00390391441491755,0.,0.00489754625215052));
#6188=CARTESIAN_POINT('',(-0.00396551673246713,0.,0.00491985636945619));
#6189=CARTESIAN_POINT('',(-0.00402961280990632,0.,0.00494160071687712));
#6190=CARTESIAN_POINT('',(-0.00408956643487882,0.,0.00496070975221561));
#6191=CARTESIAN_POINT('',(-0.0041285901173672,0.,0.00497221816147213));
#6192=CARTESIAN_POINT('',(-0.00414498768380735,0.,0.00497700774572559));
#6193=CARTESIAN_POINT('',(-0.00291598966274133,0.,0.00414222489256802));
#6194=CARTESIAN_POINT('',(-0.00274159272568805,-0.00762,0.00389423619936623));
#6195=CARTESIAN_POINT('',(-0.00290943269097778,-0.00762,0.00413292933153678));
#6196=CARTESIAN_POINT('',(-0.00308948191772365,-0.00762,0.00438898583037282));
#6197=CARTESIAN_POINT('',(-0.00309383883125731,-0.00762,0.00439439682876823));
#6198=CARTESIAN_POINT('',(-0.00309760077252497,-0.00762,0.00439926348188932));
#6199=CARTESIAN_POINT('',(-0.0031021867082533,-0.00762,0.00440486803061632));
#6200=CARTESIAN_POINT('',(-0.00310849073963128,-0.00762,0.00441231200690338));
#6201=CARTESIAN_POINT('',(-0.00311629516859049,-0.00762,0.00442114494748336));
#6202=CARTESIAN_POINT('',(-0.00312575043850928,-0.00762,0.00443143094945614));
#6203=CARTESIAN_POINT('',(-0.00313688836421025,-0.00762,0.00444306913551041));
#6204=CARTESIAN_POINT('',(-0.00314977484531374,-0.00762,0.00445600700365931));
#6205=CARTESIAN_POINT('',(-0.00316446311446815,-0.00762,0.00447017526695771));
#6206=CARTESIAN_POINT('',(-0.00318100766069049,-0.00762,0.00448550741071097));
#6207=CARTESIAN_POINT('',(-0.00319946005291161,-0.00762,0.00450193397649133));
#6208=CARTESIAN_POINT('',(-0.00321987009837398,-0.00762,0.00451938429419939));
#6209=CARTESIAN_POINT('',(-0.00324228545017127,-0.00762,0.00453778604787022));
#6210=CARTESIAN_POINT('',(-0.0032667516653549,-0.00762,0.00455706546972815));
#6211=CARTESIAN_POINT('',(-0.00329331213594018,-0.00762,0.00457714735586288));
#6212=CARTESIAN_POINT('',(-0.0033220080581818,-0.00762,0.00459795513437171));
#6213=CARTESIAN_POINT('',(-0.00335287839292983,-0.00762,0.00461941092001775));
#6214=CARTESIAN_POINT('',(-0.00338595983042747,-0.00762,0.00464143557400138));
#6215=CARTESIAN_POINT('',(-0.00342128675578358,-0.00762,0.00466394876350498));
#6216=CARTESIAN_POINT('',(-0.00345889121616413,-0.00762,0.00468686902246985));
#6217=CARTESIAN_POINT('',(-0.0034988028895343,-0.00762,0.00471011381305396));
#6218=CARTESIAN_POINT('',(-0.00354104905459995,-0.00762,0.00473359958819541));
#6219=CARTESIAN_POINT('',(-0.00358565456368337,-0.00762,0.00475724185385825));
#6220=CARTESIAN_POINT('',(-0.00363264181183649,-0.00762,0.0047809552361407));
#6221=CARTESIAN_POINT('',(-0.00368203072808967,-0.00762,0.00480465353313578));
#6222=CARTESIAN_POINT('',(-0.00373383868928202,-0.00762,0.00482824982870614));
#6223=CARTESIAN_POINT('',(-0.00378808073906596,-0.00762,0.00485165637150856));
#6224=CARTESIAN_POINT('',(-0.00384476864372337,-0.00762,0.00487478535771202));
#6225=CARTESIAN_POINT('',(-0.00390391441491755,-0.00762,0.00489754625215052));
#6226=CARTESIAN_POINT('',(-0.00396551673246713,-0.00762,0.00491985636945619));
#6227=CARTESIAN_POINT('',(-0.00402961280990632,-0.00762,0.00494160071687712));
#6228=CARTESIAN_POINT('',(-0.00408956643487882,-0.00762,0.00496070975221561));
#6229=CARTESIAN_POINT('',(-0.0041285901173672,-0.00762,0.00497221816147213));
#6230=CARTESIAN_POINT('',(-0.00414498768380735,-0.00762,0.00497700774572559));
#6231=CARTESIAN_POINT('',(-0.00291598966274133,-0.00762,0.00414222489256802));
#6232=CARTESIAN_POINT('',(-0.00291598966274133,0.,0.00414222489256802));
#6233=CARTESIAN_POINT('',(2.30443521654091E-17,-0.00762,-3.87755764968887E-17));
#6234=CARTESIAN_POINT('',(2.30443521654091E-17,0.,-3.87755764968887E-17));
#6235=CARTESIAN_POINT('',(-0.0022642947967912,0.,0.00418979418626074));
#6236=CARTESIAN_POINT('',(-0.00249632080353456,0.,0.00405583390880847));
#6237=CARTESIAN_POINT('',(-0.00249632080353455,-0.00762,0.00405583390880847));
#6238=CARTESIAN_POINT('',(-0.00249632080353455,-0.00762,0.00405583390880847));
#6239=CARTESIAN_POINT('',(2.30443521654091E-17,-0.00762,-3.87755764968887E-17));
#6240=CARTESIAN_POINT('',(-0.0022642947967912,-0.00762,0.00418979418626074));
#6241=CARTESIAN_POINT('',(-0.0022642947967912,-0.00762,0.00418979418626074));
#6242=CARTESIAN_POINT('',(-0.00241296673043036,-0.00381,0.00446489299587875));
#6243=CARTESIAN_POINT('',(-0.00241296673043036,-0.00762,0.00446489299587875));
#6244=CARTESIAN_POINT('',(-0.00241296673043036,0.,0.00446489299587875));
#6245=CARTESIAN_POINT('',(-0.00266022739439503,-0.00381,0.00432213698497875));
#6246=CARTESIAN_POINT('',(-0.00266022739439503,-0.00762,0.00432213698497875));
#6247=CARTESIAN_POINT('',(-0.00266022739439503,0.,0.00432213698497875));
#6248=CARTESIAN_POINT('',(-0.00381472944469911,-0.00762,0.00333299597914033));
#6249=CARTESIAN_POINT('',(-0.00381472944469911,-3.46944695195361E-18,0.00333299597914033));
#6250=CARTESIAN_POINT('',(-0.00391583582433943,-0.00762,0.00342127095945802));
#6251=CARTESIAN_POINT('',(-0.00391583582433943,-4.33680868994202E-18,0.00342127095945802));
#6252=CARTESIAN_POINT('',(-0.00404225526283189,-0.00762,0.00353178748786265));
#6253=CARTESIAN_POINT('',(-0.00404225526283189,-3.46944695195361E-18,0.00353178748786265));
#6254=CARTESIAN_POINT('',(-0.00404830630854531,-0.00762,0.0035374072417486));
#6255=CARTESIAN_POINT('',(-0.00404830630854531,-3.46944695195361E-18,0.0035374072417486));
#6256=CARTESIAN_POINT('',(-0.00406781778827215,-0.00762,0.00355712272304228));
#6257=CARTESIAN_POINT('',(-0.00406781778827215,-2.60208521396521E-18,0.00355712272304228));
#6258=CARTESIAN_POINT('',(-0.00409447177529906,-0.00762,0.00358781075718169));
#6259=CARTESIAN_POINT('',(-0.00409447177529906,-5.20417042793042E-18,0.00358781075718169));
#6260=CARTESIAN_POINT('',(-0.00414326377087098,-0.00762,0.00365102531150942));
#6261=CARTESIAN_POINT('',(-0.00414326377087098,-1.73472347597681E-18,0.00365102531150942));
#6262=CARTESIAN_POINT('',(-0.00420757447439097,-0.00762,0.00374913458833077));
#6263=CARTESIAN_POINT('',(-0.00420757447439097,-5.20417042793042E-18,0.00374913458833077));
#6264=CARTESIAN_POINT('',(-0.00430915113522728,-0.00762,0.00393885783789537));
#6265=CARTESIAN_POINT('',(-0.00430915113522728,-2.60208521396521E-18,0.00393885783789537));
#6266=CARTESIAN_POINT('',(-0.00442364410593489,-0.00762,0.00422689298249969));
#6267=CARTESIAN_POINT('',(-0.00442364410593489,-8.67361737988404E-19,0.00422689298249969));
#6268=CARTESIAN_POINT('',(-0.00449040661111473,-0.00762,0.00449883270781293));
#6269=CARTESIAN_POINT('',(-0.00449040661111473,-4.33680868994202E-18,0.00449883270781293));
#6270=CARTESIAN_POINT('',(-0.00451647398368986,-0.00762,0.00464251997891015));
#6271=CARTESIAN_POINT('',(-0.00451647398368986,-3.46944695195361E-18,0.00464251997891015));
#6272=CARTESIAN_POINT('',(-0.0035863286914835,-0.00762,0.00313363251940017));
#6273=CARTESIAN_POINT('',(-0.0038061701840545,-0.00762,0.00332550326609699));
#6274=CARTESIAN_POINT('',(-0.00404200370961402,-0.00762,0.0035313313566729));
#6275=CARTESIAN_POINT('',(-0.00404692964451779,-0.00762,0.00353623000592538));
#6276=CARTESIAN_POINT('',(-0.00405137640766426,-0.00762,0.00354048004265717));
#6277=CARTESIAN_POINT('',(-0.0040564708932726,-0.00762,0.00354562669101547));
#6278=CARTESIAN_POINT('',(-0.00406321513996635,-0.00762,0.00355267429565186));
#6279=CARTESIAN_POINT('',(-0.00407118390780783,-0.00762,0.0035613592648376));
#6280=CARTESIAN_POINT('',(-0.00408042521715118,-0.00762,0.00357183791777783));
#6281=CARTESIAN_POINT('',(-0.00409083541774701,-0.00762,0.0035841313504599));
#6282=CARTESIAN_POINT('',(-0.00410235540683381,-0.00762,0.00359829961354714));
#6283=CARTESIAN_POINT('',(-0.00411491071270063,-0.00762,0.00361438840561602));
#6284=CARTESIAN_POINT('',(-0.0041284294893741,-0.00762,0.00363244496450819));
#6285=CARTESIAN_POINT('',(-0.00414283726850589,-0.00762,0.00365251331627181));
#6286=CARTESIAN_POINT('',(-0.00415805856086028,-0.00762,0.00367463560826315));
#6287=CARTESIAN_POINT('',(-0.00417401646552212,-0.00762,0.00369885167345058));
#6288=CARTESIAN_POINT('',(-0.00419063285681476,-0.00762,0.003725199108487));
#6289=CARTESIAN_POINT('',(-0.00420782840710209,-0.00762,0.00375371320673252));
#6290=CARTESIAN_POINT('',(-0.00422552265776913,-0.00762,0.00378442693482114));
#6291=CARTESIAN_POINT('',(-0.00424363407772468,-0.00762,0.00381737089894718));
#6292=CARTESIAN_POINT('',(-0.00426208012652499,-0.00762,0.00385257331610374));
#6293=CARTESIAN_POINT('',(-0.00428077731720145,-0.00762,0.00389005998596852));
#6294=CARTESIAN_POINT('',(-0.00429964128013394,-0.00762,0.00392985426462776));
#6295=CARTESIAN_POINT('',(-0.00431858682743926,-0.00762,0.00397197703991392));
#6296=CARTESIAN_POINT('',(-0.00433752801833387,-0.00762,0.00401644670805124));
#6297=CARTESIAN_POINT('',(-0.00435637822387392,-0.00762,0.00406327915318665));
#6298=CARTESIAN_POINT('',(-0.00437505019692443,-0.00762,0.0041124877236869));
#6299=CARTESIAN_POINT('',(-0.00439345612465057,-0.00762,0.00416408322885615));
#6300=CARTESIAN_POINT('',(-0.00441150775067641,-0.00762,0.00421807386513111));
#6301=CARTESIAN_POINT('',(-0.00442911623187989,-0.00762,0.00427446542124044));
#6302=CARTESIAN_POINT('',(-0.0044461930155172,-0.00762,0.00433326042100957));
#6303=CARTESIAN_POINT('',(-0.00446264680682275,-0.00762,0.00439446134679887));
#6304=CARTESIAN_POINT('',(-0.00447839551138429,-0.00762,0.00445805824268464));
#6305=CARTESIAN_POINT('',(-0.00449332087651869,-0.00762,0.0045240760983258));
#6306=CARTESIAN_POINT('',(-0.00450605837027649,-0.00762,0.00458569872916612));
#6307=CARTESIAN_POINT('',(-0.0045134246497014,-0.00762,0.00462571159217294));
#6308=CARTESIAN_POINT('',(-0.00451647398368986,-0.00762,0.00464251997891015));
#6309=CARTESIAN_POINT('',(-0.00381472943284767,-0.00762,0.00333299596879296));
#6310=CARTESIAN_POINT('',(-0.0035863286914835,0.,0.00313363251940017));
#6311=CARTESIAN_POINT('',(-0.0038061701840545,0.,0.00332550326609699));
#6312=CARTESIAN_POINT('',(-0.00404200370961402,0.,0.0035313313566729));
#6313=CARTESIAN_POINT('',(-0.00404692964451779,0.,0.00353623000592538));
#6314=CARTESIAN_POINT('',(-0.00405137640766426,0.,0.00354048004265717));
#6315=CARTESIAN_POINT('',(-0.0040564708932726,0.,0.00354562669101547));
#6316=CARTESIAN_POINT('',(-0.00406321513996635,0.,0.00355267429565186));
#6317=CARTESIAN_POINT('',(-0.00407118390780783,0.,0.0035613592648376));
#6318=CARTESIAN_POINT('',(-0.00408042521715118,0.,0.00357183791777783));
#6319=CARTESIAN_POINT('',(-0.00409083541774701,0.,0.0035841313504599));
#6320=CARTESIAN_POINT('',(-0.00410235540683381,0.,0.00359829961354714));
#6321=CARTESIAN_POINT('',(-0.00411491071270063,0.,0.00361438840561602));
#6322=CARTESIAN_POINT('',(-0.0041284294893741,0.,0.00363244496450819));
#6323=CARTESIAN_POINT('',(-0.00414283726850589,0.,0.00365251331627181));
#6324=CARTESIAN_POINT('',(-0.00415805856086028,0.,0.00367463560826315));
#6325=CARTESIAN_POINT('',(-0.00417401646552212,0.,0.00369885167345058));
#6326=CARTESIAN_POINT('',(-0.00419063285681476,0.,0.003725199108487));
#6327=CARTESIAN_POINT('',(-0.00420782840710209,0.,0.00375371320673252));
#6328=CARTESIAN_POINT('',(-0.00422552265776913,0.,0.00378442693482114));
#6329=CARTESIAN_POINT('',(-0.00424363407772468,0.,0.00381737089894718));
#6330=CARTESIAN_POINT('',(-0.00426208012652499,0.,0.00385257331610374));
#6331=CARTESIAN_POINT('',(-0.00428077731720145,0.,0.00389005998596852));
#6332=CARTESIAN_POINT('',(-0.00429964128013394,0.,0.00392985426462776));
#6333=CARTESIAN_POINT('',(-0.00431858682743926,0.,0.00397197703991392));
#6334=CARTESIAN_POINT('',(-0.00433752801833387,0.,0.00401644670805124));
#6335=CARTESIAN_POINT('',(-0.00435637822387392,0.,0.00406327915318665));
#6336=CARTESIAN_POINT('',(-0.00437505019692443,0.,0.0041124877236869));
#6337=CARTESIAN_POINT('',(-0.00439345612465057,0.,0.00416408322885615));
#6338=CARTESIAN_POINT('',(-0.00441150775067641,0.,0.00421807386513111));
#6339=CARTESIAN_POINT('',(-0.00442911623187989,0.,0.00427446542124044));
#6340=CARTESIAN_POINT('',(-0.0044461930155172,0.,0.00433326042100957));
#6341=CARTESIAN_POINT('',(-0.00446264680682275,0.,0.00439446134679887));
#6342=CARTESIAN_POINT('',(-0.00447839551138429,0.,0.00445805824268464));
#6343=CARTESIAN_POINT('',(-0.00449332087651869,0.,0.0045240760983258));
#6344=CARTESIAN_POINT('',(-0.00450605837027649,0.,0.00458569872916612));
#6345=CARTESIAN_POINT('',(-0.0045134246497014,0.,0.00462571159217294));
#6346=CARTESIAN_POINT('',(-0.00451647398368986,0.,0.00464251997891015));
#6347=CARTESIAN_POINT('',(-0.00381472943284767,0.,0.00333299596879296));
#6348=CARTESIAN_POINT('',(-0.00381472943284767,-0.00762,0.00333299596879296));
#6349=CARTESIAN_POINT('',(-0.0043486837721015,-0.00762,0.00259807089654636));
#6350=CARTESIAN_POINT('',(-0.0043486837721015,-3.46944695195361E-18,0.00259807089654636));
#6351=CARTESIAN_POINT('',(-0.00446388185690704,-0.00762,0.00266695030864601));
#6352=CARTESIAN_POINT('',(-0.00446388185690704,-3.46944695195361E-18,0.00266695030864601));
#6353=CARTESIAN_POINT('',(-0.00460805507631809,-0.00762,0.00275303085397429));
#6354=CARTESIAN_POINT('',(-0.00460805507631809,-2.60208521396521E-18,0.00275303085397429));
#6355=CARTESIAN_POINT('',(-0.00461526965583047,-0.00762,0.00275704914097547));
#6356=CARTESIAN_POINT('',(-0.00461526965583047,-2.60208521396521E-18,0.00275704914097547));
#6357=CARTESIAN_POINT('',(-0.00464004957160773,-0.00762,0.00276951324214021));
#6358=CARTESIAN_POINT('',(-0.00464004957160773,-6.07153216591882E-18,0.00276951324214021));
#6359=CARTESIAN_POINT('',(-0.00467747216140747,-0.00762,0.00278537956611436));
#6360=CARTESIAN_POINT('',(-0.00467747216140747,-3.46944695195361E-18,0.00278537956611436));
#6361=CARTESIAN_POINT('',(-0.00475267033104674,-0.00762,0.00281224913986698));
#6362=CARTESIAN_POINT('',(-0.00475267033104674,-3.46944695195361E-18,0.00281224913986698));
#6363=CARTESIAN_POINT('',(-0.00486585089838458,-0.00762,0.00284309481967356));
#6364=CARTESIAN_POINT('',(-0.00486585089838458,-2.60208521396521E-18,0.00284309481967356));
#6365=CARTESIAN_POINT('',(-0.00507767734560595,-0.00762,0.00288107225652194));
#6366=CARTESIAN_POINT('',(-0.00507767734560595,-4.33680868994202E-18,0.00288107225652194));
#6367=CARTESIAN_POINT('',(-0.00538699532048903,-0.00762,0.00290095378772343));
#6368=CARTESIAN_POINT('',(-0.00538699532048903,-8.67361737988404E-19,0.00290095378772343));
#6369=CARTESIAN_POINT('',(-0.00566625611697534,-0.00762,0.0028804147067514));
#6370=CARTESIAN_POINT('',(-0.00566625611697534,-3.46944695195361E-18,0.0028804147067514));
#6371=CARTESIAN_POINT('',(-0.00581096609358542,-0.00762,0.00286080444265732));
#6372=CARTESIAN_POINT('',(-0.00581096609358542,-3.46944695195361E-18,0.00286080444265732));
#6373=CARTESIAN_POINT('',(-0.0040884981403328,0.,0.00244245556899102));
#6374=CARTESIAN_POINT('',(-0.00433891282153842,0.,0.0025922459316));
#6375=CARTESIAN_POINT('',(-0.00460754353555848,0.,0.00275293256493653));
#6376=CARTESIAN_POINT('',(-0.00461372462544954,0.,0.00275610364155711));
#6377=CARTESIAN_POINT('',(-0.00461914077596002,0.,0.00275901943104715));
#6378=CARTESIAN_POINT('',(-0.00462560981204885,0.,0.00276227417297534));
#6379=CARTESIAN_POINT('',(-0.00463439656920518,0.,0.00276651050313866));
#6380=CARTESIAN_POINT('',(-0.00464511895043034,0.,0.00277140544864713));
#6381=CARTESIAN_POINT('',(-0.00465794046322852,0.,0.00277695637428052));
#6382=CARTESIAN_POINT('',(-0.00467284914138741,0.,0.00278305818377516));
#6383=CARTESIAN_POINT('',(-0.00468988383272394,0.,0.00278963611038907));
#6384=CARTESIAN_POINT('',(-0.00470906498614278,0.,0.00279660520567955));
#6385=CARTESIAN_POINT('',(-0.00473041532587432,0.,0.00280388254276958));
#6386=CARTESIAN_POINT('',(-0.00475395371119333,0.,0.00281138369325416));
#6387=CARTESIAN_POINT('',(-0.00477969689916093,0.,0.00281902383835438));
#6388=CARTESIAN_POINT('',(-0.0048076590094916,0.,0.00282671753188964));
#6389=CARTESIAN_POINT('',(-0.00483785165656525,0.,0.00283437885392136));
#6390=CARTESIAN_POINT('',(-0.00487028389277435,0.,0.00284192145313627));
#6391=CARTESIAN_POINT('',(-0.00490496220817159,0.,0.00284925862159413));
#6392=CARTESIAN_POINT('',(-0.00494189051648479,0.,0.00285630336078518));
#6393=CARTESIAN_POINT('',(-0.00498107014726924,0.,0.00286296845055216));
#6394=CARTESIAN_POINT('',(-0.00502249983858443,0.,0.00286916651753068));
#6395=CARTESIAN_POINT('',(-0.00506617573174197,0.,0.00287481010401617));
#6396=CARTESIAN_POINT('',(-0.00511209136774739,0.,0.00287981173682202));
#6397=CARTESIAN_POINT('',(-0.005160237685287,0.,0.00288408399666008));
#6398=CARTESIAN_POINT('',(-0.00521060302126641,0.,0.00288753958603748));
#6399=CARTESIAN_POINT('',(-0.00526317310988936,0.,0.00289009140312578));
#6400=CARTESIAN_POINT('',(-0.00531793109575673,0.,0.00289165259269752));
#6401=CARTESIAN_POINT('',(-0.00537485750142303,0.,0.00289213668511304));
#6402=CARTESIAN_POINT('',(-0.00543393037826185,0.,0.00289145739672664));
#6403=CARTESIAN_POINT('',(-0.00549512476227104,0.,0.00288952972896933));
#6404=CARTESIAN_POINT('',(-0.00555841480268157,0.,0.00288626608826787));
#6405=CARTESIAN_POINT('',(-0.00562376566227878,0.,0.00288159147474612));
#6406=CARTESIAN_POINT('',(-0.00569116456555192,0.,0.00287538570118998));
#6407=CARTESIAN_POINT('',(-0.00575370727220075,0.,0.00286845733746184));
#6408=CARTESIAN_POINT('',(-0.00579403807182663,0.,0.00286309843084705));
#6409=CARTESIAN_POINT('',(-0.00581096609358542,0.,0.00286080444265732));
#6410=CARTESIAN_POINT('',(-0.00434868375859827,0.,0.00259807088847248));
#6411=CARTESIAN_POINT('',(-0.0040884981403328,-0.00762,0.00244245556899102));
#6412=CARTESIAN_POINT('',(-0.00433891282153842,-0.00762,0.0025922459316));
#6413=CARTESIAN_POINT('',(-0.00460754353555848,-0.00762,0.00275293256493653));
#6414=CARTESIAN_POINT('',(-0.00461372462544954,-0.00762,0.00275610364155711));
#6415=CARTESIAN_POINT('',(-0.00461914077596002,-0.00762,0.00275901943104715));
#6416=CARTESIAN_POINT('',(-0.00462560981204885,-0.00762,0.00276227417297534));
#6417=CARTESIAN_POINT('',(-0.00463439656920518,-0.00762,0.00276651050313866));
#6418=CARTESIAN_POINT('',(-0.00464511895043034,-0.00762,0.00277140544864713));
#6419=CARTESIAN_POINT('',(-0.00465794046322852,-0.00762,0.00277695637428052));
#6420=CARTESIAN_POINT('',(-0.00467284914138741,-0.00762,0.00278305818377516));
#6421=CARTESIAN_POINT('',(-0.00468988383272394,-0.00762,0.00278963611038907));
#6422=CARTESIAN_POINT('',(-0.00470906498614278,-0.00762,0.00279660520567955));
#6423=CARTESIAN_POINT('',(-0.00473041532587432,-0.00762,0.00280388254276958));
#6424=CARTESIAN_POINT('',(-0.00475395371119333,-0.00762,0.00281138369325416));
#6425=CARTESIAN_POINT('',(-0.00477969689916093,-0.00762,0.00281902383835438));
#6426=CARTESIAN_POINT('',(-0.0048076590094916,-0.00762,0.00282671753188964));
#6427=CARTESIAN_POINT('',(-0.00483785165656525,-0.00762,0.00283437885392136));
#6428=CARTESIAN_POINT('',(-0.00487028389277435,-0.00762,0.00284192145313627));
#6429=CARTESIAN_POINT('',(-0.00490496220817159,-0.00762,0.00284925862159413));
#6430=CARTESIAN_POINT('',(-0.00494189051648479,-0.00762,0.00285630336078518));
#6431=CARTESIAN_POINT('',(-0.00498107014726924,-0.00762,0.00286296845055216));
#6432=CARTESIAN_POINT('',(-0.00502249983858443,-0.00762,0.00286916651753068));
#6433=CARTESIAN_POINT('',(-0.00506617573174197,-0.00762,0.00287481010401617));
#6434=CARTESIAN_POINT('',(-0.00511209136774739,-0.00762,0.00287981173682202));
#6435=CARTESIAN_POINT('',(-0.005160237685287,-0.00762,0.00288408399666008));
#6436=CARTESIAN_POINT('',(-0.00521060302126641,-0.00762,0.00288753958603748));
#6437=CARTESIAN_POINT('',(-0.00526317310988936,-0.00762,0.00289009140312578));
#6438=CARTESIAN_POINT('',(-0.00531793109575673,-0.00762,0.00289165259269752));
#6439=CARTESIAN_POINT('',(-0.00537485750142303,-0.00762,0.00289213668511304));
#6440=CARTESIAN_POINT('',(-0.00543393037826185,-0.00762,0.00289145739672664));
#6441=CARTESIAN_POINT('',(-0.00549512476227104,-0.00762,0.00288952972896933));
#6442=CARTESIAN_POINT('',(-0.00555841480268157,-0.00762,0.00288626608826787));
#6443=CARTESIAN_POINT('',(-0.00562376566227878,-0.00762,0.00288159147474612));
#6444=CARTESIAN_POINT('',(-0.00569116456555192,-0.00762,0.00287538570118998));
#6445=CARTESIAN_POINT('',(-0.00575370727220075,-0.00762,0.00286845733746184));
#6446=CARTESIAN_POINT('',(-0.00579403807182663,-0.00762,0.00286309843084705));
#6447=CARTESIAN_POINT('',(-0.00581096609358542,-0.00762,0.00286080444265732));
#6448=CARTESIAN_POINT('',(-0.00434868375859827,-0.00762,0.00259807088847248));
#6449=CARTESIAN_POINT('',(-0.00434868375859827,0.,0.00259807088847248));
#6450=CARTESIAN_POINT('',(3.68235110626993E-17,-0.00762,-2.60502693345908E-17));
#6451=CARTESIAN_POINT('',(3.68235110626993E-17,0.,-2.60502693345908E-17));
#6452=CARTESIAN_POINT('',(-0.00377267904887057,0.,0.00290659578273502));
#6453=CARTESIAN_POINT('',(-0.00393015879982948,0.,0.00268984350067489));
#6454=CARTESIAN_POINT('',(-0.00393015879982948,-0.00762,0.00268984350067489));
#6455=CARTESIAN_POINT('',(-0.00393015879982948,-0.00762,0.00268984350067489));
#6456=CARTESIAN_POINT('',(3.68235110626993E-17,-0.00762,-2.60502693345908E-17));
#6457=CARTESIAN_POINT('',(-0.00377267904887057,-0.00762,0.00290659578273502));
#6458=CARTESIAN_POINT('',(-0.00377267904887057,-0.00762,0.00290659578273502));
#6459=CARTESIAN_POINT('',(-0.00402039038486375,-0.00381,0.00309744072745646));
#6460=CARTESIAN_POINT('',(-0.00402039038486375,-0.00762,0.00309744072745646));
#6461=CARTESIAN_POINT('',(-0.00402039038486375,0.,0.00309744072745646));
#6462=CARTESIAN_POINT('',(-0.00418821014063,-0.00381,0.00286645664972191));
#6463=CARTESIAN_POINT('',(-0.00418821014063,-0.00762,0.00286645664972191));
#6464=CARTESIAN_POINT('',(-0.00418821014063,0.,0.00286645664972191));
#6465=CARTESIAN_POINT('',(0.00371348528506575,-0.00762,0.00344543900988252));
#6466=CARTESIAN_POINT('',(0.00371348528506575,0.,0.00344543900988252));
#6467=CARTESIAN_POINT('',(0.00381184518029525,-0.00762,0.00353676427015863));
#6468=CARTESIAN_POINT('',(0.00381184518029525,-8.67361737988404E-19,0.00353676427015863));
#6469=CARTESIAN_POINT('',(0.00393497071722652,-0.00762,0.00365093904685974));
#6470=CARTESIAN_POINT('',(0.00393497071722652,0.,0.00365093904685974));
#6471=CARTESIAN_POINT('',(0.00394119219202226,-0.00762,0.00365636952007397));
#6472=CARTESIAN_POINT('',(0.00394119219202226,0.,0.00365636952007397));
#6473=CARTESIAN_POINT('',(0.00396283917483847,-0.00762,0.00367371328491113));
#6474=CARTESIAN_POINT('',(0.00396283917483847,8.67361737988404E-19,0.00367371328491113));
#6475=CARTESIAN_POINT('',(0.00399614519701981,-0.00762,0.00369701348555896));
#6476=CARTESIAN_POINT('',(0.00399614519701981,-1.73472347597681E-18,0.00369701348555896));
#6477=CARTESIAN_POINT('',(0.00406411360772157,-0.00762,0.00373893047325392));
#6478=CARTESIAN_POINT('',(0.00406411360772157,1.73472347597681E-18,0.00373893047325392));
#6479=CARTESIAN_POINT('',(0.00416840773066977,-0.00762,0.00379263366407265));
#6480=CARTESIAN_POINT('',(0.00416840773066977,-1.73472347597681E-18,0.00379263366407265));
#6481=CARTESIAN_POINT('',(0.00436770930868325,-0.00762,0.00387382239760964));
#6482=CARTESIAN_POINT('',(0.00436770930868325,8.67361737988404E-19,0.00387382239760964));
#6483=CARTESIAN_POINT('',(0.00466613434091081,-0.00762,0.00395758029281154));
#6484=CARTESIAN_POINT('',(0.00466613434091081,2.60208521396521E-18,0.00395758029281154));
#6485=CARTESIAN_POINT('',(0.00494356293402569,-0.00762,0.00399555162441409));
#6486=CARTESIAN_POINT('',(0.00494356293402569,-8.67361737988404E-19,0.00399555162441409));
#6487=CARTESIAN_POINT('',(0.00508918785361423,-0.00762,0.00400645678755587));
#6488=CARTESIAN_POINT('',(0.00508918785361423,0.,0.00400645678755587));
#6489=CARTESIAN_POINT('',(0.00349133957947498,-0.00762,0.00323912861596934));
#6490=CARTESIAN_POINT('',(0.00370513893152654,-0.00762,0.00343770983954341));
#6491=CARTESIAN_POINT('',(0.00393449079029987,-0.00762,0.00365073655036903));
#6492=CARTESIAN_POINT('',(0.00393987750464482,-0.00762,0.00365512345220754));
#6493=CARTESIAN_POINT('',(0.00394456907254892,-0.00762,0.00365910160571182));
#6494=CARTESIAN_POINT('',(0.0039502200457808,-0.00762,0.00366363021195108));
#6495=CARTESIAN_POINT('',(0.00395793400864438,-0.00762,0.00366960083767342));
#6496=CARTESIAN_POINT('',(0.0039674043637168,-0.00762,0.00367661812528837));
#6497=CARTESIAN_POINT('',(0.00397879159336407,-0.00762,0.00368471349228323));
#6498=CARTESIAN_POINT('',(0.00399210584360622,-0.00762,0.00369378165108443));
#6499=CARTESIAN_POINT('',(0.00400740065822192,-0.00762,0.00370375754569796));
#6500=CARTESIAN_POINT('',(0.00402471370103255,-0.00762,0.00371456233557478));
#6501=CARTESIAN_POINT('',(0.00404408444115676,-0.00762,0.00372611963062223));
#6502=CARTESIAN_POINT('',(0.00406554887940138,-0.00762,0.00373835076846227));
#6503=CARTESIAN_POINT('',(0.00408914104146125,-0.00762,0.00375117626779869));
#6504=CARTESIAN_POINT('',(0.00411489250376109,-0.00762,0.00376451548530867));
#6505=CARTESIAN_POINT('',(0.00414283249063848,-0.00762,0.00377828679337579));
#6506=CARTESIAN_POINT('',(0.0041729878101169,-0.00762,0.00379240760976838));
#6507=CARTESIAN_POINT('',(0.00420538283802032,-0.00762,0.00380679447068057));
#6508=CARTESIAN_POINT('',(0.00424003949055944,-0.00762,0.00382136309243853));
#6509=CARTESIAN_POINT('',(0.00427697720232599,-0.00762,0.00383602843728479));
#6510=CARTESIAN_POINT('',(0.00431621290489978,-0.00762,0.00385070477880042));
#6511=CARTESIAN_POINT('',(0.00435776100739326,-0.00762,0.0038653057681751));
#6512=CARTESIAN_POINT('',(0.00440163337865461,-0.00762,0.00387974450082074));
#6513=CARTESIAN_POINT('',(0.00444783933087361,-0.00762,0.00389393358381736));
#6514=CARTESIAN_POINT('',(0.00449638560599179,-0.00762,0.00390778520243807));
#6515=CARTESIAN_POINT('',(0.00454727635944321,-0.00762,0.00392121119221254));
#6516=CARTESIAN_POINT('',(0.00460051316237684,-0.00762,0.00393412309147389));
#6517=CARTESIAN_POINT('',(0.00465609494102512,-0.00762,0.00394643227056293));
#6518=CARTESIAN_POINT('',(0.00471401816577041,-0.00762,0.00395804976796258));
#6519=CARTESIAN_POINT('',(0.00477427609033014,-0.00762,0.00396888725221867));
#6520=CARTESIAN_POINT('',(0.00483686164056451,-0.00762,0.00397885366921055));
#6521=CARTESIAN_POINT('',(0.00490175633388664,-0.00762,0.00398786841492515));
#6522=CARTESIAN_POINT('',(0.00496897266228825,-0.00762,0.00399581127234928));
#6523=CARTESIAN_POINT('',(0.00503158914855752,-0.00762,0.00400203766987928));
#6524=CARTESIAN_POINT('',(0.00507215280278246,-0.00762,0.00400518111297371));
#6525=CARTESIAN_POINT('',(0.00508918785361423,-0.00762,0.00400645678755587));
#6526=CARTESIAN_POINT('',(0.00371348527353625,-0.00762,0.00344543899917759));
#6527=CARTESIAN_POINT('',(0.00349133957947498,0.,0.00323912861596934));
#6528=CARTESIAN_POINT('',(0.00370513893152654,0.,0.00343770983954341));
#6529=CARTESIAN_POINT('',(0.00393449079029987,0.,0.00365073655036903));
#6530=CARTESIAN_POINT('',(0.00393987750464482,0.,0.00365512345220754));
#6531=CARTESIAN_POINT('',(0.00394456907254892,0.,0.00365910160571182));
#6532=CARTESIAN_POINT('',(0.0039502200457808,0.,0.00366363021195108));
#6533=CARTESIAN_POINT('',(0.00395793400864438,0.,0.00366960083767342));
#6534=CARTESIAN_POINT('',(0.0039674043637168,0.,0.00367661812528837));
#6535=CARTESIAN_POINT('',(0.00397879159336407,0.,0.00368471349228323));
#6536=CARTESIAN_POINT('',(0.00399210584360622,0.,0.00369378165108443));
#6537=CARTESIAN_POINT('',(0.00400740065822192,0.,0.00370375754569796));
#6538=CARTESIAN_POINT('',(0.00402471370103255,0.,0.00371456233557478));
#6539=CARTESIAN_POINT('',(0.00404408444115676,0.,0.00372611963062223));
#6540=CARTESIAN_POINT('',(0.00406554887940138,0.,0.00373835076846227));
#6541=CARTESIAN_POINT('',(0.00408914104146125,0.,0.00375117626779869));
#6542=CARTESIAN_POINT('',(0.00411489250376109,0.,0.00376451548530867));
#6543=CARTESIAN_POINT('',(0.00414283249063848,0.,0.00377828679337579));
#6544=CARTESIAN_POINT('',(0.0041729878101169,0.,0.00379240760976838));
#6545=CARTESIAN_POINT('',(0.00420538283802032,0.,0.00380679447068057));
#6546=CARTESIAN_POINT('',(0.00424003949055944,0.,0.00382136309243853));
#6547=CARTESIAN_POINT('',(0.00427697720232599,0.,0.00383602843728479));
#6548=CARTESIAN_POINT('',(0.00431621290489978,0.,0.00385070477880042));
#6549=CARTESIAN_POINT('',(0.00435776100739326,0.,0.0038653057681751));
#6550=CARTESIAN_POINT('',(0.00440163337865461,0.,0.00387974450082074));
#6551=CARTESIAN_POINT('',(0.00444783933087361,0.,0.00389393358381736));
#6552=CARTESIAN_POINT('',(0.00449638560599179,0.,0.00390778520243807));
#6553=CARTESIAN_POINT('',(0.00454727635944321,0.,0.00392121119221254));
#6554=CARTESIAN_POINT('',(0.00460051316237684,0.,0.00393412309147389));
#6555=CARTESIAN_POINT('',(0.00465609494102512,0.,0.00394643227056293));
#6556=CARTESIAN_POINT('',(0.00471401816577041,0.,0.00395804976796258));
#6557=CARTESIAN_POINT('',(0.00477427609033014,0.,0.00396888725221867));
#6558=CARTESIAN_POINT('',(0.00483686164056451,0.,0.00397885366921055));
#6559=CARTESIAN_POINT('',(0.00490175633388664,0.,0.00398786841492515));
#6560=CARTESIAN_POINT('',(0.00496897266228825,0.,0.00399581127234928));
#6561=CARTESIAN_POINT('',(0.00503158914855752,0.,0.00400203766987928));
#6562=CARTESIAN_POINT('',(0.00507215280278246,0.,0.00400518111297371));
#6563=CARTESIAN_POINT('',(0.00508918785361423,0.,0.00400645678755587));
#6564=CARTESIAN_POINT('',(0.00371348527353625,0.,0.00344543899917759));
#6565=CARTESIAN_POINT('',(0.00371348527353625,-0.00762,0.0034454389991776));
#6566=CARTESIAN_POINT('',(0.00303839962426919,-0.00762,0.00405328886911123));
#6567=CARTESIAN_POINT('',(0.00303839962426919,0.,0.00405328886911123));
#6568=CARTESIAN_POINT('',(0.00311894318651848,-0.00762,0.00416065602765728));
#6569=CARTESIAN_POINT('',(0.00311894318651848,0.,0.00416065602765728));
#6570=CARTESIAN_POINT('',(0.00321962237868208,-0.00762,0.00429504158396689));
#6571=CARTESIAN_POINT('',(0.00321962237868208,-1.73472347597681E-18,0.00429504158396689));
#6572=CARTESIAN_POINT('',(0.00322437278199619,-0.00762,0.00430179661589264));
#6573=CARTESIAN_POINT('',(0.00322437278199619,8.67361737988404E-19,0.00430179661589264));
#6574=CARTESIAN_POINT('',(0.00323935881002671,-0.00762,0.00432513793135772));
#6575=CARTESIAN_POINT('',(0.00323935881002671,-2.60208521396521E-18,0.00432513793135772));
#6576=CARTESIAN_POINT('',(0.00325904994242126,-0.00762,0.00436069703383223));
#6577=CARTESIAN_POINT('',(0.00325904994242126,0.,0.00436069703383223));
#6578=CARTESIAN_POINT('',(0.00329363267095039,-0.00762,0.00443267462477708));
#6579=CARTESIAN_POINT('',(0.00329363267095039,0.,0.00443267462477708));
#6580=CARTESIAN_POINT('',(0.00333613996567113,-0.00762,0.00454201092561614));
#6581=CARTESIAN_POINT('',(0.00333613996567113,-1.73472347597681E-18,0.00454201092561614));
#6582=CARTESIAN_POINT('',(0.00339605125115432,-0.00762,0.00474870724228328));
#6583=CARTESIAN_POINT('',(0.00339605125115432,-8.67361737988404E-19,0.00474870724228328));
#6584=CARTESIAN_POINT('',(0.00344815640182322,-0.00762,0.00505425255503155));
#6585=CARTESIAN_POINT('',(0.00344815640182322,-2.60208521396521E-18,0.00505425255503155));
#6586=CARTESIAN_POINT('',(0.00345692053799347,-0.00762,0.00533413045022615));
#6587=CARTESIAN_POINT('',(0.00345692053799347,0.,0.00533413045022615));
#6588=CARTESIAN_POINT('',(0.00345254401245245,-0.00762,0.0054800975212131));
#6589=CARTESIAN_POINT('',(0.00345254401245245,0.,0.0054800975212131));
#6590=CARTESIAN_POINT('',(0.00285643996950739,0.,0.00381079479250729));
#6591=CARTESIAN_POINT('',(0.00303158522664325,0.,0.00404418031947213));
#6592=CARTESIAN_POINT('',(0.00321947115751246,0.,0.00429454311948317));
#6593=CARTESIAN_POINT('',(0.00322327096247115,0.,0.004300358880951));
#6594=CARTESIAN_POINT('',(0.00322673692085096,0.,0.00430544057822769));
#6595=CARTESIAN_POINT('',(0.00323065003136351,0.,0.00431153396308786));
#6596=CARTESIAN_POINT('',(0.0032357816206896,0.,0.00431982976838725));
#6597=CARTESIAN_POINT('',(0.00324177054520644,0.,0.00432998175015438));
#6598=CARTESIAN_POINT('',(0.00324863127531797,0.,0.00434215279563774));
#6599=CARTESIAN_POINT('',(0.00325625803967905,0.,0.00435634198972813));
#6600=CARTESIAN_POINT('',(0.00326458054183036,0.,0.00437259578268271));
#6601=CARTESIAN_POINT('',(0.00327351643617823,0.,0.00439094339091509));
#6602=CARTESIAN_POINT('',(0.00328298562545661,0.,0.00441141608238895));
#6603=CARTESIAN_POINT('',(0.00329290611509917,0.,0.00443404143823743));
#6604=CARTESIAN_POINT('',(0.00330319530256301,0.,0.00445884498970133));
#6605=CARTESIAN_POINT('',(0.00331376968566265,0.,0.00448584971070378));
#6606=CARTESIAN_POINT('',(0.00332454502917126,0.,0.00451507613307908));
#6607=CARTESIAN_POINT('',(0.00333543640104974,0.,0.00454654228579981));
#6608=CARTESIAN_POINT('',(0.00334635824674828,0.,0.00458026368681321));
#6609=CARTESIAN_POINT('',(0.00335722445343999,0.,0.00461625332222784));
#6610=CARTESIAN_POINT('',(0.00336794841774514,0.,0.00465452163130454));
#6611=CARTESIAN_POINT('',(0.00337844311303107,0.,0.00469507649201935));
#6612=CARTESIAN_POINT('',(0.0033886211573529,0.,0.00473792320864164));
#6613=CARTESIAN_POINT('',(0.00339839488156251,0.,0.00478306450099777));
#6614=CARTESIAN_POINT('',(0.00340767639809858,0.,0.00483050049521671));
#6615=CARTESIAN_POINT('',(0.00341637766856768,0.,0.0048802287171685));
#6616=CARTESIAN_POINT('',(0.00342441057711257,0.,0.0049322440838267));
#6617=CARTESIAN_POINT('',(0.00343168698243884,0.,0.00498653891097126));
#6618=CARTESIAN_POINT('',(0.00343811885264911,0.,0.00504310286639475));
#6619=CARTESIAN_POINT('',(0.00344361808251232,0.,0.00510192314080448));
#6620=CARTESIAN_POINT('',(0.00344809752964177,0.,0.00516298379172356));
#6621=CARTESIAN_POINT('',(0.00345146737816981,0.,0.00522626826601776));
#6622=CARTESIAN_POINT('',(0.00345364939759697,0.,0.00529174975693612));
#6623=CARTESIAN_POINT('',(0.00345452272370275,0.,0.00535942812193828));
#6624=CARTESIAN_POINT('',(0.00345416980729065,0.,0.0054223524243096));
#6625=CARTESIAN_POINT('',(0.00345305597383426,0.,0.00546302244586849));
#6626=CARTESIAN_POINT('',(0.00345254401245245,0.,0.0054800975212131));
#6627=CARTESIAN_POINT('',(0.00303839961482807,0.,0.00405328885652592));
#6628=CARTESIAN_POINT('',(0.00285643996950739,-0.00762,0.00381079479250729));
#6629=CARTESIAN_POINT('',(0.00303158522664325,-0.00762,0.00404418031947213));
#6630=CARTESIAN_POINT('',(0.00321947115751246,-0.00762,0.00429454311948317));
#6631=CARTESIAN_POINT('',(0.00322327096247115,-0.00762,0.004300358880951));
#6632=CARTESIAN_POINT('',(0.00322673692085096,-0.00762,0.00430544057822769));
#6633=CARTESIAN_POINT('',(0.00323065003136351,-0.00762,0.00431153396308786));
#6634=CARTESIAN_POINT('',(0.0032357816206896,-0.00762,0.00431982976838725));
#6635=CARTESIAN_POINT('',(0.00324177054520644,-0.00762,0.00432998175015438));
#6636=CARTESIAN_POINT('',(0.00324863127531797,-0.00762,0.00434215279563774));
#6637=CARTESIAN_POINT('',(0.00325625803967905,-0.00762,0.00435634198972813));
#6638=CARTESIAN_POINT('',(0.00326458054183036,-0.00762,0.00437259578268271));
#6639=CARTESIAN_POINT('',(0.00327351643617823,-0.00762,0.00439094339091509));
#6640=CARTESIAN_POINT('',(0.00328298562545661,-0.00762,0.00441141608238895));
#6641=CARTESIAN_POINT('',(0.00329290611509917,-0.00762,0.00443404143823743));
#6642=CARTESIAN_POINT('',(0.00330319530256301,-0.00762,0.00445884498970133));
#6643=CARTESIAN_POINT('',(0.00331376968566265,-0.00762,0.00448584971070378));
#6644=CARTESIAN_POINT('',(0.00332454502917126,-0.00762,0.00451507613307908));
#6645=CARTESIAN_POINT('',(0.00333543640104974,-0.00762,0.00454654228579981));
#6646=CARTESIAN_POINT('',(0.00334635824674828,-0.00762,0.00458026368681321));
#6647=CARTESIAN_POINT('',(0.00335722445343999,-0.00762,0.00461625332222784));
#6648=CARTESIAN_POINT('',(0.00336794841774514,-0.00762,0.00465452163130454));
#6649=CARTESIAN_POINT('',(0.00337844311303107,-0.00762,0.00469507649201935));
#6650=CARTESIAN_POINT('',(0.0033886211573529,-0.00762,0.00473792320864164));
#6651=CARTESIAN_POINT('',(0.00339839488156251,-0.00762,0.00478306450099777));
#6652=CARTESIAN_POINT('',(0.00340767639809858,-0.00762,0.00483050049521671));
#6653=CARTESIAN_POINT('',(0.00341637766856768,-0.00762,0.0048802287171685));
#6654=CARTESIAN_POINT('',(0.00342441057711257,-0.00762,0.0049322440838267));
#6655=CARTESIAN_POINT('',(0.00343168698243884,-0.00762,0.00498653891097126));
#6656=CARTESIAN_POINT('',(0.00343811885264911,-0.00762,0.00504310286639475));
#6657=CARTESIAN_POINT('',(0.00344361808251232,-0.00762,0.00510192314080448));
#6658=CARTESIAN_POINT('',(0.00344809752964177,-0.00762,0.00516298379172356));
#6659=CARTESIAN_POINT('',(0.00345146737816981,-0.00762,0.00522626826601776));
#6660=CARTESIAN_POINT('',(0.00345364939759697,-0.00762,0.00529174975693612));
#6661=CARTESIAN_POINT('',(0.00345452272370275,-0.00762,0.00535942812193828));
#6662=CARTESIAN_POINT('',(0.00345416980729065,-0.00762,0.0054223524243096));
#6663=CARTESIAN_POINT('',(0.00345305597383426,-0.00762,0.00546302244586849));
#6664=CARTESIAN_POINT('',(0.00345254401245245,-0.00762,0.0054800975212131));
#6665=CARTESIAN_POINT('',(0.00303839961482807,-0.00762,0.00405328885652592));
#6666=CARTESIAN_POINT('',(0.00303839961482807,0.,0.00405328885652592));
#6667=CARTESIAN_POINT('',(-2.97566682569947E-17,-0.00762,-3.38987933949371E-17));
#6668=CARTESIAN_POINT('',(-2.97566682569947E-17,0.,-3.38987933949371E-17));
#6669=CARTESIAN_POINT('',(0.00328502549029558,0.,0.00344818992778941));
#6670=CARTESIAN_POINT('',(0.00308592171627924,0.,0.00362746377114868));
#6671=CARTESIAN_POINT('',(0.00308592171627924,-0.00762,0.00362746377114868));
#6672=CARTESIAN_POINT('',(0.00308592171627924,-0.00762,0.00362746377114868));
#6673=CARTESIAN_POINT('',(-2.97566682569947E-17,-0.00762,-3.38987933949371E-17));
#6674=CARTESIAN_POINT('',(0.00328502549029558,-0.00762,0.00344818992778941));
#6675=CARTESIAN_POINT('',(0.00328502549029558,-0.00762,0.00344818992778941));
#6676=CARTESIAN_POINT('',(0.00350071785172674,-0.00381,0.00367459554637141));
#6677=CARTESIAN_POINT('',(0.00350071785172674,-0.00762,0.00367459554637141));
#6678=CARTESIAN_POINT('',(0.00350071785172674,0.,0.00367459554637141));
#6679=CARTESIAN_POINT('',(0.00328854107011448,-0.00381,0.0038656403786412));
#6680=CARTESIAN_POINT('',(0.00328854107011448,-0.00762,0.0038656403786412));
#6681=CARTESIAN_POINT('',(0.00328854107011448,0.,0.0038656403786412));
#6682=CARTESIAN_POINT('',(0.00479382391099648,-0.00762,0.00163715461810377));
#6683=CARTESIAN_POINT('',(0.00479382391099648,1.73472347597681E-18,0.00163715461810377));
#6684=CARTESIAN_POINT('',(0.00492082547629032,-0.00762,0.00168057782119811));
#6685=CARTESIAN_POINT('',(0.00492082547629032,2.60208521396521E-18,0.00168057782119811));
#6686=CARTESIAN_POINT('',(0.00507974531667303,-0.00762,0.00173480200226244));
#6687=CARTESIAN_POINT('',(0.00507974531667303,1.73472347597681E-18,0.00173480200226244));
#6688=CARTESIAN_POINT('',(0.00508763768915798,-0.00762,0.00173723248462674));
#6689=CARTESIAN_POINT('',(0.00508763768915798,1.73472347597681E-18,0.00173723248462674));
#6690=CARTESIAN_POINT('',(0.00511446753666956,-0.00762,0.00174427218108878));
#6691=CARTESIAN_POINT('',(0.00511446753666956,8.67361737988404E-19,0.00174427218108878));
#6692=CARTESIAN_POINT('',(0.00515437114733996,-0.00762,0.0017520111938965));
#6693=CARTESIAN_POINT('',(0.00515437114733996,1.73472347597681E-18,0.0017520111938965));
#6694=CARTESIAN_POINT('',(0.00523351255506264,-0.00762,0.00176265902439927));
#6695=CARTESIAN_POINT('',(0.00523351255506264,1.73472347597681E-18,0.00176265902439927));
#6696=CARTESIAN_POINT('',(0.00535063303289684,-0.00762,0.00176929908897215));
#6697=CARTESIAN_POINT('',(0.00535063303289684,2.60208521396521E-18,0.00176929908897215));
#6698=CARTESIAN_POINT('',(0.00556572651712648,-0.00762,0.0017624054329057));
#6699=CARTESIAN_POINT('',(0.00556572651712648,-8.67361737988404E-19,0.0017624054329057));
#6700=CARTESIAN_POINT('',(0.00587241875489032,-0.00762,0.00171754168179109));
#6701=CARTESIAN_POINT('',(0.00587241875489032,2.60208521396521E-18,0.00171754168179109));
#6702=CARTESIAN_POINT('',(0.00614130671789976,-0.00762,0.00163938984464043));
#6703=CARTESIAN_POINT('',(0.00614130671789976,2.60208521396521E-18,0.00163938984464043));
#6704=CARTESIAN_POINT('',(0.00627877723115791,-0.00762,0.00159012121595185));
#6705=CARTESIAN_POINT('',(0.00627877723115791,1.73472347597681E-18,0.00159012121595185));
#6706=CARTESIAN_POINT('',(0.00450696971366733,-0.00762,0.00153903549344563));
#6707=CARTESIAN_POINT('',(0.00478305540083537,-0.00762,0.0016334884374696));
#6708=CARTESIAN_POINT('',(0.00507922451886631,-0.00762,0.00173481221638023));
#6709=CARTESIAN_POINT('',(0.00508592984101507,-0.00762,0.00173662887651805));
#6710=CARTESIAN_POINT('',(0.00509183386236505,-0.00762,0.00173835486800161));
#6711=CARTESIAN_POINT('',(0.00509883823339186,-0.00762,0.00174019349777849));
#6712=CARTESIAN_POINT('',(0.00510831376138967,-0.00762,0.00174251038442648));
#6713=CARTESIAN_POINT('',(0.00511981954925635,-0.00762,0.00174506905522119));
#6714=CARTESIAN_POINT('',(0.00513351498357171,-0.00762,0.00174783293740664));
#6715=CARTESIAN_POINT('',(0.00514936650887201,-0.00762,0.00175070171924009));
#6716=CARTESIAN_POINT('',(0.00516739657917646,-0.00762,0.00175359419089695));
#6717=CARTESIAN_POINT('',(0.00518760753475772,-0.00762,0.00175642300869547));
#6718=CARTESIAN_POINT('',(0.00521000436180001,-0.00762,0.00175910233327669));
#6719=CARTESIAN_POINT('',(0.00523458795380527,-0.00762,0.00176154566013513));
#6720=CARTESIAN_POINT('',(0.00526135706683691,-0.00762,0.00176366653999679));
#6721=CARTESIAN_POINT('',(0.00529030774679985,-0.00762,0.0017653784582314));
#6722=CARTESIAN_POINT('',(0.00532143349051226,-0.00762,0.00176659495769184));
#6723=CARTESIAN_POINT('',(0.00535472519910255,-0.00762,0.00176722969194995));
#6724=CARTESIAN_POINT('',(0.00539017119320574,-0.00762,0.00176719649848424));
#6725=CARTESIAN_POINT('',(0.00542775721301804,-0.00762,0.00176640946620132));
#6726=CARTESIAN_POINT('',(0.00546746642495039,-0.00762,0.00176478300448357));
#6727=CARTESIAN_POINT('',(0.00550927942869479,-0.00762,0.0017622319116564));
#6728=CARTESIAN_POINT('',(0.00555317426640523,-0.00762,0.00175867144344235));
#6729=CARTESIAN_POINT('',(0.0055991264335336,-0.00762,0.00175401738105428));
#6730=CARTESIAN_POINT('',(0.00564710889128569,-0.00762,0.00174818609947828));
#6731=CARTESIAN_POINT('',(0.00569709208126432,-0.00762,0.00174109463377482));
#6732=CARTESIAN_POINT('',(0.00574904393992671,-0.00762,0.00173266075152522));
#6733=CARTESIAN_POINT('',(0.00580292992198744,-0.00762,0.00172280299993165));
#6734=CARTESIAN_POINT('',(0.00585871299758096,-0.00762,0.00171144084851216));
#6735=CARTESIAN_POINT('',(0.00591635375833232,-0.00762,0.00169849446250177));
#6736=CARTESIAN_POINT('',(0.00597581011356653,-0.00762,0.00168388589106204));
#6737=CARTESIAN_POINT('',(0.00603703856568798,-0.00762,0.00166753482942657));
#6738=CARTESIAN_POINT('',(0.00609998944540766,-0.00762,0.00164937515971068));
#6739=CARTESIAN_POINT('',(0.00616462526806348,-0.00762,0.00162929197725724));
#6740=CARTESIAN_POINT('',(0.00622436077869812,-0.00762,0.00160951165501189));
#6741=CARTESIAN_POINT('',(0.00626269607425263,-0.00762,0.00159588460862182));
#6742=CARTESIAN_POINT('',(0.00627877723115791,-0.00762,0.00159012121595185));
#6743=CARTESIAN_POINT('',(0.00479382389610967,-0.00762,0.00163715461301381));
#6744=CARTESIAN_POINT('',(0.00450696971366733,0.,0.00153903549344563));
#6745=CARTESIAN_POINT('',(0.00478305540083537,0.,0.0016334884374696));
#6746=CARTESIAN_POINT('',(0.00507922451886631,0.,0.00173481221638023));
#6747=CARTESIAN_POINT('',(0.00508592984101507,0.,0.00173662887651805));
#6748=CARTESIAN_POINT('',(0.00509183386236505,0.,0.00173835486800161));
#6749=CARTESIAN_POINT('',(0.00509883823339186,0.,0.00174019349777849));
#6750=CARTESIAN_POINT('',(0.00510831376138967,0.,0.00174251038442648));
#6751=CARTESIAN_POINT('',(0.00511981954925635,0.,0.00174506905522119));
#6752=CARTESIAN_POINT('',(0.00513351498357171,0.,0.00174783293740664));
#6753=CARTESIAN_POINT('',(0.00514936650887201,0.,0.00175070171924009));
#6754=CARTESIAN_POINT('',(0.00516739657917646,0.,0.00175359419089695));
#6755=CARTESIAN_POINT('',(0.00518760753475772,0.,0.00175642300869547));
#6756=CARTESIAN_POINT('',(0.00521000436180001,0.,0.00175910233327669));
#6757=CARTESIAN_POINT('',(0.00523458795380527,0.,0.00176154566013513));
#6758=CARTESIAN_POINT('',(0.00526135706683691,0.,0.00176366653999679));
#6759=CARTESIAN_POINT('',(0.00529030774679985,0.,0.0017653784582314));
#6760=CARTESIAN_POINT('',(0.00532143349051226,0.,0.00176659495769184));
#6761=CARTESIAN_POINT('',(0.00535472519910255,0.,0.00176722969194995));
#6762=CARTESIAN_POINT('',(0.00539017119320574,0.,0.00176719649848424));
#6763=CARTESIAN_POINT('',(0.00542775721301804,0.,0.00176640946620132));
#6764=CARTESIAN_POINT('',(0.00546746642495039,0.,0.00176478300448357));
#6765=CARTESIAN_POINT('',(0.00550927942869479,0.,0.0017622319116564));
#6766=CARTESIAN_POINT('',(0.00555317426640523,0.,0.00175867144344235));
#6767=CARTESIAN_POINT('',(0.0055991264335336,0.,0.00175401738105428));
#6768=CARTESIAN_POINT('',(0.00564710889128569,0.,0.00174818609947828));
#6769=CARTESIAN_POINT('',(0.00569709208126432,0.,0.00174109463377482));
#6770=CARTESIAN_POINT('',(0.00574904393992671,0.,0.00173266075152522));
#6771=CARTESIAN_POINT('',(0.00580292992198744,0.,0.00172280299993165));
#6772=CARTESIAN_POINT('',(0.00585871299758096,0.,0.00171144084851216));
#6773=CARTESIAN_POINT('',(0.00591635375833232,0.,0.00169849446250177));
#6774=CARTESIAN_POINT('',(0.00597581011356653,0.,0.00168388589106204));
#6775=CARTESIAN_POINT('',(0.00603703856568798,0.,0.00166753482942657));
#6776=CARTESIAN_POINT('',(0.00609998944540766,0.,0.00164937515971068));
#6777=CARTESIAN_POINT('',(0.00616462526806348,0.,0.00162929197725724));
#6778=CARTESIAN_POINT('',(0.00622436077869812,0.,0.00160951165501189));
#6779=CARTESIAN_POINT('',(0.00626269607425263,0.,0.00159588460862182));
#6780=CARTESIAN_POINT('',(0.00627877723115791,0.,0.00159012121595185));
#6781=CARTESIAN_POINT('',(0.00479382389610967,0.,0.00163715461301381));
#6782=CARTESIAN_POINT('',(0.00479382389610967,-0.00762,0.00163715461301381));
#6783=CARTESIAN_POINT('',(0.00442433728329291,-0.00762,0.00246703517139186));
#6784=CARTESIAN_POINT('',(0.00442433728329291,8.67361737988404E-19,0.00246703517139186));
#6785=CARTESIAN_POINT('',(0.00454158764637171,-0.00762,0.00253235993325095));
#6786=CARTESIAN_POINT('',(0.00454158764637171,8.67361737988404E-19,0.00253235993325095));
#6787=CARTESIAN_POINT('',(0.00468822219510315,-0.00762,0.00261417733114216));
#6788=CARTESIAN_POINT('',(0.00468822219510315,1.73472347597681E-18,0.00261417733114216));
#6789=CARTESIAN_POINT('',(0.00469530942348206,-0.00762,0.00261841619677692));
#6790=CARTESIAN_POINT('',(0.00469530942348206,0.,0.00261841619677692));
#6791=CARTESIAN_POINT('',(0.00471849360961469,-0.00762,0.00263364418276128));
#6792=CARTESIAN_POINT('',(0.00471849360961469,4.33680868994202E-18,0.00263364418276128));
#6793=CARTESIAN_POINT('',(0.00475094554414085,-0.00762,0.0026581199342162));
#6794=CARTESIAN_POINT('',(0.00475094554414085,0.,0.0026581199342162));
#6795=CARTESIAN_POINT('',(0.00481181436241911,-0.00762,0.00270980867256558));
#6796=CARTESIAN_POINT('',(0.00481181436241911,3.46944695195361E-18,0.00270980867256558));
#6797=CARTESIAN_POINT('',(0.00489511778839752,-0.00762,0.0027924030791916));
#6798=CARTESIAN_POINT('',(0.00489511778839752,1.73472347597681E-18,0.0027924030791916));
#6799=CARTESIAN_POINT('',(0.00503392043708954,-0.00762,0.00295686144525452));
#6800=CARTESIAN_POINT('',(0.00503392043708954,4.33680868994202E-18,0.00295686144525452));
#6801=CARTESIAN_POINT('',(0.00520579733561765,-0.00762,0.00321479790374967));
#6802=CARTESIAN_POINT('',(0.00520579733561765,-8.67361737988404E-19,0.00321479790374967));
#6803=CARTESIAN_POINT('',(0.0053276403679688,-0.00762,0.00346691438827392));
#6804=CARTESIAN_POINT('',(0.0053276403679688,8.67361737988404E-19,0.00346691438827392));
#6805=CARTESIAN_POINT('',(0.00538301236939332,-0.00762,0.00360204203624634));
#6806=CARTESIAN_POINT('',(0.00538301236939332,8.67361737988404E-19,0.00360204203624634));
#6807=CARTESIAN_POINT('',(0.00415947764052739,0.,0.00231951546835813));
#6808=CARTESIAN_POINT('',(0.00441440724039167,0.,0.00246148576245829));
#6809=CARTESIAN_POINT('',(0.00468788130391973,0.,0.00261378346836815));
#6810=CARTESIAN_POINT('',(0.00469371808177603,0.,0.00261755091092659));
#6811=CARTESIAN_POINT('',(0.00469895130480173,0.,0.00262078354011437));
#6812=CARTESIAN_POINT('',(0.00470500451203872,0.,0.0026247585187412));
#6813=CARTESIAN_POINT('',(0.00471306666015714,0.,0.00263024990857381));
#6814=CARTESIAN_POINT('',(0.00472266699793019,0.,0.00263708829034962));
#6815=CARTESIAN_POINT('',(0.00473388499694232,0.,0.0026454165833311));
#6816=CARTESIAN_POINT('',(0.00474662365805317,0.,0.00265527697260622));
#6817=CARTESIAN_POINT('',(0.00476083765527332,0.,0.00266674048474233));
#6818=CARTESIAN_POINT('',(0.00477646364554569,0.,0.00267986730323169));
#6819=CARTESIAN_POINT('',(0.00479344117420332,0.,0.00269471857127361));
#6820=CARTESIAN_POINT('',(0.00481170655374008,0.,0.00271135283568165));
#6821=CARTESIAN_POINT('',(0.00483119470746928,0.,0.00272982701788589));
#6822=CARTESIAN_POINT('',(0.00485183869668507,0.,0.00275019606900804));
#6823=CARTESIAN_POINT('',(0.00487356991972795,0.,0.00277251300736545));
#6824=CARTESIAN_POINT('',(0.00489631812036317,0.,0.00279682884821662));
#6825=CARTESIAN_POINT('',(0.00492001145233814,0.,0.00282319256608215));
#6826=CARTESIAN_POINT('',(0.00494457652959723,0.,0.00285165104960463));
#6827=CARTESIAN_POINT('',(0.00496993848204616,0.,0.00288224906029138));
#6828=CARTESIAN_POINT('',(0.00499602101116152,0.,0.00291502919195202));
#6829=CARTESIAN_POINT('',(0.00502274644700518,0.,0.00295003183171668));
#6830=CARTESIAN_POINT('',(0.00505003580607815,0.,0.00298729512252536));
#6831=CARTESIAN_POINT('',(0.00507780885039929,0.,0.00302685492669431));
#6832=CARTESIAN_POINT('',(0.00510598414657486,0.,0.00306874479243392));
#6833=CARTESIAN_POINT('',(0.00513447912931062,0.,0.00311299591611644));
#6834=CARTESIAN_POINT('',(0.00516321015207355,0.,0.00315963712815178));
#6835=CARTESIAN_POINT('',(0.00519209259123633,0.,0.00320869479539718));
#6836=CARTESIAN_POINT('',(0.00522104074865661,0.,0.00326019305160742));
#6837=CARTESIAN_POINT('',(0.00524996853141332,0.,0.00331415277660697));
#6838=CARTESIAN_POINT('',(0.00527878715586229,0.,0.00337059537975977));
#6839=CARTESIAN_POINT('',(0.0053074142515982,0.,0.00342952819109098));
#6840=CARTESIAN_POINT('',(0.00533573934568501,0.,0.00349100024029081));
#6841=CARTESIAN_POINT('',(0.00536101056001421,0.,0.0035486279949342));
#6842=CARTESIAN_POINT('',(0.00537653501056223,0.,0.00358623494527254));
#6843=CARTESIAN_POINT('',(0.00538301236939332,0.,0.00360204203624634));
#6844=CARTESIAN_POINT('',(0.00442433726954911,0.,0.00246703516373465));
#6845=CARTESIAN_POINT('',(0.00415947764052739,-0.00762,0.00231951546835813));
#6846=CARTESIAN_POINT('',(0.00441440724039167,-0.00762,0.00246148576245829));
#6847=CARTESIAN_POINT('',(0.00468788130391973,-0.00762,0.00261378346836815));
#6848=CARTESIAN_POINT('',(0.00469371808177603,-0.00762,0.00261755091092659));
#6849=CARTESIAN_POINT('',(0.00469895130480173,-0.00762,0.00262078354011437));
#6850=CARTESIAN_POINT('',(0.00470500451203872,-0.00762,0.0026247585187412));
#6851=CARTESIAN_POINT('',(0.00471306666015714,-0.00762,0.00263024990857381));
#6852=CARTESIAN_POINT('',(0.00472266699793019,-0.00762,0.00263708829034962));
#6853=CARTESIAN_POINT('',(0.00473388499694232,-0.00762,0.0026454165833311));
#6854=CARTESIAN_POINT('',(0.00474662365805317,-0.00762,0.00265527697260622));
#6855=CARTESIAN_POINT('',(0.00476083765527332,-0.00762,0.00266674048474233));
#6856=CARTESIAN_POINT('',(0.00477646364554569,-0.00762,0.00267986730323169));
#6857=CARTESIAN_POINT('',(0.00479344117420332,-0.00762,0.00269471857127361));
#6858=CARTESIAN_POINT('',(0.00481170655374008,-0.00762,0.00271135283568165));
#6859=CARTESIAN_POINT('',(0.00483119470746928,-0.00762,0.00272982701788589));
#6860=CARTESIAN_POINT('',(0.00485183869668507,-0.00762,0.00275019606900804));
#6861=CARTESIAN_POINT('',(0.00487356991972795,-0.00762,0.00277251300736545));
#6862=CARTESIAN_POINT('',(0.00489631812036317,-0.00762,0.00279682884821662));
#6863=CARTESIAN_POINT('',(0.00492001145233814,-0.00762,0.00282319256608215));
#6864=CARTESIAN_POINT('',(0.00494457652959723,-0.00762,0.00285165104960463));
#6865=CARTESIAN_POINT('',(0.00496993848204616,-0.00762,0.00288224906029138));
#6866=CARTESIAN_POINT('',(0.00499602101116152,-0.00762,0.00291502919195202));
#6867=CARTESIAN_POINT('',(0.00502274644700518,-0.00762,0.00295003183171668));
#6868=CARTESIAN_POINT('',(0.00505003580607815,-0.00762,0.00298729512252536));
#6869=CARTESIAN_POINT('',(0.00507780885039929,-0.00762,0.00302685492669431));
#6870=CARTESIAN_POINT('',(0.00510598414657486,-0.00762,0.00306874479243392));
#6871=CARTESIAN_POINT('',(0.00513447912931062,-0.00762,0.00311299591611644));
#6872=CARTESIAN_POINT('',(0.00516321015207355,-0.00762,0.00315963712815178));
#6873=CARTESIAN_POINT('',(0.00519209259123633,-0.00762,0.00320869479539718));
#6874=CARTESIAN_POINT('',(0.00522104074865661,-0.00762,0.00326019305160742));
#6875=CARTESIAN_POINT('',(0.00524996853141332,-0.00762,0.00331415277660697));
#6876=CARTESIAN_POINT('',(0.00527878715586229,-0.00762,0.00337059537975977));
#6877=CARTESIAN_POINT('',(0.0053074142515982,-0.00762,0.00342952819109098));
#6878=CARTESIAN_POINT('',(0.00533573934568501,-0.00762,0.00349100024029081));
#6879=CARTESIAN_POINT('',(0.00536101056001421,-0.00762,0.0035486279949342));
#6880=CARTESIAN_POINT('',(0.00537653501056223,-0.00762,0.00358623494527254));
#6881=CARTESIAN_POINT('',(0.00538301236939332,-0.00762,0.00360204203624634));
#6882=CARTESIAN_POINT('',(0.00442433726954911,-0.00762,0.00246703516373465));
#6883=CARTESIAN_POINT('',(0.00442433726954911,0.,0.00246703516373465));
#6884=CARTESIAN_POINT('',(-4.0971950550532E-17,-0.00762,-1.88649613695396E-17));
#6885=CARTESIAN_POINT('',(-4.0971950550532E-17,0.,-1.88649613695396E-17));
#6886=CARTESIAN_POINT('',(0.00440352531081653,0.,0.00181393800527972));
#6887=CARTESIAN_POINT('',(0.00429455220370365,0.,0.00205869561122184));
#6888=CARTESIAN_POINT('',(0.00429455220370365,-0.00762,0.00205869561122184));
#6889=CARTESIAN_POINT('',(0.00429455220370365,-0.00762,0.00205869561122184));
#6890=CARTESIAN_POINT('',(-4.0971950550532E-17,-0.00762,-1.88649613695396E-17));
#6891=CARTESIAN_POINT('',(0.00440352531081653,-0.00762,0.00181393800527972));
#6892=CARTESIAN_POINT('',(0.00440352531081653,-0.00762,0.00181393800527972));
#6893=CARTESIAN_POINT('',(0.00469265754912572,-0.00381,0.00193303984269448));
#6894=CARTESIAN_POINT('',(0.00469265754912572,-0.00762,0.00193303984269448));
#6895=CARTESIAN_POINT('',(0.00469265754912572,0.,0.00193303984269448));
#6896=CARTESIAN_POINT('',(0.00457652934782101,-0.00381,0.00219386805331223));
#6897=CARTESIAN_POINT('',(0.00457652934782101,-0.00762,0.00219386805331223));
#6898=CARTESIAN_POINT('',(0.00457652934782101,0.,0.00219386805331223));
#6899=CARTESIAN_POINT('',(0.00199105131739243,-0.00762,0.00465797569602181));
#6900=CARTESIAN_POINT('',(0.00199105131739243,-1.73472347597681E-18,0.00465797569602181));
#6901=CARTESIAN_POINT('',(0.00204376222310081,-0.00762,0.00478141204631402));
#6902=CARTESIAN_POINT('',(0.00204376222310081,-2.60208521396521E-18,0.00478141204631402));
#6903=CARTESIAN_POINT('',(0.00210980393268484,-0.00762,0.00493579556251501));
#6904=CARTESIAN_POINT('',(0.00210980393268484,-3.46944695195361E-18,0.00493579556251501));
#6905=CARTESIAN_POINT('',(0.00211327876027886,-0.00762,0.00494328704842611));
#6906=CARTESIAN_POINT('',(0.00211327876027886,-1.73472347597681E-18,0.00494328704842611));
#6907=CARTESIAN_POINT('',(0.00212599991841411,-0.00762,0.00496793598713492));
#6908=CARTESIAN_POINT('',(0.00212599991841411,-4.33680868994202E-18,0.00496793598713492));
#6909=CARTESIAN_POINT('',(0.00214694943829553,-0.00762,0.00500276855925514));
#6910=CARTESIAN_POINT('',(0.00214694943829553,-1.73472347597681E-18,0.00500276855925514));
#6911=CARTESIAN_POINT('',(0.00219199249629242,-0.00762,0.00506870687616597));
#6912=CARTESIAN_POINT('',(0.00219199249629242,-1.73472347597681E-18,0.00506870687616597));
#6913=CARTESIAN_POINT('',(0.00226542686301448,-0.00762,0.00516018742365981));
#6914=CARTESIAN_POINT('',(0.00226542686301448,-8.67361737988404E-19,0.00516018742365981));
#6915=CARTESIAN_POINT('',(0.0024144754813753,-0.00762,0.0053154202771952));
#6916=CARTESIAN_POINT('',(0.0024144754813753,-6.07153216591882E-18,0.0053154202771952));
#6917=CARTESIAN_POINT('',(0.00265303290888812,-0.00762,0.00551331731771665));
#6918=CARTESIAN_POINT('',(0.00265303290888812,1.73472347597681E-18,0.00551331731771665));
#6919=CARTESIAN_POINT('',(0.00289103220799923,-0.00762,0.00566084622987955));
#6920=CARTESIAN_POINT('',(0.00289103220799923,-2.60208521396521E-18,0.00566084622987955));
#6921=CARTESIAN_POINT('',(0.00301963166236045,-0.00762,0.00573003958307423));
#6922=CARTESIAN_POINT('',(0.00301963166236045,-1.73472347597681E-18,0.00573003958307423));
#6923=CARTESIAN_POINT('',(0.00187202511416706,-0.00762,0.00437914697423229));
#6924=CARTESIAN_POINT('',(0.0019865702808263,-0.00762,0.00464751997974672));
#6925=CARTESIAN_POINT('',(0.00210944786036386,-0.00762,0.00493541536889867));
#6926=CARTESIAN_POINT('',(0.00211258455505801,-0.00762,0.00494161397725623));
#6927=CARTESIAN_POINT('',(0.00211525245480406,-0.00762,0.00494715643389995));
#6928=CARTESIAN_POINT('',(0.00211857292563174,-0.00762,0.00495359197944172));
#6929=CARTESIAN_POINT('',(0.00212319150910281,-0.00762,0.0049621839688096));
#6930=CARTESIAN_POINT('',(0.00212898892095348,-0.00762,0.0049724465204661));
#6931=CARTESIAN_POINT('',(0.00213609899047692,-0.00762,0.00498447360977287));
#6932=CARTESIAN_POINT('',(0.00214457381083788,-0.00762,0.00499817317850344));
#6933=CARTESIAN_POINT('',(0.00215448875736874,-0.00762,0.00501350757326682));
#6934=CARTESIAN_POINT('',(0.00216591030502273,-0.00762,0.00503042008889379));
#6935=CARTESIAN_POINT('',(0.00217890558128375,-0.00762,0.00504885699309904));
#6936=CARTESIAN_POINT('',(0.00219353946939691,-0.00762,0.00506876106707173));
#6937=CARTESIAN_POINT('',(0.0022098753813368,-0.00762,0.00509007354053165));
#6938=CARTESIAN_POINT('',(0.00222797496419722,-0.00762,0.00511273358542652));
#6939=CARTESIAN_POINT('',(0.00224789811668166,-0.00762,0.00513667851782713));
#6940=CARTESIAN_POINT('',(0.00226970291835793,-0.00762,0.00516184379891632));
#6941=CARTESIAN_POINT('',(0.00229344558543748,-0.00762,0.00518816309525417));
#6942=CARTESIAN_POINT('',(0.00231918042063362,-0.00762,0.00521556832399928));
#6943=CARTESIAN_POINT('',(0.00234695976630135,-0.00762,0.00524398970405517));
#6944=CARTESIAN_POINT('',(0.00237683395828435,-0.00762,0.00527335580713516));
#6945=CARTESIAN_POINT('',(0.00240885128118709,-0.00762,0.00530359361038986));
#6946=CARTESIAN_POINT('',(0.00244305792502235,-0.00762,0.00533462855002302));
#6947=CARTESIAN_POINT('',(0.0024794979428017,-0.00762,0.00536638457623838));
#6948=CARTESIAN_POINT('',(0.00251821321106242,-0.00762,0.00539878420848571));
#6949=CARTESIAN_POINT('',(0.00255924338570314,-0.00762,0.00543174859468097));
#6950=CARTESIAN_POINT('',(0.00260262588264128,-0.00762,0.00546519756011403));
#6951=CARTESIAN_POINT('',(0.00264839576987141,-0.00762,0.00549904970082171));
#6952=CARTESIAN_POINT('',(0.00269658600683622,-0.00762,0.00553322231078937));
#6953=CARTESIAN_POINT('',(0.00274722635813902,-0.00762,0.00556763195125792));
#6954=CARTESIAN_POINT('',(0.00280034739627892,-0.00762,0.00560219256283721));
#6955=CARTESIAN_POINT('',(0.00285596502117832,-0.00762,0.00563682299255186));
#6956=CARTESIAN_POINT('',(0.0029141395415039,-0.00762,0.00567141849764633));
#6957=CARTESIAN_POINT('',(0.00296881004407893,-0.00762,0.0057025750142537));
#6958=CARTESIAN_POINT('',(0.00300458823264958,-0.00762,0.00572194541696432));
#6959=CARTESIAN_POINT('',(0.00301963166236045,-0.00762,0.00573003958307423));
#6960=CARTESIAN_POINT('',(0.00199105131121378,-0.00762,0.00465797568155291));
#6961=CARTESIAN_POINT('',(0.00187202511416706,0.,0.00437914697423229));
#6962=CARTESIAN_POINT('',(0.0019865702808263,0.,0.00464751997974672));
#6963=CARTESIAN_POINT('',(0.00210944786036386,0.,0.00493541536889867));
#6964=CARTESIAN_POINT('',(0.00211258455505801,0.,0.00494161397725623));
#6965=CARTESIAN_POINT('',(0.00211525245480406,0.,0.00494715643389995));
#6966=CARTESIAN_POINT('',(0.00211857292563174,0.,0.00495359197944172));
#6967=CARTESIAN_POINT('',(0.00212319150910281,0.,0.0049621839688096));
#6968=CARTESIAN_POINT('',(0.00212898892095348,0.,0.0049724465204661));
#6969=CARTESIAN_POINT('',(0.00213609899047692,0.,0.00498447360977287));
#6970=CARTESIAN_POINT('',(0.00214457381083788,0.,0.00499817317850344));
#6971=CARTESIAN_POINT('',(0.00215448875736874,0.,0.00501350757326682));
#6972=CARTESIAN_POINT('',(0.00216591030502273,0.,0.00503042008889379));
#6973=CARTESIAN_POINT('',(0.00217890558128375,0.,0.00504885699309904));
#6974=CARTESIAN_POINT('',(0.00219353946939691,0.,0.00506876106707173));
#6975=CARTESIAN_POINT('',(0.0022098753813368,0.,0.00509007354053165));
#6976=CARTESIAN_POINT('',(0.00222797496419722,0.,0.00511273358542652));
#6977=CARTESIAN_POINT('',(0.00224789811668166,0.,0.00513667851782713));
#6978=CARTESIAN_POINT('',(0.00226970291835793,0.,0.00516184379891632));
#6979=CARTESIAN_POINT('',(0.00229344558543748,0.,0.00518816309525417));
#6980=CARTESIAN_POINT('',(0.00231918042063362,0.,0.00521556832399928));
#6981=CARTESIAN_POINT('',(0.00234695976630135,0.,0.00524398970405517));
#6982=CARTESIAN_POINT('',(0.00237683395828435,0.,0.00527335580713516));
#6983=CARTESIAN_POINT('',(0.00240885128118709,0.,0.00530359361038986));
#6984=CARTESIAN_POINT('',(0.00244305792502235,0.,0.00533462855002302));
#6985=CARTESIAN_POINT('',(0.0024794979428017,0.,0.00536638457623838));
#6986=CARTESIAN_POINT('',(0.00251821321106242,0.,0.00539878420848571));
#6987=CARTESIAN_POINT('',(0.00255924338570314,0.,0.00543174859468097));
#6988=CARTESIAN_POINT('',(0.00260262588264128,0.,0.00546519756011403));
#6989=CARTESIAN_POINT('',(0.00264839576987141,0.,0.00549904970082171));
#6990=CARTESIAN_POINT('',(0.00269658600683622,0.,0.00553322231078937));
#6991=CARTESIAN_POINT('',(0.00274722635813902,0.,0.00556763195125792));
#6992=CARTESIAN_POINT('',(0.00280034739627892,0.,0.00560219256283721));
#6993=CARTESIAN_POINT('',(0.00285596502117832,0.,0.00563682299255186));
#6994=CARTESIAN_POINT('',(0.0029141395415039,0.,0.00567141849764633));
#6995=CARTESIAN_POINT('',(0.00296881004407893,0.,0.0057025750142537));
#6996=CARTESIAN_POINT('',(0.00300458823264958,0.,0.00572194541696432));
#6997=CARTESIAN_POINT('',(0.00301963166236045,0.,0.00573003958307423));
#6998=CARTESIAN_POINT('',(0.00199105131121378,0.,0.00465797568155291));
#6999=CARTESIAN_POINT('',(0.00199105131121378,-0.00762,0.00465797568155292));
#7000=CARTESIAN_POINT('',(0.00112709506721529,-0.00762,0.0049386920983879));
#7001=CARTESIAN_POINT('',(0.00112709506721529,0.,0.0049386920983879));
#7002=CARTESIAN_POINT('',(0.00115700511500688,-0.00762,0.00506953689650829));
#7003=CARTESIAN_POINT('',(0.00115700511500688,0.,0.00506953689650829));
#7004=CARTESIAN_POINT('',(0.00119432060363582,-0.00762,0.00523325412769592));
#7005=CARTESIAN_POINT('',(0.00119432060363582,-1.73472347597681E-18,0.00523325412769592));
#7006=CARTESIAN_POINT('',(0.00119591279399604,-0.00762,0.00524135731952514));
#7007=CARTESIAN_POINT('',(0.00119591279399604,8.67361737988404E-19,0.00524135731952514));
#7008=CARTESIAN_POINT('',(0.00120010944353419,-0.00762,0.00526877603897785));
#7009=CARTESIAN_POINT('',(0.00120010944353419,-2.60208521396521E-18,0.00526877603897785));
#7010=CARTESIAN_POINT('',(0.00120363499811781,-0.00762,0.0053092700006098));
#7011=CARTESIAN_POINT('',(0.00120363499811781,0.,0.0053092700006098));
#7012=CARTESIAN_POINT('',(0.00120595196896088,-0.00762,0.00538909086477987));
#7013=CARTESIAN_POINT('',(0.00120595196896088,0.,0.00538909086477987));
#7014=CARTESIAN_POINT('',(0.00120031323500009,-0.00762,0.00550626382012778));
#7015=CARTESIAN_POINT('',(0.00120031323500009,8.67361737988404E-19,0.00550626382012778));
#7016=CARTESIAN_POINT('',(0.00117097395173746,-0.00762,0.00571945841647029));
#7017=CARTESIAN_POINT('',(0.00117097395173746,-8.67361737988404E-19,0.00571945841647029));
#7018=CARTESIAN_POINT('',(0.00109429790063605,-0.00762,0.0060197810231055));
#7019=CARTESIAN_POINT('',(0.00109429790063605,2.60208521396521E-18,0.0060197810231055));
#7020=CARTESIAN_POINT('',(0.000988467741861936,-0.00762,0.0062790268982804));
#7021=CARTESIAN_POINT('',(0.000988467741861936,0.,0.0062790268982804));
#7022=CARTESIAN_POINT('',(0.000925099430380867,-0.00762,0.00641059435963907));
#7023=CARTESIAN_POINT('',(0.000925099430380867,0.,0.00641059435963907));
#7024=CARTESIAN_POINT('',(0.00105949787781709,0.,0.00464315307704808));
#7025=CARTESIAN_POINT('',(0.00112457458612105,0.,0.00492759935902443));
#7026=CARTESIAN_POINT('',(0.00119438519999402,0.,0.00523273725054011));
#7027=CARTESIAN_POINT('',(0.00119549101125759,0.,0.00523959573292503));
#7028=CARTESIAN_POINT('',(0.00119659040930041,0.,0.0052456478266657));
#7029=CARTESIAN_POINT('',(0.0011976868107314,0.,0.00525280601616024));
#7030=CARTESIAN_POINT('',(0.00119900054285165,0.,0.00526247181682512));
#7031=CARTESIAN_POINT('',(0.00120034251465565,0.,0.00527418202870817));
#7032=CARTESIAN_POINT('',(0.00120165969330252,0.,0.00528809134235887));
#7033=CARTESIAN_POINT('',(0.00120285582406883,0.,0.0053041559007015));
#7034=CARTESIAN_POINT('',(0.00120384779492179,0.,0.00532238954601164));
#7035=CARTESIAN_POINT('',(0.00120454849603234,0.,0.00534278547584087));
#7036=CARTESIAN_POINT('',(0.00120487203708036,0.,0.00536533967640227));
#7037=CARTESIAN_POINT('',(0.00120473229404471,0.,0.00539004399412008));
#7038=CARTESIAN_POINT('',(0.00120404342125635,0.,0.00541688815546234));
#7039=CARTESIAN_POINT('',(0.00120271979133666,0.,0.00544585918475359));
#7040=CARTESIAN_POINT('',(0.00120067610052745,0.,0.00547694157720437));
#7041=CARTESIAN_POINT('',(0.00119782742650639,0.,0.00551011725812822));
#7042=CARTESIAN_POINT('',(0.00119408929958535,0.,0.00554536560570498));
#7043=CARTESIAN_POINT('',(0.00118937776985631,0.,0.00558266345809297));
#7044=CARTESIAN_POINT('',(0.00118360947516515,0.,0.0056219851272636));
#7045=CARTESIAN_POINT('',(0.00117670170846541,0.,0.00566330241318565));
#7046=CARTESIAN_POINT('',(0.00116857248493753,0.,0.00570658462011138));
#7047=CARTESIAN_POINT('',(0.00115914060857643,0.,0.0057517985744708));
#7048=CARTESIAN_POINT('',(0.00114832573879842,0.,0.00579890864439681));
#7049=CARTESIAN_POINT('',(0.00113604845484839,0.,0.00584787676121861));
#7050=CARTESIAN_POINT('',(0.00112223032633832,0.,0.00589866244141251));
#7051=CARTESIAN_POINT('',(0.00110679395764294,0.,0.00595122281479997));
#7052=CARTESIAN_POINT('',(0.00108966313010964,0.,0.00600551263664142));
#7053=CARTESIAN_POINT('',(0.0010707625656135,0.,0.00606148436943979));
#7054=CARTESIAN_POINT('',(0.00105001914001251,0.,0.00611908800501589));
#7055=CARTESIAN_POINT('',(0.001027357535195,0.,0.00617827188992462));
#7056=CARTESIAN_POINT('',(0.00100271718733144,0.,0.00623897971576968));
#7057=CARTESIAN_POINT('',(0.000975987739438574,0.,0.00630116219242665));
#7058=CARTESIAN_POINT('',(0.000950071714738977,0.,0.00635850285899656));
#7059=CARTESIAN_POINT('',(0.000932512189201634,0.,0.00639520373557291));
#7060=CARTESIAN_POINT('',(0.000925099430380867,0.,0.00641059435963907));
#7061=CARTESIAN_POINT('',(0.00112709506370931,0.,0.0049386920830506));
#7062=CARTESIAN_POINT('',(0.00105949787781709,-0.00762,0.00464315307704808));
#7063=CARTESIAN_POINT('',(0.00112457458612105,-0.00762,0.00492759935902443));
#7064=CARTESIAN_POINT('',(0.00119438519999402,-0.00762,0.00523273725054011));
#7065=CARTESIAN_POINT('',(0.00119549101125759,-0.00762,0.00523959573292503));
#7066=CARTESIAN_POINT('',(0.00119659040930041,-0.00762,0.0052456478266657));
#7067=CARTESIAN_POINT('',(0.0011976868107314,-0.00762,0.00525280601616024));
#7068=CARTESIAN_POINT('',(0.00119900054285165,-0.00762,0.00526247181682512));
#7069=CARTESIAN_POINT('',(0.00120034251465565,-0.00762,0.00527418202870817));
#7070=CARTESIAN_POINT('',(0.00120165969330252,-0.00762,0.00528809134235887));
#7071=CARTESIAN_POINT('',(0.00120285582406883,-0.00762,0.0053041559007015));
#7072=CARTESIAN_POINT('',(0.00120384779492179,-0.00762,0.00532238954601164));
#7073=CARTESIAN_POINT('',(0.00120454849603234,-0.00762,0.00534278547584087));
#7074=CARTESIAN_POINT('',(0.00120487203708036,-0.00762,0.00536533967640227));
#7075=CARTESIAN_POINT('',(0.00120473229404471,-0.00762,0.00539004399412008));
#7076=CARTESIAN_POINT('',(0.00120404342125635,-0.00762,0.00541688815546234));
#7077=CARTESIAN_POINT('',(0.00120271979133666,-0.00762,0.00544585918475359));
#7078=CARTESIAN_POINT('',(0.00120067610052745,-0.00762,0.00547694157720437));
#7079=CARTESIAN_POINT('',(0.00119782742650639,-0.00762,0.00551011725812822));
#7080=CARTESIAN_POINT('',(0.00119408929958535,-0.00762,0.00554536560570498));
#7081=CARTESIAN_POINT('',(0.00118937776985631,-0.00762,0.00558266345809297));
#7082=CARTESIAN_POINT('',(0.00118360947516515,-0.00762,0.0056219851272636));
#7083=CARTESIAN_POINT('',(0.00117670170846541,-0.00762,0.00566330241318565));
#7084=CARTESIAN_POINT('',(0.00116857248493753,-0.00762,0.00570658462011138));
#7085=CARTESIAN_POINT('',(0.00115914060857643,-0.00762,0.0057517985744708));
#7086=CARTESIAN_POINT('',(0.00114832573879842,-0.00762,0.00579890864439681));
#7087=CARTESIAN_POINT('',(0.00113604845484839,-0.00762,0.00584787676121861));
#7088=CARTESIAN_POINT('',(0.00112223032633832,-0.00762,0.00589866244141251));
#7089=CARTESIAN_POINT('',(0.00110679395764294,-0.00762,0.00595122281479997));
#7090=CARTESIAN_POINT('',(0.00108966313010964,-0.00762,0.00600551263664142));
#7091=CARTESIAN_POINT('',(0.0010707625656135,-0.00762,0.00606148436943979));
#7092=CARTESIAN_POINT('',(0.00105001914001251,-0.00762,0.00611908800501589));
#7093=CARTESIAN_POINT('',(0.001027357535195,-0.00762,0.00617827188992462));
#7094=CARTESIAN_POINT('',(0.00100271718733144,-0.00762,0.00623897971576968));
#7095=CARTESIAN_POINT('',(0.000975987739438574,-0.00762,0.00630116219242665));
#7096=CARTESIAN_POINT('',(0.000950071714738977,-0.00762,0.00635850285899656));
#7097=CARTESIAN_POINT('',(0.000932512189201634,-0.00762,0.00639520373557291));
#7098=CARTESIAN_POINT('',(0.000925099430380867,-0.00762,0.00641059435963907));
#7099=CARTESIAN_POINT('',(0.00112709506370931,-0.00762,0.0049386920830506));
#7100=CARTESIAN_POINT('',(0.00112709506370931,0.,0.0049386920830506));
#7101=CARTESIAN_POINT('',(-1.33961876909784E-17,-0.00762,-4.307121608148E-17));
#7102=CARTESIAN_POINT('',(-1.33961876909784E-17,0.,-4.307121608148E-17));
#7103=CARTESIAN_POINT('',(0.00159851491898284,0.,0.00448621848596224));
#7104=CARTESIAN_POINT('',(0.00134370732939146,0.,0.00456901049057011));
#7105=CARTESIAN_POINT('',(0.00134370732939146,-0.00762,0.00456901049057011));
#7106=CARTESIAN_POINT('',(0.00134370732939146,-0.00762,0.00456901049057011));
#7107=CARTESIAN_POINT('',(-1.33961876909784E-17,-0.00762,-4.307121608148E-17));
#7108=CARTESIAN_POINT('',(0.00159851491898284,-0.00762,0.00448621848596224));
#7109=CARTESIAN_POINT('',(0.00159851491898284,-0.00762,0.00448621848596224));
#7110=CARTESIAN_POINT('',(0.00170347223474094,-0.00381,0.0047807802974282));
#7111=CARTESIAN_POINT('',(0.00170347223474094,-0.00762,0.0047807802974282));
#7112=CARTESIAN_POINT('',(0.00170347223474094,0.,0.0047807802974282));
#7113=CARTESIAN_POINT('',(0.00143193416592743,-0.00381,0.00486900836426275));
#7114=CARTESIAN_POINT('',(0.00143193416592743,-0.00762,0.00486900836426275));
#7115=CARTESIAN_POINT('',(0.00143193416592743,0.,0.00486900836426275));
#7116=CARTESIAN_POINT('',(-7.56535111914095E-5,-0.00762,0.00506510606793821));
#7117=CARTESIAN_POINT('',(-7.56535111914095E-5,0.,0.00506510606793821));
#7118=CARTESIAN_POINT('',(-7.77057894646701E-5,-0.00762,0.00519931024189695));
#7119=CARTESIAN_POINT('',(-7.77057894646701E-5,8.67361737988404E-19,0.00519931024189695));
#7120=CARTESIAN_POINT('',(-8.01671187850545E-5,-0.00762,0.00536720818511645));
#7121=CARTESIAN_POINT('',(-8.01671187850545E-5,-1.73472347597681E-18,0.00536720818511645));
#7122=CARTESIAN_POINT('',(-8.00397676515824E-5,-0.00762,0.00537546533775239));
#7123=CARTESIAN_POINT('',(-8.00397676515824E-5,8.67361737988404E-19,0.00537546533775239));
#7124=CARTESIAN_POINT('',(-7.84440380069683E-5,-0.00762,0.0054031574249015));
#7125=CARTESIAN_POINT('',(-7.84440380069683E-5,-2.60208521396521E-18,0.0054031574249015));
#7126=CARTESIAN_POINT('',(-7.34733827333798E-5,-0.00762,0.00544349950033055));
#7127=CARTESIAN_POINT('',(-7.34733827333798E-5,0.,0.00544349950033055));
#7128=CARTESIAN_POINT('',(-5.91440313723749E-5,-0.00762,0.00552205781243256));
#7129=CARTESIAN_POINT('',(-5.91440313723749E-5,0.,0.00552205781243256));
#7130=CARTESIAN_POINT('',(-2.92668900129469E-5,-0.00762,0.00563549789886515));
#7131=CARTESIAN_POINT('',(-2.92668900129469E-5,8.67361737988404E-19,0.00563549789886515));
#7132=CARTESIAN_POINT('',(4.37569085164228E-5,-0.00762,0.00583793370177647));
#7133=CARTESIAN_POINT('',(4.37569085164228E-5,-2.60208521396521E-18,0.00583793370177647));
#7134=CARTESIAN_POINT('',(0.000181197984871331,-0.00762,0.00611575169147307));
#7135=CARTESIAN_POINT('',(0.000181197984871331,-8.67361737988404E-19,0.00611575169147307));
#7136=CARTESIAN_POINT('',(0.000338615749006658,-0.00762,0.0063473290950254));
#7137=CARTESIAN_POINT('',(0.000338615749006658,8.67361737988404E-19,0.0063473290950254));
#7138=CARTESIAN_POINT('',(0.000427953724192094,-0.00762,0.00646284647890365));
#7139=CARTESIAN_POINT('',(0.000427953724192094,0.,0.00646284647890365));
#7140=CARTESIAN_POINT('',(-7.09795001945971E-5,-0.00762,0.00476197103734915));
#7141=CARTESIAN_POINT('',(-7.54944188532425E-5,-0.00762,0.00505373169405829));
#7142=CARTESIAN_POINT('',(-8.03377683612477E-5,-0.00762,0.00536671603330468));
#7143=CARTESIAN_POINT('',(-7.99934563264884E-5,-0.00762,0.0053736545524837));
#7144=CARTESIAN_POINT('',(-7.98105288417076E-5,-0.00762,0.00537980297116152));
#7145=CARTESIAN_POINT('',(-7.93946999898701E-5,-0.00762,0.00538703269171654));
#7146=CARTESIAN_POINT('',(-7.86700909519557E-5,-0.00762,0.00539676041171246));
#7147=CARTESIAN_POINT('',(-7.75480474998505E-5,-0.00762,0.00540849373899675));
#7148=CARTESIAN_POINT('',(-7.5944533713797E-5,-0.00762,0.00542237295761161));
#7149=CARTESIAN_POINT('',(-7.37745166657659E-5,-0.00762,0.00543833515638137));
#7150=CARTESIAN_POINT('',(-7.09538225493805E-5,-0.00762,0.0054563765951314));
#7151=CARTESIAN_POINT('',(-6.73986594029086E-5,-0.00762,0.00547647250891124));
#7152=CARTESIAN_POINT('',(-6.30258483290012E-5,-0.00762,0.00549860111404319));
#7153=CARTESIAN_POINT('',(-5.77528425467537E-5,-0.00762,0.00552273652893581));
#7154=CARTESIAN_POINT('',(-5.14978083083483E-5,-0.00762,0.00554885085624027));
#7155=CARTESIAN_POINT('',(-4.4179687193475E-5,-0.00762,0.00557691360089767));
#7156=CARTESIAN_POINT('',(-3.5718263162697E-5,-0.00762,0.00560689186128682));
#7157=CARTESIAN_POINT('',(-2.60342275888204E-5,-0.00762,0.00563875030135289));
#7158=CARTESIAN_POINT('',(-1.50492441665519E-5,-0.00762,0.00567245118767627));
#7159=CARTESIAN_POINT('',(-2.68601311244213E-6,-0.00762,0.00570795441038981));
#7160=CARTESIAN_POINT('',(1.11316652230776E-5,-0.00762,0.00574521751084354));
#7161=CARTESIAN_POINT('',(2.6478827422913E-5,-0.00762,0.0057841957094827));
#7162=CARTESIAN_POINT('',(4.3429284736793E-5,-0.00762,0.00582484193573286));
#7163=CARTESIAN_POINT('',(6.20555616692376E-5,-0.00762,0.00586710685934739));
#7164=CARTESIAN_POINT('',(8.24288348877161E-5,-0.00762,0.0059109389233544));
#7165=CARTESIAN_POINT('',(0.000104618874691547,-0.00762,0.00595628437847139));
#7166=CARTESIAN_POINT('',(0.000128693980578741,-0.00762,0.00600308731924222));
#7167=CARTESIAN_POINT('',(0.000154720943683172,-0.00762,0.0060512897208493));
#7168=CARTESIAN_POINT('',(0.000182764910186706,-0.00762,0.00610083148051022));
#7169=CARTESIAN_POINT('',(0.000212889629605231,-0.00762,0.00615165044833406));
#7170=CARTESIAN_POINT('',(0.000245156230857713,-0.00762,0.00620368250557631));
#7171=CARTESIAN_POINT('',(0.00027962764681927,-0.00762,0.00625686146802764));
#7172=CARTESIAN_POINT('',(0.000316351410680581,-0.00762,0.0063111196658371));
#7173=CARTESIAN_POINT('',(0.000355425219866913,-0.00762,0.00636638594148078));
#7174=CARTESIAN_POINT('',(0.000392696712186549,-0.00762,0.00641708533239604));
#7175=CARTESIAN_POINT('',(0.000417503061264407,-0.00762,0.0064493333761196));
#7176=CARTESIAN_POINT('',(0.000427953724192094,-0.00762,0.00646284647890365));
#7177=CARTESIAN_POINT('',(-7.56535109508465E-5,-0.00762,0.00506510605220713));
#7178=CARTESIAN_POINT('',(-7.09795001945971E-5,0.,0.00476197103734915));
#7179=CARTESIAN_POINT('',(-7.54944188532425E-5,0.,0.00505373169405829));
#7180=CARTESIAN_POINT('',(-8.03377683612477E-5,0.,0.00536671603330468));
#7181=CARTESIAN_POINT('',(-7.99934563264884E-5,0.,0.0053736545524837));
#7182=CARTESIAN_POINT('',(-7.98105288417076E-5,0.,0.00537980297116152));
#7183=CARTESIAN_POINT('',(-7.93946999898701E-5,0.,0.00538703269171654));
#7184=CARTESIAN_POINT('',(-7.86700909519557E-5,0.,0.00539676041171246));
#7185=CARTESIAN_POINT('',(-7.75480474998505E-5,0.,0.00540849373899675));
#7186=CARTESIAN_POINT('',(-7.5944533713797E-5,0.,0.00542237295761161));
#7187=CARTESIAN_POINT('',(-7.37745166657659E-5,0.,0.00543833515638137));
#7188=CARTESIAN_POINT('',(-7.09538225493805E-5,0.,0.0054563765951314));
#7189=CARTESIAN_POINT('',(-6.73986594029086E-5,0.,0.00547647250891124));
#7190=CARTESIAN_POINT('',(-6.30258483290012E-5,0.,0.00549860111404319));
#7191=CARTESIAN_POINT('',(-5.77528425467537E-5,0.,0.00552273652893581));
#7192=CARTESIAN_POINT('',(-5.14978083083483E-5,0.,0.00554885085624027));
#7193=CARTESIAN_POINT('',(-4.4179687193475E-5,0.,0.00557691360089767));
#7194=CARTESIAN_POINT('',(-3.5718263162697E-5,0.,0.00560689186128682));
#7195=CARTESIAN_POINT('',(-2.60342275888204E-5,0.,0.00563875030135289));
#7196=CARTESIAN_POINT('',(-1.50492441665519E-5,0.,0.00567245118767627));
#7197=CARTESIAN_POINT('',(-2.68601311244213E-6,0.,0.00570795441038981));
#7198=CARTESIAN_POINT('',(1.11316652230776E-5,0.,0.00574521751084354));
#7199=CARTESIAN_POINT('',(2.6478827422913E-5,0.,0.0057841957094827));
#7200=CARTESIAN_POINT('',(4.3429284736793E-5,0.,0.00582484193573286));
#7201=CARTESIAN_POINT('',(6.20555616692376E-5,0.,0.00586710685934739));
#7202=CARTESIAN_POINT('',(8.24288348877161E-5,0.,0.0059109389233544));
#7203=CARTESIAN_POINT('',(0.000104618874691547,0.,0.00595628437847139));
#7204=CARTESIAN_POINT('',(0.000128693980578741,0.,0.00600308731924222));
#7205=CARTESIAN_POINT('',(0.000154720943683172,0.,0.0060512897208493));
#7206=CARTESIAN_POINT('',(0.000182764910186706,0.,0.00610083148051022));
#7207=CARTESIAN_POINT('',(0.000212889629605231,0.,0.00615165044833406));
#7208=CARTESIAN_POINT('',(0.000245156230857713,0.,0.00620368250557631));
#7209=CARTESIAN_POINT('',(0.00027962764681927,0.,0.00625686146802764));
#7210=CARTESIAN_POINT('',(0.000316351410680581,0.,0.0063111196658371));
#7211=CARTESIAN_POINT('',(0.000355425219866913,0.,0.00636638594148078));
#7212=CARTESIAN_POINT('',(0.000392696712186549,0.,0.00641708533239604));
#7213=CARTESIAN_POINT('',(0.000417503061264407,0.,0.0064493333761196));
#7214=CARTESIAN_POINT('',(0.000427953724192094,0.,0.00646284647890365));
#7215=CARTESIAN_POINT('',(-7.56535109508465E-5,0.,0.00506510605220713));
#7216=CARTESIAN_POINT('',(-7.56535109508466E-5,-0.00762,0.00506510605220713));
#7217=CARTESIAN_POINT('',(-0.000979094466297363,-0.00762,0.00497015059724411));
#7218=CARTESIAN_POINT('',(-0.000979094466297363,0.,0.00497015059724411));
#7219=CARTESIAN_POINT('',(-0.0010049896519509,-0.00762,0.00510184878065614));
#7220=CARTESIAN_POINT('',(-0.0010049896519509,0.,0.00510184878065614));
#7221=CARTESIAN_POINT('',(-0.00103749005384114,-0.00762,0.00526658949012508));
#7222=CARTESIAN_POINT('',(-0.00103749005384114,2.60208521396521E-18,0.00526658949012508));
#7223=CARTESIAN_POINT('',(-0.00103933138061267,-0.00762,0.00527463972637534));
#7224=CARTESIAN_POINT('',(-0.00103933138061267,-1.73472347597681E-18,0.00527463972637534));
#7225=CARTESIAN_POINT('',(-0.00104664974839741,-0.00762,0.00530139490413105));
#7226=CARTESIAN_POINT('',(-0.00104664974839741,8.67361737988404E-19,0.00530139490413105));
#7227=CARTESIAN_POINT('',(-0.0010598993720409,-0.00762,0.0053398219510782));
#7228=CARTESIAN_POINT('',(-0.0010598993720409,8.67361737988404E-19,0.0053398219510782));
#7229=CARTESIAN_POINT('',(-0.00109024878419166,-0.00762,0.00541368433590869));
#7230=CARTESIAN_POINT('',(-0.00109024878419166,-3.46944695195361E-18,0.00541368433590869));
#7231=CARTESIAN_POINT('',(-0.00114305855850588,-0.00762,0.00551843367730291));
#7232=CARTESIAN_POINT('',(-0.00114305855850588,2.60208521396521E-18,0.00551843367730291));
#7233=CARTESIAN_POINT('',(-0.0012565753818992,-0.00762,0.00570126327080109));
#7234=CARTESIAN_POINT('',(-0.0012565753818992,-8.67361737988404E-19,0.00570126327080109));
#7235=CARTESIAN_POINT('',(-0.00144877464895543,-0.00762,0.00594443466429073));
#7236=CARTESIAN_POINT('',(-0.00144877464895543,2.60208521396521E-18,0.00594443466429073));
#7237=CARTESIAN_POINT('',(-0.00165090010678504,-0.00762,0.00613822255245345));
#7238=CARTESIAN_POINT('',(-0.00165090010678504,0.,0.00613822255245345));
#7239=CARTESIAN_POINT('',(-0.00176230324746806,-0.00762,0.00623264119486199));
#7240=CARTESIAN_POINT('',(-0.00176230324746806,0.,0.00623264119486199));
#7241=CARTESIAN_POINT('',(-0.000920641022183832,0.,0.0046726680128458));
#7242=CARTESIAN_POINT('',(-0.000976885216780867,0.,0.00495899170356659));
#7243=CARTESIAN_POINT('',(-0.00103722080925229,0.,0.00526614357305313));
#7244=CARTESIAN_POINT('',(-0.00103900019649728,0.,0.00527285888244342));
#7245=CARTESIAN_POINT('',(-0.00104045745470078,0.,0.00527883491065878));
#7246=CARTESIAN_POINT('',(-0.00104236734011926,0.,0.00528582018879397));
#7247=CARTESIAN_POINT('',(-0.00104509862142332,0.,0.00529518468007834));
#7248=CARTESIAN_POINT('',(-0.00104863564144851,0.,0.00530642832005879));
#7249=CARTESIAN_POINT('',(-0.00105308976642053,0.,0.00531967085518447));
#7250=CARTESIAN_POINT('',(-0.001058531091125,0.,0.00533483306969999));
#7251=CARTESIAN_POINT('',(-0.00106504117234265,0.,0.00535189380444409));
#7252=CARTESIAN_POINT('',(-0.00107269682205708,0.,0.00537081141431148));
#7253=CARTESIAN_POINT('',(-0.00108157487242591,0.,0.00539154729778488));
#7254=CARTESIAN_POINT('',(-0.00109175068529938,0.,0.00541405897640694));
#7255=CARTESIAN_POINT('',(-0.00110329850597663,0.,0.00543830214825994));
#7256=CARTESIAN_POINT('',(-0.00111629128127773,0.,0.00546423013168198));
#7257=CARTESIAN_POINT('',(-0.00113080063369751,0.,0.00549179406617883));
#7258=CARTESIAN_POINT('',(-0.00114689679200047,0.,0.00552094289868247));
#7259=CARTESIAN_POINT('',(-0.00116464853543661,0.,0.00555162343330537));
#7260=CARTESIAN_POINT('',(-0.00118412313529336,0.,0.00558378036514851));
#7261=CARTESIAN_POINT('',(-0.0012053862984254,0.,0.00561735632058731));
#7262=CARTESIAN_POINT('',(-0.00122850211149334,0.,0.00565229189762491));
#7263=CARTESIAN_POINT('',(-0.00125353298627129,0.,0.00568852570807012));
#7264=CARTESIAN_POINT('',(-0.00128053960609434,0.,0.0057259944209682));
#7265=CARTESIAN_POINT('',(-0.00130958087295182,0.,0.00576463280752952));
#7266=CARTESIAN_POINT('',(-0.0013407138573904,0.,0.00580437378696147));
#7267=CARTESIAN_POINT('',(-0.00137399374300228,0.,0.00584514847521212));
#7268=CARTESIAN_POINT('',(-0.00140947379733687,0.,0.0058868862287878));
#7269=CARTESIAN_POINT('',(-0.00144720524690455,0.,0.00592951471364327));
#7270=CARTESIAN_POINT('',(-0.00148723752645243,0.,0.00597295988374221));
#7271=CARTESIAN_POINT('',(-0.00152961709804934,0.,0.00601714631207161));
#7272=CARTESIAN_POINT('',(-0.00157439175886523,0.,0.00606199617622544));
#7273=CARTESIAN_POINT('',(-0.00162159393402337,0.,0.00610743340239532));
#7274=CARTESIAN_POINT('',(-0.00167130439154479,0.,0.00615336807558305));
#7275=CARTESIAN_POINT('',(-0.00171830240842163,0.,0.006195210384178));
#7276=CARTESIAN_POINT('',(-0.00174927142455124,0.,0.00622159620079476));
#7277=CARTESIAN_POINT('',(-0.00176230324746806,0.,0.00623264119486199));
#7278=CARTESIAN_POINT('',(-0.000979094463261993,0.,0.00497015058180678));
#7279=CARTESIAN_POINT('',(-0.000920641022183832,-0.00762,0.0046726680128458));
#7280=CARTESIAN_POINT('',(-0.000976885216780867,-0.00762,0.00495899170356659));
#7281=CARTESIAN_POINT('',(-0.00103722080925229,-0.00762,0.00526614357305313));
#7282=CARTESIAN_POINT('',(-0.00103900019649728,-0.00762,0.00527285888244342));
#7283=CARTESIAN_POINT('',(-0.00104045745470078,-0.00762,0.00527883491065878));
#7284=CARTESIAN_POINT('',(-0.00104236734011926,-0.00762,0.00528582018879397));
#7285=CARTESIAN_POINT('',(-0.00104509862142332,-0.00762,0.00529518468007834));
#7286=CARTESIAN_POINT('',(-0.00104863564144851,-0.00762,0.00530642832005879));
#7287=CARTESIAN_POINT('',(-0.00105308976642053,-0.00762,0.00531967085518447));
#7288=CARTESIAN_POINT('',(-0.001058531091125,-0.00762,0.00533483306969999));
#7289=CARTESIAN_POINT('',(-0.00106504117234265,-0.00762,0.00535189380444409));
#7290=CARTESIAN_POINT('',(-0.00107269682205708,-0.00762,0.00537081141431148));
#7291=CARTESIAN_POINT('',(-0.00108157487242591,-0.00762,0.00539154729778488));
#7292=CARTESIAN_POINT('',(-0.00109175068529938,-0.00762,0.00541405897640694));
#7293=CARTESIAN_POINT('',(-0.00110329850597663,-0.00762,0.00543830214825994));
#7294=CARTESIAN_POINT('',(-0.00111629128127773,-0.00762,0.00546423013168198));
#7295=CARTESIAN_POINT('',(-0.00113080063369751,-0.00762,0.00549179406617883));
#7296=CARTESIAN_POINT('',(-0.00114689679200047,-0.00762,0.00552094289868247));
#7297=CARTESIAN_POINT('',(-0.00116464853543661,-0.00762,0.00555162343330537));
#7298=CARTESIAN_POINT('',(-0.00118412313529336,-0.00762,0.00558378036514851));
#7299=CARTESIAN_POINT('',(-0.0012053862984254,-0.00762,0.00561735632058731));
#7300=CARTESIAN_POINT('',(-0.00122850211149334,-0.00762,0.00565229189762491));
#7301=CARTESIAN_POINT('',(-0.00125353298627129,-0.00762,0.00568852570807012));
#7302=CARTESIAN_POINT('',(-0.00128053960609434,-0.00762,0.0057259944209682));
#7303=CARTESIAN_POINT('',(-0.00130958087295182,-0.00762,0.00576463280752952));
#7304=CARTESIAN_POINT('',(-0.0013407138573904,-0.00762,0.00580437378696147));
#7305=CARTESIAN_POINT('',(-0.00137399374300228,-0.00762,0.00584514847521212));
#7306=CARTESIAN_POINT('',(-0.00140947379733687,-0.00762,0.0058868862287878));
#7307=CARTESIAN_POINT('',(-0.00144720524690455,-0.00762,0.00592951471364327));
#7308=CARTESIAN_POINT('',(-0.00148723752645243,-0.00762,0.00597295988374221));
#7309=CARTESIAN_POINT('',(-0.00152961709804934,-0.00762,0.00601714631207161));
#7310=CARTESIAN_POINT('',(-0.00157439175886523,-0.00762,0.00606199617622544));
#7311=CARTESIAN_POINT('',(-0.00162159393402337,-0.00762,0.00610743340239532));
#7312=CARTESIAN_POINT('',(-0.00167130439154479,-0.00762,0.00615336807558305));
#7313=CARTESIAN_POINT('',(-0.00171830240842163,-0.00762,0.006195210384178));
#7314=CARTESIAN_POINT('',(-0.00174927142455124,-0.00762,0.00622159620079476));
#7315=CARTESIAN_POINT('',(-0.00176230324746806,-0.00762,0.00623264119486199));
#7316=CARTESIAN_POINT('',(-0.000979094463261992,-0.00762,0.00497015058180678));
#7317=CARTESIAN_POINT('',(-0.000979094463261993,0.,0.00497015058180678));
#7318=CARTESIAN_POINT('',(5.28061542735254E-18,-0.00762,-4.47962342178209E-17));
#7319=CARTESIAN_POINT('',(5.28061542735254E-18,0.,-4.47962342178209E-17));
#7320=CARTESIAN_POINT('',(-0.000364393403874178,0.,0.00474853911189673));
#7321=CARTESIAN_POINT('',(-0.00063084626194596,0.,0.00472053378801474));
#7322=CARTESIAN_POINT('',(-0.00063084626194596,-0.00762,0.00472053378801474));
#7323=CARTESIAN_POINT('',(-0.00063084626194596,-0.00762,0.00472053378801474));
#7324=CARTESIAN_POINT('',(5.28061542735254E-18,-0.00762,-4.47962342178209E-17));
#7325=CARTESIAN_POINT('',(-0.000364393403874178,-0.00762,0.00474853911189673));
#7326=CARTESIAN_POINT('',(-0.000364393403874178,-0.00762,0.00474853911189673));
#7327=CARTESIAN_POINT('',(-0.000388319207191001,-0.00381,0.00506032470303413));
#7328=CARTESIAN_POINT('',(-0.000388319207191001,-0.00762,0.00506032470303413));
#7329=CARTESIAN_POINT('',(-0.000388319207191001,0.,0.00506032470303413));
#7330=CARTESIAN_POINT('',(-0.000672267164261973,-0.00381,0.00503048057015094));
#7331=CARTESIAN_POINT('',(-0.000672267164261973,-0.00762,0.00503048057015094));
#7332=CARTESIAN_POINT('',(-0.000672267164261973,0.,0.00503048057015094));
#7333=CARTESIAN_POINT('',(-2.68529247622607E-8,-0.00762,-3.33150210890531E-9));
#7334=CARTESIAN_POINT('',(-2.68529247622607E-8,-0.00762,-3.33150210638896E-9));
#7335=CARTESIAN_POINT('',(-2.68529247622607E-8,-0.00762,-0.00901700333150211));
#7336=CARTESIAN_POINT('',(-2.68529247622607E-8,-0.00918250005,-3.33150210638896E-9));
#7337=CARTESIAN_POINT('',(-2.68529247622607E-8,-0.00918250005,-3.33150210638896E-9));
#7338=CARTESIAN_POINT('',(-2.68529247622607E-8,-0.00918250005,-0.00901700333150211));
#7339=CARTESIAN_POINT('',(-2.68529247622607E-8,-0.00918250005,-3.33150210890531E-9));
#7340=CARTESIAN_POINT('',(-2.68529247622607E-8,-0.00918250005,-3.33150210614111E-9));
#7341=CARTESIAN_POINT('',(-2.68529247622607E-8,-0.00918250005,-0.00497500333150211));
#7342=CARTESIAN_POINT('',(-2.68529247622607E-8,0.00156250005,3.33150209371671E-9));
#7343=CARTESIAN_POINT('',(-2.68529247622607E-8,0.00156250005,3.33150209371671E-9));
#7344=CARTESIAN_POINT('',(-0.00612967137671962,0.00156250005,-0.00661314622161643));
#7345=CARTESIAN_POINT('',(-0.00612967798677609,0.00156250005,0.00661314675783689));
#7346=CARTESIAN_POINT('',(-0.00612967137671962,0.00156250005,-0.00661314622161643));
#7347=CARTESIAN_POINT('',(-0.00612967137671962,0.00609881082838356,-0.00661314622161643));
#7348=CARTESIAN_POINT('',(-2.68529247622607E-8,0.0127119603815021,3.33150209371671E-9));
#7349=CARTESIAN_POINT('',(0.00612961767087009,0.00609881082838356,-0.00661314622161643));
#7350=CARTESIAN_POINT('',(0.00612961767087009,0.00156250005,-0.00661314622161643));
#7351=CARTESIAN_POINT('',(0.00612961767087009,0.00156250005,-0.00661314622161643));
#7352=CARTESIAN_POINT('',(-2.68529247622607E-8,0.00156250005,3.33150209371671E-9));
#7353=CARTESIAN_POINT('',(0.00612962428092654,0.00156250005,0.00661314675783692));
#7354=CARTESIAN_POINT('',(0.00612962428092654,0.00156250005,0.00661314675783692));
#7355=CARTESIAN_POINT('',(0.00612962428092654,0.00610132489216309,0.00661314675783692));
#7356=CARTESIAN_POINT('',(-2.68529247622607E-8,0.0127144683184979,3.33150209371671E-9));
#7357=CARTESIAN_POINT('',(-0.00612967798677609,0.00610132489216312,0.00661314675783689));
#7358=CARTESIAN_POINT('',(-0.00612967798677609,0.00156250005,0.00661314675783689));
#7359=CARTESIAN_POINT('',(-2.68529247622607E-8,0.,3.33150209371671E-9));
#7360=CARTESIAN_POINT('',(-2.68529247622607E-8,0.,0.00901700333150209));
#7361=CARTESIAN_POINT('',(-2.68529247622607E-8,0.,3.33150209502753E-9));
#7362=CARTESIAN_POINT('',(-3.46944695195361E-18,0.00156250005,5.20417042793042E-18));
#7363=CARTESIAN_POINT('',(2.88220811788576E-5,0.00156250005,-0.00663962927038034));
#7364=CARTESIAN_POINT('',(0.0116341144,0.00156250005,-0.0065892516568576));
#7365=CARTESIAN_POINT('',(0.0116341144,0.00156250005,6.86605953722015E-18));
#7366=CARTESIAN_POINT('',(0.0116341144,0.00156250005,0.00658924671974995));
#7367=CARTESIAN_POINT('',(2.88287466352888E-5,0.00156250005,0.0066396359044202));
#7368=CARTESIAN_POINT('',(-3.46944695195361E-18,0.00156250005,5.20417042793042E-18));
#7369=CARTESIAN_POINT('',(-2.88287476477506E-5,0.00156250005,0.0066396361376021));
#7370=CARTESIAN_POINT('',(-0.0116053153383672,0.00156250005,0.00658937199606559));
#7371=CARTESIAN_POINT('',(-0.0116053153383672,0.00156250005,-0.0065749181812579));
#7372=CARTESIAN_POINT('',(-0.0116053153383672,0.00156250005,-0.00658937690433345));
#7373=CARTESIAN_POINT('',(-2.88220821908336E-5,0.00156250005,-0.00663962950350857));
#7374=CARTESIAN_POINT('',(0.0149361144,0.03966250005,6.50521303491303E-18));
#7375=CARTESIAN_POINT('',(0.0149361144,0.036422638141478,-0.00323986190852202));
#7376=CARTESIAN_POINT('',(0.0149361144,0.035952773232956,-0.002769997));
#7377=CARTESIAN_POINT('',(0.0149361144,0.03636050005,-0.00317772381704405));
#7378=CARTESIAN_POINT('',(0.0149361144,0.03636050005,0.00647972381704404));
#7379=CARTESIAN_POINT('',(0.0149361144,0.03636050005,0.00317772381704405));
#7380=CARTESIAN_POINT('',(0.0149361144,0.036422638141478,0.00323986190852203));
#7381=CARTESIAN_POINT('',(0.0149361144,0.035952773232956,0.002769997));
#7382=CARTESIAN_POINT('',(0.0149361144,0.00664247465000002,0.002769997));
#7383=CARTESIAN_POINT('',(0.0149361144,0.00527474146704402,0.002769997));
#7384=CARTESIAN_POINT('',(0.0149361144,0.023853619258522,-0.015808880791478));
#7385=CARTESIAN_POINT('',(0.0149361144,0.00486450005,0.00318023841704403));
#7386=CARTESIAN_POINT('',(0.0149361144,0.00486450005,6.50521303491303E-18));
#7387=CARTESIAN_POINT('',(0.0149361144,0.00486450005,-0.00317772381704404));
#7388=CARTESIAN_POINT('',(0.0149361144,0.023852361958522,0.015810138091478));
#7389=CARTESIAN_POINT('',(0.0149361144,0.00527222686704404,-0.002769997));
#7390=CARTESIAN_POINT('',(0.0149361144,0.03966250005,-0.002769997));
#7391=CARTESIAN_POINT('',(-0.0149361144,0.03966250005,5.63785129692462E-18));
#7392=CARTESIAN_POINT('',(-0.0149361144,0.03966250005,0.0014106546576905));
#7393=CARTESIAN_POINT('',(-0.0149361144,0.00661367558836721,0.0014106546576905));
#7394=CARTESIAN_POINT('',(-0.0149361144,0.0346138391116328,0.0014106546576905));
#7395=CARTESIAN_POINT('',(-0.0149361144,0.0374330276978602,0.00422984324391784));
#7396=CARTESIAN_POINT('',(-0.0149361144,0.0363460692585486,0.00314288480460632));
#7397=CARTESIAN_POINT('',(-0.0149361144,0.0363460692585486,5.63785129692462E-18));
#7398=CARTESIAN_POINT('',(-0.0149361144,0.0363460692585486,-0.00314288480460631));
#7399=CARTESIAN_POINT('',(-0.0149361144,0.0369301107519711,-0.00372692629802885));
#7400=CARTESIAN_POINT('',(-0.0149361144,0.0359587506624909,-0.00275556620854861));
#7401=CARTESIAN_POINT('',(-0.0149361144,0.00663996005000001,-0.00275556620854861));
#7402=CARTESIAN_POINT('',(-0.0149361144,0.00526624943750909,-0.00275556620854861));
#7403=CARTESIAN_POINT('',(-0.0149361144,0.00379196816677095,-0.00422984747928675));
#7404=CARTESIAN_POINT('',(-0.0149361144,0.00487893084145139,-0.00314288480460631));
#7405=CARTESIAN_POINT('',(-0.0149361144,0.00487893084145139,0.00657490994368453));
#7406=CARTESIAN_POINT('',(-0.0149361144,0.00487893084145139,0.00314539940460632));
#7407=CARTESIAN_POINT('',(-0.0149361144,0.00759940394802885,0.000424926298028862));
#7408=CARTESIAN_POINT('',(-3.46944695195361E-18,0.03966250005,5.20417042793042E-18));
#7409=CARTESIAN_POINT('',(-0.130777772512857,0.03966250005,-0.006071997));
#7410=CARTESIAN_POINT('',(-0.00612964782882457,0.03966250005,-0.00661314648972683));
#7411=CARTESIAN_POINT('',(-0.0116053153383672,0.03966250005,-0.00658937433361767));
#7412=CARTESIAN_POINT('',(-0.0116053153383672,0.03966250005,3.54639515534882E-18));
#7413=CARTESIAN_POINT('',(-0.0116053153383672,0.03966250005,0.00658937433361767));
#7414=CARTESIAN_POINT('',(-0.130777772512879,0.03966250005,0.006071997));
#7415=CARTESIAN_POINT('',(-0.00612964782882457,0.03966250005,0.00661314648972683));
#7416=CARTESIAN_POINT('',(0.,0.03966250005,-1.83003689896474E-18));
#7417=CARTESIAN_POINT('',(-2.60208521396521E-18,0.034428600692749,-0.077240003));
#7418=CARTESIAN_POINT('',(0.0015625318,0.034428600692749,0.006071997));
#7419=CARTESIAN_POINT('',(-0.00156253180000001,0.034428600692749,-0.077240003));
#7420=CARTESIAN_POINT('',(-0.00486453180000001,0.02061250005,-0.077240003));
#7421=CARTESIAN_POINT('',(-0.00486453180000001,0.0100983994072511,-0.006071997));
#7422=CARTESIAN_POINT('',(-0.00486453180000001,0.031126600692749,-0.077240003));
#7423=CARTESIAN_POINT('',(-2.60208521396521E-18,0.00679639940725109,-0.077240003));
#7424=CARTESIAN_POINT('',(0.0015625318,0.00679639940725109,-0.077240003));
#7425=CARTESIAN_POINT('',(-0.00156253180000001,0.00679639940725109,0.006071997));
#7426=CARTESIAN_POINT('',(0.0048645318,0.02061250005,-0.077240003));
#7427=CARTESIAN_POINT('',(0.0048645318,0.0100983994072509,-0.077240003));
#7428=CARTESIAN_POINT('',(0.0048645318,0.031126600692749,-0.006071997));
#7429=CARTESIAN_POINT('',(0.,0.05040751285,-1.83003689896474E-18));
#7430=CARTESIAN_POINT('',(0.,0.05040751285,-1.83003689896474E-18));
#7431=CARTESIAN_POINT('',(0.,0.05040751285,0.009017));
#7432=CARTESIAN_POINT('',(0.,0.02851304305,-1.83003689896474E-18));
#7433=CARTESIAN_POINT('',(0.0061296478288246,0.0351261895397268,-0.0066131464897268));
#7434=CARTESIAN_POINT('',(-0.00612964782882457,0.0351261895397268,-0.00661314648972683));
#7435=CARTESIAN_POINT('',(-0.00612964782882457,0.05040751285,-0.00661314648972683));
#7436=CARTESIAN_POINT('',(-0.00612964782882457,0.05040751285,0.00661314648972683));
#7437=CARTESIAN_POINT('',(-0.00612964782882457,0.0351261895397268,0.00661314648972683));
#7438=CARTESIAN_POINT('',(0.,0.02851304305,-1.83003689896474E-18));
#7439=CARTESIAN_POINT('',(0.0061296478288246,0.0351261895397268,0.0066131464897268));
#7440=CARTESIAN_POINT('',(0.0061296478288246,0.05040751285,0.0066131464897268));
#7441=CARTESIAN_POINT('',(0.0061296478288246,0.05040751285,-0.0066131464897268));
#7442=CARTESIAN_POINT('',(0.,0.05040751285,0.));
#7443=CARTESIAN_POINT('',(6.32491683680292E-9,0.05040751285,7.84699391182793E-10));
#7444=CARTESIAN_POINT('',(6.32491683680292E-9,0.05040751285,0.00497500078469939));
#7445=CARTESIAN_POINT('',(-2.68529247622607E-8,-0.00768250005,-3.33150210717059E-9));
#7446=CARTESIAN_POINT('',(-2.68529247622607E-8,-0.00768250005,-3.33150210614111E-9));
#7447=CARTESIAN_POINT('',(-2.68529247622607E-8,-0.00768250005,-0.00497500333150211));
#7448=CARTESIAN_POINT('',(-2.68529247622607E-8,-0.00768250005,-3.33150210614111E-9));
#7449=CARTESIAN_POINT('',(6.32491683680292E-9,0.04890751285,7.84699390535271E-10));
#7450=CARTESIAN_POINT('',(6.32491683680292E-9,0.04890751285,7.84699391182793E-10));
#7451=CARTESIAN_POINT('',(6.32491683680292E-9,0.04890751285,0.00497500078469939));
#7452=CARTESIAN_POINT('',(6.32491683680292E-9,0.04890751285,7.84699391182793E-10));
#7453=CARTESIAN_POINT('',(-5.20417042793042E-18,0.03458504005,0.006071997));
#7454=CARTESIAN_POINT('',(0.0116341144,0.03458504005,0.006071997));
#7455=CARTESIAN_POINT('',(0.0116341144,0.0351022923548814,0.00658924930488138));
#7456=CARTESIAN_POINT('',(4.92958738259887E-6,0.0351527794957288,0.00663973644572877));
#7457=CARTESIAN_POINT('',(-4.92958738260978E-6,0.0351527794957288,0.0066397364457288));
#7458=CARTESIAN_POINT('',(-0.0116053153383672,0.0351024173836176,0.00658937433361767));
#7459=CARTESIAN_POINT('',(-0.0116053153383672,0.03128304005,0.002769997));
#7460=CARTESIAN_POINT('',(-2.68529247622607E-8,0.00156250005,0.0111519716));
#7461=CARTESIAN_POINT('',(-3.92086598774926E-5,0.0060745403328219,0.00663993131717811));
#7462=CARTESIAN_POINT('',(0.0116341144,0.00612522493025006,0.00658924671974995));
#7463=CARTESIAN_POINT('',(0.0116341144,0.00156250005,0.0111519716));
#7464=CARTESIAN_POINT('',(-0.0116053153383672,0.00613956170631548,0.00657490994368453));
#7465=CARTESIAN_POINT('',(-0.0116053153383672,0.00612509965393442,0.00658937199606559));
#7466=CARTESIAN_POINT('',(3.91549540279664E-5,0.00607454033282192,0.00663993131717808));
#7467=CARTESIAN_POINT('',(0.,0.03966250005,-0.011149457));
#7468=CARTESIAN_POINT('',(-3.91554932961717E-5,0.0351529708874483,-0.00663992783744826));
#7469=CARTESIAN_POINT('',(0.0116341144,0.0351022923548814,-0.00658924930488138));
#7470=CARTESIAN_POINT('',(0.0116341144,0.03966250005,-0.011149457));
#7471=CARTESIAN_POINT('',(-0.0116053153383672,0.035087956995889,-0.00657491394588898));
#7472=CARTESIAN_POINT('',(-0.0116053153383672,0.0351024173836176,-0.00658937433361767));
#7473=CARTESIAN_POINT('',(3.91554932961735E-5,0.0351529708874483,-0.00663992783744829));
#7474=CARTESIAN_POINT('',(-3.46944695195361E-18,0.00663996005,-0.006071997));
#7475=CARTESIAN_POINT('',(0.0116341144,0.00663996005,-0.006071997));
#7476=CARTESIAN_POINT('',(0.0116341144,0.0061227053931424,-0.0065892516568576));
#7477=CARTESIAN_POINT('',(4.9289898808912E-6,0.00607222406168769,-0.00663973298831231));
#7478=CARTESIAN_POINT('',(-4.92899190483711E-6,0.00607222382856384,-0.00663973322143615));
#7479=CARTESIAN_POINT('',(-0.0116053153383672,0.00612258014566654,-0.00658937690433345));
#7480=CARTESIAN_POINT('',(-0.0116053153383672,0.00663996005,-0.006071997));
#7481=CARTESIAN_POINT('',(-0.130763516816371,0.00156250005,0.006071997));
#7482=CARTESIAN_POINT('',(-0.0137547302550966,0.00310781318359337,0.00658003941534271));
#7483=CARTESIAN_POINT('',(-0.0135068284816361,0.00345581052054967,0.00658111578421601));
#7484=CARTESIAN_POINT('',(-0.0116196822973557,0.00157680503336505,0.00658930961592509));
#7485=CARTESIAN_POINT('',(0.130763463110521,0.00156250005,0.006071997));
#7486=CARTESIAN_POINT('',(0.0149503881208976,0.00487877377089765,0.00657484773518976));
#7487=CARTESIAN_POINT('',(0.0135274620762628,0.00345584772626282,0.00658102596167869));
#7488=CARTESIAN_POINT('',(0.00440611348324576,0.0163157784770061,0.00662063009831293));
#7489=CARTESIAN_POINT('',(-0.130777772512879,0.05040751285,0.006071997));
#7490=CARTESIAN_POINT('',(-0.014950448185723,0.0363317973053476,0.00657485171694772));
#7491=CARTESIAN_POINT('',(-0.0135057791246205,0.0377702344097909,0.00658112362779452));
#7492=CARTESIAN_POINT('',(-0.013360182729768,0.0375658503305223,0.00658175572246085));
#7493=CARTESIAN_POINT('',(0.13077777251288,0.05040751285,0.006071997));
#7494=CARTESIAN_POINT('',(0.0113907834701283,0.0347592268547518,0.00659030570592126));
#7495=CARTESIAN_POINT('',(0.0135264171530351,0.0377701972969649,0.00658103402950673));
#7496=CARTESIAN_POINT('',(0.0116484176047403,0.0396481968452597,0.00658918720870491));
#7497=CARTESIAN_POINT('',(-0.130792085211218,0.00156250005,-0.006071997));
#7498=CARTESIAN_POINT('',(-0.0116196790007034,0.00157680175093369,-0.00658931455286396));
#7499=CARTESIAN_POINT('',(-0.0135057776574052,0.0034547642293231,-0.00658112715468538));
#7500=CARTESIAN_POINT('',(-0.00438582852337178,0.0162570940689029,-0.00662071609912548));
#7501=CARTESIAN_POINT('',(0.130792031505276,0.00156250005,-0.006071997));
#7502=CARTESIAN_POINT('',(0.0113907823050608,0.00646577265747971,-0.006590307941344));
#7503=CARTESIAN_POINT('',(0.0135264157846211,0.00345480143462106,-0.00658103733315044));
#7504=CARTESIAN_POINT('',(0.0149503848528891,0.00487877050288909,-0.00657485600127023));
#7505=CARTESIAN_POINT('',(-0.130777772512857,0.05040751285,-0.006071997));
#7506=CARTESIAN_POINT('',(-0.0137535450628458,0.0381180411890016,-0.0065800479725339));
#7507=CARTESIAN_POINT('',(-0.0135057791246205,0.0377702344097909,-0.00658112362779452));
#7508=CARTESIAN_POINT('',(-0.014950448185723,0.0363317973053476,-0.00657485171694771));
#7509=CARTESIAN_POINT('',(0.130777772512857,0.05040751285,-0.006071997));
#7510=CARTESIAN_POINT('',(0.0116484176047403,0.0396481968452597,-0.00658918720870491));
#7511=CARTESIAN_POINT('',(0.0135264171530351,0.0377701972969649,-0.00658103402950672));
#7512=CARTESIAN_POINT('',(0.013367206333734,0.0375457303975931,-0.00658172523006704));
#7513=CARTESIAN_POINT('',(-0.0116341144,0.03966250005,0.006071997));
#7514=CARTESIAN_POINT('',(-0.0148105384941179,0.0359219322963436,0.00289557290588214));
#7515=CARTESIAN_POINT('',(-0.0139503860403384,0.0355708929122113,0.00375572535966166));
#7516=CARTESIAN_POINT('',(-0.0139503860403384,0.03966250005,0.00375572535966166));
#7517=CARTESIAN_POINT('',(-0.0139503860403384,0.00565662178778874,0.00375572535966166));
#7518=CARTESIAN_POINT('',(-0.0102253718088772,0.00717684845917745,0.00748073959112279));
#7519=CARTESIAN_POINT('',(-0.0149361144,0.0238421578480289,0.0158203422019711));
#7520=CARTESIAN_POINT('',(-0.0232331783138595,0.0131402032068504,0.016801590982398));
#7521=CARTESIAN_POINT('',(-0.0199486707696365,0.0031989371339854,0.00223536719227904));
#7522=CARTESIAN_POINT('',(-0.0116053153383672,0.00156250005,3.54639515534882E-18));
#7523=CARTESIAN_POINT('',(-0.0150555517054527,0.00499785292294651,0.00285829610259516));
#7524=CARTESIAN_POINT('',(-0.0149361144,0.03966250005,-0.00275556620854861));
#7525=CARTESIAN_POINT('',(-0.0156428155586405,0.0362502131204538,-0.00205191358961194));
#7526=CARTESIAN_POINT('',(-0.0116053153383672,0.00156250005,0.0111519716));
#7527=CARTESIAN_POINT('',(-0.0191568033288246,0.0107115858704429,-0.00863046250415935));
#7528=CARTESIAN_POINT('',(-0.0116053153383672,0.03966250005,-0.011149457));
#7529=CARTESIAN_POINT('',(-0.0159084712028467,0.0353779069702906,-0.000805534277715676));
#7530=CARTESIAN_POINT('',(-0.0149361144,0.03966250005,0.0014106546576905));
#7531=CARTESIAN_POINT('',(-0.0141345879301588,0.0353920494032481,0.00331750477806667));
#7532=CARTESIAN_POINT('',(-0.0149361144,0.0363460692585486,5.63785129692462E-18));
#7533=CARTESIAN_POINT('',(-0.0159084712028467,0.0353779069702906,0.000805534277715688));
#7534=CARTESIAN_POINT('',(-0.0149361144,0.0364328422519712,0.00322965779802886));
#7535=CARTESIAN_POINT('',(0.0116341144,0.03966250005,-0.006071997));
#7536=CARTESIAN_POINT('',(0.0148093673338225,0.0359002728791543,-0.00289674406617748));
#7537=CARTESIAN_POINT('',(0.0116341144,0.00663996005,-0.006071997));
#7538=CARTESIAN_POINT('',(0.0149361144,0.03966250005,0.002769997));
#7539=CARTESIAN_POINT('',(0.0116341144,0.03458504005,0.006071997));
#7540=CARTESIAN_POINT('',(0.0199478065060287,0.00319883062628876,-0.00224169510602862));
#7541=CARTESIAN_POINT('',(0.0048645318,0.0100983994072509,-0.077240003));
#7542=CARTESIAN_POINT('',(-0.00156253180000001,0.00679639940725109,-0.077240003));
#7543=CARTESIAN_POINT('',(0.0015625318,0.034428600692749,-0.077240003));
#7544=CARTESIAN_POINT('',(-0.00486453180000001,0.031126600692749,-0.077240003));
#7545=CARTESIAN_POINT('',(0.0149361144,0.036422638141478,-0.00323986190852202));
#7546=CARTESIAN_POINT('',(0.0149090141011426,0.0363876003488574,-0.00324314972608997));
#7547=CARTESIAN_POINT('',(0.0116341144,0.00663996005,-0.006071997));
#7548=CARTESIAN_POINT('',(0.0138485480937886,0.00377693374378864,-0.00580334114347951));
#7549=CARTESIAN_POINT('',(0.0116341144,0.03458504005,0.006071997));
#7550=CARTESIAN_POINT('',(0.0138485480937886,0.0374480663562113,0.00580334114347952));
#7551=CARTESIAN_POINT('',(0.0149361144,0.023853619258522,-0.015808880791478));
#7552=CARTESIAN_POINT('',(0.0232178429396084,0.0131462285896084,-0.0168136229431709));
#7553=CARTESIAN_POINT('',(0.0116341144,0.03966250005,6.86605953722015E-18));
#7554=CARTESIAN_POINT('',(0.0149361144,0.00486450005,6.50521303491303E-18));
#7555=MECHANICAL_DESIGN_GEOMETRIC_PRESENTATION_REPRESENTATION('',(#2824),
#7556);
#7556=(
GEOMETRIC_REPRESENTATION_CONTEXT(3)
GLOBAL_UNCERTAINTY_ASSIGNED_CONTEXT((#7557))
GLOBAL_UNIT_ASSIGNED_CONTEXT((#7560,#7559,#7558))
REPRESENTATION_CONTEXT('WeaponV2','TOP_LEVEL_ASSEMBLY_PART')
);
#7557=UNCERTAINTY_MEASURE_WITH_UNIT(LENGTH_MEASURE(2.E-5),#7560,
'DISTANCE_ACCURACY_VALUE','Maximum Tolerance applied to model');
#7558=(
NAMED_UNIT(*)
SI_UNIT($,.STERADIAN.)
SOLID_ANGLE_UNIT()
);
#7559=(
NAMED_UNIT(*)
PLANE_ANGLE_UNIT()
SI_UNIT($,.RADIAN.)
);
#7560=(
LENGTH_UNIT()
NAMED_UNIT(*)
SI_UNIT($,.METRE.)
);
#7561=PRODUCT_DEFINITION_SHAPE('','',#7562);
#7562=PRODUCT_DEFINITION('','',#7564,#7563);
#7563=PRODUCT_DEFINITION_CONTEXT('',#7570,'design');
#7564=PRODUCT_DEFINITION_FORMATION_WITH_SPECIFIED_SOURCE('','',#7566,
 .NOT_KNOWN.);
#7565=PRODUCT_RELATED_PRODUCT_CATEGORY('','',(#7566));
#7566=PRODUCT('WeaponV2','WeaponV2','WeaponV2',(#7568));
#7567=PRODUCT_CATEGORY('','');
#7568=PRODUCT_CONTEXT('',#7570,'mechanical');
#7569=APPLICATION_PROTOCOL_DEFINITION('international standard',
'ap242_managed_model_based_3d_engineering',2020,#7570);
#7570=APPLICATION_CONTEXT('managed model based 3d engineering');
ENDSEC;
END-ISO-10303-21;
