ISO-10303-21;
HEADER;
/* Generated by software containing ST-Developer
 * from STEP Tools, Inc. (www.steptools.com) 
 */
/* OPTION: using custom renumber hook */

FILE_DESCRIPTION(
/* description */ ('STEP AP242 Edition 2',
'CAx-IF Rec.Pracs.---Representation and Presentation of Product Manufa
cturing Information (PMI)---4.0---2014-10-13',
'CAx-IF Rec.Pracs.---3D Tessellated Geometry---0.4---2014-09-14','2;1',
'CAx-IF Rec.Pracs.---User Defined Attributes---1.5---2016-08-15'),
/* implementation_level */ '2;1');

FILE_NAME(
/* name */ 'WeaponMotorTimingWheel Copy 1',
/* time_stamp */ '2026-05-02T18:43:07Z',
/* author */ (''),
/* organization */ (''),
/* preprocessor_version */ 'ST-DEVELOPER v20',
/* originating_system */ 'ONSHAPE BY PTC INC, 1.214',
/* authorisation */ '  ');

FILE_SCHEMA (('AP242_MANAGED_MODEL_BASED_3D_ENGINEERING_MIM_LF { 1 0 10303 442 3 1 4 }'));
ENDSEC;

DATA;
#10=SHAPE_REPRESENTATION_RELATIONSHIP('','',#1235,#11);
#11=ADVANCED_BREP_SHAPE_REPRESENTATION('',(#1233),#4359);
#12=B_SPLINE_SURFACE_WITH_KNOTS('',3,1,((#4076,#4077),(#4078,#4079),(#4080,
#4081),(#4082,#4083)),.SURF_OF_LINEAR_EXTRUSION.,.F.,.F.,.F.,(4,4),(2,2),
(0.457966638672955,0.988703578543466),(0.,1.),.PIECEWISE_BEZIER_KNOTS.);
#13=B_SPLINE_SURFACE_WITH_KNOTS('',3,1,((#4084,#4085),(#4086,#4087),(#4088,
#4089),(#4090,#4091)),.SURF_OF_LINEAR_EXTRUSION.,.F.,.F.,.F.,(4,4),(2,2),
(0.457966638672957,0.988703578539802),(0.,1.),.PIECEWISE_BEZIER_KNOTS.);
#14=B_SPLINE_SURFACE_WITH_KNOTS('',3,1,((#4095,#4096),(#4097,#4098),(#4099,
#4100),(#4101,#4102)),.SURF_OF_LINEAR_EXTRUSION.,.F.,.F.,.F.,(4,4),(2,2),
(0.457966638672938,0.988703578543466),(0.,1.),.PIECEWISE_BEZIER_KNOTS.);
#15=B_SPLINE_SURFACE_WITH_KNOTS('',3,1,((#4103,#4104),(#4105,#4106),(#4107,
#4108),(#4109,#4110)),.SURF_OF_LINEAR_EXTRUSION.,.F.,.F.,.F.,(4,4),(2,2),
(0.457966638672934,0.988703578539802),(0.,1.),.PIECEWISE_BEZIER_KNOTS.);
#16=B_SPLINE_SURFACE_WITH_KNOTS('',3,1,((#4114,#4115),(#4116,#4117),(#4118,
#4119),(#4120,#4121)),.SURF_OF_LINEAR_EXTRUSION.,.F.,.F.,.F.,(4,4),(2,2),
(0.457966638672929,0.988703578543466),(0.,1.),.PIECEWISE_BEZIER_KNOTS.);
#17=B_SPLINE_SURFACE_WITH_KNOTS('',3,1,((#4122,#4123),(#4124,#4125),(#4126,
#4127),(#4128,#4129)),.SURF_OF_LINEAR_EXTRUSION.,.F.,.F.,.F.,(4,4),(2,2),
(0.457966638672935,0.988703578539802),(0.,1.),.PIECEWISE_BEZIER_KNOTS.);
#18=B_SPLINE_SURFACE_WITH_KNOTS('',3,1,((#4133,#4134),(#4135,#4136),(#4137,
#4138),(#4139,#4140)),.SURF_OF_LINEAR_EXTRUSION.,.F.,.F.,.F.,(4,4),(2,2),
(0.457966638672944,0.988703578539802),(0.,1.),.PIECEWISE_BEZIER_KNOTS.);
#19=B_SPLINE_SURFACE_WITH_KNOTS('',3,1,((#4141,#4142),(#4143,#4144),(#4145,
#4146),(#4147,#4148)),.SURF_OF_LINEAR_EXTRUSION.,.F.,.F.,.F.,(4,4),(2,2),
(0.457966638672942,0.988703578543466),(0.,1.),.PIECEWISE_BEZIER_KNOTS.);
#20=B_SPLINE_SURFACE_WITH_KNOTS('',3,1,((#4152,#4153),(#4154,#4155),(#4156,
#4157),(#4158,#4159)),.SURF_OF_LINEAR_EXTRUSION.,.F.,.F.,.F.,(4,4),(2,2),
(0.457966638672947,0.988703578539802),(0.,1.),.PIECEWISE_BEZIER_KNOTS.);
#21=B_SPLINE_SURFACE_WITH_KNOTS('',3,1,((#4160,#4161),(#4162,#4163),(#4164,
#4165),(#4166,#4167)),.SURF_OF_LINEAR_EXTRUSION.,.F.,.F.,.F.,(4,4),(2,2),
(0.457966638672944,0.988703578543466),(0.,1.),.PIECEWISE_BEZIER_KNOTS.);
#22=B_SPLINE_SURFACE_WITH_KNOTS('',3,1,((#4171,#4172),(#4173,#4174),(#4175,
#4176),(#4177,#4178)),.SURF_OF_LINEAR_EXTRUSION.,.F.,.F.,.F.,(4,4),(2,2),
(0.457966638672953,0.988703578543466),(0.,1.),.PIECEWISE_BEZIER_KNOTS.);
#23=B_SPLINE_SURFACE_WITH_KNOTS('',3,1,((#4179,#4180),(#4181,#4182),(#4183,
#4184),(#4185,#4186)),.SURF_OF_LINEAR_EXTRUSION.,.F.,.F.,.F.,(4,4),(2,2),
(0.457966638672955,0.988703578539802),(0.,1.),.PIECEWISE_BEZIER_KNOTS.);
#24=B_SPLINE_SURFACE_WITH_KNOTS('',3,1,((#4190,#4191),(#4192,#4193),(#4194,
#4195),(#4196,#4197)),.SURF_OF_LINEAR_EXTRUSION.,.F.,.F.,.F.,(4,4),(2,2),
(0.457966638672952,0.988703578539802),(0.,1.),.PIECEWISE_BEZIER_KNOTS.);
#25=B_SPLINE_SURFACE_WITH_KNOTS('',3,1,((#4198,#4199),(#4200,#4201),(#4202,
#4203),(#4204,#4205)),.SURF_OF_LINEAR_EXTRUSION.,.F.,.F.,.F.,(4,4),(2,2),
(0.457966638672948,0.988703578543466),(0.,1.),.PIECEWISE_BEZIER_KNOTS.);
#26=B_SPLINE_SURFACE_WITH_KNOTS('',3,1,((#4209,#4210),(#4211,#4212),(#4213,
#4214),(#4215,#4216)),.SURF_OF_LINEAR_EXTRUSION.,.F.,.F.,.F.,(4,4),(2,2),
(0.457966638672929,0.988703578543466),(0.,1.),.PIECEWISE_BEZIER_KNOTS.);
#27=B_SPLINE_SURFACE_WITH_KNOTS('',3,1,((#4217,#4218),(#4219,#4220),(#4221,
#4222),(#4223,#4224)),.SURF_OF_LINEAR_EXTRUSION.,.F.,.F.,.F.,(4,4),(2,2),
(0.457966638672929,0.988703578539802),(0.,1.),.PIECEWISE_BEZIER_KNOTS.);
#28=B_SPLINE_SURFACE_WITH_KNOTS('',3,1,((#4228,#4229),(#4230,#4231),(#4232,
#4233),(#4234,#4235)),.SURF_OF_LINEAR_EXTRUSION.,.F.,.F.,.F.,(4,4),(2,2),
(0.457966638672934,0.988703578543466),(0.,1.),.PIECEWISE_BEZIER_KNOTS.);
#29=B_SPLINE_SURFACE_WITH_KNOTS('',3,1,((#4236,#4237),(#4238,#4239),(#4240,
#4241),(#4242,#4243)),.SURF_OF_LINEAR_EXTRUSION.,.F.,.F.,.F.,(4,4),(2,2),
(0.457966638672929,0.988703578539802),(0.,1.),.PIECEWISE_BEZIER_KNOTS.);
#30=B_SPLINE_SURFACE_WITH_KNOTS('',3,1,((#4247,#4248),(#4249,#4250),(#4251,
#4252),(#4253,#4254)),.SURF_OF_LINEAR_EXTRUSION.,.F.,.F.,.F.,(4,4),(2,2),
(0.45796663867294,0.988703578543466),(0.,1.),.PIECEWISE_BEZIER_KNOTS.);
#31=B_SPLINE_SURFACE_WITH_KNOTS('',3,1,((#4255,#4256),(#4257,#4258),(#4259,
#4260),(#4261,#4262)),.SURF_OF_LINEAR_EXTRUSION.,.F.,.F.,.F.,(4,4),(2,2),
(0.45796663867294,0.988703578539802),(0.,1.),.PIECEWISE_BEZIER_KNOTS.);
#32=B_SPLINE_SURFACE_WITH_KNOTS('',3,1,((#4266,#4267),(#4268,#4269),(#4270,
#4271),(#4272,#4273)),.SURF_OF_LINEAR_EXTRUSION.,.F.,.F.,.F.,(4,4),(2,2),
(0.457966638672936,0.988703578539802),(0.,1.),.PIECEWISE_BEZIER_KNOTS.);
#33=B_SPLINE_SURFACE_WITH_KNOTS('',3,1,((#4274,#4275),(#4276,#4277),(#4278,
#4279),(#4280,#4281)),.SURF_OF_LINEAR_EXTRUSION.,.F.,.F.,.F.,(4,4),(2,2),
(0.45796663867294,0.988703578543466),(0.,1.),.PIECEWISE_BEZIER_KNOTS.);
#34=B_SPLINE_SURFACE_WITH_KNOTS('',3,1,((#4285,#4286),(#4287,#4288),(#4289,
#4290),(#4291,#4292)),.SURF_OF_LINEAR_EXTRUSION.,.F.,.F.,.F.,(4,4),(2,2),
(0.457966638672955,0.988703578543466),(0.,1.),.PIECEWISE_BEZIER_KNOTS.);
#35=B_SPLINE_SURFACE_WITH_KNOTS('',3,1,((#4293,#4294),(#4295,#4296),(#4297,
#4298),(#4299,#4300)),.SURF_OF_LINEAR_EXTRUSION.,.F.,.F.,.F.,(4,4),(2,2),
(0.457966638672949,0.988703578539802),(0.,1.),.PIECEWISE_BEZIER_KNOTS.);
#36=B_SPLINE_SURFACE_WITH_KNOTS('',3,1,((#4304,#4305),(#4306,#4307),(#4308,
#4309),(#4310,#4311)),.SURF_OF_LINEAR_EXTRUSION.,.F.,.F.,.F.,(4,4),(2,2),
(0.457966638672955,0.988703578539802),(0.,1.),.PIECEWISE_BEZIER_KNOTS.);
#37=B_SPLINE_SURFACE_WITH_KNOTS('',3,1,((#4312,#4313),(#4314,#4315),(#4316,
#4317),(#4318,#4319)),.SURF_OF_LINEAR_EXTRUSION.,.F.,.F.,.F.,(4,4),(2,2),
(0.457966638672957,0.988703578543466),(0.,1.),.PIECEWISE_BEZIER_KNOTS.);
#38=B_SPLINE_SURFACE_WITH_KNOTS('',3,1,((#4323,#4324),(#4325,#4326),(#4327,
#4328),(#4329,#4330)),.SURF_OF_LINEAR_EXTRUSION.,.F.,.F.,.F.,(4,4),(2,2),
(0.457966638672948,0.988703578539802),(0.,1.),.PIECEWISE_BEZIER_KNOTS.);
#39=B_SPLINE_SURFACE_WITH_KNOTS('',3,1,((#4331,#4332),(#4333,#4334),(#4335,
#4336),(#4337,#4338)),.SURF_OF_LINEAR_EXTRUSION.,.F.,.F.,.F.,(4,4),(2,2),
(0.457966638672946,0.988703578543466),(0.,1.),.PIECEWISE_BEZIER_KNOTS.);
#40=B_SPLINE_SURFACE_WITH_KNOTS('',3,1,((#4339,#4340),(#4341,#4342),(#4343,
#4344),(#4345,#4346)),.SURF_OF_LINEAR_EXTRUSION.,.F.,.F.,.F.,(4,4),(2,2),
(0.457966638672947,0.988703578543466),(0.,1.),.PIECEWISE_BEZIER_KNOTS.);
#41=B_SPLINE_SURFACE_WITH_KNOTS('',3,1,((#4348,#4349),(#4350,#4351),(#4352,
#4353),(#4354,#4355)),.SURF_OF_LINEAR_EXTRUSION.,.F.,.F.,.F.,(4,4),(2,2),
(0.457966638672944,0.988703578539802),(0.,1.),.PIECEWISE_BEZIER_KNOTS.);
#42=B_SPLINE_CURVE_WITH_KNOTS('',3,(#1753,#1754,#1755,#1756,#1757,#1758,
#1759,#1760,#1761,#1762,#1763,#1764,#1765,#1766,#1767,#1768,#1769,#1770,
#1771,#1772,#1773,#1774,#1775,#1776,#1777,#1778,#1779,#1780,#1781,#1782,
#1783,#1784,#1785,#1786,#1787,#1788,#1789),.UNSPECIFIED.,.F.,.F.,(4,1,1,
1,1,1,1,1,1,1,1,1,1,1,1,1,1,1,1,1,1,1,1,1,1,1,1,1,1,1,1,1,1,1,4),(0.,0.113487938645312,
0.12174344508947,0.132401255975107,0.145011747191337,0.159310699871886,
0.175118786671481,0.192303988722985,0.210763856851149,0.230415887111964,
0.251191783137003,0.273033793531268,0.295892248872636,0.31972383596219,
0.344490347744951,0.370157752534217,0.396695484754357,0.42407589370298,
0.452273807757534,0.48126618468468,0.511031827341331,0.541551149838043,
0.572805983201345,0.604779412349468,0.637455638178399,0.670819859994088,
0.704858174586883,0.739557489036557,0.77490544493564,0.810890352177644,
0.84750113081172,0.884727259742564,0.922558731273061,0.960986010660936,
0.988703578543466),.UNSPECIFIED.);
#43=B_SPLINE_CURVE_WITH_KNOTS('',3,(#1793,#1794,#1795,#1796,#1797,#1798,
#1799,#1800,#1801,#1802,#1803,#1804,#1805,#1806,#1807,#1808,#1809,#1810,
#1811,#1812,#1813,#1814,#1815,#1816,#1817,#1818,#1819,#1820,#1821,#1822,
#1823,#1824,#1825,#1826,#1827,#1828,#1829),.UNSPECIFIED.,.F.,.F.,(4,1,1,
1,1,1,1,1,1,1,1,1,1,1,1,1,1,1,1,1,1,1,1,1,1,1,1,1,1,1,1,1,1,1,4),(0.,0.113487938645312,
0.12174344508947,0.132401255975107,0.145011747191337,0.159310699871886,
0.175118786671481,0.192303988722985,0.210763856851149,0.230415887111964,
0.251191783137003,0.273033793531268,0.295892248872636,0.31972383596219,
0.344490347744951,0.370157752534217,0.396695484754357,0.42407589370298,
0.452273807757534,0.48126618468468,0.511031827341331,0.541551149838043,
0.572805983201345,0.604779412349468,0.637455638178399,0.670819859994088,
0.704858174586883,0.739557489036557,0.77490544493564,0.810890352177644,
0.84750113081172,0.884727259742564,0.922558731273061,0.960986010660936,
0.988703578539802),.UNSPECIFIED.);
#44=B_SPLINE_CURVE_WITH_KNOTS('',3,(#1830,#1831,#1832,#1833,#1834,#1835,
#1836,#1837,#1838,#1839,#1840,#1841,#1842,#1843,#1844,#1845,#1846,#1847,
#1848,#1849,#1850,#1851,#1852,#1853,#1854,#1855,#1856,#1857,#1858,#1859,
#1860,#1861,#1862,#1863,#1864,#1865,#1866),.UNSPECIFIED.,.F.,.F.,(4,1,1,
1,1,1,1,1,1,1,1,1,1,1,1,1,1,1,1,1,1,1,1,1,1,1,1,1,1,1,1,1,1,1,4),(0.,0.113487938645312,
0.12174344508947,0.132401255975107,0.145011747191337,0.159310699871886,
0.175118786671481,0.192303988722985,0.210763856851149,0.230415887111964,
0.251191783137003,0.273033793531268,0.295892248872636,0.31972383596219,
0.344490347744951,0.370157752534217,0.396695484754357,0.42407589370298,
0.452273807757534,0.48126618468468,0.511031827341331,0.541551149838043,
0.572805983201345,0.604779412349468,0.637455638178399,0.670819859994088,
0.704858174586883,0.739557489036557,0.77490544493564,0.810890352177644,
0.84750113081172,0.884727259742564,0.922558731273061,0.960986010660936,
0.988703578543466),.UNSPECIFIED.);
#45=B_SPLINE_CURVE_WITH_KNOTS('',3,(#1870,#1871,#1872,#1873,#1874,#1875,
#1876,#1877,#1878,#1879,#1880,#1881,#1882,#1883,#1884,#1885,#1886,#1887,
#1888,#1889,#1890,#1891,#1892,#1893,#1894,#1895,#1896,#1897,#1898,#1899,
#1900,#1901,#1902,#1903,#1904,#1905,#1906),.UNSPECIFIED.,.F.,.F.,(4,1,1,
1,1,1,1,1,1,1,1,1,1,1,1,1,1,1,1,1,1,1,1,1,1,1,1,1,1,1,1,1,1,1,4),(0.,0.113487938645312,
0.12174344508947,0.132401255975107,0.145011747191337,0.159310699871886,
0.175118786671481,0.192303988722985,0.210763856851149,0.230415887111964,
0.251191783137003,0.273033793531268,0.295892248872636,0.31972383596219,
0.344490347744951,0.370157752534217,0.396695484754357,0.42407589370298,
0.452273807757534,0.48126618468468,0.511031827341331,0.541551149838043,
0.572805983201345,0.604779412349468,0.637455638178399,0.670819859994088,
0.704858174586883,0.739557489036557,0.77490544493564,0.810890352177644,
0.84750113081172,0.884727259742564,0.922558731273061,0.960986010660936,
0.988703578539802),.UNSPECIFIED.);
#46=B_SPLINE_CURVE_WITH_KNOTS('',3,(#1907,#1908,#1909,#1910,#1911,#1912,
#1913,#1914,#1915,#1916,#1917,#1918,#1919,#1920,#1921,#1922,#1923,#1924,
#1925,#1926,#1927,#1928,#1929,#1930,#1931,#1932,#1933,#1934,#1935,#1936,
#1937,#1938,#1939,#1940,#1941,#1942,#1943),.UNSPECIFIED.,.F.,.F.,(4,1,1,
1,1,1,1,1,1,1,1,1,1,1,1,1,1,1,1,1,1,1,1,1,1,1,1,1,1,1,1,1,1,1,4),(0.,0.113487938645312,
0.12174344508947,0.132401255975107,0.145011747191337,0.159310699871886,
0.175118786671481,0.192303988722985,0.210763856851149,0.230415887111964,
0.251191783137003,0.273033793531268,0.295892248872636,0.31972383596219,
0.344490347744951,0.370157752534217,0.396695484754357,0.42407589370298,
0.452273807757534,0.48126618468468,0.511031827341331,0.541551149838043,
0.572805983201345,0.604779412349468,0.637455638178399,0.670819859994088,
0.704858174586883,0.739557489036557,0.77490544493564,0.810890352177644,
0.84750113081172,0.884727259742564,0.922558731273061,0.960986010660936,
0.988703578543466),.UNSPECIFIED.);
#47=B_SPLINE_CURVE_WITH_KNOTS('',3,(#1947,#1948,#1949,#1950,#1951,#1952,
#1953,#1954,#1955,#1956,#1957,#1958,#1959,#1960,#1961,#1962,#1963,#1964,
#1965,#1966,#1967,#1968,#1969,#1970,#1971,#1972,#1973,#1974,#1975,#1976,
#1977,#1978,#1979,#1980,#1981,#1982,#1983),.UNSPECIFIED.,.F.,.F.,(4,1,1,
1,1,1,1,1,1,1,1,1,1,1,1,1,1,1,1,1,1,1,1,1,1,1,1,1,1,1,1,1,1,1,4),(0.,0.113487938645312,
0.12174344508947,0.132401255975107,0.145011747191337,0.159310699871886,
0.175118786671481,0.192303988722985,0.210763856851149,0.230415887111964,
0.251191783137003,0.273033793531268,0.295892248872636,0.31972383596219,
0.344490347744951,0.370157752534217,0.396695484754357,0.42407589370298,
0.452273807757534,0.48126618468468,0.511031827341331,0.541551149838043,
0.572805983201345,0.604779412349468,0.637455638178399,0.670819859994088,
0.704858174586883,0.739557489036557,0.77490544493564,0.810890352177644,
0.84750113081172,0.884727259742564,0.922558731273061,0.960986010660936,
0.988703578539802),.UNSPECIFIED.);
#48=B_SPLINE_CURVE_WITH_KNOTS('',3,(#1984,#1985,#1986,#1987,#1988,#1989,
#1990,#1991,#1992,#1993,#1994,#1995,#1996,#1997,#1998,#1999,#2000,#2001,
#2002,#2003,#2004,#2005,#2006,#2007,#2008,#2009,#2010,#2011,#2012,#2013,
#2014,#2015,#2016,#2017,#2018,#2019,#2020),.UNSPECIFIED.,.F.,.F.,(4,1,1,
1,1,1,1,1,1,1,1,1,1,1,1,1,1,1,1,1,1,1,1,1,1,1,1,1,1,1,1,1,1,1,4),(0.,0.113487938645312,
0.12174344508947,0.132401255975107,0.145011747191337,0.159310699871886,
0.175118786671481,0.192303988722985,0.210763856851149,0.230415887111964,
0.251191783137003,0.273033793531268,0.295892248872636,0.31972383596219,
0.344490347744951,0.370157752534217,0.396695484754357,0.42407589370298,
0.452273807757534,0.48126618468468,0.511031827341331,0.541551149838043,
0.572805983201345,0.604779412349468,0.637455638178399,0.670819859994088,
0.704858174586883,0.739557489036557,0.77490544493564,0.810890352177644,
0.84750113081172,0.884727259742564,0.922558731273061,0.960986010660936,
0.988703578543466),.UNSPECIFIED.);
#49=B_SPLINE_CURVE_WITH_KNOTS('',3,(#2024,#2025,#2026,#2027,#2028,#2029,
#2030,#2031,#2032,#2033,#2034,#2035,#2036,#2037,#2038,#2039,#2040,#2041,
#2042,#2043,#2044,#2045,#2046,#2047,#2048,#2049,#2050,#2051,#2052,#2053,
#2054,#2055,#2056,#2057,#2058,#2059,#2060),.UNSPECIFIED.,.F.,.F.,(4,1,1,
1,1,1,1,1,1,1,1,1,1,1,1,1,1,1,1,1,1,1,1,1,1,1,1,1,1,1,1,1,1,1,4),(0.,0.113487938645312,
0.12174344508947,0.132401255975107,0.145011747191337,0.159310699871886,
0.175118786671481,0.192303988722985,0.210763856851149,0.230415887111964,
0.251191783137003,0.273033793531268,0.295892248872636,0.31972383596219,
0.344490347744951,0.370157752534217,0.396695484754357,0.42407589370298,
0.452273807757534,0.48126618468468,0.511031827341331,0.541551149838043,
0.572805983201345,0.604779412349468,0.637455638178399,0.670819859994088,
0.704858174586883,0.739557489036557,0.77490544493564,0.810890352177644,
0.84750113081172,0.884727259742564,0.922558731273061,0.960986010660936,
0.988703578539802),.UNSPECIFIED.);
#50=B_SPLINE_CURVE_WITH_KNOTS('',3,(#2061,#2062,#2063,#2064,#2065,#2066,
#2067,#2068,#2069,#2070,#2071,#2072,#2073,#2074,#2075,#2076,#2077,#2078,
#2079,#2080,#2081,#2082,#2083,#2084,#2085,#2086,#2087,#2088,#2089,#2090,
#2091,#2092,#2093,#2094,#2095,#2096,#2097),.UNSPECIFIED.,.F.,.F.,(4,1,1,
1,1,1,1,1,1,1,1,1,1,1,1,1,1,1,1,1,1,1,1,1,1,1,1,1,1,1,1,1,1,1,4),(0.,0.113487938645312,
0.12174344508947,0.132401255975107,0.145011747191337,0.159310699871886,
0.175118786671481,0.192303988722985,0.210763856851149,0.230415887111964,
0.251191783137003,0.273033793531268,0.295892248872636,0.31972383596219,
0.344490347744951,0.370157752534217,0.396695484754357,0.42407589370298,
0.452273807757534,0.48126618468468,0.511031827341331,0.541551149838043,
0.572805983201345,0.604779412349468,0.637455638178399,0.670819859994088,
0.704858174586883,0.739557489036557,0.77490544493564,0.810890352177644,
0.84750113081172,0.884727259742564,0.922558731273061,0.960986010660936,
0.988703578543466),.UNSPECIFIED.);
#51=B_SPLINE_CURVE_WITH_KNOTS('',3,(#2101,#2102,#2103,#2104,#2105,#2106,
#2107,#2108,#2109,#2110,#2111,#2112,#2113,#2114,#2115,#2116,#2117,#2118,
#2119,#2120,#2121,#2122,#2123,#2124,#2125,#2126,#2127,#2128,#2129,#2130,
#2131,#2132,#2133,#2134,#2135,#2136,#2137),.UNSPECIFIED.,.F.,.F.,(4,1,1,
1,1,1,1,1,1,1,1,1,1,1,1,1,1,1,1,1,1,1,1,1,1,1,1,1,1,1,1,1,1,1,4),(0.,0.113487938645312,
0.12174344508947,0.132401255975107,0.145011747191337,0.159310699871886,
0.175118786671481,0.192303988722985,0.210763856851149,0.230415887111964,
0.251191783137003,0.273033793531268,0.295892248872636,0.31972383596219,
0.344490347744951,0.370157752534217,0.396695484754357,0.42407589370298,
0.452273807757534,0.48126618468468,0.511031827341331,0.541551149838043,
0.572805983201345,0.604779412349468,0.637455638178399,0.670819859994088,
0.704858174586883,0.739557489036557,0.77490544493564,0.810890352177644,
0.84750113081172,0.884727259742564,0.922558731273061,0.960986010660936,
0.988703578539802),.UNSPECIFIED.);
#52=B_SPLINE_CURVE_WITH_KNOTS('',3,(#2138,#2139,#2140,#2141,#2142,#2143,
#2144,#2145,#2146,#2147,#2148,#2149,#2150,#2151,#2152,#2153,#2154,#2155,
#2156,#2157,#2158,#2159,#2160,#2161,#2162,#2163,#2164,#2165,#2166,#2167,
#2168,#2169,#2170,#2171,#2172,#2173,#2174),.UNSPECIFIED.,.F.,.F.,(4,1,1,
1,1,1,1,1,1,1,1,1,1,1,1,1,1,1,1,1,1,1,1,1,1,1,1,1,1,1,1,1,1,1,4),(0.,0.113487938645312,
0.12174344508947,0.132401255975107,0.145011747191337,0.159310699871886,
0.175118786671481,0.192303988722985,0.210763856851149,0.230415887111964,
0.251191783137003,0.273033793531268,0.295892248872636,0.31972383596219,
0.344490347744951,0.370157752534217,0.396695484754357,0.42407589370298,
0.452273807757534,0.48126618468468,0.511031827341331,0.541551149838043,
0.572805983201345,0.604779412349468,0.637455638178399,0.670819859994088,
0.704858174586883,0.739557489036557,0.77490544493564,0.810890352177644,
0.84750113081172,0.884727259742564,0.922558731273061,0.960986010660936,
0.988703578543466),.UNSPECIFIED.);
#53=B_SPLINE_CURVE_WITH_KNOTS('',3,(#2178,#2179,#2180,#2181,#2182,#2183,
#2184,#2185,#2186,#2187,#2188,#2189,#2190,#2191,#2192,#2193,#2194,#2195,
#2196,#2197,#2198,#2199,#2200,#2201,#2202,#2203,#2204,#2205,#2206,#2207,
#2208,#2209,#2210,#2211,#2212,#2213,#2214),.UNSPECIFIED.,.F.,.F.,(4,1,1,
1,1,1,1,1,1,1,1,1,1,1,1,1,1,1,1,1,1,1,1,1,1,1,1,1,1,1,1,1,1,1,4),(0.,0.113487938645312,
0.12174344508947,0.132401255975107,0.145011747191337,0.159310699871886,
0.175118786671481,0.192303988722985,0.210763856851149,0.230415887111964,
0.251191783137003,0.273033793531268,0.295892248872636,0.31972383596219,
0.344490347744951,0.370157752534217,0.396695484754357,0.42407589370298,
0.452273807757534,0.48126618468468,0.511031827341331,0.541551149838043,
0.572805983201345,0.604779412349468,0.637455638178399,0.670819859994088,
0.704858174586883,0.739557489036557,0.77490544493564,0.810890352177644,
0.84750113081172,0.884727259742564,0.922558731273061,0.960986010660936,
0.988703578539802),.UNSPECIFIED.);
#54=B_SPLINE_CURVE_WITH_KNOTS('',3,(#2215,#2216,#2217,#2218,#2219,#2220,
#2221,#2222,#2223,#2224,#2225,#2226,#2227,#2228,#2229,#2230,#2231,#2232,
#2233,#2234,#2235,#2236,#2237,#2238,#2239,#2240,#2241,#2242,#2243,#2244,
#2245,#2246,#2247,#2248,#2249,#2250,#2251),.UNSPECIFIED.,.F.,.F.,(4,1,1,
1,1,1,1,1,1,1,1,1,1,1,1,1,1,1,1,1,1,1,1,1,1,1,1,1,1,1,1,1,1,1,4),(0.,0.113487938645312,
0.12174344508947,0.132401255975107,0.145011747191337,0.159310699871886,
0.175118786671481,0.192303988722985,0.210763856851149,0.230415887111964,
0.251191783137003,0.273033793531268,0.295892248872636,0.31972383596219,
0.344490347744951,0.370157752534217,0.396695484754357,0.42407589370298,
0.452273807757534,0.48126618468468,0.511031827341331,0.541551149838043,
0.572805983201345,0.604779412349468,0.637455638178399,0.670819859994088,
0.704858174586883,0.739557489036557,0.77490544493564,0.810890352177644,
0.84750113081172,0.884727259742564,0.922558731273061,0.960986010660936,
0.988703578543466),.UNSPECIFIED.);
#55=B_SPLINE_CURVE_WITH_KNOTS('',3,(#2255,#2256,#2257,#2258,#2259,#2260,
#2261,#2262,#2263,#2264,#2265,#2266,#2267,#2268,#2269,#2270,#2271,#2272,
#2273,#2274,#2275,#2276,#2277,#2278,#2279,#2280,#2281,#2282,#2283,#2284,
#2285,#2286,#2287,#2288,#2289,#2290,#2291),.UNSPECIFIED.,.F.,.F.,(4,1,1,
1,1,1,1,1,1,1,1,1,1,1,1,1,1,1,1,1,1,1,1,1,1,1,1,1,1,1,1,1,1,1,4),(0.,0.113487938645312,
0.12174344508947,0.132401255975107,0.145011747191337,0.159310699871886,
0.175118786671481,0.192303988722985,0.210763856851149,0.230415887111964,
0.251191783137003,0.273033793531268,0.295892248872636,0.31972383596219,
0.344490347744951,0.370157752534217,0.396695484754357,0.42407589370298,
0.452273807757534,0.48126618468468,0.511031827341331,0.541551149838043,
0.572805983201345,0.604779412349468,0.637455638178399,0.670819859994088,
0.704858174586883,0.739557489036557,0.77490544493564,0.810890352177644,
0.84750113081172,0.884727259742564,0.922558731273061,0.960986010660936,
0.988703578539802),.UNSPECIFIED.);
#56=B_SPLINE_CURVE_WITH_KNOTS('',3,(#2292,#2293,#2294,#2295,#2296,#2297,
#2298,#2299,#2300,#2301,#2302,#2303,#2304,#2305,#2306,#2307,#2308,#2309,
#2310,#2311,#2312,#2313,#2314,#2315,#2316,#2317,#2318,#2319,#2320,#2321,
#2322,#2323,#2324,#2325,#2326,#2327,#2328),.UNSPECIFIED.,.F.,.F.,(4,1,1,
1,1,1,1,1,1,1,1,1,1,1,1,1,1,1,1,1,1,1,1,1,1,1,1,1,1,1,1,1,1,1,4),(0.,0.113487938645312,
0.12174344508947,0.132401255975107,0.145011747191337,0.159310699871886,
0.175118786671481,0.192303988722985,0.210763856851149,0.230415887111964,
0.251191783137003,0.273033793531268,0.295892248872636,0.31972383596219,
0.344490347744951,0.370157752534217,0.396695484754357,0.42407589370298,
0.452273807757534,0.48126618468468,0.511031827341331,0.541551149838043,
0.572805983201345,0.604779412349468,0.637455638178399,0.670819859994088,
0.704858174586883,0.739557489036557,0.77490544493564,0.810890352177644,
0.84750113081172,0.884727259742564,0.922558731273061,0.960986010660936,
0.988703578543466),.UNSPECIFIED.);
#57=B_SPLINE_CURVE_WITH_KNOTS('',3,(#2332,#2333,#2334,#2335,#2336,#2337,
#2338,#2339,#2340,#2341,#2342,#2343,#2344,#2345,#2346,#2347,#2348,#2349,
#2350,#2351,#2352,#2353,#2354,#2355,#2356,#2357,#2358,#2359,#2360,#2361,
#2362,#2363,#2364,#2365,#2366,#2367,#2368),.UNSPECIFIED.,.F.,.F.,(4,1,1,
1,1,1,1,1,1,1,1,1,1,1,1,1,1,1,1,1,1,1,1,1,1,1,1,1,1,1,1,1,1,1,4),(0.,0.113487938645312,
0.12174344508947,0.132401255975107,0.145011747191337,0.159310699871886,
0.175118786671481,0.192303988722985,0.210763856851149,0.230415887111964,
0.251191783137003,0.273033793531268,0.295892248872636,0.31972383596219,
0.344490347744951,0.370157752534217,0.396695484754357,0.42407589370298,
0.452273807757534,0.48126618468468,0.511031827341331,0.541551149838043,
0.572805983201345,0.604779412349468,0.637455638178399,0.670819859994088,
0.704858174586883,0.739557489036557,0.77490544493564,0.810890352177644,
0.84750113081172,0.884727259742564,0.922558731273061,0.960986010660936,
0.988703578539802),.UNSPECIFIED.);
#58=B_SPLINE_CURVE_WITH_KNOTS('',3,(#2369,#2370,#2371,#2372,#2373,#2374,
#2375,#2376,#2377,#2378,#2379,#2380,#2381,#2382,#2383,#2384,#2385,#2386,
#2387,#2388,#2389,#2390,#2391,#2392,#2393,#2394,#2395,#2396,#2397,#2398,
#2399,#2400,#2401,#2402,#2403,#2404,#2405),.UNSPECIFIED.,.F.,.F.,(4,1,1,
1,1,1,1,1,1,1,1,1,1,1,1,1,1,1,1,1,1,1,1,1,1,1,1,1,1,1,1,1,1,1,4),(0.,0.113487938645312,
0.12174344508947,0.132401255975107,0.145011747191337,0.159310699871886,
0.175118786671481,0.192303988722985,0.210763856851149,0.230415887111964,
0.251191783137003,0.273033793531268,0.295892248872636,0.31972383596219,
0.344490347744951,0.370157752534217,0.396695484754357,0.42407589370298,
0.452273807757534,0.48126618468468,0.511031827341331,0.541551149838043,
0.572805983201345,0.604779412349468,0.637455638178399,0.670819859994088,
0.704858174586883,0.739557489036557,0.77490544493564,0.810890352177644,
0.84750113081172,0.884727259742564,0.922558731273061,0.960986010660936,
0.988703578543466),.UNSPECIFIED.);
#59=B_SPLINE_CURVE_WITH_KNOTS('',3,(#2409,#2410,#2411,#2412,#2413,#2414,
#2415,#2416,#2417,#2418,#2419,#2420,#2421,#2422,#2423,#2424,#2425,#2426,
#2427,#2428,#2429,#2430,#2431,#2432,#2433,#2434,#2435,#2436,#2437,#2438,
#2439,#2440,#2441,#2442,#2443,#2444,#2445),.UNSPECIFIED.,.F.,.F.,(4,1,1,
1,1,1,1,1,1,1,1,1,1,1,1,1,1,1,1,1,1,1,1,1,1,1,1,1,1,1,1,1,1,1,4),(0.,0.113487938645312,
0.12174344508947,0.132401255975107,0.145011747191337,0.159310699871886,
0.175118786671481,0.192303988722985,0.210763856851149,0.230415887111964,
0.251191783137003,0.273033793531268,0.295892248872636,0.31972383596219,
0.344490347744951,0.370157752534217,0.396695484754357,0.42407589370298,
0.452273807757534,0.48126618468468,0.511031827341331,0.541551149838043,
0.572805983201345,0.604779412349468,0.637455638178399,0.670819859994088,
0.704858174586883,0.739557489036557,0.77490544493564,0.810890352177644,
0.84750113081172,0.884727259742564,0.922558731273061,0.960986010660936,
0.988703578539802),.UNSPECIFIED.);
#60=B_SPLINE_CURVE_WITH_KNOTS('',3,(#2446,#2447,#2448,#2449,#2450,#2451,
#2452,#2453,#2454,#2455,#2456,#2457,#2458,#2459,#2460,#2461,#2462,#2463,
#2464,#2465,#2466,#2467,#2468,#2469,#2470,#2471,#2472,#2473,#2474,#2475,
#2476,#2477,#2478,#2479,#2480,#2481,#2482),.UNSPECIFIED.,.F.,.F.,(4,1,1,
1,1,1,1,1,1,1,1,1,1,1,1,1,1,1,1,1,1,1,1,1,1,1,1,1,1,1,1,1,1,1,4),(0.,0.113487938645312,
0.12174344508947,0.132401255975107,0.145011747191337,0.159310699871886,
0.175118786671481,0.192303988722985,0.210763856851149,0.230415887111964,
0.251191783137003,0.273033793531268,0.295892248872636,0.31972383596219,
0.344490347744951,0.370157752534217,0.396695484754357,0.42407589370298,
0.452273807757534,0.48126618468468,0.511031827341331,0.541551149838043,
0.572805983201345,0.604779412349468,0.637455638178399,0.670819859994088,
0.704858174586883,0.739557489036557,0.77490544493564,0.810890352177644,
0.84750113081172,0.884727259742564,0.922558731273061,0.960986010660936,
0.988703578543466),.UNSPECIFIED.);
#61=B_SPLINE_CURVE_WITH_KNOTS('',3,(#2486,#2487,#2488,#2489,#2490,#2491,
#2492,#2493,#2494,#2495,#2496,#2497,#2498,#2499,#2500,#2501,#2502,#2503,
#2504,#2505,#2506,#2507,#2508,#2509,#2510,#2511,#2512,#2513,#2514,#2515,
#2516,#2517,#2518,#2519,#2520,#2521,#2522),.UNSPECIFIED.,.F.,.F.,(4,1,1,
1,1,1,1,1,1,1,1,1,1,1,1,1,1,1,1,1,1,1,1,1,1,1,1,1,1,1,1,1,1,1,4),(0.,0.113487938645312,
0.12174344508947,0.132401255975107,0.145011747191337,0.159310699871886,
0.175118786671481,0.192303988722985,0.210763856851149,0.230415887111964,
0.251191783137003,0.273033793531268,0.295892248872636,0.31972383596219,
0.344490347744951,0.370157752534217,0.396695484754357,0.42407589370298,
0.452273807757534,0.48126618468468,0.511031827341331,0.541551149838043,
0.572805983201345,0.604779412349468,0.637455638178399,0.670819859994088,
0.704858174586883,0.739557489036557,0.77490544493564,0.810890352177644,
0.84750113081172,0.884727259742564,0.922558731273061,0.960986010660936,
0.988703578539802),.UNSPECIFIED.);
#62=B_SPLINE_CURVE_WITH_KNOTS('',3,(#2523,#2524,#2525,#2526,#2527,#2528,
#2529,#2530,#2531,#2532,#2533,#2534,#2535,#2536,#2537,#2538,#2539,#2540,
#2541,#2542,#2543,#2544,#2545,#2546,#2547,#2548,#2549,#2550,#2551,#2552,
#2553,#2554,#2555,#2556,#2557,#2558,#2559),.UNSPECIFIED.,.F.,.F.,(4,1,1,
1,1,1,1,1,1,1,1,1,1,1,1,1,1,1,1,1,1,1,1,1,1,1,1,1,1,1,1,1,1,1,4),(0.,0.113487938645312,
0.12174344508947,0.132401255975107,0.145011747191337,0.159310699871886,
0.175118786671481,0.192303988722985,0.210763856851149,0.230415887111964,
0.251191783137003,0.273033793531268,0.295892248872636,0.31972383596219,
0.344490347744951,0.370157752534217,0.396695484754357,0.42407589370298,
0.452273807757534,0.48126618468468,0.511031827341331,0.541551149838043,
0.572805983201345,0.604779412349468,0.637455638178399,0.670819859994088,
0.704858174586883,0.739557489036557,0.77490544493564,0.810890352177644,
0.84750113081172,0.884727259742564,0.922558731273061,0.960986010660936,
0.988703578543466),.UNSPECIFIED.);
#63=B_SPLINE_CURVE_WITH_KNOTS('',3,(#2563,#2564,#2565,#2566,#2567,#2568,
#2569,#2570,#2571,#2572,#2573,#2574,#2575,#2576,#2577,#2578,#2579,#2580,
#2581,#2582,#2583,#2584,#2585,#2586,#2587,#2588,#2589,#2590,#2591,#2592,
#2593,#2594,#2595,#2596,#2597,#2598,#2599),.UNSPECIFIED.,.F.,.F.,(4,1,1,
1,1,1,1,1,1,1,1,1,1,1,1,1,1,1,1,1,1,1,1,1,1,1,1,1,1,1,1,1,1,1,4),(0.,0.113487938645312,
0.12174344508947,0.132401255975107,0.145011747191337,0.159310699871886,
0.175118786671481,0.192303988722985,0.210763856851149,0.230415887111964,
0.251191783137003,0.273033793531268,0.295892248872636,0.31972383596219,
0.344490347744951,0.370157752534217,0.396695484754357,0.42407589370298,
0.452273807757534,0.48126618468468,0.511031827341331,0.541551149838043,
0.572805983201345,0.604779412349468,0.637455638178399,0.670819859994088,
0.704858174586883,0.739557489036557,0.77490544493564,0.810890352177644,
0.84750113081172,0.884727259742564,0.922558731273061,0.960986010660936,
0.988703578539802),.UNSPECIFIED.);
#64=B_SPLINE_CURVE_WITH_KNOTS('',3,(#2600,#2601,#2602,#2603,#2604,#2605,
#2606,#2607,#2608,#2609,#2610,#2611,#2612,#2613,#2614,#2615,#2616,#2617,
#2618,#2619,#2620,#2621,#2622,#2623,#2624,#2625,#2626,#2627,#2628,#2629,
#2630,#2631,#2632,#2633,#2634,#2635,#2636),.UNSPECIFIED.,.F.,.F.,(4,1,1,
1,1,1,1,1,1,1,1,1,1,1,1,1,1,1,1,1,1,1,1,1,1,1,1,1,1,1,1,1,1,1,4),(0.,0.113487938645312,
0.12174344508947,0.132401255975107,0.145011747191337,0.159310699871886,
0.175118786671481,0.192303988722985,0.210763856851149,0.230415887111964,
0.251191783137003,0.273033793531268,0.295892248872636,0.31972383596219,
0.344490347744951,0.370157752534217,0.396695484754357,0.42407589370298,
0.452273807757534,0.48126618468468,0.511031827341331,0.541551149838043,
0.572805983201345,0.604779412349468,0.637455638178399,0.670819859994088,
0.704858174586883,0.739557489036557,0.77490544493564,0.810890352177644,
0.84750113081172,0.884727259742564,0.922558731273061,0.960986010660936,
0.988703578543466),.UNSPECIFIED.);
#65=B_SPLINE_CURVE_WITH_KNOTS('',3,(#2640,#2641,#2642,#2643,#2644,#2645,
#2646,#2647,#2648,#2649,#2650,#2651,#2652,#2653,#2654,#2655,#2656,#2657,
#2658,#2659,#2660,#2661,#2662,#2663,#2664,#2665,#2666,#2667,#2668,#2669,
#2670,#2671,#2672,#2673,#2674,#2675,#2676),.UNSPECIFIED.,.F.,.F.,(4,1,1,
1,1,1,1,1,1,1,1,1,1,1,1,1,1,1,1,1,1,1,1,1,1,1,1,1,1,1,1,1,1,1,4),(0.,0.113487938645312,
0.12174344508947,0.132401255975107,0.145011747191337,0.159310699871886,
0.175118786671481,0.192303988722985,0.210763856851149,0.230415887111964,
0.251191783137003,0.273033793531268,0.295892248872636,0.31972383596219,
0.344490347744951,0.370157752534217,0.396695484754357,0.42407589370298,
0.452273807757534,0.48126618468468,0.511031827341331,0.541551149838043,
0.572805983201345,0.604779412349468,0.637455638178399,0.670819859994088,
0.704858174586883,0.739557489036557,0.77490544493564,0.810890352177644,
0.84750113081172,0.884727259742564,0.922558731273061,0.960986010660936,
0.988703578539802),.UNSPECIFIED.);
#66=B_SPLINE_CURVE_WITH_KNOTS('',3,(#2677,#2678,#2679,#2680,#2681,#2682,
#2683,#2684,#2685,#2686,#2687,#2688,#2689,#2690,#2691,#2692,#2693,#2694,
#2695,#2696,#2697,#2698,#2699,#2700,#2701,#2702,#2703,#2704,#2705,#2706,
#2707,#2708,#2709,#2710,#2711,#2712,#2713),.UNSPECIFIED.,.F.,.F.,(4,1,1,
1,1,1,1,1,1,1,1,1,1,1,1,1,1,1,1,1,1,1,1,1,1,1,1,1,1,1,1,1,1,1,4),(0.,0.113487938645312,
0.12174344508947,0.132401255975107,0.145011747191337,0.159310699871886,
0.175118786671481,0.192303988722985,0.210763856851149,0.230415887111964,
0.251191783137003,0.273033793531268,0.295892248872636,0.31972383596219,
0.344490347744951,0.370157752534217,0.396695484754357,0.42407589370298,
0.452273807757534,0.48126618468468,0.511031827341331,0.541551149838043,
0.572805983201345,0.604779412349468,0.637455638178399,0.670819859994088,
0.704858174586883,0.739557489036557,0.77490544493564,0.810890352177644,
0.84750113081172,0.884727259742564,0.922558731273061,0.960986010660936,
0.988703578543466),.UNSPECIFIED.);
#67=B_SPLINE_CURVE_WITH_KNOTS('',3,(#2717,#2718,#2719,#2720,#2721,#2722,
#2723,#2724,#2725,#2726,#2727,#2728,#2729,#2730,#2731,#2732,#2733,#2734,
#2735,#2736,#2737,#2738,#2739,#2740,#2741,#2742,#2743,#2744,#2745,#2746,
#2747,#2748,#2749,#2750,#2751,#2752,#2753),.UNSPECIFIED.,.F.,.F.,(4,1,1,
1,1,1,1,1,1,1,1,1,1,1,1,1,1,1,1,1,1,1,1,1,1,1,1,1,1,1,1,1,1,1,4),(0.,0.113487938645312,
0.12174344508947,0.132401255975107,0.145011747191337,0.159310699871886,
0.175118786671481,0.192303988722985,0.210763856851149,0.230415887111964,
0.251191783137003,0.273033793531268,0.295892248872636,0.31972383596219,
0.344490347744951,0.370157752534217,0.396695484754357,0.42407589370298,
0.452273807757534,0.48126618468468,0.511031827341331,0.541551149838043,
0.572805983201345,0.604779412349468,0.637455638178399,0.670819859994088,
0.704858174586883,0.739557489036557,0.77490544493564,0.810890352177644,
0.84750113081172,0.884727259742564,0.922558731273061,0.960986010660936,
0.988703578539802),.UNSPECIFIED.);
#68=B_SPLINE_CURVE_WITH_KNOTS('',3,(#2754,#2755,#2756,#2757,#2758,#2759,
#2760,#2761,#2762,#2763,#2764,#2765,#2766,#2767,#2768,#2769,#2770,#2771,
#2772,#2773,#2774,#2775,#2776,#2777,#2778,#2779,#2780,#2781,#2782,#2783,
#2784,#2785,#2786,#2787,#2788,#2789,#2790),.UNSPECIFIED.,.F.,.F.,(4,1,1,
1,1,1,1,1,1,1,1,1,1,1,1,1,1,1,1,1,1,1,1,1,1,1,1,1,1,1,1,1,1,1,4),(0.,0.113487938645312,
0.12174344508947,0.132401255975107,0.145011747191337,0.159310699871886,
0.175118786671481,0.192303988722985,0.210763856851149,0.230415887111964,
0.251191783137003,0.273033793531268,0.295892248872636,0.31972383596219,
0.344490347744951,0.370157752534217,0.396695484754357,0.42407589370298,
0.452273807757534,0.48126618468468,0.511031827341331,0.541551149838043,
0.572805983201345,0.604779412349468,0.637455638178399,0.670819859994088,
0.704858174586883,0.739557489036557,0.77490544493564,0.810890352177644,
0.84750113081172,0.884727259742564,0.922558731273061,0.960986010660936,
0.988703578543466),.UNSPECIFIED.);
#69=B_SPLINE_CURVE_WITH_KNOTS('',3,(#2794,#2795,#2796,#2797,#2798,#2799,
#2800,#2801,#2802,#2803,#2804,#2805,#2806,#2807,#2808,#2809,#2810,#2811,
#2812,#2813,#2814,#2815,#2816,#2817,#2818,#2819,#2820,#2821,#2822,#2823,
#2824,#2825,#2826,#2827,#2828,#2829,#2830),.UNSPECIFIED.,.F.,.F.,(4,1,1,
1,1,1,1,1,1,1,1,1,1,1,1,1,1,1,1,1,1,1,1,1,1,1,1,1,1,1,1,1,1,1,4),(0.,0.113487938645312,
0.12174344508947,0.132401255975107,0.145011747191337,0.159310699871886,
0.175118786671481,0.192303988722985,0.210763856851149,0.230415887111964,
0.251191783137003,0.273033793531268,0.295892248872636,0.31972383596219,
0.344490347744951,0.370157752534217,0.396695484754357,0.42407589370298,
0.452273807757534,0.48126618468468,0.511031827341331,0.541551149838043,
0.572805983201345,0.604779412349468,0.637455638178399,0.670819859994088,
0.704858174586883,0.739557489036557,0.77490544493564,0.810890352177644,
0.84750113081172,0.884727259742564,0.922558731273061,0.960986010660936,
0.988703578539802),.UNSPECIFIED.);
#70=B_SPLINE_CURVE_WITH_KNOTS('',3,(#2831,#2832,#2833,#2834,#2835,#2836,
#2837,#2838,#2839,#2840,#2841,#2842,#2843,#2844,#2845,#2846,#2847,#2848,
#2849,#2850,#2851,#2852,#2853,#2854,#2855,#2856,#2857,#2858,#2859,#2860,
#2861,#2862,#2863,#2864,#2865,#2866,#2867),.UNSPECIFIED.,.F.,.F.,(4,1,1,
1,1,1,1,1,1,1,1,1,1,1,1,1,1,1,1,1,1,1,1,1,1,1,1,1,1,1,1,1,1,1,4),(0.,0.113487938645312,
0.12174344508947,0.132401255975107,0.145011747191337,0.159310699871886,
0.175118786671481,0.192303988722985,0.210763856851149,0.230415887111964,
0.251191783137003,0.273033793531268,0.295892248872636,0.31972383596219,
0.344490347744951,0.370157752534217,0.396695484754357,0.42407589370298,
0.452273807757534,0.48126618468468,0.511031827341331,0.541551149838043,
0.572805983201345,0.604779412349468,0.637455638178399,0.670819859994088,
0.704858174586883,0.739557489036557,0.77490544493564,0.810890352177644,
0.84750113081172,0.884727259742564,0.922558731273061,0.960986010660936,
0.988703578543466),.UNSPECIFIED.);
#71=B_SPLINE_CURVE_WITH_KNOTS('',3,(#2871,#2872,#2873,#2874,#2875,#2876,
#2877,#2878,#2879,#2880,#2881,#2882,#2883,#2884,#2885,#2886,#2887,#2888,
#2889,#2890,#2891,#2892,#2893,#2894,#2895,#2896,#2897,#2898,#2899,#2900,
#2901,#2902,#2903,#2904,#2905,#2906,#2907),.UNSPECIFIED.,.F.,.F.,(4,1,1,
1,1,1,1,1,1,1,1,1,1,1,1,1,1,1,1,1,1,1,1,1,1,1,1,1,1,1,1,1,1,1,4),(0.,0.113487938645312,
0.12174344508947,0.132401255975107,0.145011747191337,0.159310699871886,
0.175118786671481,0.192303988722985,0.210763856851149,0.230415887111964,
0.251191783137003,0.273033793531268,0.295892248872636,0.31972383596219,
0.344490347744951,0.370157752534217,0.396695484754357,0.42407589370298,
0.452273807757534,0.48126618468468,0.511031827341331,0.541551149838043,
0.572805983201345,0.604779412349468,0.637455638178399,0.670819859994088,
0.704858174586883,0.739557489036557,0.77490544493564,0.810890352177644,
0.84750113081172,0.884727259742564,0.922558731273061,0.960986010660936,
0.988703578539802),.UNSPECIFIED.);
#72=B_SPLINE_CURVE_WITH_KNOTS('',3,(#2917,#2918,#2919,#2920,#2921,#2922,
#2923,#2924,#2925,#2926,#2927,#2928,#2929,#2930,#2931,#2932,#2933,#2934,
#2935,#2936,#2937,#2938,#2939,#2940,#2941,#2942,#2943,#2944,#2945,#2946,
#2947,#2948,#2949,#2950,#2951,#2952,#2953),.UNSPECIFIED.,.F.,.F.,(4,1,1,
1,1,1,1,1,1,1,1,1,1,1,1,1,1,1,1,1,1,1,1,1,1,1,1,1,1,1,1,1,1,1,4),(0.,0.113487938645312,
0.12174344508947,0.132401255975107,0.145011747191337,0.159310699871886,
0.175118786671481,0.192303988722985,0.210763856851149,0.230415887111964,
0.251191783137003,0.273033793531268,0.295892248872636,0.31972383596219,
0.344490347744951,0.370157752534217,0.396695484754357,0.42407589370298,
0.452273807757534,0.48126618468468,0.511031827341331,0.541551149838043,
0.572805983201345,0.604779412349468,0.637455638178399,0.670819859994088,
0.704858174586883,0.739557489036557,0.77490544493564,0.810890352177644,
0.84750113081172,0.884727259742564,0.922558731273061,0.960986010660936,
0.988703578539802),.UNSPECIFIED.);
#73=B_SPLINE_CURVE_WITH_KNOTS('',3,(#2957,#2958,#2959,#2960,#2961,#2962,
#2963,#2964,#2965,#2966,#2967,#2968,#2969,#2970,#2971,#2972,#2973,#2974,
#2975,#2976,#2977,#2978,#2979,#2980,#2981,#2982,#2983,#2984,#2985,#2986,
#2987,#2988,#2989,#2990,#2991,#2992,#2993),.UNSPECIFIED.,.F.,.F.,(4,1,1,
1,1,1,1,1,1,1,1,1,1,1,1,1,1,1,1,1,1,1,1,1,1,1,1,1,1,1,1,1,1,1,4),(0.,0.113487938645312,
0.12174344508947,0.132401255975107,0.145011747191337,0.159310699871886,
0.175118786671481,0.192303988722985,0.210763856851149,0.230415887111964,
0.251191783137003,0.273033793531268,0.295892248872636,0.31972383596219,
0.344490347744951,0.370157752534217,0.396695484754357,0.42407589370298,
0.452273807757534,0.48126618468468,0.511031827341331,0.541551149838043,
0.572805983201345,0.604779412349468,0.637455638178399,0.670819859994088,
0.704858174586883,0.739557489036557,0.77490544493564,0.810890352177644,
0.84750113081172,0.884727259742564,0.922558731273061,0.960986010660936,
0.988703578543466),.UNSPECIFIED.);
#74=B_SPLINE_CURVE_WITH_KNOTS('',3,(#2994,#2995,#2996,#2997,#2998,#2999,
#3000,#3001,#3002,#3003,#3004,#3005,#3006,#3007,#3008,#3009,#3010,#3011,
#3012,#3013,#3014,#3015,#3016,#3017,#3018,#3019,#3020,#3021,#3022,#3023,
#3024,#3025,#3026,#3027,#3028,#3029,#3030),.UNSPECIFIED.,.F.,.F.,(4,1,1,
1,1,1,1,1,1,1,1,1,1,1,1,1,1,1,1,1,1,1,1,1,1,1,1,1,1,1,1,1,1,1,4),(0.,0.113487938645312,
0.12174344508947,0.132401255975107,0.145011747191337,0.159310699871886,
0.175118786671481,0.192303988722985,0.210763856851149,0.230415887111964,
0.251191783137003,0.273033793531268,0.295892248872636,0.31972383596219,
0.344490347744951,0.370157752534217,0.396695484754357,0.42407589370298,
0.452273807757534,0.48126618468468,0.511031827341331,0.541551149838043,
0.572805983201345,0.604779412349468,0.637455638178399,0.670819859994088,
0.704858174586883,0.739557489036557,0.77490544493564,0.810890352177644,
0.84750113081172,0.884727259742564,0.922558731273061,0.960986010660936,
0.988703578539802),.UNSPECIFIED.);
#75=B_SPLINE_CURVE_WITH_KNOTS('',3,(#3034,#3035,#3036,#3037,#3038,#3039,
#3040,#3041,#3042,#3043,#3044,#3045,#3046,#3047,#3048,#3049,#3050,#3051,
#3052,#3053,#3054,#3055,#3056,#3057,#3058,#3059,#3060,#3061,#3062,#3063,
#3064,#3065,#3066,#3067,#3068,#3069,#3070),.UNSPECIFIED.,.F.,.F.,(4,1,1,
1,1,1,1,1,1,1,1,1,1,1,1,1,1,1,1,1,1,1,1,1,1,1,1,1,1,1,1,1,1,1,4),(0.,0.113487938645312,
0.12174344508947,0.132401255975107,0.145011747191337,0.159310699871886,
0.175118786671481,0.192303988722985,0.210763856851149,0.230415887111964,
0.251191783137003,0.273033793531268,0.295892248872636,0.31972383596219,
0.344490347744951,0.370157752534217,0.396695484754357,0.42407589370298,
0.452273807757534,0.48126618468468,0.511031827341331,0.541551149838043,
0.572805983201345,0.604779412349468,0.637455638178399,0.670819859994088,
0.704858174586883,0.739557489036557,0.77490544493564,0.810890352177644,
0.84750113081172,0.884727259742564,0.922558731273061,0.960986010660936,
0.988703578543466),.UNSPECIFIED.);
#76=B_SPLINE_CURVE_WITH_KNOTS('',3,(#3071,#3072,#3073,#3074,#3075,#3076,
#3077,#3078,#3079,#3080,#3081,#3082,#3083,#3084,#3085,#3086,#3087,#3088,
#3089,#3090,#3091,#3092,#3093,#3094,#3095,#3096,#3097,#3098,#3099,#3100,
#3101,#3102,#3103,#3104,#3105,#3106,#3107),.UNSPECIFIED.,.F.,.F.,(4,1,1,
1,1,1,1,1,1,1,1,1,1,1,1,1,1,1,1,1,1,1,1,1,1,1,1,1,1,1,1,1,1,1,4),(0.,0.113487938645312,
0.12174344508947,0.132401255975107,0.145011747191337,0.159310699871886,
0.175118786671481,0.192303988722985,0.210763856851149,0.230415887111964,
0.251191783137003,0.273033793531268,0.295892248872636,0.31972383596219,
0.344490347744951,0.370157752534217,0.396695484754357,0.42407589370298,
0.452273807757534,0.48126618468468,0.511031827341331,0.541551149838043,
0.572805983201345,0.604779412349468,0.637455638178399,0.670819859994088,
0.704858174586883,0.739557489036557,0.77490544493564,0.810890352177644,
0.84750113081172,0.884727259742564,0.922558731273061,0.960986010660936,
0.988703578539802),.UNSPECIFIED.);
#77=B_SPLINE_CURVE_WITH_KNOTS('',3,(#3111,#3112,#3113,#3114,#3115,#3116,
#3117,#3118,#3119,#3120,#3121,#3122,#3123,#3124,#3125,#3126,#3127,#3128,
#3129,#3130,#3131,#3132,#3133,#3134,#3135,#3136,#3137,#3138,#3139,#3140,
#3141,#3142,#3143,#3144,#3145,#3146,#3147),.UNSPECIFIED.,.F.,.F.,(4,1,1,
1,1,1,1,1,1,1,1,1,1,1,1,1,1,1,1,1,1,1,1,1,1,1,1,1,1,1,1,1,1,1,4),(0.,0.113487938645312,
0.12174344508947,0.132401255975107,0.145011747191337,0.159310699871886,
0.175118786671481,0.192303988722985,0.210763856851149,0.230415887111964,
0.251191783137003,0.273033793531268,0.295892248872636,0.31972383596219,
0.344490347744951,0.370157752534217,0.396695484754357,0.42407589370298,
0.452273807757534,0.48126618468468,0.511031827341331,0.541551149838043,
0.572805983201345,0.604779412349468,0.637455638178399,0.670819859994088,
0.704858174586883,0.739557489036557,0.77490544493564,0.810890352177644,
0.84750113081172,0.884727259742564,0.922558731273061,0.960986010660936,
0.988703578543466),.UNSPECIFIED.);
#78=B_SPLINE_CURVE_WITH_KNOTS('',3,(#3148,#3149,#3150,#3151,#3152,#3153,
#3154,#3155,#3156,#3157,#3158,#3159,#3160,#3161,#3162,#3163,#3164,#3165,
#3166,#3167,#3168,#3169,#3170,#3171,#3172,#3173,#3174,#3175,#3176,#3177,
#3178,#3179,#3180,#3181,#3182,#3183,#3184),.UNSPECIFIED.,.F.,.F.,(4,1,1,
1,1,1,1,1,1,1,1,1,1,1,1,1,1,1,1,1,1,1,1,1,1,1,1,1,1,1,1,1,1,1,4),(0.,0.113487938645312,
0.12174344508947,0.132401255975107,0.145011747191337,0.159310699871886,
0.175118786671481,0.192303988722985,0.210763856851149,0.230415887111964,
0.251191783137003,0.273033793531268,0.295892248872636,0.31972383596219,
0.344490347744951,0.370157752534217,0.396695484754357,0.42407589370298,
0.452273807757534,0.48126618468468,0.511031827341331,0.541551149838043,
0.572805983201345,0.604779412349468,0.637455638178399,0.670819859994088,
0.704858174586883,0.739557489036557,0.77490544493564,0.810890352177644,
0.84750113081172,0.884727259742564,0.922558731273061,0.960986010660936,
0.988703578539802),.UNSPECIFIED.);
#79=B_SPLINE_CURVE_WITH_KNOTS('',3,(#3188,#3189,#3190,#3191,#3192,#3193,
#3194,#3195,#3196,#3197,#3198,#3199,#3200,#3201,#3202,#3203,#3204,#3205,
#3206,#3207,#3208,#3209,#3210,#3211,#3212,#3213,#3214,#3215,#3216,#3217,
#3218,#3219,#3220,#3221,#3222,#3223,#3224),.UNSPECIFIED.,.F.,.F.,(4,1,1,
1,1,1,1,1,1,1,1,1,1,1,1,1,1,1,1,1,1,1,1,1,1,1,1,1,1,1,1,1,1,1,4),(0.,0.113487938645312,
0.12174344508947,0.132401255975107,0.145011747191337,0.159310699871886,
0.175118786671481,0.192303988722985,0.210763856851149,0.230415887111964,
0.251191783137003,0.273033793531268,0.295892248872636,0.31972383596219,
0.344490347744951,0.370157752534217,0.396695484754357,0.42407589370298,
0.452273807757534,0.48126618468468,0.511031827341331,0.541551149838043,
0.572805983201345,0.604779412349468,0.637455638178399,0.670819859994088,
0.704858174586883,0.739557489036557,0.77490544493564,0.810890352177644,
0.84750113081172,0.884727259742564,0.922558731273061,0.960986010660936,
0.988703578543466),.UNSPECIFIED.);
#80=B_SPLINE_CURVE_WITH_KNOTS('',3,(#3225,#3226,#3227,#3228,#3229,#3230,
#3231,#3232,#3233,#3234,#3235,#3236,#3237,#3238,#3239,#3240,#3241,#3242,
#3243,#3244,#3245,#3246,#3247,#3248,#3249,#3250,#3251,#3252,#3253,#3254,
#3255,#3256,#3257,#3258,#3259,#3260,#3261),.UNSPECIFIED.,.F.,.F.,(4,1,1,
1,1,1,1,1,1,1,1,1,1,1,1,1,1,1,1,1,1,1,1,1,1,1,1,1,1,1,1,1,1,1,4),(0.,0.113487938645312,
0.12174344508947,0.132401255975107,0.145011747191337,0.159310699871886,
0.175118786671481,0.192303988722985,0.210763856851149,0.230415887111964,
0.251191783137003,0.273033793531268,0.295892248872636,0.31972383596219,
0.344490347744951,0.370157752534217,0.396695484754357,0.42407589370298,
0.452273807757534,0.48126618468468,0.511031827341331,0.541551149838043,
0.572805983201345,0.604779412349468,0.637455638178399,0.670819859994088,
0.704858174586883,0.739557489036557,0.77490544493564,0.810890352177644,
0.84750113081172,0.884727259742564,0.922558731273061,0.960986010660936,
0.988703578539802),.UNSPECIFIED.);
#81=B_SPLINE_CURVE_WITH_KNOTS('',3,(#3265,#3266,#3267,#3268,#3269,#3270,
#3271,#3272,#3273,#3274,#3275,#3276,#3277,#3278,#3279,#3280,#3281,#3282,
#3283,#3284,#3285,#3286,#3287,#3288,#3289,#3290,#3291,#3292,#3293,#3294,
#3295,#3296,#3297,#3298,#3299,#3300,#3301),.UNSPECIFIED.,.F.,.F.,(4,1,1,
1,1,1,1,1,1,1,1,1,1,1,1,1,1,1,1,1,1,1,1,1,1,1,1,1,1,1,1,1,1,1,4),(0.,0.113487938645312,
0.12174344508947,0.132401255975107,0.145011747191337,0.159310699871886,
0.175118786671481,0.192303988722985,0.210763856851149,0.230415887111964,
0.251191783137003,0.273033793531268,0.295892248872636,0.31972383596219,
0.344490347744951,0.370157752534217,0.396695484754357,0.42407589370298,
0.452273807757534,0.48126618468468,0.511031827341331,0.541551149838043,
0.572805983201345,0.604779412349468,0.637455638178399,0.670819859994088,
0.704858174586883,0.739557489036557,0.77490544493564,0.810890352177644,
0.84750113081172,0.884727259742564,0.922558731273061,0.960986010660936,
0.988703578543466),.UNSPECIFIED.);
#82=B_SPLINE_CURVE_WITH_KNOTS('',3,(#3302,#3303,#3304,#3305,#3306,#3307,
#3308,#3309,#3310,#3311,#3312,#3313,#3314,#3315,#3316,#3317,#3318,#3319,
#3320,#3321,#3322,#3323,#3324,#3325,#3326,#3327,#3328,#3329,#3330,#3331,
#3332,#3333,#3334,#3335,#3336,#3337,#3338),.UNSPECIFIED.,.F.,.F.,(4,1,1,
1,1,1,1,1,1,1,1,1,1,1,1,1,1,1,1,1,1,1,1,1,1,1,1,1,1,1,1,1,1,1,4),(0.,0.113487938645312,
0.12174344508947,0.132401255975107,0.145011747191337,0.159310699871886,
0.175118786671481,0.192303988722985,0.210763856851149,0.230415887111964,
0.251191783137003,0.273033793531268,0.295892248872636,0.31972383596219,
0.344490347744951,0.370157752534217,0.396695484754357,0.42407589370298,
0.452273807757534,0.48126618468468,0.511031827341331,0.541551149838043,
0.572805983201345,0.604779412349468,0.637455638178399,0.670819859994088,
0.704858174586883,0.739557489036557,0.77490544493564,0.810890352177644,
0.84750113081172,0.884727259742564,0.922558731273061,0.960986010660936,
0.988703578539802),.UNSPECIFIED.);
#83=B_SPLINE_CURVE_WITH_KNOTS('',3,(#3342,#3343,#3344,#3345,#3346,#3347,
#3348,#3349,#3350,#3351,#3352,#3353,#3354,#3355,#3356,#3357,#3358,#3359,
#3360,#3361,#3362,#3363,#3364,#3365,#3366,#3367,#3368,#3369,#3370,#3371,
#3372,#3373,#3374,#3375,#3376,#3377,#3378),.UNSPECIFIED.,.F.,.F.,(4,1,1,
1,1,1,1,1,1,1,1,1,1,1,1,1,1,1,1,1,1,1,1,1,1,1,1,1,1,1,1,1,1,1,4),(0.,0.113487938645312,
0.12174344508947,0.132401255975107,0.145011747191337,0.159310699871886,
0.175118786671481,0.192303988722985,0.210763856851149,0.230415887111964,
0.251191783137003,0.273033793531268,0.295892248872636,0.31972383596219,
0.344490347744951,0.370157752534217,0.396695484754357,0.42407589370298,
0.452273807757534,0.48126618468468,0.511031827341331,0.541551149838043,
0.572805983201345,0.604779412349468,0.637455638178399,0.670819859994088,
0.704858174586883,0.739557489036557,0.77490544493564,0.810890352177644,
0.84750113081172,0.884727259742564,0.922558731273061,0.960986010660936,
0.988703578543466),.UNSPECIFIED.);
#84=B_SPLINE_CURVE_WITH_KNOTS('',3,(#3379,#3380,#3381,#3382,#3383,#3384,
#3385,#3386,#3387,#3388,#3389,#3390,#3391,#3392,#3393,#3394,#3395,#3396,
#3397,#3398,#3399,#3400,#3401,#3402,#3403,#3404,#3405,#3406,#3407,#3408,
#3409,#3410,#3411,#3412,#3413,#3414,#3415),.UNSPECIFIED.,.F.,.F.,(4,1,1,
1,1,1,1,1,1,1,1,1,1,1,1,1,1,1,1,1,1,1,1,1,1,1,1,1,1,1,1,1,1,1,4),(0.,0.113487938645312,
0.12174344508947,0.132401255975107,0.145011747191337,0.159310699871886,
0.175118786671481,0.192303988722985,0.210763856851149,0.230415887111964,
0.251191783137003,0.273033793531268,0.295892248872636,0.31972383596219,
0.344490347744951,0.370157752534217,0.396695484754357,0.42407589370298,
0.452273807757534,0.48126618468468,0.511031827341331,0.541551149838043,
0.572805983201345,0.604779412349468,0.637455638178399,0.670819859994088,
0.704858174586883,0.739557489036557,0.77490544493564,0.810890352177644,
0.84750113081172,0.884727259742564,0.922558731273061,0.960986010660936,
0.988703578539802),.UNSPECIFIED.);
#85=B_SPLINE_CURVE_WITH_KNOTS('',3,(#3419,#3420,#3421,#3422,#3423,#3424,
#3425,#3426,#3427,#3428,#3429,#3430,#3431,#3432,#3433,#3434,#3435,#3436,
#3437,#3438,#3439,#3440,#3441,#3442,#3443,#3444,#3445,#3446,#3447,#3448,
#3449,#3450,#3451,#3452,#3453,#3454,#3455),.UNSPECIFIED.,.F.,.F.,(4,1,1,
1,1,1,1,1,1,1,1,1,1,1,1,1,1,1,1,1,1,1,1,1,1,1,1,1,1,1,1,1,1,1,4),(0.,0.113487938645312,
0.12174344508947,0.132401255975107,0.145011747191337,0.159310699871886,
0.175118786671481,0.192303988722985,0.210763856851149,0.230415887111964,
0.251191783137003,0.273033793531268,0.295892248872636,0.31972383596219,
0.344490347744951,0.370157752534217,0.396695484754357,0.42407589370298,
0.452273807757534,0.48126618468468,0.511031827341331,0.541551149838043,
0.572805983201345,0.604779412349468,0.637455638178399,0.670819859994088,
0.704858174586883,0.739557489036557,0.77490544493564,0.810890352177644,
0.84750113081172,0.884727259742564,0.922558731273061,0.960986010660936,
0.988703578543466),.UNSPECIFIED.);
#86=B_SPLINE_CURVE_WITH_KNOTS('',3,(#3456,#3457,#3458,#3459,#3460,#3461,
#3462,#3463,#3464,#3465,#3466,#3467,#3468,#3469,#3470,#3471,#3472,#3473,
#3474,#3475,#3476,#3477,#3478,#3479,#3480,#3481,#3482,#3483,#3484,#3485,
#3486,#3487,#3488,#3489,#3490,#3491,#3492),.UNSPECIFIED.,.F.,.F.,(4,1,1,
1,1,1,1,1,1,1,1,1,1,1,1,1,1,1,1,1,1,1,1,1,1,1,1,1,1,1,1,1,1,1,4),(0.,0.113487938645312,
0.12174344508947,0.132401255975107,0.145011747191337,0.159310699871886,
0.175118786671481,0.192303988722985,0.210763856851149,0.230415887111964,
0.251191783137003,0.273033793531268,0.295892248872636,0.31972383596219,
0.344490347744951,0.370157752534217,0.396695484754357,0.42407589370298,
0.452273807757534,0.48126618468468,0.511031827341331,0.541551149838043,
0.572805983201345,0.604779412349468,0.637455638178399,0.670819859994088,
0.704858174586883,0.739557489036557,0.77490544493564,0.810890352177644,
0.84750113081172,0.884727259742564,0.922558731273061,0.960986010660936,
0.988703578539802),.UNSPECIFIED.);
#87=B_SPLINE_CURVE_WITH_KNOTS('',3,(#3496,#3497,#3498,#3499,#3500,#3501,
#3502,#3503,#3504,#3505,#3506,#3507,#3508,#3509,#3510,#3511,#3512,#3513,
#3514,#3515,#3516,#3517,#3518,#3519,#3520,#3521,#3522,#3523,#3524,#3525,
#3526,#3527,#3528,#3529,#3530,#3531,#3532),.UNSPECIFIED.,.F.,.F.,(4,1,1,
1,1,1,1,1,1,1,1,1,1,1,1,1,1,1,1,1,1,1,1,1,1,1,1,1,1,1,1,1,1,1,4),(0.,0.113487938645312,
0.12174344508947,0.132401255975107,0.145011747191337,0.159310699871886,
0.175118786671481,0.192303988722985,0.210763856851149,0.230415887111964,
0.251191783137003,0.273033793531268,0.295892248872636,0.31972383596219,
0.344490347744951,0.370157752534217,0.396695484754357,0.42407589370298,
0.452273807757534,0.48126618468468,0.511031827341331,0.541551149838043,
0.572805983201345,0.604779412349468,0.637455638178399,0.670819859994088,
0.704858174586883,0.739557489036557,0.77490544493564,0.810890352177644,
0.84750113081172,0.884727259742564,0.922558731273061,0.960986010660936,
0.988703578543466),.UNSPECIFIED.);
#88=B_SPLINE_CURVE_WITH_KNOTS('',3,(#3533,#3534,#3535,#3536,#3537,#3538,
#3539,#3540,#3541,#3542,#3543,#3544,#3545,#3546,#3547,#3548,#3549,#3550,
#3551,#3552,#3553,#3554,#3555,#3556,#3557,#3558,#3559,#3560,#3561,#3562,
#3563,#3564,#3565,#3566,#3567,#3568,#3569),.UNSPECIFIED.,.F.,.F.,(4,1,1,
1,1,1,1,1,1,1,1,1,1,1,1,1,1,1,1,1,1,1,1,1,1,1,1,1,1,1,1,1,1,1,4),(0.,0.113487938645312,
0.12174344508947,0.132401255975107,0.145011747191337,0.159310699871886,
0.175118786671481,0.192303988722985,0.210763856851149,0.230415887111964,
0.251191783137003,0.273033793531268,0.295892248872636,0.31972383596219,
0.344490347744951,0.370157752534217,0.396695484754357,0.42407589370298,
0.452273807757534,0.48126618468468,0.511031827341331,0.541551149838043,
0.572805983201345,0.604779412349468,0.637455638178399,0.670819859994088,
0.704858174586883,0.739557489036557,0.77490544493564,0.810890352177644,
0.84750113081172,0.884727259742564,0.922558731273061,0.960986010660936,
0.988703578539802),.UNSPECIFIED.);
#89=B_SPLINE_CURVE_WITH_KNOTS('',3,(#3573,#3574,#3575,#3576,#3577,#3578,
#3579,#3580,#3581,#3582,#3583,#3584,#3585,#3586,#3587,#3588,#3589,#3590,
#3591,#3592,#3593,#3594,#3595,#3596,#3597,#3598,#3599,#3600,#3601,#3602,
#3603,#3604,#3605,#3606,#3607,#3608,#3609),.UNSPECIFIED.,.F.,.F.,(4,1,1,
1,1,1,1,1,1,1,1,1,1,1,1,1,1,1,1,1,1,1,1,1,1,1,1,1,1,1,1,1,1,1,4),(0.,0.113487938645312,
0.12174344508947,0.132401255975107,0.145011747191337,0.159310699871886,
0.175118786671481,0.192303988722985,0.210763856851149,0.230415887111964,
0.251191783137003,0.273033793531268,0.295892248872636,0.31972383596219,
0.344490347744951,0.370157752534217,0.396695484754357,0.42407589370298,
0.452273807757534,0.48126618468468,0.511031827341331,0.541551149838043,
0.572805983201345,0.604779412349468,0.637455638178399,0.670819859994088,
0.704858174586883,0.739557489036557,0.77490544493564,0.810890352177644,
0.84750113081172,0.884727259742564,0.922558731273061,0.960986010660936,
0.988703578543466),.UNSPECIFIED.);
#90=B_SPLINE_CURVE_WITH_KNOTS('',3,(#3610,#3611,#3612,#3613,#3614,#3615,
#3616,#3617,#3618,#3619,#3620,#3621,#3622,#3623,#3624,#3625,#3626,#3627,
#3628,#3629,#3630,#3631,#3632,#3633,#3634,#3635,#3636,#3637,#3638,#3639,
#3640,#3641,#3642,#3643,#3644,#3645,#3646),.UNSPECIFIED.,.F.,.F.,(4,1,1,
1,1,1,1,1,1,1,1,1,1,1,1,1,1,1,1,1,1,1,1,1,1,1,1,1,1,1,1,1,1,1,4),(0.,0.113487938645312,
0.12174344508947,0.132401255975107,0.145011747191337,0.159310699871886,
0.175118786671481,0.192303988722985,0.210763856851149,0.230415887111964,
0.251191783137003,0.273033793531268,0.295892248872636,0.31972383596219,
0.344490347744951,0.370157752534217,0.396695484754357,0.42407589370298,
0.452273807757534,0.48126618468468,0.511031827341331,0.541551149838043,
0.572805983201345,0.604779412349468,0.637455638178399,0.670819859994088,
0.704858174586883,0.739557489036557,0.77490544493564,0.810890352177644,
0.84750113081172,0.884727259742564,0.922558731273061,0.960986010660936,
0.988703578539802),.UNSPECIFIED.);
#91=B_SPLINE_CURVE_WITH_KNOTS('',3,(#3650,#3651,#3652,#3653,#3654,#3655,
#3656,#3657,#3658,#3659,#3660,#3661,#3662,#3663,#3664,#3665,#3666,#3667,
#3668,#3669,#3670,#3671,#3672,#3673,#3674,#3675,#3676,#3677,#3678,#3679,
#3680,#3681,#3682,#3683,#3684,#3685,#3686),.UNSPECIFIED.,.F.,.F.,(4,1,1,
1,1,1,1,1,1,1,1,1,1,1,1,1,1,1,1,1,1,1,1,1,1,1,1,1,1,1,1,1,1,1,4),(0.,0.113487938645312,
0.12174344508947,0.132401255975107,0.145011747191337,0.159310699871886,
0.175118786671481,0.192303988722985,0.210763856851149,0.230415887111964,
0.251191783137003,0.273033793531268,0.295892248872636,0.31972383596219,
0.344490347744951,0.370157752534217,0.396695484754357,0.42407589370298,
0.452273807757534,0.48126618468468,0.511031827341331,0.541551149838043,
0.572805983201345,0.604779412349468,0.637455638178399,0.670819859994088,
0.704858174586883,0.739557489036557,0.77490544493564,0.810890352177644,
0.84750113081172,0.884727259742564,0.922558731273061,0.960986010660936,
0.988703578543466),.UNSPECIFIED.);
#92=B_SPLINE_CURVE_WITH_KNOTS('',3,(#3687,#3688,#3689,#3690,#3691,#3692,
#3693,#3694,#3695,#3696,#3697,#3698,#3699,#3700,#3701,#3702,#3703,#3704,
#3705,#3706,#3707,#3708,#3709,#3710,#3711,#3712,#3713,#3714,#3715,#3716,
#3717,#3718,#3719,#3720,#3721,#3722,#3723),.UNSPECIFIED.,.F.,.F.,(4,1,1,
1,1,1,1,1,1,1,1,1,1,1,1,1,1,1,1,1,1,1,1,1,1,1,1,1,1,1,1,1,1,1,4),(0.,0.113487938645312,
0.12174344508947,0.132401255975107,0.145011747191337,0.159310699871886,
0.175118786671481,0.192303988722985,0.210763856851149,0.230415887111964,
0.251191783137003,0.273033793531268,0.295892248872636,0.31972383596219,
0.344490347744951,0.370157752534217,0.396695484754357,0.42407589370298,
0.452273807757534,0.48126618468468,0.511031827341331,0.541551149838043,
0.572805983201345,0.604779412349468,0.637455638178399,0.670819859994088,
0.704858174586883,0.739557489036557,0.77490544493564,0.810890352177644,
0.84750113081172,0.884727259742564,0.922558731273061,0.960986010660936,
0.988703578539802),.UNSPECIFIED.);
#93=B_SPLINE_CURVE_WITH_KNOTS('',3,(#3727,#3728,#3729,#3730,#3731,#3732,
#3733,#3734,#3735,#3736,#3737,#3738,#3739,#3740,#3741,#3742,#3743,#3744,
#3745,#3746,#3747,#3748,#3749,#3750,#3751,#3752,#3753,#3754,#3755,#3756,
#3757,#3758,#3759,#3760,#3761,#3762,#3763),.UNSPECIFIED.,.F.,.F.,(4,1,1,
1,1,1,1,1,1,1,1,1,1,1,1,1,1,1,1,1,1,1,1,1,1,1,1,1,1,1,1,1,1,1,4),(0.,0.113487938645312,
0.12174344508947,0.132401255975107,0.145011747191337,0.159310699871886,
0.175118786671481,0.192303988722985,0.210763856851149,0.230415887111964,
0.251191783137003,0.273033793531268,0.295892248872636,0.31972383596219,
0.344490347744951,0.370157752534217,0.396695484754357,0.42407589370298,
0.452273807757534,0.48126618468468,0.511031827341331,0.541551149838043,
0.572805983201345,0.604779412349468,0.637455638178399,0.670819859994088,
0.704858174586883,0.739557489036557,0.77490544493564,0.810890352177644,
0.84750113081172,0.884727259742564,0.922558731273061,0.960986010660936,
0.988703578543466),.UNSPECIFIED.);
#94=B_SPLINE_CURVE_WITH_KNOTS('',3,(#3764,#3765,#3766,#3767,#3768,#3769,
#3770,#3771,#3772,#3773,#3774,#3775,#3776,#3777,#3778,#3779,#3780,#3781,
#3782,#3783,#3784,#3785,#3786,#3787,#3788,#3789,#3790,#3791,#3792,#3793,
#3794,#3795,#3796,#3797,#3798,#3799,#3800),.UNSPECIFIED.,.F.,.F.,(4,1,1,
1,1,1,1,1,1,1,1,1,1,1,1,1,1,1,1,1,1,1,1,1,1,1,1,1,1,1,1,1,1,1,4),(0.,0.113487938645312,
0.12174344508947,0.132401255975107,0.145011747191337,0.159310699871886,
0.175118786671481,0.192303988722985,0.210763856851149,0.230415887111964,
0.251191783137003,0.273033793531268,0.295892248872636,0.31972383596219,
0.344490347744951,0.370157752534217,0.396695484754357,0.42407589370298,
0.452273807757534,0.48126618468468,0.511031827341331,0.541551149838043,
0.572805983201345,0.604779412349468,0.637455638178399,0.670819859994088,
0.704858174586883,0.739557489036557,0.77490544493564,0.810890352177644,
0.84750113081172,0.884727259742564,0.922558731273061,0.960986010660936,
0.988703578539802),.UNSPECIFIED.);
#95=B_SPLINE_CURVE_WITH_KNOTS('',3,(#3804,#3805,#3806,#3807,#3808,#3809,
#3810,#3811,#3812,#3813,#3814,#3815,#3816,#3817,#3818,#3819,#3820,#3821,
#3822,#3823,#3824,#3825,#3826,#3827,#3828,#3829,#3830,#3831,#3832,#3833,
#3834,#3835,#3836,#3837,#3838,#3839,#3840),.UNSPECIFIED.,.F.,.F.,(4,1,1,
1,1,1,1,1,1,1,1,1,1,1,1,1,1,1,1,1,1,1,1,1,1,1,1,1,1,1,1,1,1,1,4),(0.,0.113487938645312,
0.12174344508947,0.132401255975107,0.145011747191337,0.159310699871886,
0.175118786671481,0.192303988722985,0.210763856851149,0.230415887111964,
0.251191783137003,0.273033793531268,0.295892248872636,0.31972383596219,
0.344490347744951,0.370157752534217,0.396695484754357,0.42407589370298,
0.452273807757534,0.48126618468468,0.511031827341331,0.541551149838043,
0.572805983201345,0.604779412349468,0.637455638178399,0.670819859994088,
0.704858174586883,0.739557489036557,0.77490544493564,0.810890352177644,
0.84750113081172,0.884727259742564,0.922558731273061,0.960986010660936,
0.988703578543466),.UNSPECIFIED.);
#96=B_SPLINE_CURVE_WITH_KNOTS('',3,(#3841,#3842,#3843,#3844,#3845,#3846,
#3847,#3848,#3849,#3850,#3851,#3852,#3853,#3854,#3855,#3856,#3857,#3858,
#3859,#3860,#3861,#3862,#3863,#3864,#3865,#3866,#3867,#3868,#3869,#3870,
#3871,#3872,#3873,#3874,#3875,#3876,#3877),.UNSPECIFIED.,.F.,.F.,(4,1,1,
1,1,1,1,1,1,1,1,1,1,1,1,1,1,1,1,1,1,1,1,1,1,1,1,1,1,1,1,1,1,1,4),(0.,0.113487938645312,
0.12174344508947,0.132401255975107,0.145011747191337,0.159310699871886,
0.175118786671481,0.192303988722985,0.210763856851149,0.230415887111964,
0.251191783137003,0.273033793531268,0.295892248872636,0.31972383596219,
0.344490347744951,0.370157752534217,0.396695484754357,0.42407589370298,
0.452273807757534,0.48126618468468,0.511031827341331,0.541551149838043,
0.572805983201345,0.604779412349468,0.637455638178399,0.670819859994088,
0.704858174586883,0.739557489036557,0.77490544493564,0.810890352177644,
0.84750113081172,0.884727259742564,0.922558731273061,0.960986010660936,
0.988703578539802),.UNSPECIFIED.);
#97=B_SPLINE_CURVE_WITH_KNOTS('',3,(#3881,#3882,#3883,#3884,#3885,#3886,
#3887,#3888,#3889,#3890,#3891,#3892,#3893,#3894,#3895,#3896,#3897,#3898,
#3899,#3900,#3901,#3902,#3903,#3904,#3905,#3906,#3907,#3908,#3909,#3910,
#3911,#3912,#3913,#3914,#3915,#3916,#3917),.UNSPECIFIED.,.F.,.F.,(4,1,1,
1,1,1,1,1,1,1,1,1,1,1,1,1,1,1,1,1,1,1,1,1,1,1,1,1,1,1,1,1,1,1,4),(0.,0.113487938645312,
0.12174344508947,0.132401255975107,0.145011747191337,0.159310699871886,
0.175118786671481,0.192303988722985,0.210763856851149,0.230415887111964,
0.251191783137003,0.273033793531268,0.295892248872636,0.31972383596219,
0.344490347744951,0.370157752534217,0.396695484754357,0.42407589370298,
0.452273807757534,0.48126618468468,0.511031827341331,0.541551149838043,
0.572805983201345,0.604779412349468,0.637455638178399,0.670819859994088,
0.704858174586883,0.739557489036557,0.77490544493564,0.810890352177644,
0.84750113081172,0.884727259742564,0.922558731273061,0.960986010660936,
0.988703578543466),.UNSPECIFIED.);
#98=B_SPLINE_CURVE_WITH_KNOTS('',3,(#3918,#3919,#3920,#3921,#3922,#3923,
#3924,#3925,#3926,#3927,#3928,#3929,#3930,#3931,#3932,#3933,#3934,#3935,
#3936,#3937,#3938,#3939,#3940,#3941,#3942,#3943,#3944,#3945,#3946,#3947,
#3948,#3949,#3950,#3951,#3952,#3953,#3954),.UNSPECIFIED.,.F.,.F.,(4,1,1,
1,1,1,1,1,1,1,1,1,1,1,1,1,1,1,1,1,1,1,1,1,1,1,1,1,1,1,1,1,1,1,4),(0.,0.113487938645312,
0.12174344508947,0.132401255975107,0.145011747191337,0.159310699871886,
0.175118786671481,0.192303988722985,0.210763856851149,0.230415887111964,
0.251191783137003,0.273033793531268,0.295892248872636,0.31972383596219,
0.344490347744951,0.370157752534217,0.396695484754357,0.42407589370298,
0.452273807757534,0.48126618468468,0.511031827341331,0.541551149838043,
0.572805983201345,0.604779412349468,0.637455638178399,0.670819859994088,
0.704858174586883,0.739557489036557,0.77490544493564,0.810890352177644,
0.84750113081172,0.884727259742564,0.922558731273061,0.960986010660936,
0.988703578539802),.UNSPECIFIED.);
#99=B_SPLINE_CURVE_WITH_KNOTS('',3,(#3958,#3959,#3960,#3961,#3962,#3963,
#3964,#3965,#3966,#3967,#3968,#3969,#3970,#3971,#3972,#3973,#3974,#3975,
#3976,#3977,#3978,#3979,#3980,#3981,#3982,#3983,#3984,#3985,#3986,#3987,
#3988,#3989,#3990,#3991,#3992,#3993,#3994),.UNSPECIFIED.,.F.,.F.,(4,1,1,
1,1,1,1,1,1,1,1,1,1,1,1,1,1,1,1,1,1,1,1,1,1,1,1,1,1,1,1,1,1,1,4),(0.,0.113487938645312,
0.12174344508947,0.132401255975107,0.145011747191337,0.159310699871886,
0.175118786671481,0.192303988722985,0.210763856851149,0.230415887111964,
0.251191783137003,0.273033793531268,0.295892248872636,0.31972383596219,
0.344490347744951,0.370157752534217,0.396695484754357,0.42407589370298,
0.452273807757534,0.48126618468468,0.511031827341331,0.541551149838043,
0.572805983201345,0.604779412349468,0.637455638178399,0.670819859994088,
0.704858174586883,0.739557489036557,0.77490544493564,0.810890352177644,
0.84750113081172,0.884727259742564,0.922558731273061,0.960986010660936,
0.988703578543466),.UNSPECIFIED.);
#100=B_SPLINE_CURVE_WITH_KNOTS('',3,(#3995,#3996,#3997,#3998,#3999,#4000,
#4001,#4002,#4003,#4004,#4005,#4006,#4007,#4008,#4009,#4010,#4011,#4012,
#4013,#4014,#4015,#4016,#4017,#4018,#4019,#4020,#4021,#4022,#4023,#4024,
#4025,#4026,#4027,#4028,#4029,#4030,#4031),.UNSPECIFIED.,.F.,.F.,(4,1,1,
1,1,1,1,1,1,1,1,1,1,1,1,1,1,1,1,1,1,1,1,1,1,1,1,1,1,1,1,1,1,1,4),(0.,0.113487938645312,
0.12174344508947,0.132401255975107,0.145011747191337,0.159310699871886,
0.175118786671481,0.192303988722985,0.210763856851149,0.230415887111964,
0.251191783137003,0.273033793531268,0.295892248872636,0.31972383596219,
0.344490347744951,0.370157752534217,0.396695484754357,0.42407589370298,
0.452273807757534,0.48126618468468,0.511031827341331,0.541551149838043,
0.572805983201345,0.604779412349468,0.637455638178399,0.670819859994088,
0.704858174586883,0.739557489036557,0.77490544493564,0.810890352177644,
0.84750113081172,0.884727259742564,0.922558731273061,0.960986010660936,
0.988703578539802),.UNSPECIFIED.);
#101=B_SPLINE_CURVE_WITH_KNOTS('',3,(#4035,#4036,#4037,#4038,#4039,#4040,
#4041,#4042,#4043,#4044,#4045,#4046,#4047,#4048,#4049,#4050,#4051,#4052,
#4053,#4054,#4055,#4056,#4057,#4058,#4059,#4060,#4061,#4062,#4063,#4064,
#4065,#4066,#4067,#4068,#4069,#4070,#4071),.UNSPECIFIED.,.F.,.F.,(4,1,1,
1,1,1,1,1,1,1,1,1,1,1,1,1,1,1,1,1,1,1,1,1,1,1,1,1,1,1,1,1,1,1,4),(0.,0.113487938645312,
0.12174344508947,0.132401255975107,0.145011747191337,0.159310699871886,
0.175118786671481,0.192303988722985,0.210763856851149,0.230415887111964,
0.251191783137003,0.273033793531268,0.295892248872636,0.31972383596219,
0.344490347744951,0.370157752534217,0.396695484754357,0.42407589370298,
0.452273807757534,0.48126618468468,0.511031827341331,0.541551149838043,
0.572805983201345,0.604779412349468,0.637455638178399,0.670819859994088,
0.704858174586883,0.739557489036557,0.77490544493564,0.810890352177644,
0.84750113081172,0.884727259742564,0.922558731273061,0.960986010660936,
0.988703578543466),.UNSPECIFIED.);
#102=PLANE('',#1285);
#103=PLANE('',#1287);
#104=PLANE('',#1306);
#105=PLANE('',#1308);
#106=LINE('',#1613,#166);
#107=LINE('',#1617,#167);
#108=LINE('',#1622,#168);
#109=LINE('',#1626,#169);
#110=LINE('',#1631,#170);
#111=LINE('',#1635,#171);
#112=LINE('',#1640,#172);
#113=LINE('',#1644,#173);
#114=LINE('',#1649,#174);
#115=LINE('',#1653,#175);
#116=LINE('',#1658,#176);
#117=LINE('',#1662,#177);
#118=LINE('',#1667,#178);
#119=LINE('',#1671,#179);
#120=LINE('',#1676,#180);
#121=LINE('',#1680,#181);
#122=LINE('',#1685,#182);
#123=LINE('',#1689,#183);
#124=LINE('',#1694,#184);
#125=LINE('',#1698,#185);
#126=LINE('',#1703,#186);
#127=LINE('',#1707,#187);
#128=LINE('',#1712,#188);
#129=LINE('',#1716,#189);
#130=LINE('',#1721,#190);
#131=LINE('',#1725,#191);
#132=LINE('',#1730,#192);
#133=LINE('',#1734,#193);
#134=LINE('',#1739,#194);
#135=LINE('',#1743,#195);
#136=LINE('',#4074,#196);
#137=LINE('',#4075,#197);
#138=LINE('',#4093,#198);
#139=LINE('',#4094,#199);
#140=LINE('',#4112,#200);
#141=LINE('',#4113,#201);
#142=LINE('',#4131,#202);
#143=LINE('',#4132,#203);
#144=LINE('',#4150,#204);
#145=LINE('',#4151,#205);
#146=LINE('',#4169,#206);
#147=LINE('',#4170,#207);
#148=LINE('',#4188,#208);
#149=LINE('',#4189,#209);
#150=LINE('',#4207,#210);
#151=LINE('',#4208,#211);
#152=LINE('',#4226,#212);
#153=LINE('',#4227,#213);
#154=LINE('',#4245,#214);
#155=LINE('',#4246,#215);
#156=LINE('',#4264,#216);
#157=LINE('',#4265,#217);
#158=LINE('',#4283,#218);
#159=LINE('',#4284,#219);
#160=LINE('',#4302,#220);
#161=LINE('',#4303,#221);
#162=LINE('',#4321,#222);
#163=LINE('',#4322,#223);
#164=LINE('',#4347,#224);
#165=LINE('',#4356,#225);
#166=VECTOR('',#1346,1.);
#167=VECTOR('',#1349,1.);
#168=VECTOR('',#1354,1.);
#169=VECTOR('',#1357,1.);
#170=VECTOR('',#1362,1.);
#171=VECTOR('',#1365,1.);
#172=VECTOR('',#1370,1.);
#173=VECTOR('',#1373,1.);
#174=VECTOR('',#1378,1.);
#175=VECTOR('',#1381,1.);
#176=VECTOR('',#1386,1.);
#177=VECTOR('',#1389,1.);
#178=VECTOR('',#1394,1.);
#179=VECTOR('',#1397,1.);
#180=VECTOR('',#1402,1.);
#181=VECTOR('',#1405,1.);
#182=VECTOR('',#1410,1.);
#183=VECTOR('',#1413,1.);
#184=VECTOR('',#1418,1.);
#185=VECTOR('',#1421,1.);
#186=VECTOR('',#1426,1.);
#187=VECTOR('',#1429,1.);
#188=VECTOR('',#1434,1.);
#189=VECTOR('',#1437,1.);
#190=VECTOR('',#1442,1.);
#191=VECTOR('',#1445,1.);
#192=VECTOR('',#1450,1.);
#193=VECTOR('',#1453,1.);
#194=VECTOR('',#1458,1.);
#195=VECTOR('',#1461,1.);
#196=VECTOR('',#1550,1.);
#197=VECTOR('',#1551,1.);
#198=VECTOR('',#1554,1.);
#199=VECTOR('',#1555,1.);
#200=VECTOR('',#1558,1.);
#201=VECTOR('',#1559,1.);
#202=VECTOR('',#1562,1.);
#203=VECTOR('',#1563,1.);
#204=VECTOR('',#1566,1.);
#205=VECTOR('',#1567,1.);
#206=VECTOR('',#1570,1.);
#207=VECTOR('',#1571,1.);
#208=VECTOR('',#1574,1.);
#209=VECTOR('',#1575,1.);
#210=VECTOR('',#1578,1.);
#211=VECTOR('',#1579,1.);
#212=VECTOR('',#1582,1.);
#213=VECTOR('',#1583,1.);
#214=VECTOR('',#1586,1.);
#215=VECTOR('',#1587,1.);
#216=VECTOR('',#1590,1.);
#217=VECTOR('',#1591,1.);
#218=VECTOR('',#1594,1.);
#219=VECTOR('',#1595,1.);
#220=VECTOR('',#1598,1.);
#221=VECTOR('',#1599,1.);
#222=VECTOR('',#1602,1.);
#223=VECTOR('',#1603,1.);
#224=VECTOR('',#1604,1.);
#225=VECTOR('',#1605,1.);
#226=ORIENTED_EDGE('',*,*,#598,.T.);
#227=ORIENTED_EDGE('',*,*,#599,.T.);
#228=ORIENTED_EDGE('',*,*,#600,.F.);
#229=ORIENTED_EDGE('',*,*,#601,.F.);
#230=ORIENTED_EDGE('',*,*,#602,.T.);
#231=ORIENTED_EDGE('',*,*,#603,.T.);
#232=ORIENTED_EDGE('',*,*,#604,.F.);
#233=ORIENTED_EDGE('',*,*,#605,.F.);
#234=ORIENTED_EDGE('',*,*,#606,.T.);
#235=ORIENTED_EDGE('',*,*,#607,.T.);
#236=ORIENTED_EDGE('',*,*,#608,.F.);
#237=ORIENTED_EDGE('',*,*,#609,.F.);
#238=ORIENTED_EDGE('',*,*,#610,.T.);
#239=ORIENTED_EDGE('',*,*,#611,.T.);
#240=ORIENTED_EDGE('',*,*,#612,.F.);
#241=ORIENTED_EDGE('',*,*,#613,.F.);
#242=ORIENTED_EDGE('',*,*,#614,.T.);
#243=ORIENTED_EDGE('',*,*,#615,.T.);
#244=ORIENTED_EDGE('',*,*,#616,.F.);
#245=ORIENTED_EDGE('',*,*,#617,.F.);
#246=ORIENTED_EDGE('',*,*,#618,.T.);
#247=ORIENTED_EDGE('',*,*,#619,.T.);
#248=ORIENTED_EDGE('',*,*,#620,.F.);
#249=ORIENTED_EDGE('',*,*,#621,.F.);
#250=ORIENTED_EDGE('',*,*,#622,.T.);
#251=ORIENTED_EDGE('',*,*,#623,.T.);
#252=ORIENTED_EDGE('',*,*,#624,.F.);
#253=ORIENTED_EDGE('',*,*,#625,.F.);
#254=ORIENTED_EDGE('',*,*,#626,.T.);
#255=ORIENTED_EDGE('',*,*,#627,.T.);
#256=ORIENTED_EDGE('',*,*,#628,.F.);
#257=ORIENTED_EDGE('',*,*,#629,.F.);
#258=ORIENTED_EDGE('',*,*,#630,.T.);
#259=ORIENTED_EDGE('',*,*,#631,.T.);
#260=ORIENTED_EDGE('',*,*,#632,.F.);
#261=ORIENTED_EDGE('',*,*,#633,.F.);
#262=ORIENTED_EDGE('',*,*,#634,.T.);
#263=ORIENTED_EDGE('',*,*,#635,.T.);
#264=ORIENTED_EDGE('',*,*,#636,.F.);
#265=ORIENTED_EDGE('',*,*,#637,.F.);
#266=ORIENTED_EDGE('',*,*,#638,.T.);
#267=ORIENTED_EDGE('',*,*,#639,.T.);
#268=ORIENTED_EDGE('',*,*,#640,.F.);
#269=ORIENTED_EDGE('',*,*,#641,.F.);
#270=ORIENTED_EDGE('',*,*,#642,.T.);
#271=ORIENTED_EDGE('',*,*,#643,.T.);
#272=ORIENTED_EDGE('',*,*,#644,.F.);
#273=ORIENTED_EDGE('',*,*,#645,.F.);
#274=ORIENTED_EDGE('',*,*,#646,.T.);
#275=ORIENTED_EDGE('',*,*,#647,.T.);
#276=ORIENTED_EDGE('',*,*,#648,.F.);
#277=ORIENTED_EDGE('',*,*,#649,.F.);
#278=ORIENTED_EDGE('',*,*,#650,.T.);
#279=ORIENTED_EDGE('',*,*,#651,.T.);
#280=ORIENTED_EDGE('',*,*,#652,.F.);
#281=ORIENTED_EDGE('',*,*,#653,.F.);
#282=ORIENTED_EDGE('',*,*,#654,.T.);
#283=ORIENTED_EDGE('',*,*,#655,.T.);
#284=ORIENTED_EDGE('',*,*,#656,.F.);
#285=ORIENTED_EDGE('',*,*,#657,.F.);
#286=ORIENTED_EDGE('',*,*,#658,.F.);
#287=ORIENTED_EDGE('',*,*,#659,.T.);
#288=ORIENTED_EDGE('',*,*,#660,.F.);
#289=ORIENTED_EDGE('',*,*,#658,.T.);
#290=ORIENTED_EDGE('',*,*,#654,.F.);
#291=ORIENTED_EDGE('',*,*,#661,.T.);
#292=ORIENTED_EDGE('',*,*,#662,.T.);
#293=ORIENTED_EDGE('',*,*,#663,.F.);
#294=ORIENTED_EDGE('',*,*,#634,.F.);
#295=ORIENTED_EDGE('',*,*,#664,.T.);
#296=ORIENTED_EDGE('',*,*,#665,.T.);
#297=ORIENTED_EDGE('',*,*,#666,.F.);
#298=ORIENTED_EDGE('',*,*,#638,.F.);
#299=ORIENTED_EDGE('',*,*,#667,.T.);
#300=ORIENTED_EDGE('',*,*,#668,.T.);
#301=ORIENTED_EDGE('',*,*,#669,.F.);
#302=ORIENTED_EDGE('',*,*,#630,.F.);
#303=ORIENTED_EDGE('',*,*,#670,.T.);
#304=ORIENTED_EDGE('',*,*,#671,.T.);
#305=ORIENTED_EDGE('',*,*,#672,.F.);
#306=ORIENTED_EDGE('',*,*,#626,.F.);
#307=ORIENTED_EDGE('',*,*,#673,.T.);
#308=ORIENTED_EDGE('',*,*,#674,.T.);
#309=ORIENTED_EDGE('',*,*,#675,.F.);
#310=ORIENTED_EDGE('',*,*,#606,.F.);
#311=ORIENTED_EDGE('',*,*,#676,.T.);
#312=ORIENTED_EDGE('',*,*,#677,.T.);
#313=ORIENTED_EDGE('',*,*,#678,.F.);
#314=ORIENTED_EDGE('',*,*,#602,.F.);
#315=ORIENTED_EDGE('',*,*,#679,.T.);
#316=ORIENTED_EDGE('',*,*,#680,.T.);
#317=ORIENTED_EDGE('',*,*,#681,.F.);
#318=ORIENTED_EDGE('',*,*,#610,.F.);
#319=ORIENTED_EDGE('',*,*,#682,.T.);
#320=ORIENTED_EDGE('',*,*,#683,.T.);
#321=ORIENTED_EDGE('',*,*,#684,.F.);
#322=ORIENTED_EDGE('',*,*,#614,.F.);
#323=ORIENTED_EDGE('',*,*,#685,.T.);
#324=ORIENTED_EDGE('',*,*,#686,.T.);
#325=ORIENTED_EDGE('',*,*,#687,.F.);
#326=ORIENTED_EDGE('',*,*,#622,.F.);
#327=ORIENTED_EDGE('',*,*,#688,.T.);
#328=ORIENTED_EDGE('',*,*,#689,.T.);
#329=ORIENTED_EDGE('',*,*,#690,.F.);
#330=ORIENTED_EDGE('',*,*,#618,.F.);
#331=ORIENTED_EDGE('',*,*,#691,.T.);
#332=ORIENTED_EDGE('',*,*,#692,.T.);
#333=ORIENTED_EDGE('',*,*,#693,.F.);
#334=ORIENTED_EDGE('',*,*,#598,.F.);
#335=ORIENTED_EDGE('',*,*,#694,.T.);
#336=ORIENTED_EDGE('',*,*,#695,.T.);
#337=ORIENTED_EDGE('',*,*,#696,.F.);
#338=ORIENTED_EDGE('',*,*,#646,.F.);
#339=ORIENTED_EDGE('',*,*,#697,.T.);
#340=ORIENTED_EDGE('',*,*,#698,.T.);
#341=ORIENTED_EDGE('',*,*,#699,.F.);
#342=ORIENTED_EDGE('',*,*,#642,.F.);
#343=ORIENTED_EDGE('',*,*,#700,.T.);
#344=ORIENTED_EDGE('',*,*,#701,.T.);
#345=ORIENTED_EDGE('',*,*,#702,.F.);
#346=ORIENTED_EDGE('',*,*,#650,.F.);
#347=ORIENTED_EDGE('',*,*,#703,.T.);
#348=ORIENTED_EDGE('',*,*,#704,.T.);
#349=ORIENTED_EDGE('',*,*,#705,.F.);
#350=ORIENTED_EDGE('',*,*,#659,.F.);
#351=ORIENTED_EDGE('',*,*,#706,.F.);
#352=ORIENTED_EDGE('',*,*,#707,.T.);
#353=ORIENTED_EDGE('',*,*,#708,.F.);
#354=ORIENTED_EDGE('',*,*,#706,.T.);
#355=ORIENTED_EDGE('',*,*,#656,.T.);
#356=ORIENTED_EDGE('',*,*,#709,.T.);
#357=ORIENTED_EDGE('',*,*,#710,.F.);
#358=ORIENTED_EDGE('',*,*,#711,.F.);
#359=ORIENTED_EDGE('',*,*,#652,.T.);
#360=ORIENTED_EDGE('',*,*,#712,.T.);
#361=ORIENTED_EDGE('',*,*,#713,.F.);
#362=ORIENTED_EDGE('',*,*,#714,.F.);
#363=ORIENTED_EDGE('',*,*,#644,.T.);
#364=ORIENTED_EDGE('',*,*,#715,.T.);
#365=ORIENTED_EDGE('',*,*,#716,.F.);
#366=ORIENTED_EDGE('',*,*,#717,.F.);
#367=ORIENTED_EDGE('',*,*,#648,.T.);
#368=ORIENTED_EDGE('',*,*,#718,.T.);
#369=ORIENTED_EDGE('',*,*,#719,.F.);
#370=ORIENTED_EDGE('',*,*,#720,.F.);
#371=ORIENTED_EDGE('',*,*,#600,.T.);
#372=ORIENTED_EDGE('',*,*,#721,.T.);
#373=ORIENTED_EDGE('',*,*,#722,.F.);
#374=ORIENTED_EDGE('',*,*,#723,.F.);
#375=ORIENTED_EDGE('',*,*,#620,.T.);
#376=ORIENTED_EDGE('',*,*,#724,.T.);
#377=ORIENTED_EDGE('',*,*,#725,.F.);
#378=ORIENTED_EDGE('',*,*,#726,.F.);
#379=ORIENTED_EDGE('',*,*,#624,.T.);
#380=ORIENTED_EDGE('',*,*,#727,.T.);
#381=ORIENTED_EDGE('',*,*,#728,.F.);
#382=ORIENTED_EDGE('',*,*,#729,.F.);
#383=ORIENTED_EDGE('',*,*,#616,.T.);
#384=ORIENTED_EDGE('',*,*,#730,.T.);
#385=ORIENTED_EDGE('',*,*,#731,.F.);
#386=ORIENTED_EDGE('',*,*,#732,.F.);
#387=ORIENTED_EDGE('',*,*,#612,.T.);
#388=ORIENTED_EDGE('',*,*,#733,.T.);
#389=ORIENTED_EDGE('',*,*,#734,.F.);
#390=ORIENTED_EDGE('',*,*,#735,.F.);
#391=ORIENTED_EDGE('',*,*,#604,.T.);
#392=ORIENTED_EDGE('',*,*,#736,.T.);
#393=ORIENTED_EDGE('',*,*,#737,.F.);
#394=ORIENTED_EDGE('',*,*,#738,.F.);
#395=ORIENTED_EDGE('',*,*,#608,.T.);
#396=ORIENTED_EDGE('',*,*,#739,.T.);
#397=ORIENTED_EDGE('',*,*,#740,.F.);
#398=ORIENTED_EDGE('',*,*,#741,.F.);
#399=ORIENTED_EDGE('',*,*,#628,.T.);
#400=ORIENTED_EDGE('',*,*,#742,.T.);
#401=ORIENTED_EDGE('',*,*,#743,.F.);
#402=ORIENTED_EDGE('',*,*,#744,.F.);
#403=ORIENTED_EDGE('',*,*,#632,.T.);
#404=ORIENTED_EDGE('',*,*,#745,.T.);
#405=ORIENTED_EDGE('',*,*,#746,.F.);
#406=ORIENTED_EDGE('',*,*,#747,.F.);
#407=ORIENTED_EDGE('',*,*,#640,.T.);
#408=ORIENTED_EDGE('',*,*,#748,.T.);
#409=ORIENTED_EDGE('',*,*,#749,.F.);
#410=ORIENTED_EDGE('',*,*,#750,.F.);
#411=ORIENTED_EDGE('',*,*,#636,.T.);
#412=ORIENTED_EDGE('',*,*,#751,.T.);
#413=ORIENTED_EDGE('',*,*,#752,.F.);
#414=ORIENTED_EDGE('',*,*,#753,.F.);
#415=ORIENTED_EDGE('',*,*,#707,.F.);
#416=ORIENTED_EDGE('',*,*,#660,.T.);
#417=ORIENTED_EDGE('',*,*,#708,.T.);
#418=ORIENTED_EDGE('',*,*,#692,.F.);
#419=ORIENTED_EDGE('',*,*,#754,.T.);
#420=ORIENTED_EDGE('',*,*,#722,.T.);
#421=ORIENTED_EDGE('',*,*,#755,.F.);
#422=ORIENTED_EDGE('',*,*,#691,.F.);
#423=ORIENTED_EDGE('',*,*,#621,.T.);
#424=ORIENTED_EDGE('',*,*,#723,.T.);
#425=ORIENTED_EDGE('',*,*,#754,.F.);
#426=ORIENTED_EDGE('',*,*,#599,.F.);
#427=ORIENTED_EDGE('',*,*,#693,.T.);
#428=ORIENTED_EDGE('',*,*,#755,.T.);
#429=ORIENTED_EDGE('',*,*,#721,.F.);
#430=ORIENTED_EDGE('',*,*,#677,.F.);
#431=ORIENTED_EDGE('',*,*,#756,.T.);
#432=ORIENTED_EDGE('',*,*,#737,.T.);
#433=ORIENTED_EDGE('',*,*,#757,.F.);
#434=ORIENTED_EDGE('',*,*,#676,.F.);
#435=ORIENTED_EDGE('',*,*,#609,.T.);
#436=ORIENTED_EDGE('',*,*,#738,.T.);
#437=ORIENTED_EDGE('',*,*,#756,.F.);
#438=ORIENTED_EDGE('',*,*,#603,.F.);
#439=ORIENTED_EDGE('',*,*,#678,.T.);
#440=ORIENTED_EDGE('',*,*,#757,.T.);
#441=ORIENTED_EDGE('',*,*,#736,.F.);
#442=ORIENTED_EDGE('',*,*,#674,.F.);
#443=ORIENTED_EDGE('',*,*,#758,.T.);
#444=ORIENTED_EDGE('',*,*,#740,.T.);
#445=ORIENTED_EDGE('',*,*,#759,.F.);
#446=ORIENTED_EDGE('',*,*,#673,.F.);
#447=ORIENTED_EDGE('',*,*,#629,.T.);
#448=ORIENTED_EDGE('',*,*,#741,.T.);
#449=ORIENTED_EDGE('',*,*,#758,.F.);
#450=ORIENTED_EDGE('',*,*,#607,.F.);
#451=ORIENTED_EDGE('',*,*,#675,.T.);
#452=ORIENTED_EDGE('',*,*,#759,.T.);
#453=ORIENTED_EDGE('',*,*,#739,.F.);
#454=ORIENTED_EDGE('',*,*,#760,.F.);
#455=ORIENTED_EDGE('',*,*,#680,.F.);
#456=ORIENTED_EDGE('',*,*,#761,.T.);
#457=ORIENTED_EDGE('',*,*,#734,.T.);
#458=ORIENTED_EDGE('',*,*,#611,.F.);
#459=ORIENTED_EDGE('',*,*,#681,.T.);
#460=ORIENTED_EDGE('',*,*,#760,.T.);
#461=ORIENTED_EDGE('',*,*,#733,.F.);
#462=ORIENTED_EDGE('',*,*,#679,.F.);
#463=ORIENTED_EDGE('',*,*,#605,.T.);
#464=ORIENTED_EDGE('',*,*,#735,.T.);
#465=ORIENTED_EDGE('',*,*,#761,.F.);
#466=ORIENTED_EDGE('',*,*,#762,.F.);
#467=ORIENTED_EDGE('',*,*,#683,.F.);
#468=ORIENTED_EDGE('',*,*,#763,.T.);
#469=ORIENTED_EDGE('',*,*,#731,.T.);
#470=ORIENTED_EDGE('',*,*,#615,.F.);
#471=ORIENTED_EDGE('',*,*,#684,.T.);
#472=ORIENTED_EDGE('',*,*,#762,.T.);
#473=ORIENTED_EDGE('',*,*,#730,.F.);
#474=ORIENTED_EDGE('',*,*,#682,.F.);
#475=ORIENTED_EDGE('',*,*,#613,.T.);
#476=ORIENTED_EDGE('',*,*,#732,.T.);
#477=ORIENTED_EDGE('',*,*,#763,.F.);
#478=ORIENTED_EDGE('',*,*,#689,.F.);
#479=ORIENTED_EDGE('',*,*,#764,.T.);
#480=ORIENTED_EDGE('',*,*,#725,.T.);
#481=ORIENTED_EDGE('',*,*,#765,.F.);
#482=ORIENTED_EDGE('',*,*,#688,.F.);
#483=ORIENTED_EDGE('',*,*,#625,.T.);
#484=ORIENTED_EDGE('',*,*,#726,.T.);
#485=ORIENTED_EDGE('',*,*,#764,.F.);
#486=ORIENTED_EDGE('',*,*,#619,.F.);
#487=ORIENTED_EDGE('',*,*,#690,.T.);
#488=ORIENTED_EDGE('',*,*,#765,.T.);
#489=ORIENTED_EDGE('',*,*,#724,.F.);
#490=ORIENTED_EDGE('',*,*,#766,.F.);
#491=ORIENTED_EDGE('',*,*,#686,.F.);
#492=ORIENTED_EDGE('',*,*,#767,.T.);
#493=ORIENTED_EDGE('',*,*,#728,.T.);
#494=ORIENTED_EDGE('',*,*,#623,.F.);
#495=ORIENTED_EDGE('',*,*,#687,.T.);
#496=ORIENTED_EDGE('',*,*,#766,.T.);
#497=ORIENTED_EDGE('',*,*,#727,.F.);
#498=ORIENTED_EDGE('',*,*,#685,.F.);
#499=ORIENTED_EDGE('',*,*,#617,.T.);
#500=ORIENTED_EDGE('',*,*,#729,.T.);
#501=ORIENTED_EDGE('',*,*,#767,.F.);
#502=ORIENTED_EDGE('',*,*,#671,.F.);
#503=ORIENTED_EDGE('',*,*,#768,.T.);
#504=ORIENTED_EDGE('',*,*,#743,.T.);
#505=ORIENTED_EDGE('',*,*,#769,.F.);
#506=ORIENTED_EDGE('',*,*,#670,.F.);
#507=ORIENTED_EDGE('',*,*,#633,.T.);
#508=ORIENTED_EDGE('',*,*,#744,.T.);
#509=ORIENTED_EDGE('',*,*,#768,.F.);
#510=ORIENTED_EDGE('',*,*,#627,.F.);
#511=ORIENTED_EDGE('',*,*,#672,.T.);
#512=ORIENTED_EDGE('',*,*,#769,.T.);
#513=ORIENTED_EDGE('',*,*,#742,.F.);
#514=ORIENTED_EDGE('',*,*,#668,.F.);
#515=ORIENTED_EDGE('',*,*,#770,.T.);
#516=ORIENTED_EDGE('',*,*,#746,.T.);
#517=ORIENTED_EDGE('',*,*,#771,.F.);
#518=ORIENTED_EDGE('',*,*,#667,.F.);
#519=ORIENTED_EDGE('',*,*,#641,.T.);
#520=ORIENTED_EDGE('',*,*,#747,.T.);
#521=ORIENTED_EDGE('',*,*,#770,.F.);
#522=ORIENTED_EDGE('',*,*,#631,.F.);
#523=ORIENTED_EDGE('',*,*,#669,.T.);
#524=ORIENTED_EDGE('',*,*,#771,.T.);
#525=ORIENTED_EDGE('',*,*,#745,.F.);
#526=ORIENTED_EDGE('',*,*,#662,.F.);
#527=ORIENTED_EDGE('',*,*,#772,.T.);
#528=ORIENTED_EDGE('',*,*,#752,.T.);
#529=ORIENTED_EDGE('',*,*,#773,.F.);
#530=ORIENTED_EDGE('',*,*,#661,.F.);
#531=ORIENTED_EDGE('',*,*,#657,.T.);
#532=ORIENTED_EDGE('',*,*,#753,.T.);
#533=ORIENTED_EDGE('',*,*,#772,.F.);
#534=ORIENTED_EDGE('',*,*,#635,.F.);
#535=ORIENTED_EDGE('',*,*,#663,.T.);
#536=ORIENTED_EDGE('',*,*,#773,.T.);
#537=ORIENTED_EDGE('',*,*,#751,.F.);
#538=ORIENTED_EDGE('',*,*,#774,.F.);
#539=ORIENTED_EDGE('',*,*,#665,.F.);
#540=ORIENTED_EDGE('',*,*,#775,.T.);
#541=ORIENTED_EDGE('',*,*,#749,.T.);
#542=ORIENTED_EDGE('',*,*,#639,.F.);
#543=ORIENTED_EDGE('',*,*,#666,.T.);
#544=ORIENTED_EDGE('',*,*,#774,.T.);
#545=ORIENTED_EDGE('',*,*,#748,.F.);
#546=ORIENTED_EDGE('',*,*,#664,.F.);
#547=ORIENTED_EDGE('',*,*,#637,.T.);
#548=ORIENTED_EDGE('',*,*,#750,.T.);
#549=ORIENTED_EDGE('',*,*,#775,.F.);
#550=ORIENTED_EDGE('',*,*,#698,.F.);
#551=ORIENTED_EDGE('',*,*,#776,.T.);
#552=ORIENTED_EDGE('',*,*,#716,.T.);
#553=ORIENTED_EDGE('',*,*,#777,.F.);
#554=ORIENTED_EDGE('',*,*,#697,.F.);
#555=ORIENTED_EDGE('',*,*,#649,.T.);
#556=ORIENTED_EDGE('',*,*,#717,.T.);
#557=ORIENTED_EDGE('',*,*,#776,.F.);
#558=ORIENTED_EDGE('',*,*,#643,.F.);
#559=ORIENTED_EDGE('',*,*,#699,.T.);
#560=ORIENTED_EDGE('',*,*,#777,.T.);
#561=ORIENTED_EDGE('',*,*,#715,.F.);
#562=ORIENTED_EDGE('',*,*,#778,.F.);
#563=ORIENTED_EDGE('',*,*,#695,.F.);
#564=ORIENTED_EDGE('',*,*,#779,.T.);
#565=ORIENTED_EDGE('',*,*,#719,.T.);
#566=ORIENTED_EDGE('',*,*,#647,.F.);
#567=ORIENTED_EDGE('',*,*,#696,.T.);
#568=ORIENTED_EDGE('',*,*,#778,.T.);
#569=ORIENTED_EDGE('',*,*,#718,.F.);
#570=ORIENTED_EDGE('',*,*,#694,.F.);
#571=ORIENTED_EDGE('',*,*,#601,.T.);
#572=ORIENTED_EDGE('',*,*,#720,.T.);
#573=ORIENTED_EDGE('',*,*,#779,.F.);
#574=ORIENTED_EDGE('',*,*,#780,.F.);
#575=ORIENTED_EDGE('',*,*,#701,.F.);
#576=ORIENTED_EDGE('',*,*,#781,.T.);
#577=ORIENTED_EDGE('',*,*,#713,.T.);
#578=ORIENTED_EDGE('',*,*,#651,.F.);
#579=ORIENTED_EDGE('',*,*,#702,.T.);
#580=ORIENTED_EDGE('',*,*,#780,.T.);
#581=ORIENTED_EDGE('',*,*,#712,.F.);
#582=ORIENTED_EDGE('',*,*,#700,.F.);
#583=ORIENTED_EDGE('',*,*,#645,.T.);
#584=ORIENTED_EDGE('',*,*,#714,.T.);
#585=ORIENTED_EDGE('',*,*,#781,.F.);
#586=ORIENTED_EDGE('',*,*,#703,.F.);
#587=ORIENTED_EDGE('',*,*,#653,.T.);
#588=ORIENTED_EDGE('',*,*,#711,.T.);
#589=ORIENTED_EDGE('',*,*,#782,.F.);
#590=ORIENTED_EDGE('',*,*,#655,.F.);
#591=ORIENTED_EDGE('',*,*,#705,.T.);
#592=ORIENTED_EDGE('',*,*,#783,.T.);
#593=ORIENTED_EDGE('',*,*,#709,.F.);
#594=ORIENTED_EDGE('',*,*,#783,.F.);
#595=ORIENTED_EDGE('',*,*,#704,.F.);
#596=ORIENTED_EDGE('',*,*,#782,.T.);
#597=ORIENTED_EDGE('',*,*,#710,.T.);
#598=EDGE_CURVE('',#784,#785,#910,.T.);
#599=EDGE_CURVE('',#785,#786,#106,.T.);
#600=EDGE_CURVE('',#787,#786,#911,.T.);
#601=EDGE_CURVE('',#784,#787,#107,.T.);
#602=EDGE_CURVE('',#788,#789,#912,.T.);
#603=EDGE_CURVE('',#789,#790,#108,.T.);
#604=EDGE_CURVE('',#791,#790,#913,.T.);
#605=EDGE_CURVE('',#788,#791,#109,.T.);
#606=EDGE_CURVE('',#792,#793,#914,.T.);
#607=EDGE_CURVE('',#793,#794,#110,.T.);
#608=EDGE_CURVE('',#795,#794,#915,.T.);
#609=EDGE_CURVE('',#792,#795,#111,.T.);
#610=EDGE_CURVE('',#796,#797,#916,.T.);
#611=EDGE_CURVE('',#797,#798,#112,.T.);
#612=EDGE_CURVE('',#799,#798,#917,.T.);
#613=EDGE_CURVE('',#796,#799,#113,.T.);
#614=EDGE_CURVE('',#800,#801,#918,.T.);
#615=EDGE_CURVE('',#801,#802,#114,.T.);
#616=EDGE_CURVE('',#803,#802,#919,.T.);
#617=EDGE_CURVE('',#800,#803,#115,.T.);
#618=EDGE_CURVE('',#804,#805,#920,.T.);
#619=EDGE_CURVE('',#805,#806,#116,.T.);
#620=EDGE_CURVE('',#807,#806,#921,.T.);
#621=EDGE_CURVE('',#804,#807,#117,.T.);
#622=EDGE_CURVE('',#808,#809,#922,.T.);
#623=EDGE_CURVE('',#809,#810,#118,.T.);
#624=EDGE_CURVE('',#811,#810,#923,.T.);
#625=EDGE_CURVE('',#808,#811,#119,.T.);
#626=EDGE_CURVE('',#812,#813,#924,.T.);
#627=EDGE_CURVE('',#813,#814,#120,.T.);
#628=EDGE_CURVE('',#815,#814,#925,.T.);
#629=EDGE_CURVE('',#812,#815,#121,.T.);
#630=EDGE_CURVE('',#816,#817,#926,.T.);
#631=EDGE_CURVE('',#817,#818,#122,.T.);
#632=EDGE_CURVE('',#819,#818,#927,.T.);
#633=EDGE_CURVE('',#816,#819,#123,.T.);
#634=EDGE_CURVE('',#820,#821,#928,.T.);
#635=EDGE_CURVE('',#821,#822,#124,.T.);
#636=EDGE_CURVE('',#823,#822,#929,.T.);
#637=EDGE_CURVE('',#820,#823,#125,.T.);
#638=EDGE_CURVE('',#824,#825,#930,.T.);
#639=EDGE_CURVE('',#825,#826,#126,.T.);
#640=EDGE_CURVE('',#827,#826,#931,.T.);
#641=EDGE_CURVE('',#824,#827,#127,.T.);
#642=EDGE_CURVE('',#828,#829,#932,.T.);
#643=EDGE_CURVE('',#829,#830,#128,.T.);
#644=EDGE_CURVE('',#831,#830,#933,.T.);
#645=EDGE_CURVE('',#828,#831,#129,.T.);
#646=EDGE_CURVE('',#832,#833,#934,.T.);
#647=EDGE_CURVE('',#833,#834,#130,.T.);
#648=EDGE_CURVE('',#835,#834,#935,.T.);
#649=EDGE_CURVE('',#832,#835,#131,.T.);
#650=EDGE_CURVE('',#836,#837,#936,.T.);
#651=EDGE_CURVE('',#837,#838,#132,.T.);
#652=EDGE_CURVE('',#839,#838,#937,.T.);
#653=EDGE_CURVE('',#836,#839,#133,.T.);
#654=EDGE_CURVE('',#840,#841,#938,.T.);
#655=EDGE_CURVE('',#841,#842,#134,.T.);
#656=EDGE_CURVE('',#843,#842,#939,.T.);
#657=EDGE_CURVE('',#840,#843,#135,.T.);
#658=EDGE_CURVE('',#844,#844,#940,.T.);
#659=EDGE_CURVE('',#845,#845,#941,.T.);
#660=EDGE_CURVE('',#846,#846,#942,.T.);
#661=EDGE_CURVE('',#840,#847,#42,.T.);
#662=EDGE_CURVE('',#847,#848,#943,.T.);
#663=EDGE_CURVE('',#821,#848,#43,.T.);
#664=EDGE_CURVE('',#820,#849,#44,.T.);
#665=EDGE_CURVE('',#849,#850,#944,.T.);
#666=EDGE_CURVE('',#825,#850,#45,.T.);
#667=EDGE_CURVE('',#824,#851,#46,.T.);
#668=EDGE_CURVE('',#851,#852,#945,.T.);
#669=EDGE_CURVE('',#817,#852,#47,.T.);
#670=EDGE_CURVE('',#816,#853,#48,.T.);
#671=EDGE_CURVE('',#853,#854,#946,.T.);
#672=EDGE_CURVE('',#813,#854,#49,.T.);
#673=EDGE_CURVE('',#812,#855,#50,.T.);
#674=EDGE_CURVE('',#855,#856,#947,.T.);
#675=EDGE_CURVE('',#793,#856,#51,.T.);
#676=EDGE_CURVE('',#792,#857,#52,.T.);
#677=EDGE_CURVE('',#857,#858,#948,.T.);
#678=EDGE_CURVE('',#789,#858,#53,.T.);
#679=EDGE_CURVE('',#788,#859,#54,.T.);
#680=EDGE_CURVE('',#859,#860,#949,.T.);
#681=EDGE_CURVE('',#797,#860,#55,.T.);
#682=EDGE_CURVE('',#796,#861,#56,.T.);
#683=EDGE_CURVE('',#861,#862,#950,.T.);
#684=EDGE_CURVE('',#801,#862,#57,.T.);
#685=EDGE_CURVE('',#800,#863,#58,.T.);
#686=EDGE_CURVE('',#863,#864,#951,.T.);
#687=EDGE_CURVE('',#809,#864,#59,.T.);
#688=EDGE_CURVE('',#808,#865,#60,.T.);
#689=EDGE_CURVE('',#865,#866,#952,.T.);
#690=EDGE_CURVE('',#805,#866,#61,.T.);
#691=EDGE_CURVE('',#804,#867,#62,.T.);
#692=EDGE_CURVE('',#867,#868,#953,.T.);
#693=EDGE_CURVE('',#785,#868,#63,.T.);
#694=EDGE_CURVE('',#784,#869,#64,.T.);
#695=EDGE_CURVE('',#869,#870,#954,.T.);
#696=EDGE_CURVE('',#833,#870,#65,.T.);
#697=EDGE_CURVE('',#832,#871,#66,.T.);
#698=EDGE_CURVE('',#871,#872,#955,.T.);
#699=EDGE_CURVE('',#829,#872,#67,.T.);
#700=EDGE_CURVE('',#828,#873,#68,.T.);
#701=EDGE_CURVE('',#873,#874,#956,.T.);
#702=EDGE_CURVE('',#837,#874,#69,.T.);
#703=EDGE_CURVE('',#836,#875,#70,.T.);
#704=EDGE_CURVE('',#875,#876,#957,.T.);
#705=EDGE_CURVE('',#841,#876,#71,.T.);
#706=EDGE_CURVE('',#877,#877,#958,.T.);
#707=EDGE_CURVE('',#878,#878,#959,.T.);
#708=EDGE_CURVE('',#879,#879,#960,.T.);
#709=EDGE_CURVE('',#842,#880,#72,.T.);
#710=EDGE_CURVE('',#881,#880,#961,.T.);
#711=EDGE_CURVE('',#839,#881,#73,.T.);
#712=EDGE_CURVE('',#838,#882,#74,.T.);
#713=EDGE_CURVE('',#883,#882,#962,.T.);
#714=EDGE_CURVE('',#831,#883,#75,.T.);
#715=EDGE_CURVE('',#830,#884,#76,.T.);
#716=EDGE_CURVE('',#885,#884,#963,.T.);
#717=EDGE_CURVE('',#835,#885,#77,.T.);
#718=EDGE_CURVE('',#834,#886,#78,.T.);
#719=EDGE_CURVE('',#887,#886,#964,.T.);
#720=EDGE_CURVE('',#787,#887,#79,.T.);
#721=EDGE_CURVE('',#786,#888,#80,.T.);
#722=EDGE_CURVE('',#889,#888,#965,.T.);
#723=EDGE_CURVE('',#807,#889,#81,.T.);
#724=EDGE_CURVE('',#806,#890,#82,.T.);
#725=EDGE_CURVE('',#891,#890,#966,.T.);
#726=EDGE_CURVE('',#811,#891,#83,.T.);
#727=EDGE_CURVE('',#810,#892,#84,.T.);
#728=EDGE_CURVE('',#893,#892,#967,.T.);
#729=EDGE_CURVE('',#803,#893,#85,.T.);
#730=EDGE_CURVE('',#802,#894,#86,.T.);
#731=EDGE_CURVE('',#895,#894,#968,.T.);
#732=EDGE_CURVE('',#799,#895,#87,.T.);
#733=EDGE_CURVE('',#798,#896,#88,.T.);
#734=EDGE_CURVE('',#897,#896,#969,.T.);
#735=EDGE_CURVE('',#791,#897,#89,.T.);
#736=EDGE_CURVE('',#790,#898,#90,.T.);
#737=EDGE_CURVE('',#899,#898,#970,.T.);
#738=EDGE_CURVE('',#795,#899,#91,.T.);
#739=EDGE_CURVE('',#794,#900,#92,.T.);
#740=EDGE_CURVE('',#901,#900,#971,.T.);
#741=EDGE_CURVE('',#815,#901,#93,.T.);
#742=EDGE_CURVE('',#814,#902,#94,.T.);
#743=EDGE_CURVE('',#903,#902,#972,.T.);
#744=EDGE_CURVE('',#819,#903,#95,.T.);
#745=EDGE_CURVE('',#818,#904,#96,.T.);
#746=EDGE_CURVE('',#905,#904,#973,.T.);
#747=EDGE_CURVE('',#827,#905,#97,.T.);
#748=EDGE_CURVE('',#826,#906,#98,.T.);
#749=EDGE_CURVE('',#907,#906,#974,.T.);
#750=EDGE_CURVE('',#823,#907,#99,.T.);
#751=EDGE_CURVE('',#822,#908,#100,.T.);
#752=EDGE_CURVE('',#909,#908,#975,.T.);
#753=EDGE_CURVE('',#843,#909,#101,.T.);
#754=EDGE_CURVE('',#867,#889,#136,.T.);
#755=EDGE_CURVE('',#868,#888,#137,.T.);
#756=EDGE_CURVE('',#857,#899,#138,.T.);
#757=EDGE_CURVE('',#858,#898,#139,.T.);
#758=EDGE_CURVE('',#855,#901,#140,.T.);
#759=EDGE_CURVE('',#856,#900,#141,.T.);
#760=EDGE_CURVE('',#860,#896,#142,.T.);
#761=EDGE_CURVE('',#859,#897,#143,.T.);
#762=EDGE_CURVE('',#862,#894,#144,.T.);
#763=EDGE_CURVE('',#861,#895,#145,.T.);
#764=EDGE_CURVE('',#865,#891,#146,.T.);
#765=EDGE_CURVE('',#866,#890,#147,.T.);
#766=EDGE_CURVE('',#864,#892,#148,.T.);
#767=EDGE_CURVE('',#863,#893,#149,.T.);
#768=EDGE_CURVE('',#853,#903,#150,.T.);
#769=EDGE_CURVE('',#854,#902,#151,.T.);
#770=EDGE_CURVE('',#851,#905,#152,.T.);
#771=EDGE_CURVE('',#852,#904,#153,.T.);
#772=EDGE_CURVE('',#847,#909,#154,.T.);
#773=EDGE_CURVE('',#848,#908,#155,.T.);
#774=EDGE_CURVE('',#850,#906,#156,.T.);
#775=EDGE_CURVE('',#849,#907,#157,.T.);
#776=EDGE_CURVE('',#871,#885,#158,.T.);
#777=EDGE_CURVE('',#872,#884,#159,.T.);
#778=EDGE_CURVE('',#870,#886,#160,.T.);
#779=EDGE_CURVE('',#869,#887,#161,.T.);
#780=EDGE_CURVE('',#874,#882,#162,.T.);
#781=EDGE_CURVE('',#873,#883,#163,.T.);
#782=EDGE_CURVE('',#875,#881,#164,.T.);
#783=EDGE_CURVE('',#876,#880,#165,.T.);
#784=VERTEX_POINT('',#1611);
#785=VERTEX_POINT('',#1612);
#786=VERTEX_POINT('',#1614);
#787=VERTEX_POINT('',#1616);
#788=VERTEX_POINT('',#1620);
#789=VERTEX_POINT('',#1621);
#790=VERTEX_POINT('',#1623);
#791=VERTEX_POINT('',#1625);
#792=VERTEX_POINT('',#1629);
#793=VERTEX_POINT('',#1630);
#794=VERTEX_POINT('',#1632);
#795=VERTEX_POINT('',#1634);
#796=VERTEX_POINT('',#1638);
#797=VERTEX_POINT('',#1639);
#798=VERTEX_POINT('',#1641);
#799=VERTEX_POINT('',#1643);
#800=VERTEX_POINT('',#1647);
#801=VERTEX_POINT('',#1648);
#802=VERTEX_POINT('',#1650);
#803=VERTEX_POINT('',#1652);
#804=VERTEX_POINT('',#1656);
#805=VERTEX_POINT('',#1657);
#806=VERTEX_POINT('',#1659);
#807=VERTEX_POINT('',#1661);
#808=VERTEX_POINT('',#1665);
#809=VERTEX_POINT('',#1666);
#810=VERTEX_POINT('',#1668);
#811=VERTEX_POINT('',#1670);
#812=VERTEX_POINT('',#1674);
#813=VERTEX_POINT('',#1675);
#814=VERTEX_POINT('',#1677);
#815=VERTEX_POINT('',#1679);
#816=VERTEX_POINT('',#1683);
#817=VERTEX_POINT('',#1684);
#818=VERTEX_POINT('',#1686);
#819=VERTEX_POINT('',#1688);
#820=VERTEX_POINT('',#1692);
#821=VERTEX_POINT('',#1693);
#822=VERTEX_POINT('',#1695);
#823=VERTEX_POINT('',#1697);
#824=VERTEX_POINT('',#1701);
#825=VERTEX_POINT('',#1702);
#826=VERTEX_POINT('',#1704);
#827=VERTEX_POINT('',#1706);
#828=VERTEX_POINT('',#1710);
#829=VERTEX_POINT('',#1711);
#830=VERTEX_POINT('',#1713);
#831=VERTEX_POINT('',#1715);
#832=VERTEX_POINT('',#1719);
#833=VERTEX_POINT('',#1720);
#834=VERTEX_POINT('',#1722);
#835=VERTEX_POINT('',#1724);
#836=VERTEX_POINT('',#1728);
#837=VERTEX_POINT('',#1729);
#838=VERTEX_POINT('',#1731);
#839=VERTEX_POINT('',#1733);
#840=VERTEX_POINT('',#1737);
#841=VERTEX_POINT('',#1738);
#842=VERTEX_POINT('',#1740);
#843=VERTEX_POINT('',#1742);
#844=VERTEX_POINT('',#1746);
#845=VERTEX_POINT('',#1748);
#846=VERTEX_POINT('',#1751);
#847=VERTEX_POINT('',#1790);
#848=VERTEX_POINT('',#1792);
#849=VERTEX_POINT('',#1867);
#850=VERTEX_POINT('',#1869);
#851=VERTEX_POINT('',#1944);
#852=VERTEX_POINT('',#1946);
#853=VERTEX_POINT('',#2021);
#854=VERTEX_POINT('',#2023);
#855=VERTEX_POINT('',#2098);
#856=VERTEX_POINT('',#2100);
#857=VERTEX_POINT('',#2175);
#858=VERTEX_POINT('',#2177);
#859=VERTEX_POINT('',#2252);
#860=VERTEX_POINT('',#2254);
#861=VERTEX_POINT('',#2329);
#862=VERTEX_POINT('',#2331);
#863=VERTEX_POINT('',#2406);
#864=VERTEX_POINT('',#2408);
#865=VERTEX_POINT('',#2483);
#866=VERTEX_POINT('',#2485);
#867=VERTEX_POINT('',#2560);
#868=VERTEX_POINT('',#2562);
#869=VERTEX_POINT('',#2637);
#870=VERTEX_POINT('',#2639);
#871=VERTEX_POINT('',#2714);
#872=VERTEX_POINT('',#2716);
#873=VERTEX_POINT('',#2791);
#874=VERTEX_POINT('',#2793);
#875=VERTEX_POINT('',#2868);
#876=VERTEX_POINT('',#2870);
#877=VERTEX_POINT('',#2910);
#878=VERTEX_POINT('',#2912);
#879=VERTEX_POINT('',#2915);
#880=VERTEX_POINT('',#2954);
#881=VERTEX_POINT('',#2956);
#882=VERTEX_POINT('',#3031);
#883=VERTEX_POINT('',#3033);
#884=VERTEX_POINT('',#3108);
#885=VERTEX_POINT('',#3110);
#886=VERTEX_POINT('',#3185);
#887=VERTEX_POINT('',#3187);
#888=VERTEX_POINT('',#3262);
#889=VERTEX_POINT('',#3264);
#890=VERTEX_POINT('',#3339);
#891=VERTEX_POINT('',#3341);
#892=VERTEX_POINT('',#3416);
#893=VERTEX_POINT('',#3418);
#894=VERTEX_POINT('',#3493);
#895=VERTEX_POINT('',#3495);
#896=VERTEX_POINT('',#3570);
#897=VERTEX_POINT('',#3572);
#898=VERTEX_POINT('',#3647);
#899=VERTEX_POINT('',#3649);
#900=VERTEX_POINT('',#3724);
#901=VERTEX_POINT('',#3726);
#902=VERTEX_POINT('',#3801);
#903=VERTEX_POINT('',#3803);
#904=VERTEX_POINT('',#3878);
#905=VERTEX_POINT('',#3880);
#906=VERTEX_POINT('',#3955);
#907=VERTEX_POINT('',#3957);
#908=VERTEX_POINT('',#4032);
#909=VERTEX_POINT('',#4034);
#910=CIRCLE('',#1238,0.003937);
#911=CIRCLE('',#1239,0.003937);
#912=CIRCLE('',#1241,0.003937);
#913=CIRCLE('',#1242,0.003937);
#914=CIRCLE('',#1244,0.003937);
#915=CIRCLE('',#1245,0.003937);
#916=CIRCLE('',#1247,0.003937);
#917=CIRCLE('',#1248,0.003937);
#918=CIRCLE('',#1250,0.003937);
#919=CIRCLE('',#1251,0.003937);
#920=CIRCLE('',#1253,0.003937);
#921=CIRCLE('',#1254,0.003937);
#922=CIRCLE('',#1256,0.003937);
#923=CIRCLE('',#1257,0.003937);
#924=CIRCLE('',#1259,0.003937);
#925=CIRCLE('',#1260,0.003937);
#926=CIRCLE('',#1262,0.003937);
#927=CIRCLE('',#1263,0.003937);
#928=CIRCLE('',#1265,0.003937);
#929=CIRCLE('',#1266,0.003937);
#930=CIRCLE('',#1268,0.003937);
#931=CIRCLE('',#1269,0.003937);
#932=CIRCLE('',#1271,0.003937);
#933=CIRCLE('',#1272,0.003937);
#934=CIRCLE('',#1274,0.003937);
#935=CIRCLE('',#1275,0.003937);
#936=CIRCLE('',#1277,0.003937);
#937=CIRCLE('',#1278,0.003937);
#938=CIRCLE('',#1280,0.003937);
#939=CIRCLE('',#1281,0.003937);
#940=CIRCLE('',#1283,0.005207);
#941=CIRCLE('',#1284,0.005207);
#942=CIRCLE('',#1286,0.0019939);
#943=CIRCLE('',#1288,0.00446193333333334);
#944=CIRCLE('',#1289,0.00446193333333334);
#945=CIRCLE('',#1290,0.00446193333333334);
#946=CIRCLE('',#1291,0.00446193333333334);
#947=CIRCLE('',#1292,0.00446193333333334);
#948=CIRCLE('',#1293,0.00446193333333334);
#949=CIRCLE('',#1294,0.00446193333333334);
#950=CIRCLE('',#1295,0.00446193333333334);
#951=CIRCLE('',#1296,0.00446193333333334);
#952=CIRCLE('',#1297,0.00446193333333334);
#953=CIRCLE('',#1298,0.00446193333333334);
#954=CIRCLE('',#1299,0.00446193333333334);
#955=CIRCLE('',#1300,0.00446193333333334);
#956=CIRCLE('',#1301,0.00446193333333334);
#957=CIRCLE('',#1302,0.00446193333333334);
#958=CIRCLE('',#1304,0.005207);
#959=CIRCLE('',#1305,0.005207);
#960=CIRCLE('',#1307,0.0019939);
#961=CIRCLE('',#1309,0.00446193333333334);
#962=CIRCLE('',#1310,0.00446193333333334);
#963=CIRCLE('',#1311,0.00446193333333334);
#964=CIRCLE('',#1312,0.00446193333333334);
#965=CIRCLE('',#1313,0.00446193333333334);
#966=CIRCLE('',#1314,0.00446193333333334);
#967=CIRCLE('',#1315,0.00446193333333334);
#968=CIRCLE('',#1316,0.00446193333333334);
#969=CIRCLE('',#1317,0.00446193333333334);
#970=CIRCLE('',#1318,0.00446193333333334);
#971=CIRCLE('',#1319,0.00446193333333334);
#972=CIRCLE('',#1320,0.00446193333333334);
#973=CIRCLE('',#1321,0.00446193333333334);
#974=CIRCLE('',#1322,0.00446193333333334);
#975=CIRCLE('',#1323,0.00446193333333334);
#976=EDGE_LOOP('',(#226,#227,#228,#229));
#977=EDGE_LOOP('',(#230,#231,#232,#233));
#978=EDGE_LOOP('',(#234,#235,#236,#237));
#979=EDGE_LOOP('',(#238,#239,#240,#241));
#980=EDGE_LOOP('',(#242,#243,#244,#245));
#981=EDGE_LOOP('',(#246,#247,#248,#249));
#982=EDGE_LOOP('',(#250,#251,#252,#253));
#983=EDGE_LOOP('',(#254,#255,#256,#257));
#984=EDGE_LOOP('',(#258,#259,#260,#261));
#985=EDGE_LOOP('',(#262,#263,#264,#265));
#986=EDGE_LOOP('',(#266,#267,#268,#269));
#987=EDGE_LOOP('',(#270,#271,#272,#273));
#988=EDGE_LOOP('',(#274,#275,#276,#277));
#989=EDGE_LOOP('',(#278,#279,#280,#281));
#990=EDGE_LOOP('',(#282,#283,#284,#285));
#991=EDGE_LOOP('',(#286));
#992=EDGE_LOOP('',(#287));
#993=EDGE_LOOP('',(#288));
#994=EDGE_LOOP('',(#289));
#995=EDGE_LOOP('',(#290,#291,#292,#293,#294,#295,#296,#297,#298,#299,#300,
#301,#302,#303,#304,#305,#306,#307,#308,#309,#310,#311,#312,#313,#314,#315,
#316,#317,#318,#319,#320,#321,#322,#323,#324,#325,#326,#327,#328,#329,#330,
#331,#332,#333,#334,#335,#336,#337,#338,#339,#340,#341,#342,#343,#344,#345,
#346,#347,#348,#349));
#996=EDGE_LOOP('',(#350));
#997=EDGE_LOOP('',(#351));
#998=EDGE_LOOP('',(#352));
#999=EDGE_LOOP('',(#353));
#1000=EDGE_LOOP('',(#354));
#1001=EDGE_LOOP('',(#355,#356,#357,#358,#359,#360,#361,#362,#363,#364,#365,
#366,#367,#368,#369,#370,#371,#372,#373,#374,#375,#376,#377,#378,#379,#380,
#381,#382,#383,#384,#385,#386,#387,#388,#389,#390,#391,#392,#393,#394,#395,
#396,#397,#398,#399,#400,#401,#402,#403,#404,#405,#406,#407,#408,#409,#410,
#411,#412,#413,#414));
#1002=EDGE_LOOP('',(#415));
#1003=EDGE_LOOP('',(#416));
#1004=EDGE_LOOP('',(#417));
#1005=EDGE_LOOP('',(#418,#419,#420,#421));
#1006=EDGE_LOOP('',(#422,#423,#424,#425));
#1007=EDGE_LOOP('',(#426,#427,#428,#429));
#1008=EDGE_LOOP('',(#430,#431,#432,#433));
#1009=EDGE_LOOP('',(#434,#435,#436,#437));
#1010=EDGE_LOOP('',(#438,#439,#440,#441));
#1011=EDGE_LOOP('',(#442,#443,#444,#445));
#1012=EDGE_LOOP('',(#446,#447,#448,#449));
#1013=EDGE_LOOP('',(#450,#451,#452,#453));
#1014=EDGE_LOOP('',(#454,#455,#456,#457));
#1015=EDGE_LOOP('',(#458,#459,#460,#461));
#1016=EDGE_LOOP('',(#462,#463,#464,#465));
#1017=EDGE_LOOP('',(#466,#467,#468,#469));
#1018=EDGE_LOOP('',(#470,#471,#472,#473));
#1019=EDGE_LOOP('',(#474,#475,#476,#477));
#1020=EDGE_LOOP('',(#478,#479,#480,#481));
#1021=EDGE_LOOP('',(#482,#483,#484,#485));
#1022=EDGE_LOOP('',(#486,#487,#488,#489));
#1023=EDGE_LOOP('',(#490,#491,#492,#493));
#1024=EDGE_LOOP('',(#494,#495,#496,#497));
#1025=EDGE_LOOP('',(#498,#499,#500,#501));
#1026=EDGE_LOOP('',(#502,#503,#504,#505));
#1027=EDGE_LOOP('',(#506,#507,#508,#509));
#1028=EDGE_LOOP('',(#510,#511,#512,#513));
#1029=EDGE_LOOP('',(#514,#515,#516,#517));
#1030=EDGE_LOOP('',(#518,#519,#520,#521));
#1031=EDGE_LOOP('',(#522,#523,#524,#525));
#1032=EDGE_LOOP('',(#526,#527,#528,#529));
#1033=EDGE_LOOP('',(#530,#531,#532,#533));
#1034=EDGE_LOOP('',(#534,#535,#536,#537));
#1035=EDGE_LOOP('',(#538,#539,#540,#541));
#1036=EDGE_LOOP('',(#542,#543,#544,#545));
#1037=EDGE_LOOP('',(#546,#547,#548,#549));
#1038=EDGE_LOOP('',(#550,#551,#552,#553));
#1039=EDGE_LOOP('',(#554,#555,#556,#557));
#1040=EDGE_LOOP('',(#558,#559,#560,#561));
#1041=EDGE_LOOP('',(#562,#563,#564,#565));
#1042=EDGE_LOOP('',(#566,#567,#568,#569));
#1043=EDGE_LOOP('',(#570,#571,#572,#573));
#1044=EDGE_LOOP('',(#574,#575,#576,#577));
#1045=EDGE_LOOP('',(#578,#579,#580,#581));
#1046=EDGE_LOOP('',(#582,#583,#584,#585));
#1047=EDGE_LOOP('',(#586,#587,#588,#589));
#1048=EDGE_LOOP('',(#590,#591,#592,#593));
#1049=EDGE_LOOP('',(#594,#595,#596,#597));
#1050=FACE_BOUND('',#976,.T.);
#1051=FACE_BOUND('',#977,.T.);
#1052=FACE_BOUND('',#978,.T.);
#1053=FACE_BOUND('',#979,.T.);
#1054=FACE_BOUND('',#980,.T.);
#1055=FACE_BOUND('',#981,.T.);
#1056=FACE_BOUND('',#982,.T.);
#1057=FACE_BOUND('',#983,.T.);
#1058=FACE_BOUND('',#984,.T.);
#1059=FACE_BOUND('',#985,.T.);
#1060=FACE_BOUND('',#986,.T.);
#1061=FACE_BOUND('',#987,.T.);
#1062=FACE_BOUND('',#988,.T.);
#1063=FACE_BOUND('',#989,.T.);
#1064=FACE_BOUND('',#990,.T.);
#1065=FACE_BOUND('',#991,.T.);
#1066=FACE_BOUND('',#992,.T.);
#1067=FACE_BOUND('',#993,.T.);
#1068=FACE_BOUND('',#994,.T.);
#1069=FACE_BOUND('',#995,.T.);
#1070=FACE_BOUND('',#996,.T.);
#1071=FACE_BOUND('',#997,.T.);
#1072=FACE_BOUND('',#998,.T.);
#1073=FACE_BOUND('',#999,.T.);
#1074=FACE_BOUND('',#1000,.T.);
#1075=FACE_BOUND('',#1001,.T.);
#1076=FACE_BOUND('',#1002,.T.);
#1077=FACE_BOUND('',#1003,.T.);
#1078=FACE_BOUND('',#1004,.T.);
#1079=FACE_BOUND('',#1005,.T.);
#1080=FACE_BOUND('',#1006,.T.);
#1081=FACE_BOUND('',#1007,.T.);
#1082=FACE_BOUND('',#1008,.T.);
#1083=FACE_BOUND('',#1009,.T.);
#1084=FACE_BOUND('',#1010,.T.);
#1085=FACE_BOUND('',#1011,.T.);
#1086=FACE_BOUND('',#1012,.T.);
#1087=FACE_BOUND('',#1013,.T.);
#1088=FACE_BOUND('',#1014,.T.);
#1089=FACE_BOUND('',#1015,.T.);
#1090=FACE_BOUND('',#1016,.T.);
#1091=FACE_BOUND('',#1017,.T.);
#1092=FACE_BOUND('',#1018,.T.);
#1093=FACE_BOUND('',#1019,.T.);
#1094=FACE_BOUND('',#1020,.T.);
#1095=FACE_BOUND('',#1021,.T.);
#1096=FACE_BOUND('',#1022,.T.);
#1097=FACE_BOUND('',#1023,.T.);
#1098=FACE_BOUND('',#1024,.T.);
#1099=FACE_BOUND('',#1025,.T.);
#1100=FACE_BOUND('',#1026,.T.);
#1101=FACE_BOUND('',#1027,.T.);
#1102=FACE_BOUND('',#1028,.T.);
#1103=FACE_BOUND('',#1029,.T.);
#1104=FACE_BOUND('',#1030,.T.);
#1105=FACE_BOUND('',#1031,.T.);
#1106=FACE_BOUND('',#1032,.T.);
#1107=FACE_BOUND('',#1033,.T.);
#1108=FACE_BOUND('',#1034,.T.);
#1109=FACE_BOUND('',#1035,.T.);
#1110=FACE_BOUND('',#1036,.T.);
#1111=FACE_BOUND('',#1037,.T.);
#1112=FACE_BOUND('',#1038,.T.);
#1113=FACE_BOUND('',#1039,.T.);
#1114=FACE_BOUND('',#1040,.T.);
#1115=FACE_BOUND('',#1041,.T.);
#1116=FACE_BOUND('',#1042,.T.);
#1117=FACE_BOUND('',#1043,.T.);
#1118=FACE_BOUND('',#1044,.T.);
#1119=FACE_BOUND('',#1045,.T.);
#1120=FACE_BOUND('',#1046,.T.);
#1121=FACE_BOUND('',#1047,.T.);
#1122=FACE_BOUND('',#1048,.T.);
#1123=FACE_BOUND('',#1049,.T.);
#1124=CYLINDRICAL_SURFACE('',#1237,0.003937);
#1125=CYLINDRICAL_SURFACE('',#1240,0.003937);
#1126=CYLINDRICAL_SURFACE('',#1243,0.003937);
#1127=CYLINDRICAL_SURFACE('',#1246,0.003937);
#1128=CYLINDRICAL_SURFACE('',#1249,0.003937);
#1129=CYLINDRICAL_SURFACE('',#1252,0.003937);
#1130=CYLINDRICAL_SURFACE('',#1255,0.003937);
#1131=CYLINDRICAL_SURFACE('',#1258,0.003937);
#1132=CYLINDRICAL_SURFACE('',#1261,0.003937);
#1133=CYLINDRICAL_SURFACE('',#1264,0.003937);
#1134=CYLINDRICAL_SURFACE('',#1267,0.003937);
#1135=CYLINDRICAL_SURFACE('',#1270,0.003937);
#1136=CYLINDRICAL_SURFACE('',#1273,0.003937);
#1137=CYLINDRICAL_SURFACE('',#1276,0.003937);
#1138=CYLINDRICAL_SURFACE('',#1279,0.003937);
#1139=CYLINDRICAL_SURFACE('',#1282,0.005207);
#1140=CYLINDRICAL_SURFACE('',#1303,0.005207);
#1141=CYLINDRICAL_SURFACE('',#1324,0.0019939);
#1142=CYLINDRICAL_SURFACE('',#1325,0.00446193333333334);
#1143=CYLINDRICAL_SURFACE('',#1326,0.00446193333333334);
#1144=CYLINDRICAL_SURFACE('',#1327,0.00446193333333334);
#1145=CYLINDRICAL_SURFACE('',#1328,0.00446193333333334);
#1146=CYLINDRICAL_SURFACE('',#1329,0.00446193333333334);
#1147=CYLINDRICAL_SURFACE('',#1330,0.00446193333333334);
#1148=CYLINDRICAL_SURFACE('',#1331,0.00446193333333334);
#1149=CYLINDRICAL_SURFACE('',#1332,0.00446193333333334);
#1150=CYLINDRICAL_SURFACE('',#1333,0.00446193333333334);
#1151=CYLINDRICAL_SURFACE('',#1334,0.00446193333333334);
#1152=CYLINDRICAL_SURFACE('',#1335,0.00446193333333334);
#1153=CYLINDRICAL_SURFACE('',#1336,0.00446193333333334);
#1154=CYLINDRICAL_SURFACE('',#1337,0.00446193333333334);
#1155=CYLINDRICAL_SURFACE('',#1338,0.00446193333333334);
#1156=CYLINDRICAL_SURFACE('',#1339,0.00446193333333334);
#1157=ADVANCED_FACE('',(#1050),#1124,.T.);
#1158=ADVANCED_FACE('',(#1051),#1125,.T.);
#1159=ADVANCED_FACE('',(#1052),#1126,.T.);
#1160=ADVANCED_FACE('',(#1053),#1127,.T.);
#1161=ADVANCED_FACE('',(#1054),#1128,.T.);
#1162=ADVANCED_FACE('',(#1055),#1129,.T.);
#1163=ADVANCED_FACE('',(#1056),#1130,.T.);
#1164=ADVANCED_FACE('',(#1057),#1131,.T.);
#1165=ADVANCED_FACE('',(#1058),#1132,.T.);
#1166=ADVANCED_FACE('',(#1059),#1133,.T.);
#1167=ADVANCED_FACE('',(#1060),#1134,.T.);
#1168=ADVANCED_FACE('',(#1061),#1135,.T.);
#1169=ADVANCED_FACE('',(#1062),#1136,.T.);
#1170=ADVANCED_FACE('',(#1063),#1137,.T.);
#1171=ADVANCED_FACE('',(#1064),#1138,.T.);
#1172=ADVANCED_FACE('',(#1065,#1066),#1139,.T.);
#1173=ADVANCED_FACE('',(#1067,#1068),#102,.T.);
#1174=ADVANCED_FACE('',(#1069,#1070),#103,.F.);
#1175=ADVANCED_FACE('',(#1071,#1072),#1140,.T.);
#1176=ADVANCED_FACE('',(#1073,#1074),#104,.T.);
#1177=ADVANCED_FACE('',(#1075,#1076),#105,.F.);
#1178=ADVANCED_FACE('',(#1077,#1078),#1141,.F.);
#1179=ADVANCED_FACE('',(#1079),#1142,.T.);
#1180=ADVANCED_FACE('',(#1080),#12,.F.);
#1181=ADVANCED_FACE('',(#1081),#13,.T.);
#1182=ADVANCED_FACE('',(#1082),#1143,.T.);
#1183=ADVANCED_FACE('',(#1083),#14,.F.);
#1184=ADVANCED_FACE('',(#1084),#15,.T.);
#1185=ADVANCED_FACE('',(#1085),#1144,.T.);
#1186=ADVANCED_FACE('',(#1086),#16,.F.);
#1187=ADVANCED_FACE('',(#1087),#17,.T.);
#1188=ADVANCED_FACE('',(#1088),#1145,.T.);
#1189=ADVANCED_FACE('',(#1089),#18,.T.);
#1190=ADVANCED_FACE('',(#1090),#19,.F.);
#1191=ADVANCED_FACE('',(#1091),#1146,.T.);
#1192=ADVANCED_FACE('',(#1092),#20,.T.);
#1193=ADVANCED_FACE('',(#1093),#21,.F.);
#1194=ADVANCED_FACE('',(#1094),#1147,.T.);
#1195=ADVANCED_FACE('',(#1095),#22,.F.);
#1196=ADVANCED_FACE('',(#1096),#23,.T.);
#1197=ADVANCED_FACE('',(#1097),#1148,.T.);
#1198=ADVANCED_FACE('',(#1098),#24,.T.);
#1199=ADVANCED_FACE('',(#1099),#25,.F.);
#1200=ADVANCED_FACE('',(#1100),#1149,.T.);
#1201=ADVANCED_FACE('',(#1101),#26,.F.);
#1202=ADVANCED_FACE('',(#1102),#27,.T.);
#1203=ADVANCED_FACE('',(#1103),#1150,.T.);
#1204=ADVANCED_FACE('',(#1104),#28,.F.);
#1205=ADVANCED_FACE('',(#1105),#29,.T.);
#1206=ADVANCED_FACE('',(#1106),#1151,.T.);
#1207=ADVANCED_FACE('',(#1107),#30,.F.);
#1208=ADVANCED_FACE('',(#1108),#31,.T.);
#1209=ADVANCED_FACE('',(#1109),#1152,.T.);
#1210=ADVANCED_FACE('',(#1110),#32,.T.);
#1211=ADVANCED_FACE('',(#1111),#33,.F.);
#1212=ADVANCED_FACE('',(#1112),#1153,.T.);
#1213=ADVANCED_FACE('',(#1113),#34,.F.);
#1214=ADVANCED_FACE('',(#1114),#35,.T.);
#1215=ADVANCED_FACE('',(#1115),#1154,.T.);
#1216=ADVANCED_FACE('',(#1116),#36,.T.);
#1217=ADVANCED_FACE('',(#1117),#37,.F.);
#1218=ADVANCED_FACE('',(#1118),#1155,.T.);
#1219=ADVANCED_FACE('',(#1119),#38,.T.);
#1220=ADVANCED_FACE('',(#1120),#39,.F.);
#1221=ADVANCED_FACE('',(#1121),#40,.F.);
#1222=ADVANCED_FACE('',(#1122),#41,.T.);
#1223=ADVANCED_FACE('',(#1123),#1156,.T.);
#1224=CLOSED_SHELL('',(#1157,#1158,#1159,#1160,#1161,#1162,#1163,#1164,
#1165,#1166,#1167,#1168,#1169,#1170,#1171,#1172,#1173,#1174,#1175,#1176,
#1177,#1178,#1179,#1180,#1181,#1182,#1183,#1184,#1185,#1186,#1187,#1188,
#1189,#1190,#1191,#1192,#1193,#1194,#1195,#1196,#1197,#1198,#1199,#1200,
#1201,#1202,#1203,#1204,#1205,#1206,#1207,#1208,#1209,#1210,#1211,#1212,
#1213,#1214,#1215,#1216,#1217,#1218,#1219,#1220,#1221,#1222,#1223));
#1225=STYLED_ITEM('',(#1226),#1233);
#1226=PRESENTATION_STYLE_ASSIGNMENT((#1227));
#1227=SURFACE_STYLE_USAGE(.BOTH.,#1228);
#1228=SURFACE_SIDE_STYLE('',(#1229));
#1229=SURFACE_STYLE_FILL_AREA(#1230);
#1230=FILL_AREA_STYLE('',(#1231));
#1231=FILL_AREA_STYLE_COLOUR('',#1232);
#1232=COLOUR_RGB('',0.615686274509804,0.811764705882353,0.929411764705882);
#1233=MANIFOLD_SOLID_BREP('timingwheel',#1224);
#1234=SHAPE_DEFINITION_REPRESENTATION(#4364,#1235);
#1235=SHAPE_REPRESENTATION('timingwheel',(#1236),#4359);
#1236=AXIS2_PLACEMENT_3D('',#1608,#1340,#1341);
#1237=AXIS2_PLACEMENT_3D('',#1609,#1342,#1343);
#1238=AXIS2_PLACEMENT_3D('',#1610,#1344,#1345);
#1239=AXIS2_PLACEMENT_3D('',#1615,#1347,#1348);
#1240=AXIS2_PLACEMENT_3D('',#1618,#1350,#1351);
#1241=AXIS2_PLACEMENT_3D('',#1619,#1352,#1353);
#1242=AXIS2_PLACEMENT_3D('',#1624,#1355,#1356);
#1243=AXIS2_PLACEMENT_3D('',#1627,#1358,#1359);
#1244=AXIS2_PLACEMENT_3D('',#1628,#1360,#1361);
#1245=AXIS2_PLACEMENT_3D('',#1633,#1363,#1364);
#1246=AXIS2_PLACEMENT_3D('',#1636,#1366,#1367);
#1247=AXIS2_PLACEMENT_3D('',#1637,#1368,#1369);
#1248=AXIS2_PLACEMENT_3D('',#1642,#1371,#1372);
#1249=AXIS2_PLACEMENT_3D('',#1645,#1374,#1375);
#1250=AXIS2_PLACEMENT_3D('',#1646,#1376,#1377);
#1251=AXIS2_PLACEMENT_3D('',#1651,#1379,#1380);
#1252=AXIS2_PLACEMENT_3D('',#1654,#1382,#1383);
#1253=AXIS2_PLACEMENT_3D('',#1655,#1384,#1385);
#1254=AXIS2_PLACEMENT_3D('',#1660,#1387,#1388);
#1255=AXIS2_PLACEMENT_3D('',#1663,#1390,#1391);
#1256=AXIS2_PLACEMENT_3D('',#1664,#1392,#1393);
#1257=AXIS2_PLACEMENT_3D('',#1669,#1395,#1396);
#1258=AXIS2_PLACEMENT_3D('',#1672,#1398,#1399);
#1259=AXIS2_PLACEMENT_3D('',#1673,#1400,#1401);
#1260=AXIS2_PLACEMENT_3D('',#1678,#1403,#1404);
#1261=AXIS2_PLACEMENT_3D('',#1681,#1406,#1407);
#1262=AXIS2_PLACEMENT_3D('',#1682,#1408,#1409);
#1263=AXIS2_PLACEMENT_3D('',#1687,#1411,#1412);
#1264=AXIS2_PLACEMENT_3D('',#1690,#1414,#1415);
#1265=AXIS2_PLACEMENT_3D('',#1691,#1416,#1417);
#1266=AXIS2_PLACEMENT_3D('',#1696,#1419,#1420);
#1267=AXIS2_PLACEMENT_3D('',#1699,#1422,#1423);
#1268=AXIS2_PLACEMENT_3D('',#1700,#1424,#1425);
#1269=AXIS2_PLACEMENT_3D('',#1705,#1427,#1428);
#1270=AXIS2_PLACEMENT_3D('',#1708,#1430,#1431);
#1271=AXIS2_PLACEMENT_3D('',#1709,#1432,#1433);
#1272=AXIS2_PLACEMENT_3D('',#1714,#1435,#1436);
#1273=AXIS2_PLACEMENT_3D('',#1717,#1438,#1439);
#1274=AXIS2_PLACEMENT_3D('',#1718,#1440,#1441);
#1275=AXIS2_PLACEMENT_3D('',#1723,#1443,#1444);
#1276=AXIS2_PLACEMENT_3D('',#1726,#1446,#1447);
#1277=AXIS2_PLACEMENT_3D('',#1727,#1448,#1449);
#1278=AXIS2_PLACEMENT_3D('',#1732,#1451,#1452);
#1279=AXIS2_PLACEMENT_3D('',#1735,#1454,#1455);
#1280=AXIS2_PLACEMENT_3D('',#1736,#1456,#1457);
#1281=AXIS2_PLACEMENT_3D('',#1741,#1459,#1460);
#1282=AXIS2_PLACEMENT_3D('',#1744,#1462,#1463);
#1283=AXIS2_PLACEMENT_3D('',#1745,#1464,#1465);
#1284=AXIS2_PLACEMENT_3D('',#1747,#1466,#1467);
#1285=AXIS2_PLACEMENT_3D('',#1749,#1468,#1469);
#1286=AXIS2_PLACEMENT_3D('',#1750,#1470,#1471);
#1287=AXIS2_PLACEMENT_3D('',#1752,#1472,#1473);
#1288=AXIS2_PLACEMENT_3D('',#1791,#1474,#1475);
#1289=AXIS2_PLACEMENT_3D('',#1868,#1476,#1477);
#1290=AXIS2_PLACEMENT_3D('',#1945,#1478,#1479);
#1291=AXIS2_PLACEMENT_3D('',#2022,#1480,#1481);
#1292=AXIS2_PLACEMENT_3D('',#2099,#1482,#1483);
#1293=AXIS2_PLACEMENT_3D('',#2176,#1484,#1485);
#1294=AXIS2_PLACEMENT_3D('',#2253,#1486,#1487);
#1295=AXIS2_PLACEMENT_3D('',#2330,#1488,#1489);
#1296=AXIS2_PLACEMENT_3D('',#2407,#1490,#1491);
#1297=AXIS2_PLACEMENT_3D('',#2484,#1492,#1493);
#1298=AXIS2_PLACEMENT_3D('',#2561,#1494,#1495);
#1299=AXIS2_PLACEMENT_3D('',#2638,#1496,#1497);
#1300=AXIS2_PLACEMENT_3D('',#2715,#1498,#1499);
#1301=AXIS2_PLACEMENT_3D('',#2792,#1500,#1501);
#1302=AXIS2_PLACEMENT_3D('',#2869,#1502,#1503);
#1303=AXIS2_PLACEMENT_3D('',#2908,#1504,#1505);
#1304=AXIS2_PLACEMENT_3D('',#2909,#1506,#1507);
#1305=AXIS2_PLACEMENT_3D('',#2911,#1508,#1509);
#1306=AXIS2_PLACEMENT_3D('',#2913,#1510,#1511);
#1307=AXIS2_PLACEMENT_3D('',#2914,#1512,#1513);
#1308=AXIS2_PLACEMENT_3D('',#2916,#1514,#1515);
#1309=AXIS2_PLACEMENT_3D('',#2955,#1516,#1517);
#1310=AXIS2_PLACEMENT_3D('',#3032,#1518,#1519);
#1311=AXIS2_PLACEMENT_3D('',#3109,#1520,#1521);
#1312=AXIS2_PLACEMENT_3D('',#3186,#1522,#1523);
#1313=AXIS2_PLACEMENT_3D('',#3263,#1524,#1525);
#1314=AXIS2_PLACEMENT_3D('',#3340,#1526,#1527);
#1315=AXIS2_PLACEMENT_3D('',#3417,#1528,#1529);
#1316=AXIS2_PLACEMENT_3D('',#3494,#1530,#1531);
#1317=AXIS2_PLACEMENT_3D('',#3571,#1532,#1533);
#1318=AXIS2_PLACEMENT_3D('',#3648,#1534,#1535);
#1319=AXIS2_PLACEMENT_3D('',#3725,#1536,#1537);
#1320=AXIS2_PLACEMENT_3D('',#3802,#1538,#1539);
#1321=AXIS2_PLACEMENT_3D('',#3879,#1540,#1541);
#1322=AXIS2_PLACEMENT_3D('',#3956,#1542,#1543);
#1323=AXIS2_PLACEMENT_3D('',#4033,#1544,#1545);
#1324=AXIS2_PLACEMENT_3D('',#4072,#1546,#1547);
#1325=AXIS2_PLACEMENT_3D('',#4073,#1548,#1549);
#1326=AXIS2_PLACEMENT_3D('',#4092,#1552,#1553);
#1327=AXIS2_PLACEMENT_3D('',#4111,#1556,#1557);
#1328=AXIS2_PLACEMENT_3D('',#4130,#1560,#1561);
#1329=AXIS2_PLACEMENT_3D('',#4149,#1564,#1565);
#1330=AXIS2_PLACEMENT_3D('',#4168,#1568,#1569);
#1331=AXIS2_PLACEMENT_3D('',#4187,#1572,#1573);
#1332=AXIS2_PLACEMENT_3D('',#4206,#1576,#1577);
#1333=AXIS2_PLACEMENT_3D('',#4225,#1580,#1581);
#1334=AXIS2_PLACEMENT_3D('',#4244,#1584,#1585);
#1335=AXIS2_PLACEMENT_3D('',#4263,#1588,#1589);
#1336=AXIS2_PLACEMENT_3D('',#4282,#1592,#1593);
#1337=AXIS2_PLACEMENT_3D('',#4301,#1596,#1597);
#1338=AXIS2_PLACEMENT_3D('',#4320,#1600,#1601);
#1339=AXIS2_PLACEMENT_3D('',#4357,#1606,#1607);
#1340=DIRECTION('',(0.,0.,1.));
#1341=DIRECTION('',(1.,0.,0.));
#1342=DIRECTION('',(0.,0.,-1.));
#1343=DIRECTION('',(-1.,0.,0.));
#1344=DIRECTION('',(0.,0.,1.));
#1345=DIRECTION('',(1.,0.,0.));
#1346=DIRECTION('',(0.,0.,1.));
#1347=DIRECTION('',(0.,0.,1.));
#1348=DIRECTION('',(1.,0.,0.));
#1349=DIRECTION('',(0.,0.,1.));
#1350=DIRECTION('',(0.,0.,-1.));
#1351=DIRECTION('',(-1.,0.,0.));
#1352=DIRECTION('',(0.,0.,1.));
#1353=DIRECTION('',(1.,0.,0.));
#1354=DIRECTION('',(0.,0.,1.));
#1355=DIRECTION('',(0.,0.,1.));
#1356=DIRECTION('',(1.,0.,0.));
#1357=DIRECTION('',(0.,0.,1.));
#1358=DIRECTION('',(0.,0.,-1.));
#1359=DIRECTION('',(-1.,0.,0.));
#1360=DIRECTION('',(0.,0.,1.));
#1361=DIRECTION('',(1.,0.,0.));
#1362=DIRECTION('',(0.,0.,1.));
#1363=DIRECTION('',(0.,0.,1.));
#1364=DIRECTION('',(1.,0.,0.));
#1365=DIRECTION('',(0.,0.,1.));
#1366=DIRECTION('',(0.,0.,-1.));
#1367=DIRECTION('',(-1.,0.,0.));
#1368=DIRECTION('',(0.,0.,1.));
#1369=DIRECTION('',(1.,0.,0.));
#1370=DIRECTION('',(0.,0.,1.));
#1371=DIRECTION('',(0.,0.,1.));
#1372=DIRECTION('',(1.,0.,0.));
#1373=DIRECTION('',(0.,0.,1.));
#1374=DIRECTION('',(0.,0.,-1.));
#1375=DIRECTION('',(-1.,0.,0.));
#1376=DIRECTION('',(0.,0.,1.));
#1377=DIRECTION('',(1.,0.,0.));
#1378=DIRECTION('',(0.,0.,1.));
#1379=DIRECTION('',(0.,0.,1.));
#1380=DIRECTION('',(1.,0.,0.));
#1381=DIRECTION('',(0.,0.,1.));
#1382=DIRECTION('',(0.,0.,-1.));
#1383=DIRECTION('',(-1.,0.,0.));
#1384=DIRECTION('',(0.,0.,1.));
#1385=DIRECTION('',(1.,0.,0.));
#1386=DIRECTION('',(0.,0.,1.));
#1387=DIRECTION('',(0.,0.,1.));
#1388=DIRECTION('',(1.,0.,0.));
#1389=DIRECTION('',(0.,0.,1.));
#1390=DIRECTION('',(0.,0.,-1.));
#1391=DIRECTION('',(-1.,0.,0.));
#1392=DIRECTION('',(0.,0.,1.));
#1393=DIRECTION('',(1.,0.,0.));
#1394=DIRECTION('',(0.,0.,1.));
#1395=DIRECTION('',(0.,0.,1.));
#1396=DIRECTION('',(1.,0.,0.));
#1397=DIRECTION('',(0.,0.,1.));
#1398=DIRECTION('',(0.,0.,-1.));
#1399=DIRECTION('',(-1.,0.,0.));
#1400=DIRECTION('',(0.,0.,1.));
#1401=DIRECTION('',(1.,0.,0.));
#1402=DIRECTION('',(0.,0.,1.));
#1403=DIRECTION('',(0.,0.,1.));
#1404=DIRECTION('',(1.,0.,0.));
#1405=DIRECTION('',(0.,0.,1.));
#1406=DIRECTION('',(0.,0.,-1.));
#1407=DIRECTION('',(-1.,0.,0.));
#1408=DIRECTION('',(0.,0.,1.));
#1409=DIRECTION('',(1.,0.,0.));
#1410=DIRECTION('',(0.,0.,1.));
#1411=DIRECTION('',(0.,0.,1.));
#1412=DIRECTION('',(1.,0.,0.));
#1413=DIRECTION('',(0.,0.,1.));
#1414=DIRECTION('',(0.,0.,-1.));
#1415=DIRECTION('',(-1.,0.,0.));
#1416=DIRECTION('',(0.,0.,1.));
#1417=DIRECTION('',(1.,0.,0.));
#1418=DIRECTION('',(0.,0.,1.));
#1419=DIRECTION('',(0.,0.,1.));
#1420=DIRECTION('',(1.,0.,0.));
#1421=DIRECTION('',(0.,0.,1.));
#1422=DIRECTION('',(0.,0.,-1.));
#1423=DIRECTION('',(-1.,0.,0.));
#1424=DIRECTION('',(0.,0.,1.));
#1425=DIRECTION('',(1.,0.,0.));
#1426=DIRECTION('',(0.,0.,1.));
#1427=DIRECTION('',(0.,0.,1.));
#1428=DIRECTION('',(1.,0.,0.));
#1429=DIRECTION('',(0.,0.,1.));
#1430=DIRECTION('',(0.,0.,-1.));
#1431=DIRECTION('',(-1.,0.,0.));
#1432=DIRECTION('',(0.,0.,1.));
#1433=DIRECTION('',(1.,0.,0.));
#1434=DIRECTION('',(0.,0.,1.));
#1435=DIRECTION('',(0.,0.,1.));
#1436=DIRECTION('',(1.,0.,0.));
#1437=DIRECTION('',(0.,0.,1.));
#1438=DIRECTION('',(0.,0.,-1.));
#1439=DIRECTION('',(-1.,0.,0.));
#1440=DIRECTION('',(0.,0.,1.));
#1441=DIRECTION('',(1.,0.,0.));
#1442=DIRECTION('',(0.,0.,1.));
#1443=DIRECTION('',(0.,0.,1.));
#1444=DIRECTION('',(1.,0.,0.));
#1445=DIRECTION('',(0.,0.,1.));
#1446=DIRECTION('',(0.,0.,-1.));
#1447=DIRECTION('',(-1.,0.,0.));
#1448=DIRECTION('',(0.,0.,1.));
#1449=DIRECTION('',(1.,0.,0.));
#1450=DIRECTION('',(0.,0.,1.));
#1451=DIRECTION('',(0.,0.,1.));
#1452=DIRECTION('',(1.,0.,0.));
#1453=DIRECTION('',(0.,0.,1.));
#1454=DIRECTION('',(0.,0.,-1.));
#1455=DIRECTION('',(-1.,0.,0.));
#1456=DIRECTION('',(0.,0.,1.));
#1457=DIRECTION('',(1.,0.,0.));
#1458=DIRECTION('',(0.,0.,1.));
#1459=DIRECTION('',(0.,0.,1.));
#1460=DIRECTION('',(1.,0.,0.));
#1461=DIRECTION('',(0.,0.,1.));
#1462=DIRECTION('',(0.,0.,1.));
#1463=DIRECTION('',(1.,0.,0.));
#1464=DIRECTION('',(0.,0.,-1.));
#1465=DIRECTION('',(-1.,0.,0.));
#1466=DIRECTION('',(0.,0.,-1.));
#1467=DIRECTION('',(-1.,0.,0.));
#1468=DIRECTION('',(0.,0.,-1.));
#1469=DIRECTION('',(1.,0.,0.));
#1470=DIRECTION('',(0.,0.,-1.));
#1471=DIRECTION('',(-1.,0.,0.));
#1472=DIRECTION('',(0.,0.,-1.));
#1473=DIRECTION('',(1.,0.,0.));
#1474=DIRECTION('',(0.,0.,-1.));
#1475=DIRECTION('',(-1.,0.,0.));
#1476=DIRECTION('',(0.,0.,-1.));
#1477=DIRECTION('',(-1.,0.,0.));
#1478=DIRECTION('',(0.,0.,-1.));
#1479=DIRECTION('',(-1.,0.,0.));
#1480=DIRECTION('',(0.,0.,-1.));
#1481=DIRECTION('',(-1.,0.,0.));
#1482=DIRECTION('',(0.,0.,-1.));
#1483=DIRECTION('',(-1.,0.,0.));
#1484=DIRECTION('',(0.,0.,-1.));
#1485=DIRECTION('',(-1.,0.,0.));
#1486=DIRECTION('',(0.,0.,-1.));
#1487=DIRECTION('',(-1.,0.,0.));
#1488=DIRECTION('',(0.,0.,-1.));
#1489=DIRECTION('',(-1.,0.,0.));
#1490=DIRECTION('',(0.,0.,-1.));
#1491=DIRECTION('',(-1.,0.,0.));
#1492=DIRECTION('',(0.,0.,-1.));
#1493=DIRECTION('',(-1.,0.,0.));
#1494=DIRECTION('',(0.,0.,-1.));
#1495=DIRECTION('',(-1.,0.,0.));
#1496=DIRECTION('',(0.,0.,-1.));
#1497=DIRECTION('',(-1.,0.,0.));
#1498=DIRECTION('',(0.,0.,-1.));
#1499=DIRECTION('',(-1.,0.,0.));
#1500=DIRECTION('',(0.,0.,-1.));
#1501=DIRECTION('',(-1.,0.,0.));
#1502=DIRECTION('',(0.,0.,-1.));
#1503=DIRECTION('',(-1.,0.,0.));
#1504=DIRECTION('',(0.,0.,-1.));
#1505=DIRECTION('',(-1.,0.,0.));
#1506=DIRECTION('',(0.,0.,1.));
#1507=DIRECTION('',(1.,0.,0.));
#1508=DIRECTION('',(0.,0.,1.));
#1509=DIRECTION('',(1.,0.,0.));
#1510=DIRECTION('',(0.,0.,1.));
#1511=DIRECTION('',(1.,0.,0.));
#1512=DIRECTION('',(0.,0.,1.));
#1513=DIRECTION('',(1.,0.,0.));
#1514=DIRECTION('',(0.,0.,1.));
#1515=DIRECTION('',(1.,0.,0.));
#1516=DIRECTION('',(0.,0.,-1.));
#1517=DIRECTION('',(-1.,0.,0.));
#1518=DIRECTION('',(0.,0.,-1.));
#1519=DIRECTION('',(-1.,0.,0.));
#1520=DIRECTION('',(0.,0.,-1.));
#1521=DIRECTION('',(-1.,0.,0.));
#1522=DIRECTION('',(0.,0.,-1.));
#1523=DIRECTION('',(-1.,0.,0.));
#1524=DIRECTION('',(0.,0.,-1.));
#1525=DIRECTION('',(-1.,0.,0.));
#1526=DIRECTION('',(0.,0.,-1.));
#1527=DIRECTION('',(-1.,0.,0.));
#1528=DIRECTION('',(0.,0.,-1.));
#1529=DIRECTION('',(-1.,0.,0.));
#1530=DIRECTION('',(0.,0.,-1.));
#1531=DIRECTION('',(-1.,0.,0.));
#1532=DIRECTION('',(0.,0.,-1.));
#1533=DIRECTION('',(-1.,0.,0.));
#1534=DIRECTION('',(0.,0.,-1.));
#1535=DIRECTION('',(-1.,0.,0.));
#1536=DIRECTION('',(0.,0.,-1.));
#1537=DIRECTION('',(-1.,0.,0.));
#1538=DIRECTION('',(0.,0.,-1.));
#1539=DIRECTION('',(-1.,0.,0.));
#1540=DIRECTION('',(0.,0.,-1.));
#1541=DIRECTION('',(-1.,0.,0.));
#1542=DIRECTION('',(0.,0.,-1.));
#1543=DIRECTION('',(-1.,0.,0.));
#1544=DIRECTION('',(0.,0.,-1.));
#1545=DIRECTION('',(-1.,0.,0.));
#1546=DIRECTION('',(0.,0.,-1.));
#1547=DIRECTION('',(-1.,0.,0.));
#1548=DIRECTION('',(0.,0.,1.));
#1549=DIRECTION('',(1.,0.,0.));
#1550=DIRECTION('',(0.,0.,1.));
#1551=DIRECTION('',(0.,0.,1.));
#1552=DIRECTION('',(0.,0.,1.));
#1553=DIRECTION('',(1.,0.,0.));
#1554=DIRECTION('',(0.,0.,1.));
#1555=DIRECTION('',(0.,0.,1.));
#1556=DIRECTION('',(0.,0.,1.));
#1557=DIRECTION('',(1.,0.,0.));
#1558=DIRECTION('',(0.,0.,1.));
#1559=DIRECTION('',(0.,0.,1.));
#1560=DIRECTION('',(0.,0.,1.));
#1561=DIRECTION('',(1.,0.,0.));
#1562=DIRECTION('',(0.,0.,1.));
#1563=DIRECTION('',(0.,0.,1.));
#1564=DIRECTION('',(0.,0.,1.));
#1565=DIRECTION('',(1.,0.,0.));
#1566=DIRECTION('',(0.,0.,1.));
#1567=DIRECTION('',(0.,0.,1.));
#1568=DIRECTION('',(0.,0.,1.));
#1569=DIRECTION('',(1.,0.,0.));
#1570=DIRECTION('',(0.,0.,1.));
#1571=DIRECTION('',(0.,0.,1.));
#1572=DIRECTION('',(0.,0.,1.));
#1573=DIRECTION('',(1.,0.,0.));
#1574=DIRECTION('',(0.,0.,1.));
#1575=DIRECTION('',(0.,0.,1.));
#1576=DIRECTION('',(0.,0.,1.));
#1577=DIRECTION('',(1.,0.,0.));
#1578=DIRECTION('',(0.,0.,1.));
#1579=DIRECTION('',(0.,0.,1.));
#1580=DIRECTION('',(0.,0.,1.));
#1581=DIRECTION('',(1.,0.,0.));
#1582=DIRECTION('',(0.,0.,1.));
#1583=DIRECTION('',(0.,0.,1.));
#1584=DIRECTION('',(0.,0.,1.));
#1585=DIRECTION('',(1.,0.,0.));
#1586=DIRECTION('',(0.,0.,1.));
#1587=DIRECTION('',(0.,0.,1.));
#1588=DIRECTION('',(0.,0.,1.));
#1589=DIRECTION('',(1.,0.,0.));
#1590=DIRECTION('',(0.,0.,1.));
#1591=DIRECTION('',(0.,0.,1.));
#1592=DIRECTION('',(0.,0.,1.));
#1593=DIRECTION('',(1.,0.,0.));
#1594=DIRECTION('',(0.,0.,1.));
#1595=DIRECTION('',(0.,0.,1.));
#1596=DIRECTION('',(0.,0.,1.));
#1597=DIRECTION('',(1.,0.,0.));
#1598=DIRECTION('',(0.,0.,1.));
#1599=DIRECTION('',(0.,0.,1.));
#1600=DIRECTION('',(0.,0.,1.));
#1601=DIRECTION('',(1.,0.,0.));
#1602=DIRECTION('',(0.,0.,1.));
#1603=DIRECTION('',(0.,0.,1.));
#1604=DIRECTION('',(0.,0.,1.));
#1605=DIRECTION('',(0.,0.,1.));
#1606=DIRECTION('',(0.,0.,1.));
#1607=DIRECTION('',(1.,0.,0.));
#1608=CARTESIAN_POINT('',(0.,0.,0.));
#1609=CARTESIAN_POINT('',(9.54097911787244E-18,2.41071722412157E-19,0.0081550002));
#1610=CARTESIAN_POINT('',(9.54097911787244E-18,2.41071722412157E-19,0.));
#1611=CARTESIAN_POINT('',(0.00391543270182908,-0.000411528562128472,0.));
#1612=CARTESIAN_POINT('',(0.00391543270182908,0.000411528562128472,0.));
#1613=CARTESIAN_POINT('',(0.00391543270182909,0.000411528562128304,0.));
#1614=CARTESIAN_POINT('',(0.00391543270182908,0.000411528562128472,0.0081550002));
#1615=CARTESIAN_POINT('',(9.54097911787244E-18,2.41071722412157E-19,0.0081550002));
#1616=CARTESIAN_POINT('',(0.00391543270182908,-0.000411528562128472,0.0081550002));
#1617=CARTESIAN_POINT('',(0.00391543270182909,-0.000411528562128304,0.));
#1618=CARTESIAN_POINT('',(9.54097911787244E-18,2.41071722412157E-19,0.0081550002));
#1619=CARTESIAN_POINT('',(9.54097911787244E-18,2.41071722412157E-19,0.));
#1620=CARTESIAN_POINT('',(-0.0016013221617284,0.00359662846765655,0.));
#1621=CARTESIAN_POINT('',(-0.00231411054010067,0.00318509990552808,0.));
#1622=CARTESIAN_POINT('',(-0.00231411054010053,0.00318509990552818,0.));
#1623=CARTESIAN_POINT('',(-0.00231411054010067,0.00318509990552808,0.0081550002));
#1624=CARTESIAN_POINT('',(9.54097911787244E-18,2.41071722412157E-19,0.0081550002));
#1625=CARTESIAN_POINT('',(-0.0016013221617284,0.00359662846765655,0.0081550002));
#1626=CARTESIAN_POINT('',(-0.00160132216172856,0.00359662846765647,0.));
#1627=CARTESIAN_POINT('',(9.54097911787244E-18,2.41071722412157E-19,0.0081550002));
#1628=CARTESIAN_POINT('',(9.54097911787244E-18,2.41071722412157E-19,0.));
#1629=CARTESIAN_POINT('',(-0.00292576117639489,0.00263436719891141,0.));
#1630=CARTESIAN_POINT('',(-0.00340954201582737,0.00196849999804618,0.));
#1631=CARTESIAN_POINT('',(-0.00340954201582728,0.00196849999804633,0.));
#1632=CARTESIAN_POINT('',(-0.00340954201582737,0.00196849999804618,0.0081550002));
#1633=CARTESIAN_POINT('',(9.54097911787244E-18,2.41071722412157E-19,0.0081550002));
#1634=CARTESIAN_POINT('',(-0.00292576117639489,0.00263436719891141,0.0081550002));
#1635=CARTESIAN_POINT('',(-0.00292576117639501,0.00263436719891128,0.));
#1636=CARTESIAN_POINT('',(9.54097911787244E-18,2.41071722412157E-19,0.0081550002));
#1637=CARTESIAN_POINT('',(9.54097911787244E-18,2.41071722412157E-19,0.));
#1638=CARTESIAN_POINT('',(2.25607532772946E-12,0.003937,0.));
#1639=CARTESIAN_POINT('',(-0.000818548328956292,0.00385096710361993,0.));
#1640=CARTESIAN_POINT('',(-0.000818548328956126,0.00385096710361996,0.));
#1641=CARTESIAN_POINT('',(-0.000818548328956292,0.00385096710361993,0.0081550002));
#1642=CARTESIAN_POINT('',(9.54097911787244E-18,2.41071722412157E-19,0.0081550002));
#1643=CARTESIAN_POINT('',(2.25607532772946E-12,0.003937,0.0081550002));
#1644=CARTESIAN_POINT('',(2.25590566417166E-12,0.003937,0.));
#1645=CARTESIAN_POINT('',(9.54097911787244E-18,2.41071722412157E-19,0.0081550002));
#1646=CARTESIAN_POINT('',(9.54097911787244E-18,2.41071722412157E-19,0.));
#1647=CARTESIAN_POINT('',(0.00160132216585045,0.00359662846582129,0.));
#1648=CARTESIAN_POINT('',(0.000818548324542743,0.00385096710455806,0.));
#1649=CARTESIAN_POINT('',(0.000818548324542909,0.00385096710455802,0.));
#1650=CARTESIAN_POINT('',(0.000818548324542743,0.00385096710455806,0.0081550002));
#1651=CARTESIAN_POINT('',(9.54097911787244E-18,2.41071722412157E-19,0.0081550002));
#1652=CARTESIAN_POINT('',(0.00160132216585045,0.00359662846582129,0.0081550002));
#1653=CARTESIAN_POINT('',(0.0016013221658503,0.00359662846582137,0.));
#1654=CARTESIAN_POINT('',(9.54097911787244E-18,2.41071722412157E-19,0.0081550002));
#1655=CARTESIAN_POINT('',(9.54097911787244E-18,2.41071722412157E-19,0.));
#1656=CARTESIAN_POINT('',(0.0037443095053512,0.00121659990470851,0.));
#1657=CARTESIAN_POINT('',(0.00340954201357131,0.00196850000195383,0.));
#1658=CARTESIAN_POINT('',(0.00340954201357139,0.00196850000195368,0.));
#1659=CARTESIAN_POINT('',(0.00340954201357131,0.00196850000195383,0.0081550002));
#1660=CARTESIAN_POINT('',(9.54097911787244E-18,2.41071722412157E-19,0.0081550002));
#1661=CARTESIAN_POINT('',(0.0037443095053512,0.00121659990470851,0.0081550002));
#1662=CARTESIAN_POINT('',(0.00374430950535114,0.00121659990470867,0.));
#1663=CARTESIAN_POINT('',(9.54097911787244E-18,2.41071722412157E-19,0.0081550002));
#1664=CARTESIAN_POINT('',(9.54097911787244E-18,2.41071722412157E-19,0.));
#1665=CARTESIAN_POINT('',(0.00292576117941411,0.00263436719555824,0.));
#1666=CARTESIAN_POINT('',(0.00231411053645026,0.00318509990818027,0.));
#1667=CARTESIAN_POINT('',(0.0023141105364504,0.00318509990818017,0.));
#1668=CARTESIAN_POINT('',(0.00231411053645026,0.00318509990818027,0.0081550002));
#1669=CARTESIAN_POINT('',(9.54097911787244E-18,2.41071722412157E-19,0.0081550002));
#1670=CARTESIAN_POINT('',(0.00292576117941411,0.00263436719555824,0.0081550002));
#1671=CARTESIAN_POINT('',(0.00292576117941401,0.00263436719555836,0.));
#1672=CARTESIAN_POINT('',(9.54097911787244E-18,2.41071722412157E-19,0.0081550002));
#1673=CARTESIAN_POINT('',(9.54097911787244E-18,2.41071722412157E-19,0.));
#1674=CARTESIAN_POINT('',(-0.00374430950395684,0.00121659990899982,0.));
#1675=CARTESIAN_POINT('',(-0.0039154327023007,0.000411528557641038,0.));
#1676=CARTESIAN_POINT('',(-0.00391543270230069,0.000411528557641208,0.));
#1677=CARTESIAN_POINT('',(-0.0039154327023007,0.000411528557641038,0.0081550002));
#1678=CARTESIAN_POINT('',(9.54097911787244E-18,2.41071722412157E-19,0.0081550002));
#1679=CARTESIAN_POINT('',(-0.00374430950395684,0.00121659990899982,0.0081550002));
#1680=CARTESIAN_POINT('',(-0.0037443095039569,0.00121659990899966,0.));
#1681=CARTESIAN_POINT('',(9.54097911787244E-18,2.41071722412157E-19,0.0081550002));
#1682=CARTESIAN_POINT('',(9.54097911787244E-18,2.41071722412157E-19,0.));
#1683=CARTESIAN_POINT('',(-0.0039154327023007,-0.000411528557641037,0.));
#1684=CARTESIAN_POINT('',(-0.00374430950395684,-0.00121659990899982,0.));
#1685=CARTESIAN_POINT('',(-0.0037443095039569,-0.00121659990899965,0.));
#1686=CARTESIAN_POINT('',(-0.00374430950395684,-0.00121659990899982,0.0081550002));
#1687=CARTESIAN_POINT('',(9.54097911787244E-18,2.41071722412157E-19,0.0081550002));
#1688=CARTESIAN_POINT('',(-0.0039154327023007,-0.000411528557641037,0.0081550002));
#1689=CARTESIAN_POINT('',(-0.00391543270230069,-0.000411528557641207,0.));
#1690=CARTESIAN_POINT('',(9.54097911787244E-18,2.41071722412157E-19,0.0081550002));
#1691=CARTESIAN_POINT('',(9.54097911787244E-18,2.41071722412157E-19,0.));
#1692=CARTESIAN_POINT('',(-0.00231411054010067,-0.00318509990552808,0.));
#1693=CARTESIAN_POINT('',(-0.0016013221617284,-0.00359662846765655,0.));
#1694=CARTESIAN_POINT('',(-0.00160132216172855,-0.00359662846765647,0.));
#1695=CARTESIAN_POINT('',(-0.0016013221617284,-0.00359662846765655,0.0081550002));
#1696=CARTESIAN_POINT('',(9.54097911787244E-18,2.41071722412157E-19,0.0081550002));
#1697=CARTESIAN_POINT('',(-0.00231411054010067,-0.00318509990552808,0.0081550002));
#1698=CARTESIAN_POINT('',(-0.00231411054010052,-0.00318509990552818,0.));
#1699=CARTESIAN_POINT('',(9.54097911787244E-18,2.41071722412157E-19,0.0081550002));
#1700=CARTESIAN_POINT('',(9.54097911787244E-18,2.41071722412157E-19,0.));
#1701=CARTESIAN_POINT('',(-0.00340954201582737,-0.00196849999804618,0.));
#1702=CARTESIAN_POINT('',(-0.00292576117639489,-0.00263436719891141,0.));
#1703=CARTESIAN_POINT('',(-0.002925761176395,-0.00263436719891128,0.));
#1704=CARTESIAN_POINT('',(-0.00292576117639489,-0.00263436719891141,0.0081550002));
#1705=CARTESIAN_POINT('',(9.54097911787244E-18,2.41071722412157E-19,0.0081550002));
#1706=CARTESIAN_POINT('',(-0.00340954201582737,-0.00196849999804618,0.0081550002));
#1707=CARTESIAN_POINT('',(-0.00340954201582728,-0.00196849999804633,0.));
#1708=CARTESIAN_POINT('',(9.54097911787244E-18,2.41071722412157E-19,0.0081550002));
#1709=CARTESIAN_POINT('',(9.54097911787244E-18,2.41071722412157E-19,0.));
#1710=CARTESIAN_POINT('',(0.00231411053645026,-0.00318509990818026,0.));
#1711=CARTESIAN_POINT('',(0.00292576117941411,-0.00263436719555824,0.));
#1712=CARTESIAN_POINT('',(0.00292576117941401,-0.00263436719555836,0.));
#1713=CARTESIAN_POINT('',(0.00292576117941411,-0.00263436719555824,0.0081550002));
#1714=CARTESIAN_POINT('',(9.54097911787244E-18,2.41071722412157E-19,0.0081550002));
#1715=CARTESIAN_POINT('',(0.00231411053645026,-0.00318509990818026,0.0081550002));
#1716=CARTESIAN_POINT('',(0.0023141105364504,-0.00318509990818016,0.));
#1717=CARTESIAN_POINT('',(9.54097911787244E-18,2.41071722412157E-19,0.0081550002));
#1718=CARTESIAN_POINT('',(9.54097911787244E-18,2.41071722412157E-19,0.));
#1719=CARTESIAN_POINT('',(0.00340954201357131,-0.00196850000195383,0.));
#1720=CARTESIAN_POINT('',(0.0037443095053512,-0.00121659990470851,0.));
#1721=CARTESIAN_POINT('',(0.00374430950535114,-0.00121659990470867,0.));
#1722=CARTESIAN_POINT('',(0.0037443095053512,-0.00121659990470851,0.0081550002));
#1723=CARTESIAN_POINT('',(9.54097911787244E-18,2.41071722412157E-19,0.0081550002));
#1724=CARTESIAN_POINT('',(0.00340954201357131,-0.00196850000195383,0.0081550002));
#1725=CARTESIAN_POINT('',(0.00340954201357139,-0.00196850000195368,0.));
#1726=CARTESIAN_POINT('',(9.54097911787244E-18,2.41071722412157E-19,0.0081550002));
#1727=CARTESIAN_POINT('',(9.54097911787244E-18,2.41071722412157E-19,0.));
#1728=CARTESIAN_POINT('',(0.000818548324542744,-0.00385096710455806,0.));
#1729=CARTESIAN_POINT('',(0.00160132216585045,-0.00359662846582129,0.));
#1730=CARTESIAN_POINT('',(0.0016013221658503,-0.00359662846582137,0.));
#1731=CARTESIAN_POINT('',(0.00160132216585045,-0.00359662846582129,0.0081550002));
#1732=CARTESIAN_POINT('',(9.54097911787244E-18,2.41071722412157E-19,0.0081550002));
#1733=CARTESIAN_POINT('',(0.000818548324542744,-0.00385096710455806,0.0081550002));
#1734=CARTESIAN_POINT('',(0.00081854832454291,-0.00385096710455802,0.));
#1735=CARTESIAN_POINT('',(9.54097911787244E-18,2.41071722412157E-19,0.0081550002));
#1736=CARTESIAN_POINT('',(9.54097911787244E-18,2.41071722412157E-19,0.));
#1737=CARTESIAN_POINT('',(-0.000818548328956292,-0.00385096710361992,0.));
#1738=CARTESIAN_POINT('',(2.25607480585128E-12,-0.003937,0.));
#1739=CARTESIAN_POINT('',(2.25590519586832E-12,-0.003937,0.));
#1740=CARTESIAN_POINT('',(2.25607480585128E-12,-0.003937,0.0081550002));
#1741=CARTESIAN_POINT('',(9.54097911787244E-18,2.41071722412157E-19,0.0081550002));
#1742=CARTESIAN_POINT('',(-0.000818548328956292,-0.00385096710361992,0.0081550002));
#1743=CARTESIAN_POINT('',(-0.000818548328956126,-0.00385096710361996,0.));
#1744=CARTESIAN_POINT('',(0.,-3.18836794158013E-19,-0.0010922));
#1745=CARTESIAN_POINT('',(0.,-3.18836794158013E-19,-0.0010922));
#1746=CARTESIAN_POINT('',(-0.005207,-3.18836794158013E-19,-0.0010922));
#1747=CARTESIAN_POINT('',(0.,-3.18836794158013E-19,0.));
#1748=CARTESIAN_POINT('',(-0.005207,-3.18836794158013E-19,0.));
#1749=CARTESIAN_POINT('',(0.,0.,-0.0010922));
#1750=CARTESIAN_POINT('',(0.,-4.40927956799008E-19,-0.0010922));
#1751=CARTESIAN_POINT('',(-0.0019939,-4.40927956799008E-19,-0.0010922));
#1752=CARTESIAN_POINT('',(0.,0.,0.));
#1753=CARTESIAN_POINT('',(-0.000634219370837752,-0.00321894907551601,0.));
#1754=CARTESIAN_POINT('',(-0.000672965371560154,-0.00341619428467922,0.));
#1755=CARTESIAN_POINT('',(-0.000714529890818247,-0.00362778779476995,0.));
#1756=CARTESIAN_POINT('',(-0.000715755690920348,-0.00363241389679437,0.));
#1757=CARTESIAN_POINT('',(-0.000716759579904986,-0.00363653071623161,0.));
#1758=CARTESIAN_POINT('',(-0.000718075278748824,-0.00364134279672474,0.));
#1759=CARTESIAN_POINT('',(-0.000719956828091622,-0.00364779389072065,0.));
#1760=CARTESIAN_POINT('',(-0.000722393441886752,-0.00365553950937384,0.));
#1761=CARTESIAN_POINT('',(-0.000725461839089698,-0.00366466214468264,0.));
#1762=CARTESIAN_POINT('',(-0.000729210307219446,-0.00367510722579333,0.));
#1763=CARTESIAN_POINT('',(-0.000733695029836048,-0.00368686017639483,0.));
#1764=CARTESIAN_POINT('',(-0.000738968921861548,-0.00369989230763681,0.));
#1765=CARTESIAN_POINT('',(-0.000745084912115629,-0.00371417702736293,0.));
#1766=CARTESIAN_POINT('',(-0.000752094916539576,-0.0037296850726359,0.));
#1767=CARTESIAN_POINT('',(-0.00076005008189501,-0.00374638592435686,0.));
#1768=CARTESIAN_POINT('',(-0.000769000660435768,-0.0037642474240476,0.));
#1769=CARTESIAN_POINT('',(-0.000778995992102727,-0.00378323591225654,0.));
#1770=CARTESIAN_POINT('',(-0.000790084456711434,-0.00380331621909238,0.));
#1771=CARTESIAN_POINT('',(-0.000802313435523,-0.00382445169849926,0.));
#1772=CARTESIAN_POINT('',(-0.00081572927097987,-0.00384660425154676,0.));
#1773=CARTESIAN_POINT('',(-0.000830377227804169,-0.00386973435418237,0.));
#1774=CARTESIAN_POINT('',(-0.000846301454584305,-0.0038938010850305,0.));
#1775=CARTESIAN_POINT('',(-0.000863544946098,-0.00391876215444831,0.));
#1776=CARTESIAN_POINT('',(-0.000882149506420549,-0.00394457393444477,0.));
#1777=CARTESIAN_POINT('',(-0.000902155712477922,-0.00397119148963146,0.));
#1778=CARTESIAN_POINT('',(-0.000923602879535611,-0.00399856860879568,0.));
#1779=CARTESIAN_POINT('',(-0.000946529022957128,-0.00402665783847947,0.));
#1780=CARTESIAN_POINT('',(-0.000970970838165401,-0.00405541051316494,0.));
#1781=CARTESIAN_POINT('',(-0.000996963614534248,-0.00408477680273204,0.));
#1782=CARTESIAN_POINT('',(-0.00102454140711167,-0.00411470569768909,0.));
#1783=CARTESIAN_POINT('',(-0.00105373622310066,-0.00414514523720489,0.));
#1784=CARTESIAN_POINT('',(-0.00108458098944049,-0.00417604181028865,0.));
#1785=CARTESIAN_POINT('',(-0.00111709804343832,-0.004207343010539,0.));
#1786=CARTESIAN_POINT('',(-0.00115134302528641,-0.00423898689651277,0.));
#1787=CARTESIAN_POINT('',(-0.00118371943691382,-0.00426781159799032,0.));
#1788=CARTESIAN_POINT('',(-0.00120505364802655,-0.00428598849388286,0.));
#1789=CARTESIAN_POINT('',(-0.00121403112603711,-0.00429359726757462,0.));
#1790=CARTESIAN_POINT('',(-0.00121403112603711,-0.00429359726757461,0.));
#1791=CARTESIAN_POINT('',(9.54097911787244E-18,-3.21428963216209E-20,0.));
#1792=CARTESIAN_POINT('',(-0.00154154134050188,-0.00418718274817744,0.));
#1793=CARTESIAN_POINT('',(-0.00137895654529927,-0.00297696929901662,0.));
#1794=CARTESIAN_POINT('',(-0.00146354819728226,-0.00315931835309863,0.));
#1795=CARTESIAN_POINT('',(-0.00155429333955157,-0.00335493211010002,0.));
#1796=CARTESIAN_POINT('',(-0.00155602080098281,-0.00335939521247776,0.));
#1797=CARTESIAN_POINT('',(-0.00155762844348534,-0.00336331586050537,0.));
#1798=CARTESIAN_POINT('',(-0.00155939249070791,-0.00336798226377948,0.));
#1799=CARTESIAN_POINT('',(-0.00156166214322577,-0.00337430725540963,0.));
#1800=CARTESIAN_POINT('',(-0.00156424364167101,-0.00338200579818633,0.));
#1801=CARTESIAN_POINT('',(-0.0015671234066849,-0.0033911897238087,0.));
#1802=CARTESIAN_POINT('',(-0.00157023029690092,-0.00340184326622023,0.));
#1803=CARTESIAN_POINT('',(-0.00157351029112351,-0.00341398765680555,0.));
#1804=CARTESIAN_POINT('',(-0.00157690371739836,-0.00342763078840801,0.));
#1805=CARTESIAN_POINT('',(-0.00158035212493352,-0.00344278225830083,0.));
#1806=CARTESIAN_POINT('',(-0.00158379631252723,-0.0034594489076951,0.));
#1807=CARTESIAN_POINT('',(-0.00158717696290393,-0.00347763610943337,0.));
#1808=CARTESIAN_POINT('',(-0.00159043451885702,-0.00349734738429394,0.));
#1809=CARTESIAN_POINT('',(-0.00159350927900658,-0.00351858450249808,0.));
#1810=CARTESIAN_POINT('',(-0.00159634143091622,-0.0035413474479481,0.));
#1811=CARTESIAN_POINT('',(-0.00159887110232931,-0.00356563442336856,0.));
#1812=CARTESIAN_POINT('',(-0.00160103840743291,-0.00359144184548151,0.));
#1813=CARTESIAN_POINT('',(-0.00160278349464241,-0.00361876434459291,0.));
#1814=CARTESIAN_POINT('',(-0.00160404659401841,-0.00364759476450361,0.));
#1815=CARTESIAN_POINT('',(-0.00160476806482672,-0.00367792416387017,0.));
#1816=CARTESIAN_POINT('',(-0.00160488844297024,-0.00370974181872536,0.));
#1817=CARTESIAN_POINT('',(-0.00160434848866767,-0.00374303522609494,0.));
#1818=CARTESIAN_POINT('',(-0.00160308923293179,-0.0037777901092558,0.));
#1819=CARTESIAN_POINT('',(-0.00160105202824468,-0.00381399042242398,0.));
#1820=CARTESIAN_POINT('',(-0.0015981785825119,-0.00385161836339695,0.));
#1821=CARTESIAN_POINT('',(-0.00159441105662062,-0.00389065436133422,0.));
#1822=CARTESIAN_POINT('',(-0.00158969191683129,-0.00393107716574512,0.));
#1823=CARTESIAN_POINT('',(-0.00158396472696252,-0.00397286355279607,0.));
#1824=CARTESIAN_POINT('',(-0.00157717133681108,-0.00401598950425374,0.));
#1825=CARTESIAN_POINT('',(-0.00156926287140604,-0.00406042575198853,0.));
#1826=CARTESIAN_POINT('',(-0.00156015790861947,-0.00410615488880471,0.));
#1827=CARTESIAN_POINT('',(-0.00155090757582658,-0.00414850493943307,0.));
#1828=CARTESIAN_POINT('',(-0.0015443319478133,-0.00417575029177495,0.));
#1829=CARTESIAN_POINT('',(-0.00154154134050055,-0.00418718274817381,0.));
#1830=CARTESIAN_POINT('',(-0.00188865276658511,-0.0026826960484523,0.));
#1831=CARTESIAN_POINT('',(-0.0020042758537847,-0.00284712909505867,0.));
#1832=CARTESIAN_POINT('',(-0.00212830976554296,-0.00302352357203462,0.));
#1833=CARTESIAN_POINT('',(-0.00213131119486615,-0.00302725114870701,0.));
#1834=CARTESIAN_POINT('',(-0.0021339027544061,-0.00303060373196821,0.));
#1835=CARTESIAN_POINT('',(-0.0021370619545745,-0.00303446464331348,0.));
#1836=CARTESIAN_POINT('',(-0.002141404731746,-0.00303959271586678,0.));
#1837=CARTESIAN_POINT('',(-0.00214678111614012,-0.00304567763048855,0.));
#1838=CARTESIAN_POINT('',(-0.00215329474652862,-0.00305276354295868,0.));
#1839=CARTESIAN_POINT('',(-0.00216096753978928,-0.00306078096001829,0.));
#1840=CARTESIAN_POINT('',(-0.00216984489343836,-0.00306969371363198,0.));
#1841=CARTESIAN_POINT('',(-0.00217996347885584,-0.0030794540727931,0.));
#1842=CARTESIAN_POINT('',(-0.00219136083292012,-0.00309001621626757,0.));
#1843=CARTESIAN_POINT('',(-0.00220407248089466,-0.00310133229491626,0.));
#1844=CARTESIAN_POINT('',(-0.00221813273443541,-0.00311335362489292,0.));
#1845=CARTESIAN_POINT('',(-0.0022335744212291,-0.00312603038853282,0.));
#1846=CARTESIAN_POINT('',(-0.00225042892502227,-0.00313931176803496,0.));
#1847=CARTESIAN_POINT('',(-0.00226872613809213,-0.0031531459562611,0.));
#1848=CARTESIAN_POINT('',(-0.0022884944400808,-0.0031674802036783,0.));
#1849=CARTESIAN_POINT('',(-0.002309760670685,-0.00318226085601224,0.));
#1850=CARTESIAN_POINT('',(-0.00233255010540559,-0.00319743339542318,0.));
#1851=CARTESIAN_POINT('',(-0.00235688643176203,-0.00321294248152566,0.));
#1852=CARTESIAN_POINT('',(-0.00238279172669085,-0.00322873199325701,0.));
#1853=CARTESIAN_POINT('',(-0.00241028643501253,-0.00324474507121496,0.));
#1854=CARTESIAN_POINT('',(-0.00243938934872441,-0.00326092416075685,0.));
#1855=CARTESIAN_POINT('',(-0.00247011758831521,-0.00327721105488014,0.));
#1856=CARTESIAN_POINT('',(-0.00250248658148737,-0.0032935469404525,0.));
#1857=CARTESIAN_POINT('',(-0.00253651005712844,-0.00330987243393799,0.));
#1858=CARTESIAN_POINT('',(-0.00257219998594984,-0.00332612765977535,0.));
#1859=CARTESIAN_POINT('',(-0.00260956673135655,-0.00334225216703924,0.));
#1860=CARTESIAN_POINT('',(-0.00264861839900944,-0.00335818546864606,0.));
#1861=CARTESIAN_POINT('',(-0.00268936326360987,-0.00337386519592592,0.));
#1862=CARTESIAN_POINT('',(-0.00273180041569958,-0.0033892343878476,0.));
#1863=CARTESIAN_POINT('',(-0.0027759554912688,-0.00340421382718202,0.));
#1864=CARTESIAN_POINT('',(-0.00281725687736243,-0.00341737782930456,0.));
#1865=CARTESIAN_POINT('',(-0.00284413985863372,-0.00342530584457057,0.));
#1866=CARTESIAN_POINT('',(-0.00285543595996067,-0.00342860533594561,0.));
#1867=CARTESIAN_POINT('',(-0.00285543595996066,-0.0034286053359456,0.));
#1868=CARTESIAN_POINT('',(9.54097911787244E-18,-3.21428963216209E-20,0.));
#1869=CARTESIAN_POINT('',(-0.00311134874432237,-0.00319818042991865,0.));
#1870=CARTESIAN_POINT('',(-0.00247058198746641,-0.00215872462447568,0.));
#1871=CARTESIAN_POINT('',(-0.00262202834901534,-0.00229090224997794,0.));
#1872=CARTESIAN_POINT('',(-0.00278449144440078,-0.0024326949345969,0.));
#1873=CARTESIAN_POINT('',(-0.00278788486622338,-0.00243606955963749,0.));
#1874=CARTESIAN_POINT('',(-0.0027909481919465,-0.00243899736271938,0.));
#1875=CARTESIAN_POINT('',(-0.00279445772647669,-0.00244254283158845,0.));
#1876=CARTESIAN_POINT('',(-0.00279910376308794,-0.00244739784811573,0.));
#1877=CARTESIAN_POINT('',(-0.00280459335871207,-0.00245338082688813,0.));
#1878=CARTESIAN_POINT('',(-0.00281095959403749,-0.00246059945446918,0.));
#1879=CARTESIAN_POINT('',(-0.00281813106555905,-0.00246906826365016,0.));
#1880=CARTESIAN_POINT('',(-0.00282606705804108,-0.00247882862266581,0.));
#1881=CARTESIAN_POINT('',(-0.00283471626874933,-0.0024899120127577,0.));
#1882=CARTESIAN_POINT('',(-0.00284402920379105,-0.0025023509755501,0.));
#1883=CARTESIAN_POINT('',(-0.00285395456274851,-0.00251617584009836,0.));
#1884=CARTESIAN_POINT('',(-0.00286444034192598,-0.00253141564124795,0.));
#1885=CARTESIAN_POINT('',(-0.00287543356513747,-0.00254809781948818,0.));
#1886=CARTESIAN_POINT('',(-0.0028868804124724,-0.00256624827473549,0.));
#1887=CARTESIAN_POINT('',(-0.00289872623600367,-0.00258589132019352,0.));
#1888=CARTESIAN_POINT('',(-0.0029109156086854,-0.00260704966621012,0.));
#1889=CARTESIAN_POINT('',(-0.00292339236465479,-0.00262974439705251,0.));
#1890=CARTESIAN_POINT('',(-0.00293609964271722,-0.00265399495109369,0.));
#1891=CARTESIAN_POINT('',(-0.00294897992962767,-0.00267981910144498,0.));
#1892=CARTESIAN_POINT('',(-0.00296197510409228,-0.00270723293785469,0.));
#1893=CARTESIAN_POINT('',(-0.00297502648112483,-0.00273625084971849,0.));
#1894=CARTESIAN_POINT('',(-0.00298807485707445,-0.00276688550999086,0.));
#1895=CARTESIAN_POINT('',(-0.00300106055422426,-0.00279914786108414,0.));
#1896=CARTESIAN_POINT('',(-0.00301392346899239,-0.00283304709853987,0.));
#1897=CARTESIAN_POINT('',(-0.00302660310809262,-0.00286859066876758,0.));
#1898=CARTESIAN_POINT('',(-0.0030390386726882,-0.00290578421820144,0.));
#1899=CARTESIAN_POINT('',(-0.00305116895973948,-0.00294463173463231,0.));
#1900=CARTESIAN_POINT('',(-0.00306293296624518,-0.00298513495669548,0.));
#1901=CARTESIAN_POINT('',(-0.00307426780025568,-0.00302729559446145,0.));
#1902=CARTESIAN_POINT('',(-0.00308511690784251,-0.00307110678940499,0.));
#1903=CARTESIAN_POINT('',(-0.00309539882604622,-0.00311658575662445,0.));
#1904=CARTESIAN_POINT('',(-0.00310417354396825,-0.00315903690231444,0.));
#1905=CARTESIAN_POINT('',(-0.00310924809201652,-0.00318660131905248,0.));
#1906=CARTESIAN_POINT('',(-0.00311134874431968,-0.00319818042991589,0.));
#1907=CARTESIAN_POINT('',(-0.00281652094111816,-0.0016825805030827,0.));
#1908=CARTESIAN_POINT('',(-0.00298902883261537,-0.00178576941954667,0.));
#1909=CARTESIAN_POINT('',(-0.00317408554671807,-0.00189646465584518,0.));
#1910=CARTESIAN_POINT('',(-0.00317834363086524,-0.0018986491752949,0.));
#1911=CARTESIAN_POINT('',(-0.00318207475677247,-0.00190065783027693,0.));
#1912=CARTESIAN_POINT('',(-0.00318653120385588,-0.00190289998582746,0.));
#1913=CARTESIAN_POINT('',(-0.00319258430323025,-0.00190581834660663,0.));
#1914=CARTESIAN_POINT('',(-0.00319997083251868,-0.00190919042017913,0.));
#1915=CARTESIAN_POINT('',(-0.0032088034302241,-0.00191301439117103,0.));
#1916=CARTESIAN_POINT('',(-0.00321907385295577,-0.00191721785993401,0.));
#1917=CARTESIAN_POINT('',(-0.00323080886254316,-0.00192174932049026,0.));
#1918=CARTESIAN_POINT('',(-0.00324402254600948,-0.00192655025280148,0.));
#1919=CARTESIAN_POINT('',(-0.00325873055782453,-0.00193156352946349,0.));
#1920=CARTESIAN_POINT('',(-0.00327494588993319,-0.0019367309886862,0.));
#1921=CARTESIAN_POINT('',(-0.00329268008608865,-0.00194199419975525,0.));
#1922=CARTESIAN_POINT('',(-0.00331194287320533,-0.0019472942997462,0.));
#1923=CARTESIAN_POINT('',(-0.00333274225230051,-0.00195257209936805,0.));
#1924=CARTESIAN_POINT('',(-0.00335508445946678,-0.00195776811216055,0.));
#1925=CARTESIAN_POINT('',(-0.00337897396562933,-0.00196282260598707,0.));
#1926=CARTESIAN_POINT('',(-0.00340441346691175,-0.00196767564854091,0.));
#1927=CARTESIAN_POINT('',(-0.00343140387922993,-0.00197226715482483,0.));
#1928=CARTESIAN_POINT('',(-0.00345994433324706,-0.00197653693429892,0.));
#1929=CARTESIAN_POINT('',(-0.00349003217075559,-0.00198042473832226,0.));
#1930=CARTESIAN_POINT('',(-0.00352166294222599,-0.00198387030758851,0.));
#1931=CARTESIAN_POINT('',(-0.00355483040541994,-0.00198681341992139,0.));
#1932=CARTESIAN_POINT('',(-0.00358952652576131,-0.00198919393704804,0.));
#1933=CARTESIAN_POINT('',(-0.00362574147570156,-0.00199095185548665,0.));
#1934=CARTESIAN_POINT('',(-0.00366346364374353,-0.00199202734163607,0.));
#1935=CARTESIAN_POINT('',(-0.00370267961209143,-0.00199236082752232,0.));
#1936=CARTESIAN_POINT('',(-0.00374337426058039,-0.00199189287330058,0.));
#1937=CARTESIAN_POINT('',(-0.00378553039178672,-0.0019905649244011,0.));
#1938=CARTESIAN_POINT('',(-0.00382913019740287,-0.00198831663858454,0.));
#1939=CARTESIAN_POINT('',(-0.00387414967845872,-0.00198509634926956,0.));
#1940=CARTESIAN_POINT('',(-0.00392058003404689,-0.00198082126081976,0.));
#1941=CARTESIAN_POINT('',(-0.00396366500973983,-0.00197604838802911,0.));
#1942=CARTESIAN_POINT('',(-0.00399144844948366,-0.00197235669680534,0.));
#1943=CARTESIAN_POINT('',(-0.0040031099755857,-0.00197077639382997,0.));
#1944=CARTESIAN_POINT('',(-0.00400310997558568,-0.00197077639382997,0.));
#1945=CARTESIAN_POINT('',(9.54097911787244E-18,-3.21428963216209E-20,0.));
#1946=CARTESIAN_POINT('',(-0.00414317568453355,-0.00165618366076985,0.));
#1947=CARTESIAN_POINT('',(-0.00313502135946788,-0.000967216850965357,0.));
#1948=CARTESIAN_POINT('',(-0.00332713597882391,-0.00102636833564248,0.));
#1949=CARTESIAN_POINT('',(-0.00353322568220246,-0.0010898227045623,0.));
#1950=CARTESIAN_POINT('',(-0.00353769831095501,-0.00109152534893872,0.));
#1951=CARTESIAN_POINT('',(-0.00354168764305177,-0.00109295406332378,0.));
#1952=CARTESIAN_POINT('',(-0.00354633583448619,-0.00109476555401076,0.));
#1953=CARTESIAN_POINT('',(-0.00355255491325283,-0.00109731111897117,0.));
#1954=CARTESIAN_POINT('',(-0.00356000340510103,-0.00110054402235586,0.));
#1955=CARTESIAN_POINT('',(-0.00356875533081477,-0.00110454918560766,0.));
#1956=CARTESIAN_POINT('',(-0.00357875137106504,-0.00110936892751399,0.));
#1957=CARTESIAN_POINT('',(-0.00358997115661011,-0.00111505760021609,0.));
#1958=CARTESIAN_POINT('',(-0.00360238062464472,-0.00112166482996108,0.));
#1959=CARTESIAN_POINT('',(-0.00361594779611892,-0.00112924047598181,0.));
#1960=CARTESIAN_POINT('',(-0.00363063814170731,-0.00113783311100872,0.));
#1961=CARTESIAN_POINT('',(-0.00364641596320547,-0.00114749041150163,0.));
#1962=CARTESIAN_POINT('',(-0.00366324402551179,-0.00115825899295095,0.));
#1963=CARTESIAN_POINT('',(-0.00368108369613653,-0.00117018440663747,0.));
#1964=CARTESIAN_POINT('',(-0.00369989494078495,-0.00118331109109234,0.));
#1965=CARTESIAN_POINT('',(-0.00371963636146169,-0.00119768233746126,0.));
#1966=CARTESIAN_POINT('',(-0.00374026522384197,-0.00121334025189529,0.));
#1967=CARTESIAN_POINT('',(-0.00376173748893835,-0.00123032571976318,0.));
#1968=CARTESIAN_POINT('',(-0.00378400784476269,-0.00124867837035427,0.));
#1969=CARTESIAN_POINT('',(-0.00380702973916122,-0.001268436542445,0.));
#1970=CARTESIAN_POINT('',(-0.00383075541342585,-0.0012896372507367,0.));
#1971=CARTESIAN_POINT('',(-0.00385513593688519,-0.00131231615284362,0.));
#1972=CARTESIAN_POINT('',(-0.00388012124191213,-0.00133650751827104,0.));
#1973=CARTESIAN_POINT('',(-0.00390566016131617,-0.00136224419389331,0.));
#1974=CARTESIAN_POINT('',(-0.00393170046045808,-0.00138955758718019,0.));
#1975=CARTESIAN_POINT('',(-0.0039581888934484,-0.00141847758552074,0.));
#1976=CARTESIAN_POINT('',(-0.00398507117050893,-0.00144903272546208,0.));
#1977=CARTESIAN_POINT('',(-0.00401229226979161,-0.00148124940748253,0.));
#1978=CARTESIAN_POINT('',(-0.0040397954321899,-0.0015151547742697,0.));
#1979=CARTESIAN_POINT('',(-0.0040675262035058,-0.00155076556280402,0.));
#1980=CARTESIAN_POINT('',(-0.00409541716563404,-0.00158813063383108,0.));
#1981=CARTESIAN_POINT('',(-0.00412069970582649,-0.00162334268583635,0.));
#1982=CARTESIAN_POINT('',(-0.00413654699447794,-0.00164646002890168,0.));
#1983=CARTESIAN_POINT('',(-0.00414317568452996,-0.00165618366076842,0.));
#1984=CARTESIAN_POINT('',(-0.00325738705764241,-0.000391531502966115,0.));
#1985=CARTESIAN_POINT('',(-0.00345695157181237,-0.000415633988189171,0.));
#1986=CARTESIAN_POINT('',(-0.0036710331012037,-0.00044148977181957,0.));
#1987=CARTESIAN_POINT('',(-0.00367581157874233,-0.000441753510788048,0.));
#1988=CARTESIAN_POINT('',(-0.00368003712545125,-0.000442070922796453,0.));
#1989=CARTESIAN_POINT('',(-0.0036850202592634,-0.000442306633488217,0.));
#1990=CARTESIAN_POINT('',(-0.00369173704496811,-0.000442510671402062,0.));
#1991=CARTESIAN_POINT('',(-0.0036998565211324,-0.000442586841770295,0.));
#1992=CARTESIAN_POINT('',(-0.00370948084976983,-0.000442487671959757,0.));
#1993=CARTESIAN_POINT('',(-0.00372057305257834,-0.000442150374489663,0.));
#1994=CARTESIAN_POINT('',(-0.00373313662833718,-0.000441517011291278,0.));
#1995=CARTESIAN_POINT('',(-0.00374716064393845,-0.000440528391940887,0.));
#1996=CARTESIAN_POINT('',(-0.00376263616464337,-0.000439125960711399,0.));
#1997=CARTESIAN_POINT('',(-0.00377955140265287,-0.000437251299863629,0.));
#1998=CARTESIAN_POINT('',(-0.00379789313779766,-0.00043484633501645,0.));
#1999=CARTESIAN_POINT('',(-0.00381764631434792,-0.000431853335920113,0.));
#2000=CARTESIAN_POINT('',(-0.00383879416714314,-0.000428214976159772,0.));
#2001=CARTESIAN_POINT('',(-0.00386131819781419,-0.000423874375702492,0.));
#2002=CARTESIAN_POINT('',(-0.00388519819550575,-0.000418775148037104,0.));
#2003=CARTESIAN_POINT('',(-0.00391041224658406,-0.000412861445664774,0.));
#2004=CARTESIAN_POINT('',(-0.00393693674900981,-0.000406078005672657,0.));
#2005=CARTESIAN_POINT('',(-0.00396474642690618,-0.000398370194857564,0.));
#2006=CARTESIAN_POINT('',(-0.00399381434654978,-0.000389684054537661,0.));
#2007=CARTESIAN_POINT('',(-0.00402411193342514,-0.000379966344884069,0.));
#2008=CARTESIAN_POINT('',(-0.00405560899039798,-0.000369164589148259,0.));
#2009=CARTESIAN_POINT('',(-0.00408827371707852,-0.000357227116240747,0.));
#2010=CARTESIAN_POINT('',(-0.00412207272993973,-0.000344103107477387,0.));
#2011=CARTESIAN_POINT('',(-0.00415697108483298,-0.00032974262496502,0.));
#2012=CARTESIAN_POINT('',(-0.00419293229551415,-0.000314096708160797,0.));
#2013=CARTESIAN_POINT('',(-0.00422991837266234,-0.000297117205989589,0.));
#2014=CARTESIAN_POINT('',(-0.00426788978936011,-0.000278757621012562,0.));
#2015=CARTESIAN_POINT('',(-0.00430680573350914,-0.000258970071142292,0.));
#2016=CARTESIAN_POINT('',(-0.00434662326626744,-0.000237717117868622,0.));
#2017=CARTESIAN_POINT('',(-0.00438730067158681,-0.000214926703265548,0.));
#2018=CARTESIAN_POINT('',(-0.00442471945316704,-0.000193042228627389,0.));
#2019=CARTESIAN_POINT('',(-0.00444859934224707,-0.000178369157864395,0.));
#2020=CARTESIAN_POINT('',(-0.00445860990931954,-0.00017218230927966,0.));
#2021=CARTESIAN_POINT('',(-0.00445860990931952,-0.000172182309279659,0.));
#2022=CARTESIAN_POINT('',(9.54097911787244E-18,-3.21428963216209E-20,0.));
#2023=CARTESIAN_POINT('',(-0.00445860990931941,0.000172182309282263,0.));
#2024=CARTESIAN_POINT('',(-0.00325738705764241,0.000391531502966115,0.));
#2025=CARTESIAN_POINT('',(-0.00345695157181237,0.000415633988189172,0.));
#2026=CARTESIAN_POINT('',(-0.0036710331012037,0.00044148977181957,0.));
#2027=CARTESIAN_POINT('',(-0.00367581157874233,0.000441753510788049,0.));
#2028=CARTESIAN_POINT('',(-0.00368003712545125,0.000442070922796454,0.));
#2029=CARTESIAN_POINT('',(-0.0036850202592634,0.000442306633488218,0.));
#2030=CARTESIAN_POINT('',(-0.00369173704496811,0.000442510671402062,0.));
#2031=CARTESIAN_POINT('',(-0.0036998565211324,0.000442586841770295,0.));
#2032=CARTESIAN_POINT('',(-0.00370948084976982,0.000442487671959757,0.));
#2033=CARTESIAN_POINT('',(-0.00372057305257834,0.000442150374489663,0.));
#2034=CARTESIAN_POINT('',(-0.00373313662833718,0.000441517011291278,0.));
#2035=CARTESIAN_POINT('',(-0.00374716064393845,0.000440528391940887,0.));
#2036=CARTESIAN_POINT('',(-0.00376263616464337,0.000439125960711399,0.));
#2037=CARTESIAN_POINT('',(-0.00377955140265287,0.000437251299863629,0.));
#2038=CARTESIAN_POINT('',(-0.00379789313779766,0.000434846335016451,0.));
#2039=CARTESIAN_POINT('',(-0.00381764631434792,0.000431853335920113,0.));
#2040=CARTESIAN_POINT('',(-0.00383879416714314,0.000428214976159772,0.));
#2041=CARTESIAN_POINT('',(-0.00386131819781419,0.000423874375702492,0.));
#2042=CARTESIAN_POINT('',(-0.00388519819550575,0.000418775148037105,0.));
#2043=CARTESIAN_POINT('',(-0.00391041224658406,0.000412861445664774,0.));
#2044=CARTESIAN_POINT('',(-0.00393693674900981,0.000406078005672658,0.));
#2045=CARTESIAN_POINT('',(-0.00396474642690618,0.000398370194857564,0.));
#2046=CARTESIAN_POINT('',(-0.00399381434654978,0.000389684054537662,0.));
#2047=CARTESIAN_POINT('',(-0.00402411193342514,0.00037996634488407,0.));
#2048=CARTESIAN_POINT('',(-0.00405560899039798,0.000369164589148259,0.));
#2049=CARTESIAN_POINT('',(-0.00408827371707852,0.000357227116240748,0.));
#2050=CARTESIAN_POINT('',(-0.00412207272993973,0.000344103107477388,0.));
#2051=CARTESIAN_POINT('',(-0.00415697108483298,0.00032974262496502,0.));
#2052=CARTESIAN_POINT('',(-0.00419293229551415,0.000314096708160798,0.));
#2053=CARTESIAN_POINT('',(-0.00422991837266234,0.000297117205989589,0.));
#2054=CARTESIAN_POINT('',(-0.00426788978936011,0.000278757621012562,0.));
#2055=CARTESIAN_POINT('',(-0.00430680573350914,0.000258970071142292,0.));
#2056=CARTESIAN_POINT('',(-0.00434662326626744,0.000237717117868622,0.));
#2057=CARTESIAN_POINT('',(-0.00438730067158681,0.000214926703265548,0.));
#2058=CARTESIAN_POINT('',(-0.00442471945316572,0.000193042228628161,0.));
#2059=CARTESIAN_POINT('',(-0.00444859934224443,0.000178369157866021,0.));
#2060=CARTESIAN_POINT('',(-0.00445860990931556,0.000172182309282114,0.));
#2061=CARTESIAN_POINT('',(-0.00313502135946788,0.000967216850965357,0.));
#2062=CARTESIAN_POINT('',(-0.00332713597882391,0.00102636833564248,0.));
#2063=CARTESIAN_POINT('',(-0.00353322568220246,0.0010898227045623,0.));
#2064=CARTESIAN_POINT('',(-0.00353769831095501,0.00109152534893872,0.));
#2065=CARTESIAN_POINT('',(-0.00354168764305177,0.00109295406332378,0.));
#2066=CARTESIAN_POINT('',(-0.00354633583448619,0.00109476555401076,0.));
#2067=CARTESIAN_POINT('',(-0.00355255491325283,0.00109731111897117,0.));
#2068=CARTESIAN_POINT('',(-0.00356000340510103,0.00110054402235586,0.));
#2069=CARTESIAN_POINT('',(-0.00356875533081477,0.00110454918560766,0.));
#2070=CARTESIAN_POINT('',(-0.00357875137106504,0.00110936892751399,0.));
#2071=CARTESIAN_POINT('',(-0.00358997115661011,0.00111505760021609,0.));
#2072=CARTESIAN_POINT('',(-0.00360238062464472,0.00112166482996108,0.));
#2073=CARTESIAN_POINT('',(-0.00361594779611892,0.00112924047598181,0.));
#2074=CARTESIAN_POINT('',(-0.00363063814170731,0.00113783311100872,0.));
#2075=CARTESIAN_POINT('',(-0.00364641596320546,0.00114749041150163,0.));
#2076=CARTESIAN_POINT('',(-0.00366324402551179,0.00115825899295095,0.));
#2077=CARTESIAN_POINT('',(-0.00368108369613653,0.00117018440663747,0.));
#2078=CARTESIAN_POINT('',(-0.00369989494078495,0.00118331109109234,0.));
#2079=CARTESIAN_POINT('',(-0.00371963636146169,0.00119768233746126,0.));
#2080=CARTESIAN_POINT('',(-0.00374026522384197,0.00121334025189529,0.));
#2081=CARTESIAN_POINT('',(-0.00376173748893835,0.00123032571976318,0.));
#2082=CARTESIAN_POINT('',(-0.00378400784476269,0.00124867837035427,0.));
#2083=CARTESIAN_POINT('',(-0.00380702973916122,0.001268436542445,0.));
#2084=CARTESIAN_POINT('',(-0.00383075541342585,0.0012896372507367,0.));
#2085=CARTESIAN_POINT('',(-0.00385513593688519,0.00131231615284362,0.));
#2086=CARTESIAN_POINT('',(-0.00388012124191213,0.00133650751827104,0.));
#2087=CARTESIAN_POINT('',(-0.00390566016131617,0.00136224419389331,0.));
#2088=CARTESIAN_POINT('',(-0.00393170046045808,0.00138955758718019,0.));
#2089=CARTESIAN_POINT('',(-0.0039581888934484,0.00141847758552074,0.));
#2090=CARTESIAN_POINT('',(-0.00398507117050893,0.00144903272546208,0.));
#2091=CARTESIAN_POINT('',(-0.00401229226979161,0.00148124940748253,0.));
#2092=CARTESIAN_POINT('',(-0.0040397954321899,0.0015151547742697,0.));
#2093=CARTESIAN_POINT('',(-0.00406752620350579,0.00155076556280402,0.));
#2094=CARTESIAN_POINT('',(-0.00409541716563404,0.00158813063383108,0.));
#2095=CARTESIAN_POINT('',(-0.00412069970582738,0.00162334268583759,0.));
#2096=CARTESIAN_POINT('',(-0.0041365469944797,0.00164646002890424,0.));
#2097=CARTESIAN_POINT('',(-0.00414317568453259,0.00165618366077228,0.));
#2098=CARTESIAN_POINT('',(-0.00414317568453257,0.00165618366077227,0.));
#2099=CARTESIAN_POINT('',(9.54097911787244E-18,-3.21428963216209E-20,0.));
#2100=CARTESIAN_POINT('',(-0.00400310997558453,0.0019707763938323,0.));
#2101=CARTESIAN_POINT('',(-0.00281652094111816,0.0016825805030827,0.));
#2102=CARTESIAN_POINT('',(-0.00298902883261537,0.00178576941954667,0.));
#2103=CARTESIAN_POINT('',(-0.00317408554671807,0.00189646465584517,0.));
#2104=CARTESIAN_POINT('',(-0.00317834363086525,0.0018986491752949,0.));
#2105=CARTESIAN_POINT('',(-0.00318207475677247,0.00190065783027693,0.));
#2106=CARTESIAN_POINT('',(-0.00318653120385588,0.00190289998582746,0.));
#2107=CARTESIAN_POINT('',(-0.00319258430323025,0.00190581834660663,0.));
#2108=CARTESIAN_POINT('',(-0.00319997083251869,0.00190919042017913,0.));
#2109=CARTESIAN_POINT('',(-0.0032088034302241,0.00191301439117103,0.));
#2110=CARTESIAN_POINT('',(-0.00321907385295577,0.00191721785993401,0.));
#2111=CARTESIAN_POINT('',(-0.00323080886254316,0.00192174932049025,0.));
#2112=CARTESIAN_POINT('',(-0.00324402254600948,0.00192655025280148,0.));
#2113=CARTESIAN_POINT('',(-0.00325873055782454,0.00193156352946349,0.));
#2114=CARTESIAN_POINT('',(-0.00327494588993319,0.0019367309886862,0.));
#2115=CARTESIAN_POINT('',(-0.00329268008608865,0.00194199419975525,0.));
#2116=CARTESIAN_POINT('',(-0.00331194287320533,0.0019472942997462,0.));
#2117=CARTESIAN_POINT('',(-0.00333274225230051,0.00195257209936805,0.));
#2118=CARTESIAN_POINT('',(-0.00335508445946678,0.00195776811216055,0.));
#2119=CARTESIAN_POINT('',(-0.00337897396562933,0.00196282260598707,0.));
#2120=CARTESIAN_POINT('',(-0.00340441346691175,0.0019676756485409,0.));
#2121=CARTESIAN_POINT('',(-0.00343140387922993,0.00197226715482483,0.));
#2122=CARTESIAN_POINT('',(-0.00345994433324706,0.00197653693429892,0.));
#2123=CARTESIAN_POINT('',(-0.00349003217075559,0.00198042473832226,0.));
#2124=CARTESIAN_POINT('',(-0.00352166294222599,0.00198387030758851,0.));
#2125=CARTESIAN_POINT('',(-0.00355483040541994,0.00198681341992139,0.));
#2126=CARTESIAN_POINT('',(-0.00358952652576131,0.00198919393704804,0.));
#2127=CARTESIAN_POINT('',(-0.00362574147570157,0.00199095185548665,0.));
#2128=CARTESIAN_POINT('',(-0.00366346364374353,0.00199202734163607,0.));
#2129=CARTESIAN_POINT('',(-0.00370267961209144,0.00199236082752232,0.));
#2130=CARTESIAN_POINT('',(-0.00374337426058039,0.00199189287330058,0.));
#2131=CARTESIAN_POINT('',(-0.00378553039178672,0.0019905649244011,0.));
#2132=CARTESIAN_POINT('',(-0.00382913019740287,0.00198831663858454,0.));
#2133=CARTESIAN_POINT('',(-0.00387414967845872,0.00198509634926956,0.));
#2134=CARTESIAN_POINT('',(-0.00392058003404689,0.00198082126081976,0.));
#2135=CARTESIAN_POINT('',(-0.00396366500973831,0.00197604838802928,0.));
#2136=CARTESIAN_POINT('',(-0.00399144844948058,0.00197235669680575,0.));
#2137=CARTESIAN_POINT('',(-0.00400310997558107,0.0019707763938306,0.));
#2138=CARTESIAN_POINT('',(-0.00247058198746642,0.00215872462447568,0.));
#2139=CARTESIAN_POINT('',(-0.00262202834901534,0.00229090224997794,0.));
#2140=CARTESIAN_POINT('',(-0.00278449144440078,0.0024326949345969,0.));
#2141=CARTESIAN_POINT('',(-0.00278788486622338,0.00243606955963749,0.));
#2142=CARTESIAN_POINT('',(-0.0027909481919465,0.00243899736271938,0.));
#2143=CARTESIAN_POINT('',(-0.00279445772647669,0.00244254283158845,0.));
#2144=CARTESIAN_POINT('',(-0.00279910376308794,0.00244739784811573,0.));
#2145=CARTESIAN_POINT('',(-0.00280459335871207,0.00245338082688813,0.));
#2146=CARTESIAN_POINT('',(-0.00281095959403749,0.00246059945446918,0.));
#2147=CARTESIAN_POINT('',(-0.00281813106555906,0.00246906826365016,0.));
#2148=CARTESIAN_POINT('',(-0.00282606705804108,0.00247882862266581,0.));
#2149=CARTESIAN_POINT('',(-0.00283471626874933,0.0024899120127577,0.));
#2150=CARTESIAN_POINT('',(-0.00284402920379106,0.0025023509755501,0.));
#2151=CARTESIAN_POINT('',(-0.00285395456274851,0.00251617584009836,0.));
#2152=CARTESIAN_POINT('',(-0.00286444034192598,0.00253141564124795,0.));
#2153=CARTESIAN_POINT('',(-0.00287543356513747,0.00254809781948818,0.));
#2154=CARTESIAN_POINT('',(-0.0028868804124724,0.00256624827473549,0.));
#2155=CARTESIAN_POINT('',(-0.00289872623600367,0.00258589132019352,0.));
#2156=CARTESIAN_POINT('',(-0.00291091560868541,0.00260704966621012,0.));
#2157=CARTESIAN_POINT('',(-0.00292339236465479,0.0026297443970525,0.));
#2158=CARTESIAN_POINT('',(-0.00293609964271722,0.00265399495109369,0.));
#2159=CARTESIAN_POINT('',(-0.00294897992962767,0.00267981910144498,0.));
#2160=CARTESIAN_POINT('',(-0.00296197510409228,0.00270723293785468,0.));
#2161=CARTESIAN_POINT('',(-0.00297502648112483,0.00273625084971849,0.));
#2162=CARTESIAN_POINT('',(-0.00298807485707445,0.00276688550999086,0.));
#2163=CARTESIAN_POINT('',(-0.00300106055422426,0.00279914786108414,0.));
#2164=CARTESIAN_POINT('',(-0.00301392346899239,0.00283304709853987,0.));
#2165=CARTESIAN_POINT('',(-0.00302660310809262,0.00286859066876758,0.));
#2166=CARTESIAN_POINT('',(-0.0030390386726882,0.00290578421820144,0.));
#2167=CARTESIAN_POINT('',(-0.00305116895973948,0.00294463173463231,0.));
#2168=CARTESIAN_POINT('',(-0.00306293296624518,0.00298513495669548,0.));
#2169=CARTESIAN_POINT('',(-0.00307426780025568,0.00302729559446145,0.));
#2170=CARTESIAN_POINT('',(-0.00308511690784251,0.00307110678940498,0.));
#2171=CARTESIAN_POINT('',(-0.00309539882604622,0.00311658575662445,0.));
#2172=CARTESIAN_POINT('',(-0.00310417354396857,0.00315903690231594,0.));
#2173=CARTESIAN_POINT('',(-0.00310924809201709,0.00318660131905553,0.));
#2174=CARTESIAN_POINT('',(-0.00311134874432052,0.00319818042992048,0.));
#2175=CARTESIAN_POINT('',(-0.00311134874432051,0.00319818042992047,0.));
#2176=CARTESIAN_POINT('',(9.54097911787244E-18,-3.21428963216209E-20,0.));
#2177=CARTESIAN_POINT('',(-0.00285543595995866,0.00342860533594726,0.));
#2178=CARTESIAN_POINT('',(-0.00188865276658511,0.0026826960484523,0.));
#2179=CARTESIAN_POINT('',(-0.00200427585378471,0.00284712909505867,0.));
#2180=CARTESIAN_POINT('',(-0.00212830976554297,0.00302352357203462,0.));
#2181=CARTESIAN_POINT('',(-0.00213131119486615,0.00302725114870701,0.));
#2182=CARTESIAN_POINT('',(-0.0021339027544061,0.00303060373196821,0.));
#2183=CARTESIAN_POINT('',(-0.0021370619545745,0.00303446464331348,0.));
#2184=CARTESIAN_POINT('',(-0.002141404731746,0.00303959271586678,0.));
#2185=CARTESIAN_POINT('',(-0.00214678111614012,0.00304567763048854,0.));
#2186=CARTESIAN_POINT('',(-0.00215329474652862,0.00305276354295868,0.));
#2187=CARTESIAN_POINT('',(-0.00216096753978929,0.00306078096001829,0.));
#2188=CARTESIAN_POINT('',(-0.00216984489343836,0.00306969371363198,0.));
#2189=CARTESIAN_POINT('',(-0.00217996347885584,0.0030794540727931,0.));
#2190=CARTESIAN_POINT('',(-0.00219136083292013,0.00309001621626756,0.));
#2191=CARTESIAN_POINT('',(-0.00220407248089467,0.00310133229491626,0.));
#2192=CARTESIAN_POINT('',(-0.00221813273443541,0.00311335362489292,0.));
#2193=CARTESIAN_POINT('',(-0.0022335744212291,0.00312603038853282,0.));
#2194=CARTESIAN_POINT('',(-0.00225042892502227,0.00313931176803496,0.));
#2195=CARTESIAN_POINT('',(-0.00226872613809213,0.0031531459562611,0.));
#2196=CARTESIAN_POINT('',(-0.0022884944400808,0.0031674802036783,0.));
#2197=CARTESIAN_POINT('',(-0.00230976067068501,0.00318226085601224,0.));
#2198=CARTESIAN_POINT('',(-0.00233255010540559,0.00319743339542318,0.));
#2199=CARTESIAN_POINT('',(-0.00235688643176203,0.00321294248152566,0.));
#2200=CARTESIAN_POINT('',(-0.00238279172669085,0.00322873199325701,0.));
#2201=CARTESIAN_POINT('',(-0.00241028643501253,0.00324474507121495,0.));
#2202=CARTESIAN_POINT('',(-0.00243938934872442,0.00326092416075685,0.));
#2203=CARTESIAN_POINT('',(-0.00247011758831521,0.00327721105488014,0.));
#2204=CARTESIAN_POINT('',(-0.00250248658148737,0.0032935469404525,0.));
#2205=CARTESIAN_POINT('',(-0.00253651005712844,0.00330987243393799,0.));
#2206=CARTESIAN_POINT('',(-0.00257219998594984,0.00332612765977534,0.));
#2207=CARTESIAN_POINT('',(-0.00260956673135656,0.00334225216703924,0.));
#2208=CARTESIAN_POINT('',(-0.00264861839900944,0.00335818546864606,0.));
#2209=CARTESIAN_POINT('',(-0.00268936326360987,0.00337386519592592,0.));
#2210=CARTESIAN_POINT('',(-0.00273180041569958,0.0033892343878476,0.));
#2211=CARTESIAN_POINT('',(-0.0027759554912688,0.00340421382718202,0.));
#2212=CARTESIAN_POINT('',(-0.00281725687736098,0.00341737782930409,0.));
#2213=CARTESIAN_POINT('',(-0.00284413985863074,0.0034253058445697,0.));
#2214=CARTESIAN_POINT('',(-0.00285543595995619,0.0034286053359443,0.));
#2215=CARTESIAN_POINT('',(-0.00137895654529927,0.00297696929901662,0.));
#2216=CARTESIAN_POINT('',(-0.00146354819728226,0.00315931835309863,0.));
#2217=CARTESIAN_POINT('',(-0.00155429333955158,0.00335493211010002,0.));
#2218=CARTESIAN_POINT('',(-0.00155602080098282,0.00335939521247776,0.));
#2219=CARTESIAN_POINT('',(-0.00155762844348535,0.00336331586050537,0.));
#2220=CARTESIAN_POINT('',(-0.00155939249070791,0.00336798226377948,0.));
#2221=CARTESIAN_POINT('',(-0.00156166214322577,0.00337430725540963,0.));
#2222=CARTESIAN_POINT('',(-0.00156424364167101,0.00338200579818632,0.));
#2223=CARTESIAN_POINT('',(-0.0015671234066849,0.0033911897238087,0.));
#2224=CARTESIAN_POINT('',(-0.00157023029690092,0.00340184326622023,0.));
#2225=CARTESIAN_POINT('',(-0.00157351029112351,0.00341398765680554,0.));
#2226=CARTESIAN_POINT('',(-0.00157690371739836,0.00342763078840801,0.));
#2227=CARTESIAN_POINT('',(-0.00158035212493352,0.00344278225830083,0.));
#2228=CARTESIAN_POINT('',(-0.00158379631252724,0.0034594489076951,0.));
#2229=CARTESIAN_POINT('',(-0.00158717696290394,0.00347763610943337,0.));
#2230=CARTESIAN_POINT('',(-0.00159043451885702,0.00349734738429394,0.));
#2231=CARTESIAN_POINT('',(-0.00159350927900658,0.00351858450249807,0.));
#2232=CARTESIAN_POINT('',(-0.00159634143091623,0.0035413474479481,0.));
#2233=CARTESIAN_POINT('',(-0.00159887110232931,0.00356563442336856,0.));
#2234=CARTESIAN_POINT('',(-0.00160103840743291,0.00359144184548151,0.));
#2235=CARTESIAN_POINT('',(-0.00160278349464241,0.0036187643445929,0.));
#2236=CARTESIAN_POINT('',(-0.00160404659401842,0.00364759476450361,0.));
#2237=CARTESIAN_POINT('',(-0.00160476806482672,0.00367792416387017,0.));
#2238=CARTESIAN_POINT('',(-0.00160488844297024,0.00370974181872536,0.));
#2239=CARTESIAN_POINT('',(-0.00160434848866767,0.00374303522609494,0.));
#2240=CARTESIAN_POINT('',(-0.00160308923293179,0.0037777901092558,0.));
#2241=CARTESIAN_POINT('',(-0.00160105202824469,0.00381399042242398,0.));
#2242=CARTESIAN_POINT('',(-0.00159817858251191,0.00385161836339694,0.));
#2243=CARTESIAN_POINT('',(-0.00159441105662062,0.00389065436133421,0.));
#2244=CARTESIAN_POINT('',(-0.0015896919168313,0.00393107716574512,0.));
#2245=CARTESIAN_POINT('',(-0.00158396472696252,0.00397286355279607,0.));
#2246=CARTESIAN_POINT('',(-0.00157717133681108,0.00401598950425374,0.));
#2247=CARTESIAN_POINT('',(-0.00156926287140604,0.00406042575198853,0.));
#2248=CARTESIAN_POINT('',(-0.00156015790861948,0.00410615488880471,0.));
#2249=CARTESIAN_POINT('',(-0.00155090757582626,0.00414850493943456,0.));
#2250=CARTESIAN_POINT('',(-0.00154433194781258,0.00417575029177797,0.));
#2251=CARTESIAN_POINT('',(-0.00154154134049945,0.00418718274817835,0.));
#2252=CARTESIAN_POINT('',(-0.00154154134049945,0.00418718274817833,0.));
#2253=CARTESIAN_POINT('',(9.54097911787244E-18,-3.21428963216209E-20,0.));
#2254=CARTESIAN_POINT('',(-0.0012140311260346,0.00429359726757532,0.));
#2255=CARTESIAN_POINT('',(-0.000634219370837752,0.00321894907551601,0.));
#2256=CARTESIAN_POINT('',(-0.000672965371560154,0.00341619428467922,0.));
#2257=CARTESIAN_POINT('',(-0.000714529890818247,0.00362778779476995,0.));
#2258=CARTESIAN_POINT('',(-0.000715755690920348,0.00363241389679437,0.));
#2259=CARTESIAN_POINT('',(-0.000716759579904986,0.00363653071623161,0.));
#2260=CARTESIAN_POINT('',(-0.000718075278748824,0.00364134279672474,0.));
#2261=CARTESIAN_POINT('',(-0.000719956828091621,0.00364779389072065,0.));
#2262=CARTESIAN_POINT('',(-0.000722393441886752,0.00365553950937384,0.));
#2263=CARTESIAN_POINT('',(-0.000725461839089698,0.00366466214468264,0.));
#2264=CARTESIAN_POINT('',(-0.000729210307219446,0.00367510722579333,0.));
#2265=CARTESIAN_POINT('',(-0.000733695029836048,0.00368686017639483,0.));
#2266=CARTESIAN_POINT('',(-0.000738968921861547,0.00369989230763681,0.));
#2267=CARTESIAN_POINT('',(-0.000745084912115629,0.00371417702736293,0.));
#2268=CARTESIAN_POINT('',(-0.000752094916539576,0.0037296850726359,0.));
#2269=CARTESIAN_POINT('',(-0.00076005008189501,0.00374638592435686,0.));
#2270=CARTESIAN_POINT('',(-0.000769000660435768,0.0037642474240476,0.));
#2271=CARTESIAN_POINT('',(-0.000778995992102727,0.00378323591225654,0.));
#2272=CARTESIAN_POINT('',(-0.000790084456711433,0.00380331621909238,0.));
#2273=CARTESIAN_POINT('',(-0.000802313435523,0.00382445169849926,0.));
#2274=CARTESIAN_POINT('',(-0.00081572927097987,0.00384660425154676,0.));
#2275=CARTESIAN_POINT('',(-0.000830377227804168,0.00386973435418237,0.));
#2276=CARTESIAN_POINT('',(-0.000846301454584305,0.0038938010850305,0.));
#2277=CARTESIAN_POINT('',(-0.000863544946097999,0.00391876215444831,0.));
#2278=CARTESIAN_POINT('',(-0.000882149506420548,0.00394457393444477,0.));
#2279=CARTESIAN_POINT('',(-0.000902155712477922,0.00397119148963146,0.));
#2280=CARTESIAN_POINT('',(-0.000923602879535611,0.00399856860879568,0.));
#2281=CARTESIAN_POINT('',(-0.000946529022957128,0.00402665783847947,0.));
#2282=CARTESIAN_POINT('',(-0.000970970838165401,0.00405541051316494,0.));
#2283=CARTESIAN_POINT('',(-0.000996963614534248,0.00408477680273204,0.));
#2284=CARTESIAN_POINT('',(-0.00102454140711167,0.00411470569768909,0.));
#2285=CARTESIAN_POINT('',(-0.00105373622310066,0.0041451452372049,0.));
#2286=CARTESIAN_POINT('',(-0.00108458098944049,0.00417604181028865,0.));
#2287=CARTESIAN_POINT('',(-0.00111709804343832,0.004207343010539,0.));
#2288=CARTESIAN_POINT('',(-0.00115134302528641,0.00423898689651277,0.));
#2289=CARTESIAN_POINT('',(-0.00118371943691268,0.0042678115979893,0.));
#2290=CARTESIAN_POINT('',(-0.00120505364802418,0.00428598849388085,0.));
#2291=CARTESIAN_POINT('',(-0.00121403112603355,0.00429359726757161,0.));
#2292=CARTESIAN_POINT('',(-4.8896989022945E-5,0.00328046893684054,0.));
#2293=CARTESIAN_POINT('',(-5.20072663211231E-5,0.00348145961146239,0.));
#2294=CARTESIAN_POINT('',(-5.53437959821938E-5,0.00369707104516546,0.));
#2295=CARTESIAN_POINT('',(-5.51066032471365E-5,0.00370185091393322,0.));
#2296=CARTESIAN_POINT('',(-5.49805865353989E-5,0.00370608649124461,0.));
#2297=CARTESIAN_POINT('',(-5.46941266596885E-5,0.00371106696540473,0.));
#2298=CARTESIAN_POINT('',(-5.4194951544681E-5,0.00371776828362415,0.));
#2299=CARTESIAN_POINT('',(-5.3421988277675E-5,0.00372585124241999,0.));
#2300=CARTESIAN_POINT('',(-5.23173454472825E-5,0.00373541248191023,0.));
#2301=CARTESIAN_POINT('',(-5.08224448141941E-5,0.00374640866328496,0.));
#2302=CARTESIAN_POINT('',(-4.88792999784627E-5,0.00375883720997942,0.));
#2303=CARTESIAN_POINT('',(-4.64301875886707E-5,0.00377268106169442,0.));
#2304=CARTESIAN_POINT('',(-4.34178066266447E-5,0.00378792521189643,0.));
#2305=CARTESIAN_POINT('',(-3.97852915322087E-5,0.00380455183104468,0.));
#2306=CARTESIAN_POINT('',(-3.54762679457514E-5,0.00382254170096553,0.));
#2307=CARTESIAN_POINT('',(-3.04348956221721E-5,0.00384187381395174,0.));
#2308=CARTESIAN_POINT('',(-2.46059146231917E-5,0.00386252550444204,0.));
#2309=CARTESIAN_POINT('',(-1.79346901167434E-5,0.00388447242982089,0.));
#2310=CARTESIAN_POINT('',(-1.03672570925139E-5,0.00390768859595477,0.));
#2311=CARTESIAN_POINT('',(-1.85036458857164E-6,0.00393214637160188,0.));
#2312=CARTESIAN_POINT('',(7.66848048700843E-6,0.00395781650747,0.));
#2313=CARTESIAN_POINT('',(1.82409700024508E-5,0.00398466815542142,0.));
#2314=CARTESIAN_POINT('',(2.99179517075683E-5,0.00401266888906042,0.));
#2315=CARTESIAN_POINT('',(4.27493869276964E-5,0.00404178472532821,0.));
#2316=CARTESIAN_POINT('',(5.67843084782039E-5,0.0040719801471997,0.));
#2317=CARTESIAN_POINT('',(7.20707803430658E-5,0.00410321812739141,0.));
#2318=CARTESIAN_POINT('',(8.86558532875774E-5,0.00413546015325576,0.));
#2319=CARTESIAN_POINT('',(0.000106585538981741,0.00416866625214064,0.));
#2320=CARTESIAN_POINT('',(0.000125904715906398,0.00420279501990705,0.));
#2321=CARTESIAN_POINT('',(0.000146657300394716,0.0042378036421857,0.));
#2322=CARTESIAN_POINT('',(0.000168885403479758,0.00427364794828591,0.));
#2323=CARTESIAN_POINT('',(0.000192632378919941,0.00431028234464128,0.));
#2324=CARTESIAN_POINT('',(0.000217930971802178,0.00434766021424335,0.));
#2325=CARTESIAN_POINT('',(0.000244848484797207,0.00438573253746454,0.));
#2326=CARTESIAN_POINT('',(0.000270524401729416,0.00442065878454074,0.));
#2327=CARTESIAN_POINT('',(0.000287613219984041,0.00444287410355153,0.));
#2328=CARTESIAN_POINT('',(0.000294812565557409,0.0044521831299151,0.));
#2329=CARTESIAN_POINT('',(0.000294812565557409,0.00445218312991509,0.));
#2330=CARTESIAN_POINT('',(9.54097911787244E-18,-3.21428963216209E-20,0.));
#2331=CARTESIAN_POINT('',(0.000637290718707372,0.00441618722553296,0.));
#2332=CARTESIAN_POINT('',(0.000729876315829553,0.00319861656418869,0.));
#2333=CARTESIAN_POINT('',(0.000774706937105614,0.00339456844732795,0.));
#2334=CARTESIAN_POINT('',(0.000822798693329215,0.00360477455037208,0.));
#2335=CARTESIAN_POINT('',(0.000823560474421901,0.0036094992826817,0.));
#2336=CARTESIAN_POINT('',(0.000824317837518061,0.00361366850281416,0.));
#2337=CARTESIAN_POINT('',(0.000825073136281634,0.00361859970002151,0.));
#2338=CARTESIAN_POINT('',(0.00082597815174225,0.00362525836270176,0.));
#2339=CARTESIAN_POINT('',(0.000826902621207226,0.00363332539755453,0.));
#2340=CARTESIAN_POINT('',(0.000827810010941739,0.00364290736918057,0.));
#2341=CARTESIAN_POINT('',(0.000828634012136306,0.00365397406492771,0.));
#2342=CARTESIAN_POINT('',(0.00082931736983501,0.00366653502058581,0.));
#2343=CARTESIAN_POINT('',(0.000829800075044505,0.00368058555002372,0.));
#2344=CARTESIAN_POINT('',(0.000830022958877582,0.00369612288818824,0.));
#2345=CARTESIAN_POINT('',(0.000829926691453026,0.00371314141817162,0.));
#2346=CARTESIAN_POINT('',(0.000829452134643262,0.00373163406265184,0.));
#2347=CARTESIAN_POINT('',(0.00082854030069859,0.00375159188283026,0.));
#2348=CARTESIAN_POINT('',(0.000827132424807798,0.00377300419762969,0.));
#2349=CARTESIAN_POINT('',(0.000825170004926627,0.00379585855559945,0.));
#2350=CARTESIAN_POINT('',(0.000822594850825466,0.00382014075059677,0.));
#2351=CARTESIAN_POINT('',(0.000819349130345458,0.00384583482668628,0.));
#2352=CARTESIAN_POINT('',(0.000815375416224885,0.00387292308767049,0.));
#2353=CARTESIAN_POINT('',(0.000810616732498396,0.00390138610686123,0.));
#2354=CARTESIAN_POINT('',(0.000805016600734744,0.00393120273829896,0.));
#2355=CARTESIAN_POINT('',(0.000798519085908213,0.0039623501290799,0.));
#2356=CARTESIAN_POINT('',(0.000791068842283355,0.0039948037328067,0.));
#2357=CARTESIAN_POINT('',(0.000782611157784445,0.00402853732439505,0.));
#2358=CARTESIAN_POINT('',(0.000773092002588623,0.00406352301519529,0.));
#2359=CARTESIAN_POINT('',(0.000762458059709582,0.00409973127241777,0.));
#2360=CARTESIAN_POINT('',(0.000750656822964419,0.0041371309274641,0.));
#2361=CARTESIAN_POINT('',(0.000737636434089298,0.00417568923228075,0.));
#2362=CARTESIAN_POINT('',(0.000723346518675285,0.00421537173678873,0.));
#2363=CARTESIAN_POINT('',(0.000707735190912116,0.00425614285750364,0.));
#2364=CARTESIAN_POINT('',(0.000690760729050548,0.0042979638041969,0.));
#2365=CARTESIAN_POINT('',(0.000672347109391019,0.00434080062144948,0.));
#2366=CARTESIAN_POINT('',(0.000654493847931297,0.00438030196953098,0.));
#2367=CARTESIAN_POINT('',(0.00064239728589446,0.00440558479561691,0.));
#2368=CARTESIAN_POINT('',(0.00063729071870682,0.00441618722552915,0.));
#2369=CARTESIAN_POINT('',(0.00128961730087065,0.00301674569336003,0.));
#2370=CARTESIAN_POINT('',(0.00136852619345812,0.00320162487493664,0.));
#2371=CARTESIAN_POINT('',(0.00145317519269511,0.00339995280968576,0.));
#2372=CARTESIAN_POINT('',(0.00145533602681775,0.00340422296210986,0.));
#2373=CARTESIAN_POINT('',(0.00145717391330946,0.00340804109890887,0.));
#2374=CARTESIAN_POINT('',(0.00145946134876853,0.00341247447472653,0.));
#2375=CARTESIAN_POINT('',(0.00146264303960416,0.00341839340073551,0.));
#2376=CARTESIAN_POINT('',(0.0014666368122124,0.00342546315854332,0.));
#2377=CARTESIAN_POINT('',(0.00147153486010633,0.00343374848673243,0.));
#2378=CARTESIAN_POINT('',(0.00147737306968832,0.00344318596741349,0.));
#2379=CARTESIAN_POINT('',(0.00148420336618736,0.00345374966158382,0.));
#2380=CARTESIAN_POINT('',(0.00149207154346011,0.0034654005056824,0.));
#2381=CARTESIAN_POINT('',(0.00150102384488437,0.00347810148413491,0.));
#2382=CARTESIAN_POINT('',(0.00151110496780676,0.00349181317953831,0.));
#2383=CARTESIAN_POINT('',(0.00152235859603202,0.0035064951056996,0.));
#2384=CARTESIAN_POINT('',(0.00153482719755809,0.00352210535884939,0.));
#2385=CARTESIAN_POINT('',(0.00154855203593625,0.00353860075672536,0.));
#2386=CARTESIAN_POINT('',(0.00156357312153546,0.00355593683925348,0.));
#2387=CARTESIAN_POINT('',(0.00157992918107915,0.00357406791006399,0.));
#2388=CARTESIAN_POINT('',(0.00159765762310317,0.00359294706764396,0.));
#2389=CARTESIAN_POINT('',(0.00161679450567427,0.00361252624057134,0.));
#2390=CARTESIAN_POINT('',(0.00163737450459589,0.00363275622269312,0.));
#2391=CARTESIAN_POINT('',(0.00165943088259556,0.00365358670937969,0.));
#2392=CARTESIAN_POINT('',(0.00168299545945985,0.00367496633446031,0.));
#2393=CARTESIAN_POINT('',(0.00170809858281895,0.00369684270807534,0.));
#2394=CARTESIAN_POINT('',(0.00173476910095412,0.00371916245473461,0.));
#2395=CARTESIAN_POINT('',(0.00176303433237328,0.00374187125411357,0.));
#2396=CARTESIAN_POINT('',(0.00179292005248621,0.00376491387474522,0.));
#2397=CARTESIAN_POINT('',(0.00182445041924476,0.00378823423834386,0.));
#2398=CARTESIAN_POINT('',(0.00185764813804272,0.00381177536965491,0.));
#2399=CARTESIAN_POINT('',(0.00189253371338466,0.00383547978864436,0.));
#2400=CARTESIAN_POINT('',(0.00192912820632548,0.00385928820995453,0.));
#2401=CARTESIAN_POINT('',(0.00196744257014507,0.0038831447282024,0.));
#2402=CARTESIAN_POINT('',(0.0020075183508138,0.00390697718726748,0.));
#2403=CARTESIAN_POINT('',(0.00204518025258903,0.00392844056537554,0.));
#2404=CARTESIAN_POINT('',(0.00206982744916134,0.00394178462057691,0.));
#2405=CARTESIAN_POINT('',(0.00208019070074131,0.00394736060167558,0.));
#2406=CARTESIAN_POINT('',(0.00208019070074131,0.00394736060167557,0.));
#2407=CARTESIAN_POINT('',(9.54097911787244E-18,-3.21428963216209E-20,0.));
#2408=CARTESIAN_POINT('',(0.00237841920858042,0.00377517829239452,0.));
#2409=CARTESIAN_POINT('',(0.00196776975677176,0.00262521419039391,0.));
#2410=CARTESIAN_POINT('',(0.00208842537835424,0.00278599088674747,0.));
#2411=CARTESIAN_POINT('',(0.00221785790850859,0.00295846303786619,0.));
#2412=CARTESIAN_POINT('',(0.00222047555192458,0.00296246945132182,0.));
#2413=CARTESIAN_POINT('',(0.00222286321214178,0.00296597017611241,0.));
#2414=CARTESIAN_POINT('',(0.00222555891049487,0.00297016784123831,0.));
#2415=CARTESIAN_POINT('',(0.00222909400536395,0.00297588272933345,0.));
#2416=CARTESIAN_POINT('',(0.00223321970892,0.00298287631677302,0.));
#2417=CARTESIAN_POINT('',(0.00223794598966349,0.00299126081477268,0.));
#2418=CARTESIAN_POINT('',(0.00224319998289002,0.00300103559292383,0.));
#2419=CARTESIAN_POINT('',(0.00224893326214981,0.00301223265029254,0.));
#2420=CARTESIAN_POINT('',(0.00225508910047834,0.00302487211374151,0.));
#2421=CARTESIAN_POINT('',(0.002261612319759,0.00303897552342351,0.));
#2422=CARTESIAN_POINT('',(0.0022684464348461,0.00305456187967468,0.));
#2423=CARTESIAN_POINT('',(0.00227553454176564,0.00307164877068315,0.));
#2424=CARTESIAN_POINT('',(0.00228281911678983,0.00309025202292928,0.));
#2425=CARTESIAN_POINT('',(0.00229024213120687,0.0031103857805656,0.));
#2426=CARTESIAN_POINT('',(0.00229774507627872,0.00313206246355099,0.));
#2427=CARTESIAN_POINT('',(0.00230526901442659,0.00315529276202689,0.));
#2428=CARTESIAN_POINT('',(0.00231275462348089,0.00318008562197919,0.));
#2429=CARTESIAN_POINT('',(0.00232014224333555,0.00320644823489869,0.));
#2430=CARTESIAN_POINT('',(0.0023273719223103,0.00323438602783556,0.));
#2431=CARTESIAN_POINT('',(0.00233438346395423,0.00326390265484203,0.));
#2432=CARTESIAN_POINT('',(0.00234111647396529,0.00329499998957625,0.));
#2433=CARTESIAN_POINT('',(0.00234751040757902,0.00332767811892707,0.));
#2434=CARTESIAN_POINT('',(0.0023535046161244,0.00336193533849386,0.));
#2435=CARTESIAN_POINT('',(0.00235903839756644,0.00339776814663618,0.));
#2436=CARTESIAN_POINT('',(0.00236405103234676,0.00343517124978021,0.));
#2437=CARTESIAN_POINT('',(0.00236848187626939,0.00347413753018305,0.));
#2438=CARTESIAN_POINT('',(0.0023722702346196,0.00351465816366532,0.));
#2439=CARTESIAN_POINT('',(0.00237535607597545,0.00355672216763179,0.));
#2440=CARTESIAN_POINT('',(0.00237767752718366,0.00360031813881224,0.));
#2441=CARTESIAN_POINT('',(0.00237918069612236,0.00364542761033378,0.));
#2442=CARTESIAN_POINT('',(0.002379782320773,0.00369205048400193,0.));
#2443=CARTESIAN_POINT('',(0.00237953920057801,0.00373539833674662,0.));
#2444=CARTESIAN_POINT('',(0.00237877189308582,0.00376341546270941,0.));
#2445=CARTESIAN_POINT('',(0.00237841920857836,0.00377517829239125,0.));
#2446=CARTESIAN_POINT('',(0.00240514504363832,0.00223139971322333,0.));
#2447=CARTESIAN_POINT('',(0.00255242904171829,0.00236820011168547,0.));
#2448=CARTESIAN_POINT('',(0.00271042698887325,0.00251495184580979,0.));
#2449=CARTESIAN_POINT('',(0.0027141378365331,0.00251797393374298,0.));
#2450=CARTESIAN_POINT('',(0.00271736980553371,0.00252071443949037,0.));
#2451=CARTESIAN_POINT('',(0.00272126269820456,0.00252383414601075,0.));
#2452=CARTESIAN_POINT('',(0.00272657676151058,0.00252794724373059,0.));
#2453=CARTESIAN_POINT('',(0.0027331007838938,0.00253278137519866,0.));
#2454=CARTESIAN_POINT('',(0.00274094531987303,0.0025383581835729,0.));
#2455=CARTESIAN_POINT('',(0.00275011735892874,0.00254460513741373,0.));
#2456=CARTESIAN_POINT('',(0.0027606537867751,0.00255147742036972,0.));
#2457=CARTESIAN_POINT('',(0.00277258054960021,0.00255892072006263,0.));
#2458=CARTESIAN_POINT('',(0.00278592483724134,0.00256688241220644,0.));
#2459=CARTESIAN_POINT('',(0.00280071145025428,0.0025753083071629,0.));
#2460=CARTESIAN_POINT('',(0.0028169638285622,0.00258414365115022,0.));
#2461=CARTESIAN_POINT('',(0.0028347037248132,0.00259333288987931,0.));
#2462=CARTESIAN_POINT('',(0.00285395127132873,0.00260281979099222,0.));
#2463=CARTESIAN_POINT('',(0.00287472493585832,0.00261254746450712,0.));
#2464=CARTESIAN_POINT('',(0.00289704151063622,0.00262245841313551,0.));
#2465=CARTESIAN_POINT('',(0.00292091609349651,0.002632494574791,0.));
#2466=CARTESIAN_POINT('',(0.00294636207271346,0.00264259736790731,0.));
#2467=CARTESIAN_POINT('',(0.0029733911122643,0.00265270773650697,0.));
#2468=CARTESIAN_POINT('',(0.00300201313842647,0.00266276619585396,0.));
#2469=CARTESIAN_POINT('',(0.00303223632751763,0.00267271287834319,0.));
#2470=CARTESIAN_POINT('',(0.00306406709460182,0.00268248757996309,0.));
#2471=CARTESIAN_POINT('',(0.00309751008412768,0.00269202980612401,0.));
#2472=CARTESIAN_POINT('',(0.00313256815872755,0.00270127882130198,0.));
#2473=CARTESIAN_POINT('',(0.0031692424007485,0.00271017368523758,0.));
#2474=CARTESIAN_POINT('',(0.00320753207048397,0.00271865334194336,0.));
#2475=CARTESIAN_POINT('',(0.00324743473641962,0.00272665650681868,0.));
#2476=CARTESIAN_POINT('',(0.00328894575111633,0.0027341223293062,0.));
#2477=CARTESIAN_POINT('',(0.00333206024127778,0.00274098808323394,0.));
#2478=CARTESIAN_POINT('',(0.00337676547445525,0.00274719824139289,0.));
#2479=CARTESIAN_POINT('',(0.00342307005624302,0.0027526699876184,0.));
#2480=CARTESIAN_POINT('',(0.00346620585789671,0.00275695928369477,0.));
#2481=CARTESIAN_POINT('',(0.00349414970858658,0.00275912476671547,0.));
#2482=CARTESIAN_POINT('',(0.0035058849658278,0.00276000356476107,0.));
#2483=CARTESIAN_POINT('',(0.00350588496582779,0.00276000356476107,0.));
#2484=CARTESIAN_POINT('',(9.54097911787244E-18,-3.21428963216209E-20,0.));
#2485=CARTESIAN_POINT('',(0.00370829741002974,0.00248140673608297,0.));
#2486=CARTESIAN_POINT('',(0.00286541793014111,0.00159788843375783,0.));
#2487=CARTESIAN_POINT('',(0.00304103609893649,0.00169569019191572,0.));
#2488=CARTESIAN_POINT('',(0.00322942934270027,0.00180060638932028,0.));
#2489=CARTESIAN_POINT('',(0.00323345023411238,0.00180320173863832,0.));
#2490=CARTESIAN_POINT('',(0.00323705534330786,0.00180542866096768,0.));
#2491=CARTESIAN_POINT('',(0.00324122533051557,0.00180816697957727,0.));
#2492=CARTESIAN_POINT('',(0.00324677925477492,0.00181194993701751,0.));
#2493=CARTESIAN_POINT('',(0.00325339282079637,0.00181666082224086,0.));
#2494=CARTESIAN_POINT('',(0.00326112077567138,0.00182239809073921,0.));
#2495=CARTESIAN_POINT('',(0.00326989629776997,0.00182919080335095,0.));
#2496=CARTESIAN_POINT('',(0.00327968816252163,0.00183708788948916,0.));
#2497=CARTESIAN_POINT('',(0.00329045273359815,0.00184613080889295,0.));
#2498=CARTESIAN_POINT('',(0.00330214836445118,0.00185636168243294,0.));
#2499=CARTESIAN_POINT('',(0.0033147311814654,0.00186782084235847,0.));
#2500=CARTESIAN_POINT('',(0.0033281563540344,0.00188054750121028,0.));
#2501=CARTESIAN_POINT('',(0.0033423777688275,0.00189457951420554,0.));
#2502=CARTESIAN_POINT('',(0.0033573481669237,0.00190995340507399,0.));
#2503=CARTESIAN_POINT('',(0.00337301914958352,0.00192670431766034,0.));
#2504=CARTESIAN_POINT('',(0.00338934122272184,0.00194486598996771,0.));
#2505=CARTESIAN_POINT('',(0.00340626383150032,0.00196447072306098,0.));
#2506=CARTESIAN_POINT('',(0.00342373539874292,0.00198554935264517,0.));
#2507=CARTESIAN_POINT('',(0.00344170336324461,0.0020081312211225,0.));
#2508=CARTESIAN_POINT('',(0.00346011421904802,0.00203224415073816,0.));
#2509=CARTESIAN_POINT('',(0.00347891355529829,0.0020579144177397,0.));
#2510=CARTESIAN_POINT('',(0.00349804609694174,0.00208516672727831,0.));
#2511=CARTESIAN_POINT('',(0.00351745574541824,0.00211402419034337,0.));
#2512=CARTESIAN_POINT('',(0.00353708562241399,0.00214450829776911,0.));
#2513=CARTESIAN_POINT('',(0.00355687810476179,0.00217663891050457,0.));
#2514=CARTESIAN_POINT('',(0.00357677489618504,0.00221043419238473,0.));
#2515=CARTESIAN_POINT('',(0.00359671696018567,0.00224591076888511,0.));
#2516=CARTESIAN_POINT('',(0.00361664498830696,0.00228308302388481,0.));
#2517=CARTESIAN_POINT('',(0.00363649781848292,0.00232196570605673,0.));
#2518=CARTESIAN_POINT('',(0.00365621870665655,0.00236256386497379,0.));
#2519=CARTESIAN_POINT('',(0.00367573154924968,0.00240491127664478,0.));
#2520=CARTESIAN_POINT('',(0.00369314060800979,0.00244461039651023,0.));
#2521=CARTESIAN_POINT('',(0.00370383522949843,0.00247051740674332,0.));
#2522=CARTESIAN_POINT('',(0.00370829741002652,0.00248140673608082,0.));
#2523=CARTESIAN_POINT('',(0.00310480135830417,0.00106022445104033,0.));
#2524=CARTESIAN_POINT('',(0.00329499372057549,0.00112529203470128,0.));
#2525=CARTESIAN_POINT('',(0.00349902133521903,0.00119509286017305,0.));
#2526=CARTESIAN_POINT('',(0.00350364055714372,0.00119634433715688,0.));
#2527=CARTESIAN_POINT('',(0.00350770777185149,0.00119753335351222,0.));
#2528=CARTESIAN_POINT('',(0.00351253300522551,0.0011987999651363,0.));
#2529=CARTESIAN_POINT('',(0.00351906059117957,0.00120039604260491,0.));
#2530=CARTESIAN_POINT('',(0.00352698680059882,0.00120215868248571,0.));
#2531=CARTESIAN_POINT('',(0.00353642143312719,0.00120406269021347,0.));
#2532=CARTESIAN_POINT('',(0.0035473413727785,0.00120603896214317,0.));
#2533=CARTESIAN_POINT('',(0.00355976208787712,0.00120803155372901,0.));
#2534=CARTESIAN_POINT('',(0.00357368519061088,0.00120998029487911,0.));
#2535=CARTESIAN_POINT('',(0.00358911411590668,0.00121182605181283,0.));
#2536=CARTESIAN_POINT('',(0.00360604947928808,0.00121350923253754,0.));
#2537=CARTESIAN_POINT('',(0.00362449042382099,0.00121497028310891,0.));
#2538=CARTESIAN_POINT('',(0.00364443422557324,0.00121614960455941,0.));
#2539=CARTESIAN_POINT('',(0.00366587640457512,0.00121698763752104,0.));
#2540=CARTESIAN_POINT('',(0.0036888106927151,0.00121742489889886,0.));
#2541=CARTESIAN_POINT('',(0.00371322904420841,0.00121740203228915,0.));
#2542=CARTESIAN_POINT('',(0.00373912163563465,0.00121685985449425,0.));
#2543=CARTESIAN_POINT('',(0.00376647687052139,0.00121573940308868,0.));
#2544=CARTESIAN_POINT('',(0.00379528138421197,0.00121398198358552,0.));
#2545=CARTESIAN_POINT('',(0.00382552005019027,0.00121152921659362,0.));
#2546=CARTESIAN_POINT('',(0.00385717598754538,0.00120832308472629,0.));
#2547=CARTESIAN_POINT('',(0.00389023056955237,0.0012043059796406,0.));
#2548=CARTESIAN_POINT('',(0.00392466343375987,0.00119942074771154,0.));
#2549=CARTESIAN_POINT('',(0.00396045249194952,0.0011936107399396,0.));
#2550=CARTESIAN_POINT('',(0.00399757394625802,0.00118681984439736,0.));
#2551=CARTESIAN_POINT('',(0.00403600228722245,0.00117899258453061,0.));
#2552=CARTESIAN_POINT('',(0.00407571036685116,0.00117007396305678,0.));
#2553=CARTESIAN_POINT('',(0.00411666918934585,0.00116001028050941,0.));
#2554=CARTESIAN_POINT('',(0.00415884878969617,0.0011487462158272,0.));
#2555=CARTESIAN_POINT('',(0.00420221495128084,0.00113623622113402,0.));
#2556=CARTESIAN_POINT('',(0.00424674185133263,0.00112240113988833,0.));
#2557=CARTESIAN_POINT('',(0.00428789298088239,0.00110877469567438,0.));
#2558=CARTESIAN_POINT('',(0.00431430174004364,0.00109938717482733,0.));
#2559=CARTESIAN_POINT('',(0.00432537987035763,0.00109541683765415,0.));
#2560=CARTESIAN_POINT('',(0.00432537987035763,0.00109541683765415,0.));
#2561=CARTESIAN_POINT('',(9.54097911787244E-18,-3.21428963216209E-20,0.));
#2562=CARTESIAN_POINT('',(0.00439697730046056,0.000758577412230168,0.));
#2563=CARTESIAN_POINT('',(0.00326760931188437,0.000294273250564313,0.));
#2564=CARTESIAN_POINT('',(0.00346782405106696,0.00031218925803996,0.));
#2565=CARTESIAN_POINT('',(0.00368260310509454,0.000331408538065396,0.));
#2566=CARTESIAN_POINT('',(0.00368733199584897,0.000332144063770749,0.));
#2567=CARTESIAN_POINT('',(0.00369153119789145,0.000332712128537165,0.));
#2568=CARTESIAN_POINT('',(0.00369645444528241,0.000333517620466005,0.));
#2569=CARTESIAN_POINT('',(0.00370306687497178,0.000334714539542846,0.));
#2570=CARTESIAN_POINT('',(0.00371102475781113,0.000336328167697784,0.));
#2571=CARTESIAN_POINT('',(0.00372041815321351,0.00033842618085002,0.));
#2572=CARTESIAN_POINT('',(0.0037311978366902,0.000341062306201939,0.));
#2573=CARTESIAN_POINT('',(0.00374335518456187,0.000344293943173567,0.));
#2574=CARTESIAN_POINT('',(0.0037568671962542,0.000348176715614908,0.));
#2575=CARTESIAN_POINT('',(0.00377171295785364,0.00035276604203327,0.));
#2576=CARTESIAN_POINT('',(0.00378786879342191,0.000358116612778846,0.));
#2577=CARTESIAN_POINT('',(0.00380530969733934,0.000364282484540448,0.));
#2578=CARTESIAN_POINT('',(0.00382400894008612,0.000371316995761116,0.));
#2579=CARTESIAN_POINT('',(0.00384393820402885,0.000379272734463118,0.));
#2580=CARTESIAN_POINT('',(0.00386506756900835,0.000388201491686999,0.));
#2581=CARTESIAN_POINT('',(0.00388736554241011,0.00039815421969027,0.));
#2582=CARTESIAN_POINT('',(0.00391079907811791,0.000409180989469275,0.));
#2583=CARTESIAN_POINT('',(0.00393533360004801,0.000421330949169725,0.));
#2584=CARTESIAN_POINT('',(0.00396093302578045,0.00043465228297795,0.));
#2585=CARTESIAN_POINT('',(0.00398755979151756,0.000449192170613155,0.));
#2586=CARTESIAN_POINT('',(0.00401517487798276,0.000464996747510397,0.));
#2587=CARTESIAN_POINT('',(0.00404373783739209,0.000482111065338099,0.));
#2588=CARTESIAN_POINT('',(0.00407320682124701,0.000500579054375659,0.));
#2589=CARTESIAN_POINT('',(0.00410353860973206,0.000520443481971493,0.));
#2590=CARTESIAN_POINT('',(0.00413468863964035,0.000541745929458959,0.));
#2591=CARTESIAN_POINT('',(0.00416661104257045,0.000564526701558866,0.));
#2592=CARTESIAN_POINT('',(0.00419925864818785,0.000588824998705883,0.));
#2593=CARTESIAN_POINT('',(0.00423258312597196,0.000614678084150011,0.));
#2594=CARTESIAN_POINT('',(0.00426653460042095,0.00064212430832781,0.));
#2595=CARTESIAN_POINT('',(0.00430106328710562,0.000671191364140926,0.));
#2596=CARTESIAN_POINT('',(0.00433611339988828,0.000701941061622683,0.));
#2597=CARTESIAN_POINT('',(0.00436816445318756,0.000731127110128974,0.));
#2598=CARTESIAN_POINT('',(0.00438847180644404,0.000750444447205255,0.));
#2599=CARTESIAN_POINT('',(0.00439697730045674,0.00075857741222951,0.));
#2600=CARTESIAN_POINT('',(0.00326760931188437,-0.000294273250564312,0.));
#2601=CARTESIAN_POINT('',(0.00346782405106696,-0.000312189258039959,0.));
#2602=CARTESIAN_POINT('',(0.00368260310509454,-0.000331408538065396,0.));
#2603=CARTESIAN_POINT('',(0.00368733199584897,-0.000332144063770748,0.));
#2604=CARTESIAN_POINT('',(0.00369153119789145,-0.000332712128537165,0.));
#2605=CARTESIAN_POINT('',(0.00369645444528241,-0.000333517620466005,0.));
#2606=CARTESIAN_POINT('',(0.00370306687497178,-0.000334714539542846,0.));
#2607=CARTESIAN_POINT('',(0.00371102475781113,-0.000336328167697783,0.));
#2608=CARTESIAN_POINT('',(0.00372041815321351,-0.000338426180850019,0.));
#2609=CARTESIAN_POINT('',(0.0037311978366902,-0.000341062306201938,0.));
#2610=CARTESIAN_POINT('',(0.00374335518456187,-0.000344293943173567,0.));
#2611=CARTESIAN_POINT('',(0.0037568671962542,-0.000348176715614908,0.));
#2612=CARTESIAN_POINT('',(0.00377171295785364,-0.00035276604203327,0.));
#2613=CARTESIAN_POINT('',(0.00378786879342191,-0.000358116612778846,0.));
#2614=CARTESIAN_POINT('',(0.00380530969733934,-0.000364282484540447,0.));
#2615=CARTESIAN_POINT('',(0.00382400894008612,-0.000371316995761115,0.));
#2616=CARTESIAN_POINT('',(0.00384393820402885,-0.000379272734463117,0.));
#2617=CARTESIAN_POINT('',(0.00386506756900835,-0.000388201491686999,0.));
#2618=CARTESIAN_POINT('',(0.00388736554241011,-0.00039815421969027,0.));
#2619=CARTESIAN_POINT('',(0.00391079907811791,-0.000409180989469275,0.));
#2620=CARTESIAN_POINT('',(0.00393533360004801,-0.000421330949169724,0.));
#2621=CARTESIAN_POINT('',(0.00396093302578045,-0.00043465228297795,0.));
#2622=CARTESIAN_POINT('',(0.00398755979151756,-0.000449192170613155,0.));
#2623=CARTESIAN_POINT('',(0.00401517487798276,-0.000464996747510397,0.));
#2624=CARTESIAN_POINT('',(0.00404373783739209,-0.000482111065338098,0.));
#2625=CARTESIAN_POINT('',(0.00407320682124701,-0.000500579054375659,0.));
#2626=CARTESIAN_POINT('',(0.00410353860973206,-0.000520443481971492,0.));
#2627=CARTESIAN_POINT('',(0.00413468863964035,-0.000541745929458959,0.));
#2628=CARTESIAN_POINT('',(0.00416661104257045,-0.000564526701558865,0.));
#2629=CARTESIAN_POINT('',(0.00419925864818785,-0.000588824998705882,0.));
#2630=CARTESIAN_POINT('',(0.00423258312597196,-0.00061467808415001,0.));
#2631=CARTESIAN_POINT('',(0.00426653460042095,-0.00064212430832781,0.));
#2632=CARTESIAN_POINT('',(0.00430106328710562,-0.000671191364140926,0.));
#2633=CARTESIAN_POINT('',(0.00433611339988828,-0.000701941061622683,0.));
#2634=CARTESIAN_POINT('',(0.00436816445318869,-0.000731127110130003,0.));
#2635=CARTESIAN_POINT('',(0.00438847180644629,-0.000750444447207395,0.));
#2636=CARTESIAN_POINT('',(0.00439697730046011,-0.000758577412232735,0.));
#2637=CARTESIAN_POINT('',(0.00439697730046011,-0.000758577412232735,0.));
#2638=CARTESIAN_POINT('',(9.54097911787244E-18,-3.21428963216209E-20,0.));
#2639=CARTESIAN_POINT('',(0.00432537987035699,-0.00109541683765667,0.));
#2640=CARTESIAN_POINT('',(0.00310480135830417,-0.00106022445104033,0.));
#2641=CARTESIAN_POINT('',(0.00329499372057549,-0.00112529203470128,0.));
#2642=CARTESIAN_POINT('',(0.00349902133521903,-0.00119509286017305,0.));
#2643=CARTESIAN_POINT('',(0.00350364055714372,-0.00119634433715688,0.));
#2644=CARTESIAN_POINT('',(0.00350770777185149,-0.00119753335351222,0.));
#2645=CARTESIAN_POINT('',(0.00351253300522551,-0.0011987999651363,0.));
#2646=CARTESIAN_POINT('',(0.00351906059117957,-0.00120039604260491,0.));
#2647=CARTESIAN_POINT('',(0.00352698680059882,-0.00120215868248571,0.));
#2648=CARTESIAN_POINT('',(0.00353642143312719,-0.00120406269021346,0.));
#2649=CARTESIAN_POINT('',(0.0035473413727785,-0.00120603896214317,0.));
#2650=CARTESIAN_POINT('',(0.00355976208787712,-0.00120803155372901,0.));
#2651=CARTESIAN_POINT('',(0.00357368519061088,-0.00120998029487911,0.));
#2652=CARTESIAN_POINT('',(0.00358911411590668,-0.00121182605181283,0.));
#2653=CARTESIAN_POINT('',(0.00360604947928808,-0.00121350923253754,0.));
#2654=CARTESIAN_POINT('',(0.00362449042382099,-0.00121497028310891,0.));
#2655=CARTESIAN_POINT('',(0.00364443422557324,-0.00121614960455941,0.));
#2656=CARTESIAN_POINT('',(0.00366587640457512,-0.00121698763752104,0.));
#2657=CARTESIAN_POINT('',(0.0036888106927151,-0.00121742489889886,0.));
#2658=CARTESIAN_POINT('',(0.00371322904420841,-0.00121740203228915,0.));
#2659=CARTESIAN_POINT('',(0.00373912163563465,-0.00121685985449425,0.));
#2660=CARTESIAN_POINT('',(0.00376647687052139,-0.00121573940308868,0.));
#2661=CARTESIAN_POINT('',(0.00379528138421197,-0.00121398198358552,0.));
#2662=CARTESIAN_POINT('',(0.00382552005019027,-0.00121152921659362,0.));
#2663=CARTESIAN_POINT('',(0.00385717598754538,-0.00120832308472629,0.));
#2664=CARTESIAN_POINT('',(0.00389023056955237,-0.0012043059796406,0.));
#2665=CARTESIAN_POINT('',(0.00392466343375987,-0.00119942074771154,0.));
#2666=CARTESIAN_POINT('',(0.00396045249194952,-0.0011936107399396,0.));
#2667=CARTESIAN_POINT('',(0.00399757394625802,-0.00118681984439736,0.));
#2668=CARTESIAN_POINT('',(0.00403600228722245,-0.00117899258453061,0.));
#2669=CARTESIAN_POINT('',(0.00407571036685116,-0.00117007396305678,0.));
#2670=CARTESIAN_POINT('',(0.00411666918934585,-0.00116001028050941,0.));
#2671=CARTESIAN_POINT('',(0.00415884878969617,-0.0011487462158272,0.));
#2672=CARTESIAN_POINT('',(0.00420221495128084,-0.00113623622113402,0.));
#2673=CARTESIAN_POINT('',(0.00424674185133263,-0.00112240113988833,0.));
#2674=CARTESIAN_POINT('',(0.00428789298088094,-0.00110877469567486,0.));
#2675=CARTESIAN_POINT('',(0.00431430174004071,-0.00109938717482837,0.));
#2676=CARTESIAN_POINT('',(0.00432537987035323,-0.00109541683765572,0.));
#2677=CARTESIAN_POINT('',(0.00286541793014111,-0.00159788843375783,0.));
#2678=CARTESIAN_POINT('',(0.00304103609893649,-0.00169569019191572,0.));
#2679=CARTESIAN_POINT('',(0.00322942934270027,-0.00180060638932028,0.));
#2680=CARTESIAN_POINT('',(0.00323345023411238,-0.00180320173863832,0.));
#2681=CARTESIAN_POINT('',(0.00323705534330786,-0.00180542866096768,0.));
#2682=CARTESIAN_POINT('',(0.00324122533051557,-0.00180816697957727,0.));
#2683=CARTESIAN_POINT('',(0.00324677925477492,-0.00181194993701751,0.));
#2684=CARTESIAN_POINT('',(0.00325339282079637,-0.00181666082224086,0.));
#2685=CARTESIAN_POINT('',(0.00326112077567138,-0.00182239809073921,0.));
#2686=CARTESIAN_POINT('',(0.00326989629776997,-0.00182919080335095,0.));
#2687=CARTESIAN_POINT('',(0.00327968816252163,-0.00183708788948916,0.));
#2688=CARTESIAN_POINT('',(0.00329045273359815,-0.00184613080889295,0.));
#2689=CARTESIAN_POINT('',(0.00330214836445118,-0.00185636168243294,0.));
#2690=CARTESIAN_POINT('',(0.0033147311814654,-0.00186782084235847,0.));
#2691=CARTESIAN_POINT('',(0.0033281563540344,-0.00188054750121028,0.));
#2692=CARTESIAN_POINT('',(0.0033423777688275,-0.00189457951420554,0.));
#2693=CARTESIAN_POINT('',(0.0033573481669237,-0.00190995340507399,0.));
#2694=CARTESIAN_POINT('',(0.00337301914958352,-0.00192670431766034,0.));
#2695=CARTESIAN_POINT('',(0.00338934122272184,-0.00194486598996771,0.));
#2696=CARTESIAN_POINT('',(0.00340626383150032,-0.00196447072306098,0.));
#2697=CARTESIAN_POINT('',(0.00342373539874292,-0.00198554935264517,0.));
#2698=CARTESIAN_POINT('',(0.00344170336324461,-0.0020081312211225,0.));
#2699=CARTESIAN_POINT('',(0.00346011421904802,-0.00203224415073816,0.));
#2700=CARTESIAN_POINT('',(0.00347891355529829,-0.0020579144177397,0.));
#2701=CARTESIAN_POINT('',(0.00349804609694174,-0.00208516672727831,0.));
#2702=CARTESIAN_POINT('',(0.00351745574541824,-0.00211402419034337,0.));
#2703=CARTESIAN_POINT('',(0.00353708562241399,-0.00214450829776911,0.));
#2704=CARTESIAN_POINT('',(0.00355687810476179,-0.00217663891050457,0.));
#2705=CARTESIAN_POINT('',(0.00357677489618504,-0.00221043419238473,0.));
#2706=CARTESIAN_POINT('',(0.00359671696018567,-0.00224591076888511,0.));
#2707=CARTESIAN_POINT('',(0.00361664498830696,-0.00228308302388481,0.));
#2708=CARTESIAN_POINT('',(0.00363649781848292,-0.00232196570605673,0.));
#2709=CARTESIAN_POINT('',(0.00365621870665655,-0.00236256386497379,0.));
#2710=CARTESIAN_POINT('',(0.00367573154924968,-0.00240491127664478,0.));
#2711=CARTESIAN_POINT('',(0.00369314060801041,-0.00244461039651163,0.));
#2712=CARTESIAN_POINT('',(0.00370383522949961,-0.00247051740674619,0.));
#2713=CARTESIAN_POINT('',(0.00370829741002829,-0.00248140673608513,0.));
#2714=CARTESIAN_POINT('',(0.00370829741002829,-0.00248140673608513,0.));
#2715=CARTESIAN_POINT('',(9.54097911787244E-18,-3.21428963216209E-20,0.));
#2716=CARTESIAN_POINT('',(0.00350588496582618,-0.00276000356476311,0.));
#2717=CARTESIAN_POINT('',(0.00240514504363832,-0.00223139971322333,0.));
#2718=CARTESIAN_POINT('',(0.0025524290417183,-0.00236820011168547,0.));
#2719=CARTESIAN_POINT('',(0.00271042698887325,-0.00251495184580979,0.));
#2720=CARTESIAN_POINT('',(0.0027141378365331,-0.00251797393374298,0.));
#2721=CARTESIAN_POINT('',(0.00271736980553371,-0.00252071443949037,0.));
#2722=CARTESIAN_POINT('',(0.00272126269820456,-0.00252383414601075,0.));
#2723=CARTESIAN_POINT('',(0.00272657676151058,-0.00252794724373059,0.));
#2724=CARTESIAN_POINT('',(0.0027331007838938,-0.00253278137519866,0.));
#2725=CARTESIAN_POINT('',(0.00274094531987304,-0.0025383581835729,0.));
#2726=CARTESIAN_POINT('',(0.00275011735892874,-0.00254460513741372,0.));
#2727=CARTESIAN_POINT('',(0.00276065378677511,-0.00255147742036972,0.));
#2728=CARTESIAN_POINT('',(0.00277258054960021,-0.00255892072006263,0.));
#2729=CARTESIAN_POINT('',(0.00278592483724134,-0.00256688241220644,0.));
#2730=CARTESIAN_POINT('',(0.00280071145025429,-0.0025753083071629,0.));
#2731=CARTESIAN_POINT('',(0.0028169638285622,-0.00258414365115022,0.));
#2732=CARTESIAN_POINT('',(0.00283470372481321,-0.00259333288987931,0.));
#2733=CARTESIAN_POINT('',(0.00285395127132874,-0.00260281979099222,0.));
#2734=CARTESIAN_POINT('',(0.00287472493585832,-0.00261254746450712,0.));
#2735=CARTESIAN_POINT('',(0.00289704151063623,-0.00262245841313551,0.));
#2736=CARTESIAN_POINT('',(0.00292091609349652,-0.00263249457479099,0.));
#2737=CARTESIAN_POINT('',(0.00294636207271347,-0.0026425973679073,0.));
#2738=CARTESIAN_POINT('',(0.0029733911122643,-0.00265270773650696,0.));
#2739=CARTESIAN_POINT('',(0.00300201313842647,-0.00266276619585396,0.));
#2740=CARTESIAN_POINT('',(0.00303223632751763,-0.00267271287834319,0.));
#2741=CARTESIAN_POINT('',(0.00306406709460183,-0.00268248757996308,0.));
#2742=CARTESIAN_POINT('',(0.00309751008412769,-0.00269202980612401,0.));
#2743=CARTESIAN_POINT('',(0.00313256815872755,-0.00270127882130198,0.));
#2744=CARTESIAN_POINT('',(0.0031692424007485,-0.00271017368523758,0.));
#2745=CARTESIAN_POINT('',(0.00320753207048397,-0.00271865334194336,0.));
#2746=CARTESIAN_POINT('',(0.00324743473641962,-0.00272665650681868,0.));
#2747=CARTESIAN_POINT('',(0.00328894575111633,-0.0027341223293062,0.));
#2748=CARTESIAN_POINT('',(0.00333206024127778,-0.00274098808323394,0.));
#2749=CARTESIAN_POINT('',(0.00337676547445525,-0.00274719824139289,0.));
#2750=CARTESIAN_POINT('',(0.00342307005624302,-0.0027526699876184,0.));
#2751=CARTESIAN_POINT('',(0.00346620585789518,-0.00275695928369462,0.));
#2752=CARTESIAN_POINT('',(0.00349414970858348,-0.00275912476671523,0.));
#2753=CARTESIAN_POINT('',(0.00350588496582314,-0.00276000356476072,0.));
#2754=CARTESIAN_POINT('',(0.00196776975677176,-0.00262521419039391,0.));
#2755=CARTESIAN_POINT('',(0.00208842537835425,-0.00278599088674747,0.));
#2756=CARTESIAN_POINT('',(0.00221785790850859,-0.00295846303786619,0.));
#2757=CARTESIAN_POINT('',(0.00222047555192458,-0.00296246945132181,0.));
#2758=CARTESIAN_POINT('',(0.00222286321214178,-0.00296597017611241,0.));
#2759=CARTESIAN_POINT('',(0.00222555891049487,-0.00297016784123831,0.));
#2760=CARTESIAN_POINT('',(0.00222909400536395,-0.00297588272933345,0.));
#2761=CARTESIAN_POINT('',(0.00223321970892,-0.00298287631677302,0.));
#2762=CARTESIAN_POINT('',(0.00223794598966349,-0.00299126081477268,0.));
#2763=CARTESIAN_POINT('',(0.00224319998289002,-0.00300103559292383,0.));
#2764=CARTESIAN_POINT('',(0.00224893326214982,-0.00301223265029254,0.));
#2765=CARTESIAN_POINT('',(0.00225508910047834,-0.00302487211374151,0.));
#2766=CARTESIAN_POINT('',(0.002261612319759,-0.0030389755234235,0.));
#2767=CARTESIAN_POINT('',(0.0022684464348461,-0.00305456187967468,0.));
#2768=CARTESIAN_POINT('',(0.00227553454176564,-0.00307164877068314,0.));
#2769=CARTESIAN_POINT('',(0.00228281911678984,-0.00309025202292928,0.));
#2770=CARTESIAN_POINT('',(0.00229024213120687,-0.0031103857805656,0.));
#2771=CARTESIAN_POINT('',(0.00229774507627872,-0.00313206246355099,0.));
#2772=CARTESIAN_POINT('',(0.00230526901442659,-0.00315529276202689,0.));
#2773=CARTESIAN_POINT('',(0.00231275462348089,-0.00318008562197919,0.));
#2774=CARTESIAN_POINT('',(0.00232014224333555,-0.00320644823489869,0.));
#2775=CARTESIAN_POINT('',(0.0023273719223103,-0.00323438602783556,0.));
#2776=CARTESIAN_POINT('',(0.00233438346395423,-0.00326390265484203,0.));
#2777=CARTESIAN_POINT('',(0.00234111647396529,-0.00329499998957625,0.));
#2778=CARTESIAN_POINT('',(0.00234751040757902,-0.00332767811892707,0.));
#2779=CARTESIAN_POINT('',(0.0023535046161244,-0.00336193533849386,0.));
#2780=CARTESIAN_POINT('',(0.00235903839756644,-0.00339776814663618,0.));
#2781=CARTESIAN_POINT('',(0.00236405103234676,-0.00343517124978021,0.));
#2782=CARTESIAN_POINT('',(0.00236848187626939,-0.00347413753018305,0.));
#2783=CARTESIAN_POINT('',(0.00237227023461961,-0.00351465816366532,0.));
#2784=CARTESIAN_POINT('',(0.00237535607597545,-0.00355672216763179,0.));
#2785=CARTESIAN_POINT('',(0.00237767752718366,-0.00360031813881224,0.));
#2786=CARTESIAN_POINT('',(0.00237918069612237,-0.00364542761033378,0.));
#2787=CARTESIAN_POINT('',(0.00237978232077301,-0.00369205048400193,0.));
#2788=CARTESIAN_POINT('',(0.00237953920057801,-0.00373539833674815,0.));
#2789=CARTESIAN_POINT('',(0.00237877189308574,-0.00376341546271251,0.));
#2790=CARTESIAN_POINT('',(0.00237841920857822,-0.00377517829239591,0.));
#2791=CARTESIAN_POINT('',(0.00237841920857822,-0.00377517829239591,0.));
#2792=CARTESIAN_POINT('',(9.54097911787244E-18,-3.21428963216209E-20,0.));
#2793=CARTESIAN_POINT('',(0.00208019070073901,-0.00394736060167678,0.));
#2794=CARTESIAN_POINT('',(0.00128961730087065,-0.00301674569336003,0.));
#2795=CARTESIAN_POINT('',(0.00136852619345812,-0.00320162487493664,0.));
#2796=CARTESIAN_POINT('',(0.00145317519269511,-0.00339995280968575,0.));
#2797=CARTESIAN_POINT('',(0.00145533602681775,-0.00340422296210986,0.));
#2798=CARTESIAN_POINT('',(0.00145717391330946,-0.00340804109890887,0.));
#2799=CARTESIAN_POINT('',(0.00145946134876853,-0.00341247447472653,0.));
#2800=CARTESIAN_POINT('',(0.00146264303960416,-0.00341839340073551,0.));
#2801=CARTESIAN_POINT('',(0.0014666368122124,-0.00342546315854332,0.));
#2802=CARTESIAN_POINT('',(0.00147153486010633,-0.00343374848673243,0.));
#2803=CARTESIAN_POINT('',(0.00147737306968832,-0.00344318596741349,0.));
#2804=CARTESIAN_POINT('',(0.00148420336618736,-0.00345374966158381,0.));
#2805=CARTESIAN_POINT('',(0.00149207154346011,-0.0034654005056824,0.));
#2806=CARTESIAN_POINT('',(0.00150102384488437,-0.00347810148413491,0.));
#2807=CARTESIAN_POINT('',(0.00151110496780676,-0.00349181317953831,0.));
#2808=CARTESIAN_POINT('',(0.00152235859603202,-0.00350649510569959,0.));
#2809=CARTESIAN_POINT('',(0.00153482719755809,-0.00352210535884939,0.));
#2810=CARTESIAN_POINT('',(0.00154855203593626,-0.00353860075672536,0.));
#2811=CARTESIAN_POINT('',(0.00156357312153546,-0.00355593683925348,0.));
#2812=CARTESIAN_POINT('',(0.00157992918107916,-0.00357406791006399,0.));
#2813=CARTESIAN_POINT('',(0.00159765762310317,-0.00359294706764396,0.));
#2814=CARTESIAN_POINT('',(0.00161679450567427,-0.00361252624057134,0.));
#2815=CARTESIAN_POINT('',(0.00163737450459589,-0.00363275622269312,0.));
#2816=CARTESIAN_POINT('',(0.00165943088259556,-0.00365358670937969,0.));
#2817=CARTESIAN_POINT('',(0.00168299545945985,-0.00367496633446031,0.));
#2818=CARTESIAN_POINT('',(0.00170809858281895,-0.00369684270807534,0.));
#2819=CARTESIAN_POINT('',(0.00173476910095412,-0.00371916245473461,0.));
#2820=CARTESIAN_POINT('',(0.00176303433237328,-0.00374187125411357,0.));
#2821=CARTESIAN_POINT('',(0.00179292005248622,-0.00376491387474522,0.));
#2822=CARTESIAN_POINT('',(0.00182445041924476,-0.00378823423834386,0.));
#2823=CARTESIAN_POINT('',(0.00185764813804273,-0.00381177536965491,0.));
#2824=CARTESIAN_POINT('',(0.00189253371338466,-0.00383547978864436,0.));
#2825=CARTESIAN_POINT('',(0.00192912820632548,-0.00385928820995453,0.));
#2826=CARTESIAN_POINT('',(0.00196744257014507,-0.0038831447282024,0.));
#2827=CARTESIAN_POINT('',(0.0020075183508138,-0.00390697718726748,0.));
#2828=CARTESIAN_POINT('',(0.00204518025258771,-0.00392844056537479,0.));
#2829=CARTESIAN_POINT('',(0.00206982744915861,-0.00394178462057543,0.));
#2830=CARTESIAN_POINT('',(0.0020801907007372,-0.00394736060167336,0.));
#2831=CARTESIAN_POINT('',(0.000729876315829554,-0.00319861656418869,0.));
#2832=CARTESIAN_POINT('',(0.000774706937105616,-0.00339456844732795,0.));
#2833=CARTESIAN_POINT('',(0.000822798693329216,-0.00360477455037208,0.));
#2834=CARTESIAN_POINT('',(0.000823560474421902,-0.0036094992826817,0.));
#2835=CARTESIAN_POINT('',(0.000824317837518062,-0.00361366850281416,0.));
#2836=CARTESIAN_POINT('',(0.000825073136281635,-0.00361859970002151,0.));
#2837=CARTESIAN_POINT('',(0.000825978151742251,-0.00362525836270176,0.));
#2838=CARTESIAN_POINT('',(0.000826902621207227,-0.00363332539755453,0.));
#2839=CARTESIAN_POINT('',(0.000827810010941741,-0.00364290736918056,0.));
#2840=CARTESIAN_POINT('',(0.000828634012136308,-0.00365397406492771,0.));
#2841=CARTESIAN_POINT('',(0.000829317369835011,-0.00366653502058581,0.));
#2842=CARTESIAN_POINT('',(0.000829800075044506,-0.00368058555002372,0.));
#2843=CARTESIAN_POINT('',(0.000830022958877583,-0.00369612288818824,0.));
#2844=CARTESIAN_POINT('',(0.000829926691453027,-0.00371314141817162,0.));
#2845=CARTESIAN_POINT('',(0.000829452134643264,-0.00373163406265184,0.));
#2846=CARTESIAN_POINT('',(0.000828540300698592,-0.00375159188283026,0.));
#2847=CARTESIAN_POINT('',(0.0008271324248078,-0.00377300419762969,0.));
#2848=CARTESIAN_POINT('',(0.000825170004926628,-0.00379585855559945,0.));
#2849=CARTESIAN_POINT('',(0.000822594850825467,-0.00382014075059677,0.));
#2850=CARTESIAN_POINT('',(0.00081934913034546,-0.00384583482668628,0.));
#2851=CARTESIAN_POINT('',(0.000815375416224887,-0.00387292308767049,0.));
#2852=CARTESIAN_POINT('',(0.000810616732498397,-0.00390138610686123,0.));
#2853=CARTESIAN_POINT('',(0.000805016600734745,-0.00393120273829896,0.));
#2854=CARTESIAN_POINT('',(0.000798519085908215,-0.0039623501290799,0.));
#2855=CARTESIAN_POINT('',(0.000791068842283356,-0.0039948037328067,0.));
#2856=CARTESIAN_POINT('',(0.000782611157784446,-0.00402853732439505,0.));
#2857=CARTESIAN_POINT('',(0.000773092002588624,-0.00406352301519529,0.));
#2858=CARTESIAN_POINT('',(0.000762458059709583,-0.00409973127241777,0.));
#2859=CARTESIAN_POINT('',(0.00075065682296442,-0.0041371309274641,0.));
#2860=CARTESIAN_POINT('',(0.000737636434089299,-0.00417568923228075,0.));
#2861=CARTESIAN_POINT('',(0.000723346518675286,-0.00421537173678873,0.));
#2862=CARTESIAN_POINT('',(0.000707735190912118,-0.00425614285750364,0.));
#2863=CARTESIAN_POINT('',(0.000690760729050549,-0.0042979638041969,0.));
#2864=CARTESIAN_POINT('',(0.00067234710939102,-0.00434080062144948,0.));
#2865=CARTESIAN_POINT('',(0.00065449384793067,-0.00438030196953237,0.));
#2866=CARTESIAN_POINT('',(0.000642397285893121,-0.00440558479561971,0.));
#2867=CARTESIAN_POINT('',(0.000637290718704796,-0.00441618722553335,0.));
#2868=CARTESIAN_POINT('',(0.000637290718704795,-0.00441618722553334,0.));
#2869=CARTESIAN_POINT('',(9.54097911787244E-18,-3.21428963216209E-20,0.));
#2870=CARTESIAN_POINT('',(0.000294812565554808,-0.00445218312991527,0.));
#2871=CARTESIAN_POINT('',(-4.88969890229452E-5,-0.00328046893684054,0.));
#2872=CARTESIAN_POINT('',(-5.20072663211234E-5,-0.00348145961146239,0.));
#2873=CARTESIAN_POINT('',(-5.53437959821941E-5,-0.00369707104516546,0.));
#2874=CARTESIAN_POINT('',(-5.51066032471368E-5,-0.00370185091393322,0.));
#2875=CARTESIAN_POINT('',(-5.49805865353992E-5,-0.00370608649124461,0.));
#2876=CARTESIAN_POINT('',(-5.46941266596888E-5,-0.00371106696540473,0.));
#2877=CARTESIAN_POINT('',(-5.41949515446814E-5,-0.00371776828362415,0.));
#2878=CARTESIAN_POINT('',(-5.34219882776754E-5,-0.00372585124241999,0.));
#2879=CARTESIAN_POINT('',(-5.23173454472829E-5,-0.00373541248191023,0.));
#2880=CARTESIAN_POINT('',(-5.08224448141945E-5,-0.00374640866328496,0.));
#2881=CARTESIAN_POINT('',(-4.88792999784631E-5,-0.00375883720997942,0.));
#2882=CARTESIAN_POINT('',(-4.64301875886711E-5,-0.00377268106169442,0.));
#2883=CARTESIAN_POINT('',(-4.3417806626645E-5,-0.00378792521189643,0.));
#2884=CARTESIAN_POINT('',(-3.97852915322091E-5,-0.00380455183104468,0.));
#2885=CARTESIAN_POINT('',(-3.54762679457518E-5,-0.00382254170096553,0.));
#2886=CARTESIAN_POINT('',(-3.04348956221725E-5,-0.00384187381395174,0.));
#2887=CARTESIAN_POINT('',(-2.4605914623192E-5,-0.00386252550444204,0.));
#2888=CARTESIAN_POINT('',(-1.79346901167438E-5,-0.00388447242982088,0.));
#2889=CARTESIAN_POINT('',(-1.03672570925143E-5,-0.00390768859595477,0.));
#2890=CARTESIAN_POINT('',(-1.85036458857203E-6,-0.00393214637160188,0.));
#2891=CARTESIAN_POINT('',(7.66848048700805E-6,-0.00395781650747,0.));
#2892=CARTESIAN_POINT('',(1.82409700024504E-5,-0.00398466815542142,0.));
#2893=CARTESIAN_POINT('',(2.99179517075679E-5,-0.00401266888906042,0.));
#2894=CARTESIAN_POINT('',(4.2749386927696E-5,-0.00404178472532821,0.));
#2895=CARTESIAN_POINT('',(5.67843084782035E-5,-0.0040719801471997,0.));
#2896=CARTESIAN_POINT('',(7.20707803430654E-5,-0.00410321812739141,0.));
#2897=CARTESIAN_POINT('',(8.86558532875769E-5,-0.00413546015325576,0.));
#2898=CARTESIAN_POINT('',(0.00010658553898174,-0.00416866625214064,0.));
#2899=CARTESIAN_POINT('',(0.000125904715906397,-0.00420279501990705,0.));
#2900=CARTESIAN_POINT('',(0.000146657300394715,-0.0042378036421857,0.));
#2901=CARTESIAN_POINT('',(0.000168885403479757,-0.00427364794828591,0.));
#2902=CARTESIAN_POINT('',(0.000192632378919941,-0.00431028234464128,0.));
#2903=CARTESIAN_POINT('',(0.000217930971802178,-0.00434766021424335,0.));
#2904=CARTESIAN_POINT('',(0.000244848484797206,-0.00438573253746454,0.));
#2905=CARTESIAN_POINT('',(0.00027052440172851,-0.00442065878453951,0.));
#2906=CARTESIAN_POINT('',(0.000287613219982147,-0.00444287410354906,0.));
#2907=CARTESIAN_POINT('',(0.000294812565554553,-0.00445218312991141,0.));
#2908=CARTESIAN_POINT('',(0.,3.18836794158013E-19,0.0097298002));
#2909=CARTESIAN_POINT('',(0.,3.18836794158013E-19,0.0097298002));
#2910=CARTESIAN_POINT('',(0.005207,3.18836794158013E-19,0.0097298002));
#2911=CARTESIAN_POINT('',(0.,3.18836794158013E-19,0.0081550002));
#2912=CARTESIAN_POINT('',(0.005207,3.18836794158013E-19,0.0081550002));
#2913=CARTESIAN_POINT('',(0.,0.,0.0097298002));
#2914=CARTESIAN_POINT('',(0.,-4.40927956799008E-19,0.0097298002));
#2915=CARTESIAN_POINT('',(0.0019939,-4.40927956799008E-19,0.0097298002));
#2916=CARTESIAN_POINT('',(0.,0.,0.0081550002));
#2917=CARTESIAN_POINT('',(-4.88969890229452E-5,-0.00328046893684054,0.0081550002));
#2918=CARTESIAN_POINT('',(-5.20072663211234E-5,-0.00348145961146239,0.0081550002));
#2919=CARTESIAN_POINT('',(-5.53437959821941E-5,-0.00369707104516546,0.0081550002));
#2920=CARTESIAN_POINT('',(-5.51066032471368E-5,-0.00370185091393322,0.0081550002));
#2921=CARTESIAN_POINT('',(-5.49805865353992E-5,-0.00370608649124461,0.0081550002));
#2922=CARTESIAN_POINT('',(-5.46941266596888E-5,-0.00371106696540473,0.0081550002));
#2923=CARTESIAN_POINT('',(-5.41949515446814E-5,-0.00371776828362415,0.0081550002));
#2924=CARTESIAN_POINT('',(-5.34219882776754E-5,-0.00372585124241999,0.0081550002));
#2925=CARTESIAN_POINT('',(-5.23173454472829E-5,-0.00373541248191023,0.0081550002));
#2926=CARTESIAN_POINT('',(-5.08224448141945E-5,-0.00374640866328496,0.0081550002));
#2927=CARTESIAN_POINT('',(-4.88792999784631E-5,-0.00375883720997942,0.0081550002));
#2928=CARTESIAN_POINT('',(-4.64301875886711E-5,-0.00377268106169442,0.0081550002));
#2929=CARTESIAN_POINT('',(-4.3417806626645E-5,-0.00378792521189643,0.0081550002));
#2930=CARTESIAN_POINT('',(-3.97852915322091E-5,-0.00380455183104468,0.0081550002));
#2931=CARTESIAN_POINT('',(-3.54762679457518E-5,-0.00382254170096553,0.0081550002));
#2932=CARTESIAN_POINT('',(-3.04348956221725E-5,-0.00384187381395174,0.0081550002));
#2933=CARTESIAN_POINT('',(-2.4605914623192E-5,-0.00386252550444204,0.0081550002));
#2934=CARTESIAN_POINT('',(-1.79346901167438E-5,-0.00388447242982088,0.0081550002));
#2935=CARTESIAN_POINT('',(-1.03672570925143E-5,-0.00390768859595477,0.0081550002));
#2936=CARTESIAN_POINT('',(-1.85036458857203E-6,-0.00393214637160188,0.0081550002));
#2937=CARTESIAN_POINT('',(7.66848048700805E-6,-0.00395781650747,0.0081550002));
#2938=CARTESIAN_POINT('',(1.82409700024504E-5,-0.00398466815542142,0.0081550002));
#2939=CARTESIAN_POINT('',(2.99179517075679E-5,-0.00401266888906042,0.0081550002));
#2940=CARTESIAN_POINT('',(4.2749386927696E-5,-0.00404178472532821,0.0081550002));
#2941=CARTESIAN_POINT('',(5.67843084782035E-5,-0.0040719801471997,0.0081550002));
#2942=CARTESIAN_POINT('',(7.20707803430654E-5,-0.00410321812739141,0.0081550002));
#2943=CARTESIAN_POINT('',(8.86558532875769E-5,-0.00413546015325576,0.0081550002));
#2944=CARTESIAN_POINT('',(0.00010658553898174,-0.00416866625214064,0.0081550002));
#2945=CARTESIAN_POINT('',(0.000125904715906397,-0.00420279501990705,0.0081550002));
#2946=CARTESIAN_POINT('',(0.000146657300394715,-0.0042378036421857,0.0081550002));
#2947=CARTESIAN_POINT('',(0.000168885403479757,-0.00427364794828591,0.0081550002));
#2948=CARTESIAN_POINT('',(0.000192632378919941,-0.00431028234464128,0.0081550002));
#2949=CARTESIAN_POINT('',(0.000217930971802178,-0.00434766021424335,0.0081550002));
#2950=CARTESIAN_POINT('',(0.000244848484797206,-0.00438573253746454,0.0081550002));
#2951=CARTESIAN_POINT('',(0.00027052440172851,-0.00442065878453951,0.0081550002));
#2952=CARTESIAN_POINT('',(0.000287613219982147,-0.00444287410354906,0.0081550002));
#2953=CARTESIAN_POINT('',(0.000294812565554553,-0.00445218312991141,0.0081550002));
#2954=CARTESIAN_POINT('',(0.000294812565554553,-0.00445218312991141,0.0081550002));
#2955=CARTESIAN_POINT('',(9.54097911787244E-18,-3.21428963216209E-20,0.0081550002));
#2956=CARTESIAN_POINT('',(0.000637290718704795,-0.00441618722553334,0.0081550002));
#2957=CARTESIAN_POINT('',(0.000729876315829554,-0.00319861656418869,0.0081550002));
#2958=CARTESIAN_POINT('',(0.000774706937105616,-0.00339456844732795,0.0081550002));
#2959=CARTESIAN_POINT('',(0.000822798693329216,-0.00360477455037208,0.0081550002));
#2960=CARTESIAN_POINT('',(0.000823560474421902,-0.0036094992826817,0.0081550002));
#2961=CARTESIAN_POINT('',(0.000824317837518062,-0.00361366850281416,0.0081550002));
#2962=CARTESIAN_POINT('',(0.000825073136281635,-0.00361859970002151,0.0081550002));
#2963=CARTESIAN_POINT('',(0.000825978151742251,-0.00362525836270176,0.0081550002));
#2964=CARTESIAN_POINT('',(0.000826902621207227,-0.00363332539755453,0.0081550002));
#2965=CARTESIAN_POINT('',(0.000827810010941741,-0.00364290736918056,0.0081550002));
#2966=CARTESIAN_POINT('',(0.000828634012136308,-0.00365397406492771,0.0081550002));
#2967=CARTESIAN_POINT('',(0.000829317369835011,-0.00366653502058581,0.0081550002));
#2968=CARTESIAN_POINT('',(0.000829800075044506,-0.00368058555002372,0.0081550002));
#2969=CARTESIAN_POINT('',(0.000830022958877583,-0.00369612288818824,0.0081550002));
#2970=CARTESIAN_POINT('',(0.000829926691453027,-0.00371314141817162,0.0081550002));
#2971=CARTESIAN_POINT('',(0.000829452134643264,-0.00373163406265184,0.0081550002));
#2972=CARTESIAN_POINT('',(0.000828540300698592,-0.00375159188283026,0.0081550002));
#2973=CARTESIAN_POINT('',(0.0008271324248078,-0.00377300419762969,0.0081550002));
#2974=CARTESIAN_POINT('',(0.000825170004926628,-0.00379585855559945,0.0081550002));
#2975=CARTESIAN_POINT('',(0.000822594850825467,-0.00382014075059677,0.0081550002));
#2976=CARTESIAN_POINT('',(0.00081934913034546,-0.00384583482668628,0.0081550002));
#2977=CARTESIAN_POINT('',(0.000815375416224887,-0.00387292308767049,0.0081550002));
#2978=CARTESIAN_POINT('',(0.000810616732498397,-0.00390138610686123,0.0081550002));
#2979=CARTESIAN_POINT('',(0.000805016600734745,-0.00393120273829896,0.0081550002));
#2980=CARTESIAN_POINT('',(0.000798519085908215,-0.0039623501290799,0.0081550002));
#2981=CARTESIAN_POINT('',(0.000791068842283356,-0.0039948037328067,0.0081550002));
#2982=CARTESIAN_POINT('',(0.000782611157784446,-0.00402853732439505,0.0081550002));
#2983=CARTESIAN_POINT('',(0.000773092002588624,-0.00406352301519529,0.0081550002));
#2984=CARTESIAN_POINT('',(0.000762458059709583,-0.00409973127241777,0.0081550002));
#2985=CARTESIAN_POINT('',(0.00075065682296442,-0.0041371309274641,0.0081550002));
#2986=CARTESIAN_POINT('',(0.000737636434089299,-0.00417568923228075,0.0081550002));
#2987=CARTESIAN_POINT('',(0.000723346518675286,-0.00421537173678873,0.0081550002));
#2988=CARTESIAN_POINT('',(0.000707735190912118,-0.00425614285750364,0.0081550002));
#2989=CARTESIAN_POINT('',(0.000690760729050549,-0.0042979638041969,0.0081550002));
#2990=CARTESIAN_POINT('',(0.00067234710939102,-0.00434080062144948,0.0081550002));
#2991=CARTESIAN_POINT('',(0.00065449384793067,-0.00438030196953237,0.0081550002));
#2992=CARTESIAN_POINT('',(0.000642397285893121,-0.00440558479561971,0.0081550002));
#2993=CARTESIAN_POINT('',(0.000637290718704796,-0.00441618722553335,0.0081550002));
#2994=CARTESIAN_POINT('',(0.00128961730087065,-0.00301674569336003,0.0081550002));
#2995=CARTESIAN_POINT('',(0.00136852619345812,-0.00320162487493664,0.0081550002));
#2996=CARTESIAN_POINT('',(0.00145317519269511,-0.00339995280968575,0.0081550002));
#2997=CARTESIAN_POINT('',(0.00145533602681775,-0.00340422296210986,0.0081550002));
#2998=CARTESIAN_POINT('',(0.00145717391330946,-0.00340804109890887,0.0081550002));
#2999=CARTESIAN_POINT('',(0.00145946134876853,-0.00341247447472653,0.0081550002));
#3000=CARTESIAN_POINT('',(0.00146264303960416,-0.00341839340073551,0.0081550002));
#3001=CARTESIAN_POINT('',(0.0014666368122124,-0.00342546315854332,0.0081550002));
#3002=CARTESIAN_POINT('',(0.00147153486010633,-0.00343374848673243,0.0081550002));
#3003=CARTESIAN_POINT('',(0.00147737306968832,-0.00344318596741349,0.0081550002));
#3004=CARTESIAN_POINT('',(0.00148420336618736,-0.00345374966158381,0.0081550002));
#3005=CARTESIAN_POINT('',(0.00149207154346011,-0.0034654005056824,0.0081550002));
#3006=CARTESIAN_POINT('',(0.00150102384488437,-0.00347810148413491,0.0081550002));
#3007=CARTESIAN_POINT('',(0.00151110496780676,-0.00349181317953831,0.0081550002));
#3008=CARTESIAN_POINT('',(0.00152235859603202,-0.00350649510569959,0.0081550002));
#3009=CARTESIAN_POINT('',(0.00153482719755809,-0.00352210535884939,0.0081550002));
#3010=CARTESIAN_POINT('',(0.00154855203593626,-0.00353860075672536,0.0081550002));
#3011=CARTESIAN_POINT('',(0.00156357312153546,-0.00355593683925348,0.0081550002));
#3012=CARTESIAN_POINT('',(0.00157992918107916,-0.00357406791006399,0.0081550002));
#3013=CARTESIAN_POINT('',(0.00159765762310317,-0.00359294706764396,0.0081550002));
#3014=CARTESIAN_POINT('',(0.00161679450567427,-0.00361252624057134,0.0081550002));
#3015=CARTESIAN_POINT('',(0.00163737450459589,-0.00363275622269312,0.0081550002));
#3016=CARTESIAN_POINT('',(0.00165943088259556,-0.00365358670937969,0.0081550002));
#3017=CARTESIAN_POINT('',(0.00168299545945985,-0.00367496633446031,0.0081550002));
#3018=CARTESIAN_POINT('',(0.00170809858281895,-0.00369684270807534,0.0081550002));
#3019=CARTESIAN_POINT('',(0.00173476910095412,-0.00371916245473461,0.0081550002));
#3020=CARTESIAN_POINT('',(0.00176303433237328,-0.00374187125411357,0.0081550002));
#3021=CARTESIAN_POINT('',(0.00179292005248622,-0.00376491387474522,0.0081550002));
#3022=CARTESIAN_POINT('',(0.00182445041924476,-0.00378823423834386,0.0081550002));
#3023=CARTESIAN_POINT('',(0.00185764813804273,-0.00381177536965491,0.0081550002));
#3024=CARTESIAN_POINT('',(0.00189253371338466,-0.00383547978864436,0.0081550002));
#3025=CARTESIAN_POINT('',(0.00192912820632548,-0.00385928820995453,0.0081550002));
#3026=CARTESIAN_POINT('',(0.00196744257014507,-0.0038831447282024,0.0081550002));
#3027=CARTESIAN_POINT('',(0.0020075183508138,-0.00390697718726748,0.0081550002));
#3028=CARTESIAN_POINT('',(0.00204518025258771,-0.00392844056537479,0.0081550002));
#3029=CARTESIAN_POINT('',(0.00206982744915861,-0.00394178462057543,0.0081550002));
#3030=CARTESIAN_POINT('',(0.0020801907007372,-0.00394736060167336,0.0081550002));
#3031=CARTESIAN_POINT('',(0.0020801907007372,-0.00394736060167336,0.0081550002));
#3032=CARTESIAN_POINT('',(9.54097911787244E-18,-3.21428963216209E-20,0.0081550002));
#3033=CARTESIAN_POINT('',(0.00237841920857822,-0.00377517829239591,0.0081550002));
#3034=CARTESIAN_POINT('',(0.00196776975677176,-0.00262521419039391,0.0081550002));
#3035=CARTESIAN_POINT('',(0.00208842537835425,-0.00278599088674747,0.0081550002));
#3036=CARTESIAN_POINT('',(0.00221785790850859,-0.00295846303786619,0.0081550002));
#3037=CARTESIAN_POINT('',(0.00222047555192458,-0.00296246945132181,0.0081550002));
#3038=CARTESIAN_POINT('',(0.00222286321214178,-0.00296597017611241,0.0081550002));
#3039=CARTESIAN_POINT('',(0.00222555891049487,-0.00297016784123831,0.0081550002));
#3040=CARTESIAN_POINT('',(0.00222909400536395,-0.00297588272933345,0.0081550002));
#3041=CARTESIAN_POINT('',(0.00223321970892,-0.00298287631677302,0.0081550002));
#3042=CARTESIAN_POINT('',(0.00223794598966349,-0.00299126081477268,0.0081550002));
#3043=CARTESIAN_POINT('',(0.00224319998289002,-0.00300103559292383,0.0081550002));
#3044=CARTESIAN_POINT('',(0.00224893326214982,-0.00301223265029254,0.0081550002));
#3045=CARTESIAN_POINT('',(0.00225508910047834,-0.00302487211374151,0.0081550002));
#3046=CARTESIAN_POINT('',(0.002261612319759,-0.0030389755234235,0.0081550002));
#3047=CARTESIAN_POINT('',(0.0022684464348461,-0.00305456187967468,0.0081550002));
#3048=CARTESIAN_POINT('',(0.00227553454176564,-0.00307164877068314,0.0081550002));
#3049=CARTESIAN_POINT('',(0.00228281911678984,-0.00309025202292928,0.0081550002));
#3050=CARTESIAN_POINT('',(0.00229024213120687,-0.0031103857805656,0.0081550002));
#3051=CARTESIAN_POINT('',(0.00229774507627872,-0.00313206246355099,0.0081550002));
#3052=CARTESIAN_POINT('',(0.00230526901442659,-0.00315529276202689,0.0081550002));
#3053=CARTESIAN_POINT('',(0.00231275462348089,-0.00318008562197919,0.0081550002));
#3054=CARTESIAN_POINT('',(0.00232014224333555,-0.00320644823489869,0.0081550002));
#3055=CARTESIAN_POINT('',(0.0023273719223103,-0.00323438602783556,0.0081550002));
#3056=CARTESIAN_POINT('',(0.00233438346395423,-0.00326390265484203,0.0081550002));
#3057=CARTESIAN_POINT('',(0.00234111647396529,-0.00329499998957625,0.0081550002));
#3058=CARTESIAN_POINT('',(0.00234751040757902,-0.00332767811892707,0.0081550002));
#3059=CARTESIAN_POINT('',(0.0023535046161244,-0.00336193533849386,0.0081550002));
#3060=CARTESIAN_POINT('',(0.00235903839756644,-0.00339776814663618,0.0081550002));
#3061=CARTESIAN_POINT('',(0.00236405103234676,-0.00343517124978021,0.0081550002));
#3062=CARTESIAN_POINT('',(0.00236848187626939,-0.00347413753018305,0.0081550002));
#3063=CARTESIAN_POINT('',(0.00237227023461961,-0.00351465816366532,0.0081550002));
#3064=CARTESIAN_POINT('',(0.00237535607597545,-0.00355672216763179,0.0081550002));
#3065=CARTESIAN_POINT('',(0.00237767752718366,-0.00360031813881224,0.0081550002));
#3066=CARTESIAN_POINT('',(0.00237918069612237,-0.00364542761033378,0.0081550002));
#3067=CARTESIAN_POINT('',(0.00237978232077301,-0.00369205048400193,0.0081550002));
#3068=CARTESIAN_POINT('',(0.00237953920057801,-0.00373539833674815,0.0081550002));
#3069=CARTESIAN_POINT('',(0.00237877189308574,-0.00376341546271251,0.0081550002));
#3070=CARTESIAN_POINT('',(0.00237841920857822,-0.00377517829239591,0.0081550002));
#3071=CARTESIAN_POINT('',(0.00240514504363832,-0.00223139971322333,0.0081550002));
#3072=CARTESIAN_POINT('',(0.0025524290417183,-0.00236820011168547,0.0081550002));
#3073=CARTESIAN_POINT('',(0.00271042698887325,-0.00251495184580979,0.0081550002));
#3074=CARTESIAN_POINT('',(0.0027141378365331,-0.00251797393374298,0.0081550002));
#3075=CARTESIAN_POINT('',(0.00271736980553371,-0.00252071443949037,0.0081550002));
#3076=CARTESIAN_POINT('',(0.00272126269820456,-0.00252383414601075,0.0081550002));
#3077=CARTESIAN_POINT('',(0.00272657676151058,-0.00252794724373059,0.0081550002));
#3078=CARTESIAN_POINT('',(0.0027331007838938,-0.00253278137519866,0.0081550002));
#3079=CARTESIAN_POINT('',(0.00274094531987304,-0.0025383581835729,0.0081550002));
#3080=CARTESIAN_POINT('',(0.00275011735892874,-0.00254460513741372,0.0081550002));
#3081=CARTESIAN_POINT('',(0.00276065378677511,-0.00255147742036972,0.0081550002));
#3082=CARTESIAN_POINT('',(0.00277258054960021,-0.00255892072006263,0.0081550002));
#3083=CARTESIAN_POINT('',(0.00278592483724134,-0.00256688241220644,0.0081550002));
#3084=CARTESIAN_POINT('',(0.00280071145025429,-0.0025753083071629,0.0081550002));
#3085=CARTESIAN_POINT('',(0.0028169638285622,-0.00258414365115022,0.0081550002));
#3086=CARTESIAN_POINT('',(0.00283470372481321,-0.00259333288987931,0.0081550002));
#3087=CARTESIAN_POINT('',(0.00285395127132874,-0.00260281979099222,0.0081550002));
#3088=CARTESIAN_POINT('',(0.00287472493585832,-0.00261254746450712,0.0081550002));
#3089=CARTESIAN_POINT('',(0.00289704151063623,-0.00262245841313551,0.0081550002));
#3090=CARTESIAN_POINT('',(0.00292091609349652,-0.00263249457479099,0.0081550002));
#3091=CARTESIAN_POINT('',(0.00294636207271347,-0.0026425973679073,0.0081550002));
#3092=CARTESIAN_POINT('',(0.0029733911122643,-0.00265270773650696,0.0081550002));
#3093=CARTESIAN_POINT('',(0.00300201313842647,-0.00266276619585396,0.0081550002));
#3094=CARTESIAN_POINT('',(0.00303223632751763,-0.00267271287834319,0.0081550002));
#3095=CARTESIAN_POINT('',(0.00306406709460183,-0.00268248757996308,0.0081550002));
#3096=CARTESIAN_POINT('',(0.00309751008412769,-0.00269202980612401,0.0081550002));
#3097=CARTESIAN_POINT('',(0.00313256815872755,-0.00270127882130198,0.0081550002));
#3098=CARTESIAN_POINT('',(0.0031692424007485,-0.00271017368523758,0.0081550002));
#3099=CARTESIAN_POINT('',(0.00320753207048397,-0.00271865334194336,0.0081550002));
#3100=CARTESIAN_POINT('',(0.00324743473641962,-0.00272665650681868,0.0081550002));
#3101=CARTESIAN_POINT('',(0.00328894575111633,-0.0027341223293062,0.0081550002));
#3102=CARTESIAN_POINT('',(0.00333206024127778,-0.00274098808323394,0.0081550002));
#3103=CARTESIAN_POINT('',(0.00337676547445525,-0.00274719824139289,0.0081550002));
#3104=CARTESIAN_POINT('',(0.00342307005624302,-0.0027526699876184,0.0081550002));
#3105=CARTESIAN_POINT('',(0.00346620585789518,-0.00275695928369462,0.0081550002));
#3106=CARTESIAN_POINT('',(0.00349414970858348,-0.00275912476671523,0.0081550002));
#3107=CARTESIAN_POINT('',(0.00350588496582314,-0.00276000356476072,0.0081550002));
#3108=CARTESIAN_POINT('',(0.00350588496582314,-0.00276000356476072,0.0081550002));
#3109=CARTESIAN_POINT('',(9.54097911787244E-18,-3.21428963216209E-20,0.0081550002));
#3110=CARTESIAN_POINT('',(0.00370829741002829,-0.00248140673608513,0.0081550002));
#3111=CARTESIAN_POINT('',(0.00286541793014111,-0.00159788843375783,0.0081550002));
#3112=CARTESIAN_POINT('',(0.00304103609893649,-0.00169569019191572,0.0081550002));
#3113=CARTESIAN_POINT('',(0.00322942934270027,-0.00180060638932028,0.0081550002));
#3114=CARTESIAN_POINT('',(0.00323345023411238,-0.00180320173863832,0.0081550002));
#3115=CARTESIAN_POINT('',(0.00323705534330786,-0.00180542866096768,0.0081550002));
#3116=CARTESIAN_POINT('',(0.00324122533051557,-0.00180816697957727,0.0081550002));
#3117=CARTESIAN_POINT('',(0.00324677925477492,-0.00181194993701751,0.0081550002));
#3118=CARTESIAN_POINT('',(0.00325339282079637,-0.00181666082224086,0.0081550002));
#3119=CARTESIAN_POINT('',(0.00326112077567138,-0.00182239809073921,0.0081550002));
#3120=CARTESIAN_POINT('',(0.00326989629776997,-0.00182919080335095,0.0081550002));
#3121=CARTESIAN_POINT('',(0.00327968816252163,-0.00183708788948916,0.0081550002));
#3122=CARTESIAN_POINT('',(0.00329045273359815,-0.00184613080889295,0.0081550002));
#3123=CARTESIAN_POINT('',(0.00330214836445118,-0.00185636168243294,0.0081550002));
#3124=CARTESIAN_POINT('',(0.0033147311814654,-0.00186782084235847,0.0081550002));
#3125=CARTESIAN_POINT('',(0.0033281563540344,-0.00188054750121028,0.0081550002));
#3126=CARTESIAN_POINT('',(0.0033423777688275,-0.00189457951420554,0.0081550002));
#3127=CARTESIAN_POINT('',(0.0033573481669237,-0.00190995340507399,0.0081550002));
#3128=CARTESIAN_POINT('',(0.00337301914958352,-0.00192670431766034,0.0081550002));
#3129=CARTESIAN_POINT('',(0.00338934122272184,-0.00194486598996771,0.0081550002));
#3130=CARTESIAN_POINT('',(0.00340626383150032,-0.00196447072306098,0.0081550002));
#3131=CARTESIAN_POINT('',(0.00342373539874292,-0.00198554935264517,0.0081550002));
#3132=CARTESIAN_POINT('',(0.00344170336324461,-0.0020081312211225,0.0081550002));
#3133=CARTESIAN_POINT('',(0.00346011421904802,-0.00203224415073816,0.0081550002));
#3134=CARTESIAN_POINT('',(0.00347891355529829,-0.0020579144177397,0.0081550002));
#3135=CARTESIAN_POINT('',(0.00349804609694174,-0.00208516672727831,0.0081550002));
#3136=CARTESIAN_POINT('',(0.00351745574541824,-0.00211402419034337,0.0081550002));
#3137=CARTESIAN_POINT('',(0.00353708562241399,-0.00214450829776911,0.0081550002));
#3138=CARTESIAN_POINT('',(0.00355687810476179,-0.00217663891050457,0.0081550002));
#3139=CARTESIAN_POINT('',(0.00357677489618504,-0.00221043419238473,0.0081550002));
#3140=CARTESIAN_POINT('',(0.00359671696018567,-0.00224591076888511,0.0081550002));
#3141=CARTESIAN_POINT('',(0.00361664498830696,-0.00228308302388481,0.0081550002));
#3142=CARTESIAN_POINT('',(0.00363649781848292,-0.00232196570605673,0.0081550002));
#3143=CARTESIAN_POINT('',(0.00365621870665655,-0.00236256386497379,0.0081550002));
#3144=CARTESIAN_POINT('',(0.00367573154924968,-0.00240491127664478,0.0081550002));
#3145=CARTESIAN_POINT('',(0.00369314060801041,-0.00244461039651163,0.0081550002));
#3146=CARTESIAN_POINT('',(0.00370383522949961,-0.00247051740674619,0.0081550002));
#3147=CARTESIAN_POINT('',(0.00370829741002829,-0.00248140673608513,0.0081550002));
#3148=CARTESIAN_POINT('',(0.00310480135830417,-0.00106022445104033,0.0081550002));
#3149=CARTESIAN_POINT('',(0.00329499372057549,-0.00112529203470128,0.0081550002));
#3150=CARTESIAN_POINT('',(0.00349902133521903,-0.00119509286017305,0.0081550002));
#3151=CARTESIAN_POINT('',(0.00350364055714372,-0.00119634433715688,0.0081550002));
#3152=CARTESIAN_POINT('',(0.00350770777185149,-0.00119753335351222,0.0081550002));
#3153=CARTESIAN_POINT('',(0.00351253300522551,-0.0011987999651363,0.0081550002));
#3154=CARTESIAN_POINT('',(0.00351906059117957,-0.00120039604260491,0.0081550002));
#3155=CARTESIAN_POINT('',(0.00352698680059882,-0.00120215868248571,0.0081550002));
#3156=CARTESIAN_POINT('',(0.00353642143312719,-0.00120406269021346,0.0081550002));
#3157=CARTESIAN_POINT('',(0.0035473413727785,-0.00120603896214317,0.0081550002));
#3158=CARTESIAN_POINT('',(0.00355976208787712,-0.00120803155372901,0.0081550002));
#3159=CARTESIAN_POINT('',(0.00357368519061088,-0.00120998029487911,0.0081550002));
#3160=CARTESIAN_POINT('',(0.00358911411590668,-0.00121182605181283,0.0081550002));
#3161=CARTESIAN_POINT('',(0.00360604947928808,-0.00121350923253754,0.0081550002));
#3162=CARTESIAN_POINT('',(0.00362449042382099,-0.00121497028310891,0.0081550002));
#3163=CARTESIAN_POINT('',(0.00364443422557324,-0.00121614960455941,0.0081550002));
#3164=CARTESIAN_POINT('',(0.00366587640457512,-0.00121698763752104,0.0081550002));
#3165=CARTESIAN_POINT('',(0.0036888106927151,-0.00121742489889886,0.0081550002));
#3166=CARTESIAN_POINT('',(0.00371322904420841,-0.00121740203228915,0.0081550002));
#3167=CARTESIAN_POINT('',(0.00373912163563465,-0.00121685985449425,0.0081550002));
#3168=CARTESIAN_POINT('',(0.00376647687052139,-0.00121573940308868,0.0081550002));
#3169=CARTESIAN_POINT('',(0.00379528138421197,-0.00121398198358552,0.0081550002));
#3170=CARTESIAN_POINT('',(0.00382552005019027,-0.00121152921659362,0.0081550002));
#3171=CARTESIAN_POINT('',(0.00385717598754538,-0.00120832308472629,0.0081550002));
#3172=CARTESIAN_POINT('',(0.00389023056955237,-0.0012043059796406,0.0081550002));
#3173=CARTESIAN_POINT('',(0.00392466343375987,-0.00119942074771154,0.0081550002));
#3174=CARTESIAN_POINT('',(0.00396045249194952,-0.0011936107399396,0.0081550002));
#3175=CARTESIAN_POINT('',(0.00399757394625802,-0.00118681984439736,0.0081550002));
#3176=CARTESIAN_POINT('',(0.00403600228722245,-0.00117899258453061,0.0081550002));
#3177=CARTESIAN_POINT('',(0.00407571036685116,-0.00117007396305678,0.0081550002));
#3178=CARTESIAN_POINT('',(0.00411666918934585,-0.00116001028050941,0.0081550002));
#3179=CARTESIAN_POINT('',(0.00415884878969617,-0.0011487462158272,0.0081550002));
#3180=CARTESIAN_POINT('',(0.00420221495128084,-0.00113623622113402,0.0081550002));
#3181=CARTESIAN_POINT('',(0.00424674185133263,-0.00112240113988833,0.0081550002));
#3182=CARTESIAN_POINT('',(0.00428789298088094,-0.00110877469567486,0.0081550002));
#3183=CARTESIAN_POINT('',(0.00431430174004071,-0.00109938717482837,0.0081550002));
#3184=CARTESIAN_POINT('',(0.00432537987035323,-0.00109541683765572,0.0081550002));
#3185=CARTESIAN_POINT('',(0.00432537987035323,-0.00109541683765572,0.0081550002));
#3186=CARTESIAN_POINT('',(9.54097911787244E-18,-3.21428963216209E-20,0.0081550002));
#3187=CARTESIAN_POINT('',(0.00439697730046011,-0.000758577412232735,0.0081550002));
#3188=CARTESIAN_POINT('',(0.00326760931188437,-0.000294273250564312,0.0081550002));
#3189=CARTESIAN_POINT('',(0.00346782405106696,-0.000312189258039959,0.0081550002));
#3190=CARTESIAN_POINT('',(0.00368260310509454,-0.000331408538065396,0.0081550002));
#3191=CARTESIAN_POINT('',(0.00368733199584897,-0.000332144063770748,0.0081550002));
#3192=CARTESIAN_POINT('',(0.00369153119789145,-0.000332712128537165,0.0081550002));
#3193=CARTESIAN_POINT('',(0.00369645444528241,-0.000333517620466005,0.0081550002));
#3194=CARTESIAN_POINT('',(0.00370306687497178,-0.000334714539542846,0.0081550002));
#3195=CARTESIAN_POINT('',(0.00371102475781113,-0.000336328167697783,0.0081550002));
#3196=CARTESIAN_POINT('',(0.00372041815321351,-0.000338426180850019,0.0081550002));
#3197=CARTESIAN_POINT('',(0.0037311978366902,-0.000341062306201938,0.0081550002));
#3198=CARTESIAN_POINT('',(0.00374335518456187,-0.000344293943173567,0.0081550002));
#3199=CARTESIAN_POINT('',(0.0037568671962542,-0.000348176715614908,0.0081550002));
#3200=CARTESIAN_POINT('',(0.00377171295785364,-0.00035276604203327,0.0081550002));
#3201=CARTESIAN_POINT('',(0.00378786879342191,-0.000358116612778846,0.0081550002));
#3202=CARTESIAN_POINT('',(0.00380530969733934,-0.000364282484540447,0.0081550002));
#3203=CARTESIAN_POINT('',(0.00382400894008612,-0.000371316995761115,0.0081550002));
#3204=CARTESIAN_POINT('',(0.00384393820402885,-0.000379272734463117,0.0081550002));
#3205=CARTESIAN_POINT('',(0.00386506756900835,-0.000388201491686999,0.0081550002));
#3206=CARTESIAN_POINT('',(0.00388736554241011,-0.00039815421969027,0.0081550002));
#3207=CARTESIAN_POINT('',(0.00391079907811791,-0.000409180989469275,0.0081550002));
#3208=CARTESIAN_POINT('',(0.00393533360004801,-0.000421330949169724,0.0081550002));
#3209=CARTESIAN_POINT('',(0.00396093302578045,-0.00043465228297795,0.0081550002));
#3210=CARTESIAN_POINT('',(0.00398755979151756,-0.000449192170613155,0.0081550002));
#3211=CARTESIAN_POINT('',(0.00401517487798276,-0.000464996747510397,0.0081550002));
#3212=CARTESIAN_POINT('',(0.00404373783739209,-0.000482111065338098,0.0081550002));
#3213=CARTESIAN_POINT('',(0.00407320682124701,-0.000500579054375659,0.0081550002));
#3214=CARTESIAN_POINT('',(0.00410353860973206,-0.000520443481971492,0.0081550002));
#3215=CARTESIAN_POINT('',(0.00413468863964035,-0.000541745929458959,0.0081550002));
#3216=CARTESIAN_POINT('',(0.00416661104257045,-0.000564526701558865,0.0081550002));
#3217=CARTESIAN_POINT('',(0.00419925864818785,-0.000588824998705882,0.0081550002));
#3218=CARTESIAN_POINT('',(0.00423258312597196,-0.00061467808415001,0.0081550002));
#3219=CARTESIAN_POINT('',(0.00426653460042095,-0.00064212430832781,0.0081550002));
#3220=CARTESIAN_POINT('',(0.00430106328710562,-0.000671191364140926,0.0081550002));
#3221=CARTESIAN_POINT('',(0.00433611339988828,-0.000701941061622683,0.0081550002));
#3222=CARTESIAN_POINT('',(0.00436816445318869,-0.000731127110130003,0.0081550002));
#3223=CARTESIAN_POINT('',(0.00438847180644629,-0.000750444447207395,0.0081550002));
#3224=CARTESIAN_POINT('',(0.00439697730046011,-0.000758577412232735,0.0081550002));
#3225=CARTESIAN_POINT('',(0.00326760931188437,0.000294273250564313,0.0081550002));
#3226=CARTESIAN_POINT('',(0.00346782405106696,0.00031218925803996,0.0081550002));
#3227=CARTESIAN_POINT('',(0.00368260310509454,0.000331408538065396,0.0081550002));
#3228=CARTESIAN_POINT('',(0.00368733199584897,0.000332144063770749,0.0081550002));
#3229=CARTESIAN_POINT('',(0.00369153119789145,0.000332712128537165,0.0081550002));
#3230=CARTESIAN_POINT('',(0.00369645444528241,0.000333517620466005,0.0081550002));
#3231=CARTESIAN_POINT('',(0.00370306687497178,0.000334714539542846,0.0081550002));
#3232=CARTESIAN_POINT('',(0.00371102475781113,0.000336328167697784,0.0081550002));
#3233=CARTESIAN_POINT('',(0.00372041815321351,0.00033842618085002,0.0081550002));
#3234=CARTESIAN_POINT('',(0.0037311978366902,0.000341062306201939,0.0081550002));
#3235=CARTESIAN_POINT('',(0.00374335518456187,0.000344293943173567,0.0081550002));
#3236=CARTESIAN_POINT('',(0.0037568671962542,0.000348176715614908,0.0081550002));
#3237=CARTESIAN_POINT('',(0.00377171295785364,0.00035276604203327,0.0081550002));
#3238=CARTESIAN_POINT('',(0.00378786879342191,0.000358116612778846,0.0081550002));
#3239=CARTESIAN_POINT('',(0.00380530969733934,0.000364282484540448,0.0081550002));
#3240=CARTESIAN_POINT('',(0.00382400894008612,0.000371316995761116,0.0081550002));
#3241=CARTESIAN_POINT('',(0.00384393820402885,0.000379272734463118,0.0081550002));
#3242=CARTESIAN_POINT('',(0.00386506756900835,0.000388201491686999,0.0081550002));
#3243=CARTESIAN_POINT('',(0.00388736554241011,0.00039815421969027,0.0081550002));
#3244=CARTESIAN_POINT('',(0.00391079907811791,0.000409180989469275,0.0081550002));
#3245=CARTESIAN_POINT('',(0.00393533360004801,0.000421330949169725,0.0081550002));
#3246=CARTESIAN_POINT('',(0.00396093302578045,0.00043465228297795,0.0081550002));
#3247=CARTESIAN_POINT('',(0.00398755979151756,0.000449192170613155,0.0081550002));
#3248=CARTESIAN_POINT('',(0.00401517487798276,0.000464996747510397,0.0081550002));
#3249=CARTESIAN_POINT('',(0.00404373783739209,0.000482111065338099,0.0081550002));
#3250=CARTESIAN_POINT('',(0.00407320682124701,0.000500579054375659,0.0081550002));
#3251=CARTESIAN_POINT('',(0.00410353860973206,0.000520443481971493,0.0081550002));
#3252=CARTESIAN_POINT('',(0.00413468863964035,0.000541745929458959,0.0081550002));
#3253=CARTESIAN_POINT('',(0.00416661104257045,0.000564526701558866,0.0081550002));
#3254=CARTESIAN_POINT('',(0.00419925864818785,0.000588824998705883,0.0081550002));
#3255=CARTESIAN_POINT('',(0.00423258312597196,0.000614678084150011,0.0081550002));
#3256=CARTESIAN_POINT('',(0.00426653460042095,0.00064212430832781,0.0081550002));
#3257=CARTESIAN_POINT('',(0.00430106328710562,0.000671191364140926,0.0081550002));
#3258=CARTESIAN_POINT('',(0.00433611339988828,0.000701941061622683,0.0081550002));
#3259=CARTESIAN_POINT('',(0.00436816445318756,0.000731127110128974,0.0081550002));
#3260=CARTESIAN_POINT('',(0.00438847180644404,0.000750444447205255,0.0081550002));
#3261=CARTESIAN_POINT('',(0.00439697730045674,0.00075857741222951,0.0081550002));
#3262=CARTESIAN_POINT('',(0.00439697730045674,0.00075857741222951,0.0081550002));
#3263=CARTESIAN_POINT('',(9.54097911787244E-18,-3.21428963216209E-20,0.0081550002));
#3264=CARTESIAN_POINT('',(0.00432537987035763,0.00109541683765414,0.0081550002));
#3265=CARTESIAN_POINT('',(0.00310480135830417,0.00106022445104033,0.0081550002));
#3266=CARTESIAN_POINT('',(0.00329499372057549,0.00112529203470128,0.0081550002));
#3267=CARTESIAN_POINT('',(0.00349902133521903,0.00119509286017305,0.0081550002));
#3268=CARTESIAN_POINT('',(0.00350364055714372,0.00119634433715688,0.0081550002));
#3269=CARTESIAN_POINT('',(0.00350770777185149,0.00119753335351222,0.0081550002));
#3270=CARTESIAN_POINT('',(0.00351253300522551,0.0011987999651363,0.0081550002));
#3271=CARTESIAN_POINT('',(0.00351906059117957,0.00120039604260491,0.0081550002));
#3272=CARTESIAN_POINT('',(0.00352698680059882,0.00120215868248571,0.0081550002));
#3273=CARTESIAN_POINT('',(0.00353642143312719,0.00120406269021347,0.0081550002));
#3274=CARTESIAN_POINT('',(0.0035473413727785,0.00120603896214317,0.0081550002));
#3275=CARTESIAN_POINT('',(0.00355976208787712,0.00120803155372901,0.0081550002));
#3276=CARTESIAN_POINT('',(0.00357368519061088,0.00120998029487911,0.0081550002));
#3277=CARTESIAN_POINT('',(0.00358911411590668,0.00121182605181283,0.0081550002));
#3278=CARTESIAN_POINT('',(0.00360604947928808,0.00121350923253754,0.0081550002));
#3279=CARTESIAN_POINT('',(0.00362449042382099,0.00121497028310891,0.0081550002));
#3280=CARTESIAN_POINT('',(0.00364443422557324,0.00121614960455941,0.0081550002));
#3281=CARTESIAN_POINT('',(0.00366587640457512,0.00121698763752104,0.0081550002));
#3282=CARTESIAN_POINT('',(0.0036888106927151,0.00121742489889886,0.0081550002));
#3283=CARTESIAN_POINT('',(0.00371322904420841,0.00121740203228915,0.0081550002));
#3284=CARTESIAN_POINT('',(0.00373912163563465,0.00121685985449425,0.0081550002));
#3285=CARTESIAN_POINT('',(0.00376647687052139,0.00121573940308868,0.0081550002));
#3286=CARTESIAN_POINT('',(0.00379528138421197,0.00121398198358552,0.0081550002));
#3287=CARTESIAN_POINT('',(0.00382552005019027,0.00121152921659362,0.0081550002));
#3288=CARTESIAN_POINT('',(0.00385717598754538,0.00120832308472629,0.0081550002));
#3289=CARTESIAN_POINT('',(0.00389023056955237,0.0012043059796406,0.0081550002));
#3290=CARTESIAN_POINT('',(0.00392466343375987,0.00119942074771154,0.0081550002));
#3291=CARTESIAN_POINT('',(0.00396045249194952,0.0011936107399396,0.0081550002));
#3292=CARTESIAN_POINT('',(0.00399757394625802,0.00118681984439736,0.0081550002));
#3293=CARTESIAN_POINT('',(0.00403600228722245,0.00117899258453061,0.0081550002));
#3294=CARTESIAN_POINT('',(0.00407571036685116,0.00117007396305678,0.0081550002));
#3295=CARTESIAN_POINT('',(0.00411666918934585,0.00116001028050941,0.0081550002));
#3296=CARTESIAN_POINT('',(0.00415884878969617,0.0011487462158272,0.0081550002));
#3297=CARTESIAN_POINT('',(0.00420221495128084,0.00113623622113402,0.0081550002));
#3298=CARTESIAN_POINT('',(0.00424674185133263,0.00112240113988833,0.0081550002));
#3299=CARTESIAN_POINT('',(0.00428789298088239,0.00110877469567438,0.0081550002));
#3300=CARTESIAN_POINT('',(0.00431430174004364,0.00109938717482733,0.0081550002));
#3301=CARTESIAN_POINT('',(0.00432537987035763,0.00109541683765415,0.0081550002));
#3302=CARTESIAN_POINT('',(0.00286541793014111,0.00159788843375783,0.0081550002));
#3303=CARTESIAN_POINT('',(0.00304103609893649,0.00169569019191572,0.0081550002));
#3304=CARTESIAN_POINT('',(0.00322942934270027,0.00180060638932028,0.0081550002));
#3305=CARTESIAN_POINT('',(0.00323345023411238,0.00180320173863832,0.0081550002));
#3306=CARTESIAN_POINT('',(0.00323705534330786,0.00180542866096768,0.0081550002));
#3307=CARTESIAN_POINT('',(0.00324122533051557,0.00180816697957727,0.0081550002));
#3308=CARTESIAN_POINT('',(0.00324677925477492,0.00181194993701751,0.0081550002));
#3309=CARTESIAN_POINT('',(0.00325339282079637,0.00181666082224086,0.0081550002));
#3310=CARTESIAN_POINT('',(0.00326112077567138,0.00182239809073921,0.0081550002));
#3311=CARTESIAN_POINT('',(0.00326989629776997,0.00182919080335095,0.0081550002));
#3312=CARTESIAN_POINT('',(0.00327968816252163,0.00183708788948916,0.0081550002));
#3313=CARTESIAN_POINT('',(0.00329045273359815,0.00184613080889295,0.0081550002));
#3314=CARTESIAN_POINT('',(0.00330214836445118,0.00185636168243294,0.0081550002));
#3315=CARTESIAN_POINT('',(0.0033147311814654,0.00186782084235847,0.0081550002));
#3316=CARTESIAN_POINT('',(0.0033281563540344,0.00188054750121028,0.0081550002));
#3317=CARTESIAN_POINT('',(0.0033423777688275,0.00189457951420554,0.0081550002));
#3318=CARTESIAN_POINT('',(0.0033573481669237,0.00190995340507399,0.0081550002));
#3319=CARTESIAN_POINT('',(0.00337301914958352,0.00192670431766034,0.0081550002));
#3320=CARTESIAN_POINT('',(0.00338934122272184,0.00194486598996771,0.0081550002));
#3321=CARTESIAN_POINT('',(0.00340626383150032,0.00196447072306098,0.0081550002));
#3322=CARTESIAN_POINT('',(0.00342373539874292,0.00198554935264517,0.0081550002));
#3323=CARTESIAN_POINT('',(0.00344170336324461,0.0020081312211225,0.0081550002));
#3324=CARTESIAN_POINT('',(0.00346011421904802,0.00203224415073816,0.0081550002));
#3325=CARTESIAN_POINT('',(0.00347891355529829,0.0020579144177397,0.0081550002));
#3326=CARTESIAN_POINT('',(0.00349804609694174,0.00208516672727831,0.0081550002));
#3327=CARTESIAN_POINT('',(0.00351745574541824,0.00211402419034337,0.0081550002));
#3328=CARTESIAN_POINT('',(0.00353708562241399,0.00214450829776911,0.0081550002));
#3329=CARTESIAN_POINT('',(0.00355687810476179,0.00217663891050457,0.0081550002));
#3330=CARTESIAN_POINT('',(0.00357677489618504,0.00221043419238473,0.0081550002));
#3331=CARTESIAN_POINT('',(0.00359671696018567,0.00224591076888511,0.0081550002));
#3332=CARTESIAN_POINT('',(0.00361664498830696,0.00228308302388481,0.0081550002));
#3333=CARTESIAN_POINT('',(0.00363649781848292,0.00232196570605673,0.0081550002));
#3334=CARTESIAN_POINT('',(0.00365621870665655,0.00236256386497379,0.0081550002));
#3335=CARTESIAN_POINT('',(0.00367573154924968,0.00240491127664478,0.0081550002));
#3336=CARTESIAN_POINT('',(0.00369314060800979,0.00244461039651023,0.0081550002));
#3337=CARTESIAN_POINT('',(0.00370383522949843,0.00247051740674332,0.0081550002));
#3338=CARTESIAN_POINT('',(0.00370829741002652,0.00248140673608082,0.0081550002));
#3339=CARTESIAN_POINT('',(0.00370829741002652,0.00248140673608082,0.0081550002));
#3340=CARTESIAN_POINT('',(9.54097911787244E-18,-3.21428963216209E-20,0.0081550002));
#3341=CARTESIAN_POINT('',(0.00350588496582779,0.00276000356476107,0.0081550002));
#3342=CARTESIAN_POINT('',(0.00240514504363832,0.00223139971322333,0.0081550002));
#3343=CARTESIAN_POINT('',(0.00255242904171829,0.00236820011168547,0.0081550002));
#3344=CARTESIAN_POINT('',(0.00271042698887325,0.00251495184580979,0.0081550002));
#3345=CARTESIAN_POINT('',(0.0027141378365331,0.00251797393374298,0.0081550002));
#3346=CARTESIAN_POINT('',(0.00271736980553371,0.00252071443949037,0.0081550002));
#3347=CARTESIAN_POINT('',(0.00272126269820456,0.00252383414601075,0.0081550002));
#3348=CARTESIAN_POINT('',(0.00272657676151058,0.00252794724373059,0.0081550002));
#3349=CARTESIAN_POINT('',(0.0027331007838938,0.00253278137519866,0.0081550002));
#3350=CARTESIAN_POINT('',(0.00274094531987303,0.0025383581835729,0.0081550002));
#3351=CARTESIAN_POINT('',(0.00275011735892874,0.00254460513741373,0.0081550002));
#3352=CARTESIAN_POINT('',(0.0027606537867751,0.00255147742036972,0.0081550002));
#3353=CARTESIAN_POINT('',(0.00277258054960021,0.00255892072006263,0.0081550002));
#3354=CARTESIAN_POINT('',(0.00278592483724134,0.00256688241220644,0.0081550002));
#3355=CARTESIAN_POINT('',(0.00280071145025428,0.0025753083071629,0.0081550002));
#3356=CARTESIAN_POINT('',(0.0028169638285622,0.00258414365115022,0.0081550002));
#3357=CARTESIAN_POINT('',(0.0028347037248132,0.00259333288987931,0.0081550002));
#3358=CARTESIAN_POINT('',(0.00285395127132873,0.00260281979099222,0.0081550002));
#3359=CARTESIAN_POINT('',(0.00287472493585832,0.00261254746450712,0.0081550002));
#3360=CARTESIAN_POINT('',(0.00289704151063622,0.00262245841313551,0.0081550002));
#3361=CARTESIAN_POINT('',(0.00292091609349651,0.002632494574791,0.0081550002));
#3362=CARTESIAN_POINT('',(0.00294636207271346,0.00264259736790731,0.0081550002));
#3363=CARTESIAN_POINT('',(0.0029733911122643,0.00265270773650697,0.0081550002));
#3364=CARTESIAN_POINT('',(0.00300201313842647,0.00266276619585396,0.0081550002));
#3365=CARTESIAN_POINT('',(0.00303223632751763,0.00267271287834319,0.0081550002));
#3366=CARTESIAN_POINT('',(0.00306406709460182,0.00268248757996309,0.0081550002));
#3367=CARTESIAN_POINT('',(0.00309751008412768,0.00269202980612401,0.0081550002));
#3368=CARTESIAN_POINT('',(0.00313256815872755,0.00270127882130198,0.0081550002));
#3369=CARTESIAN_POINT('',(0.0031692424007485,0.00271017368523758,0.0081550002));
#3370=CARTESIAN_POINT('',(0.00320753207048397,0.00271865334194336,0.0081550002));
#3371=CARTESIAN_POINT('',(0.00324743473641962,0.00272665650681868,0.0081550002));
#3372=CARTESIAN_POINT('',(0.00328894575111633,0.0027341223293062,0.0081550002));
#3373=CARTESIAN_POINT('',(0.00333206024127778,0.00274098808323394,0.0081550002));
#3374=CARTESIAN_POINT('',(0.00337676547445525,0.00274719824139289,0.0081550002));
#3375=CARTESIAN_POINT('',(0.00342307005624302,0.0027526699876184,0.0081550002));
#3376=CARTESIAN_POINT('',(0.00346620585789671,0.00275695928369477,0.0081550002));
#3377=CARTESIAN_POINT('',(0.00349414970858658,0.00275912476671547,0.0081550002));
#3378=CARTESIAN_POINT('',(0.0035058849658278,0.00276000356476107,0.0081550002));
#3379=CARTESIAN_POINT('',(0.00196776975677176,0.00262521419039391,0.0081550002));
#3380=CARTESIAN_POINT('',(0.00208842537835424,0.00278599088674747,0.0081550002));
#3381=CARTESIAN_POINT('',(0.00221785790850859,0.00295846303786619,0.0081550002));
#3382=CARTESIAN_POINT('',(0.00222047555192458,0.00296246945132182,0.0081550002));
#3383=CARTESIAN_POINT('',(0.00222286321214178,0.00296597017611241,0.0081550002));
#3384=CARTESIAN_POINT('',(0.00222555891049487,0.00297016784123831,0.0081550002));
#3385=CARTESIAN_POINT('',(0.00222909400536395,0.00297588272933345,0.0081550002));
#3386=CARTESIAN_POINT('',(0.00223321970892,0.00298287631677302,0.0081550002));
#3387=CARTESIAN_POINT('',(0.00223794598966349,0.00299126081477268,0.0081550002));
#3388=CARTESIAN_POINT('',(0.00224319998289002,0.00300103559292383,0.0081550002));
#3389=CARTESIAN_POINT('',(0.00224893326214981,0.00301223265029254,0.0081550002));
#3390=CARTESIAN_POINT('',(0.00225508910047834,0.00302487211374151,0.0081550002));
#3391=CARTESIAN_POINT('',(0.002261612319759,0.00303897552342351,0.0081550002));
#3392=CARTESIAN_POINT('',(0.0022684464348461,0.00305456187967468,0.0081550002));
#3393=CARTESIAN_POINT('',(0.00227553454176564,0.00307164877068315,0.0081550002));
#3394=CARTESIAN_POINT('',(0.00228281911678983,0.00309025202292928,0.0081550002));
#3395=CARTESIAN_POINT('',(0.00229024213120687,0.0031103857805656,0.0081550002));
#3396=CARTESIAN_POINT('',(0.00229774507627872,0.00313206246355099,0.0081550002));
#3397=CARTESIAN_POINT('',(0.00230526901442659,0.00315529276202689,0.0081550002));
#3398=CARTESIAN_POINT('',(0.00231275462348089,0.00318008562197919,0.0081550002));
#3399=CARTESIAN_POINT('',(0.00232014224333555,0.00320644823489869,0.0081550002));
#3400=CARTESIAN_POINT('',(0.0023273719223103,0.00323438602783556,0.0081550002));
#3401=CARTESIAN_POINT('',(0.00233438346395423,0.00326390265484203,0.0081550002));
#3402=CARTESIAN_POINT('',(0.00234111647396529,0.00329499998957625,0.0081550002));
#3403=CARTESIAN_POINT('',(0.00234751040757902,0.00332767811892707,0.0081550002));
#3404=CARTESIAN_POINT('',(0.0023535046161244,0.00336193533849386,0.0081550002));
#3405=CARTESIAN_POINT('',(0.00235903839756644,0.00339776814663618,0.0081550002));
#3406=CARTESIAN_POINT('',(0.00236405103234676,0.00343517124978021,0.0081550002));
#3407=CARTESIAN_POINT('',(0.00236848187626939,0.00347413753018305,0.0081550002));
#3408=CARTESIAN_POINT('',(0.0023722702346196,0.00351465816366532,0.0081550002));
#3409=CARTESIAN_POINT('',(0.00237535607597545,0.00355672216763179,0.0081550002));
#3410=CARTESIAN_POINT('',(0.00237767752718366,0.00360031813881224,0.0081550002));
#3411=CARTESIAN_POINT('',(0.00237918069612236,0.00364542761033378,0.0081550002));
#3412=CARTESIAN_POINT('',(0.002379782320773,0.00369205048400193,0.0081550002));
#3413=CARTESIAN_POINT('',(0.00237953920057801,0.00373539833674662,0.0081550002));
#3414=CARTESIAN_POINT('',(0.00237877189308582,0.00376341546270941,0.0081550002));
#3415=CARTESIAN_POINT('',(0.00237841920857836,0.00377517829239125,0.0081550002));
#3416=CARTESIAN_POINT('',(0.00237841920857836,0.00377517829239125,0.0081550002));
#3417=CARTESIAN_POINT('',(9.54097911787244E-18,-3.21428963216209E-20,0.0081550002));
#3418=CARTESIAN_POINT('',(0.00208019070074131,0.00394736060167557,0.0081550002));
#3419=CARTESIAN_POINT('',(0.00128961730087065,0.00301674569336003,0.0081550002));
#3420=CARTESIAN_POINT('',(0.00136852619345812,0.00320162487493664,0.0081550002));
#3421=CARTESIAN_POINT('',(0.00145317519269511,0.00339995280968576,0.0081550002));
#3422=CARTESIAN_POINT('',(0.00145533602681775,0.00340422296210986,0.0081550002));
#3423=CARTESIAN_POINT('',(0.00145717391330946,0.00340804109890887,0.0081550002));
#3424=CARTESIAN_POINT('',(0.00145946134876853,0.00341247447472653,0.0081550002));
#3425=CARTESIAN_POINT('',(0.00146264303960416,0.00341839340073551,0.0081550002));
#3426=CARTESIAN_POINT('',(0.0014666368122124,0.00342546315854332,0.0081550002));
#3427=CARTESIAN_POINT('',(0.00147153486010633,0.00343374848673243,0.0081550002));
#3428=CARTESIAN_POINT('',(0.00147737306968832,0.00344318596741349,0.0081550002));
#3429=CARTESIAN_POINT('',(0.00148420336618736,0.00345374966158382,0.0081550002));
#3430=CARTESIAN_POINT('',(0.00149207154346011,0.0034654005056824,0.0081550002));
#3431=CARTESIAN_POINT('',(0.00150102384488437,0.00347810148413491,0.0081550002));
#3432=CARTESIAN_POINT('',(0.00151110496780676,0.00349181317953831,0.0081550002));
#3433=CARTESIAN_POINT('',(0.00152235859603202,0.0035064951056996,0.0081550002));
#3434=CARTESIAN_POINT('',(0.00153482719755809,0.00352210535884939,0.0081550002));
#3435=CARTESIAN_POINT('',(0.00154855203593625,0.00353860075672536,0.0081550002));
#3436=CARTESIAN_POINT('',(0.00156357312153546,0.00355593683925348,0.0081550002));
#3437=CARTESIAN_POINT('',(0.00157992918107915,0.00357406791006399,0.0081550002));
#3438=CARTESIAN_POINT('',(0.00159765762310317,0.00359294706764396,0.0081550002));
#3439=CARTESIAN_POINT('',(0.00161679450567427,0.00361252624057134,0.0081550002));
#3440=CARTESIAN_POINT('',(0.00163737450459589,0.00363275622269312,0.0081550002));
#3441=CARTESIAN_POINT('',(0.00165943088259556,0.00365358670937969,0.0081550002));
#3442=CARTESIAN_POINT('',(0.00168299545945985,0.00367496633446031,0.0081550002));
#3443=CARTESIAN_POINT('',(0.00170809858281895,0.00369684270807534,0.0081550002));
#3444=CARTESIAN_POINT('',(0.00173476910095412,0.00371916245473461,0.0081550002));
#3445=CARTESIAN_POINT('',(0.00176303433237328,0.00374187125411357,0.0081550002));
#3446=CARTESIAN_POINT('',(0.00179292005248621,0.00376491387474522,0.0081550002));
#3447=CARTESIAN_POINT('',(0.00182445041924476,0.00378823423834386,0.0081550002));
#3448=CARTESIAN_POINT('',(0.00185764813804272,0.00381177536965491,0.0081550002));
#3449=CARTESIAN_POINT('',(0.00189253371338466,0.00383547978864436,0.0081550002));
#3450=CARTESIAN_POINT('',(0.00192912820632548,0.00385928820995453,0.0081550002));
#3451=CARTESIAN_POINT('',(0.00196744257014507,0.0038831447282024,0.0081550002));
#3452=CARTESIAN_POINT('',(0.0020075183508138,0.00390697718726748,0.0081550002));
#3453=CARTESIAN_POINT('',(0.00204518025258903,0.00392844056537554,0.0081550002));
#3454=CARTESIAN_POINT('',(0.00206982744916134,0.00394178462057691,0.0081550002));
#3455=CARTESIAN_POINT('',(0.00208019070074131,0.00394736060167558,0.0081550002));
#3456=CARTESIAN_POINT('',(0.000729876315829553,0.00319861656418869,0.0081550002));
#3457=CARTESIAN_POINT('',(0.000774706937105614,0.00339456844732795,0.0081550002));
#3458=CARTESIAN_POINT('',(0.000822798693329215,0.00360477455037208,0.0081550002));
#3459=CARTESIAN_POINT('',(0.000823560474421901,0.0036094992826817,0.0081550002));
#3460=CARTESIAN_POINT('',(0.000824317837518061,0.00361366850281416,0.0081550002));
#3461=CARTESIAN_POINT('',(0.000825073136281634,0.00361859970002151,0.0081550002));
#3462=CARTESIAN_POINT('',(0.00082597815174225,0.00362525836270176,0.0081550002));
#3463=CARTESIAN_POINT('',(0.000826902621207226,0.00363332539755453,0.0081550002));
#3464=CARTESIAN_POINT('',(0.000827810010941739,0.00364290736918057,0.0081550002));
#3465=CARTESIAN_POINT('',(0.000828634012136306,0.00365397406492771,0.0081550002));
#3466=CARTESIAN_POINT('',(0.00082931736983501,0.00366653502058581,0.0081550002));
#3467=CARTESIAN_POINT('',(0.000829800075044505,0.00368058555002372,0.0081550002));
#3468=CARTESIAN_POINT('',(0.000830022958877582,0.00369612288818824,0.0081550002));
#3469=CARTESIAN_POINT('',(0.000829926691453026,0.00371314141817162,0.0081550002));
#3470=CARTESIAN_POINT('',(0.000829452134643262,0.00373163406265184,0.0081550002));
#3471=CARTESIAN_POINT('',(0.00082854030069859,0.00375159188283026,0.0081550002));
#3472=CARTESIAN_POINT('',(0.000827132424807798,0.00377300419762969,0.0081550002));
#3473=CARTESIAN_POINT('',(0.000825170004926627,0.00379585855559945,0.0081550002));
#3474=CARTESIAN_POINT('',(0.000822594850825466,0.00382014075059677,0.0081550002));
#3475=CARTESIAN_POINT('',(0.000819349130345458,0.00384583482668628,0.0081550002));
#3476=CARTESIAN_POINT('',(0.000815375416224885,0.00387292308767049,0.0081550002));
#3477=CARTESIAN_POINT('',(0.000810616732498396,0.00390138610686123,0.0081550002));
#3478=CARTESIAN_POINT('',(0.000805016600734744,0.00393120273829896,0.0081550002));
#3479=CARTESIAN_POINT('',(0.000798519085908213,0.0039623501290799,0.0081550002));
#3480=CARTESIAN_POINT('',(0.000791068842283355,0.0039948037328067,0.0081550002));
#3481=CARTESIAN_POINT('',(0.000782611157784445,0.00402853732439505,0.0081550002));
#3482=CARTESIAN_POINT('',(0.000773092002588623,0.00406352301519529,0.0081550002));
#3483=CARTESIAN_POINT('',(0.000762458059709582,0.00409973127241777,0.0081550002));
#3484=CARTESIAN_POINT('',(0.000750656822964419,0.0041371309274641,0.0081550002));
#3485=CARTESIAN_POINT('',(0.000737636434089298,0.00417568923228075,0.0081550002));
#3486=CARTESIAN_POINT('',(0.000723346518675285,0.00421537173678873,0.0081550002));
#3487=CARTESIAN_POINT('',(0.000707735190912116,0.00425614285750364,0.0081550002));
#3488=CARTESIAN_POINT('',(0.000690760729050548,0.0042979638041969,0.0081550002));
#3489=CARTESIAN_POINT('',(0.000672347109391019,0.00434080062144948,0.0081550002));
#3490=CARTESIAN_POINT('',(0.000654493847931297,0.00438030196953098,0.0081550002));
#3491=CARTESIAN_POINT('',(0.00064239728589446,0.00440558479561691,0.0081550002));
#3492=CARTESIAN_POINT('',(0.00063729071870682,0.00441618722552915,0.0081550002));
#3493=CARTESIAN_POINT('',(0.00063729071870682,0.00441618722552915,0.0081550002));
#3494=CARTESIAN_POINT('',(9.54097911787244E-18,-3.21428963216209E-20,0.0081550002));
#3495=CARTESIAN_POINT('',(0.000294812565557409,0.00445218312991509,0.0081550002));
#3496=CARTESIAN_POINT('',(-4.8896989022945E-5,0.00328046893684054,0.0081550002));
#3497=CARTESIAN_POINT('',(-5.20072663211231E-5,0.00348145961146239,0.0081550002));
#3498=CARTESIAN_POINT('',(-5.53437959821938E-5,0.00369707104516546,0.0081550002));
#3499=CARTESIAN_POINT('',(-5.51066032471365E-5,0.00370185091393322,0.0081550002));
#3500=CARTESIAN_POINT('',(-5.49805865353989E-5,0.00370608649124461,0.0081550002));
#3501=CARTESIAN_POINT('',(-5.46941266596885E-5,0.00371106696540473,0.0081550002));
#3502=CARTESIAN_POINT('',(-5.4194951544681E-5,0.00371776828362415,0.0081550002));
#3503=CARTESIAN_POINT('',(-5.3421988277675E-5,0.00372585124241999,0.0081550002));
#3504=CARTESIAN_POINT('',(-5.23173454472825E-5,0.00373541248191023,0.0081550002));
#3505=CARTESIAN_POINT('',(-5.08224448141941E-5,0.00374640866328496,0.0081550002));
#3506=CARTESIAN_POINT('',(-4.88792999784627E-5,0.00375883720997942,0.0081550002));
#3507=CARTESIAN_POINT('',(-4.64301875886707E-5,0.00377268106169442,0.0081550002));
#3508=CARTESIAN_POINT('',(-4.34178066266447E-5,0.00378792521189643,0.0081550002));
#3509=CARTESIAN_POINT('',(-3.97852915322087E-5,0.00380455183104468,0.0081550002));
#3510=CARTESIAN_POINT('',(-3.54762679457514E-5,0.00382254170096553,0.0081550002));
#3511=CARTESIAN_POINT('',(-3.04348956221721E-5,0.00384187381395174,0.0081550002));
#3512=CARTESIAN_POINT('',(-2.46059146231917E-5,0.00386252550444204,0.0081550002));
#3513=CARTESIAN_POINT('',(-1.79346901167434E-5,0.00388447242982089,0.0081550002));
#3514=CARTESIAN_POINT('',(-1.03672570925139E-5,0.00390768859595477,0.0081550002));
#3515=CARTESIAN_POINT('',(-1.85036458857164E-6,0.00393214637160188,0.0081550002));
#3516=CARTESIAN_POINT('',(7.66848048700843E-6,0.00395781650747,0.0081550002));
#3517=CARTESIAN_POINT('',(1.82409700024508E-5,0.00398466815542142,0.0081550002));
#3518=CARTESIAN_POINT('',(2.99179517075683E-5,0.00401266888906042,0.0081550002));
#3519=CARTESIAN_POINT('',(4.27493869276964E-5,0.00404178472532821,0.0081550002));
#3520=CARTESIAN_POINT('',(5.67843084782039E-5,0.0040719801471997,0.0081550002));
#3521=CARTESIAN_POINT('',(7.20707803430658E-5,0.00410321812739141,0.0081550002));
#3522=CARTESIAN_POINT('',(8.86558532875774E-5,0.00413546015325576,0.0081550002));
#3523=CARTESIAN_POINT('',(0.000106585538981741,0.00416866625214064,0.0081550002));
#3524=CARTESIAN_POINT('',(0.000125904715906398,0.00420279501990705,0.0081550002));
#3525=CARTESIAN_POINT('',(0.000146657300394716,0.0042378036421857,0.0081550002));
#3526=CARTESIAN_POINT('',(0.000168885403479758,0.00427364794828591,0.0081550002));
#3527=CARTESIAN_POINT('',(0.000192632378919941,0.00431028234464128,0.0081550002));
#3528=CARTESIAN_POINT('',(0.000217930971802178,0.00434766021424335,0.0081550002));
#3529=CARTESIAN_POINT('',(0.000244848484797207,0.00438573253746454,0.0081550002));
#3530=CARTESIAN_POINT('',(0.000270524401729416,0.00442065878454074,0.0081550002));
#3531=CARTESIAN_POINT('',(0.000287613219984041,0.00444287410355153,0.0081550002));
#3532=CARTESIAN_POINT('',(0.000294812565557409,0.0044521831299151,0.0081550002));
#3533=CARTESIAN_POINT('',(-0.000634219370837752,0.00321894907551601,0.0081550002));
#3534=CARTESIAN_POINT('',(-0.000672965371560154,0.00341619428467922,0.0081550002));
#3535=CARTESIAN_POINT('',(-0.000714529890818247,0.00362778779476995,0.0081550002));
#3536=CARTESIAN_POINT('',(-0.000715755690920348,0.00363241389679437,0.0081550002));
#3537=CARTESIAN_POINT('',(-0.000716759579904986,0.00363653071623161,0.0081550002));
#3538=CARTESIAN_POINT('',(-0.000718075278748824,0.00364134279672474,0.0081550002));
#3539=CARTESIAN_POINT('',(-0.000719956828091621,0.00364779389072065,0.0081550002));
#3540=CARTESIAN_POINT('',(-0.000722393441886752,0.00365553950937384,0.0081550002));
#3541=CARTESIAN_POINT('',(-0.000725461839089698,0.00366466214468264,0.0081550002));
#3542=CARTESIAN_POINT('',(-0.000729210307219446,0.00367510722579333,0.0081550002));
#3543=CARTESIAN_POINT('',(-0.000733695029836048,0.00368686017639483,0.0081550002));
#3544=CARTESIAN_POINT('',(-0.000738968921861547,0.00369989230763681,0.0081550002));
#3545=CARTESIAN_POINT('',(-0.000745084912115629,0.00371417702736293,0.0081550002));
#3546=CARTESIAN_POINT('',(-0.000752094916539576,0.0037296850726359,0.0081550002));
#3547=CARTESIAN_POINT('',(-0.00076005008189501,0.00374638592435686,0.0081550002));
#3548=CARTESIAN_POINT('',(-0.000769000660435768,0.0037642474240476,0.0081550002));
#3549=CARTESIAN_POINT('',(-0.000778995992102727,0.00378323591225654,0.0081550002));
#3550=CARTESIAN_POINT('',(-0.000790084456711433,0.00380331621909238,0.0081550002));
#3551=CARTESIAN_POINT('',(-0.000802313435523,0.00382445169849926,0.0081550002));
#3552=CARTESIAN_POINT('',(-0.00081572927097987,0.00384660425154676,0.0081550002));
#3553=CARTESIAN_POINT('',(-0.000830377227804168,0.00386973435418237,0.0081550002));
#3554=CARTESIAN_POINT('',(-0.000846301454584305,0.0038938010850305,0.0081550002));
#3555=CARTESIAN_POINT('',(-0.000863544946097999,0.00391876215444831,0.0081550002));
#3556=CARTESIAN_POINT('',(-0.000882149506420548,0.00394457393444477,0.0081550002));
#3557=CARTESIAN_POINT('',(-0.000902155712477922,0.00397119148963146,0.0081550002));
#3558=CARTESIAN_POINT('',(-0.000923602879535611,0.00399856860879568,0.0081550002));
#3559=CARTESIAN_POINT('',(-0.000946529022957128,0.00402665783847947,0.0081550002));
#3560=CARTESIAN_POINT('',(-0.000970970838165401,0.00405541051316494,0.0081550002));
#3561=CARTESIAN_POINT('',(-0.000996963614534248,0.00408477680273204,0.0081550002));
#3562=CARTESIAN_POINT('',(-0.00102454140711167,0.00411470569768909,0.0081550002));
#3563=CARTESIAN_POINT('',(-0.00105373622310066,0.0041451452372049,0.0081550002));
#3564=CARTESIAN_POINT('',(-0.00108458098944049,0.00417604181028865,0.0081550002));
#3565=CARTESIAN_POINT('',(-0.00111709804343832,0.004207343010539,0.0081550002));
#3566=CARTESIAN_POINT('',(-0.00115134302528641,0.00423898689651277,0.0081550002));
#3567=CARTESIAN_POINT('',(-0.00118371943691268,0.0042678115979893,0.0081550002));
#3568=CARTESIAN_POINT('',(-0.00120505364802418,0.00428598849388085,0.0081550002));
#3569=CARTESIAN_POINT('',(-0.00121403112603355,0.00429359726757161,0.0081550002));
#3570=CARTESIAN_POINT('',(-0.00121403112603355,0.00429359726757161,0.0081550002));
#3571=CARTESIAN_POINT('',(9.54097911787244E-18,-3.21428963216209E-20,0.0081550002));
#3572=CARTESIAN_POINT('',(-0.00154154134049945,0.00418718274817833,0.0081550002));
#3573=CARTESIAN_POINT('',(-0.00137895654529927,0.00297696929901662,0.0081550002));
#3574=CARTESIAN_POINT('',(-0.00146354819728226,0.00315931835309863,0.0081550002));
#3575=CARTESIAN_POINT('',(-0.00155429333955158,0.00335493211010002,0.0081550002));
#3576=CARTESIAN_POINT('',(-0.00155602080098282,0.00335939521247776,0.0081550002));
#3577=CARTESIAN_POINT('',(-0.00155762844348535,0.00336331586050537,0.0081550002));
#3578=CARTESIAN_POINT('',(-0.00155939249070791,0.00336798226377948,0.0081550002));
#3579=CARTESIAN_POINT('',(-0.00156166214322577,0.00337430725540963,0.0081550002));
#3580=CARTESIAN_POINT('',(-0.00156424364167101,0.00338200579818632,0.0081550002));
#3581=CARTESIAN_POINT('',(-0.0015671234066849,0.0033911897238087,0.0081550002));
#3582=CARTESIAN_POINT('',(-0.00157023029690092,0.00340184326622023,0.0081550002));
#3583=CARTESIAN_POINT('',(-0.00157351029112351,0.00341398765680554,0.0081550002));
#3584=CARTESIAN_POINT('',(-0.00157690371739836,0.00342763078840801,0.0081550002));
#3585=CARTESIAN_POINT('',(-0.00158035212493352,0.00344278225830083,0.0081550002));
#3586=CARTESIAN_POINT('',(-0.00158379631252724,0.0034594489076951,0.0081550002));
#3587=CARTESIAN_POINT('',(-0.00158717696290394,0.00347763610943337,0.0081550002));
#3588=CARTESIAN_POINT('',(-0.00159043451885702,0.00349734738429394,0.0081550002));
#3589=CARTESIAN_POINT('',(-0.00159350927900658,0.00351858450249807,0.0081550002));
#3590=CARTESIAN_POINT('',(-0.00159634143091623,0.0035413474479481,0.0081550002));
#3591=CARTESIAN_POINT('',(-0.00159887110232931,0.00356563442336856,0.0081550002));
#3592=CARTESIAN_POINT('',(-0.00160103840743291,0.00359144184548151,0.0081550002));
#3593=CARTESIAN_POINT('',(-0.00160278349464241,0.0036187643445929,0.0081550002));
#3594=CARTESIAN_POINT('',(-0.00160404659401842,0.00364759476450361,0.0081550002));
#3595=CARTESIAN_POINT('',(-0.00160476806482672,0.00367792416387017,0.0081550002));
#3596=CARTESIAN_POINT('',(-0.00160488844297024,0.00370974181872536,0.0081550002));
#3597=CARTESIAN_POINT('',(-0.00160434848866767,0.00374303522609494,0.0081550002));
#3598=CARTESIAN_POINT('',(-0.00160308923293179,0.0037777901092558,0.0081550002));
#3599=CARTESIAN_POINT('',(-0.00160105202824469,0.00381399042242398,0.0081550002));
#3600=CARTESIAN_POINT('',(-0.00159817858251191,0.00385161836339694,0.0081550002));
#3601=CARTESIAN_POINT('',(-0.00159441105662062,0.00389065436133421,0.0081550002));
#3602=CARTESIAN_POINT('',(-0.0015896919168313,0.00393107716574512,0.0081550002));
#3603=CARTESIAN_POINT('',(-0.00158396472696252,0.00397286355279607,0.0081550002));
#3604=CARTESIAN_POINT('',(-0.00157717133681108,0.00401598950425374,0.0081550002));
#3605=CARTESIAN_POINT('',(-0.00156926287140604,0.00406042575198853,0.0081550002));
#3606=CARTESIAN_POINT('',(-0.00156015790861948,0.00410615488880471,0.0081550002));
#3607=CARTESIAN_POINT('',(-0.00155090757582626,0.00414850493943456,0.0081550002));
#3608=CARTESIAN_POINT('',(-0.00154433194781258,0.00417575029177797,0.0081550002));
#3609=CARTESIAN_POINT('',(-0.00154154134049945,0.00418718274817835,0.0081550002));
#3610=CARTESIAN_POINT('',(-0.00188865276658511,0.0026826960484523,0.0081550002));
#3611=CARTESIAN_POINT('',(-0.00200427585378471,0.00284712909505867,0.0081550002));
#3612=CARTESIAN_POINT('',(-0.00212830976554297,0.00302352357203462,0.0081550002));
#3613=CARTESIAN_POINT('',(-0.00213131119486615,0.00302725114870701,0.0081550002));
#3614=CARTESIAN_POINT('',(-0.0021339027544061,0.00303060373196821,0.0081550002));
#3615=CARTESIAN_POINT('',(-0.0021370619545745,0.00303446464331348,0.0081550002));
#3616=CARTESIAN_POINT('',(-0.002141404731746,0.00303959271586678,0.0081550002));
#3617=CARTESIAN_POINT('',(-0.00214678111614012,0.00304567763048854,0.0081550002));
#3618=CARTESIAN_POINT('',(-0.00215329474652862,0.00305276354295868,0.0081550002));
#3619=CARTESIAN_POINT('',(-0.00216096753978929,0.00306078096001829,0.0081550002));
#3620=CARTESIAN_POINT('',(-0.00216984489343836,0.00306969371363198,0.0081550002));
#3621=CARTESIAN_POINT('',(-0.00217996347885584,0.0030794540727931,0.0081550002));
#3622=CARTESIAN_POINT('',(-0.00219136083292013,0.00309001621626756,0.0081550002));
#3623=CARTESIAN_POINT('',(-0.00220407248089467,0.00310133229491626,0.0081550002));
#3624=CARTESIAN_POINT('',(-0.00221813273443541,0.00311335362489292,0.0081550002));
#3625=CARTESIAN_POINT('',(-0.0022335744212291,0.00312603038853282,0.0081550002));
#3626=CARTESIAN_POINT('',(-0.00225042892502227,0.00313931176803496,0.0081550002));
#3627=CARTESIAN_POINT('',(-0.00226872613809213,0.0031531459562611,0.0081550002));
#3628=CARTESIAN_POINT('',(-0.0022884944400808,0.0031674802036783,0.0081550002));
#3629=CARTESIAN_POINT('',(-0.00230976067068501,0.00318226085601224,0.0081550002));
#3630=CARTESIAN_POINT('',(-0.00233255010540559,0.00319743339542318,0.0081550002));
#3631=CARTESIAN_POINT('',(-0.00235688643176203,0.00321294248152566,0.0081550002));
#3632=CARTESIAN_POINT('',(-0.00238279172669085,0.00322873199325701,0.0081550002));
#3633=CARTESIAN_POINT('',(-0.00241028643501253,0.00324474507121495,0.0081550002));
#3634=CARTESIAN_POINT('',(-0.00243938934872442,0.00326092416075685,0.0081550002));
#3635=CARTESIAN_POINT('',(-0.00247011758831521,0.00327721105488014,0.0081550002));
#3636=CARTESIAN_POINT('',(-0.00250248658148737,0.0032935469404525,0.0081550002));
#3637=CARTESIAN_POINT('',(-0.00253651005712844,0.00330987243393799,0.0081550002));
#3638=CARTESIAN_POINT('',(-0.00257219998594984,0.00332612765977534,0.0081550002));
#3639=CARTESIAN_POINT('',(-0.00260956673135656,0.00334225216703924,0.0081550002));
#3640=CARTESIAN_POINT('',(-0.00264861839900944,0.00335818546864606,0.0081550002));
#3641=CARTESIAN_POINT('',(-0.00268936326360987,0.00337386519592592,0.0081550002));
#3642=CARTESIAN_POINT('',(-0.00273180041569958,0.0033892343878476,0.0081550002));
#3643=CARTESIAN_POINT('',(-0.0027759554912688,0.00340421382718202,0.0081550002));
#3644=CARTESIAN_POINT('',(-0.00281725687736098,0.00341737782930409,0.0081550002));
#3645=CARTESIAN_POINT('',(-0.00284413985863074,0.0034253058445697,0.0081550002));
#3646=CARTESIAN_POINT('',(-0.00285543595995619,0.0034286053359443,0.0081550002));
#3647=CARTESIAN_POINT('',(-0.00285543595995619,0.0034286053359443,0.0081550002));
#3648=CARTESIAN_POINT('',(9.54097911787244E-18,-3.21428963216209E-20,0.0081550002));
#3649=CARTESIAN_POINT('',(-0.00311134874432051,0.00319818042992047,0.0081550002));
#3650=CARTESIAN_POINT('',(-0.00247058198746642,0.00215872462447568,0.0081550002));
#3651=CARTESIAN_POINT('',(-0.00262202834901534,0.00229090224997794,0.0081550002));
#3652=CARTESIAN_POINT('',(-0.00278449144440078,0.0024326949345969,0.0081550002));
#3653=CARTESIAN_POINT('',(-0.00278788486622338,0.00243606955963749,0.0081550002));
#3654=CARTESIAN_POINT('',(-0.0027909481919465,0.00243899736271938,0.0081550002));
#3655=CARTESIAN_POINT('',(-0.00279445772647669,0.00244254283158845,0.0081550002));
#3656=CARTESIAN_POINT('',(-0.00279910376308794,0.00244739784811573,0.0081550002));
#3657=CARTESIAN_POINT('',(-0.00280459335871207,0.00245338082688813,0.0081550002));
#3658=CARTESIAN_POINT('',(-0.00281095959403749,0.00246059945446918,0.0081550002));
#3659=CARTESIAN_POINT('',(-0.00281813106555906,0.00246906826365016,0.0081550002));
#3660=CARTESIAN_POINT('',(-0.00282606705804108,0.00247882862266581,0.0081550002));
#3661=CARTESIAN_POINT('',(-0.00283471626874933,0.0024899120127577,0.0081550002));
#3662=CARTESIAN_POINT('',(-0.00284402920379106,0.0025023509755501,0.0081550002));
#3663=CARTESIAN_POINT('',(-0.00285395456274851,0.00251617584009836,0.0081550002));
#3664=CARTESIAN_POINT('',(-0.00286444034192598,0.00253141564124795,0.0081550002));
#3665=CARTESIAN_POINT('',(-0.00287543356513747,0.00254809781948818,0.0081550002));
#3666=CARTESIAN_POINT('',(-0.0028868804124724,0.00256624827473549,0.0081550002));
#3667=CARTESIAN_POINT('',(-0.00289872623600367,0.00258589132019352,0.0081550002));
#3668=CARTESIAN_POINT('',(-0.00291091560868541,0.00260704966621012,0.0081550002));
#3669=CARTESIAN_POINT('',(-0.00292339236465479,0.0026297443970525,0.0081550002));
#3670=CARTESIAN_POINT('',(-0.00293609964271722,0.00265399495109369,0.0081550002));
#3671=CARTESIAN_POINT('',(-0.00294897992962767,0.00267981910144498,0.0081550002));
#3672=CARTESIAN_POINT('',(-0.00296197510409228,0.00270723293785468,0.0081550002));
#3673=CARTESIAN_POINT('',(-0.00297502648112483,0.00273625084971849,0.0081550002));
#3674=CARTESIAN_POINT('',(-0.00298807485707445,0.00276688550999086,0.0081550002));
#3675=CARTESIAN_POINT('',(-0.00300106055422426,0.00279914786108414,0.0081550002));
#3676=CARTESIAN_POINT('',(-0.00301392346899239,0.00283304709853987,0.0081550002));
#3677=CARTESIAN_POINT('',(-0.00302660310809262,0.00286859066876758,0.0081550002));
#3678=CARTESIAN_POINT('',(-0.0030390386726882,0.00290578421820144,0.0081550002));
#3679=CARTESIAN_POINT('',(-0.00305116895973948,0.00294463173463231,0.0081550002));
#3680=CARTESIAN_POINT('',(-0.00306293296624518,0.00298513495669548,0.0081550002));
#3681=CARTESIAN_POINT('',(-0.00307426780025568,0.00302729559446145,0.0081550002));
#3682=CARTESIAN_POINT('',(-0.00308511690784251,0.00307110678940498,0.0081550002));
#3683=CARTESIAN_POINT('',(-0.00309539882604622,0.00311658575662445,0.0081550002));
#3684=CARTESIAN_POINT('',(-0.00310417354396857,0.00315903690231594,0.0081550002));
#3685=CARTESIAN_POINT('',(-0.00310924809201709,0.00318660131905553,0.0081550002));
#3686=CARTESIAN_POINT('',(-0.00311134874432052,0.00319818042992048,0.0081550002));
#3687=CARTESIAN_POINT('',(-0.00281652094111816,0.0016825805030827,0.0081550002));
#3688=CARTESIAN_POINT('',(-0.00298902883261537,0.00178576941954667,0.0081550002));
#3689=CARTESIAN_POINT('',(-0.00317408554671807,0.00189646465584517,0.0081550002));
#3690=CARTESIAN_POINT('',(-0.00317834363086525,0.0018986491752949,0.0081550002));
#3691=CARTESIAN_POINT('',(-0.00318207475677247,0.00190065783027693,0.0081550002));
#3692=CARTESIAN_POINT('',(-0.00318653120385588,0.00190289998582746,0.0081550002));
#3693=CARTESIAN_POINT('',(-0.00319258430323025,0.00190581834660663,0.0081550002));
#3694=CARTESIAN_POINT('',(-0.00319997083251869,0.00190919042017913,0.0081550002));
#3695=CARTESIAN_POINT('',(-0.0032088034302241,0.00191301439117103,0.0081550002));
#3696=CARTESIAN_POINT('',(-0.00321907385295577,0.00191721785993401,0.0081550002));
#3697=CARTESIAN_POINT('',(-0.00323080886254316,0.00192174932049025,0.0081550002));
#3698=CARTESIAN_POINT('',(-0.00324402254600948,0.00192655025280148,0.0081550002));
#3699=CARTESIAN_POINT('',(-0.00325873055782454,0.00193156352946349,0.0081550002));
#3700=CARTESIAN_POINT('',(-0.00327494588993319,0.0019367309886862,0.0081550002));
#3701=CARTESIAN_POINT('',(-0.00329268008608865,0.00194199419975525,0.0081550002));
#3702=CARTESIAN_POINT('',(-0.00331194287320533,0.0019472942997462,0.0081550002));
#3703=CARTESIAN_POINT('',(-0.00333274225230051,0.00195257209936805,0.0081550002));
#3704=CARTESIAN_POINT('',(-0.00335508445946678,0.00195776811216055,0.0081550002));
#3705=CARTESIAN_POINT('',(-0.00337897396562933,0.00196282260598707,0.0081550002));
#3706=CARTESIAN_POINT('',(-0.00340441346691175,0.0019676756485409,0.0081550002));
#3707=CARTESIAN_POINT('',(-0.00343140387922993,0.00197226715482483,0.0081550002));
#3708=CARTESIAN_POINT('',(-0.00345994433324706,0.00197653693429892,0.0081550002));
#3709=CARTESIAN_POINT('',(-0.00349003217075559,0.00198042473832226,0.0081550002));
#3710=CARTESIAN_POINT('',(-0.00352166294222599,0.00198387030758851,0.0081550002));
#3711=CARTESIAN_POINT('',(-0.00355483040541994,0.00198681341992139,0.0081550002));
#3712=CARTESIAN_POINT('',(-0.00358952652576131,0.00198919393704804,0.0081550002));
#3713=CARTESIAN_POINT('',(-0.00362574147570157,0.00199095185548665,0.0081550002));
#3714=CARTESIAN_POINT('',(-0.00366346364374353,0.00199202734163607,0.0081550002));
#3715=CARTESIAN_POINT('',(-0.00370267961209144,0.00199236082752232,0.0081550002));
#3716=CARTESIAN_POINT('',(-0.00374337426058039,0.00199189287330058,0.0081550002));
#3717=CARTESIAN_POINT('',(-0.00378553039178672,0.0019905649244011,0.0081550002));
#3718=CARTESIAN_POINT('',(-0.00382913019740287,0.00198831663858454,0.0081550002));
#3719=CARTESIAN_POINT('',(-0.00387414967845872,0.00198509634926956,0.0081550002));
#3720=CARTESIAN_POINT('',(-0.00392058003404689,0.00198082126081976,0.0081550002));
#3721=CARTESIAN_POINT('',(-0.00396366500973831,0.00197604838802928,0.0081550002));
#3722=CARTESIAN_POINT('',(-0.00399144844948058,0.00197235669680575,0.0081550002));
#3723=CARTESIAN_POINT('',(-0.00400310997558107,0.0019707763938306,0.0081550002));
#3724=CARTESIAN_POINT('',(-0.00400310997558107,0.0019707763938306,0.0081550002));
#3725=CARTESIAN_POINT('',(9.54097911787244E-18,-3.21428963216209E-20,0.0081550002));
#3726=CARTESIAN_POINT('',(-0.00414317568453257,0.00165618366077227,0.0081550002));
#3727=CARTESIAN_POINT('',(-0.00313502135946788,0.000967216850965357,0.0081550002));
#3728=CARTESIAN_POINT('',(-0.00332713597882391,0.00102636833564248,0.0081550002));
#3729=CARTESIAN_POINT('',(-0.00353322568220246,0.0010898227045623,0.0081550002));
#3730=CARTESIAN_POINT('',(-0.00353769831095501,0.00109152534893872,0.0081550002));
#3731=CARTESIAN_POINT('',(-0.00354168764305177,0.00109295406332378,0.0081550002));
#3732=CARTESIAN_POINT('',(-0.00354633583448619,0.00109476555401076,0.0081550002));
#3733=CARTESIAN_POINT('',(-0.00355255491325283,0.00109731111897117,0.0081550002));
#3734=CARTESIAN_POINT('',(-0.00356000340510103,0.00110054402235586,0.0081550002));
#3735=CARTESIAN_POINT('',(-0.00356875533081477,0.00110454918560766,0.0081550002));
#3736=CARTESIAN_POINT('',(-0.00357875137106504,0.00110936892751399,0.0081550002));
#3737=CARTESIAN_POINT('',(-0.00358997115661011,0.00111505760021609,0.0081550002));
#3738=CARTESIAN_POINT('',(-0.00360238062464472,0.00112166482996108,0.0081550002));
#3739=CARTESIAN_POINT('',(-0.00361594779611892,0.00112924047598181,0.0081550002));
#3740=CARTESIAN_POINT('',(-0.00363063814170731,0.00113783311100872,0.0081550002));
#3741=CARTESIAN_POINT('',(-0.00364641596320546,0.00114749041150163,0.0081550002));
#3742=CARTESIAN_POINT('',(-0.00366324402551179,0.00115825899295095,0.0081550002));
#3743=CARTESIAN_POINT('',(-0.00368108369613653,0.00117018440663747,0.0081550002));
#3744=CARTESIAN_POINT('',(-0.00369989494078495,0.00118331109109234,0.0081550002));
#3745=CARTESIAN_POINT('',(-0.00371963636146169,0.00119768233746126,0.0081550002));
#3746=CARTESIAN_POINT('',(-0.00374026522384197,0.00121334025189529,0.0081550002));
#3747=CARTESIAN_POINT('',(-0.00376173748893835,0.00123032571976318,0.0081550002));
#3748=CARTESIAN_POINT('',(-0.00378400784476269,0.00124867837035427,0.0081550002));
#3749=CARTESIAN_POINT('',(-0.00380702973916122,0.001268436542445,0.0081550002));
#3750=CARTESIAN_POINT('',(-0.00383075541342585,0.0012896372507367,0.0081550002));
#3751=CARTESIAN_POINT('',(-0.00385513593688519,0.00131231615284362,0.0081550002));
#3752=CARTESIAN_POINT('',(-0.00388012124191213,0.00133650751827104,0.0081550002));
#3753=CARTESIAN_POINT('',(-0.00390566016131617,0.00136224419389331,0.0081550002));
#3754=CARTESIAN_POINT('',(-0.00393170046045808,0.00138955758718019,0.0081550002));
#3755=CARTESIAN_POINT('',(-0.0039581888934484,0.00141847758552074,0.0081550002));
#3756=CARTESIAN_POINT('',(-0.00398507117050893,0.00144903272546208,0.0081550002));
#3757=CARTESIAN_POINT('',(-0.00401229226979161,0.00148124940748253,0.0081550002));
#3758=CARTESIAN_POINT('',(-0.0040397954321899,0.0015151547742697,0.0081550002));
#3759=CARTESIAN_POINT('',(-0.00406752620350579,0.00155076556280402,0.0081550002));
#3760=CARTESIAN_POINT('',(-0.00409541716563404,0.00158813063383108,0.0081550002));
#3761=CARTESIAN_POINT('',(-0.00412069970582738,0.00162334268583759,0.0081550002));
#3762=CARTESIAN_POINT('',(-0.0041365469944797,0.00164646002890424,0.0081550002));
#3763=CARTESIAN_POINT('',(-0.00414317568453259,0.00165618366077228,0.0081550002));
#3764=CARTESIAN_POINT('',(-0.00325738705764241,0.000391531502966115,0.0081550002));
#3765=CARTESIAN_POINT('',(-0.00345695157181237,0.000415633988189172,0.0081550002));
#3766=CARTESIAN_POINT('',(-0.0036710331012037,0.00044148977181957,0.0081550002));
#3767=CARTESIAN_POINT('',(-0.00367581157874233,0.000441753510788049,0.0081550002));
#3768=CARTESIAN_POINT('',(-0.00368003712545125,0.000442070922796454,0.0081550002));
#3769=CARTESIAN_POINT('',(-0.0036850202592634,0.000442306633488218,0.0081550002));
#3770=CARTESIAN_POINT('',(-0.00369173704496811,0.000442510671402062,0.0081550002));
#3771=CARTESIAN_POINT('',(-0.0036998565211324,0.000442586841770295,0.0081550002));
#3772=CARTESIAN_POINT('',(-0.00370948084976982,0.000442487671959757,0.0081550002));
#3773=CARTESIAN_POINT('',(-0.00372057305257834,0.000442150374489663,0.0081550002));
#3774=CARTESIAN_POINT('',(-0.00373313662833718,0.000441517011291278,0.0081550002));
#3775=CARTESIAN_POINT('',(-0.00374716064393845,0.000440528391940887,0.0081550002));
#3776=CARTESIAN_POINT('',(-0.00376263616464337,0.000439125960711399,0.0081550002));
#3777=CARTESIAN_POINT('',(-0.00377955140265287,0.000437251299863629,0.0081550002));
#3778=CARTESIAN_POINT('',(-0.00379789313779766,0.000434846335016451,0.0081550002));
#3779=CARTESIAN_POINT('',(-0.00381764631434792,0.000431853335920113,0.0081550002));
#3780=CARTESIAN_POINT('',(-0.00383879416714314,0.000428214976159772,0.0081550002));
#3781=CARTESIAN_POINT('',(-0.00386131819781419,0.000423874375702492,0.0081550002));
#3782=CARTESIAN_POINT('',(-0.00388519819550575,0.000418775148037105,0.0081550002));
#3783=CARTESIAN_POINT('',(-0.00391041224658406,0.000412861445664774,0.0081550002));
#3784=CARTESIAN_POINT('',(-0.00393693674900981,0.000406078005672658,0.0081550002));
#3785=CARTESIAN_POINT('',(-0.00396474642690618,0.000398370194857564,0.0081550002));
#3786=CARTESIAN_POINT('',(-0.00399381434654978,0.000389684054537662,0.0081550002));
#3787=CARTESIAN_POINT('',(-0.00402411193342514,0.00037996634488407,0.0081550002));
#3788=CARTESIAN_POINT('',(-0.00405560899039798,0.000369164589148259,0.0081550002));
#3789=CARTESIAN_POINT('',(-0.00408827371707852,0.000357227116240748,0.0081550002));
#3790=CARTESIAN_POINT('',(-0.00412207272993973,0.000344103107477388,0.0081550002));
#3791=CARTESIAN_POINT('',(-0.00415697108483298,0.00032974262496502,0.0081550002));
#3792=CARTESIAN_POINT('',(-0.00419293229551415,0.000314096708160798,0.0081550002));
#3793=CARTESIAN_POINT('',(-0.00422991837266234,0.000297117205989589,0.0081550002));
#3794=CARTESIAN_POINT('',(-0.00426788978936011,0.000278757621012562,0.0081550002));
#3795=CARTESIAN_POINT('',(-0.00430680573350914,0.000258970071142292,0.0081550002));
#3796=CARTESIAN_POINT('',(-0.00434662326626744,0.000237717117868622,0.0081550002));
#3797=CARTESIAN_POINT('',(-0.00438730067158681,0.000214926703265548,0.0081550002));
#3798=CARTESIAN_POINT('',(-0.00442471945316572,0.000193042228628161,0.0081550002));
#3799=CARTESIAN_POINT('',(-0.00444859934224443,0.000178369157866021,0.0081550002));
#3800=CARTESIAN_POINT('',(-0.00445860990931556,0.000172182309282114,0.0081550002));
#3801=CARTESIAN_POINT('',(-0.00445860990931556,0.000172182309282114,0.0081550002));
#3802=CARTESIAN_POINT('',(9.54097911787244E-18,-3.21428963216209E-20,0.0081550002));
#3803=CARTESIAN_POINT('',(-0.00445860990931952,-0.000172182309279659,0.0081550002));
#3804=CARTESIAN_POINT('',(-0.00325738705764241,-0.000391531502966115,0.0081550002));
#3805=CARTESIAN_POINT('',(-0.00345695157181237,-0.000415633988189171,0.0081550002));
#3806=CARTESIAN_POINT('',(-0.0036710331012037,-0.00044148977181957,0.0081550002));
#3807=CARTESIAN_POINT('',(-0.00367581157874233,-0.000441753510788048,0.0081550002));
#3808=CARTESIAN_POINT('',(-0.00368003712545125,-0.000442070922796453,0.0081550002));
#3809=CARTESIAN_POINT('',(-0.0036850202592634,-0.000442306633488217,0.0081550002));
#3810=CARTESIAN_POINT('',(-0.00369173704496811,-0.000442510671402062,0.0081550002));
#3811=CARTESIAN_POINT('',(-0.0036998565211324,-0.000442586841770295,0.0081550002));
#3812=CARTESIAN_POINT('',(-0.00370948084976983,-0.000442487671959757,0.0081550002));
#3813=CARTESIAN_POINT('',(-0.00372057305257834,-0.000442150374489663,0.0081550002));
#3814=CARTESIAN_POINT('',(-0.00373313662833718,-0.000441517011291278,0.0081550002));
#3815=CARTESIAN_POINT('',(-0.00374716064393845,-0.000440528391940887,0.0081550002));
#3816=CARTESIAN_POINT('',(-0.00376263616464337,-0.000439125960711399,0.0081550002));
#3817=CARTESIAN_POINT('',(-0.00377955140265287,-0.000437251299863629,0.0081550002));
#3818=CARTESIAN_POINT('',(-0.00379789313779766,-0.00043484633501645,0.0081550002));
#3819=CARTESIAN_POINT('',(-0.00381764631434792,-0.000431853335920113,0.0081550002));
#3820=CARTESIAN_POINT('',(-0.00383879416714314,-0.000428214976159772,0.0081550002));
#3821=CARTESIAN_POINT('',(-0.00386131819781419,-0.000423874375702492,0.0081550002));
#3822=CARTESIAN_POINT('',(-0.00388519819550575,-0.000418775148037104,0.0081550002));
#3823=CARTESIAN_POINT('',(-0.00391041224658406,-0.000412861445664774,0.0081550002));
#3824=CARTESIAN_POINT('',(-0.00393693674900981,-0.000406078005672657,0.0081550002));
#3825=CARTESIAN_POINT('',(-0.00396474642690618,-0.000398370194857564,0.0081550002));
#3826=CARTESIAN_POINT('',(-0.00399381434654978,-0.000389684054537661,0.0081550002));
#3827=CARTESIAN_POINT('',(-0.00402411193342514,-0.000379966344884069,0.0081550002));
#3828=CARTESIAN_POINT('',(-0.00405560899039798,-0.000369164589148259,0.0081550002));
#3829=CARTESIAN_POINT('',(-0.00408827371707852,-0.000357227116240747,0.0081550002));
#3830=CARTESIAN_POINT('',(-0.00412207272993973,-0.000344103107477387,0.0081550002));
#3831=CARTESIAN_POINT('',(-0.00415697108483298,-0.00032974262496502,0.0081550002));
#3832=CARTESIAN_POINT('',(-0.00419293229551415,-0.000314096708160797,0.0081550002));
#3833=CARTESIAN_POINT('',(-0.00422991837266234,-0.000297117205989589,0.0081550002));
#3834=CARTESIAN_POINT('',(-0.00426788978936011,-0.000278757621012562,0.0081550002));
#3835=CARTESIAN_POINT('',(-0.00430680573350914,-0.000258970071142292,0.0081550002));
#3836=CARTESIAN_POINT('',(-0.00434662326626744,-0.000237717117868622,0.0081550002));
#3837=CARTESIAN_POINT('',(-0.00438730067158681,-0.000214926703265548,0.0081550002));
#3838=CARTESIAN_POINT('',(-0.00442471945316704,-0.000193042228627389,0.0081550002));
#3839=CARTESIAN_POINT('',(-0.00444859934224707,-0.000178369157864395,0.0081550002));
#3840=CARTESIAN_POINT('',(-0.00445860990931954,-0.00017218230927966,0.0081550002));
#3841=CARTESIAN_POINT('',(-0.00313502135946788,-0.000967216850965357,0.0081550002));
#3842=CARTESIAN_POINT('',(-0.00332713597882391,-0.00102636833564248,0.0081550002));
#3843=CARTESIAN_POINT('',(-0.00353322568220246,-0.0010898227045623,0.0081550002));
#3844=CARTESIAN_POINT('',(-0.00353769831095501,-0.00109152534893872,0.0081550002));
#3845=CARTESIAN_POINT('',(-0.00354168764305177,-0.00109295406332378,0.0081550002));
#3846=CARTESIAN_POINT('',(-0.00354633583448619,-0.00109476555401076,0.0081550002));
#3847=CARTESIAN_POINT('',(-0.00355255491325283,-0.00109731111897117,0.0081550002));
#3848=CARTESIAN_POINT('',(-0.00356000340510103,-0.00110054402235586,0.0081550002));
#3849=CARTESIAN_POINT('',(-0.00356875533081477,-0.00110454918560766,0.0081550002));
#3850=CARTESIAN_POINT('',(-0.00357875137106504,-0.00110936892751399,0.0081550002));
#3851=CARTESIAN_POINT('',(-0.00358997115661011,-0.00111505760021609,0.0081550002));
#3852=CARTESIAN_POINT('',(-0.00360238062464472,-0.00112166482996108,0.0081550002));
#3853=CARTESIAN_POINT('',(-0.00361594779611892,-0.00112924047598181,0.0081550002));
#3854=CARTESIAN_POINT('',(-0.00363063814170731,-0.00113783311100872,0.0081550002));
#3855=CARTESIAN_POINT('',(-0.00364641596320547,-0.00114749041150163,0.0081550002));
#3856=CARTESIAN_POINT('',(-0.00366324402551179,-0.00115825899295095,0.0081550002));
#3857=CARTESIAN_POINT('',(-0.00368108369613653,-0.00117018440663747,0.0081550002));
#3858=CARTESIAN_POINT('',(-0.00369989494078495,-0.00118331109109234,0.0081550002));
#3859=CARTESIAN_POINT('',(-0.00371963636146169,-0.00119768233746126,0.0081550002));
#3860=CARTESIAN_POINT('',(-0.00374026522384197,-0.00121334025189529,0.0081550002));
#3861=CARTESIAN_POINT('',(-0.00376173748893835,-0.00123032571976318,0.0081550002));
#3862=CARTESIAN_POINT('',(-0.00378400784476269,-0.00124867837035427,0.0081550002));
#3863=CARTESIAN_POINT('',(-0.00380702973916122,-0.001268436542445,0.0081550002));
#3864=CARTESIAN_POINT('',(-0.00383075541342585,-0.0012896372507367,0.0081550002));
#3865=CARTESIAN_POINT('',(-0.00385513593688519,-0.00131231615284362,0.0081550002));
#3866=CARTESIAN_POINT('',(-0.00388012124191213,-0.00133650751827104,0.0081550002));
#3867=CARTESIAN_POINT('',(-0.00390566016131617,-0.00136224419389331,0.0081550002));
#3868=CARTESIAN_POINT('',(-0.00393170046045808,-0.00138955758718019,0.0081550002));
#3869=CARTESIAN_POINT('',(-0.0039581888934484,-0.00141847758552074,0.0081550002));
#3870=CARTESIAN_POINT('',(-0.00398507117050893,-0.00144903272546208,0.0081550002));
#3871=CARTESIAN_POINT('',(-0.00401229226979161,-0.00148124940748253,0.0081550002));
#3872=CARTESIAN_POINT('',(-0.0040397954321899,-0.0015151547742697,0.0081550002));
#3873=CARTESIAN_POINT('',(-0.0040675262035058,-0.00155076556280402,0.0081550002));
#3874=CARTESIAN_POINT('',(-0.00409541716563404,-0.00158813063383108,0.0081550002));
#3875=CARTESIAN_POINT('',(-0.00412069970582649,-0.00162334268583635,0.0081550002));
#3876=CARTESIAN_POINT('',(-0.00413654699447794,-0.00164646002890168,0.0081550002));
#3877=CARTESIAN_POINT('',(-0.00414317568452996,-0.00165618366076842,0.0081550002));
#3878=CARTESIAN_POINT('',(-0.00414317568452996,-0.00165618366076842,0.0081550002));
#3879=CARTESIAN_POINT('',(9.54097911787244E-18,-3.21428963216209E-20,0.0081550002));
#3880=CARTESIAN_POINT('',(-0.00400310997558568,-0.00197077639382997,0.0081550002));
#3881=CARTESIAN_POINT('',(-0.00281652094111816,-0.0016825805030827,0.0081550002));
#3882=CARTESIAN_POINT('',(-0.00298902883261537,-0.00178576941954667,0.0081550002));
#3883=CARTESIAN_POINT('',(-0.00317408554671807,-0.00189646465584518,0.0081550002));
#3884=CARTESIAN_POINT('',(-0.00317834363086524,-0.0018986491752949,0.0081550002));
#3885=CARTESIAN_POINT('',(-0.00318207475677247,-0.00190065783027693,0.0081550002));
#3886=CARTESIAN_POINT('',(-0.00318653120385588,-0.00190289998582746,0.0081550002));
#3887=CARTESIAN_POINT('',(-0.00319258430323025,-0.00190581834660663,0.0081550002));
#3888=CARTESIAN_POINT('',(-0.00319997083251868,-0.00190919042017913,0.0081550002));
#3889=CARTESIAN_POINT('',(-0.0032088034302241,-0.00191301439117103,0.0081550002));
#3890=CARTESIAN_POINT('',(-0.00321907385295577,-0.00191721785993401,0.0081550002));
#3891=CARTESIAN_POINT('',(-0.00323080886254316,-0.00192174932049026,0.0081550002));
#3892=CARTESIAN_POINT('',(-0.00324402254600948,-0.00192655025280148,0.0081550002));
#3893=CARTESIAN_POINT('',(-0.00325873055782453,-0.00193156352946349,0.0081550002));
#3894=CARTESIAN_POINT('',(-0.00327494588993319,-0.0019367309886862,0.0081550002));
#3895=CARTESIAN_POINT('',(-0.00329268008608865,-0.00194199419975525,0.0081550002));
#3896=CARTESIAN_POINT('',(-0.00331194287320533,-0.0019472942997462,0.0081550002));
#3897=CARTESIAN_POINT('',(-0.00333274225230051,-0.00195257209936805,0.0081550002));
#3898=CARTESIAN_POINT('',(-0.00335508445946678,-0.00195776811216055,0.0081550002));
#3899=CARTESIAN_POINT('',(-0.00337897396562933,-0.00196282260598707,0.0081550002));
#3900=CARTESIAN_POINT('',(-0.00340441346691175,-0.00196767564854091,0.0081550002));
#3901=CARTESIAN_POINT('',(-0.00343140387922993,-0.00197226715482483,0.0081550002));
#3902=CARTESIAN_POINT('',(-0.00345994433324706,-0.00197653693429892,0.0081550002));
#3903=CARTESIAN_POINT('',(-0.00349003217075559,-0.00198042473832226,0.0081550002));
#3904=CARTESIAN_POINT('',(-0.00352166294222599,-0.00198387030758851,0.0081550002));
#3905=CARTESIAN_POINT('',(-0.00355483040541994,-0.00198681341992139,0.0081550002));
#3906=CARTESIAN_POINT('',(-0.00358952652576131,-0.00198919393704804,0.0081550002));
#3907=CARTESIAN_POINT('',(-0.00362574147570156,-0.00199095185548665,0.0081550002));
#3908=CARTESIAN_POINT('',(-0.00366346364374353,-0.00199202734163607,0.0081550002));
#3909=CARTESIAN_POINT('',(-0.00370267961209143,-0.00199236082752232,0.0081550002));
#3910=CARTESIAN_POINT('',(-0.00374337426058039,-0.00199189287330058,0.0081550002));
#3911=CARTESIAN_POINT('',(-0.00378553039178672,-0.0019905649244011,0.0081550002));
#3912=CARTESIAN_POINT('',(-0.00382913019740287,-0.00198831663858454,0.0081550002));
#3913=CARTESIAN_POINT('',(-0.00387414967845872,-0.00198509634926956,0.0081550002));
#3914=CARTESIAN_POINT('',(-0.00392058003404689,-0.00198082126081976,0.0081550002));
#3915=CARTESIAN_POINT('',(-0.00396366500973983,-0.00197604838802911,0.0081550002));
#3916=CARTESIAN_POINT('',(-0.00399144844948366,-0.00197235669680534,0.0081550002));
#3917=CARTESIAN_POINT('',(-0.0040031099755857,-0.00197077639382997,0.0081550002));
#3918=CARTESIAN_POINT('',(-0.00247058198746641,-0.00215872462447568,0.0081550002));
#3919=CARTESIAN_POINT('',(-0.00262202834901534,-0.00229090224997794,0.0081550002));
#3920=CARTESIAN_POINT('',(-0.00278449144440078,-0.0024326949345969,0.0081550002));
#3921=CARTESIAN_POINT('',(-0.00278788486622338,-0.00243606955963749,0.0081550002));
#3922=CARTESIAN_POINT('',(-0.0027909481919465,-0.00243899736271938,0.0081550002));
#3923=CARTESIAN_POINT('',(-0.00279445772647669,-0.00244254283158845,0.0081550002));
#3924=CARTESIAN_POINT('',(-0.00279910376308794,-0.00244739784811573,0.0081550002));
#3925=CARTESIAN_POINT('',(-0.00280459335871207,-0.00245338082688813,0.0081550002));
#3926=CARTESIAN_POINT('',(-0.00281095959403749,-0.00246059945446918,0.0081550002));
#3927=CARTESIAN_POINT('',(-0.00281813106555905,-0.00246906826365016,0.0081550002));
#3928=CARTESIAN_POINT('',(-0.00282606705804108,-0.00247882862266581,0.0081550002));
#3929=CARTESIAN_POINT('',(-0.00283471626874933,-0.0024899120127577,0.0081550002));
#3930=CARTESIAN_POINT('',(-0.00284402920379105,-0.0025023509755501,0.0081550002));
#3931=CARTESIAN_POINT('',(-0.00285395456274851,-0.00251617584009836,0.0081550002));
#3932=CARTESIAN_POINT('',(-0.00286444034192598,-0.00253141564124795,0.0081550002));
#3933=CARTESIAN_POINT('',(-0.00287543356513747,-0.00254809781948818,0.0081550002));
#3934=CARTESIAN_POINT('',(-0.0028868804124724,-0.00256624827473549,0.0081550002));
#3935=CARTESIAN_POINT('',(-0.00289872623600367,-0.00258589132019352,0.0081550002));
#3936=CARTESIAN_POINT('',(-0.0029109156086854,-0.00260704966621012,0.0081550002));
#3937=CARTESIAN_POINT('',(-0.00292339236465479,-0.00262974439705251,0.0081550002));
#3938=CARTESIAN_POINT('',(-0.00293609964271722,-0.00265399495109369,0.0081550002));
#3939=CARTESIAN_POINT('',(-0.00294897992962767,-0.00267981910144498,0.0081550002));
#3940=CARTESIAN_POINT('',(-0.00296197510409228,-0.00270723293785469,0.0081550002));
#3941=CARTESIAN_POINT('',(-0.00297502648112483,-0.00273625084971849,0.0081550002));
#3942=CARTESIAN_POINT('',(-0.00298807485707445,-0.00276688550999086,0.0081550002));
#3943=CARTESIAN_POINT('',(-0.00300106055422426,-0.00279914786108414,0.0081550002));
#3944=CARTESIAN_POINT('',(-0.00301392346899239,-0.00283304709853987,0.0081550002));
#3945=CARTESIAN_POINT('',(-0.00302660310809262,-0.00286859066876758,0.0081550002));
#3946=CARTESIAN_POINT('',(-0.0030390386726882,-0.00290578421820144,0.0081550002));
#3947=CARTESIAN_POINT('',(-0.00305116895973948,-0.00294463173463231,0.0081550002));
#3948=CARTESIAN_POINT('',(-0.00306293296624518,-0.00298513495669548,0.0081550002));
#3949=CARTESIAN_POINT('',(-0.00307426780025568,-0.00302729559446145,0.0081550002));
#3950=CARTESIAN_POINT('',(-0.00308511690784251,-0.00307110678940499,0.0081550002));
#3951=CARTESIAN_POINT('',(-0.00309539882604622,-0.00311658575662445,0.0081550002));
#3952=CARTESIAN_POINT('',(-0.00310417354396825,-0.00315903690231444,0.0081550002));
#3953=CARTESIAN_POINT('',(-0.00310924809201652,-0.00318660131905248,0.0081550002));
#3954=CARTESIAN_POINT('',(-0.00311134874431968,-0.00319818042991589,0.0081550002));
#3955=CARTESIAN_POINT('',(-0.00311134874431968,-0.00319818042991589,0.0081550002));
#3956=CARTESIAN_POINT('',(9.54097911787244E-18,-3.21428963216209E-20,0.0081550002));
#3957=CARTESIAN_POINT('',(-0.00285543595996066,-0.0034286053359456,0.0081550002));
#3958=CARTESIAN_POINT('',(-0.00188865276658511,-0.0026826960484523,0.0081550002));
#3959=CARTESIAN_POINT('',(-0.0020042758537847,-0.00284712909505867,0.0081550002));
#3960=CARTESIAN_POINT('',(-0.00212830976554296,-0.00302352357203462,0.0081550002));
#3961=CARTESIAN_POINT('',(-0.00213131119486615,-0.00302725114870701,0.0081550002));
#3962=CARTESIAN_POINT('',(-0.0021339027544061,-0.00303060373196821,0.0081550002));
#3963=CARTESIAN_POINT('',(-0.0021370619545745,-0.00303446464331348,0.0081550002));
#3964=CARTESIAN_POINT('',(-0.002141404731746,-0.00303959271586678,0.0081550002));
#3965=CARTESIAN_POINT('',(-0.00214678111614012,-0.00304567763048855,0.0081550002));
#3966=CARTESIAN_POINT('',(-0.00215329474652862,-0.00305276354295868,0.0081550002));
#3967=CARTESIAN_POINT('',(-0.00216096753978928,-0.00306078096001829,0.0081550002));
#3968=CARTESIAN_POINT('',(-0.00216984489343836,-0.00306969371363198,0.0081550002));
#3969=CARTESIAN_POINT('',(-0.00217996347885584,-0.0030794540727931,0.0081550002));
#3970=CARTESIAN_POINT('',(-0.00219136083292012,-0.00309001621626757,0.0081550002));
#3971=CARTESIAN_POINT('',(-0.00220407248089466,-0.00310133229491626,0.0081550002));
#3972=CARTESIAN_POINT('',(-0.00221813273443541,-0.00311335362489292,0.0081550002));
#3973=CARTESIAN_POINT('',(-0.0022335744212291,-0.00312603038853282,0.0081550002));
#3974=CARTESIAN_POINT('',(-0.00225042892502227,-0.00313931176803496,0.0081550002));
#3975=CARTESIAN_POINT('',(-0.00226872613809213,-0.0031531459562611,0.0081550002));
#3976=CARTESIAN_POINT('',(-0.0022884944400808,-0.0031674802036783,0.0081550002));
#3977=CARTESIAN_POINT('',(-0.002309760670685,-0.00318226085601224,0.0081550002));
#3978=CARTESIAN_POINT('',(-0.00233255010540559,-0.00319743339542318,0.0081550002));
#3979=CARTESIAN_POINT('',(-0.00235688643176203,-0.00321294248152566,0.0081550002));
#3980=CARTESIAN_POINT('',(-0.00238279172669085,-0.00322873199325701,0.0081550002));
#3981=CARTESIAN_POINT('',(-0.00241028643501253,-0.00324474507121496,0.0081550002));
#3982=CARTESIAN_POINT('',(-0.00243938934872441,-0.00326092416075685,0.0081550002));
#3983=CARTESIAN_POINT('',(-0.00247011758831521,-0.00327721105488014,0.0081550002));
#3984=CARTESIAN_POINT('',(-0.00250248658148737,-0.0032935469404525,0.0081550002));
#3985=CARTESIAN_POINT('',(-0.00253651005712844,-0.00330987243393799,0.0081550002));
#3986=CARTESIAN_POINT('',(-0.00257219998594984,-0.00332612765977535,0.0081550002));
#3987=CARTESIAN_POINT('',(-0.00260956673135655,-0.00334225216703924,0.0081550002));
#3988=CARTESIAN_POINT('',(-0.00264861839900944,-0.00335818546864606,0.0081550002));
#3989=CARTESIAN_POINT('',(-0.00268936326360987,-0.00337386519592592,0.0081550002));
#3990=CARTESIAN_POINT('',(-0.00273180041569958,-0.0033892343878476,0.0081550002));
#3991=CARTESIAN_POINT('',(-0.0027759554912688,-0.00340421382718202,0.0081550002));
#3992=CARTESIAN_POINT('',(-0.00281725687736243,-0.00341737782930456,0.0081550002));
#3993=CARTESIAN_POINT('',(-0.00284413985863372,-0.00342530584457057,0.0081550002));
#3994=CARTESIAN_POINT('',(-0.00285543595996067,-0.00342860533594561,0.0081550002));
#3995=CARTESIAN_POINT('',(-0.00137895654529927,-0.00297696929901662,0.0081550002));
#3996=CARTESIAN_POINT('',(-0.00146354819728226,-0.00315931835309863,0.0081550002));
#3997=CARTESIAN_POINT('',(-0.00155429333955157,-0.00335493211010002,0.0081550002));
#3998=CARTESIAN_POINT('',(-0.00155602080098281,-0.00335939521247776,0.0081550002));
#3999=CARTESIAN_POINT('',(-0.00155762844348534,-0.00336331586050537,0.0081550002));
#4000=CARTESIAN_POINT('',(-0.00155939249070791,-0.00336798226377948,0.0081550002));
#4001=CARTESIAN_POINT('',(-0.00156166214322577,-0.00337430725540963,0.0081550002));
#4002=CARTESIAN_POINT('',(-0.00156424364167101,-0.00338200579818633,0.0081550002));
#4003=CARTESIAN_POINT('',(-0.0015671234066849,-0.0033911897238087,0.0081550002));
#4004=CARTESIAN_POINT('',(-0.00157023029690092,-0.00340184326622023,0.0081550002));
#4005=CARTESIAN_POINT('',(-0.00157351029112351,-0.00341398765680555,0.0081550002));
#4006=CARTESIAN_POINT('',(-0.00157690371739836,-0.00342763078840801,0.0081550002));
#4007=CARTESIAN_POINT('',(-0.00158035212493352,-0.00344278225830083,0.0081550002));
#4008=CARTESIAN_POINT('',(-0.00158379631252723,-0.0034594489076951,0.0081550002));
#4009=CARTESIAN_POINT('',(-0.00158717696290393,-0.00347763610943337,0.0081550002));
#4010=CARTESIAN_POINT('',(-0.00159043451885702,-0.00349734738429394,0.0081550002));
#4011=CARTESIAN_POINT('',(-0.00159350927900658,-0.00351858450249808,0.0081550002));
#4012=CARTESIAN_POINT('',(-0.00159634143091622,-0.0035413474479481,0.0081550002));
#4013=CARTESIAN_POINT('',(-0.00159887110232931,-0.00356563442336856,0.0081550002));
#4014=CARTESIAN_POINT('',(-0.00160103840743291,-0.00359144184548151,0.0081550002));
#4015=CARTESIAN_POINT('',(-0.00160278349464241,-0.00361876434459291,0.0081550002));
#4016=CARTESIAN_POINT('',(-0.00160404659401841,-0.00364759476450361,0.0081550002));
#4017=CARTESIAN_POINT('',(-0.00160476806482672,-0.00367792416387017,0.0081550002));
#4018=CARTESIAN_POINT('',(-0.00160488844297024,-0.00370974181872536,0.0081550002));
#4019=CARTESIAN_POINT('',(-0.00160434848866767,-0.00374303522609494,0.0081550002));
#4020=CARTESIAN_POINT('',(-0.00160308923293179,-0.0037777901092558,0.0081550002));
#4021=CARTESIAN_POINT('',(-0.00160105202824468,-0.00381399042242398,0.0081550002));
#4022=CARTESIAN_POINT('',(-0.0015981785825119,-0.00385161836339695,0.0081550002));
#4023=CARTESIAN_POINT('',(-0.00159441105662062,-0.00389065436133422,0.0081550002));
#4024=CARTESIAN_POINT('',(-0.00158969191683129,-0.00393107716574512,0.0081550002));
#4025=CARTESIAN_POINT('',(-0.00158396472696252,-0.00397286355279607,0.0081550002));
#4026=CARTESIAN_POINT('',(-0.00157717133681108,-0.00401598950425374,0.0081550002));
#4027=CARTESIAN_POINT('',(-0.00156926287140604,-0.00406042575198853,0.0081550002));
#4028=CARTESIAN_POINT('',(-0.00156015790861947,-0.00410615488880471,0.0081550002));
#4029=CARTESIAN_POINT('',(-0.00155090757582658,-0.00414850493943307,0.0081550002));
#4030=CARTESIAN_POINT('',(-0.0015443319478133,-0.00417575029177495,0.0081550002));
#4031=CARTESIAN_POINT('',(-0.00154154134050055,-0.00418718274817381,0.0081550002));
#4032=CARTESIAN_POINT('',(-0.00154154134050055,-0.00418718274817381,0.0081550002));
#4033=CARTESIAN_POINT('',(9.54097911787244E-18,-3.21428963216209E-20,0.0081550002));
#4034=CARTESIAN_POINT('',(-0.00121403112603711,-0.00429359726757461,0.0081550002));
#4035=CARTESIAN_POINT('',(-0.000634219370837752,-0.00321894907551601,0.0081550002));
#4036=CARTESIAN_POINT('',(-0.000672965371560154,-0.00341619428467922,0.0081550002));
#4037=CARTESIAN_POINT('',(-0.000714529890818247,-0.00362778779476995,0.0081550002));
#4038=CARTESIAN_POINT('',(-0.000715755690920348,-0.00363241389679437,0.0081550002));
#4039=CARTESIAN_POINT('',(-0.000716759579904986,-0.00363653071623161,0.0081550002));
#4040=CARTESIAN_POINT('',(-0.000718075278748824,-0.00364134279672474,0.0081550002));
#4041=CARTESIAN_POINT('',(-0.000719956828091622,-0.00364779389072065,0.0081550002));
#4042=CARTESIAN_POINT('',(-0.000722393441886752,-0.00365553950937384,0.0081550002));
#4043=CARTESIAN_POINT('',(-0.000725461839089698,-0.00366466214468264,0.0081550002));
#4044=CARTESIAN_POINT('',(-0.000729210307219446,-0.00367510722579333,0.0081550002));
#4045=CARTESIAN_POINT('',(-0.000733695029836048,-0.00368686017639483,0.0081550002));
#4046=CARTESIAN_POINT('',(-0.000738968921861548,-0.00369989230763681,0.0081550002));
#4047=CARTESIAN_POINT('',(-0.000745084912115629,-0.00371417702736293,0.0081550002));
#4048=CARTESIAN_POINT('',(-0.000752094916539576,-0.0037296850726359,0.0081550002));
#4049=CARTESIAN_POINT('',(-0.00076005008189501,-0.00374638592435686,0.0081550002));
#4050=CARTESIAN_POINT('',(-0.000769000660435768,-0.0037642474240476,0.0081550002));
#4051=CARTESIAN_POINT('',(-0.000778995992102727,-0.00378323591225654,0.0081550002));
#4052=CARTESIAN_POINT('',(-0.000790084456711434,-0.00380331621909238,0.0081550002));
#4053=CARTESIAN_POINT('',(-0.000802313435523,-0.00382445169849926,0.0081550002));
#4054=CARTESIAN_POINT('',(-0.00081572927097987,-0.00384660425154676,0.0081550002));
#4055=CARTESIAN_POINT('',(-0.000830377227804169,-0.00386973435418237,0.0081550002));
#4056=CARTESIAN_POINT('',(-0.000846301454584305,-0.0038938010850305,0.0081550002));
#4057=CARTESIAN_POINT('',(-0.000863544946098,-0.00391876215444831,0.0081550002));
#4058=CARTESIAN_POINT('',(-0.000882149506420549,-0.00394457393444477,0.0081550002));
#4059=CARTESIAN_POINT('',(-0.000902155712477922,-0.00397119148963146,0.0081550002));
#4060=CARTESIAN_POINT('',(-0.000923602879535611,-0.00399856860879568,0.0081550002));
#4061=CARTESIAN_POINT('',(-0.000946529022957128,-0.00402665783847947,0.0081550002));
#4062=CARTESIAN_POINT('',(-0.000970970838165401,-0.00405541051316494,0.0081550002));
#4063=CARTESIAN_POINT('',(-0.000996963614534248,-0.00408477680273204,0.0081550002));
#4064=CARTESIAN_POINT('',(-0.00102454140711167,-0.00411470569768909,0.0081550002));
#4065=CARTESIAN_POINT('',(-0.00105373622310066,-0.00414514523720489,0.0081550002));
#4066=CARTESIAN_POINT('',(-0.00108458098944049,-0.00417604181028865,0.0081550002));
#4067=CARTESIAN_POINT('',(-0.00111709804343832,-0.004207343010539,0.0081550002));
#4068=CARTESIAN_POINT('',(-0.00115134302528641,-0.00423898689651277,0.0081550002));
#4069=CARTESIAN_POINT('',(-0.00118371943691382,-0.00426781159799032,0.0081550002));
#4070=CARTESIAN_POINT('',(-0.00120505364802655,-0.00428598849388286,0.0081550002));
#4071=CARTESIAN_POINT('',(-0.00121403112603711,-0.00429359726757462,0.0081550002));
#4072=CARTESIAN_POINT('',(0.,-4.40927956799008E-19,0.0243078));
#4073=CARTESIAN_POINT('',(9.54097911787244E-18,-3.21428963216209E-20,0.));
#4074=CARTESIAN_POINT('',(0.00432537987035763,0.00109541683765415,0.));
#4075=CARTESIAN_POINT('',(0.00439697730045674,0.00075857741222951,0.));
#4076=CARTESIAN_POINT('',(0.00374430950632522,0.00121659990467466,0.));
#4077=CARTESIAN_POINT('',(0.00374430950632522,0.00121659990467466,0.0081550002));
#4078=CARTESIAN_POINT('',(0.00390989041793142,0.00121081758463783,0.));
#4079=CARTESIAN_POINT('',(0.00390989041793142,0.00121081758463783,0.0081550002));
#4080=CARTESIAN_POINT('',(0.00411325545138789,0.00117144098993472,0.));
#4081=CARTESIAN_POINT('',(0.00411325545138789,0.00117144098993472,0.0081550002));
#4082=CARTESIAN_POINT('',(0.00432537987035763,0.00109541683765415,0.));
#4083=CARTESIAN_POINT('',(0.00432537987035763,0.00109541683765415,0.0081550002));
#4084=CARTESIAN_POINT('',(0.00391543270270512,0.000411528562555571,0.));
#4085=CARTESIAN_POINT('',(0.00391543270270512,0.000411528562555571,0.0081550002));
#4086=CARTESIAN_POINT('',(0.00406434651093332,0.000484158798903496,0.));
#4087=CARTESIAN_POINT('',(0.00406434651093332,0.000484158798903496,0.0081550002));
#4088=CARTESIAN_POINT('',(0.00423411380954424,0.000602847119157569,0.));
#4089=CARTESIAN_POINT('',(0.00423411380954424,0.000602847119157569,0.0081550002));
#4090=CARTESIAN_POINT('',(0.00439697730045674,0.00075857741222951,0.));
#4091=CARTESIAN_POINT('',(0.00439697730045674,0.00075857741222951,0.0081550002));
#4092=CARTESIAN_POINT('',(9.54097911787244E-18,-3.21428963216209E-20,0.));
#4093=CARTESIAN_POINT('',(-0.00311134874432052,0.00319818042992048,0.));
#4094=CARTESIAN_POINT('',(-0.00285543595995619,0.0034286053359443,0.));
#4095=CARTESIAN_POINT('',(-0.00292576117685258,0.00263436719977186,0.));
#4096=CARTESIAN_POINT('',(-0.00292576117685258,0.00263436719977186,0.0081550002));
#4097=CARTESIAN_POINT('',(-0.00300354399661099,0.00278065563562305,0.));
#4098=CARTESIAN_POINT('',(-0.00300354399661099,0.00278065563562305,0.0081550002));
#4099=CARTESIAN_POINT('',(-0.00307112538201184,0.00297646321818936,0.));
#4100=CARTESIAN_POINT('',(-0.00307112538201184,0.00297646321818936,0.0081550002));
#4101=CARTESIAN_POINT('',(-0.00311134874432052,0.00319818042992048,0.));
#4102=CARTESIAN_POINT('',(-0.00311134874432052,0.00319818042992048,0.0081550002));
#4103=CARTESIAN_POINT('',(-0.00231411054090857,0.0031850999060732,0.));
#4104=CARTESIAN_POINT('',(-0.00231411054090857,0.0031850999060732,0.0081550002));
#4105=CARTESIAN_POINT('',(-0.00245146707478284,0.00327774792879914,0.));
#4106=CARTESIAN_POINT('',(-0.00245146707478284,0.00327774792879914,0.0081550002));
#4107=CARTESIAN_POINT('',(-0.00263913782456083,0.00336542656200107,0.));
#4108=CARTESIAN_POINT('',(-0.00263913782456083,0.00336542656200107,0.0081550002));
#4109=CARTESIAN_POINT('',(-0.00285543595995619,0.0034286053359443,0.));
#4110=CARTESIAN_POINT('',(-0.00285543595995619,0.0034286053359443,0.0081550002));
#4111=CARTESIAN_POINT('',(9.54097911787244E-18,-3.21428963216209E-20,0.));
#4112=CARTESIAN_POINT('',(-0.00414317568453259,0.00165618366077228,0.));
#4113=CARTESIAN_POINT('',(-0.00400310997558107,0.0019707763938306,0.));
#4114=CARTESIAN_POINT('',(-0.00374430950472495,0.00121659990959972,0.));
#4115=CARTESIAN_POINT('',(-0.00374430950472495,0.00121659990959972,0.0081550002));
#4116=CARTESIAN_POINT('',(-0.00387486851371678,0.00131860392267971,0.));
#4117=CARTESIAN_POINT('',(-0.00387486851371678,0.00131860392267971,0.0081550002));
#4118=CARTESIAN_POINT('',(-0.00401624930019275,0.00146999522447277,0.));
#4119=CARTESIAN_POINT('',(-0.00401624930019275,0.00146999522447277,0.0081550002));
#4120=CARTESIAN_POINT('',(-0.00414317568453259,0.00165618366077228,0.));
#4121=CARTESIAN_POINT('',(-0.00414317568453259,0.00165618366077228,0.0081550002));
#4122=CARTESIAN_POINT('',(-0.00340954201678714,0.00196849999821557,0.));
#4123=CARTESIAN_POINT('',(-0.00340954201678714,0.00196849999821557,0.0081550002));
#4124=CARTESIAN_POINT('',(-0.00357270680013667,0.00199727024304389,0.));
#4125=CARTESIAN_POINT('',(-0.00357270680013667,0.00199727024304389,0.0081550002));
#4126=CARTESIAN_POINT('',(-0.00377981467406679,0.00200103608936951,0.));
#4127=CARTESIAN_POINT('',(-0.00377981467406679,0.00200103608936951,0.0081550002));
#4128=CARTESIAN_POINT('',(-0.00400310997558107,0.0019707763938306,0.));
#4129=CARTESIAN_POINT('',(-0.00400310997558107,0.0019707763938306,0.0081550002));
#4130=CARTESIAN_POINT('',(9.54097911787244E-18,-3.21428963216209E-20,0.));
#4131=CARTESIAN_POINT('',(-0.00121403112603355,0.00429359726757161,0.));
#4132=CARTESIAN_POINT('',(-0.00154154134049945,0.00418718274817835,0.));
#4133=CARTESIAN_POINT('',(-0.000818548329472623,0.00385096710444653,0.));
#4134=CARTESIAN_POINT('',(-0.000818548329472623,0.00385096710444653,0.0081550002));
#4135=CARTESIAN_POINT('',(-0.000906346421319833,0.0039914732202599,0.));
#4136=CARTESIAN_POINT('',(-0.000906346421319833,0.0039914732202599,0.0081550002));
#4137=CARTESIAN_POINT('',(-0.00104213006937389,0.00414790420812202,0.));
#4138=CARTESIAN_POINT('',(-0.00104213006937389,0.00414790420812202,0.0081550002));
#4139=CARTESIAN_POINT('',(-0.00121403112603355,0.00429359726757161,0.));
#4140=CARTESIAN_POINT('',(-0.00121403112603355,0.00429359726757161,0.0081550002));
#4141=CARTESIAN_POINT('',(-0.00160132216179654,0.00359662846862877,0.));
#4142=CARTESIAN_POINT('',(-0.00160132216179654,0.00359662846862877,0.0081550002));
#4143=CARTESIAN_POINT('',(-0.00161287943615054,0.00376190672770377,0.));
#4144=CARTESIAN_POINT('',(-0.00161287943615054,0.00376190672770377,0.0081550002));
#4145=CARTESIAN_POINT('',(-0.00159497598498288,0.0039682736811616,0.));
#4146=CARTESIAN_POINT('',(-0.00159497598498288,0.0039682736811616,0.0081550002));
#4147=CARTESIAN_POINT('',(-0.00154154134049945,0.00418718274817835,0.));
#4148=CARTESIAN_POINT('',(-0.00154154134049945,0.00418718274817835,0.0081550002));
#4149=CARTESIAN_POINT('',(9.54097911787244E-18,-3.21428963216209E-20,0.));
#4150=CARTESIAN_POINT('',(0.00063729071870682,0.00441618722552915,0.));
#4151=CARTESIAN_POINT('',(0.000294812565557409,0.0044521831299151,0.));
#4152=CARTESIAN_POINT('',(0.00081854832440726,0.00385096710552321,0.));
#4153=CARTESIAN_POINT('',(0.00081854832440726,0.00385096710552321,0.0081550002));
#4154=CARTESIAN_POINT('',(0.000795489762288111,0.00401503653054192,0.));
#4155=CARTESIAN_POINT('',(0.000795489762288111,0.00401503653054192,0.0081550002));
#4156=CARTESIAN_POINT('',(0.000735071442262258,0.00421317153413202,0.));
#4157=CARTESIAN_POINT('',(0.000735071442262258,0.00421317153413202,0.0081550002));
#4158=CARTESIAN_POINT('',(0.00063729071870682,0.00441618722552915,0.));
#4159=CARTESIAN_POINT('',(0.00063729071870682,0.00441618722552915,0.0081550002));
#4160=CARTESIAN_POINT('',(2.58926248097325E-12,0.00393700000091589,0.));
#4161=CARTESIAN_POINT('',(2.58926248097325E-12,0.00393700000091589,0.0081550002));
#4162=CARTESIAN_POINT('',(5.66666313700095E-5,0.00409268997071479,0.));
#4163=CARTESIAN_POINT('',(5.66666313700095E-5,0.00409268997071479,0.0081550002));
#4164=CARTESIAN_POINT('',(0.000156959249751578,0.00427393357402625,0.));
#4165=CARTESIAN_POINT('',(0.000156959249751578,0.00427393357402625,0.0081550002));
#4166=CARTESIAN_POINT('',(0.000294812565557409,0.0044521831299151,0.));
#4167=CARTESIAN_POINT('',(0.000294812565557409,0.0044521831299151,0.0081550002));
#4168=CARTESIAN_POINT('',(9.54097911787244E-18,-3.21428963216209E-20,0.));
#4169=CARTESIAN_POINT('',(0.0035058849658278,0.00276000356476107,0.));
#4170=CARTESIAN_POINT('',(0.00370829741002652,0.00248140673608082,0.));
#4171=CARTESIAN_POINT('',(0.0029257611803177,0.00263436719592348,0.));
#4172=CARTESIAN_POINT('',(0.0029257611803177,0.00263436719592348,0.0081550002));
#4173=CARTESIAN_POINT('',(0.00307937875142885,0.00269643260786335,0.));
#4174=CARTESIAN_POINT('',(0.00307937875142885,0.00269643260786335,0.0081550002));
#4175=CARTESIAN_POINT('',(0.00328117785793156,0.00274317630966197,0.));
#4176=CARTESIAN_POINT('',(0.00328117785793156,0.00274317630966197,0.0081550002));
#4177=CARTESIAN_POINT('',(0.0035058849658278,0.00276000356476107,0.));
#4178=CARTESIAN_POINT('',(0.0035058849658278,0.00276000356476107,0.0081550002));
#4179=CARTESIAN_POINT('',(0.00340954201419789,0.00196850000270032,0.));
#4180=CARTESIAN_POINT('',(0.00340954201419789,0.00196850000270032,0.0081550002));
#4181=CARTESIAN_POINT('',(0.00351604016876707,0.00209541972766983,0.));
#4182=CARTESIAN_POINT('',(0.00351604016876707,0.00209541972766983,0.0081550002));
#4183=CARTESIAN_POINT('',(0.00362285542431688,0.00227289748465426,0.));
#4184=CARTESIAN_POINT('',(0.00362285542431688,0.00227289748465426,0.0081550002));
#4185=CARTESIAN_POINT('',(0.00370829741002652,0.00248140673608082,0.));
#4186=CARTESIAN_POINT('',(0.00370829741002652,0.00248140673608082,0.0081550002));
#4187=CARTESIAN_POINT('',(9.54097911787244E-18,-3.21428963216209E-20,0.));
#4188=CARTESIAN_POINT('',(0.00237841920857836,0.00377517829239125,0.));
#4189=CARTESIAN_POINT('',(0.00208019070074131,0.00394736060167558,0.));
#4190=CARTESIAN_POINT('',(0.00231411053671906,0.00318509990911708,0.));
#4191=CARTESIAN_POINT('',(0.00231411053671906,0.00318509990911708,0.0081550002));
#4192=CARTESIAN_POINT('',(0.00235977853919883,0.00334436354923145,0.));
#4193=CARTESIAN_POINT('',(0.00235977853919883,0.00334436354923145,0.0081550002));
#4194=CARTESIAN_POINT('',(0.00238517242361687,0.00354994322642872,0.));
#4195=CARTESIAN_POINT('',(0.00238517242361687,0.00354994322642872,0.0081550002));
#4196=CARTESIAN_POINT('',(0.00237841920857836,0.00377517829239125,0.));
#4197=CARTESIAN_POINT('',(0.00237841920857836,0.00377517829239125,0.0081550002));
#4198=CARTESIAN_POINT('',(0.00160132216652736,0.00359662846652248,0.));
#4199=CARTESIAN_POINT('',(0.00160132216652736,0.00359662846652248,0.0081550002));
#4200=CARTESIAN_POINT('',(0.00171641452352652,0.00371580993686809,0.));
#4201=CARTESIAN_POINT('',(0.00171641452352652,0.00371580993686809,0.0081550002));
#4202=CARTESIAN_POINT('',(0.00188175480427398,0.00384059152447423,0.));
#4203=CARTESIAN_POINT('',(0.00188175480427398,0.00384059152447423,0.0081550002));
#4204=CARTESIAN_POINT('',(0.00208019070074131,0.00394736060167558,0.));
#4205=CARTESIAN_POINT('',(0.00208019070074131,0.00394736060167558,0.0081550002));
#4206=CARTESIAN_POINT('',(9.54097911787244E-18,-3.21428963216209E-20,0.));
#4207=CARTESIAN_POINT('',(-0.00445860990931954,-0.00017218230927966,0.));
#4208=CARTESIAN_POINT('',(-0.00445860990931556,0.000172182309282114,0.));
#4209=CARTESIAN_POINT('',(-0.0039154327032464,-0.000411528557405414,0.));
#4210=CARTESIAN_POINT('',(-0.0039154327032464,-0.000411528557405414,0.0081550002));
#4211=CARTESIAN_POINT('',(-0.00407619306272563,-0.000371446387635523,0.));
#4212=CARTESIAN_POINT('',(-0.00407619306272563,-0.000371446387635523,0.0081550002));
#4213=CARTESIAN_POINT('',(-0.0042669272278908,-0.000290648298042473,0.));
#4214=CARTESIAN_POINT('',(-0.0042669272278908,-0.000290648298042473,0.0081550002));
#4215=CARTESIAN_POINT('',(-0.00445860990931954,-0.00017218230927966,0.));
#4216=CARTESIAN_POINT('',(-0.00445860990931954,-0.00017218230927966,0.0081550002));
#4217=CARTESIAN_POINT('',(-0.0039154327032464,0.000411528557405414,0.));
#4218=CARTESIAN_POINT('',(-0.0039154327032464,0.000411528557405414,0.0081550002));
#4219=CARTESIAN_POINT('',(-0.00407619306272454,0.000371446387635801,0.));
#4220=CARTESIAN_POINT('',(-0.00407619306272454,0.000371446387635801,0.0081550002));
#4221=CARTESIAN_POINT('',(-0.00426692722788828,0.000290648298043915,0.));
#4222=CARTESIAN_POINT('',(-0.00426692722788828,0.000290648298043915,0.0081550002));
#4223=CARTESIAN_POINT('',(-0.00445860990931556,0.000172182309282114,0.));
#4224=CARTESIAN_POINT('',(-0.00445860990931556,0.000172182309282114,0.0081550002));
#4225=CARTESIAN_POINT('',(9.54097911787244E-18,-3.21428963216209E-20,0.));
#4226=CARTESIAN_POINT('',(-0.0040031099755857,-0.00197077639382997,0.));
#4227=CARTESIAN_POINT('',(-0.00414317568452996,-0.00165618366076842,0.));
#4228=CARTESIAN_POINT('',(-0.00340954201678714,-0.00196849999821558,0.));
#4229=CARTESIAN_POINT('',(-0.00340954201678714,-0.00196849999821558,0.0081550002));
#4230=CARTESIAN_POINT('',(-0.00357270680013778,-0.00199727024304409,0.));
#4231=CARTESIAN_POINT('',(-0.00357270680013778,-0.00199727024304409,0.0081550002));
#4232=CARTESIAN_POINT('',(-0.0037798146740697,-0.0020010360893693,0.));
#4233=CARTESIAN_POINT('',(-0.0037798146740697,-0.0020010360893693,0.0081550002));
#4234=CARTESIAN_POINT('',(-0.0040031099755857,-0.00197077639382997,0.));
#4235=CARTESIAN_POINT('',(-0.0040031099755857,-0.00197077639382997,0.0081550002));
#4236=CARTESIAN_POINT('',(-0.00374430950472495,-0.00121659990959972,0.));
#4237=CARTESIAN_POINT('',(-0.00374430950472495,-0.00121659990959972,0.0081550002));
#4238=CARTESIAN_POINT('',(-0.00387486851371589,-0.00131860392267901,0.));
#4239=CARTESIAN_POINT('',(-0.00387486851371589,-0.00131860392267901,0.0081550002));
#4240=CARTESIAN_POINT('',(-0.00401624930019098,-0.00146999522447047,0.));
#4241=CARTESIAN_POINT('',(-0.00401624930019098,-0.00146999522447047,0.0081550002));
#4242=CARTESIAN_POINT('',(-0.00414317568452996,-0.00165618366076842,0.));
#4243=CARTESIAN_POINT('',(-0.00414317568452996,-0.00165618366076842,0.0081550002));
#4244=CARTESIAN_POINT('',(9.54097911787244E-18,-3.21428963216209E-20,0.));
#4245=CARTESIAN_POINT('',(-0.00121403112603711,-0.00429359726757462,0.));
#4246=CARTESIAN_POINT('',(-0.00154154134050055,-0.00418718274817381,0.));
#4247=CARTESIAN_POINT('',(-0.000818548329472621,-0.00385096710444653,0.));
#4248=CARTESIAN_POINT('',(-0.000818548329472621,-0.00385096710444653,0.0081550002));
#4249=CARTESIAN_POINT('',(-0.000906346421320439,-0.00399147322026088,0.));
#4250=CARTESIAN_POINT('',(-0.000906346421320439,-0.00399147322026088,0.0081550002));
#4251=CARTESIAN_POINT('',(-0.00104213006937609,-0.00414790420812414,0.));
#4252=CARTESIAN_POINT('',(-0.00104213006937609,-0.00414790420812414,0.0081550002));
#4253=CARTESIAN_POINT('',(-0.00121403112603711,-0.00429359726757462,0.));
#4254=CARTESIAN_POINT('',(-0.00121403112603711,-0.00429359726757462,0.0081550002));
#4255=CARTESIAN_POINT('',(-0.00160132216179654,-0.00359662846862877,0.));
#4256=CARTESIAN_POINT('',(-0.00160132216179654,-0.00359662846862877,0.0081550002));
#4257=CARTESIAN_POINT('',(-0.00161287943615047,-0.00376190672770266,0.));
#4258=CARTESIAN_POINT('',(-0.00161287943615047,-0.00376190672770266,0.0081550002));
#4259=CARTESIAN_POINT('',(-0.0015949759849834,-0.00396827368115856,0.));
#4260=CARTESIAN_POINT('',(-0.0015949759849834,-0.00396827368115856,0.0081550002));
#4261=CARTESIAN_POINT('',(-0.00154154134050055,-0.00418718274817381,0.));
#4262=CARTESIAN_POINT('',(-0.00154154134050055,-0.00418718274817381,0.0081550002));
#4263=CARTESIAN_POINT('',(9.54097911787244E-18,-3.21428963216209E-20,0.));
#4264=CARTESIAN_POINT('',(-0.00311134874431968,-0.00319818042991589,0.));
#4265=CARTESIAN_POINT('',(-0.00285543595996067,-0.00342860533594561,0.));
#4266=CARTESIAN_POINT('',(-0.00292576117685258,-0.00263436719977187,0.));
#4267=CARTESIAN_POINT('',(-0.00292576117685258,-0.00263436719977187,0.0081550002));
#4268=CARTESIAN_POINT('',(-0.00300354399661045,-0.00278065563562203,0.));
#4269=CARTESIAN_POINT('',(-0.00300354399661045,-0.00278065563562203,0.0081550002));
#4270=CARTESIAN_POINT('',(-0.00307112538201114,-0.00297646321818648,0.));
#4271=CARTESIAN_POINT('',(-0.00307112538201114,-0.00297646321818648,0.0081550002));
#4272=CARTESIAN_POINT('',(-0.00311134874431968,-0.00319818042991589,0.));
#4273=CARTESIAN_POINT('',(-0.00311134874431968,-0.00319818042991589,0.0081550002));
#4274=CARTESIAN_POINT('',(-0.00231411054090857,-0.00318509990607321,0.));
#4275=CARTESIAN_POINT('',(-0.00231411054090857,-0.00318509990607321,0.0081550002));
#4276=CARTESIAN_POINT('',(-0.00245146707478378,-0.0032777479287998,0.));
#4277=CARTESIAN_POINT('',(-0.00245146707478378,-0.0032777479287998,0.0081550002));
#4278=CARTESIAN_POINT('',(-0.00263913782456369,-0.00336542656200207,0.));
#4279=CARTESIAN_POINT('',(-0.00263913782456369,-0.00336542656200207,0.0081550002));
#4280=CARTESIAN_POINT('',(-0.00285543595996067,-0.00342860533594561,0.));
#4281=CARTESIAN_POINT('',(-0.00285543595996067,-0.00342860533594561,0.0081550002));
#4282=CARTESIAN_POINT('',(9.54097911787244E-18,-3.21428963216209E-20,0.));
#4283=CARTESIAN_POINT('',(0.00370829741002829,-0.00248140673608513,0.));
#4284=CARTESIAN_POINT('',(0.00350588496582314,-0.00276000356476072,0.));
#4285=CARTESIAN_POINT('',(0.00340954201419789,-0.00196850000270032,0.));
#4286=CARTESIAN_POINT('',(0.00340954201419789,-0.00196850000270032,0.0081550002));
#4287=CARTESIAN_POINT('',(0.00351604016876781,-0.00209541972767071,0.));
#4288=CARTESIAN_POINT('',(0.00351604016876781,-0.00209541972767071,0.0081550002));
#4289=CARTESIAN_POINT('',(0.00362285542431816,-0.00227289748465694,0.));
#4290=CARTESIAN_POINT('',(0.00362285542431816,-0.00227289748465694,0.0081550002));
#4291=CARTESIAN_POINT('',(0.00370829741002829,-0.00248140673608513,0.));
#4292=CARTESIAN_POINT('',(0.00370829741002829,-0.00248140673608513,0.0081550002));
#4293=CARTESIAN_POINT('',(0.0029257611803177,-0.00263436719592348,0.));
#4294=CARTESIAN_POINT('',(0.0029257611803177,-0.00263436719592348,0.0081550002));
#4295=CARTESIAN_POINT('',(0.00307937875142779,-0.0026964326078629,0.));
#4296=CARTESIAN_POINT('',(0.00307937875142779,-0.0026964326078629,0.0081550002));
#4297=CARTESIAN_POINT('',(0.00328117785792862,-0.00274317630966162,0.));
#4298=CARTESIAN_POINT('',(0.00328117785792862,-0.00274317630966162,0.0081550002));
#4299=CARTESIAN_POINT('',(0.00350588496582314,-0.00276000356476072,0.));
#4300=CARTESIAN_POINT('',(0.00350588496582314,-0.00276000356476072,0.0081550002));
#4301=CARTESIAN_POINT('',(9.54097911787244E-18,-3.21428963216209E-20,0.));
#4302=CARTESIAN_POINT('',(0.00432537987035323,-0.00109541683765572,0.));
#4303=CARTESIAN_POINT('',(0.00439697730046011,-0.000758577412232735,0.));
#4304=CARTESIAN_POINT('',(0.00374430950632522,-0.00121659990467466,0.));
#4305=CARTESIAN_POINT('',(0.00374430950632522,-0.00121659990467466,0.0081550002));
#4306=CARTESIAN_POINT('',(0.00390989041793028,-0.00121081758463787,0.));
#4307=CARTESIAN_POINT('',(0.00390989041793028,-0.00121081758463787,0.0081550002));
#4308=CARTESIAN_POINT('',(0.00411325545138505,-0.0011714409899356,0.));
#4309=CARTESIAN_POINT('',(0.00411325545138505,-0.0011714409899356,0.0081550002));
#4310=CARTESIAN_POINT('',(0.00432537987035323,-0.00109541683765572,0.));
#4311=CARTESIAN_POINT('',(0.00432537987035323,-0.00109541683765572,0.0081550002));
#4312=CARTESIAN_POINT('',(0.00391543270270512,-0.000411528562555571,0.));
#4313=CARTESIAN_POINT('',(0.00391543270270512,-0.000411528562555571,0.0081550002));
#4314=CARTESIAN_POINT('',(0.00406434651093435,-0.000484158798903998,0.));
#4315=CARTESIAN_POINT('',(0.00406434651093435,-0.000484158798903998,0.0081550002));
#4316=CARTESIAN_POINT('',(0.00423411380954656,-0.000602847119159534,0.));
#4317=CARTESIAN_POINT('',(0.00423411380954656,-0.000602847119159534,0.0081550002));
#4318=CARTESIAN_POINT('',(0.00439697730046011,-0.000758577412232735,0.));
#4319=CARTESIAN_POINT('',(0.00439697730046011,-0.000758577412232735,0.0081550002));
#4320=CARTESIAN_POINT('',(9.54097911787244E-18,-3.21428963216209E-20,0.));
#4321=CARTESIAN_POINT('',(0.0020801907007372,-0.00394736060167336,0.));
#4322=CARTESIAN_POINT('',(0.00237841920857822,-0.00377517829239591,0.));
#4323=CARTESIAN_POINT('',(0.00160132216652736,-0.00359662846652248,0.));
#4324=CARTESIAN_POINT('',(0.00160132216652736,-0.00359662846652248,0.0081550002));
#4325=CARTESIAN_POINT('',(0.00171641452352571,-0.00371580993686726,0.));
#4326=CARTESIAN_POINT('',(0.00171641452352571,-0.00371580993686726,0.0081550002));
#4327=CARTESIAN_POINT('',(0.00188175480427143,-0.00384059152447272,0.));
#4328=CARTESIAN_POINT('',(0.00188175480427143,-0.00384059152447272,0.0081550002));
#4329=CARTESIAN_POINT('',(0.0020801907007372,-0.00394736060167336,0.));
#4330=CARTESIAN_POINT('',(0.0020801907007372,-0.00394736060167336,0.0081550002));
#4331=CARTESIAN_POINT('',(0.00231411053671906,-0.00318509990911707,0.));
#4332=CARTESIAN_POINT('',(0.00231411053671906,-0.00318509990911707,0.0081550002));
#4333=CARTESIAN_POINT('',(0.00235977853919916,-0.00334436354923256,0.));
#4334=CARTESIAN_POINT('',(0.00235977853919916,-0.00334436354923256,0.0081550002));
#4335=CARTESIAN_POINT('',(0.00238517242361693,-0.00354994322643183,0.));
#4336=CARTESIAN_POINT('',(0.00238517242361693,-0.00354994322643183,0.0081550002));
#4337=CARTESIAN_POINT('',(0.00237841920857822,-0.00377517829239591,0.));
#4338=CARTESIAN_POINT('',(0.00237841920857822,-0.00377517829239591,0.0081550002));
#4339=CARTESIAN_POINT('',(0.000818548324407262,-0.00385096710552321,0.));
#4340=CARTESIAN_POINT('',(0.000818548324407262,-0.00385096710552321,0.0081550002));
#4341=CARTESIAN_POINT('',(0.000795489762287958,-0.00401503653054307,0.));
#4342=CARTESIAN_POINT('',(0.000795489762287958,-0.00401503653054307,0.0081550002));
#4343=CARTESIAN_POINT('',(0.000735071442261099,-0.00421317153413475,0.));
#4344=CARTESIAN_POINT('',(0.000735071442261099,-0.00421317153413475,0.0081550002));
#4345=CARTESIAN_POINT('',(0.000637290718704796,-0.00441618722553335,0.));
#4346=CARTESIAN_POINT('',(0.000637290718704796,-0.00441618722553335,0.0081550002));
#4347=CARTESIAN_POINT('',(0.000637290718704796,-0.00441618722553335,0.));
#4348=CARTESIAN_POINT('',(2.58926212109013E-12,-0.00393700000091589,0.));
#4349=CARTESIAN_POINT('',(2.58926212109013E-12,-0.00393700000091589,0.0081550002));
#4350=CARTESIAN_POINT('',(5.66666313696179E-5,-0.00409268997071374,0.));
#4351=CARTESIAN_POINT('',(5.66666313696179E-5,-0.00409268997071374,0.0081550002));
#4352=CARTESIAN_POINT('',(0.00015695924974987,-0.00427393357402377,0.));
#4353=CARTESIAN_POINT('',(0.00015695924974987,-0.00427393357402377,0.0081550002));
#4354=CARTESIAN_POINT('',(0.000294812565554553,-0.00445218312991141,0.));
#4355=CARTESIAN_POINT('',(0.000294812565554553,-0.00445218312991141,0.0081550002));
#4356=CARTESIAN_POINT('',(0.000294812565554553,-0.00445218312991141,0.));
#4357=CARTESIAN_POINT('',(9.54097911787244E-18,-3.21428963216209E-20,0.));
#4358=MECHANICAL_DESIGN_GEOMETRIC_PRESENTATION_REPRESENTATION('',(#1225),
#4359);
#4359=(
GEOMETRIC_REPRESENTATION_CONTEXT(3)
GLOBAL_UNCERTAINTY_ASSIGNED_CONTEXT((#4360))
GLOBAL_UNIT_ASSIGNED_CONTEXT((#4363,#4362,#4361))
REPRESENTATION_CONTEXT('timingwheel','TOP_LEVEL_ASSEMBLY_PART')
);
#4360=UNCERTAINTY_MEASURE_WITH_UNIT(LENGTH_MEASURE(2.E-5),#4363,
'DISTANCE_ACCURACY_VALUE','Maximum Tolerance applied to model');
#4361=(
NAMED_UNIT(*)
SI_UNIT($,.STERADIAN.)
SOLID_ANGLE_UNIT()
);
#4362=(
NAMED_UNIT(*)
PLANE_ANGLE_UNIT()
SI_UNIT($,.RADIAN.)
);
#4363=(
LENGTH_UNIT()
NAMED_UNIT(*)
SI_UNIT($,.METRE.)
);
#4364=PRODUCT_DEFINITION_SHAPE('','',#4365);
#4365=PRODUCT_DEFINITION('','',#4367,#4366);
#4366=PRODUCT_DEFINITION_CONTEXT('',#4373,'design');
#4367=PRODUCT_DEFINITION_FORMATION_WITH_SPECIFIED_SOURCE('','',#4369,
 .NOT_KNOWN.);
#4368=PRODUCT_RELATED_PRODUCT_CATEGORY('','',(#4369));
#4369=PRODUCT('timingwheel','timingwheel','timingwheel',(#4371));
#4370=PRODUCT_CATEGORY('','');
#4371=PRODUCT_CONTEXT('',#4373,'mechanical');
#4372=APPLICATION_PROTOCOL_DEFINITION('international standard',
'ap242_managed_model_based_3d_engineering',2020,#4373);
#4373=APPLICATION_CONTEXT('managed model based 3d engineering');
ENDSEC;
END-ISO-10303-21;
