solid Mesh
  facet normal -0.0523359 0 0.99863
    outer loop
      vertex -0.0655099 -0.0464599 0.00254
      vertex -0.0655099 0.0464599 0.00254
      vertex -0.0656317 0.0464599 0.00253362
    endloop
  endfacet
  facet normal -0.995184 0 0.0980256
    outer loop
      vertex -0.066675 0.0464599 0.0013749
      vertex -0.066675 -0.0464599 0.0013749
      vertex -0.0666526 0.0464599 0.0016022
    endloop
  endfacet
  facet normal -0.995184 0 0.0980256
    outer loop
      vertex -0.066675 -0.0464599 0.0013749
      vertex -0.0666526 -0.0464599 0.0016022
      vertex -0.0666526 0.0464599 0.0016022
    endloop
  endfacet
  facet normal -0.979533 0 0.201285
    outer loop
      vertex -0.0666526 0.0464599 0.0016022
      vertex -0.0666526 -0.0464599 0.0016022
      vertex -0.0666495 0.0464599 0.00161714
    endloop
  endfacet
  facet normal -0.979533 0 0.201285
    outer loop
      vertex -0.0666526 -0.0464599 0.0016022
      vertex -0.0666495 -0.0464599 0.00161714
      vertex -0.0666495 0.0464599 0.00161714
    endloop
  endfacet
  facet normal -0.955023 0 0.296533
    outer loop
      vertex -0.0666495 0.0464599 0.00161714
      vertex -0.0666495 -0.0464599 0.00161714
      vertex -0.0665863 0.0464599 0.00182077
    endloop
  endfacet
  facet normal -0.955023 0 0.296533
    outer loop
      vertex -0.0666495 -0.0464599 0.00161714
      vertex -0.0665863 -0.0464599 0.00182077
      vertex -0.0665863 0.0464599 0.00182077
    endloop
  endfacet
  facet normal -0.918792 0 0.394741
    outer loop
      vertex -0.0665863 0.0464599 0.00182077
      vertex -0.0665863 -0.0464599 0.00182077
      vertex -0.0665743 0.0464599 0.00184879
    endloop
  endfacet
  facet normal -0.918792 0 0.394741
    outer loop
      vertex -0.0665863 -0.0464599 0.00182077
      vertex -0.0665743 -0.0464599 0.00184879
      vertex -0.0665743 0.0464599 0.00184879
    endloop
  endfacet
  facet normal -0.875672 0 0.482907
    outer loop
      vertex -0.0665743 0.0464599 0.00184879
      vertex -0.0665743 -0.0464599 0.00184879
      vertex -0.0664786 0.0464599 0.0020222
    endloop
  endfacet
  facet normal -0.875672 0 0.482907
    outer loop
      vertex -0.0665743 -0.0464599 0.00184879
      vertex -0.0664786 -0.0464599 0.0020222
      vertex -0.0664786 0.0464599 0.0020222
    endloop
  endfacet
  facet normal -0.820407 0 0.57178
    outer loop
      vertex -0.0664786 0.0464599 0.0020222
      vertex -0.0664786 -0.0464599 0.0020222
      vertex -0.0664525 0.0464599 0.00205973
    endloop
  endfacet
  facet normal -0.820407 0 0.57178
    outer loop
      vertex -0.0664786 -0.0464599 0.0020222
      vertex -0.0664525 -0.0464599 0.00205973
      vertex -0.0664525 0.0464599 0.00205973
    endloop
  endfacet
  facet normal -0.760393 0 0.649463
    outer loop
      vertex -0.0664525 0.0464599 0.00205973
      vertex -0.0664525 -0.0464599 0.00205973
      vertex -0.0663337 0.0464599 0.00219875
    endloop
  endfacet
  facet normal -0.760393 0 0.649463
    outer loop
      vertex -0.0664525 -0.0464599 0.00205973
      vertex -0.0663337 -0.0464599 0.00219875
      vertex -0.0663337 0.0464599 0.00219875
    endloop
  endfacet
  facet normal -0.688392 0 0.725339
    outer loop
      vertex -0.0663337 0.0464599 0.00219875
      vertex -0.0663337 -0.0464599 0.00219875
      vertex -0.0662895 0.0464599 0.00224074
    endloop
  endfacet
  facet normal -0.688392 0 0.725339
    outer loop
      vertex -0.0663337 -0.0464599 0.00219875
      vertex -0.0662895 -0.0464599 0.00224074
      vertex -0.0662895 0.0464599 0.00224074
    endloop
  endfacet
  facet normal -0.613945 0 0.789349
    outer loop
      vertex -0.0662895 0.0464599 0.00224074
      vertex -0.0662895 -0.0464599 0.00224074
      vertex -0.0661572 0.0464599 0.00234365
    endloop
  endfacet
  facet normal -0.613945 0 0.789349
    outer loop
      vertex -0.0662895 -0.0464599 0.00224074
      vertex -0.0661572 -0.0464599 0.00234365
      vertex -0.0661572 0.0464599 0.00234365
    endloop
  endfacet
  facet normal -0.528063 0 0.849205
    outer loop
      vertex -0.0661572 0.0464599 0.00234365
      vertex -0.0661572 -0.0464599 0.00234365
      vertex -0.0660925 0.0464599 0.00238391
    endloop
  endfacet
  facet normal -0.528063 0 0.849205
    outer loop
      vertex -0.0661572 -0.0464599 0.00234365
      vertex -0.0660925 -0.0464599 0.00238391
      vertex -0.0660925 0.0464599 0.00238391
    endloop
  endfacet
  facet normal -0.442281 0 0.896876
    outer loop
      vertex -0.0660925 0.0464599 0.00238391
      vertex -0.0660925 -0.0464599 0.00238391
      vertex -0.0659558 0.0464599 0.00245131
    endloop
  endfacet
  facet normal -0.442281 0 0.896876
    outer loop
      vertex -0.0660925 -0.0464599 0.00238391
      vertex -0.0659558 -0.0464599 0.00245131
      vertex -0.0659558 0.0464599 0.00245131
    endloop
  endfacet
  facet normal -0.346109 0 0.938194
    outer loop
      vertex -0.0659558 0.0464599 0.00245131
      vertex -0.0659558 -0.0464599 0.00245131
      vertex -0.0658699 0.0464599 0.00248298
    endloop
  endfacet
  facet normal -0.346109 0 0.938194
    outer loop
      vertex -0.0659558 -0.0464599 0.00245131
      vertex -0.0658699 -0.0464599 0.00248298
      vertex -0.0658699 0.0464599 0.00248298
    endloop
  endfacet
  facet normal -0.252497 0 0.967598
    outer loop
      vertex -0.0658699 0.0464599 0.00248298
      vertex -0.0658699 -0.0464599 0.00248298
      vertex -0.0657372 0.0464599 0.00251761
    endloop
  endfacet
  facet normal -0.252497 0 0.967598
    outer loop
      vertex -0.0658699 -0.0464599 0.00248298
      vertex -0.0657372 -0.0464599 0.00251761
      vertex -0.0657372 0.0464599 0.00251761
    endloop
  endfacet
  facet normal -0.149965 0 0.988691
    outer loop
      vertex -0.0657372 0.0464599 0.00251761
      vertex -0.0657372 -0.0464599 0.00251761
      vertex -0.0656317 0.0464599 0.00253362
    endloop
  endfacet
  facet normal -0.149965 0 0.988691
    outer loop
      vertex -0.0657372 -0.0464599 0.00251761
      vertex -0.0656317 -0.0464599 0.00253362
      vertex -0.0656317 0.0464599 0.00253362
    endloop
  endfacet
  facet normal -0.0523359 0 0.99863
    outer loop
      vertex -0.0656317 0.0464599 0.00253362
      vertex -0.0656317 -0.0464599 0.00253362
      vertex -0.0655099 -0.0464599 0.00254
    endloop
  endfacet
  facet normal -0.949832 0.104121 0.294921
    outer loop
      vertex -0.0666495 0.0464599 0.00161714
      vertex -0.0665863 0.0464599 0.00182077
      vertex -0.0665628 0.0467021 0.00181102
    endloop
  endfacet
  facet normal -0.870907 0.104173 0.48028
    outer loop
      vertex -0.0665743 0.0464599 0.00184879
      vertex -0.0664786 0.0464599 0.0020222
      vertex -0.0664575 0.0467021 0.00200805
    endloop
  endfacet
  facet normal -0.756254 0.104202 0.645927
    outer loop
      vertex -0.0664525 0.0464599 0.00205973
      vertex -0.0663337 0.0464599 0.00219875
      vertex -0.0663157 0.0467021 0.00218075
    endloop
  endfacet
  facet normal -0.610598 0.10427 0.785046
    outer loop
      vertex -0.0662895 0.0464599 0.00224074
      vertex -0.0661572 0.0464599 0.00234365
      vertex -0.0661431 0.0467021 0.00232248
    endloop
  endfacet
  facet normal -0.439869 0.104311 0.891984
    outer loop
      vertex -0.0660925 0.0464599 0.00238391
      vertex -0.0659558 0.0464599 0.00245131
      vertex -0.065946 0.0467021 0.00242779
    endloop
  endfacet
  facet normal -0.0523561 0.998615 0.00515529
    outer loop
      vertex -0.0655099 0.047625 0.0013749
      vertex -0.0656317 0.0476186 0.0013749
      vertex -0.0656293 0.0476186 0.00139866
    endloop
  endfacet
  facet normal -0.151947 0.97179 0.180381
    outer loop
      vertex -0.0655801 0.047568 0.00172802
      vertex -0.0655099 0.0475995 0.00161714
      vertex -0.0655337 0.0476186 0.00149435
    endloop
  endfacet
  facet normal -0.0154047 0.987572 0.156412
    outer loop
      vertex -0.0655099 0.0475995 0.00161714
      vertex -0.0655099 0.0476186 0.00149669
      vertex -0.0655337 0.0476186 0.00149435
    endloop
  endfacet
  facet normal -0.0051565 0.998615 0.0523567
    outer loop
      vertex -0.0655337 0.0476186 0.00149435
      vertex -0.0655099 0.0476186 0.00149669
      vertex -0.0655099 0.047625 0.0013749
    endloop
  endfacet
  facet normal -0.207869 0.977943 0.020468
    outer loop
      vertex -0.0656293 0.0476186 0.00139866
      vertex -0.0656317 0.0476186 0.0013749
      vertex -0.065863 0.047568 0.00144514
    endloop
  endfacet
  facet normal -0.107733 0.913166 0.393093
    outer loop
      vertex -0.0656236 0.0474689 0.00194626
      vertex -0.0655099 0.0475243 0.00184879
      vertex -0.0655801 0.047568 0.00172802
    endloop
  endfacet
  facet normal -0.03527 0.933007 0.358126
    outer loop
      vertex -0.0655099 0.0475243 0.00184879
      vertex -0.0655099 0.047568 0.00173494
      vertex -0.0655801 0.047568 0.00172802
    endloop
  endfacet
  facet normal -0.0254819 0.965611 0.25874
    outer loop
      vertex -0.0655801 0.047568 0.00172802
      vertex -0.0655099 0.047568 0.00173494
      vertex -0.0655099 0.0475995 0.00161714
    endloop
  endfacet
  facet normal -0.153481 0.96908 0.193203
    outer loop
      vertex -0.0656317 0.0476186 0.0013749
      vertex -0.0657521 0.0475995 0.0013749
      vertex -0.065863 0.047568 0.00144514
    endloop
  endfacet
  facet normal -0.258748 0.965609 0.0254703
    outer loop
      vertex -0.0657521 0.0475995 0.0013749
      vertex -0.0658699 0.047568 0.0013749
      vertex -0.065863 0.047568 0.00144514
    endloop
  endfacet
  facet normal -0.40641 0.912815 0.0400057
    outer loop
      vertex -0.065863 0.047568 0.00144514
      vertex -0.0658699 0.047568 0.0013749
      vertex -0.0660813 0.0474689 0.00148855
    endloop
  endfacet
  facet normal -0.104738 0.808971 0.578442
    outer loop
      vertex -0.065662 0.0473257 0.00213952
      vertex -0.0655099 0.0474025 0.00205973
      vertex -0.0656236 0.0474689 0.00194626
    endloop
  endfacet
  facet normal -0.0535656 0.837461 0.543866
    outer loop
      vertex -0.0655099 0.0474025 0.00205973
      vertex -0.0655099 0.0474689 0.00195745
      vertex -0.0656236 0.0474689 0.00194626
    endloop
  endfacet
  facet normal -0.044669 0.890118 0.453536
    outer loop
      vertex -0.0656236 0.0474689 0.00194626
      vertex -0.0655099 0.0474689 0.00195745
      vertex -0.0655099 0.0475243 0.00184879
    endloop
  endfacet
  facet normal -0.354516 0.923598 0.145896
    outer loop
      vertex -0.0658699 0.047568 0.0013749
      vertex -0.0659838 0.0475243 0.0013749
      vertex -0.0660813 0.0474689 0.00148855
    endloop
  endfacet
  facet normal -0.453516 0.890127 0.0446862
    outer loop
      vertex -0.0659838 0.0475243 0.0013749
      vertex -0.0660925 0.0474689 0.0013749
      vertex -0.0660813 0.0474689 0.00148855
    endloop
  endfacet
  facet normal -0.586804 0.807662 0.0578195
    outer loop
      vertex -0.0660813 0.0474689 0.00148855
      vertex -0.0660925 0.0474689 0.0013749
      vertex -0.0662745 0.0473257 0.00152699
    endloop
  endfacet
  facet normal -0.110184 0.668712 0.735312
    outer loop
      vertex -0.0656938 0.0471447 0.00229937
      vertex -0.0655099 0.0472395 0.00224074
      vertex -0.065662 0.0473257 0.00213952
    endloop
  endfacet
  facet normal -0.0694739 0.705402 0.705394
    outer loop
      vertex -0.0655099 0.0472395 0.00224074
      vertex -0.0655099 0.0473257 0.0021545
      vertex -0.065662 0.0473257 0.00213952
    endloop
  endfacet
  facet normal -0.0618632 0.775653 0.62812
    outer loop
      vertex -0.065662 0.0473257 0.00213952
      vertex -0.0655099 0.0473257 0.0021545
      vertex -0.0655099 0.0474025 0.00205973
    endloop
  endfacet
  facet normal -0.539592 0.830844 0.136159
    outer loop
      vertex -0.0660925 0.0474689 0.0013749
      vertex -0.0661947 0.0474025 0.0013749
      vertex -0.0662745 0.0473257 0.00152699
    endloop
  endfacet
  facet normal -0.628105 0.775665 0.0618764
    outer loop
      vertex -0.0661947 0.0474025 0.0013749
      vertex -0.0662895 0.0473257 0.0013749
      vertex -0.0662745 0.0473257 0.00152699
    endloop
  endfacet
  facet normal -0.741153 0.667354 0.0730131
    outer loop
      vertex -0.0662745 0.0473257 0.00152699
      vertex -0.0662895 0.0473257 0.0013749
      vertex -0.0664344 0.0471447 0.00155879
    endloop
  endfacet
  facet normal -0.700377 0.700377 0.137642
    outer loop
      vertex -0.0662895 0.0473257 0.0013749
      vertex -0.0663757 0.0472395 0.0013749
      vertex -0.0664344 0.0471447 0.00155879
    endloop
  endfacet
  facet normal -0.116937 0.4993 0.858502
    outer loop
      vertex -0.0657175 0.0469338 0.00241882
      vertex -0.0655099 0.0470425 0.00238391
      vertex -0.0656938 0.0471447 0.00229937
    endloop
  endfacet
  facet normal -0.0823217 0.542792 0.835823
    outer loop
      vertex -0.0655099 0.0470425 0.00238391
      vertex -0.0655099 0.0471447 0.00231749
      vertex -0.0656938 0.0471447 0.00229937
    endloop
  endfacet
  facet normal -0.0763192 0.627486 0.774879
    outer loop
      vertex -0.0656938 0.0471447 0.00229937
      vertex -0.0655099 0.0471447 0.00231749
      vertex -0.0655099 0.0472395 0.00224074
    endloop
  endfacet
  facet normal -0.774875 0.62749 0.0763222
    outer loop
      vertex -0.0663757 0.0472395 0.0013749
      vertex -0.0664525 0.0471447 0.0013749
      vertex -0.0664344 0.0471447 0.00155879
    endloop
  endfacet
  facet normal -0.835844 0.542758 0.0823274
    outer loop
      vertex -0.0664525 0.0471447 0.0013749
      vertex -0.0665189 0.0470425 0.0013749
      vertex -0.0664344 0.0471447 0.00155879
    endloop
  endfacet
  facet normal -0.858502 0.499305 0.116911
    outer loop
      vertex -0.0664344 0.0471447 0.00155879
      vertex -0.0665189 0.0470425 0.0013749
      vertex -0.0665538 0.0469338 0.00158255
    endloop
  endfacet
  facet normal -0.0968211 0.155702 0.983048
    outer loop
      vertex -0.0655099 0.0465817 0.00253362
      vertex -0.0655099 0.0467021 0.00251454
      vertex -0.0657322 0.0467021 0.00249264
    endloop
  endfacet
  facet normal -0.0947072 0.257655 0.961584
    outer loop
      vertex -0.0655099 0.0467021 0.00251454
      vertex -0.0655099 0.0468199 0.00248298
      vertex -0.0657322 0.0467021 0.00249264
    endloop
  endfacet
  facet normal -0.122377 0.308384 0.943357
    outer loop
      vertex -0.0657322 0.0467021 0.00249264
      vertex -0.0655099 0.0468199 0.00248298
      vertex -0.0657175 0.0469338 0.00241882
    endloop
  endfacet
  facet normal -0.0915627 0.356865 0.929658
    outer loop
      vertex -0.0655099 0.0468199 0.00248298
      vertex -0.0655099 0.0469338 0.00243927
      vertex -0.0657175 0.0469338 0.00241882
    endloop
  endfacet
  facet normal -0.0874203 0.452246 0.887599
    outer loop
      vertex -0.0657175 0.0469338 0.00241882
      vertex -0.0655099 0.0469338 0.00243927
      vertex -0.0655099 0.0470425 0.00238391
    endloop
  endfacet
  facet normal -0.0522643 0.0522643 0.997265
    outer loop
      vertex -0.0655099 0.0464599 0.00254
      vertex -0.0655099 0.0465817 0.00253362
      vertex -0.0656317 0.0464599 0.00253362
    endloop
  endfacet
  facet normal -0.117865 0.117865 0.98601
    outer loop
      vertex -0.0655099 0.0465817 0.00253362
      vertex -0.0657322 0.0467021 0.00249264
      vertex -0.0656317 0.0464599 0.00253362
    endloop
  endfacet
  facet normal -0.149145 0.104421 0.983286
    outer loop
      vertex -0.0656317 0.0464599 0.00253362
      vertex -0.0657322 0.0467021 0.00249264
      vertex -0.0657372 0.0464599 0.00251761
    endloop
  endfacet
  facet normal -0.251119 0.104351 0.962315
    outer loop
      vertex -0.0657322 0.0467021 0.00249264
      vertex -0.0658699 0.0464599 0.00248298
      vertex -0.0657372 0.0464599 0.00251761
    endloop
  endfacet
  facet normal -0.344216 0.104452 0.933062
    outer loop
      vertex -0.0659558 0.0464599 0.00245131
      vertex -0.0658699 0.0464599 0.00248298
      vertex -0.065946 0.0467021 0.00242779
    endloop
  endfacet
  facet normal -0.287979 0.125823 0.949335
    outer loop
      vertex -0.0658699 0.0464599 0.00248298
      vertex -0.0657322 0.0467021 0.00249264
      vertex -0.065946 0.0467021 0.00242779
    endloop
  endfacet
  facet normal -0.276205 0.307671 0.910521
    outer loop
      vertex -0.065946 0.0467021 0.00242779
      vertex -0.0657322 0.0467021 0.00249264
      vertex -0.0659172 0.0469338 0.00235825
    endloop
  endfacet
  facet normal -0.276204 0.307672 0.910521
    outer loop
      vertex -0.0657322 0.0467021 0.00249264
      vertex -0.0657175 0.0469338 0.00241882
      vertex -0.0659172 0.0469338 0.00235825
    endloop
  endfacet
  facet normal -0.251698 0.498187 0.829734
    outer loop
      vertex -0.0659172 0.0469338 0.00235825
      vertex -0.0657175 0.0469338 0.00241882
      vertex -0.0658706 0.0471447 0.00224574
    endloop
  endfacet
  facet normal -0.251694 0.498189 0.829733
    outer loop
      vertex -0.0657175 0.0469338 0.00241882
      vertex -0.0656938 0.0471447 0.00229937
      vertex -0.0658706 0.0471447 0.00224574
    endloop
  endfacet
  facet normal -0.216187 0.667346 0.71268
    outer loop
      vertex -0.0658706 0.0471447 0.00224574
      vertex -0.0656938 0.0471447 0.00229937
      vertex -0.0658082 0.0473257 0.00209516
    endloop
  endfacet
  facet normal -0.21619 0.667345 0.71268
    outer loop
      vertex -0.0656938 0.0471447 0.00229937
      vertex -0.065662 0.0473257 0.00213952
      vertex -0.0658082 0.0473257 0.00209516
    endloop
  endfacet
  facet normal -0.171167 0.807659 0.564259
    outer loop
      vertex -0.0658082 0.0473257 0.00209516
      vertex -0.065662 0.0473257 0.00213952
      vertex -0.0657328 0.0474689 0.00191311
    endloop
  endfacet
  facet normal -0.171161 0.807661 0.564259
    outer loop
      vertex -0.065662 0.0473257 0.00213952
      vertex -0.0656236 0.0474689 0.00194626
      vertex -0.0657328 0.0474689 0.00191311
    endloop
  endfacet
  facet normal -0.11854 0.912818 0.390784
    outer loop
      vertex -0.0657328 0.0474689 0.00191311
      vertex -0.0656236 0.0474689 0.00194626
      vertex -0.0656477 0.047568 0.00170753
    endloop
  endfacet
  facet normal -0.118544 0.912817 0.390784
    outer loop
      vertex -0.0656236 0.0474689 0.00194626
      vertex -0.0655801 0.047568 0.00172802
      vertex -0.0656477 0.047568 0.00170753
    endloop
  endfacet
  facet normal -0.0606331 0.977943 0.199879
    outer loop
      vertex -0.0656477 0.047568 0.00170753
      vertex -0.0655801 0.047568 0.00172802
      vertex -0.0655565 0.0476186 0.00148742
    endloop
  endfacet
  facet normal -0.0606396 0.977943 0.199878
    outer loop
      vertex -0.0655801 0.047568 0.00172802
      vertex -0.0655337 0.0476186 0.00149435
      vertex -0.0655565 0.0476186 0.00148742
    endloop
  endfacet
  facet normal -0.0152736 0.998615 0.0503442
    outer loop
      vertex -0.0655565 0.0476186 0.00148742
      vertex -0.0655337 0.0476186 0.00149435
      vertex -0.0655099 0.047625 0.0013749
    endloop
  endfacet
  facet normal -0.525173 0.104481 0.844557
    outer loop
      vertex -0.0661572 0.0464599 0.00234365
      vertex -0.0660925 0.0464599 0.00238391
      vertex -0.0661431 0.0467021 0.00232248
    endloop
  endfacet
  facet normal -0.467742 0.124221 0.875092
    outer loop
      vertex -0.0660925 0.0464599 0.00238391
      vertex -0.065946 0.0467021 0.00242779
      vertex -0.0661431 0.0467021 0.00232248
    endloop
  endfacet
  facet normal -0.448526 0.307677 0.839142
    outer loop
      vertex -0.0661431 0.0467021 0.00232248
      vertex -0.065946 0.0467021 0.00242779
      vertex -0.0661012 0.0469338 0.00225989
    endloop
  endfacet
  facet normal -0.448533 0.307671 0.839141
    outer loop
      vertex -0.065946 0.0467021 0.00242779
      vertex -0.0659172 0.0469338 0.00235825
      vertex -0.0661012 0.0469338 0.00225989
    endloop
  endfacet
  facet normal -0.408736 0.498186 0.764687
    outer loop
      vertex -0.0661012 0.0469338 0.00225989
      vertex -0.0659172 0.0469338 0.00235825
      vertex -0.0660336 0.0471447 0.00215863
    endloop
  endfacet
  facet normal -0.408736 0.498186 0.764687
    outer loop
      vertex -0.0659172 0.0469338 0.00235825
      vertex -0.0658706 0.0471447 0.00224574
      vertex -0.0660336 0.0471447 0.00215863
    endloop
  endfacet
  facet normal -0.351073 0.667347 0.656807
    outer loop
      vertex -0.0660336 0.0471447 0.00215863
      vertex -0.0658706 0.0471447 0.00224574
      vertex -0.065943 0.0473257 0.00202312
    endloop
  endfacet
  facet normal -0.351076 0.667346 0.656807
    outer loop
      vertex -0.0658706 0.0471447 0.00224574
      vertex -0.0658082 0.0473257 0.00209516
      vertex -0.065943 0.0473257 0.00202312
    endloop
  endfacet
  facet normal -0.27796 0.807661 0.52002
    outer loop
      vertex -0.065943 0.0473257 0.00202312
      vertex -0.0658082 0.0473257 0.00209516
      vertex -0.0658335 0.0474689 0.00185927
    endloop
  endfacet
  facet normal -0.277972 0.807658 0.52002
    outer loop
      vertex -0.0658082 0.0473257 0.00209516
      vertex -0.0657328 0.0474689 0.00191311
      vertex -0.0658335 0.0474689 0.00185927
    endloop
  endfacet
  facet normal -0.192512 0.912817 0.360144
    outer loop
      vertex -0.0658335 0.0474689 0.00185927
      vertex -0.0657328 0.0474689 0.00191311
      vertex -0.0657099 0.047568 0.00167426
    endloop
  endfacet
  facet normal -0.192511 0.912818 0.360144
    outer loop
      vertex -0.0657328 0.0474689 0.00191311
      vertex -0.0656477 0.047568 0.00170753
      vertex -0.0657099 0.047568 0.00167426
    endloop
  endfacet
  facet normal -0.0984659 0.977943 0.184207
    outer loop
      vertex -0.0657099 0.047568 0.00167426
      vertex -0.0656477 0.047568 0.00170753
      vertex -0.0655776 0.0476186 0.00147616
    endloop
  endfacet
  facet normal -0.0984609 0.977943 0.184209
    outer loop
      vertex -0.0656477 0.047568 0.00170753
      vertex -0.0655565 0.0476186 0.00148742
      vertex -0.0655776 0.0476186 0.00147616
    endloop
  endfacet
  facet normal -0.0248002 0.998615 0.0463983
    outer loop
      vertex -0.0655776 0.0476186 0.00147616
      vertex -0.0655565 0.0476186 0.00148742
      vertex -0.0655099 0.047625 0.0013749
    endloop
  endfacet
  facet normal -0.684624 0.104486 0.721369
    outer loop
      vertex -0.0663337 0.0464599 0.00219875
      vertex -0.0662895 0.0464599 0.00224074
      vertex -0.0663157 0.0467021 0.00218075
    endloop
  endfacet
  facet normal -0.629669 0.121803 0.767256
    outer loop
      vertex -0.0662895 0.0464599 0.00224074
      vertex -0.0661431 0.0467021 0.00232248
      vertex -0.0663157 0.0467021 0.00218075
    endloop
  endfacet
  facet normal -0.603621 0.307665 0.735516
    outer loop
      vertex -0.0663157 0.0467021 0.00218075
      vertex -0.0661431 0.0467021 0.00232248
      vertex -0.0662625 0.0469338 0.00212753
    endloop
  endfacet
  facet normal -0.603604 0.30768 0.735524
    outer loop
      vertex -0.0661431 0.0467021 0.00232248
      vertex -0.0661012 0.0469338 0.00225989
      vertex -0.0662625 0.0469338 0.00212753
    endloop
  endfacet
  facet normal -0.550046 0.498199 0.67026
    outer loop
      vertex -0.0662625 0.0469338 0.00212753
      vertex -0.0661012 0.0469338 0.00225989
      vertex -0.0661764 0.0471447 0.00204141
    endloop
  endfacet
  facet normal -0.550066 0.498185 0.670253
    outer loop
      vertex -0.0661012 0.0469338 0.00225989
      vertex -0.0660336 0.0471447 0.00215863
      vertex -0.0661764 0.0471447 0.00204141
    endloop
  endfacet
  facet normal -0.472464 0.667348 0.575695
    outer loop
      vertex -0.0661764 0.0471447 0.00204141
      vertex -0.0660336 0.0471447 0.00215863
      vertex -0.0660612 0.0473257 0.00192616
    endloop
  endfacet
  facet normal -0.472468 0.667346 0.575694
    outer loop
      vertex -0.0660336 0.0471447 0.00215863
      vertex -0.065943 0.0473257 0.00202312
      vertex -0.0660612 0.0473257 0.00192616
    endloop
  endfacet
  facet normal -0.374076 0.807656 0.455806
    outer loop
      vertex -0.0660612 0.0473257 0.00192616
      vertex -0.065943 0.0473257 0.00202312
      vertex -0.0659218 0.0474689 0.00178683
    endloop
  endfacet
  facet normal -0.374056 0.807662 0.455811
    outer loop
      vertex -0.065943 0.0473257 0.00202312
      vertex -0.0658335 0.0474689 0.00185927
      vertex -0.0659218 0.0474689 0.00178683
    endloop
  endfacet
  facet normal -0.259058 0.912818 0.315679
    outer loop
      vertex -0.0659218 0.0474689 0.00178683
      vertex -0.0658335 0.0474689 0.00185927
      vertex -0.0657645 0.047568 0.00162949
    endloop
  endfacet
  facet normal -0.25906 0.912817 0.315678
    outer loop
      vertex -0.0658335 0.0474689 0.00185927
      vertex -0.0657099 0.047568 0.00167426
      vertex -0.0657645 0.047568 0.00162949
    endloop
  endfacet
  facet normal -0.132504 0.977943 0.161463
    outer loop
      vertex -0.0657645 0.047568 0.00162949
      vertex -0.0657099 0.047568 0.00167426
      vertex -0.065596 0.0476186 0.00146102
    endloop
  endfacet
  facet normal -0.132507 0.977943 0.161461
    outer loop
      vertex -0.0657099 0.047568 0.00167426
      vertex -0.0655776 0.0476186 0.00147616
      vertex -0.065596 0.0476186 0.00146102
    endloop
  endfacet
  facet normal -0.0333757 0.998615 0.0406685
    outer loop
      vertex -0.065596 0.0476186 0.00146102
      vertex -0.0655776 0.0476186 0.00147616
      vertex -0.0655099 0.047625 0.0013749
    endloop
  endfacet
  facet normal -0.815913 0.104526 0.568648
    outer loop
      vertex -0.0664786 0.0464599 0.0020222
      vertex -0.0664525 0.0464599 0.00205973
      vertex -0.0664575 0.0467021 0.00200805
    endloop
  endfacet
  facet normal -0.767563 0.11859 0.629907
    outer loop
      vertex -0.0664525 0.0464599 0.00205973
      vertex -0.0663157 0.0467021 0.00218075
      vertex -0.0664575 0.0467021 0.00200805
    endloop
  endfacet
  facet normal -0.735525 0.307656 0.603614
    outer loop
      vertex -0.0664575 0.0467021 0.00200805
      vertex -0.0663157 0.0467021 0.00218075
      vertex -0.0663949 0.0469338 0.00196623
    endloop
  endfacet
  facet normal -0.735518 0.307663 0.60362
    outer loop
      vertex -0.0663157 0.0467021 0.00218075
      vertex -0.0662625 0.0469338 0.00212753
      vertex -0.0663949 0.0469338 0.00196623
    endloop
  endfacet
  facet normal -0.670256 0.498187 0.550061
    outer loop
      vertex -0.0663949 0.0469338 0.00196623
      vertex -0.0662625 0.0469338 0.00212753
      vertex -0.0662936 0.0471447 0.00189857
    endloop
  endfacet
  facet normal -0.670235 0.498203 0.550072
    outer loop
      vertex -0.0662625 0.0469338 0.00212753
      vertex -0.0661764 0.0471447 0.00204141
      vertex -0.0662936 0.0471447 0.00189857
    endloop
  endfacet
  facet normal -0.575682 0.667355 0.47247
    outer loop
      vertex -0.0662936 0.0471447 0.00189857
      vertex -0.0661764 0.0471447 0.00204141
      vertex -0.0661581 0.0473257 0.00180803
    endloop
  endfacet
  facet normal -0.575694 0.667348 0.472464
    outer loop
      vertex -0.0661764 0.0471447 0.00204141
      vertex -0.0660612 0.0473257 0.00192616
      vertex -0.0661581 0.0473257 0.00180803
    endloop
  endfacet
  facet normal -0.455801 0.807661 0.37407
    outer loop
      vertex -0.0661581 0.0473257 0.00180803
      vertex -0.0660612 0.0473257 0.00192616
      vertex -0.0659943 0.0474689 0.00169855
    endloop
  endfacet
  facet normal -0.455825 0.807654 0.374058
    outer loop
      vertex -0.0660612 0.0473257 0.00192616
      vertex -0.0659218 0.0474689 0.00178683
      vertex -0.0659943 0.0474689 0.00169855
    endloop
  endfacet
  facet normal -0.315681 0.912818 0.259054
    outer loop
      vertex -0.0659943 0.0474689 0.00169855
      vertex -0.0659218 0.0474689 0.00178683
      vertex -0.0658093 0.047568 0.00157493
    endloop
  endfacet
  facet normal -0.315686 0.912817 0.259051
    outer loop
      vertex -0.0659218 0.0474689 0.00178683
      vertex -0.0657645 0.047568 0.00162949
      vertex -0.0658093 0.047568 0.00157493
    endloop
  endfacet
  facet normal -0.161468 0.977943 0.132501
    outer loop
      vertex -0.0658093 0.047568 0.00157493
      vertex -0.0657645 0.047568 0.00162949
      vertex -0.0656112 0.0476186 0.00144256
    endloop
  endfacet
  facet normal -0.161453 0.977943 0.132513
    outer loop
      vertex -0.0657645 0.047568 0.00162949
      vertex -0.065596 0.0476186 0.00146102
      vertex -0.0656112 0.0476186 0.00144256
    endloop
  endfacet
  facet normal -0.0406668 0.998615 0.0333775
    outer loop
      vertex -0.0656112 0.0476186 0.00144256
      vertex -0.065596 0.0476186 0.00146102
      vertex -0.0655099 0.047625 0.0013749
    endloop
  endfacet
  facet normal -0.913758 0.104545 0.392578
    outer loop
      vertex -0.0665863 0.0464599 0.00182077
      vertex -0.0665743 0.0464599 0.00184879
      vertex -0.0665628 0.0467021 0.00181102
    endloop
  endfacet
  facet normal -0.876114 0.114565 0.468293
    outer loop
      vertex -0.0665743 0.0464599 0.00184879
      vertex -0.0664575 0.0467021 0.00200805
      vertex -0.0665628 0.0467021 0.00181102
    endloop
  endfacet
  facet normal -0.839144 0.307664 0.448532
    outer loop
      vertex -0.0665628 0.0467021 0.00181102
      vertex -0.0664575 0.0467021 0.00200805
      vertex -0.0664933 0.0469338 0.00178222
    endloop
  endfacet
  facet normal -0.839153 0.307653 0.448522
    outer loop
      vertex -0.0664575 0.0467021 0.00200805
      vertex -0.0663949 0.0469338 0.00196623
      vertex -0.0664933 0.0469338 0.00178222
    endloop
  endfacet
  facet normal -0.764698 0.498177 0.408726
    outer loop
      vertex -0.0664933 0.0469338 0.00178222
      vertex -0.0663949 0.0469338 0.00196623
      vertex -0.0663807 0.0471447 0.00173561
    endloop
  endfacet
  facet normal -0.764686 0.498187 0.408736
    outer loop
      vertex -0.0663949 0.0469338 0.00196623
      vertex -0.0662936 0.0471447 0.00189857
      vertex -0.0663807 0.0471447 0.00173561
    endloop
  endfacet
  facet normal -0.656805 0.66735 0.351072
    outer loop
      vertex -0.0663807 0.0471447 0.00173561
      vertex -0.0662936 0.0471447 0.00189857
      vertex -0.0662302 0.0473257 0.00167324
    endloop
  endfacet
  facet normal -0.656792 0.667358 0.351082
    outer loop
      vertex -0.0662936 0.0471447 0.00189857
      vertex -0.0661581 0.0473257 0.00180803
      vertex -0.0662302 0.0473257 0.00167324
    endloop
  endfacet
  facet normal -0.520016 0.807661 0.27797
    outer loop
      vertex -0.0662302 0.0473257 0.00167324
      vertex -0.0661581 0.0473257 0.00180803
      vertex -0.0660481 0.0474689 0.00159783
    endloop
  endfacet
  facet normal -0.52001 0.807663 0.277975
    outer loop
      vertex -0.0661581 0.0473257 0.00180803
      vertex -0.0659943 0.0474689 0.00169855
      vertex -0.0660481 0.0474689 0.00159783
    endloop
  endfacet
  facet normal -0.360141 0.912817 0.192516
    outer loop
      vertex -0.0660481 0.0474689 0.00159783
      vertex -0.0659943 0.0474689 0.00169855
      vertex -0.0658425 0.047568 0.00151268
    endloop
  endfacet
  facet normal -0.360139 0.912818 0.192518
    outer loop
      vertex -0.0659943 0.0474689 0.00169855
      vertex -0.0658093 0.047568 0.00157493
      vertex -0.0658425 0.047568 0.00151268
    endloop
  endfacet
  facet normal -0.184208 0.977942 0.0984716
    outer loop
      vertex -0.0658425 0.047568 0.00151268
      vertex -0.0658093 0.047568 0.00157493
      vertex -0.0656224 0.0476186 0.00142151
    endloop
  endfacet
  facet normal -0.184196 0.977943 0.0984862
    outer loop
      vertex -0.0658093 0.047568 0.00157493
      vertex -0.0656112 0.0476186 0.00144256
      vertex -0.0656224 0.0476186 0.00142151
    endloop
  endfacet
  facet normal -0.0463941 0.998615 0.0248061
    outer loop
      vertex -0.0656224 0.0476186 0.00142151
      vertex -0.0656112 0.0476186 0.00144256
      vertex -0.0655099 0.047625 0.0013749
    endloop
  endfacet
  facet normal -0.974169 0.10451 0.200183
    outer loop
      vertex -0.0666526 0.0464599 0.0016022
      vertex -0.0666495 0.0464599 0.00161714
      vertex -0.0666276 0.0467021 0.00159723
    endloop
  endfacet
  facet normal -0.951159 0.109692 0.288555
    outer loop
      vertex -0.0666495 0.0464599 0.00161714
      vertex -0.0665628 0.0467021 0.00181102
      vertex -0.0666276 0.0467021 0.00159723
    endloop
  endfacet
  facet normal -0.910517 0.307666 0.276225
    outer loop
      vertex -0.0666276 0.0467021 0.00159723
      vertex -0.0665628 0.0467021 0.00181102
      vertex -0.0665538 0.0469338 0.00158255
    endloop
  endfacet
  facet normal -0.910518 0.307664 0.276223
    outer loop
      vertex -0.0665628 0.0467021 0.00181102
      vertex -0.0664933 0.0469338 0.00178222
      vertex -0.0665538 0.0469338 0.00158255
    endloop
  endfacet
  facet normal -0.829725 0.498193 0.251713
    outer loop
      vertex -0.0665538 0.0469338 0.00158255
      vertex -0.0664933 0.0469338 0.00178222
      vertex -0.0664344 0.0471447 0.00155879
    endloop
  endfacet
  facet normal -0.829743 0.498175 0.251692
    outer loop
      vertex -0.0664933 0.0469338 0.00178222
      vertex -0.0663807 0.0471447 0.00173561
      vertex -0.0664344 0.0471447 0.00155879
    endloop
  endfacet
  facet normal -0.712675 0.667353 0.216181
    outer loop
      vertex -0.0664344 0.0471447 0.00155879
      vertex -0.0663807 0.0471447 0.00173561
      vertex -0.0662745 0.0473257 0.00152699
    endloop
  endfacet
  facet normal -0.712681 0.667349 0.216174
    outer loop
      vertex -0.0663807 0.0471447 0.00173561
      vertex -0.0662302 0.0473257 0.00167324
      vertex -0.0662745 0.0473257 0.00152699
    endloop
  endfacet
  facet normal -0.56426 0.807661 0.171154
    outer loop
      vertex -0.0662745 0.0473257 0.00152699
      vertex -0.0662302 0.0473257 0.00167324
      vertex -0.0660813 0.0474689 0.00148855
    endloop
  endfacet
  facet normal -0.564261 0.807661 0.171153
    outer loop
      vertex -0.0662302 0.0473257 0.00167324
      vertex -0.0660481 0.0474689 0.00159783
      vertex -0.0660813 0.0474689 0.00148855
    endloop
  endfacet
  facet normal -0.39079 0.912816 0.118535
    outer loop
      vertex -0.0660813 0.0474689 0.00148855
      vertex -0.0660481 0.0474689 0.00159783
      vertex -0.065863 0.047568 0.00144514
    endloop
  endfacet
  facet normal -0.39078 0.912818 0.118548
    outer loop
      vertex -0.0660481 0.0474689 0.00159783
      vertex -0.0658425 0.047568 0.00151268
      vertex -0.065863 0.047568 0.00144514
    endloop
  endfacet
  facet normal -0.199879 0.977943 0.0606357
    outer loop
      vertex -0.065863 0.047568 0.00144514
      vertex -0.0658425 0.047568 0.00151268
      vertex -0.0656293 0.0476186 0.00139866
    endloop
  endfacet
  facet normal -0.199885 0.977942 0.0606235
    outer loop
      vertex -0.0658425 0.047568 0.00151268
      vertex -0.0656224 0.0476186 0.00142151
      vertex -0.0656293 0.0476186 0.00139866
    endloop
  endfacet
  facet normal -0.0503444 0.998615 0.015269
    outer loop
      vertex -0.0656293 0.0476186 0.00139866
      vertex -0.0656224 0.0476186 0.00142151
      vertex -0.0655099 0.047625 0.0013749
    endloop
  endfacet
  facet normal -0.887575 0.452292 0.0874197
    outer loop
      vertex -0.0665189 0.0470425 0.0013749
      vertex -0.0665743 0.0469338 0.0013749
      vertex -0.0665538 0.0469338 0.00158255
    endloop
  endfacet
  facet normal -0.929675 0.356819 0.0915663
    outer loop
      vertex -0.0665743 0.0469338 0.0013749
      vertex -0.066618 0.0468199 0.0013749
      vertex -0.0665538 0.0469338 0.00158255
    endloop
  endfacet
  facet normal -0.943362 0.308379 0.122354
    outer loop
      vertex -0.0665538 0.0469338 0.00158255
      vertex -0.066618 0.0468199 0.0013749
      vertex -0.0666276 0.0467021 0.00159723
    endloop
  endfacet
  facet normal -0.961575 0.257689 0.0947045
    outer loop
      vertex -0.066618 0.0468199 0.0013749
      vertex -0.0666495 0.0467021 0.0013749
      vertex -0.0666276 0.0467021 0.00159723
    endloop
  endfacet
  facet normal -0.989787 0.104014 0.097483
    outer loop
      vertex -0.0666276 0.0467021 0.00159723
      vertex -0.0666495 0.0467021 0.0013749
      vertex -0.0666526 0.0464599 0.0016022
    endloop
  endfacet
  facet normal -0.989785 0.104024 0.0974938
    outer loop
      vertex -0.0666495 0.0467021 0.0013749
      vertex -0.066675 0.0464599 0.0013749
      vertex -0.0666526 0.0464599 0.0016022
    endloop
  endfacet
  facet normal -0.995184 -0.098026 0
    outer loop
      vertex -0.066675 -0.0464599 0.0013749
      vertex -0.066675 -0.0464599 0.0011651
      vertex -0.0666526 -0.0466872 0.0011651
    endloop
  endfacet
  facet normal -0.994497 -0.10452 0.00710849
    outer loop
      vertex -0.066675 -0.0464599 0.0013749
      vertex -0.0666526 -0.0466872 0.0011651
      vertex -0.0666495 -0.0467021 0.0013749
    endloop
  endfacet
  facet normal -0.967591 -0.252495 -0.0038213
    outer loop
      vertex -0.0666526 -0.0466872 0.0011651
      vertex -0.066618 -0.0468199 0.0011651
      vertex -0.0666495 -0.0467021 0.0013749
    endloop
  endfacet
  facet normal -0.965917 -0.258853 0
    outer loop
      vertex -0.0666495 -0.0467021 0.0013749
      vertex -0.066618 -0.0468199 0.0011651
      vertex -0.066618 -0.0468199 0.0013749
    endloop
  endfacet
  facet normal -0.933597 -0.358324 0
    outer loop
      vertex -0.066618 -0.0468199 0.0013749
      vertex -0.066618 -0.0468199 0.0011651
      vertex -0.0665743 -0.0469338 0.0013749
    endloop
  endfacet
  facet normal -0.938189 -0.346039 0.00762311
    outer loop
      vertex -0.066618 -0.0468199 0.0011651
      vertex -0.0665863 -0.0469058 0.0011651
      vertex -0.0665743 -0.0469338 0.0013749
    endloop
  endfacet
  facet normal -0.890946 -0.45401 -0.00950884
    outer loop
      vertex -0.0665743 -0.0469338 0.0013749
      vertex -0.0665863 -0.0469058 0.0011651
      vertex -0.0665189 -0.0470425 0.0013749
    endloop
  endfacet
  facet normal -0.896853 -0.442328 0
    outer loop
      vertex -0.0665863 -0.0469058 0.0011651
      vertex -0.0665189 -0.0470425 0.0011651
      vertex -0.0665189 -0.0470425 0.0013749
    endloop
  endfacet
  facet normal -0.838691 -0.544607 0
    outer loop
      vertex -0.0665189 -0.0470425 0.0013749
      vertex -0.0665189 -0.0470425 0.0011651
      vertex -0.0664525 -0.0471447 0.0013749
    endloop
  endfacet
  facet normal -0.849181 -0.527978 0.0114274
    outer loop
      vertex -0.0665189 -0.0470425 0.0011651
      vertex -0.0664786 -0.0471072 0.0011651
      vertex -0.0664525 -0.0471447 0.0013749
    endloop
  endfacet
  facet normal -0.777046 -0.629248 -0.0156832
    outer loop
      vertex -0.0664525 -0.0471447 0.0013749
      vertex -0.0664786 -0.0471072 0.0011651
      vertex -0.0663757 -0.0472395 0.0013749
    endloop
  endfacet
  facet normal -0.789347 -0.613947 0
    outer loop
      vertex -0.0664786 -0.0471072 0.0011651
      vertex -0.0663757 -0.0472395 0.0011651
      vertex -0.0663757 -0.0472395 0.0013749
    endloop
  endfacet
  facet normal -0.725339 -0.688391 0
    outer loop
      vertex -0.0663757 -0.0472395 0.0011651
      vertex -0.0663337 -0.0472838 0.0011651
      vertex -0.0663757 -0.0472395 0.0013749
    endloop
  endfacet
  facet normal -0.707086 -0.707086 0.00759581
    outer loop
      vertex -0.0663757 -0.0472395 0.0013749
      vertex -0.0663337 -0.0472838 0.0011651
      vertex -0.0662895 -0.0473257 0.0013749
    endloop
  endfacet
  facet normal -0.649378 -0.760314 -0.0152256
    outer loop
      vertex -0.0663337 -0.0472838 0.0011651
      vertex -0.0661947 -0.0474025 0.0011651
      vertex -0.0662895 -0.0473257 0.0013749
    endloop
  endfacet
  facet normal -0.0980244 -0.995184 0
    outer loop
      vertex -0.0655099 -0.047625 0.0011651
      vertex -0.0655099 -0.047625 0.0013749
      vertex -0.0657372 -0.0476026 0.0011651
    endloop
  endfacet
  facet normal -0.0522919 -0.99739 -0.0497822
    outer loop
      vertex -0.0655099 -0.047625 0.0013749
      vertex -0.0656317 -0.0476186 0.0013749
      vertex -0.0657372 -0.0476026 0.0011651
    endloop
  endfacet
  facet normal -0.201444 -0.979138 0.0266219
    outer loop
      vertex -0.0657372 -0.0476026 0.0011651
      vertex -0.0656317 -0.0476186 0.0013749
      vertex -0.0657521 -0.0475995 0.0011651
    endloop
  endfacet
  facet normal -0.156428 -0.987689 0
    outer loop
      vertex -0.0656317 -0.0476186 0.0013749
      vertex -0.0657521 -0.0475995 0.0013749
      vertex -0.0657521 -0.0475995 0.0011651
    endloop
  endfacet
  facet normal -0.296536 -0.955022 0
    outer loop
      vertex -0.0657521 -0.0475995 0.0011651
      vertex -0.0657521 -0.0475995 0.0013749
      vertex -0.0659558 -0.0475363 0.0011651
    endloop
  endfacet
  facet normal -0.258626 -0.965155 -0.0398465
    outer loop
      vertex -0.0657521 -0.0475995 0.0013749
      vertex -0.0658699 -0.047568 0.0013749
      vertex -0.0659558 -0.0475363 0.0011651
    endloop
  endfacet
  facet normal -0.394671 -0.918538 0.0228443
    outer loop
      vertex -0.0659558 -0.0475363 0.0011651
      vertex -0.0658699 -0.047568 0.0013749
      vertex -0.0659838 -0.0475243 0.0011651
    endloop
  endfacet
  facet normal -0.358351 -0.933587 0
    outer loop
      vertex -0.0658699 -0.047568 0.0013749
      vertex -0.0659838 -0.0475243 0.0013749
      vertex -0.0659838 -0.0475243 0.0011651
    endloop
  endfacet
  facet normal -0.482893 -0.875679 0
    outer loop
      vertex -0.0659838 -0.0475243 0.0011651
      vertex -0.0659838 -0.0475243 0.0013749
      vertex -0.0661572 -0.0474286 0.0011651
    endloop
  endfacet
  facet normal -0.453753 -0.890592 -0.0308829
    outer loop
      vertex -0.0659838 -0.0475243 0.0013749
      vertex -0.0660925 -0.0474689 0.0013749
      vertex -0.0661572 -0.0474286 0.0011651
    endloop
  endfacet
  facet normal -0.571729 -0.820222 0.019029
    outer loop
      vertex -0.0661572 -0.0474286 0.0011651
      vertex -0.0660925 -0.0474689 0.0013749
      vertex -0.0661947 -0.0474025 0.0011651
    endloop
  endfacet
  facet normal -0.544664 -0.838654 0
    outer loop
      vertex -0.0660925 -0.0474689 0.0013749
      vertex -0.0661947 -0.0474025 0.0013749
      vertex -0.0661947 -0.0474025 0.0011651
    endloop
  endfacet
  facet normal -0.629311 -0.777154 0
    outer loop
      vertex -0.0661947 -0.0474025 0.0011651
      vertex -0.0661947 -0.0474025 0.0013749
      vertex -0.0662895 -0.0473257 0.0013749
    endloop
  endfacet
  facet normal 0 -0.979484 0.20152
    outer loop
      vertex 0.0655099 -0.0476026 0.0016022
      vertex 0.0655099 -0.0475995 0.00161714
      vertex -0.0655099 -0.0475995 0.00161714
    endloop
  endfacet
  facet normal 0 -0.918792 0.394741
    outer loop
      vertex 0.0655099 -0.0475363 0.00182077
      vertex 0.0655099 -0.0475243 0.00184879
      vertex -0.0655099 -0.0475243 0.00184879
    endloop
  endfacet
  facet normal 0 -0.820407 0.57178
    outer loop
      vertex 0.0655099 -0.0474286 0.0020222
      vertex 0.0655099 -0.0474025 0.00205973
      vertex -0.0655099 -0.0474025 0.00205973
    endloop
  endfacet
  facet normal -8.51372e-5 -0.252491 0.967599
    outer loop
      vertex 0.0655099 -0.0468199 0.00248298
      vertex 0.0655099 -0.0466872 0.00251761
      vertex -0.0655099 -0.0465817 0.00253362
    endloop
  endfacet
  facet normal 4.26308e-5 -0.0980179 0.995185
    outer loop
      vertex 0.0655099 -0.0466872 0.00251761
      vertex 0.0655099 -0.0464599 0.00254
      vertex -0.0655099 -0.0465817 0.00253362
    endloop
  endfacet
  facet normal 0 -0.0523359 0.99863
    outer loop
      vertex -0.0655099 -0.0465817 0.00253362
      vertex 0.0655099 -0.0464599 0.00254
      vertex -0.0655099 -0.0464599 0.00254
    endloop
  endfacet
  facet normal 9.72923e-5 -0.156437 0.987688
    outer loop
      vertex -0.0655099 -0.0465817 0.00253362
      vertex -0.0655099 -0.0467021 0.00251454
      vertex 0.0655099 -0.0468199 0.00248298
    endloop
  endfacet
  facet normal 0 -0.258819 0.965926
    outer loop
      vertex -0.0655099 -0.0467021 0.00251454
      vertex -0.0655099 -0.0468199 0.00248298
      vertex 0.0655099 -0.0468199 0.00248298
    endloop
  endfacet
  facet normal 0 -0.346109 0.938194
    outer loop
      vertex 0.0655099 -0.0468199 0.00248298
      vertex -0.0655099 -0.0468199 0.00248298
      vertex 0.0655099 -0.0469058 0.00245131
    endloop
  endfacet
  facet normal -9.14758e-6 -0.358371 0.933579
    outer loop
      vertex -0.0655099 -0.0468199 0.00248298
      vertex -0.0655099 -0.0469338 0.00243927
      vertex 0.0655099 -0.0469058 0.00245131
    endloop
  endfacet
  facet normal 1.21742e-5 -0.442291 0.896872
    outer loop
      vertex 0.0655099 -0.0469058 0.00245131
      vertex -0.0655099 -0.0469338 0.00243927
      vertex 0.0655099 -0.0470425 0.00238391
    endloop
  endfacet
  facet normal 0 -0.453984 0.89101
    outer loop
      vertex -0.0655099 -0.0469338 0.00243927
      vertex -0.0655099 -0.0470425 0.00238391
      vertex 0.0655099 -0.0470425 0.00238391
    endloop
  endfacet
  facet normal 0 -0.528063 0.849205
    outer loop
      vertex 0.0655099 -0.0470425 0.00238391
      vertex -0.0655099 -0.0470425 0.00238391
      vertex 0.0655099 -0.0471072 0.00234365
    endloop
  endfacet
  facet normal -1.14297e-5 -0.544641 0.838669
    outer loop
      vertex -0.0655099 -0.0470425 0.00238391
      vertex -0.0655099 -0.0471447 0.00231749
      vertex 0.0655099 -0.0471072 0.00234365
    endloop
  endfacet
  facet normal 1.82708e-5 -0.613945 0.789349
    outer loop
      vertex 0.0655099 -0.0471072 0.00234365
      vertex -0.0655099 -0.0471447 0.00231749
      vertex 0.0655099 -0.0472395 0.00224074
    endloop
  endfacet
  facet normal 0 -0.629321 0.777145
    outer loop
      vertex -0.0655099 -0.0471447 0.00231749
      vertex -0.0655099 -0.0472395 0.00224074
      vertex 0.0655099 -0.0472395 0.00224074
    endloop
  endfacet
  facet normal 0 -0.688361 0.725368
    outer loop
      vertex 0.0655099 -0.0472395 0.00224074
      vertex -0.0655099 -0.0472395 0.00224074
      vertex 0.0655099 -0.0472838 0.00219875
    endloop
  endfacet
  facet normal -4.86577e-5 -0.760403 0.649451
    outer loop
      vertex 0.0655099 -0.0472838 0.00219875
      vertex -0.0655099 -0.0472395 0.00224074
      vertex 0.0655099 -0.0474025 0.00205973
    endloop
  endfacet
  facet normal 9.7284e-5 -0.707111 0.707103
    outer loop
      vertex -0.0655099 -0.0472395 0.00224074
      vertex -0.0655099 -0.0473257 0.0021545
      vertex 0.0655099 -0.0474025 0.00205973
    endloop
  endfacet
  facet normal 0 -0.777142 0.629326
    outer loop
      vertex 0.0655099 -0.0474025 0.00205973
      vertex -0.0655099 -0.0473257 0.0021545
      vertex -0.0655099 -0.0474025 0.00205973
    endloop
  endfacet
  facet normal -3.64936e-5 -0.875672 0.482907
    outer loop
      vertex 0.0655099 -0.0474286 0.0020222
      vertex -0.0655099 -0.0474025 0.00205973
      vertex 0.0655099 -0.0475243 0.00184879
    endloop
  endfacet
  facet normal 9.73057e-5 -0.838665 0.544647
    outer loop
      vertex -0.0655099 -0.0474025 0.00205973
      vertex -0.0655099 -0.0474689 0.00195745
      vertex 0.0655099 -0.0475243 0.00184879
    endloop
  endfacet
  facet normal 0 -0.891007 0.453989
    outer loop
      vertex 0.0655099 -0.0475243 0.00184879
      vertex -0.0655099 -0.0474689 0.00195745
      vertex -0.0655099 -0.0475243 0.00184879
    endloop
  endfacet
  facet normal -2.43355e-5 -0.955023 0.296533
    outer loop
      vertex 0.0655099 -0.0475363 0.00182077
      vertex -0.0655099 -0.0475243 0.00184879
      vertex 0.0655099 -0.0475995 0.00161714
    endloop
  endfacet
  facet normal 9.72716e-5 -0.933588 0.358349
    outer loop
      vertex -0.0655099 -0.0475243 0.00184879
      vertex -0.0655099 -0.047568 0.00173494
      vertex 0.0655099 -0.0475995 0.00161714
    endloop
  endfacet
  facet normal 0 -0.965925 0.258824
    outer loop
      vertex 0.0655099 -0.0475995 0.00161714
      vertex -0.0655099 -0.047568 0.00173494
      vertex -0.0655099 -0.0475995 0.00161714
    endloop
  endfacet
  facet normal -1.2168e-5 -0.995184 0.0980256
    outer loop
      vertex 0.0655099 -0.0476026 0.0016022
      vertex -0.0655099 -0.0475995 0.00161714
      vertex 0.0655099 -0.047625 0.0013749
    endloop
  endfacet
  facet normal 9.72719e-5 -0.987689 0.156431
    outer loop
      vertex -0.0655099 -0.0475995 0.00161714
      vertex -0.0655099 -0.0476186 0.00149669
      vertex 0.0655099 -0.047625 0.0013749
    endloop
  endfacet
  facet normal 0 -0.998628 0.0523574
    outer loop
      vertex 0.0655099 -0.047625 0.0013749
      vertex -0.0655099 -0.0476186 0.00149669
      vertex -0.0655099 -0.047625 0.0013749
    endloop
  endfacet
  facet normal 0 0.0980179 0.995185
    outer loop
      vertex -0.0655099 0.0464599 0.00254
      vertex 0.0655099 0.0464599 0.00254
      vertex 0.0655099 0.0466872 0.00251761
    endloop
  endfacet
  facet normal 6.0926e-6 0.252491 0.967599
    outer loop
      vertex 0.0655099 0.0468199 0.00248298
      vertex -0.0655099 0.0467021 0.00251454
      vertex 0.0655099 0.0466872 0.00251761
    endloop
  endfacet
  facet normal -5.33031e-6 0.156437 0.987688
    outer loop
      vertex -0.0655099 0.0467021 0.00251454
      vertex -0.0655099 0.0465817 0.00253362
      vertex 0.0655099 0.0466872 0.00251761
    endloop
  endfacet
  facet normal 7.98397e-5 0.0523359 0.99863
    outer loop
      vertex 0.0655099 0.0466872 0.00251761
      vertex -0.0655099 0.0465817 0.00253362
      vertex -0.0655099 0.0464599 0.00254
    endloop
  endfacet
  facet normal 0 0.995184 0.0980256
    outer loop
      vertex 0.0655099 0.047625 0.0013749
      vertex -0.0655099 0.047625 0.0013749
      vertex 0.0655099 0.0476026 0.0016022
    endloop
  endfacet
  facet normal 7.98161e-5 0.998628 0.0523574
    outer loop
      vertex -0.0655099 0.047625 0.0013749
      vertex -0.0655099 0.0476186 0.00149669
      vertex 0.0655099 0.0476026 0.0016022
    endloop
  endfacet
  facet normal -4.26464e-5 0.979484 0.20152
    outer loop
      vertex 0.0655099 0.0476026 0.0016022
      vertex -0.0655099 0.0476186 0.00149669
      vertex 0.0655099 0.0475995 0.00161714
    endloop
  endfacet
  facet normal 0 0.987689 0.156431
    outer loop
      vertex -0.0655099 0.0476186 0.00149669
      vertex -0.0655099 0.0475995 0.00161714
      vertex 0.0655099 0.0475995 0.00161714
    endloop
  endfacet
  facet normal 0 0.955023 0.296533
    outer loop
      vertex 0.0655099 0.0475995 0.00161714
      vertex -0.0655099 0.0475995 0.00161714
      vertex 0.0655099 0.0475363 0.00182077
    endloop
  endfacet
  facet normal 6.38675e-5 0.965925 0.258824
    outer loop
      vertex -0.0655099 0.0475995 0.00161714
      vertex -0.0655099 0.047568 0.00173494
      vertex 0.0655099 0.0475363 0.00182077
    endloop
  endfacet
  facet normal -3.6559e-5 0.918792 0.394741
    outer loop
      vertex 0.0655099 0.0475363 0.00182077
      vertex -0.0655099 0.047568 0.00173494
      vertex 0.0655099 0.0475243 0.00184879
    endloop
  endfacet
  facet normal 0 0.933588 0.358349
    outer loop
      vertex -0.0655099 0.047568 0.00173494
      vertex -0.0655099 0.0475243 0.00184879
      vertex 0.0655099 0.0475243 0.00184879
    endloop
  endfacet
  facet normal 0 0.875672 0.482907
    outer loop
      vertex 0.0655099 0.0475243 0.00184879
      vertex -0.0655099 0.0475243 0.00184879
      vertex 0.0655099 0.0474286 0.0020222
    endloop
  endfacet
  facet normal 4.94667e-5 0.891007 0.453989
    outer loop
      vertex -0.0655099 0.0475243 0.00184879
      vertex -0.0655099 0.0474689 0.00195745
      vertex 0.0655099 0.0474286 0.0020222
    endloop
  endfacet
  facet normal -3.04367e-5 0.820407 0.57178
    outer loop
      vertex 0.0655099 0.0474286 0.0020222
      vertex -0.0655099 0.0474689 0.00195745
      vertex 0.0655099 0.0474025 0.00205973
    endloop
  endfacet
  facet normal 0 0.838665 0.544647
    outer loop
      vertex -0.0655099 0.0474689 0.00195745
      vertex -0.0655099 0.0474025 0.00205973
      vertex 0.0655099 0.0474025 0.00205973
    endloop
  endfacet
  facet normal 0 0.760403 0.649451
    outer loop
      vertex 0.0655099 0.0474025 0.00205973
      vertex -0.0655099 0.0474025 0.00205973
      vertex 0.0655099 0.0472838 0.00219875
    endloop
  endfacet
  facet normal 3.65235e-5 0.777142 0.629326
    outer loop
      vertex -0.0655099 0.0474025 0.00205973
      vertex -0.0655099 0.0473257 0.0021545
      vertex 0.0655099 0.0472838 0.00219875
    endloop
  endfacet
  facet normal -2.43617e-5 0.688361 0.725368
    outer loop
      vertex 0.0655099 0.0472838 0.00219875
      vertex -0.0655099 0.0473257 0.0021545
      vertex 0.0655099 0.0472395 0.00224074
    endloop
  endfacet
  facet normal 0 0.707111 0.707103
    outer loop
      vertex -0.0655099 0.0473257 0.0021545
      vertex -0.0655099 0.0472395 0.00224074
      vertex 0.0655099 0.0472395 0.00224074
    endloop
  endfacet
  facet normal 0 0.613945 0.789349
    outer loop
      vertex 0.0655099 0.0472395 0.00224074
      vertex -0.0655099 0.0472395 0.00224074
      vertex 0.0655099 0.0471072 0.00234365
    endloop
  endfacet
  facet normal 2.5112e-5 0.629321 0.777145
    outer loop
      vertex -0.0655099 0.0472395 0.00224074
      vertex -0.0655099 0.0471447 0.00231749
      vertex 0.0655099 0.0471072 0.00234365
    endloop
  endfacet
  facet normal -1.82822e-5 0.528063 0.849205
    outer loop
      vertex 0.0655099 0.0471072 0.00234365
      vertex -0.0655099 0.0471447 0.00231749
      vertex 0.0655099 0.0470425 0.00238391
    endloop
  endfacet
  facet normal 0 0.544641 0.838669
    outer loop
      vertex -0.0655099 0.0471447 0.00231749
      vertex -0.0655099 0.0470425 0.00238391
      vertex 0.0655099 0.0470425 0.00238391
    endloop
  endfacet
  facet normal 0 0.442291 0.896872
    outer loop
      vertex 0.0655099 0.0470425 0.00238391
      vertex -0.0655099 0.0470425 0.00238391
      vertex 0.0655099 0.0469058 0.00245131
    endloop
  endfacet
  facet normal 1.52135e-5 0.453984 0.89101
    outer loop
      vertex -0.0655099 0.0470425 0.00238391
      vertex -0.0655099 0.0469338 0.00243927
      vertex 0.0655099 0.0469058 0.00245131
    endloop
  endfacet
  facet normal -1.2194e-5 0.346109 0.938194
    outer loop
      vertex 0.0655099 0.0469058 0.00245131
      vertex -0.0655099 0.0469338 0.00243927
      vertex 0.0655099 0.0468199 0.00248298
    endloop
  endfacet
  facet normal 0 0.358371 0.933579
    outer loop
      vertex -0.0655099 0.0469338 0.00243927
      vertex -0.0655099 0.0468199 0.00248298
      vertex 0.0655099 0.0468199 0.00248298
    endloop
  endfacet
  facet normal 0 0.258819 0.965926
    outer loop
      vertex 0.0655099 0.0468199 0.00248298
      vertex -0.0655099 0.0468199 0.00248298
      vertex -0.0655099 0.0467021 0.00251454
    endloop
  endfacet
  facet normal 0.104105 0.949833 0.294922
    outer loop
      vertex 0.0655099 0.0475995 0.00161714
      vertex 0.0655099 0.0475363 0.00182077
      vertex 0.0657521 0.0475128 0.00181102
    endloop
  endfacet
  facet normal 0.104158 0.870908 0.480281
    outer loop
      vertex 0.0655099 0.0475243 0.00184879
      vertex 0.0655099 0.0474286 0.0020222
      vertex 0.0657521 0.0474075 0.00200805
    endloop
  endfacet
  facet normal 0.1042 0.756264 0.645916
    outer loop
      vertex 0.0655099 0.0474025 0.00205973
      vertex 0.0655099 0.0472838 0.00219875
      vertex 0.0657521 0.0472657 0.00218075
    endloop
  endfacet
  facet normal 0.104259 0.610599 0.785047
    outer loop
      vertex 0.0655099 0.0472395 0.00224074
      vertex 0.0655099 0.0471072 0.00234365
      vertex 0.0657521 0.0470931 0.00232248
    endloop
  endfacet
  facet normal 0.356865 0.0915627 0.929658
    outer loop
      vertex 0.0658699 0.0464599 0.00248298
      vertex 0.0659838 0.0464599 0.00243927
      vertex 0.0659838 0.0466675 0.00241882
    endloop
  endfacet
  facet normal 0.542806 0.0823208 0.835814
    outer loop
      vertex 0.0660925 0.0464599 0.00238391
      vertex 0.0661947 0.0464599 0.00231749
      vertex 0.0661947 0.0466438 0.00229937
    endloop
  endfacet
  facet normal 0.705402 0.0694756 0.705394
    outer loop
      vertex 0.0662895 0.0464599 0.00224074
      vertex 0.0663757 0.0464599 0.0021545
      vertex 0.0663757 0.046612 0.00213952
    endloop
  endfacet
  facet normal 0.837489 0.0535614 0.543823
    outer loop
      vertex 0.0664525 0.0464599 0.00205973
      vertex 0.0665189 0.0464599 0.00195745
      vertex 0.0665189 0.0465736 0.00194626
    endloop
  endfacet
  facet normal 0.977943 0.0606306 0.199881
    outer loop
      vertex 0.066618 0.0465301 0.00172802
      vertex 0.0666686 0.0464837 0.00149435
      vertex 0.0666686 0.0465065 0.00148742
    endloop
  endfacet
  facet normal 0.998615 0.0152712 0.0503447
    outer loop
      vertex 0.0666686 0.0465065 0.00148742
      vertex 0.0666686 0.0464837 0.00149435
      vertex 0.066675 0.0464599 0.0013749
    endloop
  endfacet
  facet normal 0.933017 0.0352692 0.358099
    outer loop
      vertex 0.0665743 0.0464599 0.00184879
      vertex 0.066618 0.0464599 0.00173494
      vertex 0.066618 0.0465301 0.00172802
    endloop
  endfacet
  facet normal 0.965603 0.0254861 0.258768
    outer loop
      vertex 0.066618 0.0464599 0.00173494
      vertex 0.0666495 0.0464599 0.00161714
      vertex 0.066618 0.0465301 0.00172802
    endloop
  endfacet
  facet normal 0.97178 0.152027 0.180365
    outer loop
      vertex 0.066618 0.0465301 0.00172802
      vertex 0.0666495 0.0464599 0.00161714
      vertex 0.0666686 0.0464837 0.00149435
    endloop
  endfacet
  facet normal 0.987576 0.0154018 0.156383
    outer loop
      vertex 0.0666495 0.0464599 0.00161714
      vertex 0.0666686 0.0464599 0.00149669
      vertex 0.0666686 0.0464837 0.00149435
    endloop
  endfacet
  facet normal 0.998615 0.0051565 0.0523567
    outer loop
      vertex 0.0666686 0.0464837 0.00149435
      vertex 0.0666686 0.0464599 0.00149669
      vertex 0.066675 0.0464599 0.0013749
    endloop
  endfacet
  facet normal 0.890093 0.0446738 0.453584
    outer loop
      vertex 0.0665189 0.0464599 0.00195745
      vertex 0.0665743 0.0464599 0.00184879
      vertex 0.0665189 0.0465736 0.00194626
    endloop
  endfacet
  facet normal 0.913159 0.10779 0.393092
    outer loop
      vertex 0.0665743 0.0464599 0.00184879
      vertex 0.066618 0.0465301 0.00172802
      vertex 0.0665189 0.0465736 0.00194626
    endloop
  endfacet
  facet normal 0.912812 0.118547 0.390795
    outer loop
      vertex 0.0665189 0.0465736 0.00194626
      vertex 0.066618 0.0465301 0.00172802
      vertex 0.066618 0.0465977 0.00170753
    endloop
  endfacet
  facet normal 0.977942 0.0606336 0.199881
    outer loop
      vertex 0.066618 0.0465301 0.00172802
      vertex 0.0666686 0.0465065 0.00148742
      vertex 0.066618 0.0465977 0.00170753
    endloop
  endfacet
  facet normal 0.977942 0.0984766 0.184206
    outer loop
      vertex 0.066618 0.0465977 0.00170753
      vertex 0.0666686 0.0465065 0.00148742
      vertex 0.0666686 0.0465276 0.00147616
    endloop
  endfacet
  facet normal 0.998615 0.0248034 0.0463962
    outer loop
      vertex 0.0666686 0.0465065 0.00148742
      vertex 0.066675 0.0464599 0.0013749
      vertex 0.0666686 0.0465276 0.00147616
    endloop
  endfacet
  facet normal 0.775653 0.0618647 0.62812
    outer loop
      vertex 0.0663757 0.0464599 0.0021545
      vertex 0.0664525 0.0464599 0.00205973
      vertex 0.0663757 0.046612 0.00213952
    endloop
  endfacet
  facet normal 0.808985 0.10476 0.578419
    outer loop
      vertex 0.0664525 0.0464599 0.00205973
      vertex 0.0665189 0.0465736 0.00194626
      vertex 0.0663757 0.046612 0.00213952
    endloop
  endfacet
  facet normal 0.807674 0.171161 0.56424
    outer loop
      vertex 0.0663757 0.046612 0.00213952
      vertex 0.0665189 0.0465736 0.00194626
      vertex 0.0665189 0.0466828 0.00191311
    endloop
  endfacet
  facet normal 0.912812 0.118547 0.390795
    outer loop
      vertex 0.0665189 0.0465736 0.00194626
      vertex 0.066618 0.0465977 0.00170753
      vertex 0.0665189 0.0466828 0.00191311
    endloop
  endfacet
  facet normal 0.912812 0.192507 0.360159
    outer loop
      vertex 0.0665189 0.0466828 0.00191311
      vertex 0.066618 0.0465977 0.00170753
      vertex 0.066618 0.0466599 0.00167426
    endloop
  endfacet
  facet normal 0.977943 0.0984616 0.18421
    outer loop
      vertex 0.066618 0.0465977 0.00170753
      vertex 0.0666686 0.0465276 0.00147616
      vertex 0.066618 0.0466599 0.00167426
    endloop
  endfacet
  facet normal 0.977943 0.132507 0.161461
    outer loop
      vertex 0.066618 0.0466599 0.00167426
      vertex 0.0666686 0.0465276 0.00147616
      vertex 0.0666686 0.046546 0.00146102
    endloop
  endfacet
  facet normal 0.998615 0.0333757 0.0406685
    outer loop
      vertex 0.0666686 0.0465276 0.00147616
      vertex 0.066675 0.0464599 0.0013749
      vertex 0.0666686 0.046546 0.00146102
    endloop
  endfacet
  facet normal 0.627471 0.0763204 0.774891
    outer loop
      vertex 0.0661947 0.0464599 0.00231749
      vertex 0.0662895 0.0464599 0.00224074
      vertex 0.0661947 0.0466438 0.00229937
    endloop
  endfacet
  facet normal 0.668706 0.110193 0.735316
    outer loop
      vertex 0.0662895 0.0464599 0.00224074
      vertex 0.0663757 0.046612 0.00213952
      vertex 0.0661947 0.0466438 0.00229937
    endloop
  endfacet
  facet normal 0.66734 0.216191 0.712684
    outer loop
      vertex 0.0661947 0.0466438 0.00229937
      vertex 0.0663757 0.046612 0.00213952
      vertex 0.0663757 0.0467582 0.00209516
    endloop
  endfacet
  facet normal 0.807674 0.171161 0.56424
    outer loop
      vertex 0.0663757 0.046612 0.00213952
      vertex 0.0665189 0.0466828 0.00191311
      vertex 0.0663757 0.0467582 0.00209516
    endloop
  endfacet
  facet normal 0.807673 0.277954 0.520006
    outer loop
      vertex 0.0663757 0.0467582 0.00209516
      vertex 0.0665189 0.0466828 0.00191311
      vertex 0.0665189 0.0467835 0.00185927
    endloop
  endfacet
  facet normal 0.912812 0.192512 0.360158
    outer loop
      vertex 0.0665189 0.0466828 0.00191311
      vertex 0.066618 0.0466599 0.00167426
      vertex 0.0665189 0.0467835 0.00185927
    endloop
  endfacet
  facet normal 0.912811 0.25908 0.31568
    outer loop
      vertex 0.0665189 0.0467835 0.00185927
      vertex 0.066618 0.0466599 0.00167426
      vertex 0.066618 0.0467145 0.00162949
    endloop
  endfacet
  facet normal 0.977943 0.13251 0.16146
    outer loop
      vertex 0.066618 0.0466599 0.00167426
      vertex 0.0666686 0.046546 0.00146102
      vertex 0.066618 0.0467145 0.00162949
    endloop
  endfacet
  facet normal 0.977943 0.161455 0.132515
    outer loop
      vertex 0.066618 0.0467145 0.00162949
      vertex 0.0666686 0.046546 0.00146102
      vertex 0.0666686 0.0465612 0.00144256
    endloop
  endfacet
  facet normal 0.998615 0.0406668 0.0333775
    outer loop
      vertex 0.0666686 0.046546 0.00146102
      vertex 0.066675 0.0464599 0.0013749
      vertex 0.0666686 0.0465612 0.00144256
    endloop
  endfacet
  facet normal 0.498187 0.251698 0.829734
    outer loop
      vertex 0.0661947 0.0468206 0.00224574
      vertex 0.0659838 0.0468672 0.00235825
      vertex 0.0659838 0.0466675 0.00241882
    endloop
  endfacet
  facet normal 0.155697 0.0968212 0.983048
    outer loop
      vertex 0.0656317 0.0464599 0.00253362
      vertex 0.0657521 0.0464599 0.00251454
      vertex 0.0657521 0.0466822 0.00249264
    endloop
  endfacet
  facet normal 0.257663 0.094707 0.961582
    outer loop
      vertex 0.0657521 0.0464599 0.00251454
      vertex 0.0658699 0.0464599 0.00248298
      vertex 0.0657521 0.0466822 0.00249264
    endloop
  endfacet
  facet normal 0.308389 0.122374 0.943356
    outer loop
      vertex 0.0658699 0.0464599 0.00248298
      vertex 0.0659838 0.0466675 0.00241882
      vertex 0.0657521 0.0466822 0.00249264
    endloop
  endfacet
  facet normal 0.307677 0.276204 0.91052
    outer loop
      vertex 0.0659838 0.0466675 0.00241882
      vertex 0.0659838 0.0468672 0.00235825
      vertex 0.0657521 0.0466822 0.00249264
    endloop
  endfacet
  facet normal 0.307676 0.276205 0.91052
    outer loop
      vertex 0.0657521 0.0466822 0.00249264
      vertex 0.0659838 0.0468672 0.00235825
      vertex 0.0657521 0.046896 0.00242779
    endloop
  endfacet
  facet normal 0.0520845 0.0978849 0.993834
    outer loop
      vertex 0.0655099 0.0464599 0.00254
      vertex 0.0656317 0.0464599 0.00253362
      vertex 0.0655099 0.0466872 0.00251761
    endloop
  endfacet
  facet normal 0.104273 0.125339 0.986619
    outer loop
      vertex 0.0656317 0.0464599 0.00253362
      vertex 0.0657521 0.0466822 0.00249264
      vertex 0.0655099 0.0466872 0.00251761
    endloop
  endfacet
  facet normal 0.104346 0.251112 0.962317
    outer loop
      vertex 0.0655099 0.0466872 0.00251761
      vertex 0.0657521 0.0466822 0.00249264
      vertex 0.0655099 0.0468199 0.00248298
    endloop
  endfacet
  facet normal 0.125821 0.287979 0.949335
    outer loop
      vertex 0.0657521 0.0466822 0.00249264
      vertex 0.0657521 0.046896 0.00242779
      vertex 0.0655099 0.0468199 0.00248298
    endloop
  endfacet
  facet normal 0.104451 0.344216 0.933062
    outer loop
      vertex 0.0655099 0.0468199 0.00248298
      vertex 0.0657521 0.046896 0.00242779
      vertex 0.0655099 0.0469058 0.00245131
    endloop
  endfacet
  facet normal 0.10431 0.439878 0.891979
    outer loop
      vertex 0.0657521 0.046896 0.00242779
      vertex 0.0655099 0.0470425 0.00238391
      vertex 0.0655099 0.0469058 0.00245131
    endloop
  endfacet
  facet normal 0.104472 0.525173 0.844558
    outer loop
      vertex 0.0655099 0.0471072 0.00234365
      vertex 0.0655099 0.0470425 0.00238391
      vertex 0.0657521 0.0470931 0.00232248
    endloop
  endfacet
  facet normal 0.124212 0.467742 0.875093
    outer loop
      vertex 0.0655099 0.0470425 0.00238391
      vertex 0.0657521 0.046896 0.00242779
      vertex 0.0657521 0.0470931 0.00232248
    endloop
  endfacet
  facet normal 0.307675 0.448526 0.839143
    outer loop
      vertex 0.0657521 0.0470931 0.00232248
      vertex 0.0657521 0.046896 0.00242779
      vertex 0.0659838 0.0470512 0.00225989
    endloop
  endfacet
  facet normal 0.307676 0.448525 0.839143
    outer loop
      vertex 0.0657521 0.046896 0.00242779
      vertex 0.0659838 0.0468672 0.00235825
      vertex 0.0659838 0.0470512 0.00225989
    endloop
  endfacet
  facet normal 0.498191 0.408728 0.764688
    outer loop
      vertex 0.0659838 0.0470512 0.00225989
      vertex 0.0659838 0.0468672 0.00235825
      vertex 0.0661947 0.0469836 0.00215863
    endloop
  endfacet
  facet normal 0.498186 0.408736 0.764687
    outer loop
      vertex 0.0659838 0.0468672 0.00235825
      vertex 0.0661947 0.0468206 0.00224574
      vertex 0.0661947 0.0469836 0.00215863
    endloop
  endfacet
  facet normal 0.667339 0.351076 0.656813
    outer loop
      vertex 0.0661947 0.0469836 0.00215863
      vertex 0.0661947 0.0468206 0.00224574
      vertex 0.0663757 0.046893 0.00202312
    endloop
  endfacet
  facet normal 0.104484 0.684594 0.721398
    outer loop
      vertex 0.0655099 0.0472838 0.00219875
      vertex 0.0655099 0.0472395 0.00224074
      vertex 0.0657521 0.0472657 0.00218075
    endloop
  endfacet
  facet normal 0.121792 0.62967 0.767257
    outer loop
      vertex 0.0655099 0.0472395 0.00224074
      vertex 0.0657521 0.0470931 0.00232248
      vertex 0.0657521 0.0472657 0.00218075
    endloop
  endfacet
  facet normal 0.307678 0.603618 0.735513
    outer loop
      vertex 0.0657521 0.0472657 0.00218075
      vertex 0.0657521 0.0470931 0.00232248
      vertex 0.0659838 0.0472125 0.00212753
    endloop
  endfacet
  facet normal 0.307675 0.603622 0.735511
    outer loop
      vertex 0.0657521 0.0470931 0.00232248
      vertex 0.0659838 0.0470512 0.00225989
      vertex 0.0659838 0.0472125 0.00212753
    endloop
  endfacet
  facet normal 0.498192 0.550063 0.67025
    outer loop
      vertex 0.0659838 0.0472125 0.00212753
      vertex 0.0659838 0.0470512 0.00225989
      vertex 0.0661947 0.0471264 0.00204141
    endloop
  endfacet
  facet normal 0.498192 0.550064 0.67025
    outer loop
      vertex 0.0659838 0.0470512 0.00225989
      vertex 0.0661947 0.0469836 0.00215863
      vertex 0.0661947 0.0471264 0.00204141
    endloop
  endfacet
  facet normal 0.66734 0.472468 0.5757
    outer loop
      vertex 0.0661947 0.0471264 0.00204141
      vertex 0.0661947 0.0469836 0.00215863
      vertex 0.0663757 0.0470112 0.00192616
    endloop
  endfacet
  facet normal 0.667338 0.472472 0.575699
    outer loop
      vertex 0.0661947 0.0469836 0.00215863
      vertex 0.0663757 0.046893 0.00202312
      vertex 0.0663757 0.0470112 0.00192616
    endloop
  endfacet
  facet normal 0.807674 0.374061 0.455787
    outer loop
      vertex 0.0663757 0.0470112 0.00192616
      vertex 0.0663757 0.046893 0.00202312
      vertex 0.0665189 0.0468718 0.00178683
    endloop
  endfacet
  facet normal 0.104512 0.815914 0.568649
    outer loop
      vertex 0.0655099 0.0474286 0.0020222
      vertex 0.0655099 0.0474025 0.00205973
      vertex 0.0657521 0.0474075 0.00200805
    endloop
  endfacet
  facet normal 0.118576 0.767565 0.629908
    outer loop
      vertex 0.0655099 0.0474025 0.00205973
      vertex 0.0657521 0.0472657 0.00218075
      vertex 0.0657521 0.0474075 0.00200805
    endloop
  endfacet
  facet normal 0.307671 0.735521 0.603611
    outer loop
      vertex 0.0657521 0.0474075 0.00200805
      vertex 0.0657521 0.0472657 0.00218075
      vertex 0.0659838 0.0473449 0.00196623
    endloop
  endfacet
  facet normal 0.307678 0.735514 0.603616
    outer loop
      vertex 0.0657521 0.0472657 0.00218075
      vertex 0.0659838 0.0472125 0.00212753
      vertex 0.0659838 0.0473449 0.00196623
    endloop
  endfacet
  facet normal 0.498187 0.670256 0.550061
    outer loop
      vertex 0.0659838 0.0473449 0.00196623
      vertex 0.0659838 0.0472125 0.00212753
      vertex 0.0661947 0.0472436 0.00189857
    endloop
  endfacet
  facet normal 0.498193 0.670248 0.550065
    outer loop
      vertex 0.0659838 0.0472125 0.00212753
      vertex 0.0661947 0.0471264 0.00204141
      vertex 0.0661947 0.0472436 0.00189857
    endloop
  endfacet
  facet normal 0.667341 0.575698 0.472469
    outer loop
      vertex 0.0661947 0.0472436 0.00189857
      vertex 0.0661947 0.0471264 0.00204141
      vertex 0.0663757 0.0471081 0.00180803
    endloop
  endfacet
  facet normal 0.66734 0.5757 0.472469
    outer loop
      vertex 0.0661947 0.0471264 0.00204141
      vertex 0.0663757 0.0470112 0.00192616
      vertex 0.0663757 0.0471081 0.00180803
    endloop
  endfacet
  facet normal 0.807672 0.45579 0.374061
    outer loop
      vertex 0.0663757 0.0471081 0.00180803
      vertex 0.0663757 0.0470112 0.00192616
      vertex 0.0665189 0.0469443 0.00169855
    endloop
  endfacet
  facet normal 0.807674 0.455785 0.374063
    outer loop
      vertex 0.0663757 0.0470112 0.00192616
      vertex 0.0665189 0.0468718 0.00178683
      vertex 0.0665189 0.0469443 0.00169855
    endloop
  endfacet
  facet normal 0.912813 0.315676 0.259076
    outer loop
      vertex 0.0665189 0.0469443 0.00169855
      vertex 0.0665189 0.0468718 0.00178683
      vertex 0.066618 0.0467593 0.00157493
    endloop
  endfacet
  facet normal 0.10453 0.913759 0.392578
    outer loop
      vertex 0.0655099 0.0475363 0.00182077
      vertex 0.0655099 0.0475243 0.00184879
      vertex 0.0657521 0.0475128 0.00181102
    endloop
  endfacet
  facet normal 0.11455 0.876116 0.468294
    outer loop
      vertex 0.0655099 0.0475243 0.00184879
      vertex 0.0657521 0.0474075 0.00200805
      vertex 0.0657521 0.0475128 0.00181102
    endloop
  endfacet
  facet normal 0.307669 0.839142 0.448531
    outer loop
      vertex 0.0657521 0.0475128 0.00181102
      vertex 0.0657521 0.0474075 0.00200805
      vertex 0.0659838 0.0474433 0.00178222
    endloop
  endfacet
  facet normal 0.30767 0.839141 0.448533
    outer loop
      vertex 0.0657521 0.0474075 0.00200805
      vertex 0.0659838 0.0473449 0.00196623
      vertex 0.0659838 0.0474433 0.00178222
    endloop
  endfacet
  facet normal 0.498187 0.764686 0.408735
    outer loop
      vertex 0.0659838 0.0474433 0.00178222
      vertex 0.0659838 0.0473449 0.00196623
      vertex 0.0661947 0.0473307 0.00173561
    endloop
  endfacet
  facet normal 0.498187 0.764686 0.408736
    outer loop
      vertex 0.0659838 0.0473449 0.00196623
      vertex 0.0661947 0.0472436 0.00189857
      vertex 0.0661947 0.0473307 0.00173561
    endloop
  endfacet
  facet normal 0.667342 0.656811 0.351075
    outer loop
      vertex 0.0661947 0.0473307 0.00173561
      vertex 0.0661947 0.0472436 0.00189857
      vertex 0.0663757 0.0471802 0.00167324
    endloop
  endfacet
  facet normal 0.667342 0.656812 0.351075
    outer loop
      vertex 0.0661947 0.0472436 0.00189857
      vertex 0.0663757 0.0471081 0.00180803
      vertex 0.0663757 0.0471802 0.00167324
    endloop
  endfacet
  facet normal 0.807676 0.520004 0.277949
    outer loop
      vertex 0.0663757 0.0471802 0.00167324
      vertex 0.0663757 0.0471081 0.00180803
      vertex 0.0665189 0.0469981 0.00159783
    endloop
  endfacet
  facet normal 0.807671 0.520016 0.27794
    outer loop
      vertex 0.0663757 0.0471081 0.00180803
      vertex 0.0665189 0.0469443 0.00169855
      vertex 0.0665189 0.0469981 0.00159783
    endloop
  endfacet
  facet normal 0.912813 0.360162 0.1925
    outer loop
      vertex 0.0665189 0.0469981 0.00159783
      vertex 0.0665189 0.0469443 0.00169855
      vertex 0.066618 0.0467925 0.00151268
    endloop
  endfacet
  facet normal 0.912814 0.360156 0.192506
    outer loop
      vertex 0.0665189 0.0469443 0.00169855
      vertex 0.066618 0.0467593 0.00157493
      vertex 0.066618 0.0467925 0.00151268
    endloop
  endfacet
  facet normal 0.977942 0.184212 0.0984626
    outer loop
      vertex 0.066618 0.0467925 0.00151268
      vertex 0.066618 0.0467593 0.00157493
      vertex 0.0666686 0.0465724 0.00142151
    endloop
  endfacet
  facet normal 0.104523 0.974119 0.200416
    outer loop
      vertex 0.0655099 0.0476026 0.0016022
      vertex 0.0655099 0.0475995 0.00161714
      vertex 0.0657521 0.0475776 0.00159723
    endloop
  endfacet
  facet normal 0.10969 0.951164 0.28854
    outer loop
      vertex 0.0655099 0.0475995 0.00161714
      vertex 0.0657521 0.0475128 0.00181102
      vertex 0.0657521 0.0475776 0.00159723
    endloop
  endfacet
  facet normal 0.307671 0.91052 0.27621
    outer loop
      vertex 0.0657521 0.0475776 0.00159723
      vertex 0.0657521 0.0475128 0.00181102
      vertex 0.0659838 0.0475038 0.00158255
    endloop
  endfacet
  facet normal 0.307668 0.910522 0.276207
    outer loop
      vertex 0.0657521 0.0475128 0.00181102
      vertex 0.0659838 0.0474433 0.00178222
      vertex 0.0659838 0.0475038 0.00158255
    endloop
  endfacet
  facet normal 0.498194 0.829729 0.251699
    outer loop
      vertex 0.0659838 0.0475038 0.00158255
      vertex 0.0659838 0.0474433 0.00178222
      vertex 0.0661947 0.0473844 0.00155879
    endloop
  endfacet
  facet normal 0.498186 0.829736 0.25169
    outer loop
      vertex 0.0659838 0.0474433 0.00178222
      vertex 0.0661947 0.0473307 0.00173561
      vertex 0.0661947 0.0473844 0.00155879
    endloop
  endfacet
  facet normal 0.667337 0.712688 0.216185
    outer loop
      vertex 0.0661947 0.0473844 0.00155879
      vertex 0.0661947 0.0473307 0.00173561
      vertex 0.0663757 0.0472245 0.00152699
    endloop
  endfacet
  facet normal 0.667342 0.712681 0.216193
    outer loop
      vertex 0.0661947 0.0473307 0.00173561
      vertex 0.0663757 0.0471802 0.00167324
      vertex 0.0663757 0.0472245 0.00152699
    endloop
  endfacet
  facet normal 0.807675 0.564238 0.171162
    outer loop
      vertex 0.0663757 0.0472245 0.00152699
      vertex 0.0663757 0.0471802 0.00167324
      vertex 0.0665189 0.0470313 0.00148855
    endloop
  endfacet
  facet normal 0.807676 0.564236 0.171164
    outer loop
      vertex 0.0663757 0.0471802 0.00167324
      vertex 0.0665189 0.0469981 0.00159783
      vertex 0.0665189 0.0470313 0.00148855
    endloop
  endfacet
  facet normal 0.912812 0.390794 0.11855
    outer loop
      vertex 0.0665189 0.0470313 0.00148855
      vertex 0.0665189 0.0469981 0.00159783
      vertex 0.066618 0.046813 0.00144514
    endloop
  endfacet
  facet normal 0.912813 0.390793 0.118552
    outer loop
      vertex 0.0665189 0.0469981 0.00159783
      vertex 0.066618 0.0467925 0.00151268
      vertex 0.066618 0.046813 0.00144514
    endloop
  endfacet
  facet normal 0.977943 0.199879 0.0606357
    outer loop
      vertex 0.066618 0.046813 0.00144514
      vertex 0.066618 0.0467925 0.00151268
      vertex 0.0666686 0.0465793 0.00139866
    endloop
  endfacet
  facet normal 0.977942 0.199885 0.0606235
    outer loop
      vertex 0.066618 0.0467925 0.00151268
      vertex 0.0666686 0.0465724 0.00142151
      vertex 0.0666686 0.0465793 0.00139866
    endloop
  endfacet
  facet normal 0.104038 0.989783 0.0974937
    outer loop
      vertex 0.0655099 0.047625 0.0013749
      vertex 0.0655099 0.0476026 0.0016022
      vertex 0.0657521 0.0475995 0.0013749
    endloop
  endfacet
  facet normal 0.104028 0.989785 0.0974828
    outer loop
      vertex 0.0655099 0.0476026 0.0016022
      vertex 0.0657521 0.0475776 0.00159723
      vertex 0.0657521 0.0475995 0.0013749
    endloop
  endfacet
  facet normal 0.307668 0.946912 0.0932603
    outer loop
      vertex 0.0657521 0.0475995 0.0013749
      vertex 0.0657521 0.0475776 0.00159723
      vertex 0.0659838 0.0475243 0.0013749
    endloop
  endfacet
  facet normal 0.307671 0.946911 0.0932638
    outer loop
      vertex 0.0657521 0.0475776 0.00159723
      vertex 0.0659838 0.0475038 0.00158255
      vertex 0.0659838 0.0475243 0.0013749
    endloop
  endfacet
  facet normal 0.498192 0.862891 0.0849885
    outer loop
      vertex 0.0659838 0.0475243 0.0013749
      vertex 0.0659838 0.0475038 0.00158255
      vertex 0.0661947 0.0474025 0.0013749
    endloop
  endfacet
  facet normal 0.498194 0.86289 0.0849913
    outer loop
      vertex 0.0659838 0.0475038 0.00158255
      vertex 0.0661947 0.0473844 0.00155879
      vertex 0.0661947 0.0474025 0.0013749
    endloop
  endfacet
  facet normal 0.66734 0.741167 0.0730021
    outer loop
      vertex 0.0661947 0.0474025 0.0013749
      vertex 0.0661947 0.0473844 0.00155879
      vertex 0.0663757 0.0472395 0.0013749
    endloop
  endfacet
  facet normal 0.667337 0.74117 0.0729966
    outer loop
      vertex 0.0661947 0.0473844 0.00155879
      vertex 0.0663757 0.0472245 0.00152699
      vertex 0.0663757 0.0472395 0.0013749
    endloop
  endfacet
  facet normal 0.807674 0.586791 0.0577921
    outer loop
      vertex 0.0663757 0.0472395 0.0013749
      vertex 0.0663757 0.0472245 0.00152699
      vertex 0.0665189 0.0470425 0.0013749
    endloop
  endfacet
  facet normal 0.807676 0.586787 0.0577986
    outer loop
      vertex 0.0663757 0.0472245 0.00152699
      vertex 0.0665189 0.0470313 0.00148855
      vertex 0.0665189 0.0470425 0.0013749
    endloop
  endfacet
  facet normal 0.912813 0.406411 0.0400315
    outer loop
      vertex 0.0665189 0.0470425 0.0013749
      vertex 0.0665189 0.0470313 0.00148855
      vertex 0.066618 0.0468199 0.0013749
    endloop
  endfacet
  facet normal 0.912812 0.406413 0.0400275
    outer loop
      vertex 0.0665189 0.0470313 0.00148855
      vertex 0.066618 0.046813 0.00144514
      vertex 0.066618 0.0468199 0.0013749
    endloop
  endfacet
  facet normal 0.977942 0.20787 0.0204731
    outer loop
      vertex 0.066618 0.0468199 0.0013749
      vertex 0.066618 0.046813 0.00144514
      vertex 0.0666686 0.0465817 0.0013749
    endloop
  endfacet
  facet normal 0.977943 0.207863 0.0205
    outer loop
      vertex 0.066618 0.046813 0.00144514
      vertex 0.0666686 0.0465793 0.00139866
      vertex 0.0666686 0.0465817 0.0013749
    endloop
  endfacet
  facet normal 0.998615 0.0523561 0.0051635
    outer loop
      vertex 0.0666686 0.0465817 0.0013749
      vertex 0.0666686 0.0465793 0.00139866
      vertex 0.066675 0.0464599 0.0013749
    endloop
  endfacet
  facet normal 0.998615 0.0503459 0.0152695
    outer loop
      vertex 0.0666686 0.0465724 0.00142151
      vertex 0.066675 0.0464599 0.0013749
      vertex 0.0666686 0.0465793 0.00139866
    endloop
  endfacet
  facet normal 0.452233 0.0874209 0.887605
    outer loop
      vertex 0.0659838 0.0464599 0.00243927
      vertex 0.0660925 0.0464599 0.00238391
      vertex 0.0659838 0.0466675 0.00241882
    endloop
  endfacet
  facet normal 0.499301 0.116946 0.8585
    outer loop
      vertex 0.0660925 0.0464599 0.00238391
      vertex 0.0661947 0.0466438 0.00229937
      vertex 0.0659838 0.0466675 0.00241882
    endloop
  endfacet
  facet normal 0.498189 0.251694 0.829733
    outer loop
      vertex 0.0659838 0.0466675 0.00241882
      vertex 0.0661947 0.0466438 0.00229937
      vertex 0.0661947 0.0468206 0.00224574
    endloop
  endfacet
  facet normal 0.667341 0.216188 0.712684
    outer loop
      vertex 0.0661947 0.0466438 0.00229937
      vertex 0.0663757 0.0467582 0.00209516
      vertex 0.0661947 0.0468206 0.00224574
    endloop
  endfacet
  facet normal 0.667342 0.351069 0.656814
    outer loop
      vertex 0.0661947 0.0468206 0.00224574
      vertex 0.0663757 0.0467582 0.00209516
      vertex 0.0663757 0.046893 0.00202312
    endloop
  endfacet
  facet normal 0.807676 0.277945 0.520006
    outer loop
      vertex 0.0663757 0.0467582 0.00209516
      vertex 0.0665189 0.0467835 0.00185927
      vertex 0.0663757 0.046893 0.00202312
    endloop
  endfacet
  facet normal 0.807676 0.374053 0.455789
    outer loop
      vertex 0.0663757 0.046893 0.00202312
      vertex 0.0665189 0.0467835 0.00185927
      vertex 0.0665189 0.0468718 0.00178683
    endloop
  endfacet
  facet normal 0.912812 0.259072 0.315683
    outer loop
      vertex 0.0665189 0.0467835 0.00185927
      vertex 0.066618 0.0467145 0.00162949
      vertex 0.0665189 0.0468718 0.00178683
    endloop
  endfacet
  facet normal 0.912812 0.315684 0.259071
    outer loop
      vertex 0.0665189 0.0468718 0.00178683
      vertex 0.066618 0.0467145 0.00162949
      vertex 0.066618 0.0467593 0.00157493
    endloop
  endfacet
  facet normal 0.977942 0.161464 0.132508
    outer loop
      vertex 0.066618 0.0467145 0.00162949
      vertex 0.0666686 0.0465612 0.00144256
      vertex 0.066618 0.0467593 0.00157493
    endloop
  endfacet
  facet normal 0.977942 0.184212 0.0984622
    outer loop
      vertex 0.066618 0.0467593 0.00157493
      vertex 0.0666686 0.0465612 0.00144256
      vertex 0.0666686 0.0465724 0.00142151
    endloop
  endfacet
  facet normal 0.998615 0.0463982 0.0248
    outer loop
      vertex 0.0666686 0.0465612 0.00144256
      vertex 0.066675 0.0464599 0.0013749
      vertex 0.0666686 0.0465724 0.00142151
    endloop
  endfacet
  facet normal -0.933082 0.344155 -0.104477
    outer loop
      vertex -0.066618 0.0468199 0.0011651
      vertex -0.0665863 0.0469058 0.0011651
      vertex -0.0665628 0.046896 0.000922861
    endloop
  endfacet
  facet normal -0.844588 0.525122 -0.104491
    outer loop
      vertex -0.0665189 0.0470425 0.0011651
      vertex -0.0664786 0.0471072 0.0011651
      vertex -0.0664575 0.0470931 0.000922861
    endloop
  endfacet
  facet normal -0.72137 0.684624 -0.104479
    outer loop
      vertex -0.0663757 0.0472395 0.0011651
      vertex -0.0663337 0.0472838 0.0011651
      vertex -0.0663157 0.0472657 0.000922861
    endloop
  endfacet
  facet normal -0.5687 0.815877 -0.104522
    outer loop
      vertex -0.0661947 0.0474025 0.0011651
      vertex -0.0661572 0.0474286 0.0011651
      vertex -0.0661431 0.0474075 0.000922861
    endloop
  endfacet
  facet normal -0.392611 0.913744 -0.104534
    outer loop
      vertex -0.0659838 0.0475243 0.0011651
      vertex -0.0659558 0.0475363 0.0011651
      vertex -0.065946 0.0475128 0.000922861
    endloop
  endfacet
  facet normal -0.200411 0.97412 -0.104527
    outer loop
      vertex -0.0657521 0.0475995 0.0011651
      vertex -0.0657372 0.0476026 0.0011651
      vertex -0.0657322 0.0475776 0.000922861
    endloop
  endfacet
  facet normal -0.161452 0.132512 -0.977944
    outer loop
      vertex -0.0657645 0.0467145 5.7024e-5
      vertex -0.065596 0.046546 6.38253e-6
      vertex -0.0656112 0.0465276 6.38253e-6
    endloop
  endfacet
  facet normal -0.0406507 0.0333641 -0.998616
    outer loop
      vertex -0.0656112 0.0465276 6.38253e-6
      vertex -0.065596 0.046546 6.38253e-6
      vertex -0.0655099 0.0464599 0
    endloop
  endfacet
  facet normal -0.0333641 0.0406507 -0.998616
    outer loop
      vertex -0.0655776 0.0465612 6.38253e-6
      vertex -0.0655099 0.0464599 0
      vertex -0.065596 0.046546 6.38253e-6
    endloop
  endfacet
  facet normal -0.132515 0.161456 -0.977943
    outer loop
      vertex -0.0655776 0.0465612 6.38253e-6
      vertex -0.065596 0.046546 6.38253e-6
      vertex -0.0657099 0.0467593 5.7024e-5
    endloop
  endfacet
  facet normal -0.132502 0.161463 -0.977943
    outer loop
      vertex -0.065596 0.046546 6.38253e-6
      vertex -0.0657645 0.0467145 5.7024e-5
      vertex -0.0657099 0.0467593 5.7024e-5
    endloop
  endfacet
  facet normal -0.259062 0.315685 -0.912814
    outer loop
      vertex -0.0657099 0.0467593 5.7024e-5
      vertex -0.0657645 0.0467145 5.7024e-5
      vertex -0.0658335 0.0469443 0.000156094
    endloop
  endfacet
  facet normal -0.02479 0.0463796 -0.998616
    outer loop
      vertex -0.0655565 0.0465724 6.38253e-6
      vertex -0.0655099 0.0464599 0
      vertex -0.0655776 0.0465612 6.38253e-6
    endloop
  endfacet
  facet normal -0.0984602 0.184209 -0.977943
    outer loop
      vertex -0.0655565 0.0465724 6.38253e-6
      vertex -0.0655776 0.0465612 6.38253e-6
      vertex -0.0656477 0.0467925 5.7024e-5
    endloop
  endfacet
  facet normal -0.0984654 0.184208 -0.977943
    outer loop
      vertex -0.0655776 0.0465612 6.38253e-6
      vertex -0.0657099 0.0467593 5.7024e-5
      vertex -0.0656477 0.0467925 5.7024e-5
    endloop
  endfacet
  facet normal -0.192514 0.360153 -0.912813
    outer loop
      vertex -0.0656477 0.0467925 5.7024e-5
      vertex -0.0657099 0.0467593 5.7024e-5
      vertex -0.0657328 0.0469981 0.000156094
    endloop
  endfacet
  facet normal -0.192507 0.360154 -0.912814
    outer loop
      vertex -0.0657099 0.0467593 5.7024e-5
      vertex -0.0658335 0.0469443 0.000156094
      vertex -0.0657328 0.0469981 0.000156094
    endloop
  endfacet
  facet normal -0.277956 0.520018 -0.807665
    outer loop
      vertex -0.0657328 0.0469981 0.000156094
      vertex -0.0658335 0.0469443 0.000156094
      vertex -0.0658082 0.0471802 0.000299261
    endloop
  endfacet
  facet normal -0.0152649 0.0503249 -0.998616
    outer loop
      vertex -0.0655337 0.0465793 6.38253e-6
      vertex -0.0655099 0.0464599 0
      vertex -0.0655565 0.0465724 6.38253e-6
    endloop
  endfacet
  facet normal -0.0606286 0.199879 -0.977943
    outer loop
      vertex -0.0655337 0.0465793 6.38253e-6
      vertex -0.0655565 0.0465724 6.38253e-6
      vertex -0.0655801 0.046813 5.7024e-5
    endloop
  endfacet
  facet normal -0.0606359 0.199878 -0.977943
    outer loop
      vertex -0.0655565 0.0465724 6.38253e-6
      vertex -0.0656477 0.0467925 5.7024e-5
      vertex -0.0655801 0.046813 5.7024e-5
    endloop
  endfacet
  facet normal -0.118552 0.390792 -0.912813
    outer loop
      vertex -0.0655801 0.046813 5.7024e-5
      vertex -0.0656477 0.0467925 5.7024e-5
      vertex -0.0656236 0.0470313 0.000156094
    endloop
  endfacet
  facet normal -0.118546 0.390792 -0.912814
    outer loop
      vertex -0.0656477 0.0467925 5.7024e-5
      vertex -0.0657328 0.0469981 0.000156094
      vertex -0.0656236 0.0470313 0.000156094
    endloop
  endfacet
  facet normal -0.171164 0.56425 -0.807666
    outer loop
      vertex -0.0656236 0.0470313 0.000156094
      vertex -0.0657328 0.0469981 0.000156094
      vertex -0.065662 0.0472245 0.000299261
    endloop
  endfacet
  facet normal -0.171167 0.56425 -0.807665
    outer loop
      vertex -0.0657328 0.0469981 0.000156094
      vertex -0.0658082 0.0471802 0.000299261
      vertex -0.065662 0.0472245 0.000299261
    endloop
  endfacet
  facet normal -0.216194 0.712684 -0.66734
    outer loop
      vertex -0.065662 0.0472245 0.000299261
      vertex -0.0658082 0.0471802 0.000299261
      vertex -0.0656938 0.0473844 0.000480271
    endloop
  endfacet
  facet normal -0.00516126 0.0523347 -0.998616
    outer loop
      vertex -0.0655099 0.0465817 6.38253e-6
      vertex -0.0655099 0.0464599 0
      vertex -0.0655337 0.0465793 6.38253e-6
    endloop
  endfacet
  facet normal -0.0205002 0.20787 -0.977942
    outer loop
      vertex -0.0655099 0.0465817 6.38253e-6
      vertex -0.0655337 0.0465793 6.38253e-6
      vertex -0.0655099 0.0468199 5.7024e-5
    endloop
  endfacet
  facet normal -0.0204714 0.207867 -0.977943
    outer loop
      vertex -0.0655337 0.0465793 6.38253e-6
      vertex -0.0655801 0.046813 5.7024e-5
      vertex -0.0655099 0.0468199 5.7024e-5
    endloop
  endfacet
  facet normal -0.0400244 0.406409 -0.912814
    outer loop
      vertex -0.0655099 0.0468199 5.7024e-5
      vertex -0.0655801 0.046813 5.7024e-5
      vertex -0.0655099 0.0470425 0.000156094
    endloop
  endfacet
  facet normal -0.0400309 0.40641 -0.912813
    outer loop
      vertex -0.0655801 0.046813 5.7024e-5
      vertex -0.0656236 0.0470313 0.000156094
      vertex -0.0655099 0.0470425 0.000156094
    endloop
  endfacet
  facet normal -0.0577995 0.586804 -0.807663
    outer loop
      vertex -0.0655099 0.0470425 0.000156094
      vertex -0.0656236 0.0470313 0.000156094
      vertex -0.0655099 0.0472395 0.000299261
    endloop
  endfacet
  facet normal -0.0577919 0.586802 -0.807666
    outer loop
      vertex -0.0656236 0.0470313 0.000156094
      vertex -0.065662 0.0472245 0.000299261
      vertex -0.0655099 0.0472395 0.000299261
    endloop
  endfacet
  facet normal -0.0729943 0.741162 -0.667346
    outer loop
      vertex -0.0655099 0.0472395 0.000299261
      vertex -0.065662 0.0472245 0.000299261
      vertex -0.0655099 0.0474025 0.000480271
    endloop
  endfacet
  facet normal -0.0730024 0.741165 -0.667342
    outer loop
      vertex -0.065662 0.0472245 0.000299261
      vertex -0.0656938 0.0473844 0.000480271
      vertex -0.0655099 0.0474025 0.000480271
    endloop
  endfacet
  facet normal -0.0849919 0.86289 -0.498195
    outer loop
      vertex -0.0655099 0.0474025 0.000480271
      vertex -0.0656938 0.0473844 0.000480271
      vertex -0.0655099 0.0475243 0.00069121
    endloop
  endfacet
  facet normal -0.0974925 0.989784 -0.10403
    outer loop
      vertex -0.0657372 0.0476026 0.0011651
      vertex -0.0655099 0.047625 0.0011651
      vertex -0.0657322 0.0475776 0.000922861
    endloop
  endfacet
  facet normal -0.0974825 0.989784 -0.104039
    outer loop
      vertex -0.0655099 0.047625 0.0011651
      vertex -0.0655099 0.0475995 0.000922861
      vertex -0.0657322 0.0475776 0.000922861
    endloop
  endfacet
  facet normal -0.0932602 0.946913 -0.307666
    outer loop
      vertex -0.0657322 0.0475776 0.000922861
      vertex -0.0655099 0.0475995 0.000922861
      vertex -0.0657175 0.0475038 0.00069121
    endloop
  endfacet
  facet normal -0.294924 0.949832 -0.104109
    outer loop
      vertex -0.0659558 0.0475363 0.0011651
      vertex -0.0657521 0.0475995 0.0011651
      vertex -0.065946 0.0475128 0.000922861
    endloop
  endfacet
  facet normal -0.288541 0.951163 -0.109694
    outer loop
      vertex -0.0657521 0.0475995 0.0011651
      vertex -0.0657322 0.0475776 0.000922861
      vertex -0.065946 0.0475128 0.000922861
    endloop
  endfacet
  facet normal -0.276212 0.910522 -0.307663
    outer loop
      vertex -0.065946 0.0475128 0.000922861
      vertex -0.0657322 0.0475776 0.000922861
      vertex -0.0659172 0.0474433 0.00069121
    endloop
  endfacet
  facet normal -0.276208 0.910522 -0.307667
    outer loop
      vertex -0.0657322 0.0475776 0.000922861
      vertex -0.0657175 0.0475038 0.00069121
      vertex -0.0659172 0.0474433 0.00069121
    endloop
  endfacet
  facet normal -0.2517 0.829733 -0.498188
    outer loop
      vertex -0.0659172 0.0474433 0.00069121
      vertex -0.0657175 0.0475038 0.00069121
      vertex -0.0658706 0.0473307 0.000480271
    endloop
  endfacet
  facet normal -0.480266 0.870915 -0.104167
    outer loop
      vertex -0.0661572 0.0474286 0.0011651
      vertex -0.0659838 0.0475243 0.0011651
      vertex -0.0661431 0.0474075 0.000922861
    endloop
  endfacet
  facet normal -0.46829 0.876118 -0.114549
    outer loop
      vertex -0.0659838 0.0475243 0.0011651
      vertex -0.065946 0.0475128 0.000922861
      vertex -0.0661431 0.0474075 0.000922861
    endloop
  endfacet
  facet normal -0.448527 0.839144 -0.30767
    outer loop
      vertex -0.0661431 0.0474075 0.000922861
      vertex -0.065946 0.0475128 0.000922861
      vertex -0.0661012 0.0473449 0.00069121
    endloop
  endfacet
  facet normal -0.448536 0.839142 -0.307663
    outer loop
      vertex -0.065946 0.0475128 0.000922861
      vertex -0.0659172 0.0474433 0.00069121
      vertex -0.0661012 0.0473449 0.00069121
    endloop
  endfacet
  facet normal -0.408737 0.764685 -0.498187
    outer loop
      vertex -0.0661012 0.0473449 0.00069121
      vertex -0.0659172 0.0474433 0.00069121
      vertex -0.0660336 0.0472436 0.000480271
    endloop
  endfacet
  facet normal -0.408739 0.764685 -0.498186
    outer loop
      vertex -0.0659172 0.0474433 0.00069121
      vertex -0.0658706 0.0473307 0.000480271
      vertex -0.0660336 0.0472436 0.000480271
    endloop
  endfacet
  facet normal -0.351075 0.656806 -0.667347
    outer loop
      vertex -0.0660336 0.0472436 0.000480271
      vertex -0.0658706 0.0473307 0.000480271
      vertex -0.065943 0.0471081 0.000299261
    endloop
  endfacet
  facet normal -0.645918 0.756263 -0.104196
    outer loop
      vertex -0.0663337 0.0472838 0.0011651
      vertex -0.0661947 0.0474025 0.0011651
      vertex -0.0663157 0.0472657 0.000922861
    endloop
  endfacet
  facet normal -0.629908 0.767565 -0.118574
    outer loop
      vertex -0.0661947 0.0474025 0.0011651
      vertex -0.0661431 0.0474075 0.000922861
      vertex -0.0663157 0.0472657 0.000922861
    endloop
  endfacet
  facet normal -0.603612 0.735523 -0.307665
    outer loop
      vertex -0.0663157 0.0472657 0.000922861
      vertex -0.0661431 0.0474075 0.000922861
      vertex -0.0662625 0.0472125 0.00069121
    endloop
  endfacet
  facet normal -0.603602 0.735528 -0.307674
    outer loop
      vertex -0.0661431 0.0474075 0.000922861
      vertex -0.0661012 0.0473449 0.00069121
      vertex -0.0662625 0.0472125 0.00069121
    endloop
  endfacet
  facet normal -0.55004 0.670259 -0.498206
    outer loop
      vertex -0.0662625 0.0472125 0.00069121
      vertex -0.0661012 0.0473449 0.00069121
      vertex -0.0661764 0.0471264 0.000480271
    endloop
  endfacet
  facet normal -0.550069 0.67025 -0.498186
    outer loop
      vertex -0.0661012 0.0473449 0.00069121
      vertex -0.0660336 0.0472436 0.000480271
      vertex -0.0661764 0.0471264 0.000480271
    endloop
  endfacet
  facet normal -0.472467 0.575693 -0.667347
    outer loop
      vertex -0.0661764 0.0471264 0.000480271
      vertex -0.0660336 0.0472436 0.000480271
      vertex -0.0660612 0.0470112 0.000299261
    endloop
  endfacet
  facet normal -0.47247 0.575693 -0.667346
    outer loop
      vertex -0.0660336 0.0472436 0.000480271
      vertex -0.065943 0.0471081 0.000299261
      vertex -0.0660612 0.0470112 0.000299261
    endloop
  endfacet
  facet normal -0.374075 0.4558 -0.80766
    outer loop
      vertex -0.0660612 0.0470112 0.000299261
      vertex -0.065943 0.0471081 0.000299261
      vertex -0.0659218 0.0468718 0.000156094
    endloop
  endfacet
  facet normal -0.785044 0.6106 -0.104277
    outer loop
      vertex -0.0664786 0.0471072 0.0011651
      vertex -0.0663757 0.0472395 0.0011651
      vertex -0.0664575 0.0470931 0.000922861
    endloop
  endfacet
  facet normal -0.767263 0.62966 -0.1218
    outer loop
      vertex -0.0663757 0.0472395 0.0011651
      vertex -0.0663157 0.0472657 0.000922861
      vertex -0.0664575 0.0470931 0.000922861
    endloop
  endfacet
  facet normal -0.735526 0.603614 -0.307654
    outer loop
      vertex -0.0664575 0.0470931 0.000922861
      vertex -0.0663157 0.0472657 0.000922861
      vertex -0.0663949 0.0470512 0.00069121
    endloop
  endfacet
  facet normal -0.735517 0.603621 -0.307664
    outer loop
      vertex -0.0663157 0.0472657 0.000922861
      vertex -0.0662625 0.0472125 0.00069121
      vertex -0.0663949 0.0470512 0.00069121
    endloop
  endfacet
  facet normal -0.670252 0.55006 -0.498194
    outer loop
      vertex -0.0663949 0.0470512 0.00069121
      vertex -0.0662625 0.0472125 0.00069121
      vertex -0.0662936 0.0469836 0.000480271
    endloop
  endfacet
  facet normal -0.670231 0.550071 -0.498209
    outer loop
      vertex -0.0662625 0.0472125 0.00069121
      vertex -0.0661764 0.0471264 0.000480271
      vertex -0.0662936 0.0469836 0.000480271
    endloop
  endfacet
  facet normal -0.575683 0.472474 -0.667352
    outer loop
      vertex -0.0662936 0.0469836 0.000480271
      vertex -0.0661764 0.0471264 0.000480271
      vertex -0.0661581 0.046893 0.000299261
    endloop
  endfacet
  facet normal -0.575691 0.472469 -0.667347
    outer loop
      vertex -0.0661764 0.0471264 0.000480271
      vertex -0.0660612 0.0470112 0.000299261
      vertex -0.0661581 0.046893 0.000299261
    endloop
  endfacet
  facet normal -0.455792 0.374068 -0.807668
    outer loop
      vertex -0.0661581 0.046893 0.000299261
      vertex -0.0660612 0.0470112 0.000299261
      vertex -0.0659943 0.0467835 0.000156094
    endloop
  endfacet
  facet normal -0.455822 0.374053 -0.807657
    outer loop
      vertex -0.0660612 0.0470112 0.000299261
      vertex -0.0659218 0.0468718 0.000156094
      vertex -0.0659943 0.0467835 0.000156094
    endloop
  endfacet
  facet normal -0.315692 0.25906 -0.912813
    outer loop
      vertex -0.0659943 0.0467835 0.000156094
      vertex -0.0659218 0.0468718 0.000156094
      vertex -0.0658093 0.0466599 5.7024e-5
    endloop
  endfacet
  facet normal -0.891958 0.439914 -0.104335
    outer loop
      vertex -0.0665863 0.0469058 0.0011651
      vertex -0.0665189 0.0470425 0.0011651
      vertex -0.0665628 0.046896 0.000922861
    endloop
  endfacet
  facet normal -0.875093 0.467742 -0.124213
    outer loop
      vertex -0.0665189 0.0470425 0.0011651
      vertex -0.0664575 0.0470931 0.000922861
      vertex -0.0665628 0.046896 0.000922861
    endloop
  endfacet
  facet normal -0.839146 0.448528 -0.307664
    outer loop
      vertex -0.0665628 0.046896 0.000922861
      vertex -0.0664575 0.0470931 0.000922861
      vertex -0.0664933 0.0468672 0.00069121
    endloop
  endfacet
  facet normal -0.839156 0.448517 -0.307651
    outer loop
      vertex -0.0664575 0.0470931 0.000922861
      vertex -0.0663949 0.0470512 0.00069121
      vertex -0.0664933 0.0468672 0.00069121
    endloop
  endfacet
  facet normal -0.7647 0.408721 -0.498177
    outer loop
      vertex -0.0664933 0.0468672 0.00069121
      vertex -0.0663949 0.0470512 0.00069121
      vertex -0.0663807 0.0468206 0.000480271
    endloop
  endfacet
  facet normal -0.764682 0.408737 -0.498193
    outer loop
      vertex -0.0663949 0.0470512 0.00069121
      vertex -0.0662936 0.0469836 0.000480271
      vertex -0.0663807 0.0468206 0.000480271
    endloop
  endfacet
  facet normal -0.656804 0.351074 -0.66735
    outer loop
      vertex -0.0663807 0.0468206 0.000480271
      vertex -0.0662936 0.0469836 0.000480271
      vertex -0.0662302 0.0467582 0.000299261
    endloop
  endfacet
  facet normal -0.656796 0.35108 -0.667355
    outer loop
      vertex -0.0662936 0.0469836 0.000480271
      vertex -0.0661581 0.046893 0.000299261
      vertex -0.0662302 0.0467582 0.000299261
    endloop
  endfacet
  facet normal -0.520013 0.277965 -0.807664
    outer loop
      vertex -0.0662302 0.0467582 0.000299261
      vertex -0.0661581 0.046893 0.000299261
      vertex -0.0660481 0.0466828 0.000156094
    endloop
  endfacet
  facet normal -0.520001 0.277975 -0.807669
    outer loop
      vertex -0.0661581 0.046893 0.000299261
      vertex -0.0659943 0.0467835 0.000156094
      vertex -0.0660481 0.0466828 0.000156094
    endloop
  endfacet
  facet normal -0.360149 0.192523 -0.912813
    outer loop
      vertex -0.0660481 0.0466828 0.000156094
      vertex -0.0659943 0.0467835 0.000156094
      vertex -0.0658425 0.0465977 5.7024e-5
    endloop
  endfacet
  facet normal -0.36015 0.192523 -0.912813
    outer loop
      vertex -0.0659943 0.0467835 0.000156094
      vertex -0.0658093 0.0466599 5.7024e-5
      vertex -0.0658425 0.0465977 5.7024e-5
    endloop
  endfacet
  facet normal -0.184208 0.0984708 -0.977942
    outer loop
      vertex -0.0658425 0.0465977 5.7024e-5
      vertex -0.0658093 0.0466599 5.7024e-5
      vertex -0.0656224 0.0465065 6.38253e-6
    endloop
  endfacet
  facet normal -0.962317 0.251119 -0.104332
    outer loop
      vertex -0.0666526 0.0466872 0.0011651
      vertex -0.066618 0.0468199 0.0011651
      vertex -0.0666276 0.0466822 0.000922861
    endloop
  endfacet
  facet normal -0.949329 0.288001 -0.125816
    outer loop
      vertex -0.066618 0.0468199 0.0011651
      vertex -0.0665628 0.046896 0.000922861
      vertex -0.0666276 0.0466822 0.000922861
    endloop
  endfacet
  facet normal -0.910517 0.276227 -0.307666
    outer loop
      vertex -0.0666276 0.0466822 0.000922861
      vertex -0.0665628 0.046896 0.000922861
      vertex -0.0665538 0.0466675 0.00069121
    endloop
  endfacet
  facet normal -0.910518 0.276224 -0.307663
    outer loop
      vertex -0.0665628 0.046896 0.000922861
      vertex -0.0664933 0.0468672 0.00069121
      vertex -0.0665538 0.0466675 0.00069121
    endloop
  endfacet
  facet normal -0.829723 0.251713 -0.498196
    outer loop
      vertex -0.0665538 0.0466675 0.00069121
      vertex -0.0664933 0.0468672 0.00069121
      vertex -0.0664344 0.0466438 0.000480271
    endloop
  endfacet
  facet normal -0.829743 0.251688 -0.498176
    outer loop
      vertex -0.0664933 0.0468672 0.00069121
      vertex -0.0663807 0.0468206 0.000480271
      vertex -0.0664344 0.0466438 0.000480271
    endloop
  endfacet
  facet normal -0.712678 0.216179 -0.667351
    outer loop
      vertex -0.0664344 0.0466438 0.000480271
      vertex -0.0663807 0.0468206 0.000480271
      vertex -0.0662745 0.046612 0.000299261
    endloop
  endfacet
  facet normal -0.712681 0.216175 -0.667349
    outer loop
      vertex -0.0663807 0.0468206 0.000480271
      vertex -0.0662302 0.0467582 0.000299261
      vertex -0.0662745 0.046612 0.000299261
    endloop
  endfacet
  facet normal -0.564255 0.171153 -0.807665
    outer loop
      vertex -0.0662745 0.046612 0.000299261
      vertex -0.0662302 0.0467582 0.000299261
      vertex -0.0660813 0.0465736 0.000156094
    endloop
  endfacet
  facet normal -0.564256 0.171152 -0.807665
    outer loop
      vertex -0.0662302 0.0467582 0.000299261
      vertex -0.0660481 0.0466828 0.000156094
      vertex -0.0660813 0.0465736 0.000156094
    endloop
  endfacet
  facet normal -0.390799 0.118539 -0.912811
    outer loop
      vertex -0.0660813 0.0465736 0.000156094
      vertex -0.0660481 0.0466828 0.000156094
      vertex -0.065863 0.0465301 5.7024e-5
    endloop
  endfacet
  facet normal -0.390789 0.118552 -0.912814
    outer loop
      vertex -0.0660481 0.0466828 0.000156094
      vertex -0.0658425 0.0465977 5.7024e-5
      vertex -0.065863 0.0465301 5.7024e-5
    endloop
  endfacet
  facet normal -0.199878 0.0606359 -0.977943
    outer loop
      vertex -0.065863 0.0465301 5.7024e-5
      vertex -0.0658425 0.0465977 5.7024e-5
      vertex -0.0656293 0.0464837 6.38253e-6
    endloop
  endfacet
  facet normal -0.199886 0.0606209 -0.977942
    outer loop
      vertex -0.0658425 0.0465977 5.7024e-5
      vertex -0.0656224 0.0465065 6.38253e-6
      vertex -0.0656293 0.0464837 6.38253e-6
    endloop
  endfacet
  facet normal -0.989785 0.0974942 -0.104024
    outer loop
      vertex -0.066675 0.0464599 0.0011651
      vertex -0.0666526 0.0466872 0.0011651
      vertex -0.0666495 0.0464599 0.000922861
    endloop
  endfacet
  facet normal -0.989787 0.0974828 -0.104014
    outer loop
      vertex -0.0666526 0.0466872 0.0011651
      vertex -0.0666276 0.0466822 0.000922861
      vertex -0.0666495 0.0464599 0.000922861
    endloop
  endfacet
  facet normal -0.946914 0.0932603 -0.307663
    outer loop
      vertex -0.0666495 0.0464599 0.000922861
      vertex -0.0666276 0.0466822 0.000922861
      vertex -0.0665743 0.0464599 0.00069121
    endloop
  endfacet
  facet normal -0.946913 0.0932643 -0.307666
    outer loop
      vertex -0.0666276 0.0466822 0.000922861
      vertex -0.0665538 0.0466675 0.00069121
      vertex -0.0665743 0.0464599 0.00069121
    endloop
  endfacet
  facet normal -0.86289 0.0849886 -0.498195
    outer loop
      vertex -0.0665743 0.0464599 0.00069121
      vertex -0.0665538 0.0466675 0.00069121
      vertex -0.0664525 0.0464599 0.000480271
    endloop
  endfacet
  facet normal -0.862888 0.0849917 -0.498197
    outer loop
      vertex -0.0665538 0.0466675 0.00069121
      vertex -0.0664344 0.0466438 0.000480271
      vertex -0.0664525 0.0464599 0.000480271
    endloop
  endfacet
  facet normal -0.741162 0.0730021 -0.667345
    outer loop
      vertex -0.0664525 0.0464599 0.000480271
      vertex -0.0664344 0.0466438 0.000480271
      vertex -0.0662895 0.0464599 0.000299261
    endloop
  endfacet
  facet normal -0.741155 0.0730136 -0.667352
    outer loop
      vertex -0.0664344 0.0466438 0.000480271
      vertex -0.0662745 0.046612 0.000299261
      vertex -0.0662895 0.0464599 0.000299261
    endloop
  endfacet
  facet normal -0.586804 0.0578079 -0.807663
    outer loop
      vertex -0.0662895 0.0464599 0.000299261
      vertex -0.0662745 0.046612 0.000299261
      vertex -0.0660925 0.0464599 0.000156094
    endloop
  endfacet
  facet normal -0.586798 0.0578181 -0.807666
    outer loop
      vertex -0.0662745 0.046612 0.000299261
      vertex -0.0660813 0.0465736 0.000156094
      vertex -0.0660925 0.0464599 0.000156094
    endloop
  endfacet
  facet normal -0.406403 0.0400435 -0.912816
    outer loop
      vertex -0.0660925 0.0464599 0.000156094
      vertex -0.0660813 0.0465736 0.000156094
      vertex -0.0658699 0.0464599 5.7024e-5
    endloop
  endfacet
  facet normal -0.40642 0.0400061 -0.91281
    outer loop
      vertex -0.0660813 0.0465736 0.000156094
      vertex -0.065863 0.0465301 5.7024e-5
      vertex -0.0658699 0.0464599 5.7024e-5
    endloop
  endfacet
  facet normal -0.20787 0.0204618 -0.977942
    outer loop
      vertex -0.0658699 0.0464599 5.7024e-5
      vertex -0.065863 0.0465301 5.7024e-5
      vertex -0.0656317 0.0464599 6.38253e-6
    endloop
  endfacet
  facet normal -0.207868 0.0204674 -0.977943
    outer loop
      vertex -0.065863 0.0465301 5.7024e-5
      vertex -0.0656293 0.0464837 6.38253e-6
      vertex -0.0656317 0.0464599 6.38253e-6
    endloop
  endfacet
  facet normal -0.0523347 0.00515306 -0.998616
    outer loop
      vertex -0.0656317 0.0464599 6.38253e-6
      vertex -0.0656293 0.0464837 6.38253e-6
      vertex -0.0655099 0.0464599 0
    endloop
  endfacet
  facet normal -0.0503239 0.0152621 -0.998616
    outer loop
      vertex -0.0656224 0.0465065 6.38253e-6
      vertex -0.0655099 0.0464599 0
      vertex -0.0656293 0.0464837 6.38253e-6
    endloop
  endfacet
  facet normal -0.0932644 0.946914 -0.307662
    outer loop
      vertex -0.0655099 0.0475995 0.000922861
      vertex -0.0655099 0.0475243 0.00069121
      vertex -0.0657175 0.0475038 0.00069121
    endloop
  endfacet
  facet normal -0.0849885 0.862889 -0.498197
    outer loop
      vertex -0.0655099 0.0475243 0.00069121
      vertex -0.0656938 0.0473844 0.000480271
      vertex -0.0657175 0.0475038 0.00069121
    endloop
  endfacet
  facet normal -0.251685 0.829731 -0.498198
    outer loop
      vertex -0.0657175 0.0475038 0.00069121
      vertex -0.0656938 0.0473844 0.000480271
      vertex -0.0658706 0.0473307 0.000480271
    endloop
  endfacet
  facet normal -0.21618 0.712682 -0.667346
    outer loop
      vertex -0.0656938 0.0473844 0.000480271
      vertex -0.0658082 0.0471802 0.000299261
      vertex -0.0658706 0.0473307 0.000480271
    endloop
  endfacet
  facet normal -0.351077 0.656806 -0.667346
    outer loop
      vertex -0.0658706 0.0473307 0.000480271
      vertex -0.0658082 0.0471802 0.000299261
      vertex -0.065943 0.0471081 0.000299261
    endloop
  endfacet
  facet normal -0.277961 0.520017 -0.807663
    outer loop
      vertex -0.0658082 0.0471802 0.000299261
      vertex -0.0658335 0.0469443 0.000156094
      vertex -0.065943 0.0471081 0.000299261
    endloop
  endfacet
  facet normal -0.37406 0.455804 -0.807664
    outer loop
      vertex -0.065943 0.0471081 0.000299261
      vertex -0.0658335 0.0469443 0.000156094
      vertex -0.0659218 0.0468718 0.000156094
    endloop
  endfacet
  facet normal -0.259068 0.315683 -0.912813
    outer loop
      vertex -0.0658335 0.0469443 0.000156094
      vertex -0.0657645 0.0467145 5.7024e-5
      vertex -0.0659218 0.0468718 0.000156094
    endloop
  endfacet
  facet normal -0.315689 0.259061 -0.912813
    outer loop
      vertex -0.0659218 0.0468718 0.000156094
      vertex -0.0657645 0.0467145 5.7024e-5
      vertex -0.0658093 0.0466599 5.7024e-5
    endloop
  endfacet
  facet normal -0.161465 0.132502 -0.977943
    outer loop
      vertex -0.0657645 0.0467145 5.7024e-5
      vertex -0.0656112 0.0465276 6.38253e-6
      vertex -0.0658093 0.0466599 5.7024e-5
    endloop
  endfacet
  facet normal -0.184186 0.0984978 -0.977944
    outer loop
      vertex -0.0658093 0.0466599 5.7024e-5
      vertex -0.0656112 0.0465276 6.38253e-6
      vertex -0.0656224 0.0465065 6.38253e-6
    endloop
  endfacet
  facet normal -0.0463734 0.0247992 -0.998616
    outer loop
      vertex -0.0656112 0.0465276 6.38253e-6
      vertex -0.0655099 0.0464599 0
      vertex -0.0656224 0.0465065 6.38253e-6
    endloop
  endfacet
  facet normal 0 0 -1
    outer loop
      vertex -0.058229 -0.0378483 -6.93889e-18
      vertex -0.0583514 -0.0376175 -6.93889e-18
      vertex 0.0586662 -0.0372021 -6.93889e-18
    endloop
  endfacet
  facet normal -2.47445e-15 0 -1
    outer loop
      vertex -0.0627057 -0.038091 -6.93889e-18
      vertex -0.0655099 -0.0464599 0
      vertex -0.0655099 0.0464599 0
    endloop
  endfacet
  facet normal -1.44405e-14 4.00956e-15 -1
    outer loop
      vertex -0.0627057 -0.038091 -6.93889e-18
      vertex -0.0627756 -0.0383428 -6.93889e-18
      vertex -0.0655099 -0.0464599 0
    endloop
  endfacet
  facet normal -4.9434e-15 8.10377e-16 -1
    outer loop
      vertex -0.0627756 -0.0383428 -6.93889e-18
      vertex -0.0628178 -0.0386006 -6.93889e-18
      vertex -0.0655099 -0.0464599 0
    endloop
  endfacet
  facet normal -3.06242e-15 1.66082e-16 -1
    outer loop
      vertex -0.0655099 -0.0464599 0
      vertex -0.0628178 -0.0386006 -6.93889e-18
      vertex -0.062832 -0.0388615 -6.93889e-18
    endloop
  endfacet
  facet normal 0 0 -1
    outer loop
      vertex 0.0610635 -0.0365365 -6.93889e-18
      vertex 0.0608084 -0.0364803 -6.93889e-18
      vertex 0.0627047 0.038092 -6.93889e-18
    endloop
  endfacet
  facet normal 0 0 -1
    outer loop
      vertex 0.0605486 0.036453 -6.93889e-18
      vertex 0.0608084 0.0364813 -6.93889e-18
      vertex -0.0583514 -0.0376175 -6.93889e-18
    endloop
  endfacet
  facet normal 0 0 -1
    outer loop
      vertex 0.0608084 0.0364813 -6.93889e-18
      vertex 0.0610635 0.0365375 -6.93889e-18
      vertex -0.0583514 -0.0376175 -6.93889e-18
    endloop
  endfacet
  facet normal 0 0 -1
    outer loop
      vertex 0.0610635 0.0365375 -6.93889e-18
      vertex 0.0613111 0.0366209 -6.93889e-18
      vertex -0.0583514 -0.0376175 -6.93889e-18
    endloop
  endfacet
  facet normal 0 0 -1
    outer loop
      vertex 0.0613111 0.0366209 -6.93889e-18
      vertex 0.0615483 0.0367306 -6.93889e-18
      vertex -0.0583514 -0.0376175 -6.93889e-18
    endloop
  endfacet
  facet normal 0 0 -1
    outer loop
      vertex -0.0583514 -0.0376175 -6.93889e-18
      vertex 0.0615483 0.0367306 -6.93889e-18
      vertex 0.0617721 0.0368653 -6.93889e-18
    endloop
  endfacet
  facet normal -2.24561e-15 -1.21785e-16 -1
    outer loop
      vertex -0.062832 -0.0388615 -6.93889e-18
      vertex -0.0628178 -0.0391224 -6.93889e-18
      vertex -0.0655099 -0.0464599 0
    endloop
  endfacet
  facet normal -1.78153e-15 -2.92049e-16 -1
    outer loop
      vertex -0.0628178 -0.0391224 -6.93889e-18
      vertex -0.0627756 -0.0393802 -6.93889e-18
      vertex -0.0655099 -0.0464599 0
    endloop
  endfacet
  facet normal -1.47634e-15 -4.09921e-16 -1
    outer loop
      vertex -0.0655099 -0.0464599 0
      vertex -0.0627756 -0.0393802 -6.93889e-18
      vertex -0.0627057 -0.039632 -6.93889e-18
    endloop
  endfacet
  facet normal 2.5281e-16 -7.01954e-17 -1
    outer loop
      vertex 0.066675 -0.0464599 0
      vertex 0.0627047 0.038092 -6.93889e-18
      vertex 0.0627746 0.0383438 -6.93889e-18
    endloop
  endfacet
  facet normal 1.77901e-15 0 -1
    outer loop
      vertex 0.066675 -0.0464599 0
      vertex 0.0627746 0.0383438 -6.93889e-18
      vertex 0.066675 0.0464599 0
    endloop
  endfacet
  facet normal 2.70005e-15 -4.42629e-16 -1
    outer loop
      vertex 0.0627746 0.0383438 -6.93889e-18
      vertex 0.0628169 0.0386016 -6.93889e-18
      vertex 0.066675 0.0464599 0
    endloop
  endfacet
  facet normal 2.02184e-15 -1.09649e-16 -1
    outer loop
      vertex 0.066675 0.0464599 0
      vertex 0.0628169 0.0386016 -6.93889e-18
      vertex 0.062831 0.0388625 -6.93889e-18
    endloop
  endfacet
  facet normal 1.63037e-15 8.84176e-17 -1
    outer loop
      vertex 0.062831 0.0388625 -6.93889e-18
      vertex 0.0628169 0.0391234 -6.93889e-18
      vertex 0.066675 0.0464599 0
    endloop
  endfacet
  facet normal 1.37109e-15 2.24768e-16 -1
    outer loop
      vertex 0.0628169 0.0391234 -6.93889e-18
      vertex 0.0627746 0.0393812 -6.93889e-18
      vertex 0.066675 0.0464599 0
    endloop
  endfacet
  facet normal 1.18292e-15 3.28451e-16 -1
    outer loop
      vertex 0.066675 0.0464599 0
      vertex 0.0627746 0.0393812 -6.93889e-18
      vertex 0.0627047 0.039633 -6.93889e-18
    endloop
  endfacet
  facet normal -1.67916e-16 -1.54395e-15 -1
    outer loop
      vertex 0.0600276 -0.0412427 -6.93889e-18
      vertex 0.0602874 -0.041271 -6.93889e-18
      vertex 0.066675 -0.0464599 0
    endloop
  endfacet
  facet normal 1.63035e-15 -8.84176e-17 -1
    outer loop
      vertex 0.062831 -0.0388615 -6.93889e-18
      vertex 0.066675 -0.0464599 0
      vertex 0.0628169 -0.0391224 -6.93889e-18
    endloop
  endfacet
  facet normal 1.37105e-15 -2.24758e-16 -1
    outer loop
      vertex 0.066675 -0.0464599 0
      vertex 0.0627746 -0.0393802 -6.93889e-18
      vertex 0.0628169 -0.0391224 -6.93889e-18
    endloop
  endfacet
  facet normal 0 0 -1
    outer loop
      vertex 0.0624856 -0.0376175 -6.93889e-18
      vertex 0.062339 -0.0374012 -6.93889e-18
      vertex 0.0627047 0.038092 -6.93889e-18
    endloop
  endfacet
  facet normal 1.03714e-15 4.13237e-16 -1
    outer loop
      vertex 0.0627047 0.039633 -6.93889e-18
      vertex 0.062608 0.0398757 -6.93889e-18
      vertex 0.066675 0.0464599 0
    endloop
  endfacet
  facet normal 9.18133e-16 4.86744e-16 -1
    outer loop
      vertex 0.062608 0.0398757 -6.93889e-18
      vertex 0.0624856 0.0401065 -6.93889e-18
      vertex 0.066675 0.0464599 0
    endloop
  endfacet
  facet normal 8.16618e-16 5.53683e-16 -1
    outer loop
      vertex 0.066675 0.0464599 0
      vertex 0.0624856 0.0401065 -6.93889e-18
      vertex 0.062339 0.0403228 -6.93889e-18
    endloop
  endfacet
  facet normal 2.34709e-16 1.06629e-15 -1
    outer loop
      vertex 0.0610635 0.0411875 -6.93889e-18
      vertex 0.0608084 0.0412437 -6.93889e-18
      vertex 0.066675 0.0464599 0
    endloop
  endfacet
  facet normal 1.28906e-16 1.18528e-15 -1
    outer loop
      vertex 0.0608084 0.0412437 -6.93889e-18
      vertex 0.0605486 0.041272 -6.93889e-18
      vertex 0.066675 0.0464599 0
    endloop
  endfacet
  facet normal 0 1.3375e-15 -1
    outer loop
      vertex 0.066675 0.0464599 0
      vertex 0.0605486 0.041272 -6.93889e-18
      vertex 0.0602874 0.041272 -6.93889e-18
    endloop
  endfacet
  facet normal 0 0 -1
    outer loop
      vertex 0.058497 0.0374022 -6.93889e-18
      vertex -0.0583514 -0.0376175 -6.93889e-18
      vertex 0.0583504 0.0376185 -6.93889e-18
    endloop
  endfacet
  facet normal 0 0 -1
    outer loop
      vertex -0.0583514 -0.0376175 -6.93889e-18
      vertex 0.058228 0.0378493 -6.93889e-18
      vertex 0.0583504 0.0376185 -6.93889e-18
    endloop
  endfacet
  facet normal 0 -1.33725e-15 -1
    outer loop
      vertex 0.0602874 -0.041271 -6.93889e-18
      vertex 0.0605486 -0.041271 -6.93889e-18
      vertex 0.066675 -0.0464599 0
    endloop
  endfacet
  facet normal 1.28884e-16 -1.18508e-15 -1
    outer loop
      vertex 0.0605486 -0.041271 -6.93889e-18
      vertex 0.0608084 -0.0412427 -6.93889e-18
      vertex 0.066675 -0.0464599 0
    endloop
  endfacet
  facet normal 2.34673e-16 -1.06612e-15 -1
    outer loop
      vertex 0.066675 -0.0464599 0
      vertex 0.0608084 -0.0412427 -6.93889e-18
      vertex 0.0610635 -0.0411865 -6.93889e-18
    endloop
  endfacet
  facet normal 8.16553e-16 -5.53638e-16 -1
    outer loop
      vertex 0.066675 -0.0464599 0
      vertex 0.062339 -0.0403218 -6.93889e-18
      vertex 0.0624856 -0.0401055 -6.93889e-18
    endloop
  endfacet
  facet normal 0 0 -1
    outer loop
      vertex 0.0624856 -0.0376175 -6.93889e-18
      vertex 0.0627047 0.038092 -6.93889e-18
      vertex 0.062608 -0.0378483 -6.93889e-18
    endloop
  endfacet
  facet normal 0 0 -1
    outer loop
      vertex -0.058006 -0.0388615 -6.93889e-18
      vertex -0.0580201 -0.0386006 -6.93889e-18
      vertex 0.0586662 -0.0372021 -6.93889e-18
    endloop
  endfacet
  facet normal 4.88299e-16 8.1155e-16 -1
    outer loop
      vertex 0.0617721 0.0408597 -6.93889e-18
      vertex 0.0615483 0.0409944 -6.93889e-18
      vertex 0.066675 0.0464599 0
    endloop
  endfacet
  facet normal 4.09611e-16 8.85361e-16 -1
    outer loop
      vertex 0.0615483 0.0409944 -6.93889e-18
      vertex 0.0613111 0.0411041 -6.93889e-18
      vertex 0.066675 0.0464599 0
    endloop
  endfacet
  facet normal 3.26391e-16 9.68707e-16 -1
    outer loop
      vertex 0.066675 0.0464599 0
      vertex 0.0613111 0.0411041 -6.93889e-18
      vertex 0.0610635 0.0411875 -6.93889e-18
    endloop
  endfacet
  facet normal -1.47633e-15 4.09884e-16 -1
    outer loop
      vertex -0.0627056 0.0396316 -6.93889e-18
      vertex -0.0627755 0.0393796 -6.93889e-18
      vertex -0.0655099 0.0464599 0
    endloop
  endfacet
  facet normal 0 0 -1
    outer loop
      vertex 0.0580191 0.0386016 -6.93889e-18
      vertex 0.0580614 0.0383438 -6.93889e-18
      vertex -0.0583514 -0.0376175 -6.93889e-18
    endloop
  endfacet
  facet normal 0 0 -1
    outer loop
      vertex 0.0580614 0.0383438 -6.93889e-18
      vertex 0.0581313 0.038092 -6.93889e-18
      vertex -0.0583514 -0.0376175 -6.93889e-18
    endloop
  endfacet
  facet normal 0 0 -1
    outer loop
      vertex -0.0583514 -0.0376175 -6.93889e-18
      vertex 0.0581313 0.038092 -6.93889e-18
      vertex 0.058228 0.0378493 -6.93889e-18
    endloop
  endfacet
  facet normal 0 0 -1
    outer loop
      vertex 0.0590639 0.0368653 -6.93889e-18
      vertex 0.0592877 0.0367306 -6.93889e-18
      vertex -0.0583514 -0.0376175 -6.93889e-18
    endloop
  endfacet
  facet normal 0 0 -1
    outer loop
      vertex 0.0592877 0.0367306 -6.93889e-18
      vertex 0.0595249 0.0366209 -6.93889e-18
      vertex -0.0583514 -0.0376175 -6.93889e-18
    endloop
  endfacet
  facet normal 0 0 -1
    outer loop
      vertex -0.0583514 -0.0376175 -6.93889e-18
      vertex 0.0595249 0.0366209 -6.93889e-18
      vertex 0.0597725 0.0365375 -6.93889e-18
    endloop
  endfacet
  facet normal 0 0 -1
    outer loop
      vertex 0.0597725 0.0365375 -6.93889e-18
      vertex 0.0600276 0.0364813 -6.93889e-18
      vertex -0.0583514 -0.0376175 -6.93889e-18
    endloop
  endfacet
  facet normal 0 0 -1
    outer loop
      vertex 0.0600276 0.0364813 -6.93889e-18
      vertex 0.0602874 0.036453 -6.93889e-18
      vertex -0.0583514 -0.0376175 -6.93889e-18
    endloop
  endfacet
  facet normal 0 0 -1
    outer loop
      vertex -0.0583514 -0.0376175 -6.93889e-18
      vertex 0.0602874 0.036453 -6.93889e-18
      vertex 0.0605486 0.036453 -6.93889e-18
    endloop
  endfacet
  facet normal -5.52737e-17 -1.53465e-17 -1
    outer loop
      vertex 0.0580614 -0.0393802 -6.93889e-18
      vertex 0.0581313 -0.039632 -6.93889e-18
      vertex -0.0655099 -0.0464599 0
    endloop
  endfacet
  facet normal -5.49129e-17 -2.18795e-17 -1
    outer loop
      vertex 0.0581313 -0.039632 -6.93889e-18
      vertex 0.058228 -0.0398747 -6.93889e-18
      vertex -0.0655099 -0.0464599 0
    endloop
  endfacet
  facet normal -5.45385e-17 -2.89147e-17 -1
    outer loop
      vertex 0.058228 -0.0398747 -6.93889e-18
      vertex 0.0583504 -0.0401055 -6.93889e-18
      vertex -0.0655099 -0.0464599 0
    endloop
  endfacet
  facet normal -5.41388e-17 -3.67071e-17 -1
    outer loop
      vertex -0.0655099 -0.0464599 0
      vertex 0.0583504 -0.0401055 -6.93889e-18
      vertex 0.058497 -0.0403218 -6.93889e-18
    endloop
  endfacet
  facet normal 3.26345e-16 -9.68571e-16 -1
    outer loop
      vertex 0.0610635 -0.0411865 -6.93889e-18
      vertex 0.0613111 -0.0411031 -6.93889e-18
      vertex 0.066675 -0.0464599 0
    endloop
  endfacet
  facet normal 4.09568e-16 -8.85238e-16 -1
    outer loop
      vertex 0.0613111 -0.0411031 -6.93889e-18
      vertex 0.0615483 -0.0409934 -6.93889e-18
      vertex 0.066675 -0.0464599 0
    endloop
  endfacet
  facet normal 4.88233e-16 -8.11463e-16 -1
    outer loop
      vertex 0.066675 -0.0464599 0
      vertex 0.0615483 -0.0409934 -6.93889e-18
      vertex 0.0617721 -0.0408587 -6.93889e-18
    endloop
  endfacet
  facet normal 5.65467e-16 -7.43858e-16 -1
    outer loop
      vertex 0.0617721 -0.0408587 -6.93889e-18
      vertex 0.0619801 -0.0407006 -6.93889e-18
      vertex 0.066675 -0.0464599 0
    endloop
  endfacet
  facet normal 6.43987e-16 -6.7985e-16 -1
    outer loop
      vertex 0.0619801 -0.0407006 -6.93889e-18
      vertex 0.0621698 -0.0405209 -6.93889e-18
      vertex 0.066675 -0.0464599 0
    endloop
  endfacet
  facet normal 7.26602e-16 -6.1718e-16 -1
    outer loop
      vertex 0.066675 -0.0464599 0
      vertex 0.0621698 -0.0405209 -6.93889e-18
      vertex 0.062339 -0.0403218 -6.93889e-18
    endloop
  endfacet
  facet normal 9.18061e-16 -4.86714e-16 -1
    outer loop
      vertex 0.0624856 -0.0401055 -6.93889e-18
      vertex 0.062608 -0.0398747 -6.93889e-18
      vertex 0.066675 -0.0464599 0
    endloop
  endfacet
  facet normal 1.03707e-15 -4.13212e-16 -1
    outer loop
      vertex 0.062608 -0.0398747 -6.93889e-18
      vertex 0.0627047 -0.039632 -6.93889e-18
      vertex 0.066675 -0.0464599 0
    endloop
  endfacet
  facet normal 1.18287e-15 -3.28435e-16 -1
    outer loop
      vertex 0.066675 -0.0464599 0
      vertex 0.0627047 -0.039632 -6.93889e-18
      vertex 0.0627746 -0.0393802 -6.93889e-18
    endloop
  endfacet
  facet normal 2.02187e-15 1.09651e-16 -1
    outer loop
      vertex 0.062831 -0.0388615 -6.93889e-18
      vertex 0.0628169 -0.0386006 -6.93889e-18
      vertex 0.066675 -0.0464599 0
    endloop
  endfacet
  facet normal 2.7002e-15 4.42647e-16 -1
    outer loop
      vertex 0.0628169 -0.0386006 -6.93889e-18
      vertex 0.0627746 -0.0383428 -6.93889e-18
      vertex 0.066675 -0.0464599 0
    endloop
  endfacet
  facet normal 1.78241e-15 1.63005e-18 -1
    outer loop
      vertex 0.066675 -0.0464599 0
      vertex 0.0627746 -0.0383428 -6.93889e-18
      vertex 0.0627047 0.038092 -6.93889e-18
    endloop
  endfacet
  facet normal 0 0 -1
    outer loop
      vertex 0.0627746 -0.0383428 -6.93889e-18
      vertex 0.0627047 -0.038091 -6.93889e-18
      vertex 0.0627047 0.038092 -6.93889e-18
    endloop
  endfacet
  facet normal 0 0 -1
    outer loop
      vertex 0.0627047 0.038092 -6.93889e-18
      vertex 0.0627047 -0.038091 -6.93889e-18
      vertex 0.062608 -0.0378483 -6.93889e-18
    endloop
  endfacet
  facet normal 0 0 -1
    outer loop
      vertex 0.062339 -0.0374012 -6.93889e-18
      vertex 0.0621698 -0.0372021 -6.93889e-18
      vertex 0.0627047 0.038092 -6.93889e-18
    endloop
  endfacet
  facet normal 0 0 -1
    outer loop
      vertex 0.0621698 -0.0372021 -6.93889e-18
      vertex 0.0619801 -0.0370224 -6.93889e-18
      vertex 0.0627047 0.038092 -6.93889e-18
    endloop
  endfacet
  facet normal 0 0 -1
    outer loop
      vertex 0.0627047 0.038092 -6.93889e-18
      vertex 0.0619801 -0.0370224 -6.93889e-18
      vertex 0.0617721 -0.0368643 -6.93889e-18
    endloop
  endfacet
  facet normal 0 0 -1
    outer loop
      vertex 0.0617721 -0.0368643 -6.93889e-18
      vertex 0.0615483 -0.0367296 -6.93889e-18
      vertex 0.0627047 0.038092 -6.93889e-18
    endloop
  endfacet
  facet normal 0 0 -1
    outer loop
      vertex 0.0615483 -0.0367296 -6.93889e-18
      vertex 0.0613111 -0.0366199 -6.93889e-18
      vertex 0.0627047 0.038092 -6.93889e-18
    endloop
  endfacet
  facet normal 0 0 -1
    outer loop
      vertex 0.0627047 0.038092 -6.93889e-18
      vertex 0.0613111 -0.0366199 -6.93889e-18
      vertex 0.0610635 -0.0365365 -6.93889e-18
    endloop
  endfacet
  facet normal 0 0 -1
    outer loop
      vertex 0.0617721 0.0368653 -6.93889e-18
      vertex 0.0605486 -0.036452 -6.93889e-18
      vertex 0.0602874 -0.036452 -6.93889e-18
    endloop
  endfacet
  facet normal 0 0 -1
    outer loop
      vertex 0.0608084 -0.0364803 -6.93889e-18
      vertex 0.0621698 0.0372031 -6.93889e-18
      vertex 0.062339 0.0374022 -6.93889e-18
    endloop
  endfacet
  facet normal 0 0 -1
    outer loop
      vertex 0.0602874 -0.036452 -6.93889e-18
      vertex 0.0600276 -0.0364803 -6.93889e-18
      vertex 0.0617721 0.0368653 -6.93889e-18
    endloop
  endfacet
  facet normal 0 0 -1
    outer loop
      vertex 0.0600276 -0.0364803 -6.93889e-18
      vertex 0.0597725 -0.0365365 -6.93889e-18
      vertex 0.0617721 0.0368653 -6.93889e-18
    endloop
  endfacet
  facet normal 0 0 -1
    outer loop
      vertex 0.0617721 0.0368653 -6.93889e-18
      vertex 0.0597725 -0.0365365 -6.93889e-18
      vertex 0.0595249 -0.0366199 -6.93889e-18
    endloop
  endfacet
  facet normal 7.2666e-16 6.17241e-16 -1
    outer loop
      vertex 0.062339 0.0403228 -6.93889e-18
      vertex 0.0621698 0.0405219 -6.93889e-18
      vertex 0.066675 0.0464599 0
    endloop
  endfacet
  facet normal 6.4405e-16 6.79917e-16 -1
    outer loop
      vertex 0.0621698 0.0405219 -6.93889e-18
      vertex 0.0619801 0.0407016 -6.93889e-18
      vertex 0.066675 0.0464599 0
    endloop
  endfacet
  facet normal 5.65528e-16 7.43938e-16 -1
    outer loop
      vertex 0.066675 0.0464599 0
      vertex 0.0619801 0.0407016 -6.93889e-18
      vertex 0.0617721 0.0408597 -6.93889e-18
    endloop
  endfacet
  facet normal -1.67954e-16 1.5443e-15 -1
    outer loop
      vertex 0.0602874 0.041272 -6.93889e-18
      vertex 0.0600276 0.0412437 -6.93889e-18
      vertex 0.066675 0.0464599 0
    endloop
  endfacet
  facet normal -4.06969e-16 1.84889e-15 -1
    outer loop
      vertex 0.0600276 0.0412437 -6.93889e-18
      vertex 0.0597725 0.0411875 -6.93889e-18
      vertex 0.066675 0.0464599 0
    endloop
  endfacet
  facet normal 0 1.31609e-15 -1
    outer loop
      vertex 0.066675 0.0464599 0
      vertex 0.0597725 0.0411875 -6.93889e-18
      vertex -0.0655099 0.0464599 0
    endloop
  endfacet
  facet normal -4.92363e-17 1.4613e-16 -1
    outer loop
      vertex 0.0597725 0.0411875 -6.93889e-18
      vertex 0.0595249 0.0411041 -6.93889e-18
      vertex -0.0655099 0.0464599 0
    endloop
  endfacet
  facet normal -5.07931e-17 1.09787e-16 -1
    outer loop
      vertex -0.0655099 0.0464599 0
      vertex 0.0595249 0.0411041 -6.93889e-18
      vertex 0.0592877 0.0409944 -6.93889e-18
    endloop
  endfacet
  facet normal -5.18287e-17 8.6139e-17 -1
    outer loop
      vertex 0.0592877 0.0409944 -6.93889e-18
      vertex 0.0590639 0.0408597 -6.93889e-18
      vertex -0.0655099 0.0464599 0
    endloop
  endfacet
  facet normal -5.2591e-17 6.91821e-17 -1
    outer loop
      vertex 0.0590639 0.0408597 -6.93889e-18
      vertex 0.0588559 0.0407016 -6.93889e-18
      vertex -0.0655099 0.0464599 0
    endloop
  endfacet
  facet normal -5.31941e-17 5.61565e-17 -1
    outer loop
      vertex -0.0655099 0.0464599 0
      vertex 0.0588559 0.0407016 -6.93889e-18
      vertex 0.0586662 0.0405219 -6.93889e-18
    endloop
  endfacet
  facet normal -5.31891e-16 8.84001e-16 -1
    outer loop
      vertex -0.0615482 0.0409942 -6.93889e-18
      vertex -0.0617723 0.0408594 -6.93889e-18
      vertex -0.0655099 0.0464599 0
    endloop
  endfacet
  facet normal -1.78144e-15 2.92051e-16 -1
    outer loop
      vertex -0.0627755 0.0393796 -6.93889e-18
      vertex -0.0628178 0.0391216 -6.93889e-18
      vertex -0.0655099 0.0464599 0
    endloop
  endfacet
  facet normal -2.24567e-15 1.21751e-16 -1
    outer loop
      vertex -0.0628178 0.0391216 -6.93889e-18
      vertex -0.062832 0.0388605 -6.93889e-18
      vertex -0.0655099 0.0464599 0
    endloop
  endfacet
  facet normal -3.06232e-15 -1.66025e-16 -1
    outer loop
      vertex -0.0655099 0.0464599 0
      vertex -0.062832 0.0388605 -6.93889e-18
      vertex -0.0628178 0.0385994 -6.93889e-18
    endloop
  endfacet
  facet normal -4.94437e-15 -8.10582e-16 -1
    outer loop
      vertex -0.0628178 0.0385994 -6.93889e-18
      vertex -0.0627755 0.0383413 -6.93889e-18
      vertex -0.0655099 0.0464599 0
    endloop
  endfacet
  facet normal -2.55425e-15 -5.58408e-18 -1
    outer loop
      vertex -0.0627755 0.0383413 -6.93889e-18
      vertex -0.062609 -0.0378483 -6.93889e-18
      vertex -0.0655099 0.0464599 0
    endloop
  endfacet
  facet normal -1.90158e-16 7.57608e-17 -1
    outer loop
      vertex -0.0655099 0.0464599 0
      vertex -0.062609 -0.0378483 -6.93889e-18
      vertex -0.0627057 -0.038091 -6.93889e-18
    endloop
  endfacet
  facet normal 0 0 -1
    outer loop
      vertex -0.0623396 0.037399 -6.93889e-18
      vertex -0.0621703 0.0371997 -6.93889e-18
      vertex -0.0624866 -0.0376175 -6.93889e-18
    endloop
  endfacet
  facet normal 0 0 -1
    outer loop
      vertex 0.058497 0.0374022 -6.93889e-18
      vertex 0.0586662 0.0372031 -6.93889e-18
      vertex -0.0583514 -0.0376175 -6.93889e-18
    endloop
  endfacet
  facet normal 0 0 -1
    outer loop
      vertex 0.0586662 0.0372031 -6.93889e-18
      vertex 0.0588559 0.0370234 -6.93889e-18
      vertex -0.0583514 -0.0376175 -6.93889e-18
    endloop
  endfacet
  facet normal 0 0 -1
    outer loop
      vertex -0.0583514 -0.0376175 -6.93889e-18
      vertex 0.0588559 0.0370234 -6.93889e-18
      vertex 0.0590639 0.0368653 -6.93889e-18
    endloop
  endfacet
  facet normal -5.1828e-17 -8.61401e-17 -1
    outer loop
      vertex 0.0590639 -0.0408587 -6.93889e-18
      vertex 0.0592877 -0.0409934 -6.93889e-18
      vertex -0.0655099 -0.0464599 0
    endloop
  endfacet
  facet normal -5.07924e-17 -1.09782e-16 -1
    outer loop
      vertex 0.0592877 -0.0409934 -6.93889e-18
      vertex 0.0595249 -0.0411031 -6.93889e-18
      vertex -0.0655099 -0.0464599 0
    endloop
  endfacet
  facet normal 0 -1.29535e-15 -1
    outer loop
      vertex -0.0655099 -0.0464599 0
      vertex 0.0595249 -0.0411031 -6.93889e-18
      vertex 0.066675 -0.0464599 0
    endloop
  endfacet
  facet normal -7.93157e-16 -2.35404e-15 -1
    outer loop
      vertex 0.0595249 -0.0411031 -6.93889e-18
      vertex 0.0597725 -0.0411865 -6.93889e-18
      vertex 0.066675 -0.0464599 0
    endloop
  endfacet
  facet normal -4.0686e-16 -1.8484e-15 -1
    outer loop
      vertex 0.066675 -0.0464599 0
      vertex 0.0597725 -0.0411865 -6.93889e-18
      vertex 0.0600276 -0.0412427 -6.93889e-18
    endloop
  endfacet
  facet normal 0 0 -1
    outer loop
      vertex 0.0605486 -0.036452 -6.93889e-18
      vertex 0.0617721 0.0368653 -6.93889e-18
      vertex 0.0608084 -0.0364803 -6.93889e-18
    endloop
  endfacet
  facet normal 0 0 -1
    outer loop
      vertex 0.0617721 0.0368653 -6.93889e-18
      vertex 0.0619801 0.0370234 -6.93889e-18
      vertex 0.0608084 -0.0364803 -6.93889e-18
    endloop
  endfacet
  facet normal 0 0 -1
    outer loop
      vertex 0.0608084 -0.0364803 -6.93889e-18
      vertex 0.0619801 0.0370234 -6.93889e-18
      vertex 0.0621698 0.0372031 -6.93889e-18
    endloop
  endfacet
  facet normal 0 0 -1
    outer loop
      vertex 0.062339 0.0374022 -6.93889e-18
      vertex 0.0624856 0.0376185 -6.93889e-18
      vertex 0.0608084 -0.0364803 -6.93889e-18
    endloop
  endfacet
  facet normal 0 0 -1
    outer loop
      vertex 0.0624856 0.0376185 -6.93889e-18
      vertex 0.062608 0.0378493 -6.93889e-18
      vertex 0.0608084 -0.0364803 -6.93889e-18
    endloop
  endfacet
  facet normal 0 0 -1
    outer loop
      vertex 0.0608084 -0.0364803 -6.93889e-18
      vertex 0.062608 0.0378493 -6.93889e-18
      vertex 0.0627047 0.038092 -6.93889e-18
    endloop
  endfacet
  facet normal -1.25601e-15 -5.00409e-16 -1
    outer loop
      vertex -0.0627057 -0.039632 -6.93889e-18
      vertex -0.062609 -0.0398747 -6.93889e-18
      vertex -0.0655099 -0.0464599 0
    endloop
  endfacet
  facet normal -1.08551e-15 -5.75521e-16 -1
    outer loop
      vertex -0.062609 -0.0398747 -6.93889e-18
      vertex -0.0624866 -0.0401055 -6.93889e-18
      vertex -0.0655099 -0.0464599 0
    endloop
  endfacet
  facet normal -9.46424e-16 -6.41694e-16 -1
    outer loop
      vertex -0.0655099 -0.0464599 0
      vertex -0.0624866 -0.0401055 -6.93889e-18
      vertex -0.06234 -0.0403218 -6.93889e-18
    endloop
  endfacet
  facet normal 0 0 -1
    outer loop
      vertex 0.0595249 -0.0366199 -6.93889e-18
      vertex 0.0592877 -0.0367296 -6.93889e-18
      vertex 0.0617721 0.0368653 -6.93889e-18
    endloop
  endfacet
  facet normal 0 0 -1
    outer loop
      vertex 0.0592877 -0.0367296 -6.93889e-18
      vertex 0.0590639 -0.0368643 -6.93889e-18
      vertex 0.0617721 0.0368653 -6.93889e-18
    endloop
  endfacet
  facet normal 0 0 -1
    outer loop
      vertex 0.0617721 0.0368653 -6.93889e-18
      vertex 0.0590639 -0.0368643 -6.93889e-18
      vertex -0.0583514 -0.0376175 -6.93889e-18
    endloop
  endfacet
  facet normal 0 0 -1
    outer loop
      vertex 0.0590639 -0.0368643 -6.93889e-18
      vertex 0.0588559 -0.0370224 -6.93889e-18
      vertex -0.0583514 -0.0376175 -6.93889e-18
    endloop
  endfacet
  facet normal 0 0 -1
    outer loop
      vertex -0.0583514 -0.0376175 -6.93889e-18
      vertex 0.0588559 -0.0370224 -6.93889e-18
      vertex 0.0586662 -0.0372021 -6.93889e-18
    endloop
  endfacet
  facet normal 0 0 -1
    outer loop
      vertex -0.058229 -0.0398747 -6.93889e-18
      vertex -0.0581323 -0.039632 -6.93889e-18
      vertex 0.0586662 -0.0372021 -6.93889e-18
    endloop
  endfacet
  facet normal 0 0 -1
    outer loop
      vertex -0.0580201 -0.0386006 -6.93889e-18
      vertex -0.0580624 -0.0383428 -6.93889e-18
      vertex 0.0586662 -0.0372021 -6.93889e-18
    endloop
  endfacet
  facet normal 0 0 -1
    outer loop
      vertex -0.0580624 -0.0383428 -6.93889e-18
      vertex -0.0581323 -0.038091 -6.93889e-18
      vertex 0.0586662 -0.0372021 -6.93889e-18
    endloop
  endfacet
  facet normal 0 0 -1
    outer loop
      vertex 0.0586662 -0.0372021 -6.93889e-18
      vertex -0.0581323 -0.038091 -6.93889e-18
      vertex -0.058229 -0.0378483 -6.93889e-18
    endloop
  endfacet
  facet normal 0 0 -1
    outer loop
      vertex 0.058497 0.0403228 -6.93889e-18
      vertex 0.0583504 0.0401065 -6.93889e-18
      vertex -0.0590617 0.0408594 -6.93889e-18
    endloop
  endfacet
  facet normal 0 0 -1
    outer loop
      vertex 0.0583504 0.0401065 -6.93889e-18
      vertex 0.058228 0.0398757 -6.93889e-18
      vertex -0.0590617 0.0408594 -6.93889e-18
    endloop
  endfacet
  facet normal 0 0 -1
    outer loop
      vertex -0.0590617 0.0408594 -6.93889e-18
      vertex 0.058228 0.0398757 -6.93889e-18
      vertex -0.0588536 0.0407011 -6.93889e-18
    endloop
  endfacet
  facet normal -6.24837e-16 8.21972e-16 -1
    outer loop
      vertex -0.0617723 0.0408594 -6.93889e-18
      vertex -0.0619804 0.0407011 -6.93889e-18
      vertex -0.0655099 0.0464599 0
    endloop
  endfacet
  facet normal -7.22131e-16 7.62342e-16 -1
    outer loop
      vertex -0.0619804 0.0407011 -6.93889e-18
      vertex -0.0621703 0.0405213 -6.93889e-18
      vertex -0.0655099 0.0464599 0
    endloop
  endfacet
  facet normal -8.27637e-16 7.0301e-16 -1
    outer loop
      vertex -0.0655099 0.0464599 0
      vertex -0.0621703 0.0405213 -6.93889e-18
      vertex -0.0623396 0.040322 -6.93889e-18
    endloop
  endfacet
  facet normal 0 0 -1
    outer loop
      vertex -0.0627755 0.0383413 -6.93889e-18
      vertex -0.0627056 0.0380894 -6.93889e-18
      vertex -0.062609 -0.0378483 -6.93889e-18
    endloop
  endfacet
  facet normal 0 0 -1
    outer loop
      vertex -0.0627056 0.0380894 -6.93889e-18
      vertex -0.0626088 0.0378465 -6.93889e-18
      vertex -0.062609 -0.0378483 -6.93889e-18
    endloop
  endfacet
  facet normal 0 0 -1
    outer loop
      vertex -0.062609 -0.0378483 -6.93889e-18
      vertex -0.0626088 0.0378465 -6.93889e-18
      vertex -0.0624866 -0.0376175 -6.93889e-18
    endloop
  endfacet
  facet normal 0 0 -1
    outer loop
      vertex -0.0626088 0.0378465 -6.93889e-18
      vertex -0.0624863 0.0376154 -6.93889e-18
      vertex -0.0624866 -0.0376175 -6.93889e-18
    endloop
  endfacet
  facet normal 0 0 -1
    outer loop
      vertex -0.0624866 -0.0376175 -6.93889e-18
      vertex -0.0624863 0.0376154 -6.93889e-18
      vertex -0.0623396 0.037399 -6.93889e-18
    endloop
  endfacet
  facet normal 0 0 -1
    outer loop
      vertex -0.0590649 -0.0368643 -6.93889e-18
      vertex 0.058005 0.0388625 -6.93889e-18
      vertex -0.0588569 -0.0370224 -6.93889e-18
    endloop
  endfacet
  facet normal 0 0 -1
    outer loop
      vertex 0.058005 0.0388625 -6.93889e-18
      vertex -0.0586672 -0.0372021 -6.93889e-18
      vertex -0.0588569 -0.0370224 -6.93889e-18
    endloop
  endfacet
  facet normal 0 0 -1
    outer loop
      vertex -0.0619811 -0.0370224 -6.93889e-18
      vertex -0.0621708 -0.0372021 -6.93889e-18
      vertex -0.0617723 0.0368616 -6.93889e-18
    endloop
  endfacet
  facet normal -8.27666e-16 -7.03025e-16 -1
    outer loop
      vertex -0.06234 -0.0403218 -6.93889e-18
      vertex -0.0621708 -0.0405209 -6.93889e-18
      vertex -0.0655099 -0.0464599 0
    endloop
  endfacet
  facet normal -7.22149e-16 -7.6235e-16 -1
    outer loop
      vertex -0.0621708 -0.0405209 -6.93889e-18
      vertex -0.0619811 -0.0407006 -6.93889e-18
      vertex -0.0655099 -0.0464599 0
    endloop
  endfacet
  facet normal -6.24838e-16 -8.21973e-16 -1
    outer loop
      vertex -0.0655099 -0.0464599 0
      vertex -0.0619811 -0.0407006 -6.93889e-18
      vertex -0.0617731 -0.0408587 -6.93889e-18
    endloop
  endfacet
  facet normal -5.31873e-16 -8.83993e-16 -1
    outer loop
      vertex -0.0617731 -0.0408587 -6.93889e-18
      vertex -0.0615493 -0.0409934 -6.93889e-18
      vertex -0.0655099 -0.0464599 0
    endloop
  endfacet
  facet normal -4.39842e-16 -9.50672e-16 -1
    outer loop
      vertex -0.0615493 -0.0409934 -6.93889e-18
      vertex -0.0613121 -0.0411031 -6.93889e-18
      vertex -0.0655099 -0.0464599 0
    endloop
  endfacet
  facet normal -3.45281e-16 -1.02477e-15 -1
    outer loop
      vertex -0.0655099 -0.0464599 0
      vertex -0.0613121 -0.0411031 -6.93889e-18
      vertex -0.0610645 -0.0411865 -6.93889e-18
    endloop
  endfacet
  facet normal -5.36981e-17 -4.56105e-17 -1
    outer loop
      vertex 0.058497 -0.0403218 -6.93889e-18
      vertex 0.0586662 -0.0405209 -6.93889e-18
      vertex -0.0655099 -0.0464599 0
    endloop
  endfacet
  facet normal -5.31937e-17 -5.6156e-17 -1
    outer loop
      vertex 0.0586662 -0.0405209 -6.93889e-18
      vertex 0.0588559 -0.0407006 -6.93889e-18
      vertex -0.0655099 -0.0464599 0
    endloop
  endfacet
  facet normal -5.25905e-17 -6.91815e-17 -1
    outer loop
      vertex -0.0655099 -0.0464599 0
      vertex 0.0588559 -0.0407006 -6.93889e-18
      vertex 0.0590639 -0.0408587 -6.93889e-18
    endloop
  endfacet
  facet normal 0 0 -1
    outer loop
      vertex 0.058497 -0.0374012 -6.93889e-18
      vertex 0.0583504 -0.0376175 -6.93889e-18
      vertex -0.0590649 -0.0408587 -6.93889e-18
    endloop
  endfacet
  facet normal 0 0 -1
    outer loop
      vertex 0.0583504 -0.0376175 -6.93889e-18
      vertex 0.058228 -0.0378483 -6.93889e-18
      vertex -0.0590649 -0.0408587 -6.93889e-18
    endloop
  endfacet
  facet normal 0 0 -1
    outer loop
      vertex -0.0590649 -0.0408587 -6.93889e-18
      vertex 0.058228 -0.0378483 -6.93889e-18
      vertex 0.0581313 -0.038091 -6.93889e-18
    endloop
  endfacet
  facet normal 0 0 -1
    outer loop
      vertex -0.0581323 -0.039632 -6.93889e-18
      vertex -0.0580624 -0.0393802 -6.93889e-18
      vertex 0.0586662 -0.0372021 -6.93889e-18
    endloop
  endfacet
  facet normal 0 0 -1
    outer loop
      vertex -0.0580624 -0.0393802 -6.93889e-18
      vertex -0.0580201 -0.0391224 -6.93889e-18
      vertex 0.0586662 -0.0372021 -6.93889e-18
    endloop
  endfacet
  facet normal 0 0 -1
    outer loop
      vertex 0.0586662 -0.0372021 -6.93889e-18
      vertex -0.0580201 -0.0391224 -6.93889e-18
      vertex -0.058006 -0.0388615 -6.93889e-18
    endloop
  endfacet
  facet normal -9.46399e-16 6.41668e-16 -1
    outer loop
      vertex -0.0623396 0.040322 -6.93889e-18
      vertex -0.0624863 0.0401056 -6.93889e-18
      vertex -0.0655099 0.0464599 0
    endloop
  endfacet
  facet normal -1.08547e-15 5.75493e-16 -1
    outer loop
      vertex -0.0624863 0.0401056 -6.93889e-18
      vertex -0.0626088 0.0398745 -6.93889e-18
      vertex -0.0655099 0.0464599 0
    endloop
  endfacet
  facet normal -1.25591e-15 5.00408e-16 -1
    outer loop
      vertex -0.0655099 0.0464599 0
      vertex -0.0626088 0.0398745 -6.93889e-18
      vertex -0.0627056 0.0396316 -6.93889e-18
    endloop
  endfacet
  facet normal 0 0 -1
    outer loop
      vertex 0.0580191 0.0386016 -6.93889e-18
      vertex -0.0583514 -0.0376175 -6.93889e-18
      vertex 0.058005 0.0388625 -6.93889e-18
    endloop
  endfacet
  facet normal 0 0 -1
    outer loop
      vertex -0.0583514 -0.0376175 -6.93889e-18
      vertex -0.058498 -0.0374012 -6.93889e-18
      vertex 0.058005 0.0388625 -6.93889e-18
    endloop
  endfacet
  facet normal 0 0 -1
    outer loop
      vertex 0.058005 0.0388625 -6.93889e-18
      vertex -0.058498 -0.0374012 -6.93889e-18
      vertex -0.0586672 -0.0372021 -6.93889e-18
    endloop
  endfacet
  facet normal 0 0 -1
    outer loop
      vertex -0.0621703 0.0371997 -6.93889e-18
      vertex -0.0619804 0.0370199 -6.93889e-18
      vertex -0.0624866 -0.0376175 -6.93889e-18
    endloop
  endfacet
  facet normal 0 0 -1
    outer loop
      vertex -0.0619804 0.0370199 -6.93889e-18
      vertex -0.0617723 0.0368616 -6.93889e-18
      vertex -0.0624866 -0.0376175 -6.93889e-18
    endloop
  endfacet
  facet normal 0 0 -1
    outer loop
      vertex -0.0624866 -0.0376175 -6.93889e-18
      vertex -0.0617723 0.0368616 -6.93889e-18
      vertex -0.06234 -0.0374012 -6.93889e-18
    endloop
  endfacet
  facet normal 0 0 -1
    outer loop
      vertex -0.0617723 0.0368616 -6.93889e-18
      vertex -0.0621708 -0.0372021 -6.93889e-18
      vertex -0.06234 -0.0374012 -6.93889e-18
    endloop
  endfacet
  facet normal -2.44308e-16 -1.10989e-15 -1
    outer loop
      vertex -0.0610645 -0.0411865 -6.93889e-18
      vertex -0.0608094 -0.0412427 -6.93889e-18
      vertex -0.0655099 -0.0464599 0
    endloop
  endfacet
  facet normal -1.31739e-16 -1.21131e-15 -1
    outer loop
      vertex -0.0608094 -0.0412427 -6.93889e-18
      vertex -0.0605496 -0.041271 -6.93889e-18
      vertex -0.0655099 -0.0464599 0
    endloop
  endfacet
  facet normal 0 -1.33725e-15 -1
    outer loop
      vertex -0.0655099 -0.0464599 0
      vertex -0.0605496 -0.041271 -6.93889e-18
      vertex -0.0602884 -0.041271 -6.93889e-18
    endloop
  endfacet
  facet normal 0 0 -1
    outer loop
      vertex -0.0590617 0.0368616 -6.93889e-18
      vertex -0.0588536 0.0370199 -6.93889e-18
      vertex 0.058005 0.0388625 -6.93889e-18
    endloop
  endfacet
  facet normal 0 0 -1
    outer loop
      vertex -0.0583477 0.0401056 -6.93889e-18
      vertex -0.0584944 0.040322 -6.93889e-18
      vertex 0.058228 0.0398757 -6.93889e-18
    endloop
  endfacet
  facet normal 0 0 -1
    outer loop
      vertex -0.0584944 0.040322 -6.93889e-18
      vertex -0.0586637 0.0405213 -6.93889e-18
      vertex 0.058228 0.0398757 -6.93889e-18
    endloop
  endfacet
  facet normal 0 0 -1
    outer loop
      vertex 0.058228 0.0398757 -6.93889e-18
      vertex -0.0586637 0.0405213 -6.93889e-18
      vertex -0.0588536 0.0407011 -6.93889e-18
    endloop
  endfacet
  facet normal 3.80945e-16 1.73073e-15 -1
    outer loop
      vertex -0.0597709 0.0411875 -6.93889e-18
      vertex -0.0600263 0.0412437 -6.93889e-18
      vertex -0.0655099 0.0464599 0
    endloop
  endfacet
  facet normal 1.63344e-16 1.50197e-15 -1
    outer loop
      vertex -0.0600263 0.0412437 -6.93889e-18
      vertex -0.0602863 0.041272 -6.93889e-18
      vertex -0.0655099 0.0464599 0
    endloop
  endfacet
  facet normal 0 1.3375e-15 -1
    outer loop
      vertex -0.0602863 0.041272 -6.93889e-18
      vertex -0.0605477 0.041272 -6.93889e-18
      vertex -0.0655099 0.0464599 0
    endloop
  endfacet
  facet normal -1.31753e-16 1.21149e-15 -1
    outer loop
      vertex -0.0655099 0.0464599 0
      vertex -0.0605477 0.041272 -6.93889e-18
      vertex -0.0608077 0.0412437 -6.93889e-18
    endloop
  endfacet
  facet normal 0 0 -1
    outer loop
      vertex -0.0613121 -0.0366199 -6.93889e-18
      vertex -0.0615493 -0.0367296 -6.93889e-18
      vertex -0.0617723 0.0368616 -6.93889e-18
    endloop
  endfacet
  facet normal 0 0 -1
    outer loop
      vertex -0.0615493 -0.0367296 -6.93889e-18
      vertex -0.0617731 -0.0368643 -6.93889e-18
      vertex -0.0617723 0.0368616 -6.93889e-18
    endloop
  endfacet
  facet normal 0 0 -1
    outer loop
      vertex -0.0617723 0.0368616 -6.93889e-18
      vertex -0.0617731 -0.0368643 -6.93889e-18
      vertex -0.0619811 -0.0370224 -6.93889e-18
    endloop
  endfacet
  facet normal -5.56304e-17 -9.12036e-18 -1
    outer loop
      vertex 0.0580614 -0.0393802 -6.93889e-18
      vertex -0.0655099 -0.0464599 0
      vertex 0.0580191 -0.0391224 -6.93889e-18
    endloop
  endfacet
  facet normal 2.47377e-17 -1.36214e-15 -1
    outer loop
      vertex -0.0655099 -0.0464599 0
      vertex -0.0602884 -0.041271 -6.93889e-18
      vertex 0.0580191 -0.0391224 -6.93889e-18
    endloop
  endfacet
  facet normal 0 0 -1
    outer loop
      vertex 0.0580191 -0.0391224 -6.93889e-18
      vertex -0.0602884 -0.041271 -6.93889e-18
      vertex 0.058005 -0.0388615 -6.93889e-18
    endloop
  endfacet
  facet normal 0 0 -1
    outer loop
      vertex -0.0602884 -0.041271 -6.93889e-18
      vertex -0.0600286 -0.0412427 -6.93889e-18
      vertex 0.058005 -0.0388615 -6.93889e-18
    endloop
  endfacet
  facet normal 0 0 -1
    outer loop
      vertex 0.058005 -0.0388615 -6.93889e-18
      vertex -0.0600286 -0.0412427 -6.93889e-18
      vertex 0.0580191 -0.0386006 -6.93889e-18
    endloop
  endfacet
  facet normal 0 0 -1
    outer loop
      vertex -0.0600286 -0.0412427 -6.93889e-18
      vertex -0.0597735 -0.0411865 -6.93889e-18
      vertex 0.0580191 -0.0386006 -6.93889e-18
    endloop
  endfacet
  facet normal 0 0 -1
    outer loop
      vertex 0.0580191 -0.0386006 -6.93889e-18
      vertex -0.0597735 -0.0411865 -6.93889e-18
      vertex -0.0595259 -0.0411031 -6.93889e-18
    endloop
  endfacet
  facet normal 0 0 -1
    outer loop
      vertex 0.0581313 -0.038091 -6.93889e-18
      vertex 0.0580614 -0.0383428 -6.93889e-18
      vertex -0.0590649 -0.0408587 -6.93889e-18
    endloop
  endfacet
  facet normal 0 0 -1
    outer loop
      vertex 0.0580614 -0.0383428 -6.93889e-18
      vertex 0.0580191 -0.0386006 -6.93889e-18
      vertex -0.0590649 -0.0408587 -6.93889e-18
    endloop
  endfacet
  facet normal 0 0 -1
    outer loop
      vertex -0.0590649 -0.0408587 -6.93889e-18
      vertex 0.0580191 -0.0386006 -6.93889e-18
      vertex -0.0592887 -0.0409934 -6.93889e-18
    endloop
  endfacet
  facet normal 0 0 -1
    outer loop
      vertex 0.0580191 -0.0386006 -6.93889e-18
      vertex -0.0595259 -0.0411031 -6.93889e-18
      vertex -0.0592887 -0.0409934 -6.93889e-18
    endloop
  endfacet
  facet normal 0 0 -1
    outer loop
      vertex 0.058497 0.0403228 -6.93889e-18
      vertex -0.0590617 0.0408594 -6.93889e-18
      vertex 0.0586662 0.0405219 -6.93889e-18
    endloop
  endfacet
  facet normal 0 0 -1
    outer loop
      vertex -0.0590617 0.0408594 -6.93889e-18
      vertex -0.0592858 0.0409942 -6.93889e-18
      vertex 0.0586662 0.0405219 -6.93889e-18
    endloop
  endfacet
  facet normal 5.10629e-18 1.27534e-15 -1
    outer loop
      vertex 0.0586662 0.0405219 -6.93889e-18
      vertex -0.0592858 0.0409942 -6.93889e-18
      vertex -0.0655099 0.0464599 0
    endloop
  endfacet
  facet normal 1.24138e-15 2.68316e-15 -1
    outer loop
      vertex -0.0592858 0.0409942 -6.93889e-18
      vertex -0.0595231 0.041104 -6.93889e-18
      vertex -0.0655099 0.0464599 0
    endloop
  endfacet
  facet normal 7.00267e-16 2.07831e-15 -1
    outer loop
      vertex -0.0655099 0.0464599 0
      vertex -0.0595231 0.041104 -6.93889e-18
      vertex -0.0597709 0.0411875 -6.93889e-18
    endloop
  endfacet
  facet normal 0 0 -1
    outer loop
      vertex -0.0590649 -0.0368643 -6.93889e-18
      vertex -0.0592887 -0.0367296 -6.93889e-18
      vertex -0.0602863 0.036449 -6.93889e-18
    endloop
  endfacet
  facet normal 0 0 -1
    outer loop
      vertex 0.058497 -0.0374012 -6.93889e-18
      vertex -0.0590649 -0.0408587 -6.93889e-18
      vertex 0.0586662 -0.0372021 -6.93889e-18
    endloop
  endfacet
  facet normal 0 0 -1
    outer loop
      vertex -0.0590649 -0.0408587 -6.93889e-18
      vertex -0.0588569 -0.0407006 -6.93889e-18
      vertex 0.0586662 -0.0372021 -6.93889e-18
    endloop
  endfacet
  facet normal 0 0 -1
    outer loop
      vertex 0.0586662 -0.0372021 -6.93889e-18
      vertex -0.0588569 -0.0407006 -6.93889e-18
      vertex -0.0586672 -0.0405209 -6.93889e-18
    endloop
  endfacet
  facet normal 0 0 -1
    outer loop
      vertex -0.0586672 -0.0405209 -6.93889e-18
      vertex -0.058498 -0.0403218 -6.93889e-18
      vertex 0.0586662 -0.0372021 -6.93889e-18
    endloop
  endfacet
  facet normal 0 0 -1
    outer loop
      vertex -0.058498 -0.0403218 -6.93889e-18
      vertex -0.0583514 -0.0401055 -6.93889e-18
      vertex 0.0586662 -0.0372021 -6.93889e-18
    endloop
  endfacet
  facet normal 0 0 -1
    outer loop
      vertex 0.0586662 -0.0372021 -6.93889e-18
      vertex -0.0583514 -0.0401055 -6.93889e-18
      vertex -0.058229 -0.0398747 -6.93889e-18
    endloop
  endfacet
  facet normal 0 0 -1
    outer loop
      vertex -0.0588536 0.0370199 -6.93889e-18
      vertex -0.0586637 0.0371997 -6.93889e-18
      vertex 0.058005 0.0388625 -6.93889e-18
    endloop
  endfacet
  facet normal 0 0 -1
    outer loop
      vertex -0.0586637 0.0371997 -6.93889e-18
      vertex -0.0584944 0.037399 -6.93889e-18
      vertex 0.058005 0.0388625 -6.93889e-18
    endloop
  endfacet
  facet normal 0 0 -1
    outer loop
      vertex 0.058005 0.0388625 -6.93889e-18
      vertex -0.0584944 0.037399 -6.93889e-18
      vertex -0.0583477 0.0376154 -6.93889e-18
    endloop
  endfacet
  facet normal 0 0 -1
    outer loop
      vertex 0.0581313 0.039633 -6.93889e-18
      vertex 0.0580614 0.0393812 -6.93889e-18
      vertex -0.0581284 0.0396316 -6.93889e-18
    endloop
  endfacet
  facet normal 0 0 -1
    outer loop
      vertex 0.0580614 0.0393812 -6.93889e-18
      vertex 0.0580191 0.0391234 -6.93889e-18
      vertex -0.0581284 0.0396316 -6.93889e-18
    endloop
  endfacet
  facet normal 0 0 -1
    outer loop
      vertex -0.0581284 0.0396316 -6.93889e-18
      vertex 0.0580191 0.0391234 -6.93889e-18
      vertex -0.0580585 0.0393796 -6.93889e-18
    endloop
  endfacet
  facet normal 0 0 -1
    outer loop
      vertex 0.0581313 0.039633 -6.93889e-18
      vertex -0.0581284 0.0396316 -6.93889e-18
      vertex 0.058228 0.0398757 -6.93889e-18
    endloop
  endfacet
  facet normal 0 0 -1
    outer loop
      vertex -0.0581284 0.0396316 -6.93889e-18
      vertex -0.0582252 0.0398745 -6.93889e-18
      vertex 0.058228 0.0398757 -6.93889e-18
    endloop
  endfacet
  facet normal 0 0 -1
    outer loop
      vertex 0.058228 0.0398757 -6.93889e-18
      vertex -0.0582252 0.0398745 -6.93889e-18
      vertex -0.0583477 0.0401056 -6.93889e-18
    endloop
  endfacet
  facet normal -2.44324e-16 1.11001e-15 -1
    outer loop
      vertex -0.0608077 0.0412437 -6.93889e-18
      vertex -0.0610631 0.0411875 -6.93889e-18
      vertex -0.0655099 0.0464599 0
    endloop
  endfacet
  facet normal -3.45309e-16 1.02483e-15 -1
    outer loop
      vertex -0.0610631 0.0411875 -6.93889e-18
      vertex -0.0613109 0.041104 -6.93889e-18
      vertex -0.0655099 0.0464599 0
    endloop
  endfacet
  facet normal -4.39853e-16 9.50713e-16 -1
    outer loop
      vertex -0.0655099 0.0464599 0
      vertex -0.0613109 0.041104 -6.93889e-18
      vertex -0.0615482 0.0409942 -6.93889e-18
    endloop
  endfacet
  facet normal 0 0 -1
    outer loop
      vertex -0.0613121 -0.0366199 -6.93889e-18
      vertex -0.0617723 0.0368616 -6.93889e-18
      vertex -0.0610645 -0.0365365 -6.93889e-18
    endloop
  endfacet
  facet normal 0 0 -1
    outer loop
      vertex -0.0617723 0.0368616 -6.93889e-18
      vertex -0.0615482 0.0367268 -6.93889e-18
      vertex -0.0610645 -0.0365365 -6.93889e-18
    endloop
  endfacet
  facet normal 0 0 -1
    outer loop
      vertex -0.0610645 -0.0365365 -6.93889e-18
      vertex -0.0615482 0.0367268 -6.93889e-18
      vertex -0.0613109 0.036617 -6.93889e-18
    endloop
  endfacet
  facet normal 0 0 -1
    outer loop
      vertex -0.0583477 0.0376154 -6.93889e-18
      vertex -0.0582252 0.0378465 -6.93889e-18
      vertex 0.058005 0.0388625 -6.93889e-18
    endloop
  endfacet
  facet normal 0 0 -1
    outer loop
      vertex -0.0582252 0.0378465 -6.93889e-18
      vertex -0.0581284 0.0380894 -6.93889e-18
      vertex 0.058005 0.0388625 -6.93889e-18
    endloop
  endfacet
  facet normal 0 0 -1
    outer loop
      vertex 0.058005 0.0388625 -6.93889e-18
      vertex -0.0581284 0.0380894 -6.93889e-18
      vertex -0.0580585 0.0383413 -6.93889e-18
    endloop
  endfacet
  facet normal 0 0 -1
    outer loop
      vertex -0.0580585 0.0383413 -6.93889e-18
      vertex -0.0580162 0.0385994 -6.93889e-18
      vertex 0.058005 0.0388625 -6.93889e-18
    endloop
  endfacet
  facet normal 0 0 -1
    outer loop
      vertex -0.0580162 0.0385994 -6.93889e-18
      vertex -0.058002 0.0388605 -6.93889e-18
      vertex 0.058005 0.0388625 -6.93889e-18
    endloop
  endfacet
  facet normal 0 0 -1
    outer loop
      vertex 0.058005 0.0388625 -6.93889e-18
      vertex -0.058002 0.0388605 -6.93889e-18
      vertex 0.0580191 0.0391234 -6.93889e-18
    endloop
  endfacet
  facet normal 0 0 -1
    outer loop
      vertex -0.058002 0.0388605 -6.93889e-18
      vertex -0.0580162 0.0391216 -6.93889e-18
      vertex 0.0580191 0.0391234 -6.93889e-18
    endloop
  endfacet
  facet normal 0 0 -1
    outer loop
      vertex 0.0580191 0.0391234 -6.93889e-18
      vertex -0.0580162 0.0391216 -6.93889e-18
      vertex -0.0580585 0.0393796 -6.93889e-18
    endloop
  endfacet
  facet normal 0 0 -1
    outer loop
      vertex -0.0613109 0.036617 -6.93889e-18
      vertex -0.0610631 0.0365335 -6.93889e-18
      vertex -0.0610645 -0.0365365 -6.93889e-18
    endloop
  endfacet
  facet normal 0 0 -1
    outer loop
      vertex -0.0610631 0.0365335 -6.93889e-18
      vertex -0.0608077 0.0364773 -6.93889e-18
      vertex -0.0610645 -0.0365365 -6.93889e-18
    endloop
  endfacet
  facet normal 0 0 -1
    outer loop
      vertex -0.0610645 -0.0365365 -6.93889e-18
      vertex -0.0608077 0.0364773 -6.93889e-18
      vertex -0.0605477 0.036449 -6.93889e-18
    endloop
  endfacet
  facet normal 0 0 -1
    outer loop
      vertex -0.0602884 -0.036452 -6.93889e-18
      vertex -0.0605496 -0.036452 -6.93889e-18
      vertex -0.0605477 0.036449 -6.93889e-18
    endloop
  endfacet
  facet normal 0 0 -1
    outer loop
      vertex -0.0605496 -0.036452 -6.93889e-18
      vertex -0.0608094 -0.0364803 -6.93889e-18
      vertex -0.0605477 0.036449 -6.93889e-18
    endloop
  endfacet
  facet normal 0 0 -1
    outer loop
      vertex -0.0605477 0.036449 -6.93889e-18
      vertex -0.0608094 -0.0364803 -6.93889e-18
      vertex -0.0610645 -0.0365365 -6.93889e-18
    endloop
  endfacet
  facet normal 0 0 -1
    outer loop
      vertex -0.0597709 0.0365335 -6.93889e-18
      vertex -0.0595231 0.036617 -6.93889e-18
      vertex 0.058005 0.0388625 -6.93889e-18
    endloop
  endfacet
  facet normal 0 0 -1
    outer loop
      vertex -0.0595231 0.036617 -6.93889e-18
      vertex -0.0592858 0.0367268 -6.93889e-18
      vertex 0.058005 0.0388625 -6.93889e-18
    endloop
  endfacet
  facet normal 0 0 -1
    outer loop
      vertex 0.058005 0.0388625 -6.93889e-18
      vertex -0.0592858 0.0367268 -6.93889e-18
      vertex -0.0590617 0.0368616 -6.93889e-18
    endloop
  endfacet
  facet normal 0 0 -1
    outer loop
      vertex -0.0592887 -0.0367296 -6.93889e-18
      vertex -0.0595259 -0.0366199 -6.93889e-18
      vertex -0.0602863 0.036449 -6.93889e-18
    endloop
  endfacet
  facet normal 0 0 -1
    outer loop
      vertex -0.0595259 -0.0366199 -6.93889e-18
      vertex -0.0597735 -0.0365365 -6.93889e-18
      vertex -0.0602863 0.036449 -6.93889e-18
    endloop
  endfacet
  facet normal 0 0 -1
    outer loop
      vertex -0.0602863 0.036449 -6.93889e-18
      vertex -0.0597735 -0.0365365 -6.93889e-18
      vertex -0.0605477 0.036449 -6.93889e-18
    endloop
  endfacet
  facet normal 0 0 -1
    outer loop
      vertex -0.0597735 -0.0365365 -6.93889e-18
      vertex -0.0600286 -0.0364803 -6.93889e-18
      vertex -0.0605477 0.036449 -6.93889e-18
    endloop
  endfacet
  facet normal 0 0 -1
    outer loop
      vertex -0.0605477 0.036449 -6.93889e-18
      vertex -0.0600286 -0.0364803 -6.93889e-18
      vertex -0.0602884 -0.036452 -6.93889e-18
    endloop
  endfacet
  facet normal 0 0 -1
    outer loop
      vertex -0.0590649 -0.0368643 -6.93889e-18
      vertex -0.0602863 0.036449 -6.93889e-18
      vertex 0.058005 0.0388625 -6.93889e-18
    endloop
  endfacet
  facet normal 0 0 -1
    outer loop
      vertex -0.0602863 0.036449 -6.93889e-18
      vertex -0.0600263 0.0364773 -6.93889e-18
      vertex 0.058005 0.0388625 -6.93889e-18
    endloop
  endfacet
  facet normal 0 0 -1
    outer loop
      vertex 0.058005 0.0388625 -6.93889e-18
      vertex -0.0600263 0.0364773 -6.93889e-18
      vertex -0.0597709 0.0365335 -6.93889e-18
    endloop
  endfacet
  facet normal -0.965908 0.25885 -0.00429841
    outer loop
      vertex -0.066618 0.0468199 0.0013749
      vertex -0.0666526 0.0466872 0.0011651
      vertex -0.0666495 0.0467021 0.0013749
    endloop
  endfacet
  facet normal -0.995155 0.0980232 0.00758068
    outer loop
      vertex -0.0666526 0.0466872 0.0011651
      vertex -0.066675 0.0464599 0.0011651
      vertex -0.0666495 0.0467021 0.0013749
    endloop
  endfacet
  facet normal -0.994523 0.104522 0
    outer loop
      vertex -0.0666495 0.0467021 0.0013749
      vertex -0.066675 0.0464599 0.0011651
      vertex -0.066675 0.0464599 0.0013749
    endloop
  endfacet
  facet normal -0.0523568 0.998628 0
    outer loop
      vertex -0.0655099 0.047625 0.0013749
      vertex -0.0655099 0.047625 0.0011651
      vertex -0.0656317 0.0476186 0.0013749
    endloop
  endfacet
  facet normal -0.0979897 0.994832 -0.0266046
    outer loop
      vertex -0.0655099 0.047625 0.0011651
      vertex -0.0657372 0.0476026 0.0011651
      vertex -0.0656317 0.0476186 0.0013749
    endloop
  endfacet
  facet normal -0.156428 0.987684 0.00333041
    outer loop
      vertex -0.0656317 0.0476186 0.0013749
      vertex -0.0657372 0.0476026 0.0011651
      vertex -0.0657521 0.0475995 0.0013749
    endloop
  endfacet
  facet normal -0.201515 0.979485 0
    outer loop
      vertex -0.0657372 0.0476026 0.0011651
      vertex -0.0657521 0.0475995 0.0011651
      vertex -0.0657521 0.0475995 0.0013749
    endloop
  endfacet
  facet normal -0.258832 0.965922 0
    outer loop
      vertex -0.0657521 0.0475995 0.0013749
      vertex -0.0657521 0.0475995 0.0011651
      vertex -0.0658699 0.047568 0.0013749
    endloop
  endfacet
  facet normal -0.296458 0.954774 -0.0228027
    outer loop
      vertex -0.0657521 0.0475995 0.0011651
      vertex -0.0659558 0.0475363 0.0011651
      vertex -0.0658699 0.047568 0.0013749
    endloop
  endfacet
  facet normal -0.358345 0.933572 0.00571452
    outer loop
      vertex -0.0658699 0.047568 0.0013749
      vertex -0.0659558 0.0475363 0.0011651
      vertex -0.0659838 0.0475243 0.0013749
    endloop
  endfacet
  facet normal -0.394774 0.918778 0
    outer loop
      vertex -0.0659558 0.0475363 0.0011651
      vertex -0.0659838 0.0475243 0.0011651
      vertex -0.0659838 0.0475243 0.0013749
    endloop
  endfacet
  facet normal -0.45397 0.891017 0
    outer loop
      vertex -0.0659838 0.0475243 0.0013749
      vertex -0.0659838 0.0475243 0.0011651
      vertex -0.0660925 0.0474689 0.0013749
    endloop
  endfacet
  facet normal -0.482806 0.875521 -0.0190249
    outer loop
      vertex -0.0659838 0.0475243 0.0011651
      vertex -0.0661572 0.0474286 0.0011651
      vertex -0.0660925 0.0474689 0.0013749
    endloop
  endfacet
  facet normal -0.54465 0.838633 0.00713926
    outer loop
      vertex -0.0660925 0.0474689 0.0013749
      vertex -0.0661572 0.0474286 0.0011651
      vertex -0.0661947 0.0474025 0.0013749
    endloop
  endfacet
  facet normal -0.571833 0.82037 0
    outer loop
      vertex -0.0661572 0.0474286 0.0011651
      vertex -0.0661947 0.0474025 0.0011651
      vertex -0.0661947 0.0474025 0.0013749
    endloop
  endfacet
  facet normal -0.629311 0.777154 0
    outer loop
      vertex -0.0661947 0.0474025 0.0013749
      vertex -0.0661947 0.0474025 0.0011651
      vertex -0.0662895 0.0473257 0.0013749
    endloop
  endfacet
  facet normal -0.649378 0.760314 -0.0152256
    outer loop
      vertex -0.0661947 0.0474025 0.0011651
      vertex -0.0663337 0.0472838 0.0011651
      vertex -0.0662895 0.0473257 0.0013749
    endloop
  endfacet
  facet normal -0.707086 0.707086 0.00759581
    outer loop
      vertex -0.0662895 0.0473257 0.0013749
      vertex -0.0663337 0.0472838 0.0011651
      vertex -0.0663757 0.0472395 0.0013749
    endloop
  endfacet
  facet normal -0.725339 0.688391 0
    outer loop
      vertex -0.0663337 0.0472838 0.0011651
      vertex -0.0663757 0.0472395 0.0011651
      vertex -0.0663757 0.0472395 0.0013749
    endloop
  endfacet
  facet normal -0.777142 0.629326 0
    outer loop
      vertex -0.0663757 0.0472395 0.0013749
      vertex -0.0663757 0.0472395 0.0011651
      vertex -0.0664525 0.0471447 0.0013749
    endloop
  endfacet
  facet normal -0.789296 0.613907 -0.0114114
    outer loop
      vertex -0.0663757 0.0472395 0.0011651
      vertex -0.0664786 0.0471072 0.0011651
      vertex -0.0664525 0.0471447 0.0013749
    endloop
  endfacet
  facet normal -0.83867 0.544593 0.00714439
    outer loop
      vertex -0.0664525 0.0471447 0.0013749
      vertex -0.0664786 0.0471072 0.0011651
      vertex -0.0665189 0.0470425 0.0013749
    endloop
  endfacet
  facet normal -0.849237 0.528012 0
    outer loop
      vertex -0.0664786 0.0471072 0.0011651
      vertex -0.0665189 0.0470425 0.0011651
      vertex -0.0665189 0.0470425 0.0013749
    endloop
  endfacet
  facet normal -0.890986 0.454031 0
    outer loop
      vertex -0.0665189 0.0470425 0.0013749
      vertex -0.0665189 0.0470425 0.0011651
      vertex -0.0665743 0.0469338 0.0013749
    endloop
  endfacet
  facet normal -0.896827 0.442315 -0.00760934
    outer loop
      vertex -0.0665189 0.0470425 0.0011651
      vertex -0.0665863 0.0469058 0.0011651
      vertex -0.0665743 0.0469338 0.0013749
    endloop
  endfacet
  facet normal -0.933582 0.358318 0.00571867
    outer loop
      vertex -0.0665743 0.0469338 0.0013749
      vertex -0.0665863 0.0469058 0.0011651
      vertex -0.066618 0.0468199 0.0013749
    endloop
  endfacet
  facet normal -0.938217 0.346049 0
    outer loop
      vertex -0.0665863 0.0469058 0.0011651
      vertex -0.066618 0.0468199 0.0011651
      vertex -0.066618 0.0468199 0.0013749
    endloop
  endfacet
  facet normal -0.967598 0.252497 0
    outer loop
      vertex -0.066618 0.0468199 0.0013749
      vertex -0.066618 0.0468199 0.0011651
      vertex -0.0666526 0.0466872 0.0011651
    endloop
  endfacet
  facet normal -0.998533 -0.054152 0
    outer loop
      vertex 0.062831 0.0388625 -6.93889e-18
      vertex 0.062831 0.0388625 0.00254
      vertex 0.0628169 0.0391234 -6.93889e-18
    endloop
  endfacet
  facet normal -0.998533 -0.054152 0
    outer loop
      vertex 0.062831 0.0388625 0.00254
      vertex 0.0628169 0.0391234 0.00254
      vertex 0.0628169 0.0391234 -6.93889e-18
    endloop
  endfacet
  facet normal -0.986828 -0.161774 0
    outer loop
      vertex 0.0628169 0.0391234 -6.93889e-18
      vertex 0.0628169 0.0391234 0.00254
      vertex 0.0627746 0.0393812 -6.93889e-18
    endloop
  endfacet
  facet normal -0.986828 -0.161774 0
    outer loop
      vertex 0.0628169 0.0391234 0.00254
      vertex 0.0627746 0.0393812 0.00254
      vertex 0.0627746 0.0393812 -6.93889e-18
    endloop
  endfacet
  facet normal -0.963547 -0.267539 0
    outer loop
      vertex 0.0627746 0.0393812 -6.93889e-18
      vertex 0.0627746 0.0393812 0.00254
      vertex 0.0627047 0.039633 -6.93889e-18
    endloop
  endfacet
  facet normal -0.963547 -0.267539 0
    outer loop
      vertex 0.0627746 0.0393812 0.00254
      vertex 0.0627047 0.039633 0.00254
      vertex 0.0627047 0.039633 -6.93889e-18
    endloop
  endfacet
  facet normal -0.928975 -0.370142 0
    outer loop
      vertex 0.0627047 0.039633 -6.93889e-18
      vertex 0.0627047 0.039633 0.00254
      vertex 0.062608 0.0398757 -6.93889e-18
    endloop
  endfacet
  facet normal -0.928975 -0.370142 0
    outer loop
      vertex 0.0627047 0.039633 0.00254
      vertex 0.062608 0.0398757 0.00254
      vertex 0.062608 0.0398757 -6.93889e-18
    endloop
  endfacet
  facet normal -0.88352 -0.468394 0
    outer loop
      vertex 0.062608 0.0398757 -6.93889e-18
      vertex 0.062608 0.0398757 0.00254
      vertex 0.0624856 0.0401065 -6.93889e-18
    endloop
  endfacet
  facet normal -0.88352 -0.468394 0
    outer loop
      vertex 0.062608 0.0398757 0.00254
      vertex 0.0624856 0.0401065 0.00254
      vertex 0.0624856 0.0401065 -6.93889e-18
    endloop
  endfacet
  facet normal -0.827688 -0.561188 0
    outer loop
      vertex 0.0624856 0.0401065 -6.93889e-18
      vertex 0.0624856 0.0401065 0.00254
      vertex 0.062339 0.0403228 -6.93889e-18
    endloop
  endfacet
  facet normal -0.827688 -0.561188 0
    outer loop
      vertex 0.0624856 0.0401065 0.00254
      vertex 0.062339 0.0403228 0.00254
      vertex 0.062339 0.0403228 -6.93889e-18
    endloop
  endfacet
  facet normal -0.762157 -0.647393 0
    outer loop
      vertex 0.062339 0.0403228 -6.93889e-18
      vertex 0.062339 0.0403228 0.00254
      vertex 0.0621698 0.0405219 -6.93889e-18
    endloop
  endfacet
  facet normal -0.762157 -0.647393 0
    outer loop
      vertex 0.062339 0.0403228 0.00254
      vertex 0.0621698 0.0405219 0.00254
      vertex 0.0621698 0.0405219 -6.93889e-18
    endloop
  endfacet
  facet normal -0.687699 -0.725996 0
    outer loop
      vertex 0.0621698 0.0405219 -6.93889e-18
      vertex 0.0621698 0.0405219 0.00254
      vertex 0.0619801 0.0407016 -6.93889e-18
    endloop
  endfacet
  facet normal -0.687699 -0.725996 0
    outer loop
      vertex 0.0621698 0.0405219 0.00254
      vertex 0.0619801 0.0407016 0.00254
      vertex 0.0619801 0.0407016 -6.93889e-18
    endloop
  endfacet
  facet normal -0.605175 -0.796092 0
    outer loop
      vertex 0.0619801 0.0407016 -6.93889e-18
      vertex 0.0619801 0.0407016 0.00254
      vertex 0.0617721 0.0408597 -6.93889e-18
    endloop
  endfacet
  facet normal -0.605175 -0.796092 0
    outer loop
      vertex 0.0619801 0.0407016 0.00254
      vertex 0.0617721 0.0408597 0.00254
      vertex 0.0617721 0.0408597 -6.93889e-18
    endloop
  endfacet
  facet normal -0.515558 -0.856854 0
    outer loop
      vertex 0.0617721 0.0408597 -6.93889e-18
      vertex 0.0617721 0.0408597 0.00254
      vertex 0.0615483 0.0409944 -6.93889e-18
    endloop
  endfacet
  facet normal -0.515558 -0.856854 0
    outer loop
      vertex 0.0617721 0.0408597 0.00254
      vertex 0.0615483 0.0409944 0.00254
      vertex 0.0615483 0.0409944 -6.93889e-18
    endloop
  endfacet
  facet normal -0.419889 -0.907575 0
    outer loop
      vertex 0.0615483 0.0409944 -6.93889e-18
      vertex 0.0615483 0.0409944 0.00254
      vertex 0.0613111 0.0411041 -6.93889e-18
    endloop
  endfacet
  facet normal -0.419889 -0.907575 0
    outer loop
      vertex 0.0615483 0.0409944 0.00254
      vertex 0.0613111 0.0411041 0.00254
      vertex 0.0613111 0.0411041 -6.93889e-18
    endloop
  endfacet
  facet normal -0.319297 -0.947655 0
    outer loop
      vertex 0.0613111 0.0411041 -6.93889e-18
      vertex 0.0613111 0.0411041 0.00254
      vertex 0.0610635 0.0411875 -6.93889e-18
    endloop
  endfacet
  facet normal -0.319297 -0.947655 0
    outer loop
      vertex 0.0613111 0.0411041 0.00254
      vertex 0.0610635 0.0411875 0.00254
      vertex 0.0610635 0.0411875 -6.93889e-18
    endloop
  endfacet
  facet normal -0.214972 -0.97662 0
    outer loop
      vertex 0.0610635 0.0411875 -6.93889e-18
      vertex 0.0610635 0.0411875 0.00254
      vertex 0.0608084 0.0412437 -6.93889e-18
    endloop
  endfacet
  facet normal -0.214972 -0.97662 0
    outer loop
      vertex 0.0610635 0.0411875 0.00254
      vertex 0.0608084 0.0412437 0.00254
      vertex 0.0608084 0.0412437 -6.93889e-18
    endloop
  endfacet
  facet normal -0.108118 -0.994138 0
    outer loop
      vertex 0.0608084 0.0412437 -6.93889e-18
      vertex 0.0608084 0.0412437 0.00254
      vertex 0.0605486 0.041272 -6.93889e-18
    endloop
  endfacet
  facet normal -0.108118 -0.994138 0
    outer loop
      vertex 0.0608084 0.0412437 0.00254
      vertex 0.0605486 0.041272 0.00254
      vertex 0.0605486 0.041272 -6.93889e-18
    endloop
  endfacet
  facet normal 0 -1 0
    outer loop
      vertex 0.0605486 0.041272 -6.93889e-18
      vertex 0.0605486 0.041272 0.00254
      vertex 0.0602874 0.041272 -6.93889e-18
    endloop
  endfacet
  facet normal 0 -1 0
    outer loop
      vertex 0.0605486 0.041272 0.00254
      vertex 0.0602874 0.041272 0.00254
      vertex 0.0602874 0.041272 -6.93889e-18
    endloop
  endfacet
  facet normal 0.10812 -0.994138 0
    outer loop
      vertex 0.0602874 0.041272 -6.93889e-18
      vertex 0.0602874 0.041272 0.00254
      vertex 0.0600276 0.0412437 -6.93889e-18
    endloop
  endfacet
  facet normal 0.10812 -0.994138 0
    outer loop
      vertex 0.0602874 0.041272 0.00254
      vertex 0.0600276 0.0412437 0.00254
      vertex 0.0600276 0.0412437 -6.93889e-18
    endloop
  endfacet
  facet normal 0.214969 -0.976621 0
    outer loop
      vertex 0.0600276 0.0412437 -6.93889e-18
      vertex 0.0600276 0.0412437 0.00254
      vertex 0.0597725 0.0411875 -6.93889e-18
    endloop
  endfacet
  facet normal 0.214969 -0.976621 0
    outer loop
      vertex 0.0600276 0.0412437 0.00254
      vertex 0.0597725 0.0411875 0.00254
      vertex 0.0597725 0.0411875 -6.93889e-18
    endloop
  endfacet
  facet normal 0.319297 -0.947655 0
    outer loop
      vertex 0.0597725 0.0411875 -6.93889e-18
      vertex 0.0597725 0.0411875 0.00254
      vertex 0.0595249 0.0411041 -6.93889e-18
    endloop
  endfacet
  facet normal 0.319297 -0.947655 0
    outer loop
      vertex 0.0597725 0.0411875 0.00254
      vertex 0.0595249 0.0411041 0.00254
      vertex 0.0595249 0.0411041 -6.93889e-18
    endloop
  endfacet
  facet normal 0.419889 -0.907575 0
    outer loop
      vertex 0.0595249 0.0411041 -6.93889e-18
      vertex 0.0595249 0.0411041 0.00254
      vertex 0.0592877 0.0409944 -6.93889e-18
    endloop
  endfacet
  facet normal 0.419889 -0.907575 0
    outer loop
      vertex 0.0595249 0.0411041 0.00254
      vertex 0.0592877 0.0409944 0.00254
      vertex 0.0592877 0.0409944 -6.93889e-18
    endloop
  endfacet
  facet normal 0.515558 -0.856854 0
    outer loop
      vertex 0.0592877 0.0409944 -6.93889e-18
      vertex 0.0592877 0.0409944 0.00254
      vertex 0.0590639 0.0408597 -6.93889e-18
    endloop
  endfacet
  facet normal 0.515558 -0.856854 0
    outer loop
      vertex 0.0592877 0.0409944 0.00254
      vertex 0.0590639 0.0408597 0.00254
      vertex 0.0590639 0.0408597 -6.93889e-18
    endloop
  endfacet
  facet normal 0.605175 -0.796092 0
    outer loop
      vertex 0.0590639 0.0408597 -6.93889e-18
      vertex 0.0590639 0.0408597 0.00254
      vertex 0.0588559 0.0407016 -6.93889e-18
    endloop
  endfacet
  facet normal 0.605175 -0.796092 0
    outer loop
      vertex 0.0590639 0.0408597 0.00254
      vertex 0.0588559 0.0407016 0.00254
      vertex 0.0588559 0.0407016 -6.93889e-18
    endloop
  endfacet
  facet normal 0.687699 -0.725996 0
    outer loop
      vertex 0.0588559 0.0407016 -6.93889e-18
      vertex 0.0588559 0.0407016 0.00254
      vertex 0.0586662 0.0405219 -6.93889e-18
    endloop
  endfacet
  facet normal 0.687699 -0.725996 0
    outer loop
      vertex 0.0588559 0.0407016 0.00254
      vertex 0.0586662 0.0405219 0.00254
      vertex 0.0586662 0.0405219 -6.93889e-18
    endloop
  endfacet
  facet normal 0.762164 -0.647384 0
    outer loop
      vertex 0.0586662 0.0405219 -6.93889e-18
      vertex 0.0586662 0.0405219 0.00254
      vertex 0.058497 0.0403228 -6.93889e-18
    endloop
  endfacet
  facet normal 0.762164 -0.647384 0
    outer loop
      vertex 0.0586662 0.0405219 0.00254
      vertex 0.058497 0.0403228 0.00254
      vertex 0.058497 0.0403228 -6.93889e-18
    endloop
  endfacet
  facet normal 0.827688 -0.561188 0
    outer loop
      vertex 0.058497 0.0403228 -6.93889e-18
      vertex 0.058497 0.0403228 0.00254
      vertex 0.0583504 0.0401065 -6.93889e-18
    endloop
  endfacet
  facet normal 0.827688 -0.561188 0
    outer loop
      vertex 0.058497 0.0403228 0.00254
      vertex 0.0583504 0.0401065 0.00254
      vertex 0.0583504 0.0401065 -6.93889e-18
    endloop
  endfacet
  facet normal 0.883514 -0.468405 0
    outer loop
      vertex 0.0583504 0.0401065 -6.93889e-18
      vertex 0.0583504 0.0401065 0.00254
      vertex 0.058228 0.0398757 -6.93889e-18
    endloop
  endfacet
  facet normal 0.883514 -0.468405 0
    outer loop
      vertex 0.0583504 0.0401065 0.00254
      vertex 0.058228 0.0398757 0.00254
      vertex 0.058228 0.0398757 -6.93889e-18
    endloop
  endfacet
  facet normal 0.928975 -0.370142 0
    outer loop
      vertex 0.058228 0.0398757 -6.93889e-18
      vertex 0.058228 0.0398757 0.00254
      vertex 0.0581313 0.039633 -6.93889e-18
    endloop
  endfacet
  facet normal 0.928975 -0.370142 0
    outer loop
      vertex 0.058228 0.0398757 0.00254
      vertex 0.0581313 0.039633 0.00254
      vertex 0.0581313 0.039633 -6.93889e-18
    endloop
  endfacet
  facet normal 0.963551 -0.267525 0
    outer loop
      vertex 0.0581313 0.039633 -6.93889e-18
      vertex 0.0581313 0.039633 0.00254
      vertex 0.0580614 0.0393812 -6.93889e-18
    endloop
  endfacet
  facet normal 0.963551 -0.267525 0
    outer loop
      vertex 0.0581313 0.039633 0.00254
      vertex 0.0580614 0.0393812 0.00254
      vertex 0.0580614 0.0393812 -6.93889e-18
    endloop
  endfacet
  facet normal 0.986826 -0.161788 0
    outer loop
      vertex 0.0580614 0.0393812 -6.93889e-18
      vertex 0.0580614 0.0393812 0.00254
      vertex 0.0580191 0.0391234 -6.93889e-18
    endloop
  endfacet
  facet normal 0.986826 -0.161788 0
    outer loop
      vertex 0.0580614 0.0393812 0.00254
      vertex 0.0580191 0.0391234 0.00254
      vertex 0.0580191 0.0391234 -6.93889e-18
    endloop
  endfacet
  facet normal 0.998533 -0.0541378 0
    outer loop
      vertex 0.0580191 0.0391234 -6.93889e-18
      vertex 0.0580191 0.0391234 0.00254
      vertex 0.058005 0.0388625 -6.93889e-18
    endloop
  endfacet
  facet normal 0.998533 -0.0541378 0
    outer loop
      vertex 0.0580191 0.0391234 0.00254
      vertex 0.058005 0.0388625 0.00254
      vertex 0.058005 0.0388625 -6.93889e-18
    endloop
  endfacet
  facet normal 0.998533 0.0541386 0
    outer loop
      vertex 0.058005 0.0388625 -6.93889e-18
      vertex 0.058005 0.0388625 0.00254
      vertex 0.0580191 0.0386016 -6.93889e-18
    endloop
  endfacet
  facet normal 0.998533 0.0541386 0
    outer loop
      vertex 0.058005 0.0388625 0.00254
      vertex 0.0580191 0.0386016 0.00254
      vertex 0.0580191 0.0386016 -6.93889e-18
    endloop
  endfacet
  facet normal 0.986826 0.161788 0
    outer loop
      vertex 0.0580191 0.0386016 -6.93889e-18
      vertex 0.0580191 0.0386016 0.00254
      vertex 0.0580614 0.0383438 -6.93889e-18
    endloop
  endfacet
  facet normal 0.986826 0.161788 0
    outer loop
      vertex 0.0580191 0.0386016 0.00254
      vertex 0.0580614 0.0383438 0.00254
      vertex 0.0580614 0.0383438 -6.93889e-18
    endloop
  endfacet
  facet normal 0.963551 0.267525 0
    outer loop
      vertex 0.0580614 0.0383438 -6.93889e-18
      vertex 0.0580614 0.0383438 0.00254
      vertex 0.0581313 0.038092 -6.93889e-18
    endloop
  endfacet
  facet normal 0.963551 0.267525 0
    outer loop
      vertex 0.0580614 0.0383438 0.00254
      vertex 0.0581313 0.038092 0.00254
      vertex 0.0581313 0.038092 -6.93889e-18
    endloop
  endfacet
  facet normal 0.928975 0.370142 0
    outer loop
      vertex 0.0581313 0.038092 -6.93889e-18
      vertex 0.0581313 0.038092 0.00254
      vertex 0.058228 0.0378493 -6.93889e-18
    endloop
  endfacet
  facet normal 0.928975 0.370142 0
    outer loop
      vertex 0.0581313 0.038092 0.00254
      vertex 0.058228 0.0378493 0.00254
      vertex 0.058228 0.0378493 -6.93889e-18
    endloop
  endfacet
  facet normal 0.883514 0.468405 0
    outer loop
      vertex 0.058228 0.0378493 -6.93889e-18
      vertex 0.058228 0.0378493 0.00254
      vertex 0.0583504 0.0376185 -6.93889e-18
    endloop
  endfacet
  facet normal 0.883514 0.468405 0
    outer loop
      vertex 0.058228 0.0378493 0.00254
      vertex 0.0583504 0.0376185 0.00254
      vertex 0.0583504 0.0376185 -6.93889e-18
    endloop
  endfacet
  facet normal 0.827688 0.561188 0
    outer loop
      vertex 0.0583504 0.0376185 -6.93889e-18
      vertex 0.0583504 0.0376185 0.00254
      vertex 0.058497 0.0374022 -6.93889e-18
    endloop
  endfacet
  facet normal 0.827688 0.561188 0
    outer loop
      vertex 0.0583504 0.0376185 0.00254
      vertex 0.058497 0.0374022 0.00254
      vertex 0.058497 0.0374022 -6.93889e-18
    endloop
  endfacet
  facet normal 0.762164 0.647384 0
    outer loop
      vertex 0.058497 0.0374022 -6.93889e-18
      vertex 0.058497 0.0374022 0.00254
      vertex 0.0586662 0.0372031 -6.93889e-18
    endloop
  endfacet
  facet normal 0.762164 0.647384 0
    outer loop
      vertex 0.058497 0.0374022 0.00254
      vertex 0.0586662 0.0372031 0.00254
      vertex 0.0586662 0.0372031 -6.93889e-18
    endloop
  endfacet
  facet normal 0.687706 0.725989 0
    outer loop
      vertex 0.0586662 0.0372031 -6.93889e-18
      vertex 0.0586662 0.0372031 0.00254
      vertex 0.0588559 0.0370234 -6.93889e-18
    endloop
  endfacet
  facet normal 0.687706 0.725989 0
    outer loop
      vertex 0.0586662 0.0372031 0.00254
      vertex 0.0588559 0.0370234 0.00254
      vertex 0.0588559 0.0370234 -6.93889e-18
    endloop
  endfacet
  facet normal 0.605175 0.796092 0
    outer loop
      vertex 0.0588559 0.0370234 -6.93889e-18
      vertex 0.0588559 0.0370234 0.00254
      vertex 0.0590639 0.0368653 -6.93889e-18
    endloop
  endfacet
  facet normal 0.605175 0.796092 0
    outer loop
      vertex 0.0588559 0.0370234 0.00254
      vertex 0.0590639 0.0368653 0.00254
      vertex 0.0590639 0.0368653 -6.93889e-18
    endloop
  endfacet
  facet normal 0.515548 0.856861 0
    outer loop
      vertex 0.0590639 0.0368653 -6.93889e-18
      vertex 0.0590639 0.0368653 0.00254
      vertex 0.0592877 0.0367306 -6.93889e-18
    endloop
  endfacet
  facet normal 0.515548 0.856861 0
    outer loop
      vertex 0.0590639 0.0368653 0.00254
      vertex 0.0592877 0.0367306 0.00254
      vertex 0.0592877 0.0367306 -6.93889e-18
    endloop
  endfacet
  facet normal 0.419889 0.907575 0
    outer loop
      vertex 0.0592877 0.0367306 -6.93889e-18
      vertex 0.0592877 0.0367306 0.00254
      vertex 0.0595249 0.0366209 -6.93889e-18
    endloop
  endfacet
  facet normal 0.419889 0.907575 0
    outer loop
      vertex 0.0592877 0.0367306 0.00254
      vertex 0.0595249 0.0366209 0.00254
      vertex 0.0595249 0.0366209 -6.93889e-18
    endloop
  endfacet
  facet normal 0.319297 0.947655 0
    outer loop
      vertex 0.0595249 0.0366209 -6.93889e-18
      vertex 0.0595249 0.0366209 0.00254
      vertex 0.0597725 0.0365375 -6.93889e-18
    endloop
  endfacet
  facet normal 0.319297 0.947655 0
    outer loop
      vertex 0.0595249 0.0366209 0.00254
      vertex 0.0597725 0.0365375 0.00254
      vertex 0.0597725 0.0365375 -6.93889e-18
    endloop
  endfacet
  facet normal 0.214969 0.976621 0
    outer loop
      vertex 0.0597725 0.0365375 -6.93889e-18
      vertex 0.0597725 0.0365375 0.00254
      vertex 0.0600276 0.0364813 -6.93889e-18
    endloop
  endfacet
  facet normal 0.214969 0.976621 0
    outer loop
      vertex 0.0597725 0.0365375 0.00254
      vertex 0.0600276 0.0364813 0.00254
      vertex 0.0600276 0.0364813 -6.93889e-18
    endloop
  endfacet
  facet normal 0.10812 0.994138 0
    outer loop
      vertex 0.0600276 0.0364813 -6.93889e-18
      vertex 0.0600276 0.0364813 0.00254
      vertex 0.0602874 0.036453 -6.93889e-18
    endloop
  endfacet
  facet normal 0.10812 0.994138 0
    outer loop
      vertex 0.0600276 0.0364813 0.00254
      vertex 0.0602874 0.036453 0.00254
      vertex 0.0602874 0.036453 -6.93889e-18
    endloop
  endfacet
  facet normal 0 1 0
    outer loop
      vertex 0.0602874 0.036453 -6.93889e-18
      vertex 0.0602874 0.036453 0.00254
      vertex 0.0605486 0.036453 -6.93889e-18
    endloop
  endfacet
  facet normal 0 1 0
    outer loop
      vertex 0.0602874 0.036453 0.00254
      vertex 0.0605486 0.036453 0.00254
      vertex 0.0605486 0.036453 -6.93889e-18
    endloop
  endfacet
  facet normal -0.108118 0.994138 0
    outer loop
      vertex 0.0605486 0.036453 -6.93889e-18
      vertex 0.0605486 0.036453 0.00254
      vertex 0.0608084 0.0364813 -6.93889e-18
    endloop
  endfacet
  facet normal -0.108118 0.994138 0
    outer loop
      vertex 0.0605486 0.036453 0.00254
      vertex 0.0608084 0.0364813 0.00254
      vertex 0.0608084 0.0364813 -6.93889e-18
    endloop
  endfacet
  facet normal -0.214972 0.97662 0
    outer loop
      vertex 0.0608084 0.0364813 -6.93889e-18
      vertex 0.0608084 0.0364813 0.00254
      vertex 0.0610635 0.0365375 -6.93889e-18
    endloop
  endfacet
  facet normal -0.214972 0.97662 0
    outer loop
      vertex 0.0608084 0.0364813 0.00254
      vertex 0.0610635 0.0365375 0.00254
      vertex 0.0610635 0.0365375 -6.93889e-18
    endloop
  endfacet
  facet normal -0.319297 0.947655 0
    outer loop
      vertex 0.0610635 0.0365375 -6.93889e-18
      vertex 0.0610635 0.0365375 0.00254
      vertex 0.0613111 0.0366209 -6.93889e-18
    endloop
  endfacet
  facet normal -0.319297 0.947655 0
    outer loop
      vertex 0.0610635 0.0365375 0.00254
      vertex 0.0613111 0.0366209 0.00254
      vertex 0.0613111 0.0366209 -6.93889e-18
    endloop
  endfacet
  facet normal -0.419889 0.907575 0
    outer loop
      vertex 0.0613111 0.0366209 -6.93889e-18
      vertex 0.0613111 0.0366209 0.00254
      vertex 0.0615483 0.0367306 -6.93889e-18
    endloop
  endfacet
  facet normal -0.419889 0.907575 0
    outer loop
      vertex 0.0613111 0.0366209 0.00254
      vertex 0.0615483 0.0367306 0.00254
      vertex 0.0615483 0.0367306 -6.93889e-18
    endloop
  endfacet
  facet normal -0.515548 0.856861 0
    outer loop
      vertex 0.0615483 0.0367306 -6.93889e-18
      vertex 0.0615483 0.0367306 0.00254
      vertex 0.0617721 0.0368653 -6.93889e-18
    endloop
  endfacet
  facet normal -0.515548 0.856861 0
    outer loop
      vertex 0.0615483 0.0367306 0.00254
      vertex 0.0617721 0.0368653 0.00254
      vertex 0.0617721 0.0368653 -6.93889e-18
    endloop
  endfacet
  facet normal -0.605175 0.796092 0
    outer loop
      vertex 0.0617721 0.0368653 -6.93889e-18
      vertex 0.0617721 0.0368653 0.00254
      vertex 0.0619801 0.0370234 -6.93889e-18
    endloop
  endfacet
  facet normal -0.605175 0.796092 0
    outer loop
      vertex 0.0617721 0.0368653 0.00254
      vertex 0.0619801 0.0370234 0.00254
      vertex 0.0619801 0.0370234 -6.93889e-18
    endloop
  endfacet
  facet normal -0.687706 0.725989 0
    outer loop
      vertex 0.0619801 0.0370234 -6.93889e-18
      vertex 0.0619801 0.0370234 0.00254
      vertex 0.0621698 0.0372031 -6.93889e-18
    endloop
  endfacet
  facet normal -0.687706 0.725989 0
    outer loop
      vertex 0.0619801 0.0370234 0.00254
      vertex 0.0621698 0.0372031 0.00254
      vertex 0.0621698 0.0372031 -6.93889e-18
    endloop
  endfacet
  facet normal -0.762157 0.647393 0
    outer loop
      vertex 0.0621698 0.0372031 -6.93889e-18
      vertex 0.0621698 0.0372031 0.00254
      vertex 0.062339 0.0374022 -6.93889e-18
    endloop
  endfacet
  facet normal -0.762157 0.647393 0
    outer loop
      vertex 0.0621698 0.0372031 0.00254
      vertex 0.062339 0.0374022 0.00254
      vertex 0.062339 0.0374022 -6.93889e-18
    endloop
  endfacet
  facet normal -0.827688 0.561188 0
    outer loop
      vertex 0.062339 0.0374022 -6.93889e-18
      vertex 0.062339 0.0374022 0.00254
      vertex 0.0624856 0.0376185 -6.93889e-18
    endloop
  endfacet
  facet normal -0.827688 0.561188 0
    outer loop
      vertex 0.062339 0.0374022 0.00254
      vertex 0.0624856 0.0376185 0.00254
      vertex 0.0624856 0.0376185 -6.93889e-18
    endloop
  endfacet
  facet normal -0.88352 0.468394 0
    outer loop
      vertex 0.0624856 0.0376185 -6.93889e-18
      vertex 0.0624856 0.0376185 0.00254
      vertex 0.062608 0.0378493 -6.93889e-18
    endloop
  endfacet
  facet normal -0.88352 0.468394 0
    outer loop
      vertex 0.0624856 0.0376185 0.00254
      vertex 0.062608 0.0378493 0.00254
      vertex 0.062608 0.0378493 -6.93889e-18
    endloop
  endfacet
  facet normal -0.928975 0.370142 0
    outer loop
      vertex 0.062608 0.0378493 -6.93889e-18
      vertex 0.062608 0.0378493 0.00254
      vertex 0.0627047 0.038092 -6.93889e-18
    endloop
  endfacet
  facet normal -0.928975 0.370142 0
    outer loop
      vertex 0.062608 0.0378493 0.00254
      vertex 0.0627047 0.038092 0.00254
      vertex 0.0627047 0.038092 -6.93889e-18
    endloop
  endfacet
  facet normal -0.963547 0.267539 0
    outer loop
      vertex 0.0627047 0.038092 -6.93889e-18
      vertex 0.0627047 0.038092 0.00254
      vertex 0.0627746 0.0383438 -6.93889e-18
    endloop
  endfacet
  facet normal -0.963547 0.267539 0
    outer loop
      vertex 0.0627047 0.038092 0.00254
      vertex 0.0627746 0.0383438 0.00254
      vertex 0.0627746 0.0383438 -6.93889e-18
    endloop
  endfacet
  facet normal -0.986828 0.161774 0
    outer loop
      vertex 0.0627746 0.0383438 -6.93889e-18
      vertex 0.0627746 0.0383438 0.00254
      vertex 0.0628169 0.0386016 -6.93889e-18
    endloop
  endfacet
  facet normal -0.986828 0.161774 0
    outer loop
      vertex 0.0627746 0.0383438 0.00254
      vertex 0.0628169 0.0386016 0.00254
      vertex 0.0628169 0.0386016 -6.93889e-18
    endloop
  endfacet
  facet normal -0.998533 0.0541528 0
    outer loop
      vertex 0.0628169 0.0386016 -6.93889e-18
      vertex 0.0628169 0.0386016 0.00254
      vertex 0.062831 0.0388625 -6.93889e-18
    endloop
  endfacet
  facet normal -0.998533 0.0541528 0
    outer loop
      vertex 0.0628169 0.0386016 0.00254
      vertex 0.062831 0.0388625 0.00254
      vertex 0.062831 0.0388625 -6.93889e-18
    endloop
  endfacet
  facet normal 0 0 1
    outer loop
      vertex 0.062831 -0.0388615 0.00254
      vertex 0.0628169 -0.0391224 0.00254
      vertex 0.0655099 -0.0464599 0.00254
    endloop
  endfacet
  facet normal 0 0 1
    outer loop
      vertex 0.0628169 -0.0391224 0.00254
      vertex 0.0627746 -0.0393802 0.00254
      vertex 0.0655099 -0.0464599 0.00254
    endloop
  endfacet
  facet normal 0 0 1
    outer loop
      vertex 0.0655099 -0.0464599 0.00254
      vertex 0.0627746 -0.0393802 0.00254
      vertex 0.0627047 -0.039632 0.00254
    endloop
  endfacet
  facet normal 0 0 1
    outer loop
      vertex -0.062609 -0.0398747 0.00254
      vertex -0.0627057 -0.039632 0.00254
      vertex -0.0655099 -0.0464599 0.00254
    endloop
  endfacet
  facet normal 0 0 1
    outer loop
      vertex -0.0627057 -0.039632 0.00254
      vertex -0.0627756 -0.0393802 0.00254
      vertex -0.0655099 -0.0464599 0.00254
    endloop
  endfacet
  facet normal 0 0 1
    outer loop
      vertex -0.0655099 -0.0464599 0.00254
      vertex -0.0627756 -0.0393802 0.00254
      vertex -0.0628178 -0.0391224 0.00254
    endloop
  endfacet
  facet normal 0 0 1
    outer loop
      vertex -0.0627057 -0.038091 0.00254
      vertex -0.062609 -0.0378483 0.00254
      vertex -0.0655099 0.0464599 0.00254
    endloop
  endfacet
  facet normal 0 0 1
    outer loop
      vertex 0.062831 0.0388625 0.00254
      vertex 0.0655099 0.0464599 0.00254
      vertex 0.0628169 0.0391234 0.00254
    endloop
  endfacet
  facet normal 0 0 1
    outer loop
      vertex 0.0655099 0.0464599 0.00254
      vertex 0.0627746 0.0393812 0.00254
      vertex 0.0628169 0.0391234 0.00254
    endloop
  endfacet
  facet normal 0 0 1
    outer loop
      vertex 0.0597725 -0.0365365 0.00254
      vertex 0.0600276 -0.0364803 0.00254
      vertex 0.0617721 0.0368653 0.00254
    endloop
  endfacet
  facet normal 0 0 1
    outer loop
      vertex 0.0655099 0.0464599 0.00254
      vertex 0.0627047 -0.038091 0.00254
      vertex 0.0627746 -0.0383428 0.00254
    endloop
  endfacet
  facet normal 0 0 1
    outer loop
      vertex 0.0655099 0.0464599 0.00254
      vertex 0.0627746 -0.0383428 0.00254
      vertex 0.0655099 -0.0464599 0.00254
    endloop
  endfacet
  facet normal 0 0 1
    outer loop
      vertex 0.0627746 -0.0383428 0.00254
      vertex 0.0628169 -0.0386006 0.00254
      vertex 0.0655099 -0.0464599 0.00254
    endloop
  endfacet
  facet normal 0 0 1
    outer loop
      vertex 0.0655099 -0.0464599 0.00254
      vertex 0.0628169 -0.0386006 0.00254
      vertex 0.062831 -0.0388615 0.00254
    endloop
  endfacet
  facet normal 0 0 1
    outer loop
      vertex 0.0610635 -0.0411865 0.00254
      vertex 0.0608084 -0.0412427 0.00254
      vertex 0.0655099 -0.0464599 0.00254
    endloop
  endfacet
  facet normal 0 0 1
    outer loop
      vertex 0.0608084 -0.0412427 0.00254
      vertex 0.0605486 -0.041271 0.00254
      vertex 0.0655099 -0.0464599 0.00254
    endloop
  endfacet
  facet normal 0 0 1
    outer loop
      vertex 0.0655099 -0.0464599 0.00254
      vertex 0.0605486 -0.041271 0.00254
      vertex 0.0602874 -0.041271 0.00254
    endloop
  endfacet
  facet normal 0 0 1
    outer loop
      vertex 0.058228 -0.0398747 0.00254
      vertex 0.0581313 -0.039632 0.00254
      vertex -0.0655099 -0.0464599 0.00254
    endloop
  endfacet
  facet normal 0 0 1
    outer loop
      vertex -0.0588569 -0.0407006 0.00254
      vertex -0.0590649 -0.0408587 0.00254
      vertex 0.0580191 -0.0391224 0.00254
    endloop
  endfacet
  facet normal 0 0 1
    outer loop
      vertex -0.058498 -0.0374012 0.00254
      vertex -0.0583514 -0.0376175 0.00254
      vertex 0.0617721 0.0368653 0.00254
    endloop
  endfacet
  facet normal 0 0 1
    outer loop
      vertex 0.0627047 -0.039632 0.00254
      vertex 0.062608 -0.0398747 0.00254
      vertex 0.0655099 -0.0464599 0.00254
    endloop
  endfacet
  facet normal 0 0 1
    outer loop
      vertex 0.062608 -0.0398747 0.00254
      vertex 0.0624856 -0.0401055 0.00254
      vertex 0.0655099 -0.0464599 0.00254
    endloop
  endfacet
  facet normal 0 0 1
    outer loop
      vertex 0.0655099 -0.0464599 0.00254
      vertex 0.0624856 -0.0401055 0.00254
      vertex 0.062339 -0.0403218 0.00254
    endloop
  endfacet
  facet normal 0 0 1
    outer loop
      vertex 0.062339 -0.0403218 0.00254
      vertex 0.0621698 -0.0405209 0.00254
      vertex 0.0655099 -0.0464599 0.00254
    endloop
  endfacet
  facet normal 0 0 1
    outer loop
      vertex 0.0621698 -0.0405209 0.00254
      vertex 0.0619801 -0.0407006 0.00254
      vertex 0.0655099 -0.0464599 0.00254
    endloop
  endfacet
  facet normal 0 0 1
    outer loop
      vertex 0.0655099 -0.0464599 0.00254
      vertex 0.0619801 -0.0407006 0.00254
      vertex 0.0617721 -0.0408587 0.00254
    endloop
  endfacet
  facet normal 0 0 1
    outer loop
      vertex 0.0617721 -0.0408587 0.00254
      vertex 0.0615483 -0.0409934 0.00254
      vertex 0.0655099 -0.0464599 0.00254
    endloop
  endfacet
  facet normal 0 0 1
    outer loop
      vertex 0.0615483 -0.0409934 0.00254
      vertex 0.0613111 -0.0411031 0.00254
      vertex 0.0655099 -0.0464599 0.00254
    endloop
  endfacet
  facet normal 0 0 1
    outer loop
      vertex 0.0655099 -0.0464599 0.00254
      vertex 0.0613111 -0.0411031 0.00254
      vertex 0.0610635 -0.0411865 0.00254
    endloop
  endfacet
  facet normal 0 0 1
    outer loop
      vertex 0.058228 -0.0398747 0.00254
      vertex -0.0655099 -0.0464599 0.00254
      vertex 0.0583504 -0.0401055 0.00254
    endloop
  endfacet
  facet normal 0 0 1
    outer loop
      vertex -0.0628178 -0.0391224 0.00254
      vertex -0.062832 -0.0388615 0.00254
      vertex -0.0655099 -0.0464599 0.00254
    endloop
  endfacet
  facet normal 0 0 1
    outer loop
      vertex -0.062832 -0.0388615 0.00254
      vertex -0.0628178 -0.0386006 0.00254
      vertex -0.0655099 -0.0464599 0.00254
    endloop
  endfacet
  facet normal 0 0 1
    outer loop
      vertex -0.0655099 -0.0464599 0.00254
      vertex -0.0628178 -0.0386006 0.00254
      vertex -0.0655099 0.0464599 0.00254
    endloop
  endfacet
  facet normal 0 0 1
    outer loop
      vertex -0.0628178 -0.0386006 0.00254
      vertex -0.0627756 -0.0383428 0.00254
      vertex -0.0655099 0.0464599 0.00254
    endloop
  endfacet
  facet normal 0 0 1
    outer loop
      vertex -0.0655099 0.0464599 0.00254
      vertex -0.0627756 -0.0383428 0.00254
      vertex -0.0627057 -0.038091 0.00254
    endloop
  endfacet
  facet normal 0 0 1
    outer loop
      vertex -0.0580624 -0.0383428 0.00254
      vertex -0.0580201 -0.0386006 0.00254
      vertex 0.0586662 -0.0372021 0.00254
    endloop
  endfacet
  facet normal 0 0 1
    outer loop
      vertex 0.0595249 -0.0411031 0.00254
      vertex -0.0655099 -0.0464599 0.00254
      vertex 0.0597725 -0.0411865 0.00254
    endloop
  endfacet
  facet normal 0 0 1
    outer loop
      vertex -0.0655099 -0.0464599 0.00254
      vertex 0.0655099 -0.0464599 0.00254
      vertex 0.0597725 -0.0411865 0.00254
    endloop
  endfacet
  facet normal 0 0 1
    outer loop
      vertex 0.0597725 -0.0411865 0.00254
      vertex 0.0655099 -0.0464599 0.00254
      vertex 0.0600276 -0.0412427 0.00254
    endloop
  endfacet
  facet normal 0 0 1
    outer loop
      vertex 0.0655099 -0.0464599 0.00254
      vertex 0.0602874 -0.041271 0.00254
      vertex 0.0600276 -0.0412427 0.00254
    endloop
  endfacet
  facet normal 0 0 1
    outer loop
      vertex 0.0595249 -0.0411031 0.00254
      vertex 0.0592877 -0.0409934 0.00254
      vertex -0.0655099 -0.0464599 0.00254
    endloop
  endfacet
  facet normal 0 0 1
    outer loop
      vertex 0.0592877 -0.0409934 0.00254
      vertex 0.0590639 -0.0408587 0.00254
      vertex -0.0655099 -0.0464599 0.00254
    endloop
  endfacet
  facet normal 0 0 1
    outer loop
      vertex -0.0655099 -0.0464599 0.00254
      vertex 0.0590639 -0.0408587 0.00254
      vertex 0.0588559 -0.0407006 0.00254
    endloop
  endfacet
  facet normal 0 0 1
    outer loop
      vertex 0.0581313 -0.038091 0.00254
      vertex 0.058228 -0.0378483 0.00254
      vertex -0.0580201 -0.0386006 0.00254
    endloop
  endfacet
  facet normal 0 0 1
    outer loop
      vertex 0.0627047 0.038092 0.00254
      vertex 0.062339 -0.0374012 0.00254
      vertex 0.0624856 -0.0376175 0.00254
    endloop
  endfacet
  facet normal 0 0 1
    outer loop
      vertex 0.0588559 -0.0407006 0.00254
      vertex 0.0586662 -0.0405209 0.00254
      vertex -0.0655099 -0.0464599 0.00254
    endloop
  endfacet
  facet normal 0 0 1
    outer loop
      vertex 0.0586662 -0.0405209 0.00254
      vertex 0.058497 -0.0403218 0.00254
      vertex -0.0655099 -0.0464599 0.00254
    endloop
  endfacet
  facet normal 0 0 1
    outer loop
      vertex -0.0655099 -0.0464599 0.00254
      vertex 0.058497 -0.0403218 0.00254
      vertex 0.0583504 -0.0401055 0.00254
    endloop
  endfacet
  facet normal 0 0 1
    outer loop
      vertex 0.0613111 0.0366209 0.00254
      vertex -0.0597735 -0.0365365 0.00254
      vertex -0.0595259 -0.0366199 0.00254
    endloop
  endfacet
  facet normal 0 0 1
    outer loop
      vertex 0.0597725 0.0411875 0.00254
      vertex 0.0600276 0.0412437 0.00254
      vertex 0.0655099 0.0464599 0.00254
    endloop
  endfacet
  facet normal 0 0 1
    outer loop
      vertex 0.0600276 0.0412437 0.00254
      vertex 0.0602874 0.041272 0.00254
      vertex 0.0655099 0.0464599 0.00254
    endloop
  endfacet
  facet normal 0 0 1
    outer loop
      vertex 0.0655099 0.0464599 0.00254
      vertex 0.0602874 0.041272 0.00254
      vertex 0.0605486 0.041272 0.00254
    endloop
  endfacet
  facet normal 0 0 1
    outer loop
      vertex 0.0590639 -0.0368643 0.00254
      vertex 0.0592877 -0.0367296 0.00254
      vertex 0.0617721 0.0368653 0.00254
    endloop
  endfacet
  facet normal 0 0 1
    outer loop
      vertex 0.0592877 -0.0367296 0.00254
      vertex 0.0595249 -0.0366199 0.00254
      vertex 0.0617721 0.0368653 0.00254
    endloop
  endfacet
  facet normal 0 0 1
    outer loop
      vertex 0.0617721 0.0368653 0.00254
      vertex 0.0595249 -0.0366199 0.00254
      vertex 0.0597725 -0.0365365 0.00254
    endloop
  endfacet
  facet normal 0 0 1
    outer loop
      vertex 0.0602874 -0.036452 0.00254
      vertex 0.0605486 -0.036452 0.00254
      vertex 0.0621698 0.0372031 0.00254
    endloop
  endfacet
  facet normal 0 0 1
    outer loop
      vertex 0.0605486 -0.036452 0.00254
      vertex 0.0608084 -0.0364803 0.00254
      vertex 0.0621698 0.0372031 0.00254
    endloop
  endfacet
  facet normal 0 0 1
    outer loop
      vertex 0.0621698 0.0372031 0.00254
      vertex 0.0608084 -0.0364803 0.00254
      vertex 0.062339 0.0374022 0.00254
    endloop
  endfacet
  facet normal 0 0 1
    outer loop
      vertex 0.0627047 0.038092 0.00254
      vertex 0.0608084 -0.0364803 0.00254
      vertex 0.0610635 -0.0365365 0.00254
    endloop
  endfacet
  facet normal 0 0 1
    outer loop
      vertex 0.062831 0.0388625 0.00254
      vertex 0.0628169 0.0386016 0.00254
      vertex 0.0655099 0.0464599 0.00254
    endloop
  endfacet
  facet normal 0 0 1
    outer loop
      vertex 0.0628169 0.0386016 0.00254
      vertex 0.0627746 0.0383438 0.00254
      vertex 0.0655099 0.0464599 0.00254
    endloop
  endfacet
  facet normal 0 0 1
    outer loop
      vertex 0.0655099 0.0464599 0.00254
      vertex 0.0627746 0.0383438 0.00254
      vertex 0.0627047 -0.038091 0.00254
    endloop
  endfacet
  facet normal 0 0 1
    outer loop
      vertex 0.0627746 0.0383438 0.00254
      vertex 0.0627047 0.038092 0.00254
      vertex 0.0627047 -0.038091 0.00254
    endloop
  endfacet
  facet normal 0 0 1
    outer loop
      vertex 0.0627047 -0.038091 0.00254
      vertex 0.0627047 0.038092 0.00254
      vertex 0.062608 -0.0378483 0.00254
    endloop
  endfacet
  facet normal 0 0 1
    outer loop
      vertex 0.0627047 0.038092 0.00254
      vertex 0.0624856 -0.0376175 0.00254
      vertex 0.062608 -0.0378483 0.00254
    endloop
  endfacet
  facet normal 0 0 1
    outer loop
      vertex 0.0580191 -0.0391224 0.00254
      vertex -0.0580201 -0.0391224 0.00254
      vertex -0.0580624 -0.0393802 0.00254
    endloop
  endfacet
  facet normal 0 0 1
    outer loop
      vertex -0.0580624 -0.0393802 0.00254
      vertex -0.0581323 -0.039632 0.00254
      vertex 0.0580191 -0.0391224 0.00254
    endloop
  endfacet
  facet normal 0 0 1
    outer loop
      vertex -0.0581323 -0.039632 0.00254
      vertex -0.058229 -0.0398747 0.00254
      vertex 0.0580191 -0.0391224 0.00254
    endloop
  endfacet
  facet normal 0 0 1
    outer loop
      vertex 0.0580191 -0.0391224 0.00254
      vertex -0.058229 -0.0398747 0.00254
      vertex -0.0583514 -0.0401055 0.00254
    endloop
  endfacet
  facet normal 0 0 1
    outer loop
      vertex -0.0592887 -0.0409934 0.00254
      vertex -0.0595259 -0.0411031 0.00254
      vertex -0.0655099 -0.0464599 0.00254
    endloop
  endfacet
  facet normal 0 0 1
    outer loop
      vertex -0.0621708 -0.0405209 0.00254
      vertex -0.06234 -0.0403218 0.00254
      vertex -0.0655099 -0.0464599 0.00254
    endloop
  endfacet
  facet normal 0 0 1
    outer loop
      vertex -0.06234 -0.0403218 0.00254
      vertex -0.0624866 -0.0401055 0.00254
      vertex -0.0655099 -0.0464599 0.00254
    endloop
  endfacet
  facet normal 0 0 1
    outer loop
      vertex -0.0655099 -0.0464599 0.00254
      vertex -0.0624866 -0.0401055 0.00254
      vertex -0.062609 -0.0398747 0.00254
    endloop
  endfacet
  facet normal 0 0 1
    outer loop
      vertex -0.0613121 -0.0366199 0.00254
      vertex 0.0613111 0.0366209 0.00254
      vertex -0.0615493 -0.0367296 0.00254
    endloop
  endfacet
  facet normal 0 0 1
    outer loop
      vertex 0.0613111 0.0366209 0.00254
      vertex 0.0610635 0.0365375 0.00254
      vertex -0.0615493 -0.0367296 0.00254
    endloop
  endfacet
  facet normal 0 0 1
    outer loop
      vertex -0.0615493 -0.0367296 0.00254
      vertex 0.0610635 0.0365375 0.00254
      vertex 0.0608084 0.0364813 0.00254
    endloop
  endfacet
  facet normal 0 0 1
    outer loop
      vertex 0.0590639 0.0408597 0.00254
      vertex 0.0592877 0.0409944 0.00254
      vertex 0.0655099 0.0464599 0.00254
    endloop
  endfacet
  facet normal 0 0 1
    outer loop
      vertex 0.0592877 0.0409944 0.00254
      vertex 0.0595249 0.0411041 0.00254
      vertex 0.0655099 0.0464599 0.00254
    endloop
  endfacet
  facet normal 0 0 1
    outer loop
      vertex 0.0655099 0.0464599 0.00254
      vertex 0.0595249 0.0411041 0.00254
      vertex 0.0597725 0.0411875 0.00254
    endloop
  endfacet
  facet normal 0 0 1
    outer loop
      vertex 0.0605486 0.041272 0.00254
      vertex 0.0608084 0.0412437 0.00254
      vertex 0.0655099 0.0464599 0.00254
    endloop
  endfacet
  facet normal 0 0 1
    outer loop
      vertex 0.0608084 0.0412437 0.00254
      vertex 0.0610635 0.0411875 0.00254
      vertex 0.0655099 0.0464599 0.00254
    endloop
  endfacet
  facet normal 0 0 1
    outer loop
      vertex 0.0655099 0.0464599 0.00254
      vertex 0.0610635 0.0411875 0.00254
      vertex 0.0613111 0.0411041 0.00254
    endloop
  endfacet
  facet normal 0 0 1
    outer loop
      vertex 0.0624856 0.0401065 0.00254
      vertex 0.062608 0.0398757 0.00254
      vertex 0.0655099 0.0464599 0.00254
    endloop
  endfacet
  facet normal 0 0 1
    outer loop
      vertex 0.062608 0.0398757 0.00254
      vertex 0.0627047 0.039633 0.00254
      vertex 0.0655099 0.0464599 0.00254
    endloop
  endfacet
  facet normal 0 0 1
    outer loop
      vertex 0.0655099 0.0464599 0.00254
      vertex 0.0627047 0.039633 0.00254
      vertex 0.0627746 0.0393812 0.00254
    endloop
  endfacet
  facet normal 0 0 1
    outer loop
      vertex -0.0583514 -0.0376175 0.00254
      vertex -0.058229 -0.0378483 0.00254
      vertex 0.0586662 -0.0372021 0.00254
    endloop
  endfacet
  facet normal 0 0 1
    outer loop
      vertex -0.058229 -0.0378483 0.00254
      vertex -0.0581323 -0.038091 0.00254
      vertex 0.0586662 -0.0372021 0.00254
    endloop
  endfacet
  facet normal 0 0 1
    outer loop
      vertex 0.0586662 -0.0372021 0.00254
      vertex -0.0581323 -0.038091 0.00254
      vertex -0.0580624 -0.0383428 0.00254
    endloop
  endfacet
  facet normal 0 0 1
    outer loop
      vertex 0.0581313 -0.038091 0.00254
      vertex -0.0580201 -0.0386006 0.00254
      vertex 0.0580614 -0.0383428 0.00254
    endloop
  endfacet
  facet normal 0 0 1
    outer loop
      vertex 0.058228 -0.0378483 0.00254
      vertex 0.0583504 -0.0376175 0.00254
      vertex -0.0580201 -0.0386006 0.00254
    endloop
  endfacet
  facet normal 0 0 1
    outer loop
      vertex 0.0583504 -0.0376175 0.00254
      vertex 0.058497 -0.0374012 0.00254
      vertex -0.0580201 -0.0386006 0.00254
    endloop
  endfacet
  facet normal 0 0 1
    outer loop
      vertex -0.0580201 -0.0386006 0.00254
      vertex 0.058497 -0.0374012 0.00254
      vertex 0.0586662 -0.0372021 0.00254
    endloop
  endfacet
  facet normal 0 0 1
    outer loop
      vertex -0.0583514 -0.0376175 0.00254
      vertex 0.0586662 -0.0372021 0.00254
      vertex 0.0617721 0.0368653 0.00254
    endloop
  endfacet
  facet normal 0 0 1
    outer loop
      vertex 0.0586662 -0.0372021 0.00254
      vertex 0.0588559 -0.0370224 0.00254
      vertex 0.0617721 0.0368653 0.00254
    endloop
  endfacet
  facet normal 0 0 1
    outer loop
      vertex 0.0617721 0.0368653 0.00254
      vertex 0.0588559 -0.0370224 0.00254
      vertex 0.0590639 -0.0368643 0.00254
    endloop
  endfacet
  facet normal 0 0 1
    outer loop
      vertex 0.0627047 0.038092 0.00254
      vertex 0.062608 0.0378493 0.00254
      vertex 0.0608084 -0.0364803 0.00254
    endloop
  endfacet
  facet normal 0 0 1
    outer loop
      vertex 0.062608 0.0378493 0.00254
      vertex 0.0624856 0.0376185 0.00254
      vertex 0.0608084 -0.0364803 0.00254
    endloop
  endfacet
  facet normal 0 0 1
    outer loop
      vertex 0.0608084 -0.0364803 0.00254
      vertex 0.0624856 0.0376185 0.00254
      vertex 0.062339 0.0374022 0.00254
    endloop
  endfacet
  facet normal 0 0 1
    outer loop
      vertex 0.0602874 -0.036452 0.00254
      vertex 0.0621698 0.0372031 0.00254
      vertex 0.0600276 -0.0364803 0.00254
    endloop
  endfacet
  facet normal 0 0 1
    outer loop
      vertex 0.0621698 0.0372031 0.00254
      vertex 0.0619801 0.0370234 0.00254
      vertex 0.0600276 -0.0364803 0.00254
    endloop
  endfacet
  facet normal 0 0 1
    outer loop
      vertex 0.0600276 -0.0364803 0.00254
      vertex 0.0619801 0.0370234 0.00254
      vertex 0.0617721 0.0368653 0.00254
    endloop
  endfacet
  facet normal 0 0 1
    outer loop
      vertex 0.0610635 -0.0365365 0.00254
      vertex 0.0613111 -0.0366199 0.00254
      vertex 0.0627047 0.038092 0.00254
    endloop
  endfacet
  facet normal 0 0 1
    outer loop
      vertex 0.0613111 -0.0366199 0.00254
      vertex 0.0615483 -0.0367296 0.00254
      vertex 0.0627047 0.038092 0.00254
    endloop
  endfacet
  facet normal 0 0 1
    outer loop
      vertex 0.0627047 0.038092 0.00254
      vertex 0.0615483 -0.0367296 0.00254
      vertex 0.0617721 -0.0368643 0.00254
    endloop
  endfacet
  facet normal 0 0 1
    outer loop
      vertex -0.0583514 -0.0401055 0.00254
      vertex -0.058498 -0.0403218 0.00254
      vertex 0.0580191 -0.0391224 0.00254
    endloop
  endfacet
  facet normal 0 0 1
    outer loop
      vertex -0.058498 -0.0403218 0.00254
      vertex -0.0586672 -0.0405209 0.00254
      vertex 0.0580191 -0.0391224 0.00254
    endloop
  endfacet
  facet normal 0 0 1
    outer loop
      vertex 0.0580191 -0.0391224 0.00254
      vertex -0.0586672 -0.0405209 0.00254
      vertex -0.0588569 -0.0407006 0.00254
    endloop
  endfacet
  facet normal 0 0 1
    outer loop
      vertex -0.0595259 -0.0366199 0.00254
      vertex -0.0592887 -0.0367296 0.00254
      vertex 0.0613111 0.0366209 0.00254
    endloop
  endfacet
  facet normal 0 0 1
    outer loop
      vertex -0.0592887 -0.0367296 0.00254
      vertex -0.0590649 -0.0368643 0.00254
      vertex 0.0613111 0.0366209 0.00254
    endloop
  endfacet
  facet normal 0 0 1
    outer loop
      vertex 0.0613111 0.0366209 0.00254
      vertex -0.0590649 -0.0368643 0.00254
      vertex 0.0615483 0.0367306 0.00254
    endloop
  endfacet
  facet normal 0 0 1
    outer loop
      vertex -0.0590649 -0.0368643 0.00254
      vertex -0.0588569 -0.0370224 0.00254
      vertex 0.0615483 0.0367306 0.00254
    endloop
  endfacet
  facet normal 0 0 1
    outer loop
      vertex 0.0615483 0.0367306 0.00254
      vertex -0.0588569 -0.0370224 0.00254
      vertex 0.0617721 0.0368653 0.00254
    endloop
  endfacet
  facet normal 0 0 1
    outer loop
      vertex -0.0588569 -0.0370224 0.00254
      vertex -0.0586672 -0.0372021 0.00254
      vertex 0.0617721 0.0368653 0.00254
    endloop
  endfacet
  facet normal 0 0 1
    outer loop
      vertex 0.0617721 0.0368653 0.00254
      vertex -0.0586672 -0.0372021 0.00254
      vertex -0.058498 -0.0374012 0.00254
    endloop
  endfacet
  facet normal 0 0 1
    outer loop
      vertex -0.0627056 0.0396316 0.00254
      vertex -0.0626088 0.0398745 0.00254
      vertex -0.0655099 0.0464599 0.00254
    endloop
  endfacet
  facet normal 0 0 1
    outer loop
      vertex 0.0590639 0.0408597 0.00254
      vertex 0.0655099 0.0464599 0.00254
      vertex 0.0588559 0.0407016 0.00254
    endloop
  endfacet
  facet normal 0 0 1
    outer loop
      vertex 0.0655099 0.0464599 0.00254
      vertex -0.0655099 0.0464599 0.00254
      vertex 0.0588559 0.0407016 0.00254
    endloop
  endfacet
  facet normal 0 0 1
    outer loop
      vertex 0.0588559 0.0407016 0.00254
      vertex -0.0655099 0.0464599 0.00254
      vertex 0.0586662 0.0405219 0.00254
    endloop
  endfacet
  facet normal 0 0 1
    outer loop
      vertex 0.0613111 0.0411041 0.00254
      vertex 0.0615483 0.0409944 0.00254
      vertex 0.0655099 0.0464599 0.00254
    endloop
  endfacet
  facet normal 0 0 1
    outer loop
      vertex 0.0615483 0.0409944 0.00254
      vertex 0.0617721 0.0408597 0.00254
      vertex 0.0655099 0.0464599 0.00254
    endloop
  endfacet
  facet normal 0 0 1
    outer loop
      vertex 0.0655099 0.0464599 0.00254
      vertex 0.0617721 0.0408597 0.00254
      vertex 0.0619801 0.0407016 0.00254
    endloop
  endfacet
  facet normal 0 0 1
    outer loop
      vertex -0.0580201 -0.0391224 0.00254
      vertex 0.0580191 -0.0391224 0.00254
      vertex -0.058006 -0.0388615 0.00254
    endloop
  endfacet
  facet normal 0 0 1
    outer loop
      vertex 0.0580191 -0.0391224 0.00254
      vertex 0.058005 -0.0388615 0.00254
      vertex -0.058006 -0.0388615 0.00254
    endloop
  endfacet
  facet normal 0 0 1
    outer loop
      vertex -0.058006 -0.0388615 0.00254
      vertex 0.058005 -0.0388615 0.00254
      vertex -0.0580201 -0.0386006 0.00254
    endloop
  endfacet
  facet normal 0 0 1
    outer loop
      vertex 0.058005 -0.0388615 0.00254
      vertex 0.0580191 -0.0386006 0.00254
      vertex -0.0580201 -0.0386006 0.00254
    endloop
  endfacet
  facet normal 0 0 1
    outer loop
      vertex -0.0580201 -0.0386006 0.00254
      vertex 0.0580191 -0.0386006 0.00254
      vertex 0.0580614 -0.0383428 0.00254
    endloop
  endfacet
  facet normal 0 0 1
    outer loop
      vertex 0.0617721 -0.0368643 0.00254
      vertex 0.0619801 -0.0370224 0.00254
      vertex 0.0627047 0.038092 0.00254
    endloop
  endfacet
  facet normal 0 0 1
    outer loop
      vertex 0.0619801 -0.0370224 0.00254
      vertex 0.0621698 -0.0372021 0.00254
      vertex 0.0627047 0.038092 0.00254
    endloop
  endfacet
  facet normal 0 0 1
    outer loop
      vertex 0.0627047 0.038092 0.00254
      vertex 0.0621698 -0.0372021 0.00254
      vertex 0.062339 -0.0374012 0.00254
    endloop
  endfacet
  facet normal 0 0 1
    outer loop
      vertex 0.0581313 -0.039632 0.00254
      vertex 0.0580614 -0.0393802 0.00254
      vertex -0.0655099 -0.0464599 0.00254
    endloop
  endfacet
  facet normal 0 0 1
    outer loop
      vertex 0.0580614 -0.0393802 0.00254
      vertex 0.0580191 -0.0391224 0.00254
      vertex -0.0655099 -0.0464599 0.00254
    endloop
  endfacet
  facet normal 0 0 1
    outer loop
      vertex -0.0655099 -0.0464599 0.00254
      vertex 0.0580191 -0.0391224 0.00254
      vertex -0.0592887 -0.0409934 0.00254
    endloop
  endfacet
  facet normal 0 0 1
    outer loop
      vertex 0.0580191 -0.0391224 0.00254
      vertex -0.0590649 -0.0408587 0.00254
      vertex -0.0592887 -0.0409934 0.00254
    endloop
  endfacet
  facet normal 0 0 1
    outer loop
      vertex -0.0615493 -0.0409934 0.00254
      vertex -0.0655099 -0.0464599 0.00254
      vertex -0.0613121 -0.0411031 0.00254
    endloop
  endfacet
  facet normal 0 0 1
    outer loop
      vertex -0.0655099 -0.0464599 0.00254
      vertex -0.0610645 -0.0411865 0.00254
      vertex -0.0613121 -0.0411031 0.00254
    endloop
  endfacet
  facet normal 0 0 1
    outer loop
      vertex -0.0615493 -0.0409934 0.00254
      vertex -0.0617731 -0.0408587 0.00254
      vertex -0.0655099 -0.0464599 0.00254
    endloop
  endfacet
  facet normal 0 0 1
    outer loop
      vertex -0.0617731 -0.0408587 0.00254
      vertex -0.0619811 -0.0407006 0.00254
      vertex -0.0655099 -0.0464599 0.00254
    endloop
  endfacet
  facet normal 0 0 1
    outer loop
      vertex -0.0655099 -0.0464599 0.00254
      vertex -0.0619811 -0.0407006 0.00254
      vertex -0.0621708 -0.0405209 0.00254
    endloop
  endfacet
  facet normal 0 0 1
    outer loop
      vertex -0.0613121 -0.0366199 0.00254
      vertex -0.0610645 -0.0365365 0.00254
      vertex 0.0613111 0.0366209 0.00254
    endloop
  endfacet
  facet normal 0 0 1
    outer loop
      vertex -0.0610645 -0.0365365 0.00254
      vertex -0.0608094 -0.0364803 0.00254
      vertex 0.0613111 0.0366209 0.00254
    endloop
  endfacet
  facet normal 0 0 1
    outer loop
      vertex 0.0613111 0.0366209 0.00254
      vertex -0.0608094 -0.0364803 0.00254
      vertex -0.0605496 -0.036452 0.00254
    endloop
  endfacet
  facet normal 0 0 1
    outer loop
      vertex -0.0602863 0.041272 0.00254
      vertex 0.0595249 0.0366209 0.00254
      vertex 0.0592877 0.0367306 0.00254
    endloop
  endfacet
  facet normal 0 0 1
    outer loop
      vertex 0.0602874 0.036453 0.00254
      vertex -0.0590617 0.0408594 0.00254
      vertex -0.0588536 0.0407011 0.00254
    endloop
  endfacet
  facet normal 0 0 1
    outer loop
      vertex -0.0588536 0.0407011 0.00254
      vertex -0.0586637 0.0405213 0.00254
      vertex 0.0602874 0.036453 0.00254
    endloop
  endfacet
  facet normal 0 0 1
    outer loop
      vertex -0.0586637 0.0405213 0.00254
      vertex -0.0584944 0.040322 0.00254
      vertex 0.0602874 0.036453 0.00254
    endloop
  endfacet
  facet normal 0 0 1
    outer loop
      vertex 0.0602874 0.036453 0.00254
      vertex -0.0584944 0.040322 0.00254
      vertex -0.0583477 0.0401056 0.00254
    endloop
  endfacet
  facet normal 0 0 1
    outer loop
      vertex 0.0602874 0.036453 0.00254
      vertex -0.0580585 0.0393796 0.00254
      vertex -0.0580162 0.0391216 0.00254
    endloop
  endfacet
  facet normal 0 0 1
    outer loop
      vertex 0.058005 0.0388625 0.00254
      vertex 0.0580191 0.0391234 0.00254
      vertex -0.0655099 0.0464599 0.00254
    endloop
  endfacet
  facet normal 0 0 1
    outer loop
      vertex 0.0580191 0.0391234 0.00254
      vertex 0.0580614 0.0393812 0.00254
      vertex -0.0655099 0.0464599 0.00254
    endloop
  endfacet
  facet normal 0 0 1
    outer loop
      vertex 0.0580614 0.0393812 0.00254
      vertex 0.0581313 0.039633 0.00254
      vertex -0.0655099 0.0464599 0.00254
    endloop
  endfacet
  facet normal 0 0 1
    outer loop
      vertex -0.0655099 0.0464599 0.00254
      vertex 0.0581313 0.039633 0.00254
      vertex 0.058228 0.0398757 0.00254
    endloop
  endfacet
  facet normal 0 0 1
    outer loop
      vertex 0.058228 0.0398757 0.00254
      vertex 0.0583504 0.0401065 0.00254
      vertex -0.0655099 0.0464599 0.00254
    endloop
  endfacet
  facet normal 0 0 1
    outer loop
      vertex 0.0583504 0.0401065 0.00254
      vertex 0.058497 0.0403228 0.00254
      vertex -0.0655099 0.0464599 0.00254
    endloop
  endfacet
  facet normal 0 0 1
    outer loop
      vertex -0.0655099 0.0464599 0.00254
      vertex 0.058497 0.0403228 0.00254
      vertex 0.0586662 0.0405219 0.00254
    endloop
  endfacet
  facet normal 0 0 1
    outer loop
      vertex 0.0619801 0.0407016 0.00254
      vertex 0.0621698 0.0405219 0.00254
      vertex 0.0655099 0.0464599 0.00254
    endloop
  endfacet
  facet normal 0 0 1
    outer loop
      vertex 0.0621698 0.0405219 0.00254
      vertex 0.062339 0.0403228 0.00254
      vertex 0.0655099 0.0464599 0.00254
    endloop
  endfacet
  facet normal 0 0 1
    outer loop
      vertex 0.0655099 0.0464599 0.00254
      vertex 0.062339 0.0403228 0.00254
      vertex 0.0624856 0.0401065 0.00254
    endloop
  endfacet
  facet normal 0 0 1
    outer loop
      vertex -0.0595259 -0.0411031 0.00254
      vertex -0.0597735 -0.0411865 0.00254
      vertex -0.0655099 -0.0464599 0.00254
    endloop
  endfacet
  facet normal 0 0 1
    outer loop
      vertex -0.0597735 -0.0411865 0.00254
      vertex -0.0600286 -0.0412427 0.00254
      vertex -0.0655099 -0.0464599 0.00254
    endloop
  endfacet
  facet normal 0 0 1
    outer loop
      vertex -0.0655099 -0.0464599 0.00254
      vertex -0.0600286 -0.0412427 0.00254
      vertex -0.0602884 -0.041271 0.00254
    endloop
  endfacet
  facet normal 0 0 1
    outer loop
      vertex -0.0605496 -0.036452 0.00254
      vertex -0.0602884 -0.036452 0.00254
      vertex 0.0613111 0.0366209 0.00254
    endloop
  endfacet
  facet normal 0 0 1
    outer loop
      vertex -0.0602884 -0.036452 0.00254
      vertex -0.0600286 -0.0364803 0.00254
      vertex 0.0613111 0.0366209 0.00254
    endloop
  endfacet
  facet normal 0 0 1
    outer loop
      vertex 0.0613111 0.0366209 0.00254
      vertex -0.0600286 -0.0364803 0.00254
      vertex -0.0597735 -0.0365365 0.00254
    endloop
  endfacet
  facet normal 0 0 1
    outer loop
      vertex -0.0597709 0.0411875 0.00254
      vertex -0.0595231 0.041104 0.00254
      vertex 0.0602874 0.036453 0.00254
    endloop
  endfacet
  facet normal 0 0 1
    outer loop
      vertex -0.0595231 0.041104 0.00254
      vertex -0.0592858 0.0409942 0.00254
      vertex 0.0602874 0.036453 0.00254
    endloop
  endfacet
  facet normal 0 0 1
    outer loop
      vertex 0.0602874 0.036453 0.00254
      vertex -0.0592858 0.0409942 0.00254
      vertex -0.0590617 0.0408594 0.00254
    endloop
  endfacet
  facet normal 0 0 1
    outer loop
      vertex 0.0592877 0.0367306 0.00254
      vertex 0.0590639 0.0368653 0.00254
      vertex -0.0602863 0.041272 0.00254
    endloop
  endfacet
  facet normal 0 0 1
    outer loop
      vertex 0.0590639 0.0368653 0.00254
      vertex 0.0588559 0.0370234 0.00254
      vertex -0.0602863 0.041272 0.00254
    endloop
  endfacet
  facet normal 0 0 1
    outer loop
      vertex -0.0602863 0.041272 0.00254
      vertex 0.0588559 0.0370234 0.00254
      vertex 0.0586662 0.0372031 0.00254
    endloop
  endfacet
  facet normal 0 0 1
    outer loop
      vertex -0.0583477 0.0401056 0.00254
      vertex -0.0582252 0.0398745 0.00254
      vertex 0.0602874 0.036453 0.00254
    endloop
  endfacet
  facet normal 0 0 1
    outer loop
      vertex -0.0582252 0.0398745 0.00254
      vertex -0.0581284 0.0396316 0.00254
      vertex 0.0602874 0.036453 0.00254
    endloop
  endfacet
  facet normal 0 0 1
    outer loop
      vertex 0.0602874 0.036453 0.00254
      vertex -0.0581284 0.0396316 0.00254
      vertex -0.0580585 0.0393796 0.00254
    endloop
  endfacet
  facet normal 0 0 1
    outer loop
      vertex -0.0621708 -0.0372021 0.00254
      vertex -0.0619811 -0.0370224 0.00254
      vertex -0.0580162 0.0385994 0.00254
    endloop
  endfacet
  facet normal 0 0 1
    outer loop
      vertex -0.0602884 -0.041271 0.00254
      vertex -0.0605496 -0.041271 0.00254
      vertex -0.0655099 -0.0464599 0.00254
    endloop
  endfacet
  facet normal 0 0 1
    outer loop
      vertex -0.0605496 -0.041271 0.00254
      vertex -0.0608094 -0.0412427 0.00254
      vertex -0.0655099 -0.0464599 0.00254
    endloop
  endfacet
  facet normal 0 0 1
    outer loop
      vertex -0.0655099 -0.0464599 0.00254
      vertex -0.0608094 -0.0412427 0.00254
      vertex -0.0610645 -0.0411865 0.00254
    endloop
  endfacet
  facet normal 0 0 1
    outer loop
      vertex -0.0615482 0.0367268 0.00254
      vertex -0.0617723 0.0368616 0.00254
      vertex -0.062609 -0.0378483 0.00254
    endloop
  endfacet
  facet normal 0 0 1
    outer loop
      vertex -0.0617723 0.0368616 0.00254
      vertex -0.0619804 0.0370199 0.00254
      vertex -0.062609 -0.0378483 0.00254
    endloop
  endfacet
  facet normal 0 0 1
    outer loop
      vertex -0.0621708 -0.0372021 0.00254
      vertex -0.0580162 0.0385994 0.00254
      vertex -0.06234 -0.0374012 0.00254
    endloop
  endfacet
  facet normal 0 0 1
    outer loop
      vertex -0.0619811 -0.0370224 0.00254
      vertex -0.0617731 -0.0368643 0.00254
      vertex -0.0580162 0.0385994 0.00254
    endloop
  endfacet
  facet normal 0 0 1
    outer loop
      vertex -0.0617731 -0.0368643 0.00254
      vertex -0.0615493 -0.0367296 0.00254
      vertex -0.0580162 0.0385994 0.00254
    endloop
  endfacet
  facet normal 0 0 1
    outer loop
      vertex -0.0580162 0.0385994 0.00254
      vertex -0.0615493 -0.0367296 0.00254
      vertex -0.058002 0.0388605 0.00254
    endloop
  endfacet
  facet normal 0 0 1
    outer loop
      vertex -0.0628178 0.0385994 0.00254
      vertex -0.062832 0.0388605 0.00254
      vertex -0.0655099 0.0464599 0.00254
    endloop
  endfacet
  facet normal 0 0 1
    outer loop
      vertex -0.0655099 0.0464599 0.00254
      vertex -0.0621703 0.0405213 0.00254
      vertex -0.0619804 0.0407011 0.00254
    endloop
  endfacet
  facet normal 0 0 1
    outer loop
      vertex -0.0597709 0.0411875 0.00254
      vertex 0.0602874 0.036453 0.00254
      vertex -0.0600263 0.0412437 0.00254
    endloop
  endfacet
  facet normal 0 0 1
    outer loop
      vertex 0.0602874 0.036453 0.00254
      vertex 0.0600276 0.0364813 0.00254
      vertex -0.0600263 0.0412437 0.00254
    endloop
  endfacet
  facet normal 0 0 1
    outer loop
      vertex -0.0600263 0.0412437 0.00254
      vertex 0.0600276 0.0364813 0.00254
      vertex -0.0602863 0.041272 0.00254
    endloop
  endfacet
  facet normal 0 0 1
    outer loop
      vertex 0.0600276 0.0364813 0.00254
      vertex 0.0597725 0.0365375 0.00254
      vertex -0.0602863 0.041272 0.00254
    endloop
  endfacet
  facet normal 0 0 1
    outer loop
      vertex -0.0602863 0.041272 0.00254
      vertex 0.0597725 0.0365375 0.00254
      vertex 0.0595249 0.0366209 0.00254
    endloop
  endfacet
  facet normal 0 0 1
    outer loop
      vertex -0.0619804 0.0370199 0.00254
      vertex -0.0621703 0.0371997 0.00254
      vertex -0.062609 -0.0378483 0.00254
    endloop
  endfacet
  facet normal 0 0 1
    outer loop
      vertex -0.0621703 0.0371997 0.00254
      vertex -0.0623396 0.037399 0.00254
      vertex -0.062609 -0.0378483 0.00254
    endloop
  endfacet
  facet normal 0 0 1
    outer loop
      vertex -0.062609 -0.0378483 0.00254
      vertex -0.0623396 0.037399 0.00254
      vertex -0.0624863 0.0376154 0.00254
    endloop
  endfacet
  facet normal 0 0 1
    outer loop
      vertex 0.0608084 0.0364813 0.00254
      vertex 0.0605486 0.036453 0.00254
      vertex -0.0615493 -0.0367296 0.00254
    endloop
  endfacet
  facet normal 0 0 1
    outer loop
      vertex 0.0605486 0.036453 0.00254
      vertex 0.0602874 0.036453 0.00254
      vertex -0.0615493 -0.0367296 0.00254
    endloop
  endfacet
  facet normal 0 0 1
    outer loop
      vertex -0.0615493 -0.0367296 0.00254
      vertex 0.0602874 0.036453 0.00254
      vertex -0.058002 0.0388605 0.00254
    endloop
  endfacet
  facet normal 0 0 1
    outer loop
      vertex 0.0602874 0.036453 0.00254
      vertex -0.0580162 0.0391216 0.00254
      vertex -0.058002 0.0388605 0.00254
    endloop
  endfacet
  facet normal 0 0 1
    outer loop
      vertex -0.0624863 0.0376154 0.00254
      vertex -0.0626088 0.0378465 0.00254
      vertex -0.062609 -0.0378483 0.00254
    endloop
  endfacet
  facet normal 0 0 1
    outer loop
      vertex -0.0626088 0.0378465 0.00254
      vertex -0.0627056 0.0380894 0.00254
      vertex -0.062609 -0.0378483 0.00254
    endloop
  endfacet
  facet normal 0 0 1
    outer loop
      vertex -0.062609 -0.0378483 0.00254
      vertex -0.0627056 0.0380894 0.00254
      vertex -0.0655099 0.0464599 0.00254
    endloop
  endfacet
  facet normal 0 0 1
    outer loop
      vertex -0.0627056 0.0380894 0.00254
      vertex -0.0627755 0.0383413 0.00254
      vertex -0.0655099 0.0464599 0.00254
    endloop
  endfacet
  facet normal 0 0 1
    outer loop
      vertex -0.0655099 0.0464599 0.00254
      vertex -0.0627755 0.0383413 0.00254
      vertex -0.0628178 0.0385994 0.00254
    endloop
  endfacet
  facet normal 0 0 1
    outer loop
      vertex -0.062832 0.0388605 0.00254
      vertex -0.0628178 0.0391216 0.00254
      vertex -0.0655099 0.0464599 0.00254
    endloop
  endfacet
  facet normal 0 0 1
    outer loop
      vertex -0.0628178 0.0391216 0.00254
      vertex -0.0627755 0.0393796 0.00254
      vertex -0.0655099 0.0464599 0.00254
    endloop
  endfacet
  facet normal 0 0 1
    outer loop
      vertex -0.0655099 0.0464599 0.00254
      vertex -0.0627755 0.0393796 0.00254
      vertex -0.0627056 0.0396316 0.00254
    endloop
  endfacet
  facet normal 0 0 1
    outer loop
      vertex -0.0626088 0.0398745 0.00254
      vertex -0.0624863 0.0401056 0.00254
      vertex -0.0655099 0.0464599 0.00254
    endloop
  endfacet
  facet normal 0 0 1
    outer loop
      vertex -0.0624863 0.0401056 0.00254
      vertex -0.0623396 0.040322 0.00254
      vertex -0.0655099 0.0464599 0.00254
    endloop
  endfacet
  facet normal 0 0 1
    outer loop
      vertex -0.0655099 0.0464599 0.00254
      vertex -0.0623396 0.040322 0.00254
      vertex -0.0621703 0.0405213 0.00254
    endloop
  endfacet
  facet normal 0 0 1
    outer loop
      vertex 0.0581313 0.038092 0.00254
      vertex 0.0580614 0.0383438 0.00254
      vertex -0.0655099 0.0464599 0.00254
    endloop
  endfacet
  facet normal 0 0 1
    outer loop
      vertex 0.0580614 0.0383438 0.00254
      vertex 0.0580191 0.0386016 0.00254
      vertex -0.0655099 0.0464599 0.00254
    endloop
  endfacet
  facet normal 0 0 1
    outer loop
      vertex -0.0655099 0.0464599 0.00254
      vertex 0.0580191 0.0386016 0.00254
      vertex 0.058005 0.0388625 0.00254
    endloop
  endfacet
  facet normal 0 0 1
    outer loop
      vertex -0.06234 -0.0374012 0.00254
      vertex -0.0580162 0.0385994 0.00254
      vertex -0.0624866 -0.0376175 0.00254
    endloop
  endfacet
  facet normal 0 0 1
    outer loop
      vertex -0.0580162 0.0385994 0.00254
      vertex -0.0580585 0.0383413 0.00254
      vertex -0.0624866 -0.0376175 0.00254
    endloop
  endfacet
  facet normal 0 0 1
    outer loop
      vertex -0.0624866 -0.0376175 0.00254
      vertex -0.0580585 0.0383413 0.00254
      vertex -0.062609 -0.0378483 0.00254
    endloop
  endfacet
  facet normal 0 0 1
    outer loop
      vertex -0.0580585 0.0383413 0.00254
      vertex -0.0581284 0.0380894 0.00254
      vertex -0.062609 -0.0378483 0.00254
    endloop
  endfacet
  facet normal 0 0 1
    outer loop
      vertex -0.062609 -0.0378483 0.00254
      vertex -0.0581284 0.0380894 0.00254
      vertex -0.0582252 0.0378465 0.00254
    endloop
  endfacet
  facet normal 0 0 1
    outer loop
      vertex -0.0605477 0.036449 0.00254
      vertex -0.0608077 0.0364773 0.00254
      vertex -0.062609 -0.0378483 0.00254
    endloop
  endfacet
  facet normal 0 0 1
    outer loop
      vertex -0.0619804 0.0407011 0.00254
      vertex -0.0617723 0.0408594 0.00254
      vertex -0.0655099 0.0464599 0.00254
    endloop
  endfacet
  facet normal 0 0 1
    outer loop
      vertex -0.0617723 0.0408594 0.00254
      vertex -0.0615482 0.0409942 0.00254
      vertex -0.0655099 0.0464599 0.00254
    endloop
  endfacet
  facet normal 0 0 1
    outer loop
      vertex -0.0655099 0.0464599 0.00254
      vertex -0.0615482 0.0409942 0.00254
      vertex -0.0613109 0.041104 0.00254
    endloop
  endfacet
  facet normal 0 0 1
    outer loop
      vertex -0.0655099 0.0464599 0.00254
      vertex -0.0605477 0.041272 0.00254
      vertex -0.0602863 0.041272 0.00254
    endloop
  endfacet
  facet normal 0 0 1
    outer loop
      vertex -0.0586637 0.0371997 0.00254
      vertex -0.0588536 0.0370199 0.00254
      vertex -0.062609 -0.0378483 0.00254
    endloop
  endfacet
  facet normal 0 0 1
    outer loop
      vertex -0.0588536 0.0370199 0.00254
      vertex -0.0590617 0.0368616 0.00254
      vertex -0.062609 -0.0378483 0.00254
    endloop
  endfacet
  facet normal 0 0 1
    outer loop
      vertex 0.0586662 0.0372031 0.00254
      vertex 0.058497 0.0374022 0.00254
      vertex -0.0602863 0.041272 0.00254
    endloop
  endfacet
  facet normal 0 0 1
    outer loop
      vertex 0.058497 0.0374022 0.00254
      vertex 0.0583504 0.0376185 0.00254
      vertex -0.0602863 0.041272 0.00254
    endloop
  endfacet
  facet normal 0 0 1
    outer loop
      vertex -0.0602863 0.041272 0.00254
      vertex 0.0583504 0.0376185 0.00254
      vertex -0.0655099 0.0464599 0.00254
    endloop
  endfacet
  facet normal 0 0 1
    outer loop
      vertex 0.0583504 0.0376185 0.00254
      vertex 0.058228 0.0378493 0.00254
      vertex -0.0655099 0.0464599 0.00254
    endloop
  endfacet
  facet normal 0 0 1
    outer loop
      vertex -0.0655099 0.0464599 0.00254
      vertex 0.058228 0.0378493 0.00254
      vertex 0.0581313 0.038092 0.00254
    endloop
  endfacet
  facet normal 0 0 1
    outer loop
      vertex -0.0582252 0.0378465 0.00254
      vertex -0.0583477 0.0376154 0.00254
      vertex -0.062609 -0.0378483 0.00254
    endloop
  endfacet
  facet normal 0 0 1
    outer loop
      vertex -0.0583477 0.0376154 0.00254
      vertex -0.0584944 0.037399 0.00254
      vertex -0.062609 -0.0378483 0.00254
    endloop
  endfacet
  facet normal 0 0 1
    outer loop
      vertex -0.062609 -0.0378483 0.00254
      vertex -0.0584944 0.037399 0.00254
      vertex -0.0586637 0.0371997 0.00254
    endloop
  endfacet
  facet normal 0 0 1
    outer loop
      vertex -0.0590617 0.0368616 0.00254
      vertex -0.0592858 0.0367268 0.00254
      vertex -0.062609 -0.0378483 0.00254
    endloop
  endfacet
  facet normal 0 0 1
    outer loop
      vertex -0.0592858 0.0367268 0.00254
      vertex -0.0595231 0.036617 0.00254
      vertex -0.062609 -0.0378483 0.00254
    endloop
  endfacet
  facet normal 0 0 1
    outer loop
      vertex -0.062609 -0.0378483 0.00254
      vertex -0.0595231 0.036617 0.00254
      vertex -0.0597709 0.0365335 0.00254
    endloop
  endfacet
  facet normal 0 0 1
    outer loop
      vertex -0.0597709 0.0365335 0.00254
      vertex -0.0600263 0.0364773 0.00254
      vertex -0.062609 -0.0378483 0.00254
    endloop
  endfacet
  facet normal 0 0 1
    outer loop
      vertex -0.0600263 0.0364773 0.00254
      vertex -0.0602863 0.036449 0.00254
      vertex -0.062609 -0.0378483 0.00254
    endloop
  endfacet
  facet normal 0 0 1
    outer loop
      vertex -0.062609 -0.0378483 0.00254
      vertex -0.0602863 0.036449 0.00254
      vertex -0.0605477 0.036449 0.00254
    endloop
  endfacet
  facet normal 0 0 1
    outer loop
      vertex -0.0613109 0.041104 0.00254
      vertex -0.0610631 0.0411875 0.00254
      vertex -0.0655099 0.0464599 0.00254
    endloop
  endfacet
  facet normal 0 0 1
    outer loop
      vertex -0.0610631 0.0411875 0.00254
      vertex -0.0608077 0.0412437 0.00254
      vertex -0.0655099 0.0464599 0.00254
    endloop
  endfacet
  facet normal 0 0 1
    outer loop
      vertex -0.0655099 0.0464599 0.00254
      vertex -0.0608077 0.0412437 0.00254
      vertex -0.0605477 0.041272 0.00254
    endloop
  endfacet
  facet normal 0 0 1
    outer loop
      vertex -0.0608077 0.0364773 0.00254
      vertex -0.0610631 0.0365335 0.00254
      vertex -0.062609 -0.0378483 0.00254
    endloop
  endfacet
  facet normal 0 0 1
    outer loop
      vertex -0.0610631 0.0365335 0.00254
      vertex -0.0613109 0.036617 0.00254
      vertex -0.062609 -0.0378483 0.00254
    endloop
  endfacet
  facet normal 0 0 1
    outer loop
      vertex -0.062609 -0.0378483 0.00254
      vertex -0.0613109 0.036617 0.00254
      vertex -0.0615482 0.0367268 0.00254
    endloop
  endfacet
  facet normal 1 0 0
    outer loop
      vertex 0.066675 -0.0464599 0
      vertex 0.066675 0.0464599 0
      vertex 0.066675 -0.0464599 0.0013749
    endloop
  endfacet
  facet normal 1 0 0
    outer loop
      vertex 0.066675 0.0464599 0
      vertex 0.066675 0.0464599 0.0013749
      vertex 0.066675 -0.0464599 0.0013749
    endloop
  endfacet
  facet normal 0.104472 -0.525173 0.844558
    outer loop
      vertex 0.0655099 -0.0470425 0.00238391
      vertex 0.0655099 -0.0471072 0.00234365
      vertex 0.0657521 -0.0470931 0.00232248
    endloop
  endfacet
  facet normal 0.104484 -0.684594 0.721398
    outer loop
      vertex 0.0655099 -0.0472395 0.00224074
      vertex 0.0655099 -0.0472838 0.00219875
      vertex 0.0657521 -0.0472657 0.00218075
    endloop
  endfacet
  facet normal 0.104512 -0.815914 0.568649
    outer loop
      vertex 0.0655099 -0.0474025 0.00205973
      vertex 0.0655099 -0.0474286 0.0020222
      vertex 0.0657521 -0.0474075 0.00200805
    endloop
  endfacet
  facet normal 0.10453 -0.913759 0.392578
    outer loop
      vertex 0.0655099 -0.0475243 0.00184879
      vertex 0.0655099 -0.0475363 0.00182077
      vertex 0.0657521 -0.0475128 0.00181102
    endloop
  endfacet
  facet normal 0.104523 -0.974119 0.200416
    outer loop
      vertex 0.0655099 -0.0475995 0.00161714
      vertex 0.0655099 -0.0476026 0.0016022
      vertex 0.0657521 -0.0475776 0.00159723
    endloop
  endfacet
  facet normal 0.998615 -0.0051565 0.0523567
    outer loop
      vertex 0.066675 -0.0464599 0.0013749
      vertex 0.0666686 -0.0464599 0.00149669
      vertex 0.0666686 -0.0464837 0.00149435
    endloop
  endfacet
  facet normal 0.977942 -0.0204726 0.207869
    outer loop
      vertex 0.0666686 -0.0464837 0.00149435
      vertex 0.0666686 -0.0464599 0.00149669
      vertex 0.066618 -0.0465301 0.00172802
    endloop
  endfacet
  facet normal 0.969067 -0.193293 0.153452
    outer loop
      vertex 0.0666686 -0.0464599 0.00149669
      vertex 0.0666495 -0.0464599 0.00161714
      vertex 0.066618 -0.0465301 0.00172802
    endloop
  endfacet
  facet normal 0.965603 -0.0254861 0.258768
    outer loop
      vertex 0.0666495 -0.0464599 0.00161714
      vertex 0.066618 -0.0464599 0.00173494
      vertex 0.066618 -0.0465301 0.00172802
    endloop
  endfacet
  facet normal 0.912812 -0.0400277 0.406413
    outer loop
      vertex 0.066618 -0.0465301 0.00172802
      vertex 0.066618 -0.0464599 0.00173494
      vertex 0.0665189 -0.0465736 0.00194626
    endloop
  endfacet
  facet normal 0.923596 -0.145986 0.354483
    outer loop
      vertex 0.066618 -0.0464599 0.00173494
      vertex 0.0665743 -0.0464599 0.00184879
      vertex 0.0665189 -0.0465736 0.00194626
    endloop
  endfacet
  facet normal 0.890093 -0.0446738 0.453584
    outer loop
      vertex 0.0665743 -0.0464599 0.00184879
      vertex 0.0665189 -0.0464599 0.00195745
      vertex 0.0665189 -0.0465736 0.00194626
    endloop
  endfacet
  facet normal 0.807674 -0.0577933 0.58679
    outer loop
      vertex 0.0665189 -0.0465736 0.00194626
      vertex 0.0665189 -0.0464599 0.00195745
      vertex 0.0663757 -0.046612 0.00213952
    endloop
  endfacet
  facet normal 0.830876 -0.136211 0.539529
    outer loop
      vertex 0.0665189 -0.0464599 0.00195745
      vertex 0.0664525 -0.0464599 0.00205973
      vertex 0.0663757 -0.046612 0.00213952
    endloop
  endfacet
  facet normal 0.775653 -0.0618647 0.62812
    outer loop
      vertex 0.0664525 -0.0464599 0.00205973
      vertex 0.0663757 -0.0464599 0.0021545
      vertex 0.0663757 -0.046612 0.00213952
    endloop
  endfacet
  facet normal 0.66734 -0.0729989 0.741167
    outer loop
      vertex 0.0663757 -0.046612 0.00213952
      vertex 0.0663757 -0.0464599 0.0021545
      vertex 0.0661947 -0.0466438 0.00229937
    endloop
  endfacet
  facet normal 0.700379 -0.13766 0.700371
    outer loop
      vertex 0.0663757 -0.0464599 0.0021545
      vertex 0.0662895 -0.0464599 0.00224074
      vertex 0.0661947 -0.0466438 0.00229937
    endloop
  endfacet
  facet normal 0.627471 -0.0763204 0.774891
    outer loop
      vertex 0.0662895 -0.0464599 0.00224074
      vertex 0.0661947 -0.0464599 0.00231749
      vertex 0.0661947 -0.0466438 0.00229937
    endloop
  endfacet
  facet normal 0.542806 -0.0823208 0.835814
    outer loop
      vertex 0.0661947 -0.0464599 0.00231749
      vertex 0.0660925 -0.0464599 0.00238391
      vertex 0.0661947 -0.0466438 0.00229937
    endloop
  endfacet
  facet normal 0.499301 -0.116946 0.8585
    outer loop
      vertex 0.0661947 -0.0466438 0.00229937
      vertex 0.0660925 -0.0464599 0.00238391
      vertex 0.0659838 -0.0466675 0.00241882
    endloop
  endfacet
  facet normal 0.307677 -0.276205 0.91052
    outer loop
      vertex 0.0657521 -0.0466822 0.00249264
      vertex 0.0657521 -0.046896 0.00242779
      vertex 0.0659838 -0.0466675 0.00241882
    endloop
  endfacet
  facet normal 0.307676 -0.276204 0.91052
    outer loop
      vertex 0.0657521 -0.046896 0.00242779
      vertex 0.0659838 -0.0468672 0.00235825
      vertex 0.0659838 -0.0466675 0.00241882
    endloop
  endfacet
  facet normal 0.498189 -0.251697 0.829733
    outer loop
      vertex 0.0659838 -0.0466675 0.00241882
      vertex 0.0659838 -0.0468672 0.00235825
      vertex 0.0661947 -0.0466438 0.00229937
    endloop
  endfacet
  facet normal 0.498187 -0.251695 0.829735
    outer loop
      vertex 0.0659838 -0.0468672 0.00235825
      vertex 0.0661947 -0.0468206 0.00224574
      vertex 0.0661947 -0.0466438 0.00229937
    endloop
  endfacet
  facet normal 0.66734 -0.216188 0.712685
    outer loop
      vertex 0.0661947 -0.0466438 0.00229937
      vertex 0.0661947 -0.0468206 0.00224574
      vertex 0.0663757 -0.046612 0.00213952
    endloop
  endfacet
  facet normal 0.667341 -0.216191 0.712683
    outer loop
      vertex 0.0661947 -0.0468206 0.00224574
      vertex 0.0663757 -0.0467582 0.00209516
      vertex 0.0663757 -0.046612 0.00213952
    endloop
  endfacet
  facet normal 0.807674 -0.171161 0.56424
    outer loop
      vertex 0.0663757 -0.046612 0.00213952
      vertex 0.0663757 -0.0467582 0.00209516
      vertex 0.0665189 -0.0465736 0.00194626
    endloop
  endfacet
  facet normal 0.807674 -0.171161 0.56424
    outer loop
      vertex 0.0663757 -0.0467582 0.00209516
      vertex 0.0665189 -0.0466828 0.00191311
      vertex 0.0665189 -0.0465736 0.00194626
    endloop
  endfacet
  facet normal 0.912812 -0.118547 0.390795
    outer loop
      vertex 0.0665189 -0.0465736 0.00194626
      vertex 0.0665189 -0.0466828 0.00191311
      vertex 0.066618 -0.0465301 0.00172802
    endloop
  endfacet
  facet normal 0.912812 -0.118547 0.390795
    outer loop
      vertex 0.0665189 -0.0466828 0.00191311
      vertex 0.066618 -0.0465977 0.00170753
      vertex 0.066618 -0.0465301 0.00172802
    endloop
  endfacet
  facet normal 0.977942 -0.0606335 0.19988
    outer loop
      vertex 0.066618 -0.0465301 0.00172802
      vertex 0.066618 -0.0465977 0.00170753
      vertex 0.0666686 -0.0464837 0.00149435
    endloop
  endfacet
  facet normal 0.977942 -0.0606308 0.199882
    outer loop
      vertex 0.066618 -0.0465977 0.00170753
      vertex 0.0666686 -0.0465065 0.00148742
      vertex 0.0666686 -0.0464837 0.00149435
    endloop
  endfacet
  facet normal 0.998615 -0.0152712 0.0503447
    outer loop
      vertex 0.0666686 -0.0464837 0.00149435
      vertex 0.0666686 -0.0465065 0.00148742
      vertex 0.066675 -0.0464599 0.0013749
    endloop
  endfacet
  facet normal 0.104028 -0.989784 0.0974938
    outer loop
      vertex 0.0655099 -0.0476026 0.0016022
      vertex 0.0655099 -0.047625 0.0013749
      vertex 0.0657521 -0.0475776 0.00159723
    endloop
  endfacet
  facet normal 0.104038 -0.989784 0.0974827
    outer loop
      vertex 0.0655099 -0.047625 0.0013749
      vertex 0.0657521 -0.0475995 0.0013749
      vertex 0.0657521 -0.0475776 0.00159723
    endloop
  endfacet
  facet normal 0.307671 -0.946911 0.0932602
    outer loop
      vertex 0.0657521 -0.0475776 0.00159723
      vertex 0.0657521 -0.0475995 0.0013749
      vertex 0.0659838 -0.0475038 0.00158255
    endloop
  endfacet
  facet normal 0.307668 -0.946912 0.0932639
    outer loop
      vertex 0.0657521 -0.0475995 0.0013749
      vertex 0.0659838 -0.0475243 0.0013749
      vertex 0.0659838 -0.0475038 0.00158255
    endloop
  endfacet
  facet normal 0.498194 -0.86289 0.0849884
    outer loop
      vertex 0.0659838 -0.0475038 0.00158255
      vertex 0.0659838 -0.0475243 0.0013749
      vertex 0.0661947 -0.0473844 0.00155879
    endloop
  endfacet
  facet normal 0.498192 -0.862891 0.0849914
    outer loop
      vertex 0.0659838 -0.0475243 0.0013749
      vertex 0.0661947 -0.0474025 0.0013749
      vertex 0.0661947 -0.0473844 0.00155879
    endloop
  endfacet
  facet normal 0.667337 -0.741169 0.0730023
    outer loop
      vertex 0.0661947 -0.0473844 0.00155879
      vertex 0.0661947 -0.0474025 0.0013749
      vertex 0.0663757 -0.0472245 0.00152699
    endloop
  endfacet
  facet normal 0.66734 -0.741167 0.0729963
    outer loop
      vertex 0.0661947 -0.0474025 0.0013749
      vertex 0.0663757 -0.0472395 0.0013749
      vertex 0.0663757 -0.0472245 0.00152699
    endloop
  endfacet
  facet normal 0.807675 -0.586788 0.0577918
    outer loop
      vertex 0.0663757 -0.0472245 0.00152699
      vertex 0.0663757 -0.0472395 0.0013749
      vertex 0.0665189 -0.0470313 0.00148855
    endloop
  endfacet
  facet normal 0.807673 -0.586791 0.0577989
    outer loop
      vertex 0.0663757 -0.0472395 0.0013749
      vertex 0.0665189 -0.0470425 0.0013749
      vertex 0.0665189 -0.0470313 0.00148855
    endloop
  endfacet
  facet normal 0.912812 -0.406412 0.0400316
    outer loop
      vertex 0.0665189 -0.0470313 0.00148855
      vertex 0.0665189 -0.0470425 0.0013749
      vertex 0.066618 -0.046813 0.00144514
    endloop
  endfacet
  facet normal 0.912813 -0.406411 0.0400274
    outer loop
      vertex 0.0665189 -0.0470425 0.0013749
      vertex 0.066618 -0.0468199 0.0013749
      vertex 0.066618 -0.046813 0.00144514
    endloop
  endfacet
  facet normal 0.977943 -0.207868 0.0204729
    outer loop
      vertex 0.066618 -0.046813 0.00144514
      vertex 0.066618 -0.0468199 0.0013749
      vertex 0.0666686 -0.0465793 0.00139866
    endloop
  endfacet
  facet normal 0.977942 -0.20787 0.0205007
    outer loop
      vertex 0.066618 -0.0468199 0.0013749
      vertex 0.0666686 -0.0465817 0.0013749
      vertex 0.0666686 -0.0465793 0.00139866
    endloop
  endfacet
  facet normal 0.998615 -0.0523561 0.0051635
    outer loop
      vertex 0.0666686 -0.0465793 0.00139866
      vertex 0.0666686 -0.0465817 0.0013749
      vertex 0.066675 -0.0464599 0.0013749
    endloop
  endfacet
  facet normal 0.104105 -0.949833 0.294922
    outer loop
      vertex 0.0655099 -0.0475363 0.00182077
      vertex 0.0655099 -0.0475995 0.00161714
      vertex 0.0657521 -0.0475128 0.00181102
    endloop
  endfacet
  facet normal 0.10969 -0.951164 0.28854
    outer loop
      vertex 0.0655099 -0.0475995 0.00161714
      vertex 0.0657521 -0.0475776 0.00159723
      vertex 0.0657521 -0.0475128 0.00181102
    endloop
  endfacet
  facet normal 0.307668 -0.910521 0.27621
    outer loop
      vertex 0.0657521 -0.0475128 0.00181102
      vertex 0.0657521 -0.0475776 0.00159723
      vertex 0.0659838 -0.0474433 0.00178222
    endloop
  endfacet
  facet normal 0.307671 -0.910521 0.276207
    outer loop
      vertex 0.0657521 -0.0475776 0.00159723
      vertex 0.0659838 -0.0475038 0.00158255
      vertex 0.0659838 -0.0474433 0.00178222
    endloop
  endfacet
  facet normal 0.498187 -0.829733 0.2517
    outer loop
      vertex 0.0659838 -0.0474433 0.00178222
      vertex 0.0659838 -0.0475038 0.00158255
      vertex 0.0661947 -0.0473307 0.00173561
    endloop
  endfacet
  facet normal 0.498194 -0.829732 0.251688
    outer loop
      vertex 0.0659838 -0.0475038 0.00158255
      vertex 0.0661947 -0.0473844 0.00155879
      vertex 0.0661947 -0.0473307 0.00173561
    endloop
  endfacet
  facet normal 0.667342 -0.712685 0.216184
    outer loop
      vertex 0.0661947 -0.0473307 0.00173561
      vertex 0.0661947 -0.0473844 0.00155879
      vertex 0.0663757 -0.0471802 0.00167324
    endloop
  endfacet
  facet normal 0.667337 -0.712686 0.216194
    outer loop
      vertex 0.0661947 -0.0473844 0.00155879
      vertex 0.0663757 -0.0472245 0.00152699
      vertex 0.0663757 -0.0471802 0.00167324
    endloop
  endfacet
  facet normal 0.807676 -0.564237 0.171162
    outer loop
      vertex 0.0663757 -0.0471802 0.00167324
      vertex 0.0663757 -0.0472245 0.00152699
      vertex 0.0665189 -0.0469981 0.00159783
    endloop
  endfacet
  facet normal 0.807675 -0.564237 0.171164
    outer loop
      vertex 0.0663757 -0.0472245 0.00152699
      vertex 0.0665189 -0.0470313 0.00148855
      vertex 0.0665189 -0.0469981 0.00159783
    endloop
  endfacet
  facet normal 0.912812 -0.390793 0.118549
    outer loop
      vertex 0.0665189 -0.0469981 0.00159783
      vertex 0.0665189 -0.0470313 0.00148855
      vertex 0.066618 -0.0467925 0.00151268
    endloop
  endfacet
  facet normal 0.912812 -0.390794 0.118552
    outer loop
      vertex 0.0665189 -0.0470313 0.00148855
      vertex 0.066618 -0.046813 0.00144514
      vertex 0.066618 -0.0467925 0.00151268
    endloop
  endfacet
  facet normal 0.977942 -0.19988 0.060636
    outer loop
      vertex 0.066618 -0.0467925 0.00151268
      vertex 0.066618 -0.046813 0.00144514
      vertex 0.0666686 -0.0465724 0.00142151
    endloop
  endfacet
  facet normal 0.977943 -0.199882 0.0606224
    outer loop
      vertex 0.066618 -0.046813 0.00144514
      vertex 0.0666686 -0.0465793 0.00139866
      vertex 0.0666686 -0.0465724 0.00142151
    endloop
  endfacet
  facet normal 0.998615 -0.0503459 0.0152695
    outer loop
      vertex 0.0666686 -0.0465724 0.00142151
      vertex 0.0666686 -0.0465793 0.00139866
      vertex 0.066675 -0.0464599 0.0013749
    endloop
  endfacet
  facet normal 0.104158 -0.870908 0.480281
    outer loop
      vertex 0.0655099 -0.0474286 0.0020222
      vertex 0.0655099 -0.0475243 0.00184879
      vertex 0.0657521 -0.0474075 0.00200805
    endloop
  endfacet
  facet normal 0.11455 -0.876116 0.468294
    outer loop
      vertex 0.0655099 -0.0475243 0.00184879
      vertex 0.0657521 -0.0475128 0.00181102
      vertex 0.0657521 -0.0474075 0.00200805
    endloop
  endfacet
  facet normal 0.30767 -0.839142 0.448531
    outer loop
      vertex 0.0657521 -0.0474075 0.00200805
      vertex 0.0657521 -0.0475128 0.00181102
      vertex 0.0659838 -0.0473449 0.00196623
    endloop
  endfacet
  facet normal 0.307668 -0.839141 0.448533
    outer loop
      vertex 0.0657521 -0.0475128 0.00181102
      vertex 0.0659838 -0.0474433 0.00178222
      vertex 0.0659838 -0.0473449 0.00196623
    endloop
  endfacet
  facet normal 0.498187 -0.764686 0.408735
    outer loop
      vertex 0.0659838 -0.0473449 0.00196623
      vertex 0.0659838 -0.0474433 0.00178222
      vertex 0.0661947 -0.0472436 0.00189857
    endloop
  endfacet
  facet normal 0.498187 -0.764686 0.408736
    outer loop
      vertex 0.0659838 -0.0474433 0.00178222
      vertex 0.0661947 -0.0473307 0.00173561
      vertex 0.0661947 -0.0472436 0.00189857
    endloop
  endfacet
  facet normal 0.667342 -0.656811 0.351075
    outer loop
      vertex 0.0661947 -0.0472436 0.00189857
      vertex 0.0661947 -0.0473307 0.00173561
      vertex 0.0663757 -0.0471081 0.00180803
    endloop
  endfacet
  facet normal 0.667342 -0.656811 0.351075
    outer loop
      vertex 0.0661947 -0.0473307 0.00173561
      vertex 0.0663757 -0.0471802 0.00167324
      vertex 0.0663757 -0.0471081 0.00180803
    endloop
  endfacet
  facet normal 0.807672 -0.520009 0.277952
    outer loop
      vertex 0.0663757 -0.0471081 0.00180803
      vertex 0.0663757 -0.0471802 0.00167324
      vertex 0.0665189 -0.0469443 0.00169855
    endloop
  endfacet
  facet normal 0.807676 -0.52001 0.277936
    outer loop
      vertex 0.0663757 -0.0471802 0.00167324
      vertex 0.0665189 -0.0469981 0.00159783
      vertex 0.0665189 -0.0469443 0.00169855
    endloop
  endfacet
  facet normal 0.912814 -0.36016 0.192499
    outer loop
      vertex 0.0665189 -0.0469443 0.00169855
      vertex 0.0665189 -0.0469981 0.00159783
      vertex 0.066618 -0.0467593 0.00157493
    endloop
  endfacet
  facet normal 0.912812 -0.360159 0.192508
    outer loop
      vertex 0.0665189 -0.0469981 0.00159783
      vertex 0.066618 -0.0467925 0.00151268
      vertex 0.066618 -0.0467593 0.00157493
    endloop
  endfacet
  facet normal 0.977942 -0.184212 0.0984626
    outer loop
      vertex 0.066618 -0.0467593 0.00157493
      vertex 0.066618 -0.0467925 0.00151268
      vertex 0.0666686 -0.0465612 0.00144256
    endloop
  endfacet
  facet normal 0.977942 -0.184212 0.0984621
    outer loop
      vertex 0.066618 -0.0467925 0.00151268
      vertex 0.0666686 -0.0465724 0.00142151
      vertex 0.0666686 -0.0465612 0.00144256
    endloop
  endfacet
  facet normal 0.998615 -0.0463982 0.0248
    outer loop
      vertex 0.0666686 -0.0465612 0.00144256
      vertex 0.0666686 -0.0465724 0.00142151
      vertex 0.066675 -0.0464599 0.0013749
    endloop
  endfacet
  facet normal 0.1042 -0.756264 0.645916
    outer loop
      vertex 0.0655099 -0.0472838 0.00219875
      vertex 0.0655099 -0.0474025 0.00205973
      vertex 0.0657521 -0.0472657 0.00218075
    endloop
  endfacet
  facet normal 0.118576 -0.767565 0.629908
    outer loop
      vertex 0.0655099 -0.0474025 0.00205973
      vertex 0.0657521 -0.0474075 0.00200805
      vertex 0.0657521 -0.0472657 0.00218075
    endloop
  endfacet
  facet normal 0.307678 -0.73552 0.60361
    outer loop
      vertex 0.0657521 -0.0472657 0.00218075
      vertex 0.0657521 -0.0474075 0.00200805
      vertex 0.0659838 -0.0472125 0.00212753
    endloop
  endfacet
  facet normal 0.307671 -0.735516 0.603618
    outer loop
      vertex 0.0657521 -0.0474075 0.00200805
      vertex 0.0659838 -0.0473449 0.00196623
      vertex 0.0659838 -0.0472125 0.00212753
    endloop
  endfacet
  facet normal 0.498193 -0.670253 0.550059
    outer loop
      vertex 0.0659838 -0.0472125 0.00212753
      vertex 0.0659838 -0.0473449 0.00196623
      vertex 0.0661947 -0.0471264 0.00204141
    endloop
  endfacet
  facet normal 0.498187 -0.670251 0.550067
    outer loop
      vertex 0.0659838 -0.0473449 0.00196623
      vertex 0.0661947 -0.0472436 0.00189857
      vertex 0.0661947 -0.0471264 0.00204141
    endloop
  endfacet
  facet normal 0.667341 -0.575699 0.47247
    outer loop
      vertex 0.0661947 -0.0471264 0.00204141
      vertex 0.0661947 -0.0472436 0.00189857
      vertex 0.0663757 -0.0470112 0.00192616
    endloop
  endfacet
  facet normal 0.667341 -0.575699 0.472468
    outer loop
      vertex 0.0661947 -0.0472436 0.00189857
      vertex 0.0663757 -0.0471081 0.00180803
      vertex 0.0663757 -0.0470112 0.00192616
    endloop
  endfacet
  facet normal 0.807674 -0.455788 0.374059
    outer loop
      vertex 0.0663757 -0.0470112 0.00192616
      vertex 0.0663757 -0.0471081 0.00180803
      vertex 0.0665189 -0.0468718 0.00178683
    endloop
  endfacet
  facet normal 0.807672 -0.455787 0.374065
    outer loop
      vertex 0.0663757 -0.0471081 0.00180803
      vertex 0.0665189 -0.0469443 0.00169855
      vertex 0.0665189 -0.0468718 0.00178683
    endloop
  endfacet
  facet normal 0.912812 -0.315678 0.259077
    outer loop
      vertex 0.0665189 -0.0468718 0.00178683
      vertex 0.0665189 -0.0469443 0.00169855
      vertex 0.066618 -0.0467145 0.00162949
    endloop
  endfacet
  facet normal 0.912814 -0.315681 0.259068
    outer loop
      vertex 0.0665189 -0.0469443 0.00169855
      vertex 0.066618 -0.0467593 0.00157493
      vertex 0.066618 -0.0467145 0.00162949
    endloop
  endfacet
  facet normal 0.977943 -0.161463 0.132507
    outer loop
      vertex 0.066618 -0.0467145 0.00162949
      vertex 0.066618 -0.0467593 0.00157493
      vertex 0.0666686 -0.046546 0.00146102
    endloop
  endfacet
  facet normal 0.977942 -0.161457 0.132517
    outer loop
      vertex 0.066618 -0.0467593 0.00157493
      vertex 0.0666686 -0.0465612 0.00144256
      vertex 0.0666686 -0.046546 0.00146102
    endloop
  endfacet
  facet normal 0.998615 -0.0406668 0.0333775
    outer loop
      vertex 0.0666686 -0.046546 0.00146102
      vertex 0.0666686 -0.0465612 0.00144256
      vertex 0.066675 -0.0464599 0.0013749
    endloop
  endfacet
  facet normal 0.104259 -0.610599 0.785047
    outer loop
      vertex 0.0655099 -0.0471072 0.00234365
      vertex 0.0655099 -0.0472395 0.00224074
      vertex 0.0657521 -0.0470931 0.00232248
    endloop
  endfacet
  facet normal 0.121792 -0.62967 0.767257
    outer loop
      vertex 0.0655099 -0.0472395 0.00224074
      vertex 0.0657521 -0.0472657 0.00218075
      vertex 0.0657521 -0.0470931 0.00232248
    endloop
  endfacet
  facet normal 0.307675 -0.603619 0.735514
    outer loop
      vertex 0.0657521 -0.0470931 0.00232248
      vertex 0.0657521 -0.0472657 0.00218075
      vertex 0.0659838 -0.0470512 0.00225989
    endloop
  endfacet
  facet normal 0.307678 -0.603621 0.73551
    outer loop
      vertex 0.0657521 -0.0472657 0.00218075
      vertex 0.0659838 -0.0472125 0.00212753
      vertex 0.0659838 -0.0470512 0.00225989
    endloop
  endfacet
  facet normal 0.498192 -0.550063 0.67025
    outer loop
      vertex 0.0659838 -0.0470512 0.00225989
      vertex 0.0659838 -0.0472125 0.00212753
      vertex 0.0661947 -0.0469836 0.00215863
    endloop
  endfacet
  facet normal 0.498192 -0.550064 0.67025
    outer loop
      vertex 0.0659838 -0.0472125 0.00212753
      vertex 0.0661947 -0.0471264 0.00204141
      vertex 0.0661947 -0.0469836 0.00215863
    endloop
  endfacet
  facet normal 0.667339 -0.472469 0.575701
    outer loop
      vertex 0.0661947 -0.0469836 0.00215863
      vertex 0.0661947 -0.0471264 0.00204141
      vertex 0.0663757 -0.046893 0.00202312
    endloop
  endfacet
  facet normal 0.66734 -0.472471 0.575698
    outer loop
      vertex 0.0661947 -0.0471264 0.00204141
      vertex 0.0663757 -0.0470112 0.00192616
      vertex 0.0663757 -0.046893 0.00202312
    endloop
  endfacet
  facet normal 0.807676 -0.374059 0.455784
    outer loop
      vertex 0.0663757 -0.046893 0.00202312
      vertex 0.0663757 -0.0470112 0.00192616
      vertex 0.0665189 -0.0467835 0.00185927
    endloop
  endfacet
  facet normal 0.807674 -0.374055 0.455792
    outer loop
      vertex 0.0663757 -0.0470112 0.00192616
      vertex 0.0665189 -0.0468718 0.00178683
      vertex 0.0665189 -0.0467835 0.00185927
    endloop
  endfacet
  facet normal 0.912811 -0.259073 0.315684
    outer loop
      vertex 0.0665189 -0.0467835 0.00185927
      vertex 0.0665189 -0.0468718 0.00178683
      vertex 0.066618 -0.0466599 0.00167426
    endloop
  endfacet
  facet normal 0.912812 -0.259077 0.315678
    outer loop
      vertex 0.0665189 -0.0468718 0.00178683
      vertex 0.066618 -0.0467145 0.00162949
      vertex 0.066618 -0.0466599 0.00167426
    endloop
  endfacet
  facet normal 0.977943 -0.13251 0.161459
    outer loop
      vertex 0.066618 -0.0466599 0.00167426
      vertex 0.066618 -0.0467145 0.00162949
      vertex 0.0666686 -0.0465276 0.00147616
    endloop
  endfacet
  facet normal 0.977943 -0.132508 0.161462
    outer loop
      vertex 0.066618 -0.0467145 0.00162949
      vertex 0.0666686 -0.046546 0.00146102
      vertex 0.0666686 -0.0465276 0.00147616
    endloop
  endfacet
  facet normal 0.998615 -0.0333757 0.0406685
    outer loop
      vertex 0.0666686 -0.0465276 0.00147616
      vertex 0.0666686 -0.046546 0.00146102
      vertex 0.066675 -0.0464599 0.0013749
    endloop
  endfacet
  facet normal 0.10431 -0.439878 0.891979
    outer loop
      vertex 0.0655099 -0.0469058 0.00245131
      vertex 0.0655099 -0.0470425 0.00238391
      vertex 0.0657521 -0.046896 0.00242779
    endloop
  endfacet
  facet normal 0.124212 -0.467742 0.875093
    outer loop
      vertex 0.0655099 -0.0470425 0.00238391
      vertex 0.0657521 -0.0470931 0.00232248
      vertex 0.0657521 -0.046896 0.00242779
    endloop
  endfacet
  facet normal 0.307676 -0.448526 0.839142
    outer loop
      vertex 0.0657521 -0.046896 0.00242779
      vertex 0.0657521 -0.0470931 0.00232248
      vertex 0.0659838 -0.0468672 0.00235825
    endloop
  endfacet
  facet normal 0.307675 -0.448525 0.839143
    outer loop
      vertex 0.0657521 -0.0470931 0.00232248
      vertex 0.0659838 -0.0470512 0.00225989
      vertex 0.0659838 -0.0468672 0.00235825
    endloop
  endfacet
  facet normal 0.498186 -0.40873 0.76469
    outer loop
      vertex 0.0659838 -0.0468672 0.00235825
      vertex 0.0659838 -0.0470512 0.00225989
      vertex 0.0661947 -0.0468206 0.00224574
    endloop
  endfacet
  facet normal 0.498191 -0.408735 0.764684
    outer loop
      vertex 0.0659838 -0.0470512 0.00225989
      vertex 0.0661947 -0.0469836 0.00215863
      vertex 0.0661947 -0.0468206 0.00224574
    endloop
  endfacet
  facet normal 0.667342 -0.351075 0.656811
    outer loop
      vertex 0.0661947 -0.0468206 0.00224574
      vertex 0.0661947 -0.0469836 0.00215863
      vertex 0.0663757 -0.0467582 0.00209516
    endloop
  endfacet
  facet normal 0.667339 -0.351071 0.656817
    outer loop
      vertex 0.0661947 -0.0469836 0.00215863
      vertex 0.0663757 -0.046893 0.00202312
      vertex 0.0663757 -0.0467582 0.00209516
    endloop
  endfacet
  facet normal 0.807673 -0.277947 0.520009
    outer loop
      vertex 0.0663757 -0.0467582 0.00209516
      vertex 0.0663757 -0.046893 0.00202312
      vertex 0.0665189 -0.0466828 0.00191311
    endloop
  endfacet
  facet normal 0.807676 -0.277952 0.520002
    outer loop
      vertex 0.0663757 -0.046893 0.00202312
      vertex 0.0665189 -0.0467835 0.00185927
      vertex 0.0665189 -0.0466828 0.00191311
    endloop
  endfacet
  facet normal 0.912812 -0.192512 0.360157
    outer loop
      vertex 0.0665189 -0.0466828 0.00191311
      vertex 0.0665189 -0.0467835 0.00185927
      vertex 0.066618 -0.0465977 0.00170753
    endloop
  endfacet
  facet normal 0.912811 -0.192508 0.360161
    outer loop
      vertex 0.0665189 -0.0467835 0.00185927
      vertex 0.066618 -0.0466599 0.00167426
      vertex 0.066618 -0.0465977 0.00170753
    endloop
  endfacet
  facet normal 0.977942 -0.0984623 0.184212
    outer loop
      vertex 0.066618 -0.0465977 0.00170753
      vertex 0.066618 -0.0466599 0.00167426
      vertex 0.0666686 -0.0465065 0.00148742
    endloop
  endfacet
  facet normal 0.977943 -0.0984745 0.184202
    outer loop
      vertex 0.066618 -0.0466599 0.00167426
      vertex 0.0666686 -0.0465276 0.00147616
      vertex 0.0666686 -0.0465065 0.00148742
    endloop
  endfacet
  facet normal 0.998615 -0.0248034 0.0463962
    outer loop
      vertex 0.0666686 -0.0465065 0.00148742
      vertex 0.0666686 -0.0465276 0.00147616
      vertex 0.066675 -0.0464599 0.0013749
    endloop
  endfacet
  facet normal 0.452233 -0.0874209 0.887605
    outer loop
      vertex 0.0660925 -0.0464599 0.00238391
      vertex 0.0659838 -0.0464599 0.00243927
      vertex 0.0659838 -0.0466675 0.00241882
    endloop
  endfacet
  facet normal 0.356865 -0.0915627 0.929658
    outer loop
      vertex 0.0659838 -0.0464599 0.00243927
      vertex 0.0658699 -0.0464599 0.00248298
      vertex 0.0659838 -0.0466675 0.00241882
    endloop
  endfacet
  facet normal 0.308389 -0.122374 0.943356
    outer loop
      vertex 0.0659838 -0.0466675 0.00241882
      vertex 0.0658699 -0.0464599 0.00248298
      vertex 0.0657521 -0.0466822 0.00249264
    endloop
  endfacet
  facet normal 0.257663 -0.094707 0.961582
    outer loop
      vertex 0.0658699 -0.0464599 0.00248298
      vertex 0.0657521 -0.0464599 0.00251454
      vertex 0.0657521 -0.0466822 0.00249264
    endloop
  endfacet
  facet normal 0.155697 -0.0968212 0.983048
    outer loop
      vertex 0.0657521 -0.0466822 0.00249264
      vertex 0.0657521 -0.0464599 0.00251454
      vertex 0.0656317 -0.0464599 0.00253362
    endloop
  endfacet
  facet normal 0.104451 -0.344216 0.933062
    outer loop
      vertex 0.0655099 -0.0469058 0.00245131
      vertex 0.0657521 -0.046896 0.00242779
      vertex 0.0655099 -0.0468199 0.00248298
    endloop
  endfacet
  facet normal 0.125821 -0.287979 0.949335
    outer loop
      vertex 0.0657521 -0.046896 0.00242779
      vertex 0.0657521 -0.0466822 0.00249264
      vertex 0.0655099 -0.0468199 0.00248298
    endloop
  endfacet
  facet normal 0.104346 -0.251112 0.962317
    outer loop
      vertex 0.0655099 -0.0468199 0.00248298
      vertex 0.0657521 -0.0466822 0.00249264
      vertex 0.0655099 -0.0466872 0.00251761
    endloop
  endfacet
  facet normal 0.104273 -0.125339 0.986619
    outer loop
      vertex 0.0657521 -0.0466822 0.00249264
      vertex 0.0656317 -0.0464599 0.00253362
      vertex 0.0655099 -0.0466872 0.00251761
    endloop
  endfacet
  facet normal 0.0520845 -0.0978849 0.993834
    outer loop
      vertex 0.0655099 -0.0466872 0.00251761
      vertex 0.0656317 -0.0464599 0.00253362
      vertex 0.0655099 -0.0464599 0.00254
    endloop
  endfacet
  facet normal -0.998533 -0.0541528 0
    outer loop
      vertex 0.062831 -0.0388615 -6.93889e-18
      vertex 0.062831 -0.0388615 0.00254
      vertex 0.0628169 -0.0386006 -6.93889e-18
    endloop
  endfacet
  facet normal -0.998533 -0.0541528 0
    outer loop
      vertex 0.062831 -0.0388615 0.00254
      vertex 0.0628169 -0.0386006 0.00254
      vertex 0.0628169 -0.0386006 -6.93889e-18
    endloop
  endfacet
  facet normal -0.986828 -0.161772 0
    outer loop
      vertex 0.0628169 -0.0386006 -6.93889e-18
      vertex 0.0628169 -0.0386006 0.00254
      vertex 0.0627746 -0.0383428 -6.93889e-18
    endloop
  endfacet
  facet normal -0.986828 -0.161772 0
    outer loop
      vertex 0.0628169 -0.0386006 0.00254
      vertex 0.0627746 -0.0383428 0.00254
      vertex 0.0627746 -0.0383428 -6.93889e-18
    endloop
  endfacet
  facet normal -0.963547 -0.267539 0
    outer loop
      vertex 0.0627746 -0.0383428 -6.93889e-18
      vertex 0.0627746 -0.0383428 0.00254
      vertex 0.0627047 -0.038091 -6.93889e-18
    endloop
  endfacet
  facet normal -0.963547 -0.267539 0
    outer loop
      vertex 0.0627746 -0.0383428 0.00254
      vertex 0.0627047 -0.038091 0.00254
      vertex 0.0627047 -0.038091 -6.93889e-18
    endloop
  endfacet
  facet normal -0.928975 -0.370142 0
    outer loop
      vertex 0.0627047 -0.038091 -6.93889e-18
      vertex 0.0627047 -0.038091 0.00254
      vertex 0.062608 -0.0378483 -6.93889e-18
    endloop
  endfacet
  facet normal -0.928975 -0.370142 0
    outer loop
      vertex 0.0627047 -0.038091 0.00254
      vertex 0.062608 -0.0378483 0.00254
      vertex 0.062608 -0.0378483 -6.93889e-18
    endloop
  endfacet
  facet normal -0.883517 -0.4684 0
    outer loop
      vertex 0.062608 -0.0378483 -6.93889e-18
      vertex 0.062608 -0.0378483 0.00254
      vertex 0.0624856 -0.0376175 -6.93889e-18
    endloop
  endfacet
  facet normal -0.883517 -0.4684 0
    outer loop
      vertex 0.062608 -0.0378483 0.00254
      vertex 0.0624856 -0.0376175 0.00254
      vertex 0.0624856 -0.0376175 -6.93889e-18
    endloop
  endfacet
  facet normal -0.827688 -0.561188 0
    outer loop
      vertex 0.0624856 -0.0376175 -6.93889e-18
      vertex 0.0624856 -0.0376175 0.00254
      vertex 0.062339 -0.0374012 -6.93889e-18
    endloop
  endfacet
  facet normal -0.827688 -0.561188 0
    outer loop
      vertex 0.0624856 -0.0376175 0.00254
      vertex 0.062339 -0.0374012 0.00254
      vertex 0.062339 -0.0374012 -6.93889e-18
    endloop
  endfacet
  facet normal -0.762163 -0.647386 0
    outer loop
      vertex 0.062339 -0.0374012 -6.93889e-18
      vertex 0.062339 -0.0374012 0.00254
      vertex 0.0621698 -0.0372021 -6.93889e-18
    endloop
  endfacet
  facet normal -0.762163 -0.647386 0
    outer loop
      vertex 0.062339 -0.0374012 0.00254
      vertex 0.0621698 -0.0372021 0.00254
      vertex 0.0621698 -0.0372021 -6.93889e-18
    endloop
  endfacet
  facet normal -0.687699 -0.725996 0
    outer loop
      vertex 0.0621698 -0.0372021 -6.93889e-18
      vertex 0.0621698 -0.0372021 0.00254
      vertex 0.0619801 -0.0370224 -6.93889e-18
    endloop
  endfacet
  facet normal -0.687699 -0.725996 0
    outer loop
      vertex 0.0621698 -0.0372021 0.00254
      vertex 0.0619801 -0.0370224 0.00254
      vertex 0.0619801 -0.0370224 -6.93889e-18
    endloop
  endfacet
  facet normal -0.605175 -0.796092 0
    outer loop
      vertex 0.0619801 -0.0370224 -6.93889e-18
      vertex 0.0619801 -0.0370224 0.00254
      vertex 0.0617721 -0.0368643 -6.93889e-18
    endloop
  endfacet
  facet normal -0.605175 -0.796092 0
    outer loop
      vertex 0.0619801 -0.0370224 0.00254
      vertex 0.0617721 -0.0368643 0.00254
      vertex 0.0617721 -0.0368643 -6.93889e-18
    endloop
  endfacet
  facet normal -0.515548 -0.856861 0
    outer loop
      vertex 0.0617721 -0.0368643 -6.93889e-18
      vertex 0.0617721 -0.0368643 0.00254
      vertex 0.0615483 -0.0367296 -6.93889e-18
    endloop
  endfacet
  facet normal -0.515548 -0.856861 0
    outer loop
      vertex 0.0617721 -0.0368643 0.00254
      vertex 0.0615483 -0.0367296 0.00254
      vertex 0.0615483 -0.0367296 -6.93889e-18
    endloop
  endfacet
  facet normal -0.419889 -0.907575 0
    outer loop
      vertex 0.0615483 -0.0367296 -6.93889e-18
      vertex 0.0615483 -0.0367296 0.00254
      vertex 0.0613111 -0.0366199 -6.93889e-18
    endloop
  endfacet
  facet normal -0.419889 -0.907575 0
    outer loop
      vertex 0.0615483 -0.0367296 0.00254
      vertex 0.0613111 -0.0366199 0.00254
      vertex 0.0613111 -0.0366199 -6.93889e-18
    endloop
  endfacet
  facet normal -0.31931 -0.94765 0
    outer loop
      vertex 0.0613111 -0.0366199 -6.93889e-18
      vertex 0.0613111 -0.0366199 0.00254
      vertex 0.0610635 -0.0365365 -6.93889e-18
    endloop
  endfacet
  facet normal -0.31931 -0.94765 0
    outer loop
      vertex 0.0613111 -0.0366199 0.00254
      vertex 0.0610635 -0.0365365 0.00254
      vertex 0.0610635 -0.0365365 -6.93889e-18
    endloop
  endfacet
  facet normal -0.214972 -0.97662 0
    outer loop
      vertex 0.0610635 -0.0365365 -6.93889e-18
      vertex 0.0610635 -0.0365365 0.00254
      vertex 0.0608084 -0.0364803 -6.93889e-18
    endloop
  endfacet
  facet normal -0.214972 -0.97662 0
    outer loop
      vertex 0.0610635 -0.0365365 0.00254
      vertex 0.0608084 -0.0364803 0.00254
      vertex 0.0608084 -0.0364803 -6.93889e-18
    endloop
  endfacet
  facet normal -0.108118 -0.994138 0
    outer loop
      vertex 0.0608084 -0.0364803 -6.93889e-18
      vertex 0.0608084 -0.0364803 0.00254
      vertex 0.0605486 -0.036452 -6.93889e-18
    endloop
  endfacet
  facet normal -0.108118 -0.994138 0
    outer loop
      vertex 0.0608084 -0.0364803 0.00254
      vertex 0.0605486 -0.036452 0.00254
      vertex 0.0605486 -0.036452 -6.93889e-18
    endloop
  endfacet
  facet normal 0 -1 0
    outer loop
      vertex 0.0605486 -0.036452 -6.93889e-18
      vertex 0.0605486 -0.036452 0.00254
      vertex 0.0602874 -0.036452 -6.93889e-18
    endloop
  endfacet
  facet normal 0 -1 0
    outer loop
      vertex 0.0605486 -0.036452 0.00254
      vertex 0.0602874 -0.036452 0.00254
      vertex 0.0602874 -0.036452 -6.93889e-18
    endloop
  endfacet
  facet normal 0.10812 -0.994138 0
    outer loop
      vertex 0.0602874 -0.036452 -6.93889e-18
      vertex 0.0602874 -0.036452 0.00254
      vertex 0.0600276 -0.0364803 -6.93889e-18
    endloop
  endfacet
  facet normal 0.10812 -0.994138 0
    outer loop
      vertex 0.0602874 -0.036452 0.00254
      vertex 0.0600276 -0.0364803 0.00254
      vertex 0.0600276 -0.0364803 -6.93889e-18
    endloop
  endfacet
  facet normal 0.214969 -0.976621 0
    outer loop
      vertex 0.0600276 -0.0364803 -6.93889e-18
      vertex 0.0600276 -0.0364803 0.00254
      vertex 0.0597725 -0.0365365 -6.93889e-18
    endloop
  endfacet
  facet normal 0.214969 -0.976621 0
    outer loop
      vertex 0.0600276 -0.0364803 0.00254
      vertex 0.0597725 -0.0365365 0.00254
      vertex 0.0597725 -0.0365365 -6.93889e-18
    endloop
  endfacet
  facet normal 0.31931 -0.94765 0
    outer loop
      vertex 0.0597725 -0.0365365 -6.93889e-18
      vertex 0.0597725 -0.0365365 0.00254
      vertex 0.0595249 -0.0366199 -6.93889e-18
    endloop
  endfacet
  facet normal 0.31931 -0.94765 0
    outer loop
      vertex 0.0597725 -0.0365365 0.00254
      vertex 0.0595249 -0.0366199 0.00254
      vertex 0.0595249 -0.0366199 -6.93889e-18
    endloop
  endfacet
  facet normal 0.419889 -0.907575 0
    outer loop
      vertex 0.0595249 -0.0366199 -6.93889e-18
      vertex 0.0595249 -0.0366199 0.00254
      vertex 0.0592877 -0.0367296 -6.93889e-18
    endloop
  endfacet
  facet normal 0.419889 -0.907575 0
    outer loop
      vertex 0.0595249 -0.0366199 0.00254
      vertex 0.0592877 -0.0367296 0.00254
      vertex 0.0592877 -0.0367296 -6.93889e-18
    endloop
  endfacet
  facet normal 0.515548 -0.856861 0
    outer loop
      vertex 0.0592877 -0.0367296 -6.93889e-18
      vertex 0.0592877 -0.0367296 0.00254
      vertex 0.0590639 -0.0368643 -6.93889e-18
    endloop
  endfacet
  facet normal 0.515548 -0.856861 0
    outer loop
      vertex 0.0592877 -0.0367296 0.00254
      vertex 0.0590639 -0.0368643 0.00254
      vertex 0.0590639 -0.0368643 -6.93889e-18
    endloop
  endfacet
  facet normal 0.605175 -0.796092 0
    outer loop
      vertex 0.0590639 -0.0368643 -6.93889e-18
      vertex 0.0590639 -0.0368643 0.00254
      vertex 0.0588559 -0.0370224 -6.93889e-18
    endloop
  endfacet
  facet normal 0.605175 -0.796092 0
    outer loop
      vertex 0.0590639 -0.0368643 0.00254
      vertex 0.0588559 -0.0370224 0.00254
      vertex 0.0588559 -0.0370224 -6.93889e-18
    endloop
  endfacet
  facet normal 0.687699 -0.725996 0
    outer loop
      vertex 0.0588559 -0.0370224 -6.93889e-18
      vertex 0.0588559 -0.0370224 0.00254
      vertex 0.0586662 -0.0372021 -6.93889e-18
    endloop
  endfacet
  facet normal 0.687699 -0.725996 0
    outer loop
      vertex 0.0588559 -0.0370224 0.00254
      vertex 0.0586662 -0.0372021 0.00254
      vertex 0.0586662 -0.0372021 -6.93889e-18
    endloop
  endfacet
  facet normal 0.76217 -0.647377 0
    outer loop
      vertex 0.0586662 -0.0372021 -6.93889e-18
      vertex 0.0586662 -0.0372021 0.00254
      vertex 0.058497 -0.0374012 -6.93889e-18
    endloop
  endfacet
  facet normal 0.76217 -0.647377 0
    outer loop
      vertex 0.0586662 -0.0372021 0.00254
      vertex 0.058497 -0.0374012 0.00254
      vertex 0.058497 -0.0374012 -6.93889e-18
    endloop
  endfacet
  facet normal 0.827688 -0.561188 0
    outer loop
      vertex 0.058497 -0.0374012 -6.93889e-18
      vertex 0.058497 -0.0374012 0.00254
      vertex 0.0583504 -0.0376175 -6.93889e-18
    endloop
  endfacet
  facet normal 0.827688 -0.561188 0
    outer loop
      vertex 0.058497 -0.0374012 0.00254
      vertex 0.0583504 -0.0376175 0.00254
      vertex 0.0583504 -0.0376175 -6.93889e-18
    endloop
  endfacet
  facet normal 0.883511 -0.468411 0
    outer loop
      vertex 0.0583504 -0.0376175 -6.93889e-18
      vertex 0.0583504 -0.0376175 0.00254
      vertex 0.058228 -0.0378483 -6.93889e-18
    endloop
  endfacet
  facet normal 0.883511 -0.468411 0
    outer loop
      vertex 0.0583504 -0.0376175 0.00254
      vertex 0.058228 -0.0378483 0.00254
      vertex 0.058228 -0.0378483 -6.93889e-18
    endloop
  endfacet
  facet normal 0.928975 -0.370142 0
    outer loop
      vertex 0.058228 -0.0378483 -6.93889e-18
      vertex 0.058228 -0.0378483 0.00254
      vertex 0.0581313 -0.038091 -6.93889e-18
    endloop
  endfacet
  facet normal 0.928975 -0.370142 0
    outer loop
      vertex 0.058228 -0.0378483 0.00254
      vertex 0.0581313 -0.038091 0.00254
      vertex 0.0581313 -0.038091 -6.93889e-18
    endloop
  endfacet
  facet normal 0.963551 -0.267525 0
    outer loop
      vertex 0.0581313 -0.038091 -6.93889e-18
      vertex 0.0581313 -0.038091 0.00254
      vertex 0.0580614 -0.0383428 -6.93889e-18
    endloop
  endfacet
  facet normal 0.963551 -0.267525 0
    outer loop
      vertex 0.0581313 -0.038091 0.00254
      vertex 0.0580614 -0.0383428 0.00254
      vertex 0.0580614 -0.0383428 -6.93889e-18
    endloop
  endfacet
  facet normal 0.986826 -0.161786 0
    outer loop
      vertex 0.0580614 -0.0383428 -6.93889e-18
      vertex 0.0580614 -0.0383428 0.00254
      vertex 0.0580191 -0.0386006 -6.93889e-18
    endloop
  endfacet
  facet normal 0.986826 -0.161786 0
    outer loop
      vertex 0.0580614 -0.0383428 0.00254
      vertex 0.0580191 -0.0386006 0.00254
      vertex 0.0580191 -0.0386006 -6.93889e-18
    endloop
  endfacet
  facet normal 0.998533 -0.0541386 0
    outer loop
      vertex 0.0580191 -0.0386006 -6.93889e-18
      vertex 0.0580191 -0.0386006 0.00254
      vertex 0.058005 -0.0388615 -6.93889e-18
    endloop
  endfacet
  facet normal 0.998533 -0.0541386 0
    outer loop
      vertex 0.0580191 -0.0386006 0.00254
      vertex 0.058005 -0.0388615 0.00254
      vertex 0.058005 -0.0388615 -6.93889e-18
    endloop
  endfacet
  facet normal 0.998533 0.0541386 0
    outer loop
      vertex 0.058005 -0.0388615 -6.93889e-18
      vertex 0.058005 -0.0388615 0.00254
      vertex 0.0580191 -0.0391224 -6.93889e-18
    endloop
  endfacet
  facet normal 0.998533 0.0541386 0
    outer loop
      vertex 0.058005 -0.0388615 0.00254
      vertex 0.0580191 -0.0391224 0.00254
      vertex 0.0580191 -0.0391224 -6.93889e-18
    endloop
  endfacet
  facet normal 0.986826 0.161786 0
    outer loop
      vertex 0.0580191 -0.0391224 -6.93889e-18
      vertex 0.0580191 -0.0391224 0.00254
      vertex 0.0580614 -0.0393802 -6.93889e-18
    endloop
  endfacet
  facet normal 0.986826 0.161786 0
    outer loop
      vertex 0.0580191 -0.0391224 0.00254
      vertex 0.0580614 -0.0393802 0.00254
      vertex 0.0580614 -0.0393802 -6.93889e-18
    endloop
  endfacet
  facet normal 0.963551 0.267525 0
    outer loop
      vertex 0.0580614 -0.0393802 -6.93889e-18
      vertex 0.0580614 -0.0393802 0.00254
      vertex 0.0581313 -0.039632 -6.93889e-18
    endloop
  endfacet
  facet normal 0.963551 0.267525 0
    outer loop
      vertex 0.0580614 -0.0393802 0.00254
      vertex 0.0581313 -0.039632 0.00254
      vertex 0.0581313 -0.039632 -6.93889e-18
    endloop
  endfacet
  facet normal 0.928975 0.370142 0
    outer loop
      vertex 0.0581313 -0.039632 -6.93889e-18
      vertex 0.0581313 -0.039632 0.00254
      vertex 0.058228 -0.0398747 -6.93889e-18
    endloop
  endfacet
  facet normal 0.928975 0.370142 0
    outer loop
      vertex 0.0581313 -0.039632 0.00254
      vertex 0.058228 -0.0398747 0.00254
      vertex 0.058228 -0.0398747 -6.93889e-18
    endloop
  endfacet
  facet normal 0.883511 0.468411 0
    outer loop
      vertex 0.058228 -0.0398747 -6.93889e-18
      vertex 0.058228 -0.0398747 0.00254
      vertex 0.0583504 -0.0401055 -6.93889e-18
    endloop
  endfacet
  facet normal 0.883511 0.468411 0
    outer loop
      vertex 0.058228 -0.0398747 0.00254
      vertex 0.0583504 -0.0401055 0.00254
      vertex 0.0583504 -0.0401055 -6.93889e-18
    endloop
  endfacet
  facet normal 0.827688 0.561188 0
    outer loop
      vertex 0.0583504 -0.0401055 -6.93889e-18
      vertex 0.0583504 -0.0401055 0.00254
      vertex 0.058497 -0.0403218 -6.93889e-18
    endloop
  endfacet
  facet normal 0.827688 0.561188 0
    outer loop
      vertex 0.0583504 -0.0401055 0.00254
      vertex 0.058497 -0.0403218 0.00254
      vertex 0.058497 -0.0403218 -6.93889e-18
    endloop
  endfacet
  facet normal 0.76217 0.647377 0
    outer loop
      vertex 0.058497 -0.0403218 -6.93889e-18
      vertex 0.058497 -0.0403218 0.00254
      vertex 0.0586662 -0.0405209 -6.93889e-18
    endloop
  endfacet
  facet normal 0.76217 0.647377 0
    outer loop
      vertex 0.058497 -0.0403218 0.00254
      vertex 0.0586662 -0.0405209 0.00254
      vertex 0.0586662 -0.0405209 -6.93889e-18
    endloop
  endfacet
  facet normal 0.687699 0.725996 0
    outer loop
      vertex 0.0586662 -0.0405209 -6.93889e-18
      vertex 0.0586662 -0.0405209 0.00254
      vertex 0.0588559 -0.0407006 -6.93889e-18
    endloop
  endfacet
  facet normal 0.687699 0.725996 0
    outer loop
      vertex 0.0586662 -0.0405209 0.00254
      vertex 0.0588559 -0.0407006 0.00254
      vertex 0.0588559 -0.0407006 -6.93889e-18
    endloop
  endfacet
  facet normal 0.605175 0.796092 0
    outer loop
      vertex 0.0588559 -0.0407006 -6.93889e-18
      vertex 0.0588559 -0.0407006 0.00254
      vertex 0.0590639 -0.0408587 -6.93889e-18
    endloop
  endfacet
  facet normal 0.605175 0.796092 0
    outer loop
      vertex 0.0588559 -0.0407006 0.00254
      vertex 0.0590639 -0.0408587 0.00254
      vertex 0.0590639 -0.0408587 -6.93889e-18
    endloop
  endfacet
  facet normal 0.515548 0.856861 0
    outer loop
      vertex 0.0590639 -0.0408587 -6.93889e-18
      vertex 0.0590639 -0.0408587 0.00254
      vertex 0.0592877 -0.0409934 -6.93889e-18
    endloop
  endfacet
  facet normal 0.515548 0.856861 0
    outer loop
      vertex 0.0590639 -0.0408587 0.00254
      vertex 0.0592877 -0.0409934 0.00254
      vertex 0.0592877 -0.0409934 -6.93889e-18
    endloop
  endfacet
  facet normal 0.419901 0.90757 0
    outer loop
      vertex 0.0592877 -0.0409934 -6.93889e-18
      vertex 0.0592877 -0.0409934 0.00254
      vertex 0.0595249 -0.0411031 -6.93889e-18
    endloop
  endfacet
  facet normal 0.419901 0.90757 0
    outer loop
      vertex 0.0592877 -0.0409934 0.00254
      vertex 0.0595249 -0.0411031 0.00254
      vertex 0.0595249 -0.0411031 -6.93889e-18
    endloop
  endfacet
  facet normal 0.319297 0.947655 0
    outer loop
      vertex 0.0595249 -0.0411031 -6.93889e-18
      vertex 0.0595249 -0.0411031 0.00254
      vertex 0.0597725 -0.0411865 -6.93889e-18
    endloop
  endfacet
  facet normal 0.319297 0.947655 0
    outer loop
      vertex 0.0595249 -0.0411031 0.00254
      vertex 0.0597725 -0.0411865 0.00254
      vertex 0.0597725 -0.0411865 -6.93889e-18
    endloop
  endfacet
  facet normal 0.214969 0.976621 0
    outer loop
      vertex 0.0597725 -0.0411865 -6.93889e-18
      vertex 0.0597725 -0.0411865 0.00254
      vertex 0.0600276 -0.0412427 -6.93889e-18
    endloop
  endfacet
  facet normal 0.214969 0.976621 0
    outer loop
      vertex 0.0597725 -0.0411865 0.00254
      vertex 0.0600276 -0.0412427 0.00254
      vertex 0.0600276 -0.0412427 -6.93889e-18
    endloop
  endfacet
  facet normal 0.10812 0.994138 0
    outer loop
      vertex 0.0600276 -0.0412427 -6.93889e-18
      vertex 0.0600276 -0.0412427 0.00254
      vertex 0.0602874 -0.041271 -6.93889e-18
    endloop
  endfacet
  facet normal 0.10812 0.994138 0
    outer loop
      vertex 0.0600276 -0.0412427 0.00254
      vertex 0.0602874 -0.041271 0.00254
      vertex 0.0602874 -0.041271 -6.93889e-18
    endloop
  endfacet
  facet normal 0 1 0
    outer loop
      vertex 0.0602874 -0.041271 -6.93889e-18
      vertex 0.0602874 -0.041271 0.00254
      vertex 0.0605486 -0.041271 -6.93889e-18
    endloop
  endfacet
  facet normal 0 1 0
    outer loop
      vertex 0.0602874 -0.041271 0.00254
      vertex 0.0605486 -0.041271 0.00254
      vertex 0.0605486 -0.041271 -6.93889e-18
    endloop
  endfacet
  facet normal -0.108118 0.994138 0
    outer loop
      vertex 0.0605486 -0.041271 -6.93889e-18
      vertex 0.0605486 -0.041271 0.00254
      vertex 0.0608084 -0.0412427 -6.93889e-18
    endloop
  endfacet
  facet normal -0.108118 0.994138 0
    outer loop
      vertex 0.0605486 -0.041271 0.00254
      vertex 0.0608084 -0.0412427 0.00254
      vertex 0.0608084 -0.0412427 -6.93889e-18
    endloop
  endfacet
  facet normal -0.214972 0.97662 0
    outer loop
      vertex 0.0608084 -0.0412427 -6.93889e-18
      vertex 0.0608084 -0.0412427 0.00254
      vertex 0.0610635 -0.0411865 -6.93889e-18
    endloop
  endfacet
  facet normal -0.214972 0.97662 0
    outer loop
      vertex 0.0608084 -0.0412427 0.00254
      vertex 0.0610635 -0.0411865 0.00254
      vertex 0.0610635 -0.0411865 -6.93889e-18
    endloop
  endfacet
  facet normal -0.319297 0.947655 0
    outer loop
      vertex 0.0610635 -0.0411865 -6.93889e-18
      vertex 0.0610635 -0.0411865 0.00254
      vertex 0.0613111 -0.0411031 -6.93889e-18
    endloop
  endfacet
  facet normal -0.319297 0.947655 0
    outer loop
      vertex 0.0610635 -0.0411865 0.00254
      vertex 0.0613111 -0.0411031 0.00254
      vertex 0.0613111 -0.0411031 -6.93889e-18
    endloop
  endfacet
  facet normal -0.419901 0.90757 0
    outer loop
      vertex 0.0613111 -0.0411031 -6.93889e-18
      vertex 0.0613111 -0.0411031 0.00254
      vertex 0.0615483 -0.0409934 -6.93889e-18
    endloop
  endfacet
  facet normal -0.419901 0.90757 0
    outer loop
      vertex 0.0613111 -0.0411031 0.00254
      vertex 0.0615483 -0.0409934 0.00254
      vertex 0.0615483 -0.0409934 -6.93889e-18
    endloop
  endfacet
  facet normal -0.515548 0.856861 0
    outer loop
      vertex 0.0615483 -0.0409934 -6.93889e-18
      vertex 0.0615483 -0.0409934 0.00254
      vertex 0.0617721 -0.0408587 -6.93889e-18
    endloop
  endfacet
  facet normal -0.515548 0.856861 0
    outer loop
      vertex 0.0615483 -0.0409934 0.00254
      vertex 0.0617721 -0.0408587 0.00254
      vertex 0.0617721 -0.0408587 -6.93889e-18
    endloop
  endfacet
  facet normal -0.605175 0.796092 0
    outer loop
      vertex 0.0617721 -0.0408587 -6.93889e-18
      vertex 0.0617721 -0.0408587 0.00254
      vertex 0.0619801 -0.0407006 -6.93889e-18
    endloop
  endfacet
  facet normal -0.605175 0.796092 0
    outer loop
      vertex 0.0617721 -0.0408587 0.00254
      vertex 0.0619801 -0.0407006 0.00254
      vertex 0.0619801 -0.0407006 -6.93889e-18
    endloop
  endfacet
  facet normal -0.687699 0.725996 0
    outer loop
      vertex 0.0619801 -0.0407006 -6.93889e-18
      vertex 0.0619801 -0.0407006 0.00254
      vertex 0.0621698 -0.0405209 -6.93889e-18
    endloop
  endfacet
  facet normal -0.687699 0.725996 0
    outer loop
      vertex 0.0619801 -0.0407006 0.00254
      vertex 0.0621698 -0.0405209 0.00254
      vertex 0.0621698 -0.0405209 -6.93889e-18
    endloop
  endfacet
  facet normal -0.762163 0.647386 0
    outer loop
      vertex 0.0621698 -0.0405209 -6.93889e-18
      vertex 0.0621698 -0.0405209 0.00254
      vertex 0.062339 -0.0403218 -6.93889e-18
    endloop
  endfacet
  facet normal -0.762163 0.647386 0
    outer loop
      vertex 0.0621698 -0.0405209 0.00254
      vertex 0.062339 -0.0403218 0.00254
      vertex 0.062339 -0.0403218 -6.93889e-18
    endloop
  endfacet
  facet normal -0.827688 0.561188 0
    outer loop
      vertex 0.062339 -0.0403218 -6.93889e-18
      vertex 0.062339 -0.0403218 0.00254
      vertex 0.0624856 -0.0401055 -6.93889e-18
    endloop
  endfacet
  facet normal -0.827688 0.561188 0
    outer loop
      vertex 0.062339 -0.0403218 0.00254
      vertex 0.0624856 -0.0401055 0.00254
      vertex 0.0624856 -0.0401055 -6.93889e-18
    endloop
  endfacet
  facet normal -0.883517 0.4684 0
    outer loop
      vertex 0.0624856 -0.0401055 -6.93889e-18
      vertex 0.0624856 -0.0401055 0.00254
      vertex 0.062608 -0.0398747 -6.93889e-18
    endloop
  endfacet
  facet normal -0.883517 0.4684 0
    outer loop
      vertex 0.0624856 -0.0401055 0.00254
      vertex 0.062608 -0.0398747 0.00254
      vertex 0.062608 -0.0398747 -6.93889e-18
    endloop
  endfacet
  facet normal -0.928975 0.370142 0
    outer loop
      vertex 0.062608 -0.0398747 -6.93889e-18
      vertex 0.062608 -0.0398747 0.00254
      vertex 0.0627047 -0.039632 -6.93889e-18
    endloop
  endfacet
  facet normal -0.928975 0.370142 0
    outer loop
      vertex 0.062608 -0.0398747 0.00254
      vertex 0.0627047 -0.039632 0.00254
      vertex 0.0627047 -0.039632 -6.93889e-18
    endloop
  endfacet
  facet normal -0.963547 0.267539 0
    outer loop
      vertex 0.0627047 -0.039632 -6.93889e-18
      vertex 0.0627047 -0.039632 0.00254
      vertex 0.0627746 -0.0393802 -6.93889e-18
    endloop
  endfacet
  facet normal -0.963547 0.267539 0
    outer loop
      vertex 0.0627047 -0.039632 0.00254
      vertex 0.0627746 -0.0393802 0.00254
      vertex 0.0627746 -0.0393802 -6.93889e-18
    endloop
  endfacet
  facet normal -0.986828 0.161772 0
    outer loop
      vertex 0.0627746 -0.0393802 -6.93889e-18
      vertex 0.0627746 -0.0393802 0.00254
      vertex 0.0628169 -0.0391224 -6.93889e-18
    endloop
  endfacet
  facet normal -0.986828 0.161772 0
    outer loop
      vertex 0.0627746 -0.0393802 0.00254
      vertex 0.0628169 -0.0391224 0.00254
      vertex 0.0628169 -0.0391224 -6.93889e-18
    endloop
  endfacet
  facet normal -0.998533 0.0541528 0
    outer loop
      vertex 0.0628169 -0.0391224 -6.93889e-18
      vertex 0.0628169 -0.0391224 0.00254
      vertex 0.062831 -0.0388615 -6.93889e-18
    endloop
  endfacet
  facet normal -0.998533 0.0541528 0
    outer loop
      vertex 0.0628169 -0.0391224 0.00254
      vertex 0.062831 -0.0388615 0.00254
      vertex 0.062831 -0.0388615 -6.93889e-18
    endloop
  endfacet
  facet normal 0 -1 0
    outer loop
      vertex 0.0655099 -0.047625 0.0013749
      vertex -0.0655099 -0.047625 0.0013749
      vertex 0.0655099 -0.047625 0.0011651
    endloop
  endfacet
  facet normal 0 -1 0
    outer loop
      vertex -0.0655099 -0.047625 0.0013749
      vertex -0.0655099 -0.047625 0.0011651
      vertex 0.0655099 -0.047625 0.0011651
    endloop
  endfacet
  facet normal -0.294924 -0.949832 -0.104109
    outer loop
      vertex -0.0657521 -0.0475995 0.0011651
      vertex -0.0659558 -0.0475363 0.0011651
      vertex -0.065946 -0.0475128 0.000922861
    endloop
  endfacet
  facet normal -0.480266 -0.870915 -0.104167
    outer loop
      vertex -0.0659838 -0.0475243 0.0011651
      vertex -0.0661572 -0.0474286 0.0011651
      vertex -0.0661431 -0.0474075 0.000922861
    endloop
  endfacet
  facet normal -0.645918 -0.756263 -0.104196
    outer loop
      vertex -0.0661947 -0.0474025 0.0011651
      vertex -0.0663337 -0.0472838 0.0011651
      vertex -0.0663157 -0.0472657 0.000922861
    endloop
  endfacet
  facet normal -0.785044 -0.6106 -0.104277
    outer loop
      vertex -0.0663757 -0.0472395 0.0011651
      vertex -0.0664786 -0.0471072 0.0011651
      vertex -0.0664575 -0.0470931 0.000922861
    endloop
  endfacet
  facet normal -0.989786 -0.0974827 -0.104024
    outer loop
      vertex -0.066675 -0.0464599 0.0011651
      vertex -0.0666495 -0.0464599 0.000922861
      vertex -0.0666276 -0.0466822 0.000922861
    endloop
  endfacet
  facet normal -0.132512 -0.161453 -0.977943
    outer loop
      vertex -0.0657645 -0.0467145 5.7024e-5
      vertex -0.065596 -0.046546 6.38253e-6
      vertex -0.0655776 -0.0465612 6.38253e-6
    endloop
  endfacet
  facet normal -0.0333641 -0.0406507 -0.998616
    outer loop
      vertex -0.0655776 -0.0465612 6.38253e-6
      vertex -0.065596 -0.046546 6.38253e-6
      vertex -0.0655099 -0.0464599 0
    endloop
  endfacet
  facet normal -0.0406507 -0.0333641 -0.998616
    outer loop
      vertex -0.0656112 -0.0465276 6.38253e-6
      vertex -0.0655099 -0.0464599 0
      vertex -0.065596 -0.046546 6.38253e-6
    endloop
  endfacet
  facet normal -0.161456 -0.132515 -0.977943
    outer loop
      vertex -0.0656112 -0.0465276 6.38253e-6
      vertex -0.065596 -0.046546 6.38253e-6
      vertex -0.0658093 -0.0466599 5.7024e-5
    endloop
  endfacet
  facet normal -0.161464 -0.132501 -0.977943
    outer loop
      vertex -0.065596 -0.046546 6.38253e-6
      vertex -0.0657645 -0.0467145 5.7024e-5
      vertex -0.0658093 -0.0466599 5.7024e-5
    endloop
  endfacet
  facet normal -0.31569 -0.259062 -0.912813
    outer loop
      vertex -0.0658093 -0.0466599 5.7024e-5
      vertex -0.0657645 -0.0467145 5.7024e-5
      vertex -0.0659943 -0.0467835 0.000156094
    endloop
  endfacet
  facet normal -0.0463734 -0.0247992 -0.998616
    outer loop
      vertex -0.0656224 -0.0465065 6.38253e-6
      vertex -0.0655099 -0.0464599 0
      vertex -0.0656112 -0.0465276 6.38253e-6
    endloop
  endfacet
  facet normal -0.184195 -0.0985024 -0.977941
    outer loop
      vertex -0.0656224 -0.0465065 6.38253e-6
      vertex -0.0656112 -0.0465276 6.38253e-6
      vertex -0.0658425 -0.0465977 5.7024e-5
    endloop
  endfacet
  facet normal -0.184205 -0.0984692 -0.977943
    outer loop
      vertex -0.0656112 -0.0465276 6.38253e-6
      vertex -0.0658093 -0.0466599 5.7024e-5
      vertex -0.0658425 -0.0465977 5.7024e-5
    endloop
  endfacet
  facet normal -0.360149 -0.192522 -0.912813
    outer loop
      vertex -0.0658425 -0.0465977 5.7024e-5
      vertex -0.0658093 -0.0466599 5.7024e-5
      vertex -0.0660481 -0.0466828 0.000156094
    endloop
  endfacet
  facet normal -0.360149 -0.192524 -0.912813
    outer loop
      vertex -0.0658093 -0.0466599 5.7024e-5
      vertex -0.0659943 -0.0467835 0.000156094
      vertex -0.0660481 -0.0466828 0.000156094
    endloop
  endfacet
  facet normal -0.520007 -0.277978 -0.807664
    outer loop
      vertex -0.0660481 -0.0466828 0.000156094
      vertex -0.0659943 -0.0467835 0.000156094
      vertex -0.0662302 -0.0467582 0.000299261
    endloop
  endfacet
  facet normal -0.0503239 -0.0152621 -0.998616
    outer loop
      vertex -0.0656293 -0.0464837 6.38253e-6
      vertex -0.0655099 -0.0464599 0
      vertex -0.0656224 -0.0465065 6.38253e-6
    endloop
  endfacet
  facet normal -0.199881 -0.0606195 -0.977943
    outer loop
      vertex -0.0656293 -0.0464837 6.38253e-6
      vertex -0.0656224 -0.0465065 6.38253e-6
      vertex -0.065863 -0.0465301 5.7024e-5
    endloop
  endfacet
  facet normal -0.19988 -0.0606364 -0.977942
    outer loop
      vertex -0.0656224 -0.0465065 6.38253e-6
      vertex -0.0658425 -0.0465977 5.7024e-5
      vertex -0.065863 -0.0465301 5.7024e-5
    endloop
  endfacet
  facet normal -0.390796 -0.118554 -0.912811
    outer loop
      vertex -0.065863 -0.0465301 5.7024e-5
      vertex -0.0658425 -0.0465977 5.7024e-5
      vertex -0.0660813 -0.0465736 0.000156094
    endloop
  endfacet
  facet normal -0.390795 -0.118537 -0.912813
    outer loop
      vertex -0.0658425 -0.0465977 5.7024e-5
      vertex -0.0660481 -0.0466828 0.000156094
      vertex -0.0660813 -0.0465736 0.000156094
    endloop
  endfacet
  facet normal -0.564255 -0.171152 -0.807665
    outer loop
      vertex -0.0660813 -0.0465736 0.000156094
      vertex -0.0660481 -0.0466828 0.000156094
      vertex -0.0662745 -0.046612 0.000299261
    endloop
  endfacet
  facet normal -0.564255 -0.171154 -0.807665
    outer loop
      vertex -0.0660481 -0.0466828 0.000156094
      vertex -0.0662302 -0.0467582 0.000299261
      vertex -0.0662745 -0.046612 0.000299261
    endloop
  endfacet
  facet normal -0.712679 -0.216175 -0.667351
    outer loop
      vertex -0.0662745 -0.046612 0.000299261
      vertex -0.0662302 -0.0467582 0.000299261
      vertex -0.0664344 -0.0466438 0.000480271
    endloop
  endfacet
  facet normal -0.0523347 -0.00515306 -0.998616
    outer loop
      vertex -0.0656317 -0.0464599 6.38253e-6
      vertex -0.0655099 -0.0464599 0
      vertex -0.0656293 -0.0464837 6.38253e-6
    endloop
  endfacet
  facet normal -0.20787 -0.0204676 -0.977942
    outer loop
      vertex -0.0656317 -0.0464599 6.38253e-6
      vertex -0.0656293 -0.0464837 6.38253e-6
      vertex -0.0658699 -0.0464599 5.7024e-5
    endloop
  endfacet
  facet normal -0.207869 -0.0204617 -0.977943
    outer loop
      vertex -0.0656293 -0.0464837 6.38253e-6
      vertex -0.065863 -0.0465301 5.7024e-5
      vertex -0.0658699 -0.0464599 5.7024e-5
    endloop
  endfacet
  facet normal -0.406403 -0.0400045 -0.912818
    outer loop
      vertex -0.0658699 -0.0464599 5.7024e-5
      vertex -0.065863 -0.0465301 5.7024e-5
      vertex -0.0660925 -0.0464599 0.000156094
    endloop
  endfacet
  facet normal -0.406413 -0.0400445 -0.912812
    outer loop
      vertex -0.065863 -0.0465301 5.7024e-5
      vertex -0.0660813 -0.0465736 0.000156094
      vertex -0.0660925 -0.0464599 0.000156094
    endloop
  endfacet
  facet normal -0.586803 -0.0578186 -0.807663
    outer loop
      vertex -0.0660925 -0.0464599 0.000156094
      vertex -0.0660813 -0.0465736 0.000156094
      vertex -0.0662895 -0.0464599 0.000299261
    endloop
  endfacet
  facet normal -0.5868 -0.0578075 -0.807666
    outer loop
      vertex -0.0660813 -0.0465736 0.000156094
      vertex -0.0662745 -0.046612 0.000299261
      vertex -0.0662895 -0.0464599 0.000299261
    endloop
  endfacet
  facet normal -0.741161 -0.0730142 -0.667345
    outer loop
      vertex -0.0662895 -0.0464599 0.000299261
      vertex -0.0662745 -0.046612 0.000299261
      vertex -0.0664525 -0.0464599 0.000480271
    endloop
  endfacet
  facet normal -0.741157 -0.0730016 -0.667351
    outer loop
      vertex -0.0662745 -0.046612 0.000299261
      vertex -0.0664344 -0.0466438 0.000480271
      vertex -0.0664525 -0.0464599 0.000480271
    endloop
  endfacet
  facet normal -0.86289 -0.0849919 -0.498195
    outer loop
      vertex -0.0664525 -0.0464599 0.000480271
      vertex -0.0664344 -0.0466438 0.000480271
      vertex -0.0665743 -0.0464599 0.00069121
    endloop
  endfacet
  facet normal -0.946913 -0.0932602 -0.307666
    outer loop
      vertex -0.0666276 -0.0466822 0.000922861
      vertex -0.0666495 -0.0464599 0.000922861
      vertex -0.0665538 -0.0466675 0.00069121
    endloop
  endfacet
  facet normal -0.910517 -0.276227 -0.307663
    outer loop
      vertex -0.0665628 -0.046896 0.000922861
      vertex -0.0666276 -0.0466822 0.000922861
      vertex -0.0664933 -0.0468672 0.00069121
    endloop
  endfacet
  facet normal -0.910517 -0.276223 -0.307666
    outer loop
      vertex -0.0666276 -0.0466822 0.000922861
      vertex -0.0665538 -0.0466675 0.00069121
      vertex -0.0664933 -0.0468672 0.00069121
    endloop
  endfacet
  facet normal -0.829734 -0.251716 -0.498177
    outer loop
      vertex -0.0664933 -0.0468672 0.00069121
      vertex -0.0665538 -0.0466675 0.00069121
      vertex -0.0663807 -0.0468206 0.000480271
    endloop
  endfacet
  facet normal -0.891958 -0.439914 -0.104335
    outer loop
      vertex -0.0665189 -0.0470425 0.0011651
      vertex -0.0665863 -0.0469058 0.0011651
      vertex -0.0665628 -0.046896 0.000922861
    endloop
  endfacet
  facet normal -0.933082 -0.344155 -0.104477
    outer loop
      vertex -0.0665863 -0.0469058 0.0011651
      vertex -0.066618 -0.0468199 0.0011651
      vertex -0.0665628 -0.046896 0.000922861
    endloop
  endfacet
  facet normal -0.949329 -0.288001 -0.125816
    outer loop
      vertex -0.0665628 -0.046896 0.000922861
      vertex -0.066618 -0.0468199 0.0011651
      vertex -0.0666276 -0.0466822 0.000922861
    endloop
  endfacet
  facet normal -0.962317 -0.251119 -0.104332
    outer loop
      vertex -0.066618 -0.0468199 0.0011651
      vertex -0.0666526 -0.0466872 0.0011651
      vertex -0.0666276 -0.0466822 0.000922861
    endloop
  endfacet
  facet normal -0.989786 -0.0974943 -0.104014
    outer loop
      vertex -0.0666276 -0.0466822 0.000922861
      vertex -0.0666526 -0.0466872 0.0011651
      vertex -0.066675 -0.0464599 0.0011651
    endloop
  endfacet
  facet normal -0.844588 -0.525122 -0.104491
    outer loop
      vertex -0.0664786 -0.0471072 0.0011651
      vertex -0.0665189 -0.0470425 0.0011651
      vertex -0.0664575 -0.0470931 0.000922861
    endloop
  endfacet
  facet normal -0.875093 -0.467742 -0.124213
    outer loop
      vertex -0.0665189 -0.0470425 0.0011651
      vertex -0.0665628 -0.046896 0.000922861
      vertex -0.0664575 -0.0470931 0.000922861
    endloop
  endfacet
  facet normal -0.839149 -0.44853 -0.307652
    outer loop
      vertex -0.0664575 -0.0470931 0.000922861
      vertex -0.0665628 -0.046896 0.000922861
      vertex -0.0663949 -0.0470512 0.00069121
    endloop
  endfacet
  facet normal -0.839153 -0.448515 -0.307664
    outer loop
      vertex -0.0665628 -0.046896 0.000922861
      vertex -0.0664933 -0.0468672 0.00069121
      vertex -0.0663949 -0.0470512 0.00069121
    endloop
  endfacet
  facet normal -0.764693 -0.408718 -0.498192
    outer loop
      vertex -0.0663949 -0.0470512 0.00069121
      vertex -0.0664933 -0.0468672 0.00069121
      vertex -0.0662936 -0.0469836 0.000480271
    endloop
  endfacet
  facet normal -0.76469 -0.408741 -0.498176
    outer loop
      vertex -0.0664933 -0.0468672 0.00069121
      vertex -0.0663807 -0.0468206 0.000480271
      vertex -0.0662936 -0.0469836 0.000480271
    endloop
  endfacet
  facet normal -0.6568 -0.351072 -0.667354
    outer loop
      vertex -0.0662936 -0.0469836 0.000480271
      vertex -0.0663807 -0.0468206 0.000480271
      vertex -0.0661581 -0.046893 0.000299261
    endloop
  endfacet
  facet normal -0.72137 -0.684624 -0.104479
    outer loop
      vertex -0.0663337 -0.0472838 0.0011651
      vertex -0.0663757 -0.0472395 0.0011651
      vertex -0.0663157 -0.0472657 0.000922861
    endloop
  endfacet
  facet normal -0.767263 -0.62966 -0.1218
    outer loop
      vertex -0.0663757 -0.0472395 0.0011651
      vertex -0.0664575 -0.0470931 0.000922861
      vertex -0.0663157 -0.0472657 0.000922861
    endloop
  endfacet
  facet normal -0.735524 -0.603612 -0.307663
    outer loop
      vertex -0.0663157 -0.0472657 0.000922861
      vertex -0.0664575 -0.0470931 0.000922861
      vertex -0.0662625 -0.0472125 0.00069121
    endloop
  endfacet
  facet normal -0.735519 -0.603623 -0.307654
    outer loop
      vertex -0.0664575 -0.0470931 0.000922861
      vertex -0.0663949 -0.0470512 0.00069121
      vertex -0.0662625 -0.0472125 0.00069121
    endloop
  endfacet
  facet normal -0.670245 -0.550054 -0.498208
    outer loop
      vertex -0.0662625 -0.0472125 0.00069121
      vertex -0.0663949 -0.0470512 0.00069121
      vertex -0.0661764 -0.0471264 0.000480271
    endloop
  endfacet
  facet normal -0.670238 -0.550077 -0.498193
    outer loop
      vertex -0.0663949 -0.0470512 0.00069121
      vertex -0.0662936 -0.0469836 0.000480271
      vertex -0.0661764 -0.0471264 0.000480271
    endloop
  endfacet
  facet normal -0.575686 -0.472476 -0.667347
    outer loop
      vertex -0.0661764 -0.0471264 0.000480271
      vertex -0.0662936 -0.0469836 0.000480271
      vertex -0.0660612 -0.0470112 0.000299261
    endloop
  endfacet
  facet normal -0.575688 -0.472466 -0.667352
    outer loop
      vertex -0.0662936 -0.0469836 0.000480271
      vertex -0.0661581 -0.046893 0.000299261
      vertex -0.0660612 -0.0470112 0.000299261
    endloop
  endfacet
  facet normal -0.455801 -0.374075 -0.807659
    outer loop
      vertex -0.0660612 -0.0470112 0.000299261
      vertex -0.0661581 -0.046893 0.000299261
      vertex -0.0659218 -0.0468718 0.000156094
    endloop
  endfacet
  facet normal -0.5687 -0.815877 -0.104522
    outer loop
      vertex -0.0661572 -0.0474286 0.0011651
      vertex -0.0661947 -0.0474025 0.0011651
      vertex -0.0661431 -0.0474075 0.000922861
    endloop
  endfacet
  facet normal -0.629908 -0.767565 -0.118574
    outer loop
      vertex -0.0661947 -0.0474025 0.0011651
      vertex -0.0663157 -0.0472657 0.000922861
      vertex -0.0661431 -0.0474075 0.000922861
    endloop
  endfacet
  facet normal -0.60361 -0.735521 -0.307674
    outer loop
      vertex -0.0661431 -0.0474075 0.000922861
      vertex -0.0663157 -0.0472657 0.000922861
      vertex -0.0661012 -0.0473449 0.00069121
    endloop
  endfacet
  facet normal -0.603604 -0.73553 -0.307665
    outer loop
      vertex -0.0663157 -0.0472657 0.000922861
      vertex -0.0662625 -0.0472125 0.00069121
      vertex -0.0661012 -0.0473449 0.00069121
    endloop
  endfacet
  facet normal -0.550047 -0.670267 -0.498187
    outer loop
      vertex -0.0661012 -0.0473449 0.00069121
      vertex -0.0662625 -0.0472125 0.00069121
      vertex -0.0660336 -0.0472436 0.000480271
    endloop
  endfacet
  facet normal -0.550061 -0.670241 -0.498207
    outer loop
      vertex -0.0662625 -0.0472125 0.00069121
      vertex -0.0661764 -0.0471264 0.000480271
      vertex -0.0660336 -0.0472436 0.000480271
    endloop
  endfacet
  facet normal -0.472468 -0.575694 -0.667346
    outer loop
      vertex -0.0660336 -0.0472436 0.000480271
      vertex -0.0661764 -0.0471264 0.000480271
      vertex -0.065943 -0.0471081 0.000299261
    endloop
  endfacet
  facet normal -0.472469 -0.575691 -0.667347
    outer loop
      vertex -0.0661764 -0.0471264 0.000480271
      vertex -0.0660612 -0.0470112 0.000299261
      vertex -0.065943 -0.0471081 0.000299261
    endloop
  endfacet
  facet normal -0.374071 -0.455796 -0.807663
    outer loop
      vertex -0.065943 -0.0471081 0.000299261
      vertex -0.0660612 -0.0470112 0.000299261
      vertex -0.0658335 -0.0469443 0.000156094
    endloop
  endfacet
  facet normal -0.374065 -0.45581 -0.807659
    outer loop
      vertex -0.0660612 -0.0470112 0.000299261
      vertex -0.0659218 -0.0468718 0.000156094
      vertex -0.0658335 -0.0469443 0.000156094
    endloop
  endfacet
  facet normal -0.259067 -0.315681 -0.912814
    outer loop
      vertex -0.0658335 -0.0469443 0.000156094
      vertex -0.0659218 -0.0468718 0.000156094
      vertex -0.0657099 -0.0467593 5.7024e-5
    endloop
  endfacet
  facet normal -0.392611 -0.913744 -0.104534
    outer loop
      vertex -0.0659558 -0.0475363 0.0011651
      vertex -0.0659838 -0.0475243 0.0011651
      vertex -0.065946 -0.0475128 0.000922861
    endloop
  endfacet
  facet normal -0.46829 -0.876118 -0.114549
    outer loop
      vertex -0.0659838 -0.0475243 0.0011651
      vertex -0.0661431 -0.0474075 0.000922861
      vertex -0.065946 -0.0475128 0.000922861
    endloop
  endfacet
  facet normal -0.448528 -0.839146 -0.307664
    outer loop
      vertex -0.065946 -0.0475128 0.000922861
      vertex -0.0661431 -0.0474075 0.000922861
      vertex -0.0659172 -0.0474433 0.00069121
    endloop
  endfacet
  facet normal -0.448534 -0.83914 -0.307671
    outer loop
      vertex -0.0661431 -0.0474075 0.000922861
      vertex -0.0661012 -0.0473449 0.00069121
      vertex -0.0659172 -0.0474433 0.00069121
    endloop
  endfacet
  facet normal -0.408737 -0.764686 -0.498186
    outer loop
      vertex -0.0659172 -0.0474433 0.00069121
      vertex -0.0661012 -0.0473449 0.00069121
      vertex -0.0658706 -0.0473307 0.000480271
    endloop
  endfacet
  facet normal -0.408738 -0.764685 -0.498187
    outer loop
      vertex -0.0661012 -0.0473449 0.00069121
      vertex -0.0660336 -0.0472436 0.000480271
      vertex -0.0658706 -0.0473307 0.000480271
    endloop
  endfacet
  facet normal -0.351076 -0.656807 -0.667346
    outer loop
      vertex -0.0658706 -0.0473307 0.000480271
      vertex -0.0660336 -0.0472436 0.000480271
      vertex -0.0658082 -0.0471802 0.000299261
    endloop
  endfacet
  facet normal -0.351077 -0.656805 -0.667347
    outer loop
      vertex -0.0660336 -0.0472436 0.000480271
      vertex -0.065943 -0.0471081 0.000299261
      vertex -0.0658082 -0.0471802 0.000299261
    endloop
  endfacet
  facet normal -0.27796 -0.520016 -0.807665
    outer loop
      vertex -0.0658082 -0.0471802 0.000299261
      vertex -0.065943 -0.0471081 0.000299261
      vertex -0.0657328 -0.0469981 0.000156094
    endloop
  endfacet
  facet normal -0.277957 -0.52002 -0.807663
    outer loop
      vertex -0.065943 -0.0471081 0.000299261
      vertex -0.0658335 -0.0469443 0.000156094
      vertex -0.0657328 -0.0469981 0.000156094
    endloop
  endfacet
  facet normal -0.192508 -0.360156 -0.912814
    outer loop
      vertex -0.0657328 -0.0469981 0.000156094
      vertex -0.0658335 -0.0469443 0.000156094
      vertex -0.0656477 -0.0467925 5.7024e-5
    endloop
  endfacet
  facet normal -0.192513 -0.36015 -0.912815
    outer loop
      vertex -0.0658335 -0.0469443 0.000156094
      vertex -0.0657099 -0.0467593 5.7024e-5
      vertex -0.0656477 -0.0467925 5.7024e-5
    endloop
  endfacet
  facet normal -0.0984652 -0.184207 -0.977943
    outer loop
      vertex -0.0656477 -0.0467925 5.7024e-5
      vertex -0.0657099 -0.0467593 5.7024e-5
      vertex -0.0655565 -0.0465724 6.38253e-6
    endloop
  endfacet
  facet normal -0.200411 -0.97412 -0.104527
    outer loop
      vertex -0.0657372 -0.0476026 0.0011651
      vertex -0.0657521 -0.0475995 0.0011651
      vertex -0.0657322 -0.0475776 0.000922861
    endloop
  endfacet
  facet normal -0.288541 -0.951163 -0.109694
    outer loop
      vertex -0.0657521 -0.0475995 0.0011651
      vertex -0.065946 -0.0475128 0.000922861
      vertex -0.0657322 -0.0475776 0.000922861
    endloop
  endfacet
  facet normal -0.276212 -0.910521 -0.307667
    outer loop
      vertex -0.0657322 -0.0475776 0.000922861
      vertex -0.065946 -0.0475128 0.000922861
      vertex -0.0657175 -0.0475038 0.00069121
    endloop
  endfacet
  facet normal -0.276208 -0.910523 -0.307663
    outer loop
      vertex -0.065946 -0.0475128 0.000922861
      vertex -0.0659172 -0.0474433 0.00069121
      vertex -0.0657175 -0.0475038 0.00069121
    endloop
  endfacet
  facet normal -0.251699 -0.829727 -0.498197
    outer loop
      vertex -0.0657175 -0.0475038 0.00069121
      vertex -0.0659172 -0.0474433 0.00069121
      vertex -0.0656938 -0.0473844 0.000480271
    endloop
  endfacet
  facet normal -0.251687 -0.829737 -0.498187
    outer loop
      vertex -0.0659172 -0.0474433 0.00069121
      vertex -0.0658706 -0.0473307 0.000480271
      vertex -0.0656938 -0.0473844 0.000480271
    endloop
  endfacet
  facet normal -0.216181 -0.712687 -0.66734
    outer loop
      vertex -0.0656938 -0.0473844 0.000480271
      vertex -0.0658706 -0.0473307 0.000480271
      vertex -0.065662 -0.0472245 0.000299261
    endloop
  endfacet
  facet normal -0.216192 -0.712677 -0.667347
    outer loop
      vertex -0.0658706 -0.0473307 0.000480271
      vertex -0.0658082 -0.0471802 0.000299261
      vertex -0.065662 -0.0472245 0.000299261
    endloop
  endfacet
  facet normal -0.171166 -0.564249 -0.807666
    outer loop
      vertex -0.065662 -0.0472245 0.000299261
      vertex -0.0658082 -0.0471802 0.000299261
      vertex -0.0656236 -0.0470313 0.000156094
    endloop
  endfacet
  facet normal -0.171164 -0.564251 -0.807665
    outer loop
      vertex -0.0658082 -0.0471802 0.000299261
      vertex -0.0657328 -0.0469981 0.000156094
      vertex -0.0656236 -0.0470313 0.000156094
    endloop
  endfacet
  facet normal -0.118546 -0.390793 -0.912813
    outer loop
      vertex -0.0656236 -0.0470313 0.000156094
      vertex -0.0657328 -0.0469981 0.000156094
      vertex -0.0655801 -0.046813 5.7024e-5
    endloop
  endfacet
  facet normal -0.118552 -0.390789 -0.912814
    outer loop
      vertex -0.0657328 -0.0469981 0.000156094
      vertex -0.0656477 -0.0467925 5.7024e-5
      vertex -0.0655801 -0.046813 5.7024e-5
    endloop
  endfacet
  facet normal -0.0606357 -0.199877 -0.977943
    outer loop
      vertex -0.0655801 -0.046813 5.7024e-5
      vertex -0.0656477 -0.0467925 5.7024e-5
      vertex -0.0655337 -0.0465793 6.38253e-6
    endloop
  endfacet
  facet normal -0.0606292 -0.199881 -0.977943
    outer loop
      vertex -0.0656477 -0.0467925 5.7024e-5
      vertex -0.0655565 -0.0465724 6.38253e-6
      vertex -0.0655337 -0.0465793 6.38253e-6
    endloop
  endfacet
  facet normal -0.0974924 -0.989783 -0.104039
    outer loop
      vertex -0.0655099 -0.047625 0.0011651
      vertex -0.0657372 -0.0476026 0.0011651
      vertex -0.0655099 -0.0475995 0.000922861
    endloop
  endfacet
  facet normal -0.0974826 -0.989785 -0.10403
    outer loop
      vertex -0.0657372 -0.0476026 0.0011651
      vertex -0.0657322 -0.0475776 0.000922861
      vertex -0.0655099 -0.0475995 0.000922861
    endloop
  endfacet
  facet normal -0.0932603 -0.946914 -0.307663
    outer loop
      vertex -0.0655099 -0.0475995 0.000922861
      vertex -0.0657322 -0.0475776 0.000922861
      vertex -0.0655099 -0.0475243 0.00069121
    endloop
  endfacet
  facet normal -0.0932643 -0.946913 -0.307666
    outer loop
      vertex -0.0657322 -0.0475776 0.000922861
      vertex -0.0657175 -0.0475038 0.00069121
      vertex -0.0655099 -0.0475243 0.00069121
    endloop
  endfacet
  facet normal -0.0849886 -0.86289 -0.498195
    outer loop
      vertex -0.0655099 -0.0475243 0.00069121
      vertex -0.0657175 -0.0475038 0.00069121
      vertex -0.0655099 -0.0474025 0.000480271
    endloop
  endfacet
  facet normal -0.0849917 -0.862888 -0.498197
    outer loop
      vertex -0.0657175 -0.0475038 0.00069121
      vertex -0.0656938 -0.0473844 0.000480271
      vertex -0.0655099 -0.0474025 0.000480271
    endloop
  endfacet
  facet normal -0.0730021 -0.741162 -0.667345
    outer loop
      vertex -0.0655099 -0.0474025 0.000480271
      vertex -0.0656938 -0.0473844 0.000480271
      vertex -0.0655099 -0.0472395 0.000299261
    endloop
  endfacet
  facet normal -0.0729947 -0.741166 -0.667341
    outer loop
      vertex -0.0656938 -0.0473844 0.000480271
      vertex -0.065662 -0.0472245 0.000299261
      vertex -0.0655099 -0.0472395 0.000299261
    endloop
  endfacet
  facet normal -0.0577922 -0.586804 -0.807664
    outer loop
      vertex -0.0655099 -0.0472395 0.000299261
      vertex -0.065662 -0.0472245 0.000299261
      vertex -0.0655099 -0.0470425 0.000156094
    endloop
  endfacet
  facet normal -0.0577991 -0.5868 -0.807666
    outer loop
      vertex -0.065662 -0.0472245 0.000299261
      vertex -0.0656236 -0.0470313 0.000156094
      vertex -0.0655099 -0.0470425 0.000156094
    endloop
  endfacet
  facet normal -0.0400307 -0.406408 -0.912814
    outer loop
      vertex -0.0655099 -0.0470425 0.000156094
      vertex -0.0656236 -0.0470313 0.000156094
      vertex -0.0655099 -0.0468199 5.7024e-5
    endloop
  endfacet
  facet normal -0.0400247 -0.406411 -0.912813
    outer loop
      vertex -0.0656236 -0.0470313 0.000156094
      vertex -0.0655801 -0.046813 5.7024e-5
      vertex -0.0655099 -0.0468199 5.7024e-5
    endloop
  endfacet
  facet normal -0.0204717 -0.20787 -0.977942
    outer loop
      vertex -0.0655099 -0.0468199 5.7024e-5
      vertex -0.0655801 -0.046813 5.7024e-5
      vertex -0.0655099 -0.0465817 6.38253e-6
    endloop
  endfacet
  facet normal -0.0204994 -0.207862 -0.977943
    outer loop
      vertex -0.0655801 -0.046813 5.7024e-5
      vertex -0.0655337 -0.0465793 6.38253e-6
      vertex -0.0655099 -0.0465817 6.38253e-6
    endloop
  endfacet
  facet normal -0.00516126 -0.0523347 -0.998616
    outer loop
      vertex -0.0655099 -0.0465817 6.38253e-6
      vertex -0.0655337 -0.0465793 6.38253e-6
      vertex -0.0655099 -0.0464599 0
    endloop
  endfacet
  facet normal -0.0152649 -0.0503249 -0.998616
    outer loop
      vertex -0.0655565 -0.0465724 6.38253e-6
      vertex -0.0655099 -0.0464599 0
      vertex -0.0655337 -0.0465793 6.38253e-6
    endloop
  endfacet
  facet normal -0.946914 -0.0932644 -0.307662
    outer loop
      vertex -0.0666495 -0.0464599 0.000922861
      vertex -0.0665743 -0.0464599 0.00069121
      vertex -0.0665538 -0.0466675 0.00069121
    endloop
  endfacet
  facet normal -0.862889 -0.0849885 -0.498197
    outer loop
      vertex -0.0665743 -0.0464599 0.00069121
      vertex -0.0664344 -0.0466438 0.000480271
      vertex -0.0665538 -0.0466675 0.00069121
    endloop
  endfacet
  facet normal -0.829731 -0.251685 -0.498198
    outer loop
      vertex -0.0665538 -0.0466675 0.00069121
      vertex -0.0664344 -0.0466438 0.000480271
      vertex -0.0663807 -0.0468206 0.000480271
    endloop
  endfacet
  facet normal -0.712679 -0.216179 -0.667349
    outer loop
      vertex -0.0664344 -0.0466438 0.000480271
      vertex -0.0662302 -0.0467582 0.000299261
      vertex -0.0663807 -0.0468206 0.000480271
    endloop
  endfacet
  facet normal -0.6568 -0.351082 -0.667349
    outer loop
      vertex -0.0663807 -0.0468206 0.000480271
      vertex -0.0662302 -0.0467582 0.000299261
      vertex -0.0661581 -0.046893 0.000299261
    endloop
  endfacet
  facet normal -0.520008 -0.277963 -0.807668
    outer loop
      vertex -0.0662302 -0.0467582 0.000299261
      vertex -0.0659943 -0.0467835 0.000156094
      vertex -0.0661581 -0.046893 0.000299261
    endloop
  endfacet
  facet normal -0.45581 -0.374043 -0.807669
    outer loop
      vertex -0.0661581 -0.046893 0.000299261
      vertex -0.0659943 -0.0467835 0.000156094
      vertex -0.0659218 -0.0468718 0.000156094
    endloop
  endfacet
  facet normal -0.315691 -0.259059 -0.912813
    outer loop
      vertex -0.0659943 -0.0467835 0.000156094
      vertex -0.0657645 -0.0467145 5.7024e-5
      vertex -0.0659218 -0.0468718 0.000156094
    endloop
  endfacet
  facet normal -0.259063 -0.315687 -0.912813
    outer loop
      vertex -0.0659218 -0.0468718 0.000156094
      vertex -0.0657645 -0.0467145 5.7024e-5
      vertex -0.0657099 -0.0467593 5.7024e-5
    endloop
  endfacet
  facet normal -0.132503 -0.161464 -0.977943
    outer loop
      vertex -0.0657645 -0.0467145 5.7024e-5
      vertex -0.0655776 -0.0465612 6.38253e-6
      vertex -0.0657099 -0.0467593 5.7024e-5
    endloop
  endfacet
  facet normal -0.0984609 -0.184211 -0.977943
    outer loop
      vertex -0.0657099 -0.0467593 5.7024e-5
      vertex -0.0655776 -0.0465612 6.38253e-6
      vertex -0.0655565 -0.0465724 6.38253e-6
    endloop
  endfacet
  facet normal -0.02479 -0.0463796 -0.998616
    outer loop
      vertex -0.0655776 -0.0465612 6.38253e-6
      vertex -0.0655099 -0.0464599 0
      vertex -0.0655565 -0.0465724 6.38253e-6
    endloop
  endfacet
  facet normal -0.998533 -0.0541507 0
    outer loop
      vertex -0.058002 0.0388605 -6.93889e-18
      vertex -0.058002 0.0388605 0.00254
      vertex -0.0580162 0.0391216 -6.93889e-18
    endloop
  endfacet
  facet normal -0.998533 -0.0541507 0
    outer loop
      vertex -0.058002 0.0388605 0.00254
      vertex -0.0580162 0.0391216 0.00254
      vertex -0.0580162 0.0391216 -6.93889e-18
    endloop
  endfacet
  facet normal -0.986827 -0.161781 0
    outer loop
      vertex -0.0580162 0.0391216 -6.93889e-18
      vertex -0.0580162 0.0391216 0.00254
      vertex -0.0580585 0.0393796 -6.93889e-18
    endloop
  endfacet
  facet normal -0.986827 -0.161781 0
    outer loop
      vertex -0.0580162 0.0391216 0.00254
      vertex -0.0580585 0.0393796 0.00254
      vertex -0.0580585 0.0393796 -6.93889e-18
    endloop
  endfacet
  facet normal -0.963553 -0.267518 0
    outer loop
      vertex -0.0580585 0.0393796 -6.93889e-18
      vertex -0.0580585 0.0393796 0.00254
      vertex -0.0581284 0.0396316 -6.93889e-18
    endloop
  endfacet
  facet normal -0.963553 -0.267518 0
    outer loop
      vertex -0.0580585 0.0393796 0.00254
      vertex -0.0581284 0.0396316 0.00254
      vertex -0.0581284 0.0396316 -6.93889e-18
    endloop
  endfacet
  facet normal -0.928975 -0.370143 0
    outer loop
      vertex -0.0581284 0.0396316 -6.93889e-18
      vertex -0.0581284 0.0396316 0.00254
      vertex -0.0582252 0.0398745 -6.93889e-18
    endloop
  endfacet
  facet normal -0.928975 -0.370143 0
    outer loop
      vertex -0.0581284 0.0396316 0.00254
      vertex -0.0582252 0.0398745 0.00254
      vertex -0.0582252 0.0398745 -6.93889e-18
    endloop
  endfacet
  facet normal -0.883514 -0.468405 0
    outer loop
      vertex -0.0582252 0.0398745 -6.93889e-18
      vertex -0.0582252 0.0398745 0.00254
      vertex -0.0583477 0.0401056 -6.93889e-18
    endloop
  endfacet
  facet normal -0.883514 -0.468405 0
    outer loop
      vertex -0.0582252 0.0398745 0.00254
      vertex -0.0583477 0.0401056 0.00254
      vertex -0.0583477 0.0401056 -6.93889e-18
    endloop
  endfacet
  facet normal -0.827685 -0.561193 0
    outer loop
      vertex -0.0583477 0.0401056 -6.93889e-18
      vertex -0.0583477 0.0401056 0.00254
      vertex -0.0584944 0.040322 -6.93889e-18
    endloop
  endfacet
  facet normal -0.827685 -0.561193 0
    outer loop
      vertex -0.0583477 0.0401056 0.00254
      vertex -0.0584944 0.040322 0.00254
      vertex -0.0584944 0.040322 -6.93889e-18
    endloop
  endfacet
  facet normal -0.762165 -0.647382 0
    outer loop
      vertex -0.0584944 0.040322 -6.93889e-18
      vertex -0.0584944 0.040322 0.00254
      vertex -0.0586637 0.0405213 -6.93889e-18
    endloop
  endfacet
  facet normal -0.762165 -0.647382 0
    outer loop
      vertex -0.0584944 0.040322 0.00254
      vertex -0.0586637 0.0405213 0.00254
      vertex -0.0586637 0.0405213 -6.93889e-18
    endloop
  endfacet
  facet normal -0.6877 -0.725995 0
    outer loop
      vertex -0.0586637 0.0405213 -6.93889e-18
      vertex -0.0586637 0.0405213 0.00254
      vertex -0.0588536 0.0407011 -6.93889e-18
    endloop
  endfacet
  facet normal -0.6877 -0.725995 0
    outer loop
      vertex -0.0586637 0.0405213 0.00254
      vertex -0.0588536 0.0407011 0.00254
      vertex -0.0588536 0.0407011 -6.93889e-18
    endloop
  endfacet
  facet normal -0.605169 -0.796097 0
    outer loop
      vertex -0.0588536 0.0407011 -6.93889e-18
      vertex -0.0588536 0.0407011 0.00254
      vertex -0.0590617 0.0408594 -6.93889e-18
    endloop
  endfacet
  facet normal -0.605169 -0.796097 0
    outer loop
      vertex -0.0588536 0.0407011 0.00254
      vertex -0.0590617 0.0408594 0.00254
      vertex -0.0590617 0.0408594 -6.93889e-18
    endloop
  endfacet
  facet normal -0.515558 -0.856855 0
    outer loop
      vertex -0.0590617 0.0408594 -6.93889e-18
      vertex -0.0590617 0.0408594 0.00254
      vertex -0.0592858 0.0409942 -6.93889e-18
    endloop
  endfacet
  facet normal -0.515558 -0.856855 0
    outer loop
      vertex -0.0590617 0.0408594 0.00254
      vertex -0.0592858 0.0409942 0.00254
      vertex -0.0592858 0.0409942 -6.93889e-18
    endloop
  endfacet
  facet normal -0.419895 -0.907573 0
    outer loop
      vertex -0.0592858 0.0409942 -6.93889e-18
      vertex -0.0592858 0.0409942 0.00254
      vertex -0.0595231 0.041104 -6.93889e-18
    endloop
  endfacet
  facet normal -0.419895 -0.907573 0
    outer loop
      vertex -0.0592858 0.0409942 0.00254
      vertex -0.0595231 0.041104 0.00254
      vertex -0.0595231 0.041104 -6.93889e-18
    endloop
  endfacet
  facet normal -0.319303 -0.947653 0
    outer loop
      vertex -0.0595231 0.041104 -6.93889e-18
      vertex -0.0595231 0.041104 0.00254
      vertex -0.0597709 0.0411875 -6.93889e-18
    endloop
  endfacet
  facet normal -0.319303 -0.947653 0
    outer loop
      vertex -0.0595231 0.041104 0.00254
      vertex -0.0597709 0.0411875 0.00254
      vertex -0.0597709 0.0411875 -6.93889e-18
    endloop
  endfacet
  facet normal -0.214962 -0.976623 0
    outer loop
      vertex -0.0597709 0.0411875 -6.93889e-18
      vertex -0.0597709 0.0411875 0.00254
      vertex -0.0600263 0.0412437 -6.93889e-18
    endloop
  endfacet
  facet normal -0.214962 -0.976623 0
    outer loop
      vertex -0.0597709 0.0411875 0.00254
      vertex -0.0600263 0.0412437 0.00254
      vertex -0.0600263 0.0412437 -6.93889e-18
    endloop
  endfacet
  facet normal -0.108116 -0.994138 0
    outer loop
      vertex -0.0600263 0.0412437 -6.93889e-18
      vertex -0.0600263 0.0412437 0.00254
      vertex -0.0602863 0.041272 -6.93889e-18
    endloop
  endfacet
  facet normal -0.108116 -0.994138 0
    outer loop
      vertex -0.0600263 0.0412437 0.00254
      vertex -0.0602863 0.041272 0.00254
      vertex -0.0602863 0.041272 -6.93889e-18
    endloop
  endfacet
  facet normal 0 -1 0
    outer loop
      vertex -0.0602863 0.041272 -6.93889e-18
      vertex -0.0602863 0.041272 0.00254
      vertex -0.0605477 0.041272 -6.93889e-18
    endloop
  endfacet
  facet normal 0 -1 0
    outer loop
      vertex -0.0602863 0.041272 0.00254
      vertex -0.0605477 0.041272 0.00254
      vertex -0.0605477 0.041272 -6.93889e-18
    endloop
  endfacet
  facet normal 0.108116 -0.994138 0
    outer loop
      vertex -0.0605477 0.041272 -6.93889e-18
      vertex -0.0605477 0.041272 0.00254
      vertex -0.0608077 0.0412437 -6.93889e-18
    endloop
  endfacet
  facet normal 0.108116 -0.994138 0
    outer loop
      vertex -0.0605477 0.041272 0.00254
      vertex -0.0608077 0.0412437 0.00254
      vertex -0.0608077 0.0412437 -6.93889e-18
    endloop
  endfacet
  facet normal 0.214965 -0.976622 0
    outer loop
      vertex -0.0608077 0.0412437 -6.93889e-18
      vertex -0.0608077 0.0412437 0.00254
      vertex -0.0610631 0.0411875 -6.93889e-18
    endloop
  endfacet
  facet normal 0.214965 -0.976622 0
    outer loop
      vertex -0.0608077 0.0412437 0.00254
      vertex -0.0610631 0.0411875 0.00254
      vertex -0.0610631 0.0411875 -6.93889e-18
    endloop
  endfacet
  facet normal 0.319303 -0.947653 0
    outer loop
      vertex -0.0610631 0.0411875 -6.93889e-18
      vertex -0.0610631 0.0411875 0.00254
      vertex -0.0613109 0.041104 -6.93889e-18
    endloop
  endfacet
  facet normal 0.319303 -0.947653 0
    outer loop
      vertex -0.0610631 0.0411875 0.00254
      vertex -0.0613109 0.041104 0.00254
      vertex -0.0613109 0.041104 -6.93889e-18
    endloop
  endfacet
  facet normal 0.419895 -0.907573 0
    outer loop
      vertex -0.0613109 0.041104 -6.93889e-18
      vertex -0.0613109 0.041104 0.00254
      vertex -0.0615482 0.0409942 -6.93889e-18
    endloop
  endfacet
  facet normal 0.419895 -0.907573 0
    outer loop
      vertex -0.0613109 0.041104 0.00254
      vertex -0.0615482 0.0409942 0.00254
      vertex -0.0615482 0.0409942 -6.93889e-18
    endloop
  endfacet
  facet normal 0.515558 -0.856855 0
    outer loop
      vertex -0.0615482 0.0409942 -6.93889e-18
      vertex -0.0615482 0.0409942 0.00254
      vertex -0.0617723 0.0408594 -6.93889e-18
    endloop
  endfacet
  facet normal 0.515558 -0.856855 0
    outer loop
      vertex -0.0615482 0.0409942 0.00254
      vertex -0.0617723 0.0408594 0.00254
      vertex -0.0617723 0.0408594 -6.93889e-18
    endloop
  endfacet
  facet normal 0.605169 -0.796097 0
    outer loop
      vertex -0.0617723 0.0408594 -6.93889e-18
      vertex -0.0617723 0.0408594 0.00254
      vertex -0.0619804 0.0407011 -6.93889e-18
    endloop
  endfacet
  facet normal 0.605169 -0.796097 0
    outer loop
      vertex -0.0617723 0.0408594 0.00254
      vertex -0.0619804 0.0407011 0.00254
      vertex -0.0619804 0.0407011 -6.93889e-18
    endloop
  endfacet
  facet normal 0.6877 -0.725995 0
    outer loop
      vertex -0.0619804 0.0407011 -6.93889e-18
      vertex -0.0619804 0.0407011 0.00254
      vertex -0.0621703 0.0405213 -6.93889e-18
    endloop
  endfacet
  facet normal 0.6877 -0.725995 0
    outer loop
      vertex -0.0619804 0.0407011 0.00254
      vertex -0.0621703 0.0405213 0.00254
      vertex -0.0621703 0.0405213 -6.93889e-18
    endloop
  endfacet
  facet normal 0.762158 -0.647391 0
    outer loop
      vertex -0.0621703 0.0405213 -6.93889e-18
      vertex -0.0621703 0.0405213 0.00254
      vertex -0.0623396 0.040322 -6.93889e-18
    endloop
  endfacet
  facet normal 0.762158 -0.647391 0
    outer loop
      vertex -0.0621703 0.0405213 0.00254
      vertex -0.0623396 0.040322 0.00254
      vertex -0.0623396 0.040322 -6.93889e-18
    endloop
  endfacet
  facet normal 0.827692 -0.561183 0
    outer loop
      vertex -0.0623396 0.040322 -6.93889e-18
      vertex -0.0623396 0.040322 0.00254
      vertex -0.0624863 0.0401056 -6.93889e-18
    endloop
  endfacet
  facet normal 0.827692 -0.561183 0
    outer loop
      vertex -0.0623396 0.040322 0.00254
      vertex -0.0624863 0.0401056 0.00254
      vertex -0.0624863 0.0401056 -6.93889e-18
    endloop
  endfacet
  facet normal 0.883508 -0.468416 0
    outer loop
      vertex -0.0624863 0.0401056 -6.93889e-18
      vertex -0.0624863 0.0401056 0.00254
      vertex -0.0626088 0.0398745 -6.93889e-18
    endloop
  endfacet
  facet normal 0.883508 -0.468416 0
    outer loop
      vertex -0.0624863 0.0401056 0.00254
      vertex -0.0626088 0.0398745 0.00254
      vertex -0.0626088 0.0398745 -6.93889e-18
    endloop
  endfacet
  facet normal 0.928975 -0.370143 0
    outer loop
      vertex -0.0626088 0.0398745 -6.93889e-18
      vertex -0.0626088 0.0398745 0.00254
      vertex -0.0627056 0.0396316 -6.93889e-18
    endloop
  endfacet
  facet normal 0.928975 -0.370143 0
    outer loop
      vertex -0.0626088 0.0398745 0.00254
      vertex -0.0627056 0.0396316 0.00254
      vertex -0.0627056 0.0396316 -6.93889e-18
    endloop
  endfacet
  facet normal 0.963553 -0.267518 0
    outer loop
      vertex -0.0627056 0.0396316 -6.93889e-18
      vertex -0.0627056 0.0396316 0.00254
      vertex -0.0627755 0.0393796 -6.93889e-18
    endloop
  endfacet
  facet normal 0.963553 -0.267518 0
    outer loop
      vertex -0.0627056 0.0396316 0.00254
      vertex -0.0627755 0.0393796 0.00254
      vertex -0.0627755 0.0393796 -6.93889e-18
    endloop
  endfacet
  facet normal 0.986827 -0.161781 0
    outer loop
      vertex -0.0627755 0.0393796 -6.93889e-18
      vertex -0.0627755 0.0393796 0.00254
      vertex -0.0628178 0.0391216 -6.93889e-18
    endloop
  endfacet
  facet normal 0.986827 -0.161781 0
    outer loop
      vertex -0.0627755 0.0393796 0.00254
      vertex -0.0628178 0.0391216 0.00254
      vertex -0.0628178 0.0391216 -6.93889e-18
    endloop
  endfacet
  facet normal 0.998534 -0.0541365 0
    outer loop
      vertex -0.0628178 0.0391216 -6.93889e-18
      vertex -0.0628178 0.0391216 0.00254
      vertex -0.062832 0.0388605 -6.93889e-18
    endloop
  endfacet
  facet normal 0.998534 -0.0541365 0
    outer loop
      vertex -0.0628178 0.0391216 0.00254
      vertex -0.062832 0.0388605 0.00254
      vertex -0.062832 0.0388605 -6.93889e-18
    endloop
  endfacet
  facet normal 0.998534 0.0541357 0
    outer loop
      vertex -0.062832 0.0388605 -6.93889e-18
      vertex -0.062832 0.0388605 0.00254
      vertex -0.0628178 0.0385994 -6.93889e-18
    endloop
  endfacet
  facet normal 0.998534 0.0541357 0
    outer loop
      vertex -0.062832 0.0388605 0.00254
      vertex -0.0628178 0.0385994 0.00254
      vertex -0.0628178 0.0385994 -6.93889e-18
    endloop
  endfacet
  facet normal 0.986827 0.161781 0
    outer loop
      vertex -0.0628178 0.0385994 -6.93889e-18
      vertex -0.0628178 0.0385994 0.00254
      vertex -0.0627755 0.0383413 -6.93889e-18
    endloop
  endfacet
  facet normal 0.986827 0.161781 0
    outer loop
      vertex -0.0628178 0.0385994 0.00254
      vertex -0.0627755 0.0383413 0.00254
      vertex -0.0627755 0.0383413 -6.93889e-18
    endloop
  endfacet
  facet normal 0.963553 0.267518 0
    outer loop
      vertex -0.0627755 0.0383413 -6.93889e-18
      vertex -0.0627755 0.0383413 0.00254
      vertex -0.0627056 0.0380894 -6.93889e-18
    endloop
  endfacet
  facet normal 0.963553 0.267518 0
    outer loop
      vertex -0.0627755 0.0383413 0.00254
      vertex -0.0627056 0.0380894 0.00254
      vertex -0.0627056 0.0380894 -6.93889e-18
    endloop
  endfacet
  facet normal 0.928973 0.370147 0
    outer loop
      vertex -0.0627056 0.0380894 -6.93889e-18
      vertex -0.0627056 0.0380894 0.00254
      vertex -0.0626088 0.0378465 -6.93889e-18
    endloop
  endfacet
  facet normal 0.928973 0.370147 0
    outer loop
      vertex -0.0627056 0.0380894 0.00254
      vertex -0.0626088 0.0378465 0.00254
      vertex -0.0626088 0.0378465 -6.93889e-18
    endloop
  endfacet
  facet normal 0.883508 0.468416 0
    outer loop
      vertex -0.0626088 0.0378465 -6.93889e-18
      vertex -0.0626088 0.0378465 0.00254
      vertex -0.0624863 0.0376154 -6.93889e-18
    endloop
  endfacet
  facet normal 0.883508 0.468416 0
    outer loop
      vertex -0.0626088 0.0378465 0.00254
      vertex -0.0624863 0.0376154 0.00254
      vertex -0.0624863 0.0376154 -6.93889e-18
    endloop
  endfacet
  facet normal 0.827696 0.561176 0
    outer loop
      vertex -0.0624863 0.0376154 -6.93889e-18
      vertex -0.0624863 0.0376154 0.00254
      vertex -0.0623396 0.037399 -6.93889e-18
    endloop
  endfacet
  facet normal 0.827696 0.561176 0
    outer loop
      vertex -0.0624863 0.0376154 0.00254
      vertex -0.0623396 0.037399 0.00254
      vertex -0.0623396 0.037399 -6.93889e-18
    endloop
  endfacet
  facet normal 0.762158 0.647391 0
    outer loop
      vertex -0.0623396 0.037399 -6.93889e-18
      vertex -0.0623396 0.037399 0.00254
      vertex -0.0621703 0.0371997 -6.93889e-18
    endloop
  endfacet
  facet normal 0.762158 0.647391 0
    outer loop
      vertex -0.0623396 0.037399 0.00254
      vertex -0.0621703 0.0371997 0.00254
      vertex -0.0621703 0.0371997 -6.93889e-18
    endloop
  endfacet
  facet normal 0.6877 0.725995 0
    outer loop
      vertex -0.0621703 0.0371997 -6.93889e-18
      vertex -0.0621703 0.0371997 0.00254
      vertex -0.0619804 0.0370199 -6.93889e-18
    endloop
  endfacet
  facet normal 0.6877 0.725995 0
    outer loop
      vertex -0.0621703 0.0371997 0.00254
      vertex -0.0619804 0.0370199 0.00254
      vertex -0.0619804 0.0370199 -6.93889e-18
    endloop
  endfacet
  facet normal 0.605169 0.796097 0
    outer loop
      vertex -0.0619804 0.0370199 -6.93889e-18
      vertex -0.0619804 0.0370199 0.00254
      vertex -0.0617723 0.0368616 -6.93889e-18
    endloop
  endfacet
  facet normal 0.605169 0.796097 0
    outer loop
      vertex -0.0619804 0.0370199 0.00254
      vertex -0.0617723 0.0368616 0.00254
      vertex -0.0617723 0.0368616 -6.93889e-18
    endloop
  endfacet
  facet normal 0.515558 0.856855 0
    outer loop
      vertex -0.0617723 0.0368616 -6.93889e-18
      vertex -0.0617723 0.0368616 0.00254
      vertex -0.0615482 0.0367268 -6.93889e-18
    endloop
  endfacet
  facet normal 0.515558 0.856855 0
    outer loop
      vertex -0.0617723 0.0368616 0.00254
      vertex -0.0615482 0.0367268 0.00254
      vertex -0.0615482 0.0367268 -6.93889e-18
    endloop
  endfacet
  facet normal 0.419883 0.907578 0
    outer loop
      vertex -0.0615482 0.0367268 -6.93889e-18
      vertex -0.0615482 0.0367268 0.00254
      vertex -0.0613109 0.036617 -6.93889e-18
    endloop
  endfacet
  facet normal 0.419883 0.907578 0
    outer loop
      vertex -0.0615482 0.0367268 0.00254
      vertex -0.0613109 0.036617 0.00254
      vertex -0.0613109 0.036617 -6.93889e-18
    endloop
  endfacet
  facet normal 0.319303 0.947653 0
    outer loop
      vertex -0.0613109 0.036617 -6.93889e-18
      vertex -0.0613109 0.036617 0.00254
      vertex -0.0610631 0.0365335 -6.93889e-18
    endloop
  endfacet
  facet normal 0.319303 0.947653 0
    outer loop
      vertex -0.0613109 0.036617 0.00254
      vertex -0.0610631 0.0365335 0.00254
      vertex -0.0610631 0.0365335 -6.93889e-18
    endloop
  endfacet
  facet normal 0.214978 0.976619 0
    outer loop
      vertex -0.0610631 0.0365335 -6.93889e-18
      vertex -0.0610631 0.0365335 0.00254
      vertex -0.0608077 0.0364773 -6.93889e-18
    endloop
  endfacet
  facet normal 0.214978 0.976619 0
    outer loop
      vertex -0.0610631 0.0365335 0.00254
      vertex -0.0608077 0.0364773 0.00254
      vertex -0.0608077 0.0364773 -6.93889e-18
    endloop
  endfacet
  facet normal 0.108116 0.994138 0
    outer loop
      vertex -0.0608077 0.0364773 -6.93889e-18
      vertex -0.0608077 0.0364773 0.00254
      vertex -0.0605477 0.036449 -6.93889e-18
    endloop
  endfacet
  facet normal 0.108116 0.994138 0
    outer loop
      vertex -0.0608077 0.0364773 0.00254
      vertex -0.0605477 0.036449 0.00254
      vertex -0.0605477 0.036449 -6.93889e-18
    endloop
  endfacet
  facet normal 0 1 0
    outer loop
      vertex -0.0605477 0.036449 -6.93889e-18
      vertex -0.0605477 0.036449 0.00254
      vertex -0.0602863 0.036449 -6.93889e-18
    endloop
  endfacet
  facet normal 0 1 0
    outer loop
      vertex -0.0605477 0.036449 0.00254
      vertex -0.0602863 0.036449 0.00254
      vertex -0.0602863 0.036449 -6.93889e-18
    endloop
  endfacet
  facet normal -0.108116 0.994138 0
    outer loop
      vertex -0.0602863 0.036449 -6.93889e-18
      vertex -0.0602863 0.036449 0.00254
      vertex -0.0600263 0.0364773 -6.93889e-18
    endloop
  endfacet
  facet normal -0.108116 0.994138 0
    outer loop
      vertex -0.0602863 0.036449 0.00254
      vertex -0.0600263 0.0364773 0.00254
      vertex -0.0600263 0.0364773 -6.93889e-18
    endloop
  endfacet
  facet normal -0.214975 0.97662 0
    outer loop
      vertex -0.0600263 0.0364773 -6.93889e-18
      vertex -0.0600263 0.0364773 0.00254
      vertex -0.0597709 0.0365335 -6.93889e-18
    endloop
  endfacet
  facet normal -0.214975 0.97662 0
    outer loop
      vertex -0.0600263 0.0364773 0.00254
      vertex -0.0597709 0.0365335 0.00254
      vertex -0.0597709 0.0365335 -6.93889e-18
    endloop
  endfacet
  facet normal -0.319303 0.947653 0
    outer loop
      vertex -0.0597709 0.0365335 -6.93889e-18
      vertex -0.0597709 0.0365335 0.00254
      vertex -0.0595231 0.036617 -6.93889e-18
    endloop
  endfacet
  facet normal -0.319303 0.947653 0
    outer loop
      vertex -0.0597709 0.0365335 0.00254
      vertex -0.0595231 0.036617 0.00254
      vertex -0.0595231 0.036617 -6.93889e-18
    endloop
  endfacet
  facet normal -0.419883 0.907578 0
    outer loop
      vertex -0.0595231 0.036617 -6.93889e-18
      vertex -0.0595231 0.036617 0.00254
      vertex -0.0592858 0.0367268 -6.93889e-18
    endloop
  endfacet
  facet normal -0.419883 0.907578 0
    outer loop
      vertex -0.0595231 0.036617 0.00254
      vertex -0.0592858 0.0367268 0.00254
      vertex -0.0592858 0.0367268 -6.93889e-18
    endloop
  endfacet
  facet normal -0.515558 0.856855 0
    outer loop
      vertex -0.0592858 0.0367268 -6.93889e-18
      vertex -0.0592858 0.0367268 0.00254
      vertex -0.0590617 0.0368616 -6.93889e-18
    endloop
  endfacet
  facet normal -0.515558 0.856855 0
    outer loop
      vertex -0.0592858 0.0367268 0.00254
      vertex -0.0590617 0.0368616 0.00254
      vertex -0.0590617 0.0368616 -6.93889e-18
    endloop
  endfacet
  facet normal -0.605169 0.796097 0
    outer loop
      vertex -0.0590617 0.0368616 -6.93889e-18
      vertex -0.0590617 0.0368616 0.00254
      vertex -0.0588536 0.0370199 -6.93889e-18
    endloop
  endfacet
  facet normal -0.605169 0.796097 0
    outer loop
      vertex -0.0590617 0.0368616 0.00254
      vertex -0.0588536 0.0370199 0.00254
      vertex -0.0588536 0.0370199 -6.93889e-18
    endloop
  endfacet
  facet normal -0.6877 0.725995 0
    outer loop
      vertex -0.0588536 0.0370199 -6.93889e-18
      vertex -0.0588536 0.0370199 0.00254
      vertex -0.0586637 0.0371997 -6.93889e-18
    endloop
  endfacet
  facet normal -0.6877 0.725995 0
    outer loop
      vertex -0.0588536 0.0370199 0.00254
      vertex -0.0586637 0.0371997 0.00254
      vertex -0.0586637 0.0371997 -6.93889e-18
    endloop
  endfacet
  facet normal -0.762165 0.647382 0
    outer loop
      vertex -0.0586637 0.0371997 -6.93889e-18
      vertex -0.0586637 0.0371997 0.00254
      vertex -0.0584944 0.037399 -6.93889e-18
    endloop
  endfacet
  facet normal -0.762165 0.647382 0
    outer loop
      vertex -0.0586637 0.0371997 0.00254
      vertex -0.0584944 0.037399 0.00254
      vertex -0.0584944 0.037399 -6.93889e-18
    endloop
  endfacet
  facet normal -0.82769 0.561186 0
    outer loop
      vertex -0.0584944 0.037399 -6.93889e-18
      vertex -0.0584944 0.037399 0.00254
      vertex -0.0583477 0.0376154 -6.93889e-18
    endloop
  endfacet
  facet normal -0.82769 0.561186 0
    outer loop
      vertex -0.0584944 0.037399 0.00254
      vertex -0.0583477 0.0376154 0.00254
      vertex -0.0583477 0.0376154 -6.93889e-18
    endloop
  endfacet
  facet normal -0.883514 0.468405 0
    outer loop
      vertex -0.0583477 0.0376154 -6.93889e-18
      vertex -0.0583477 0.0376154 0.00254
      vertex -0.0582252 0.0378465 -6.93889e-18
    endloop
  endfacet
  facet normal -0.883514 0.468405 0
    outer loop
      vertex -0.0583477 0.0376154 0.00254
      vertex -0.0582252 0.0378465 0.00254
      vertex -0.0582252 0.0378465 -6.93889e-18
    endloop
  endfacet
  facet normal -0.928973 0.370147 0
    outer loop
      vertex -0.0582252 0.0378465 -6.93889e-18
      vertex -0.0582252 0.0378465 0.00254
      vertex -0.0581284 0.0380894 -6.93889e-18
    endloop
  endfacet
  facet normal -0.928973 0.370147 0
    outer loop
      vertex -0.0582252 0.0378465 0.00254
      vertex -0.0581284 0.0380894 0.00254
      vertex -0.0581284 0.0380894 -6.93889e-18
    endloop
  endfacet
  facet normal -0.963553 0.267518 0
    outer loop
      vertex -0.0581284 0.0380894 -6.93889e-18
      vertex -0.0581284 0.0380894 0.00254
      vertex -0.0580585 0.0383413 -6.93889e-18
    endloop
  endfacet
  facet normal -0.963553 0.267518 0
    outer loop
      vertex -0.0581284 0.0380894 0.00254
      vertex -0.0580585 0.0383413 0.00254
      vertex -0.0580585 0.0383413 -6.93889e-18
    endloop
  endfacet
  facet normal -0.986827 0.161781 0
    outer loop
      vertex -0.0580585 0.0383413 -6.93889e-18
      vertex -0.0580585 0.0383413 0.00254
      vertex -0.0580162 0.0385994 -6.93889e-18
    endloop
  endfacet
  facet normal -0.986827 0.161781 0
    outer loop
      vertex -0.0580585 0.0383413 0.00254
      vertex -0.0580162 0.0385994 0.00254
      vertex -0.0580162 0.0385994 -6.93889e-18
    endloop
  endfacet
  facet normal -0.998533 0.0541499 0
    outer loop
      vertex -0.0580162 0.0385994 -6.93889e-18
      vertex -0.0580162 0.0385994 0.00254
      vertex -0.058002 0.0388605 -6.93889e-18
    endloop
  endfacet
  facet normal -0.998533 0.0541499 0
    outer loop
      vertex -0.0580162 0.0385994 0.00254
      vertex -0.058002 0.0388605 0.00254
      vertex -0.058002 0.0388605 -6.93889e-18
    endloop
  endfacet
  facet normal 0 1 0
    outer loop
      vertex 0.0655099 0.047625 0.0011651
      vertex -0.0655099 0.047625 0.0011651
      vertex 0.0655099 0.047625 0.0013749
    endloop
  endfacet
  facet normal 0 1 0
    outer loop
      vertex -0.0655099 0.047625 0.0011651
      vertex -0.0655099 0.047625 0.0013749
      vertex 0.0655099 0.047625 0.0013749
    endloop
  endfacet
  facet normal -1 0 0
    outer loop
      vertex -0.066675 -0.0464599 0.0013749
      vertex -0.066675 0.0464599 0.0013749
      vertex -0.066675 -0.0464599 0.0011651
    endloop
  endfacet
  facet normal -1 0 0
    outer loop
      vertex -0.066675 0.0464599 0.0013749
      vertex -0.066675 0.0464599 0.0011651
      vertex -0.066675 -0.0464599 0.0011651
    endloop
  endfacet
  facet normal -0.149145 -0.104421 0.983286
    outer loop
      vertex -0.0656317 -0.0464599 0.00253362
      vertex -0.0657372 -0.0464599 0.00251761
      vertex -0.0657322 -0.0467021 0.00249264
    endloop
  endfacet
  facet normal -0.344216 -0.104452 0.933062
    outer loop
      vertex -0.0658699 -0.0464599 0.00248298
      vertex -0.0659558 -0.0464599 0.00245131
      vertex -0.065946 -0.0467021 0.00242779
    endloop
  endfacet
  facet normal -0.525173 -0.104481 0.844557
    outer loop
      vertex -0.0660925 -0.0464599 0.00238391
      vertex -0.0661572 -0.0464599 0.00234365
      vertex -0.0661431 -0.0467021 0.00232248
    endloop
  endfacet
  facet normal -0.684624 -0.104486 0.721369
    outer loop
      vertex -0.0662895 -0.0464599 0.00224074
      vertex -0.0663337 -0.0464599 0.00219875
      vertex -0.0663157 -0.0467021 0.00218075
    endloop
  endfacet
  facet normal -0.815913 -0.104526 0.568648
    outer loop
      vertex -0.0664525 -0.0464599 0.00205973
      vertex -0.0664786 -0.0464599 0.0020222
      vertex -0.0664575 -0.0467021 0.00200805
    endloop
  endfacet
  facet normal -0.913758 -0.104545 0.392578
    outer loop
      vertex -0.0665743 -0.0464599 0.00184879
      vertex -0.0665863 -0.0464599 0.00182077
      vertex -0.0665628 -0.0467021 0.00181102
    endloop
  endfacet
  facet normal -0.974169 -0.10451 0.200183
    outer loop
      vertex -0.0666495 -0.0464599 0.00161714
      vertex -0.0666526 -0.0464599 0.0016022
      vertex -0.0666276 -0.0467021 0.00159723
    endloop
  endfacet
  facet normal -0.0051565 -0.998615 0.0523567
    outer loop
      vertex -0.0655099 -0.047625 0.0013749
      vertex -0.0655099 -0.0476186 0.00149669
      vertex -0.0655337 -0.0476186 0.00149435
    endloop
  endfacet
  facet normal -0.18038 -0.971788 0.151958
    outer loop
      vertex -0.065863 -0.047568 0.00144514
      vertex -0.0657521 -0.0475995 0.0013749
      vertex -0.0656293 -0.0476186 0.00139866
    endloop
  endfacet
  facet normal -0.15641 -0.987572 0.015401
    outer loop
      vertex -0.0657521 -0.0475995 0.0013749
      vertex -0.0656317 -0.0476186 0.0013749
      vertex -0.0656293 -0.0476186 0.00139866
    endloop
  endfacet
  facet normal -0.0523561 -0.998615 0.00515529
    outer loop
      vertex -0.0656293 -0.0476186 0.00139866
      vertex -0.0656317 -0.0476186 0.0013749
      vertex -0.0655099 -0.047625 0.0013749
    endloop
  endfacet
  facet normal -0.0204726 -0.977942 0.207869
    outer loop
      vertex -0.0655337 -0.0476186 0.00149435
      vertex -0.0655099 -0.0476186 0.00149669
      vertex -0.0655801 -0.047568 0.00172802
    endloop
  endfacet
  facet normal -0.393098 -0.913164 0.107725
    outer loop
      vertex -0.0660813 -0.0474689 0.00148855
      vertex -0.0659838 -0.0475243 0.0013749
      vertex -0.065863 -0.047568 0.00144514
    endloop
  endfacet
  facet normal -0.358128 -0.933007 0.0352529
    outer loop
      vertex -0.0659838 -0.0475243 0.0013749
      vertex -0.0658699 -0.047568 0.0013749
      vertex -0.065863 -0.047568 0.00144514
    endloop
  endfacet
  facet normal -0.258748 -0.965609 0.0254703
    outer loop
      vertex -0.065863 -0.047568 0.00144514
      vertex -0.0658699 -0.047568 0.0013749
      vertex -0.0657521 -0.0475995 0.0013749
    endloop
  endfacet
  facet normal -0.193187 -0.969083 0.153484
    outer loop
      vertex -0.0655099 -0.0476186 0.00149669
      vertex -0.0655099 -0.0475995 0.00161714
      vertex -0.0655801 -0.047568 0.00172802
    endloop
  endfacet
  facet normal -0.0254819 -0.965611 0.25874
    outer loop
      vertex -0.0655099 -0.0475995 0.00161714
      vertex -0.0655099 -0.047568 0.00173494
      vertex -0.0655801 -0.047568 0.00172802
    endloop
  endfacet
  facet normal -0.0400244 -0.912817 0.406402
    outer loop
      vertex -0.0655801 -0.047568 0.00172802
      vertex -0.0655099 -0.047568 0.00173494
      vertex -0.0656236 -0.0474689 0.00194626
    endloop
  endfacet
  facet normal -0.578441 -0.808972 0.10474
    outer loop
      vertex -0.0662745 -0.0473257 0.00152699
      vertex -0.0661947 -0.0474025 0.0013749
      vertex -0.0660813 -0.0474689 0.00148855
    endloop
  endfacet
  facet normal -0.543881 -0.837449 0.0535902
    outer loop
      vertex -0.0661947 -0.0474025 0.0013749
      vertex -0.0660925 -0.0474689 0.0013749
      vertex -0.0660813 -0.0474689 0.00148855
    endloop
  endfacet
  facet normal -0.453516 -0.890127 0.0446862
    outer loop
      vertex -0.0660813 -0.0474689 0.00148855
      vertex -0.0660925 -0.0474689 0.0013749
      vertex -0.0659838 -0.0475243 0.0013749
    endloop
  endfacet
  facet normal -0.1459 -0.923598 0.354514
    outer loop
      vertex -0.0655099 -0.047568 0.00173494
      vertex -0.0655099 -0.0475243 0.00184879
      vertex -0.0656236 -0.0474689 0.00194626
    endloop
  endfacet
  facet normal -0.044669 -0.890118 0.453536
    outer loop
      vertex -0.0655099 -0.0475243 0.00184879
      vertex -0.0655099 -0.0474689 0.00195745
      vertex -0.0656236 -0.0474689 0.00194626
    endloop
  endfacet
  facet normal -0.0577952 -0.80766 0.586809
    outer loop
      vertex -0.0656236 -0.0474689 0.00194626
      vertex -0.0655099 -0.0474689 0.00195745
      vertex -0.065662 -0.0473257 0.00213952
    endloop
  endfacet
  facet normal -0.735305 -0.668719 0.110189
    outer loop
      vertex -0.0664344 -0.0471447 0.00155879
      vertex -0.0663757 -0.0472395 0.0013749
      vertex -0.0662745 -0.0473257 0.00152699
    endloop
  endfacet
  facet normal -0.705397 -0.705397 0.0694907
    outer loop
      vertex -0.0663757 -0.0472395 0.0013749
      vertex -0.0662895 -0.0473257 0.0013749
      vertex -0.0662745 -0.0473257 0.00152699
    endloop
  endfacet
  facet normal -0.628105 -0.775665 0.0618764
    outer loop
      vertex -0.0662745 -0.0473257 0.00152699
      vertex -0.0662895 -0.0473257 0.0013749
      vertex -0.0661947 -0.0474025 0.0013749
    endloop
  endfacet
  facet normal -0.136172 -0.830853 0.539574
    outer loop
      vertex -0.0655099 -0.0474689 0.00195745
      vertex -0.0655099 -0.0474025 0.00205973
      vertex -0.065662 -0.0473257 0.00213952
    endloop
  endfacet
  facet normal -0.0618632 -0.775653 0.62812
    outer loop
      vertex -0.0655099 -0.0474025 0.00205973
      vertex -0.0655099 -0.0473257 0.0021545
      vertex -0.065662 -0.0473257 0.00213952
    endloop
  endfacet
  facet normal -0.0729965 -0.667347 0.741161
    outer loop
      vertex -0.065662 -0.0473257 0.00213952
      vertex -0.0655099 -0.0473257 0.0021545
      vertex -0.0656938 -0.0471447 0.00229937
    endloop
  endfacet
  facet normal -0.137646 -0.70038 0.700372
    outer loop
      vertex -0.0655099 -0.0473257 0.0021545
      vertex -0.0655099 -0.0472395 0.00224074
      vertex -0.0656938 -0.0471447 0.00229937
    endloop
  endfacet
  facet normal -0.858502 -0.499305 0.116911
    outer loop
      vertex -0.0665538 -0.0469338 0.00158255
      vertex -0.0665189 -0.0470425 0.0013749
      vertex -0.0664344 -0.0471447 0.00155879
    endloop
  endfacet
  facet normal -0.835844 -0.542758 0.0823274
    outer loop
      vertex -0.0665189 -0.0470425 0.0013749
      vertex -0.0664525 -0.0471447 0.0013749
      vertex -0.0664344 -0.0471447 0.00155879
    endloop
  endfacet
  facet normal -0.774875 -0.62749 0.0763222
    outer loop
      vertex -0.0664344 -0.0471447 0.00155879
      vertex -0.0664525 -0.0471447 0.0013749
      vertex -0.0663757 -0.0472395 0.0013749
    endloop
  endfacet
  facet normal -0.0763192 -0.627486 0.774879
    outer loop
      vertex -0.0655099 -0.0472395 0.00224074
      vertex -0.0655099 -0.0471447 0.00231749
      vertex -0.0656938 -0.0471447 0.00229937
    endloop
  endfacet
  facet normal -0.0823217 -0.542792 0.835823
    outer loop
      vertex -0.0655099 -0.0471447 0.00231749
      vertex -0.0655099 -0.0470425 0.00238391
      vertex -0.0656938 -0.0471447 0.00229937
    endloop
  endfacet
  facet normal -0.116937 -0.4993 0.858502
    outer loop
      vertex -0.0656938 -0.0471447 0.00229937
      vertex -0.0655099 -0.0470425 0.00238391
      vertex -0.0657175 -0.0469338 0.00241882
    endloop
  endfacet
  facet normal -0.943362 -0.308379 0.122354
    outer loop
      vertex -0.0666276 -0.0467021 0.00159723
      vertex -0.066618 -0.0468199 0.0013749
      vertex -0.0665538 -0.0469338 0.00158255
    endloop
  endfacet
  facet normal -0.929675 -0.356819 0.0915663
    outer loop
      vertex -0.066618 -0.0468199 0.0013749
      vertex -0.0665743 -0.0469338 0.0013749
      vertex -0.0665538 -0.0469338 0.00158255
    endloop
  endfacet
  facet normal -0.887575 -0.452292 0.0874197
    outer loop
      vertex -0.0665538 -0.0469338 0.00158255
      vertex -0.0665743 -0.0469338 0.0013749
      vertex -0.0665189 -0.0470425 0.0013749
    endloop
  endfacet
  facet normal -0.0874203 -0.452246 0.887599
    outer loop
      vertex -0.0655099 -0.0470425 0.00238391
      vertex -0.0655099 -0.0469338 0.00243927
      vertex -0.0657175 -0.0469338 0.00241882
    endloop
  endfacet
  facet normal -0.0915627 -0.356865 0.929658
    outer loop
      vertex -0.0655099 -0.0469338 0.00243927
      vertex -0.0655099 -0.0468199 0.00248298
      vertex -0.0657175 -0.0469338 0.00241882
    endloop
  endfacet
  facet normal -0.122377 -0.308384 0.943357
    outer loop
      vertex -0.0657175 -0.0469338 0.00241882
      vertex -0.0655099 -0.0468199 0.00248298
      vertex -0.0657322 -0.0467021 0.00249264
    endloop
  endfacet
  facet normal -0.989786 -0.104014 0.0974939
    outer loop
      vertex -0.0666526 -0.0464599 0.0016022
      vertex -0.066675 -0.0464599 0.0013749
      vertex -0.0666276 -0.0467021 0.00159723
    endloop
  endfacet
  facet normal -0.989786 -0.104025 0.0974829
    outer loop
      vertex -0.066675 -0.0464599 0.0013749
      vertex -0.0666495 -0.0467021 0.0013749
      vertex -0.0666276 -0.0467021 0.00159723
    endloop
  endfacet
  facet normal -0.961575 -0.257689 0.0947045
    outer loop
      vertex -0.0666276 -0.0467021 0.00159723
      vertex -0.0666495 -0.0467021 0.0013749
      vertex -0.066618 -0.0468199 0.0013749
    endloop
  endfacet
  facet normal -0.949832 -0.104121 0.294921
    outer loop
      vertex -0.0665863 -0.0464599 0.00182077
      vertex -0.0666495 -0.0464599 0.00161714
      vertex -0.0665628 -0.0467021 0.00181102
    endloop
  endfacet
  facet normal -0.951159 -0.109692 0.288555
    outer loop
      vertex -0.0666495 -0.0464599 0.00161714
      vertex -0.0666276 -0.0467021 0.00159723
      vertex -0.0665628 -0.0467021 0.00181102
    endloop
  endfacet
  facet normal -0.910518 -0.307664 0.276225
    outer loop
      vertex -0.0665628 -0.0467021 0.00181102
      vertex -0.0666276 -0.0467021 0.00159723
      vertex -0.0664933 -0.0469338 0.00178222
    endloop
  endfacet
  facet normal -0.910518 -0.307666 0.276223
    outer loop
      vertex -0.0666276 -0.0467021 0.00159723
      vertex -0.0665538 -0.0469338 0.00158255
      vertex -0.0664933 -0.0469338 0.00178222
    endloop
  endfacet
  facet normal -0.829735 -0.498177 0.251716
    outer loop
      vertex -0.0664933 -0.0469338 0.00178222
      vertex -0.0665538 -0.0469338 0.00158255
      vertex -0.0663807 -0.0471447 0.00173561
    endloop
  endfacet
  facet normal -0.829732 -0.498194 0.251688
    outer loop
      vertex -0.0665538 -0.0469338 0.00158255
      vertex -0.0664344 -0.0471447 0.00155879
      vertex -0.0663807 -0.0471447 0.00173561
    endloop
  endfacet
  facet normal -0.712678 -0.66735 0.216182
    outer loop
      vertex -0.0663807 -0.0471447 0.00173561
      vertex -0.0664344 -0.0471447 0.00155879
      vertex -0.0662302 -0.0473257 0.00167324
    endloop
  endfacet
  facet normal -0.712677 -0.667354 0.216173
    outer loop
      vertex -0.0664344 -0.0471447 0.00155879
      vertex -0.0662745 -0.0473257 0.00152699
      vertex -0.0662302 -0.0473257 0.00167324
    endloop
  endfacet
  facet normal -0.564261 -0.807661 0.171155
    outer loop
      vertex -0.0662302 -0.0473257 0.00167324
      vertex -0.0662745 -0.0473257 0.00152699
      vertex -0.0660481 -0.0474689 0.00159783
    endloop
  endfacet
  facet normal -0.56426 -0.807661 0.171152
    outer loop
      vertex -0.0662745 -0.0473257 0.00152699
      vertex -0.0660813 -0.0474689 0.00148855
      vertex -0.0660481 -0.0474689 0.00159783
    endloop
  endfacet
  facet normal -0.390786 -0.912818 0.118534
    outer loop
      vertex -0.0660481 -0.0474689 0.00159783
      vertex -0.0660813 -0.0474689 0.00148855
      vertex -0.0658425 -0.047568 0.00151268
    endloop
  endfacet
  facet normal -0.390787 -0.912815 0.11855
    outer loop
      vertex -0.0660813 -0.0474689 0.00148855
      vertex -0.065863 -0.047568 0.00144514
      vertex -0.0658425 -0.047568 0.00151268
    endloop
  endfacet
  facet normal -0.19988 -0.977942 0.060636
    outer loop
      vertex -0.0658425 -0.047568 0.00151268
      vertex -0.065863 -0.047568 0.00144514
      vertex -0.0656224 -0.0476186 0.00142151
    endloop
  endfacet
  facet normal -0.199882 -0.977943 0.0606224
    outer loop
      vertex -0.065863 -0.047568 0.00144514
      vertex -0.0656293 -0.0476186 0.00139866
      vertex -0.0656224 -0.0476186 0.00142151
    endloop
  endfacet
  facet normal -0.0503444 -0.998615 0.015269
    outer loop
      vertex -0.0656224 -0.0476186 0.00142151
      vertex -0.0656293 -0.0476186 0.00139866
      vertex -0.0655099 -0.047625 0.0013749
    endloop
  endfacet
  facet normal -0.870907 -0.104173 0.48028
    outer loop
      vertex -0.0664786 -0.0464599 0.0020222
      vertex -0.0665743 -0.0464599 0.00184879
      vertex -0.0664575 -0.0467021 0.00200805
    endloop
  endfacet
  facet normal -0.876114 -0.114565 0.468293
    outer loop
      vertex -0.0665743 -0.0464599 0.00184879
      vertex -0.0665628 -0.0467021 0.00181102
      vertex -0.0664575 -0.0467021 0.00200805
    endloop
  endfacet
  facet normal -0.839147 -0.307653 0.448534
    outer loop
      vertex -0.0664575 -0.0467021 0.00200805
      vertex -0.0665628 -0.0467021 0.00181102
      vertex -0.0663949 -0.0469338 0.00196623
    endloop
  endfacet
  facet normal -0.83915 -0.307664 0.44852
    outer loop
      vertex -0.0665628 -0.0467021 0.00181102
      vertex -0.0664933 -0.0469338 0.00178222
      vertex -0.0663949 -0.0469338 0.00196623
    endloop
  endfacet
  facet normal -0.764693 -0.498187 0.408723
    outer loop
      vertex -0.0663949 -0.0469338 0.00196623
      vertex -0.0664933 -0.0469338 0.00178222
      vertex -0.0662936 -0.0471447 0.00189857
    endloop
  endfacet
  facet normal -0.764691 -0.498177 0.408739
    outer loop
      vertex -0.0664933 -0.0469338 0.00178222
      vertex -0.0663807 -0.0471447 0.00173561
      vertex -0.0662936 -0.0471447 0.00189857
    endloop
  endfacet
  facet normal -0.656799 -0.667357 0.351069
    outer loop
      vertex -0.0662936 -0.0471447 0.00189857
      vertex -0.0663807 -0.0471447 0.00173561
      vertex -0.0661581 -0.0473257 0.00180803
    endloop
  endfacet
  facet normal -0.656798 -0.667349 0.351086
    outer loop
      vertex -0.0663807 -0.0471447 0.00173561
      vertex -0.0662302 -0.0473257 0.00167324
      vertex -0.0661581 -0.0473257 0.00180803
    endloop
  endfacet
  facet normal -0.520014 -0.807662 0.277969
    outer loop
      vertex -0.0661581 -0.0473257 0.00180803
      vertex -0.0662302 -0.0473257 0.00167324
      vertex -0.0659943 -0.0474689 0.00169855
    endloop
  endfacet
  facet normal -0.520013 -0.80766 0.277977
    outer loop
      vertex -0.0662302 -0.0473257 0.00167324
      vertex -0.0660481 -0.0474689 0.00159783
      vertex -0.0659943 -0.0474689 0.00169855
    endloop
  endfacet
  facet normal -0.360141 -0.912818 0.192515
    outer loop
      vertex -0.0659943 -0.0474689 0.00169855
      vertex -0.0660481 -0.0474689 0.00159783
      vertex -0.0658093 -0.047568 0.00157493
    endloop
  endfacet
  facet normal -0.36014 -0.912817 0.192519
    outer loop
      vertex -0.0660481 -0.0474689 0.00159783
      vertex -0.0658425 -0.047568 0.00151268
      vertex -0.0658093 -0.047568 0.00157493
    endloop
  endfacet
  facet normal -0.184206 -0.977942 0.0984707
    outer loop
      vertex -0.0658093 -0.047568 0.00157493
      vertex -0.0658425 -0.047568 0.00151268
      vertex -0.0656112 -0.0476186 0.00144256
    endloop
  endfacet
  facet normal -0.184201 -0.977942 0.0984887
    outer loop
      vertex -0.0658425 -0.047568 0.00151268
      vertex -0.0656224 -0.0476186 0.00142151
      vertex -0.0656112 -0.0476186 0.00144256
    endloop
  endfacet
  facet normal -0.0463941 -0.998615 0.0248061
    outer loop
      vertex -0.0656112 -0.0476186 0.00144256
      vertex -0.0656224 -0.0476186 0.00142151
      vertex -0.0655099 -0.047625 0.0013749
    endloop
  endfacet
  facet normal -0.756254 -0.104202 0.645927
    outer loop
      vertex -0.0663337 -0.0464599 0.00219875
      vertex -0.0664525 -0.0464599 0.00205973
      vertex -0.0663157 -0.0467021 0.00218075
    endloop
  endfacet
  facet normal -0.767563 -0.11859 0.629907
    outer loop
      vertex -0.0664525 -0.0464599 0.00205973
      vertex -0.0664575 -0.0467021 0.00200805
      vertex -0.0663157 -0.0467021 0.00218075
    endloop
  endfacet
  facet normal -0.735524 -0.307663 0.603613
    outer loop
      vertex -0.0663157 -0.0467021 0.00218075
      vertex -0.0664575 -0.0467021 0.00200805
      vertex -0.0662625 -0.0469338 0.00212753
    endloop
  endfacet
  facet normal -0.73552 -0.307656 0.603621
    outer loop
      vertex -0.0664575 -0.0467021 0.00200805
      vertex -0.0663949 -0.0469338 0.00196623
      vertex -0.0662625 -0.0469338 0.00212753
    endloop
  endfacet
  facet normal -0.670249 -0.498202 0.550055
    outer loop
      vertex -0.0662625 -0.0469338 0.00212753
      vertex -0.0663949 -0.0469338 0.00196623
      vertex -0.0661764 -0.0471447 0.00204141
    endloop
  endfacet
  facet normal -0.670242 -0.498186 0.550078
    outer loop
      vertex -0.0663949 -0.0469338 0.00196623
      vertex -0.0662936 -0.0471447 0.00189857
      vertex -0.0661764 -0.0471447 0.00204141
    endloop
  endfacet
  facet normal -0.575686 -0.667349 0.472474
    outer loop
      vertex -0.0661764 -0.0471447 0.00204141
      vertex -0.0662936 -0.0471447 0.00189857
      vertex -0.0660612 -0.0473257 0.00192616
    endloop
  endfacet
  facet normal -0.575689 -0.667355 0.47246
    outer loop
      vertex -0.0662936 -0.0471447 0.00189857
      vertex -0.0661581 -0.0473257 0.00180803
      vertex -0.0660612 -0.0473257 0.00192616
    endloop
  endfacet
  facet normal -0.455808 -0.807655 0.374075
    outer loop
      vertex -0.0660612 -0.0473257 0.00192616
      vertex -0.0661581 -0.0473257 0.00180803
      vertex -0.0659218 -0.0474689 0.00178683
    endloop
  endfacet
  facet normal -0.455815 -0.807663 0.37405
    outer loop
      vertex -0.0661581 -0.0473257 0.00180803
      vertex -0.0659943 -0.0474689 0.00169855
      vertex -0.0659218 -0.0474689 0.00178683
    endloop
  endfacet
  facet normal -0.315682 -0.912817 0.259054
    outer loop
      vertex -0.0659218 -0.0474689 0.00178683
      vertex -0.0659943 -0.0474689 0.00169855
      vertex -0.0657645 -0.047568 0.00162949
    endloop
  endfacet
  facet normal -0.315684 -0.912818 0.259049
    outer loop
      vertex -0.0659943 -0.0474689 0.00169855
      vertex -0.0658093 -0.047568 0.00157493
      vertex -0.0657645 -0.047568 0.00162949
    endloop
  endfacet
  facet normal -0.161467 -0.977943 0.132499
    outer loop
      vertex -0.0657645 -0.047568 0.00162949
      vertex -0.0658093 -0.047568 0.00157493
      vertex -0.065596 -0.0476186 0.00146102
    endloop
  endfacet
  facet normal -0.161457 -0.977942 0.132517
    outer loop
      vertex -0.0658093 -0.047568 0.00157493
      vertex -0.0656112 -0.0476186 0.00144256
      vertex -0.065596 -0.0476186 0.00146102
    endloop
  endfacet
  facet normal -0.0406668 -0.998615 0.0333775
    outer loop
      vertex -0.065596 -0.0476186 0.00146102
      vertex -0.0656112 -0.0476186 0.00144256
      vertex -0.0655099 -0.047625 0.0013749
    endloop
  endfacet
  facet normal -0.610598 -0.10427 0.785046
    outer loop
      vertex -0.0661572 -0.0464599 0.00234365
      vertex -0.0662895 -0.0464599 0.00224074
      vertex -0.0661431 -0.0467021 0.00232248
    endloop
  endfacet
  facet normal -0.629669 -0.121803 0.767256
    outer loop
      vertex -0.0662895 -0.0464599 0.00224074
      vertex -0.0663157 -0.0467021 0.00218075
      vertex -0.0661431 -0.0467021 0.00232248
    endloop
  endfacet
  facet normal -0.603618 -0.307679 0.735513
    outer loop
      vertex -0.0661431 -0.0467021 0.00232248
      vertex -0.0663157 -0.0467021 0.00218075
      vertex -0.0661012 -0.0469338 0.00225989
    endloop
  endfacet
  facet normal -0.603607 -0.307664 0.735528
    outer loop
      vertex -0.0663157 -0.0467021 0.00218075
      vertex -0.0662625 -0.0469338 0.00212753
      vertex -0.0661012 -0.0469338 0.00225989
    endloop
  endfacet
  facet normal -0.55005 -0.498185 0.670265
    outer loop
      vertex -0.0661012 -0.0469338 0.00225989
      vertex -0.0662625 -0.0469338 0.00212753
      vertex -0.0660336 -0.0471447 0.00215863
    endloop
  endfacet
  facet normal -0.550061 -0.4982 0.670246
    outer loop
      vertex -0.0662625 -0.0469338 0.00212753
      vertex -0.0661764 -0.0471447 0.00204141
      vertex -0.0660336 -0.0471447 0.00215863
    endloop
  endfacet
  facet normal -0.472465 -0.667346 0.575696
    outer loop
      vertex -0.0660336 -0.0471447 0.00215863
      vertex -0.0661764 -0.0471447 0.00204141
      vertex -0.065943 -0.0473257 0.00202312
    endloop
  endfacet
  facet normal -0.472467 -0.667348 0.575692
    outer loop
      vertex -0.0661764 -0.0471447 0.00204141
      vertex -0.0660612 -0.0473257 0.00192616
      vertex -0.065943 -0.0473257 0.00202312
    endloop
  endfacet
  facet normal -0.374072 -0.807661 0.4558
    outer loop
      vertex -0.065943 -0.0473257 0.00202312
      vertex -0.0660612 -0.0473257 0.00192616
      vertex -0.0658335 -0.0474689 0.00185927
    endloop
  endfacet
  facet normal -0.374062 -0.807655 0.455819
    outer loop
      vertex -0.0660612 -0.0473257 0.00192616
      vertex -0.0659218 -0.0474689 0.00178683
      vertex -0.0658335 -0.0474689 0.00185927
    endloop
  endfacet
  facet normal -0.259058 -0.912817 0.315679
    outer loop
      vertex -0.0658335 -0.0474689 0.00185927
      vertex -0.0659218 -0.0474689 0.00178683
      vertex -0.0657099 -0.047568 0.00167426
    endloop
  endfacet
  facet normal -0.25906 -0.912818 0.315677
    outer loop
      vertex -0.0659218 -0.0474689 0.00178683
      vertex -0.0657645 -0.047568 0.00162949
      vertex -0.0657099 -0.047568 0.00167426
    endloop
  endfacet
  facet normal -0.132504 -0.977943 0.161463
    outer loop
      vertex -0.0657099 -0.047568 0.00167426
      vertex -0.0657645 -0.047568 0.00162949
      vertex -0.0655776 -0.0476186 0.00147616
    endloop
  endfacet
  facet normal -0.132507 -0.977943 0.16146
    outer loop
      vertex -0.0657645 -0.047568 0.00162949
      vertex -0.065596 -0.0476186 0.00146102
      vertex -0.0655776 -0.0476186 0.00147616
    endloop
  endfacet
  facet normal -0.0333757 -0.998615 0.0406685
    outer loop
      vertex -0.0655776 -0.0476186 0.00147616
      vertex -0.065596 -0.0476186 0.00146102
      vertex -0.0655099 -0.047625 0.0013749
    endloop
  endfacet
  facet normal -0.439869 -0.104311 0.891984
    outer loop
      vertex -0.0659558 -0.0464599 0.00245131
      vertex -0.0660925 -0.0464599 0.00238391
      vertex -0.065946 -0.0467021 0.00242779
    endloop
  endfacet
  facet normal -0.467742 -0.124221 0.875092
    outer loop
      vertex -0.0660925 -0.0464599 0.00238391
      vertex -0.0661431 -0.0467021 0.00232248
      vertex -0.065946 -0.0467021 0.00242779
    endloop
  endfacet
  facet normal -0.448527 -0.307671 0.839144
    outer loop
      vertex -0.065946 -0.0467021 0.00242779
      vertex -0.0661431 -0.0467021 0.00232248
      vertex -0.0659172 -0.0469338 0.00235825
    endloop
  endfacet
  facet normal -0.448532 -0.307677 0.839139
    outer loop
      vertex -0.0661431 -0.0467021 0.00232248
      vertex -0.0661012 -0.0469338 0.00225989
      vertex -0.0659172 -0.0469338 0.00235825
    endloop
  endfacet
  facet normal -0.408736 -0.498186 0.764687
    outer loop
      vertex -0.0659172 -0.0469338 0.00235825
      vertex -0.0661012 -0.0469338 0.00225989
      vertex -0.0658706 -0.0471447 0.00224574
    endloop
  endfacet
  facet normal -0.408736 -0.498186 0.764687
    outer loop
      vertex -0.0661012 -0.0469338 0.00225989
      vertex -0.0660336 -0.0471447 0.00215863
      vertex -0.0658706 -0.0471447 0.00224574
    endloop
  endfacet
  facet normal -0.351074 -0.667346 0.656808
    outer loop
      vertex -0.0658706 -0.0471447 0.00224574
      vertex -0.0660336 -0.0471447 0.00215863
      vertex -0.0658082 -0.0473257 0.00209516
    endloop
  endfacet
  facet normal -0.351075 -0.667347 0.656806
    outer loop
      vertex -0.0660336 -0.0471447 0.00215863
      vertex -0.065943 -0.0473257 0.00202312
      vertex -0.0658082 -0.0473257 0.00209516
    endloop
  endfacet
  facet normal -0.277962 -0.807658 0.520024
    outer loop
      vertex -0.0658082 -0.0473257 0.00209516
      vertex -0.065943 -0.0473257 0.00202312
      vertex -0.0657328 -0.0474689 0.00191311
    endloop
  endfacet
  facet normal -0.277969 -0.807662 0.520015
    outer loop
      vertex -0.065943 -0.0473257 0.00202312
      vertex -0.0658335 -0.0474689 0.00185927
      vertex -0.0657328 -0.0474689 0.00191311
    endloop
  endfacet
  facet normal -0.192512 -0.912818 0.360144
    outer loop
      vertex -0.0657328 -0.0474689 0.00191311
      vertex -0.0658335 -0.0474689 0.00185927
      vertex -0.0656477 -0.047568 0.00170753
    endloop
  endfacet
  facet normal -0.192511 -0.912817 0.360144
    outer loop
      vertex -0.0658335 -0.0474689 0.00185927
      vertex -0.0657099 -0.047568 0.00167426
      vertex -0.0656477 -0.047568 0.00170753
    endloop
  endfacet
  facet normal -0.0984657 -0.977943 0.184207
    outer loop
      vertex -0.0656477 -0.047568 0.00170753
      vertex -0.0657099 -0.047568 0.00167426
      vertex -0.0655565 -0.0476186 0.00148742
    endloop
  endfacet
  facet normal -0.0984616 -0.977943 0.18421
    outer loop
      vertex -0.0657099 -0.047568 0.00167426
      vertex -0.0655776 -0.0476186 0.00147616
      vertex -0.0655565 -0.0476186 0.00148742
    endloop
  endfacet
  facet normal -0.0248002 -0.998615 0.0463983
    outer loop
      vertex -0.0655565 -0.0476186 0.00148742
      vertex -0.0655776 -0.0476186 0.00147616
      vertex -0.0655099 -0.047625 0.0013749
    endloop
  endfacet
  facet normal -0.251119 -0.104351 0.962315
    outer loop
      vertex -0.0657372 -0.0464599 0.00251761
      vertex -0.0658699 -0.0464599 0.00248298
      vertex -0.0657322 -0.0467021 0.00249264
    endloop
  endfacet
  facet normal -0.287979 -0.125823 0.949335
    outer loop
      vertex -0.0658699 -0.0464599 0.00248298
      vertex -0.065946 -0.0467021 0.00242779
      vertex -0.0657322 -0.0467021 0.00249264
    endloop
  endfacet
  facet normal -0.276205 -0.307672 0.910521
    outer loop
      vertex -0.0657322 -0.0467021 0.00249264
      vertex -0.065946 -0.0467021 0.00242779
      vertex -0.0657175 -0.0469338 0.00241882
    endloop
  endfacet
  facet normal -0.276204 -0.307671 0.910522
    outer loop
      vertex -0.065946 -0.0467021 0.00242779
      vertex -0.0659172 -0.0469338 0.00235825
      vertex -0.0657175 -0.0469338 0.00241882
    endloop
  endfacet
  facet normal -0.251697 -0.498189 0.829733
    outer loop
      vertex -0.0657175 -0.0469338 0.00241882
      vertex -0.0659172 -0.0469338 0.00235825
      vertex -0.0656938 -0.0471447 0.00229937
    endloop
  endfacet
  facet normal -0.251695 -0.498187 0.829735
    outer loop
      vertex -0.0659172 -0.0469338 0.00235825
      vertex -0.0658706 -0.0471447 0.00224574
      vertex -0.0656938 -0.0471447 0.00229937
    endloop
  endfacet
  facet normal -0.216187 -0.667345 0.712681
    outer loop
      vertex -0.0656938 -0.0471447 0.00229937
      vertex -0.0658706 -0.0471447 0.00224574
      vertex -0.065662 -0.0473257 0.00213952
    endloop
  endfacet
  facet normal -0.216189 -0.667346 0.712679
    outer loop
      vertex -0.0658706 -0.0471447 0.00224574
      vertex -0.0658082 -0.0473257 0.00209516
      vertex -0.065662 -0.0473257 0.00213952
    endloop
  endfacet
  facet normal -0.171166 -0.807661 0.564258
    outer loop
      vertex -0.065662 -0.0473257 0.00213952
      vertex -0.0658082 -0.0473257 0.00209516
      vertex -0.0656236 -0.0474689 0.00194626
    endloop
  endfacet
  facet normal -0.171162 -0.807659 0.564261
    outer loop
      vertex -0.0658082 -0.0473257 0.00209516
      vertex -0.0657328 -0.0474689 0.00191311
      vertex -0.0656236 -0.0474689 0.00194626
    endloop
  endfacet
  facet normal -0.11854 -0.912817 0.390785
    outer loop
      vertex -0.0656236 -0.0474689 0.00194626
      vertex -0.0657328 -0.0474689 0.00191311
      vertex -0.0655801 -0.047568 0.00172802
    endloop
  endfacet
  facet normal -0.118543 -0.912818 0.390782
    outer loop
      vertex -0.0657328 -0.0474689 0.00191311
      vertex -0.0656477 -0.047568 0.00170753
      vertex -0.0655801 -0.047568 0.00172802
    endloop
  endfacet
  facet normal -0.0606333 -0.977943 0.199879
    outer loop
      vertex -0.0655801 -0.047568 0.00172802
      vertex -0.0656477 -0.047568 0.00170753
      vertex -0.0655337 -0.0476186 0.00149435
    endloop
  endfacet
  facet normal -0.0606391 -0.977943 0.199876
    outer loop
      vertex -0.0656477 -0.047568 0.00170753
      vertex -0.0655565 -0.0476186 0.00148742
      vertex -0.0655337 -0.0476186 0.00149435
    endloop
  endfacet
  facet normal -0.0152736 -0.998615 0.0503442
    outer loop
      vertex -0.0655337 -0.0476186 0.00149435
      vertex -0.0655565 -0.0476186 0.00148742
      vertex -0.0655099 -0.047625 0.0013749
    endloop
  endfacet
  facet normal -0.0522643 -0.0522643 0.997265
    outer loop
      vertex -0.0655099 -0.0464599 0.00254
      vertex -0.0656317 -0.0464599 0.00253362
      vertex -0.0655099 -0.0465817 0.00253362
    endloop
  endfacet
  facet normal -0.117865 -0.117865 0.98601
    outer loop
      vertex -0.0656317 -0.0464599 0.00253362
      vertex -0.0657322 -0.0467021 0.00249264
      vertex -0.0655099 -0.0465817 0.00253362
    endloop
  endfacet
  facet normal -0.0968211 -0.155702 0.983048
    outer loop
      vertex -0.0655099 -0.0465817 0.00253362
      vertex -0.0657322 -0.0467021 0.00249264
      vertex -0.0655099 -0.0467021 0.00251454
    endloop
  endfacet
  facet normal -0.0947072 -0.257655 0.961584
    outer loop
      vertex -0.0657322 -0.0467021 0.00249264
      vertex -0.0655099 -0.0468199 0.00248298
      vertex -0.0655099 -0.0467021 0.00251454
    endloop
  endfacet
  facet normal -0.998533 -0.0541386 0
    outer loop
      vertex -0.058006 -0.0388615 -6.93889e-18
      vertex -0.058006 -0.0388615 0.00254
      vertex -0.0580201 -0.0386006 -6.93889e-18
    endloop
  endfacet
  facet normal -0.998533 -0.0541386 0
    outer loop
      vertex -0.058006 -0.0388615 0.00254
      vertex -0.0580201 -0.0386006 0.00254
      vertex -0.0580201 -0.0386006 -6.93889e-18
    endloop
  endfacet
  facet normal -0.986826 -0.161786 0
    outer loop
      vertex -0.0580201 -0.0386006 -6.93889e-18
      vertex -0.0580201 -0.0386006 0.00254
      vertex -0.0580624 -0.0383428 -6.93889e-18
    endloop
  endfacet
  facet normal -0.986826 -0.161786 0
    outer loop
      vertex -0.0580201 -0.0386006 0.00254
      vertex -0.0580624 -0.0383428 0.00254
      vertex -0.0580624 -0.0383428 -6.93889e-18
    endloop
  endfacet
  facet normal -0.963551 -0.267525 0
    outer loop
      vertex -0.0580624 -0.0383428 -6.93889e-18
      vertex -0.0580624 -0.0383428 0.00254
      vertex -0.0581323 -0.038091 -6.93889e-18
    endloop
  endfacet
  facet normal -0.963551 -0.267525 0
    outer loop
      vertex -0.0580624 -0.0383428 0.00254
      vertex -0.0581323 -0.038091 0.00254
      vertex -0.0581323 -0.038091 -6.93889e-18
    endloop
  endfacet
  facet normal -0.928975 -0.370142 0
    outer loop
      vertex -0.0581323 -0.038091 -6.93889e-18
      vertex -0.0581323 -0.038091 0.00254
      vertex -0.058229 -0.0378483 -6.93889e-18
    endloop
  endfacet
  facet normal -0.928975 -0.370142 0
    outer loop
      vertex -0.0581323 -0.038091 0.00254
      vertex -0.058229 -0.0378483 0.00254
      vertex -0.058229 -0.0378483 -6.93889e-18
    endloop
  endfacet
  facet normal -0.883511 -0.468411 0
    outer loop
      vertex -0.058229 -0.0378483 -6.93889e-18
      vertex -0.058229 -0.0378483 0.00254
      vertex -0.0583514 -0.0376175 -6.93889e-18
    endloop
  endfacet
  facet normal -0.883511 -0.468411 0
    outer loop
      vertex -0.058229 -0.0378483 0.00254
      vertex -0.0583514 -0.0376175 0.00254
      vertex -0.0583514 -0.0376175 -6.93889e-18
    endloop
  endfacet
  facet normal -0.827688 -0.561188 0
    outer loop
      vertex -0.0583514 -0.0376175 -6.93889e-18
      vertex -0.0583514 -0.0376175 0.00254
      vertex -0.058498 -0.0374012 -6.93889e-18
    endloop
  endfacet
  facet normal -0.827688 -0.561188 0
    outer loop
      vertex -0.0583514 -0.0376175 0.00254
      vertex -0.058498 -0.0374012 0.00254
      vertex -0.058498 -0.0374012 -6.93889e-18
    endloop
  endfacet
  facet normal -0.76217 -0.647377 0
    outer loop
      vertex -0.058498 -0.0374012 -6.93889e-18
      vertex -0.058498 -0.0374012 0.00254
      vertex -0.0586672 -0.0372021 -6.93889e-18
    endloop
  endfacet
  facet normal -0.76217 -0.647377 0
    outer loop
      vertex -0.058498 -0.0374012 0.00254
      vertex -0.0586672 -0.0372021 0.00254
      vertex -0.0586672 -0.0372021 -6.93889e-18
    endloop
  endfacet
  facet normal -0.687699 -0.725996 0
    outer loop
      vertex -0.0586672 -0.0372021 -6.93889e-18
      vertex -0.0586672 -0.0372021 0.00254
      vertex -0.0588569 -0.0370224 -6.93889e-18
    endloop
  endfacet
  facet normal -0.687699 -0.725996 0
    outer loop
      vertex -0.0586672 -0.0372021 0.00254
      vertex -0.0588569 -0.0370224 0.00254
      vertex -0.0588569 -0.0370224 -6.93889e-18
    endloop
  endfacet
  facet normal -0.605168 -0.796098 0
    outer loop
      vertex -0.0588569 -0.0370224 -6.93889e-18
      vertex -0.0588569 -0.0370224 0.00254
      vertex -0.0590649 -0.0368643 -6.93889e-18
    endloop
  endfacet
  facet normal -0.605168 -0.796098 0
    outer loop
      vertex -0.0588569 -0.0370224 0.00254
      vertex -0.0590649 -0.0368643 0.00254
      vertex -0.0590649 -0.0368643 -6.93889e-18
    endloop
  endfacet
  facet normal -0.515548 -0.856861 0
    outer loop
      vertex -0.0590649 -0.0368643 -6.93889e-18
      vertex -0.0590649 -0.0368643 0.00254
      vertex -0.0592887 -0.0367296 -6.93889e-18
    endloop
  endfacet
  facet normal -0.515548 -0.856861 0
    outer loop
      vertex -0.0590649 -0.0368643 0.00254
      vertex -0.0592887 -0.0367296 0.00254
      vertex -0.0592887 -0.0367296 -6.93889e-18
    endloop
  endfacet
  facet normal -0.419889 -0.907575 0
    outer loop
      vertex -0.0592887 -0.0367296 -6.93889e-18
      vertex -0.0592887 -0.0367296 0.00254
      vertex -0.0595259 -0.0366199 -6.93889e-18
    endloop
  endfacet
  facet normal -0.419889 -0.907575 0
    outer loop
      vertex -0.0592887 -0.0367296 0.00254
      vertex -0.0595259 -0.0366199 0.00254
      vertex -0.0595259 -0.0366199 -6.93889e-18
    endloop
  endfacet
  facet normal -0.31931 -0.94765 0
    outer loop
      vertex -0.0595259 -0.0366199 -6.93889e-18
      vertex -0.0595259 -0.0366199 0.00254
      vertex -0.0597735 -0.0365365 -6.93889e-18
    endloop
  endfacet
  facet normal -0.31931 -0.94765 0
    outer loop
      vertex -0.0595259 -0.0366199 0.00254
      vertex -0.0597735 -0.0365365 0.00254
      vertex -0.0597735 -0.0365365 -6.93889e-18
    endloop
  endfacet
  facet normal -0.214972 -0.97662 0
    outer loop
      vertex -0.0597735 -0.0365365 -6.93889e-18
      vertex -0.0597735 -0.0365365 0.00254
      vertex -0.0600286 -0.0364803 -6.93889e-18
    endloop
  endfacet
  facet normal -0.214972 -0.97662 0
    outer loop
      vertex -0.0597735 -0.0365365 0.00254
      vertex -0.0600286 -0.0364803 0.00254
      vertex -0.0600286 -0.0364803 -6.93889e-18
    endloop
  endfacet
  facet normal -0.10812 -0.994138 0
    outer loop
      vertex -0.0600286 -0.0364803 -6.93889e-18
      vertex -0.0600286 -0.0364803 0.00254
      vertex -0.0602884 -0.036452 -6.93889e-18
    endloop
  endfacet
  facet normal -0.10812 -0.994138 0
    outer loop
      vertex -0.0600286 -0.0364803 0.00254
      vertex -0.0602884 -0.036452 0.00254
      vertex -0.0602884 -0.036452 -6.93889e-18
    endloop
  endfacet
  facet normal 0 -1 0
    outer loop
      vertex -0.0602884 -0.036452 -6.93889e-18
      vertex -0.0602884 -0.036452 0.00254
      vertex -0.0605496 -0.036452 -6.93889e-18
    endloop
  endfacet
  facet normal 0 -1 0
    outer loop
      vertex -0.0602884 -0.036452 0.00254
      vertex -0.0605496 -0.036452 0.00254
      vertex -0.0605496 -0.036452 -6.93889e-18
    endloop
  endfacet
  facet normal 0.10812 -0.994138 0
    outer loop
      vertex -0.0605496 -0.036452 -6.93889e-18
      vertex -0.0605496 -0.036452 0.00254
      vertex -0.0608094 -0.0364803 -6.93889e-18
    endloop
  endfacet
  facet normal 0.10812 -0.994138 0
    outer loop
      vertex -0.0605496 -0.036452 0.00254
      vertex -0.0608094 -0.0364803 0.00254
      vertex -0.0608094 -0.0364803 -6.93889e-18
    endloop
  endfacet
  facet normal 0.214972 -0.97662 0
    outer loop
      vertex -0.0608094 -0.0364803 -6.93889e-18
      vertex -0.0608094 -0.0364803 0.00254
      vertex -0.0610645 -0.0365365 -6.93889e-18
    endloop
  endfacet
  facet normal 0.214972 -0.97662 0
    outer loop
      vertex -0.0608094 -0.0364803 0.00254
      vertex -0.0610645 -0.0365365 0.00254
      vertex -0.0610645 -0.0365365 -6.93889e-18
    endloop
  endfacet
  facet normal 0.31931 -0.94765 0
    outer loop
      vertex -0.0610645 -0.0365365 -6.93889e-18
      vertex -0.0610645 -0.0365365 0.00254
      vertex -0.0613121 -0.0366199 -6.93889e-18
    endloop
  endfacet
  facet normal 0.31931 -0.94765 0
    outer loop
      vertex -0.0610645 -0.0365365 0.00254
      vertex -0.0613121 -0.0366199 0.00254
      vertex -0.0613121 -0.0366199 -6.93889e-18
    endloop
  endfacet
  facet normal 0.419889 -0.907575 0
    outer loop
      vertex -0.0613121 -0.0366199 -6.93889e-18
      vertex -0.0613121 -0.0366199 0.00254
      vertex -0.0615493 -0.0367296 -6.93889e-18
    endloop
  endfacet
  facet normal 0.419889 -0.907575 0
    outer loop
      vertex -0.0613121 -0.0366199 0.00254
      vertex -0.0615493 -0.0367296 0.00254
      vertex -0.0615493 -0.0367296 -6.93889e-18
    endloop
  endfacet
  facet normal 0.515548 -0.856861 0
    outer loop
      vertex -0.0615493 -0.0367296 -6.93889e-18
      vertex -0.0615493 -0.0367296 0.00254
      vertex -0.0617731 -0.0368643 -6.93889e-18
    endloop
  endfacet
  facet normal 0.515548 -0.856861 0
    outer loop
      vertex -0.0615493 -0.0367296 0.00254
      vertex -0.0617731 -0.0368643 0.00254
      vertex -0.0617731 -0.0368643 -6.93889e-18
    endloop
  endfacet
  facet normal 0.605168 -0.796098 0
    outer loop
      vertex -0.0617731 -0.0368643 -6.93889e-18
      vertex -0.0617731 -0.0368643 0.00254
      vertex -0.0619811 -0.0370224 -6.93889e-18
    endloop
  endfacet
  facet normal 0.605168 -0.796098 0
    outer loop
      vertex -0.0617731 -0.0368643 0.00254
      vertex -0.0619811 -0.0370224 0.00254
      vertex -0.0619811 -0.0370224 -6.93889e-18
    endloop
  endfacet
  facet normal 0.687706 -0.725989 0
    outer loop
      vertex -0.0619811 -0.0370224 -6.93889e-18
      vertex -0.0619811 -0.0370224 0.00254
      vertex -0.0621708 -0.0372021 -6.93889e-18
    endloop
  endfacet
  facet normal 0.687706 -0.725989 0
    outer loop
      vertex -0.0619811 -0.0370224 0.00254
      vertex -0.0621708 -0.0372021 0.00254
      vertex -0.0621708 -0.0372021 -6.93889e-18
    endloop
  endfacet
  facet normal 0.762163 -0.647386 0
    outer loop
      vertex -0.0621708 -0.0372021 -6.93889e-18
      vertex -0.0621708 -0.0372021 0.00254
      vertex -0.06234 -0.0374012 -6.93889e-18
    endloop
  endfacet
  facet normal 0.762163 -0.647386 0
    outer loop
      vertex -0.0621708 -0.0372021 0.00254
      vertex -0.06234 -0.0374012 0.00254
      vertex -0.06234 -0.0374012 -6.93889e-18
    endloop
  endfacet
  facet normal 0.827688 -0.561188 0
    outer loop
      vertex -0.06234 -0.0374012 -6.93889e-18
      vertex -0.06234 -0.0374012 0.00254
      vertex -0.0624866 -0.0376175 -6.93889e-18
    endloop
  endfacet
  facet normal 0.827688 -0.561188 0
    outer loop
      vertex -0.06234 -0.0374012 0.00254
      vertex -0.0624866 -0.0376175 0.00254
      vertex -0.0624866 -0.0376175 -6.93889e-18
    endloop
  endfacet
  facet normal 0.883505 -0.468422 0
    outer loop
      vertex -0.0624866 -0.0376175 -6.93889e-18
      vertex -0.0624866 -0.0376175 0.00254
      vertex -0.062609 -0.0378483 -6.93889e-18
    endloop
  endfacet
  facet normal 0.883505 -0.468422 0
    outer loop
      vertex -0.0624866 -0.0376175 0.00254
      vertex -0.062609 -0.0378483 0.00254
      vertex -0.062609 -0.0378483 -6.93889e-18
    endloop
  endfacet
  facet normal 0.928985 -0.370117 0
    outer loop
      vertex -0.062609 -0.0378483 -6.93889e-18
      vertex -0.062609 -0.0378483 0.00254
      vertex -0.0627057 -0.038091 -6.93889e-18
    endloop
  endfacet
  facet normal 0.928985 -0.370117 0
    outer loop
      vertex -0.062609 -0.0378483 0.00254
      vertex -0.0627057 -0.038091 0.00254
      vertex -0.0627057 -0.038091 -6.93889e-18
    endloop
  endfacet
  facet normal 0.963547 -0.267539 0
    outer loop
      vertex -0.0627057 -0.038091 -6.93889e-18
      vertex -0.0627057 -0.038091 0.00254
      vertex -0.0627756 -0.0383428 -6.93889e-18
    endloop
  endfacet
  facet normal 0.963547 -0.267539 0
    outer loop
      vertex -0.0627057 -0.038091 0.00254
      vertex -0.0627756 -0.0383428 0.00254
      vertex -0.0627756 -0.0383428 -6.93889e-18
    endloop
  endfacet
  facet normal 0.986828 -0.161772 0
    outer loop
      vertex -0.0627756 -0.0383428 -6.93889e-18
      vertex -0.0627756 -0.0383428 0.00254
      vertex -0.0628178 -0.0386006 -6.93889e-18
    endloop
  endfacet
  facet normal 0.986828 -0.161772 0
    outer loop
      vertex -0.0627756 -0.0383428 0.00254
      vertex -0.0628178 -0.0386006 0.00254
      vertex -0.0628178 -0.0386006 -6.93889e-18
    endloop
  endfacet
  facet normal 0.998533 -0.0541528 0
    outer loop
      vertex -0.0628178 -0.0386006 -6.93889e-18
      vertex -0.0628178 -0.0386006 0.00254
      vertex -0.062832 -0.0388615 -6.93889e-18
    endloop
  endfacet
  facet normal 0.998533 -0.0541528 0
    outer loop
      vertex -0.0628178 -0.0386006 0.00254
      vertex -0.062832 -0.0388615 0.00254
      vertex -0.062832 -0.0388615 -6.93889e-18
    endloop
  endfacet
  facet normal 0.998533 0.0541528 0
    outer loop
      vertex -0.062832 -0.0388615 -6.93889e-18
      vertex -0.062832 -0.0388615 0.00254
      vertex -0.0628178 -0.0391224 -6.93889e-18
    endloop
  endfacet
  facet normal 0.998533 0.0541528 0
    outer loop
      vertex -0.062832 -0.0388615 0.00254
      vertex -0.0628178 -0.0391224 0.00254
      vertex -0.0628178 -0.0391224 -6.93889e-18
    endloop
  endfacet
  facet normal 0.986828 0.161772 0
    outer loop
      vertex -0.0628178 -0.0391224 -6.93889e-18
      vertex -0.0628178 -0.0391224 0.00254
      vertex -0.0627756 -0.0393802 -6.93889e-18
    endloop
  endfacet
  facet normal 0.986828 0.161772 0
    outer loop
      vertex -0.0628178 -0.0391224 0.00254
      vertex -0.0627756 -0.0393802 0.00254
      vertex -0.0627756 -0.0393802 -6.93889e-18
    endloop
  endfacet
  facet normal 0.963547 0.267539 0
    outer loop
      vertex -0.0627756 -0.0393802 -6.93889e-18
      vertex -0.0627756 -0.0393802 0.00254
      vertex -0.0627057 -0.039632 -6.93889e-18
    endloop
  endfacet
  facet normal 0.963547 0.267539 0
    outer loop
      vertex -0.0627756 -0.0393802 0.00254
      vertex -0.0627057 -0.039632 0.00254
      vertex -0.0627057 -0.039632 -6.93889e-18
    endloop
  endfacet
  facet normal 0.928985 0.370117 0
    outer loop
      vertex -0.0627057 -0.039632 -6.93889e-18
      vertex -0.0627057 -0.039632 0.00254
      vertex -0.062609 -0.0398747 -6.93889e-18
    endloop
  endfacet
  facet normal 0.928985 0.370117 0
    outer loop
      vertex -0.0627057 -0.039632 0.00254
      vertex -0.062609 -0.0398747 0.00254
      vertex -0.062609 -0.0398747 -6.93889e-18
    endloop
  endfacet
  facet normal 0.883505 0.468422 0
    outer loop
      vertex -0.062609 -0.0398747 -6.93889e-18
      vertex -0.062609 -0.0398747 0.00254
      vertex -0.0624866 -0.0401055 -6.93889e-18
    endloop
  endfacet
  facet normal 0.883505 0.468422 0
    outer loop
      vertex -0.062609 -0.0398747 0.00254
      vertex -0.0624866 -0.0401055 0.00254
      vertex -0.0624866 -0.0401055 -6.93889e-18
    endloop
  endfacet
  facet normal 0.827688 0.561188 0
    outer loop
      vertex -0.0624866 -0.0401055 -6.93889e-18
      vertex -0.0624866 -0.0401055 0.00254
      vertex -0.06234 -0.0403218 -6.93889e-18
    endloop
  endfacet
  facet normal 0.827688 0.561188 0
    outer loop
      vertex -0.0624866 -0.0401055 0.00254
      vertex -0.06234 -0.0403218 0.00254
      vertex -0.06234 -0.0403218 -6.93889e-18
    endloop
  endfacet
  facet normal 0.762163 0.647386 0
    outer loop
      vertex -0.06234 -0.0403218 -6.93889e-18
      vertex -0.06234 -0.0403218 0.00254
      vertex -0.0621708 -0.0405209 -6.93889e-18
    endloop
  endfacet
  facet normal 0.762163 0.647386 0
    outer loop
      vertex -0.06234 -0.0403218 0.00254
      vertex -0.0621708 -0.0405209 0.00254
      vertex -0.0621708 -0.0405209 -6.93889e-18
    endloop
  endfacet
  facet normal 0.687706 0.725989 0
    outer loop
      vertex -0.0621708 -0.0405209 -6.93889e-18
      vertex -0.0621708 -0.0405209 0.00254
      vertex -0.0619811 -0.0407006 -6.93889e-18
    endloop
  endfacet
  facet normal 0.687706 0.725989 0
    outer loop
      vertex -0.0621708 -0.0405209 0.00254
      vertex -0.0619811 -0.0407006 0.00254
      vertex -0.0619811 -0.0407006 -6.93889e-18
    endloop
  endfacet
  facet normal 0.605168 0.796098 0
    outer loop
      vertex -0.0619811 -0.0407006 -6.93889e-18
      vertex -0.0619811 -0.0407006 0.00254
      vertex -0.0617731 -0.0408587 -6.93889e-18
    endloop
  endfacet
  facet normal 0.605168 0.796098 0
    outer loop
      vertex -0.0619811 -0.0407006 0.00254
      vertex -0.0617731 -0.0408587 0.00254
      vertex -0.0617731 -0.0408587 -6.93889e-18
    endloop
  endfacet
  facet normal 0.515548 0.856861 0
    outer loop
      vertex -0.0617731 -0.0408587 -6.93889e-18
      vertex -0.0617731 -0.0408587 0.00254
      vertex -0.0615493 -0.0409934 -6.93889e-18
    endloop
  endfacet
  facet normal 0.515548 0.856861 0
    outer loop
      vertex -0.0617731 -0.0408587 0.00254
      vertex -0.0615493 -0.0409934 0.00254
      vertex -0.0615493 -0.0409934 -6.93889e-18
    endloop
  endfacet
  facet normal 0.419901 0.90757 0
    outer loop
      vertex -0.0615493 -0.0409934 -6.93889e-18
      vertex -0.0615493 -0.0409934 0.00254
      vertex -0.0613121 -0.0411031 -6.93889e-18
    endloop
  endfacet
  facet normal 0.419901 0.90757 0
    outer loop
      vertex -0.0615493 -0.0409934 0.00254
      vertex -0.0613121 -0.0411031 0.00254
      vertex -0.0613121 -0.0411031 -6.93889e-18
    endloop
  endfacet
  facet normal 0.319297 0.947655 0
    outer loop
      vertex -0.0613121 -0.0411031 -6.93889e-18
      vertex -0.0613121 -0.0411031 0.00254
      vertex -0.0610645 -0.0411865 -6.93889e-18
    endloop
  endfacet
  facet normal 0.319297 0.947655 0
    outer loop
      vertex -0.0613121 -0.0411031 0.00254
      vertex -0.0610645 -0.0411865 0.00254
      vertex -0.0610645 -0.0411865 -6.93889e-18
    endloop
  endfacet
  facet normal 0.214972 0.97662 0
    outer loop
      vertex -0.0610645 -0.0411865 -6.93889e-18
      vertex -0.0610645 -0.0411865 0.00254
      vertex -0.0608094 -0.0412427 -6.93889e-18
    endloop
  endfacet
  facet normal 0.214972 0.97662 0
    outer loop
      vertex -0.0610645 -0.0411865 0.00254
      vertex -0.0608094 -0.0412427 0.00254
      vertex -0.0608094 -0.0412427 -6.93889e-18
    endloop
  endfacet
  facet normal 0.10812 0.994138 0
    outer loop
      vertex -0.0608094 -0.0412427 -6.93889e-18
      vertex -0.0608094 -0.0412427 0.00254
      vertex -0.0605496 -0.041271 -6.93889e-18
    endloop
  endfacet
  facet normal 0.10812 0.994138 0
    outer loop
      vertex -0.0608094 -0.0412427 0.00254
      vertex -0.0605496 -0.041271 0.00254
      vertex -0.0605496 -0.041271 -6.93889e-18
    endloop
  endfacet
  facet normal 0 1 0
    outer loop
      vertex -0.0605496 -0.041271 -6.93889e-18
      vertex -0.0605496 -0.041271 0.00254
      vertex -0.0602884 -0.041271 -6.93889e-18
    endloop
  endfacet
  facet normal 0 1 0
    outer loop
      vertex -0.0605496 -0.041271 0.00254
      vertex -0.0602884 -0.041271 0.00254
      vertex -0.0602884 -0.041271 -6.93889e-18
    endloop
  endfacet
  facet normal -0.10812 0.994138 0
    outer loop
      vertex -0.0602884 -0.041271 -6.93889e-18
      vertex -0.0602884 -0.041271 0.00254
      vertex -0.0600286 -0.0412427 -6.93889e-18
    endloop
  endfacet
  facet normal -0.10812 0.994138 0
    outer loop
      vertex -0.0602884 -0.041271 0.00254
      vertex -0.0600286 -0.0412427 0.00254
      vertex -0.0600286 -0.0412427 -6.93889e-18
    endloop
  endfacet
  facet normal -0.214972 0.97662 0
    outer loop
      vertex -0.0600286 -0.0412427 -6.93889e-18
      vertex -0.0600286 -0.0412427 0.00254
      vertex -0.0597735 -0.0411865 -6.93889e-18
    endloop
  endfacet
  facet normal -0.214972 0.97662 0
    outer loop
      vertex -0.0600286 -0.0412427 0.00254
      vertex -0.0597735 -0.0411865 0.00254
      vertex -0.0597735 -0.0411865 -6.93889e-18
    endloop
  endfacet
  facet normal -0.319297 0.947655 0
    outer loop
      vertex -0.0597735 -0.0411865 -6.93889e-18
      vertex -0.0597735 -0.0411865 0.00254
      vertex -0.0595259 -0.0411031 -6.93889e-18
    endloop
  endfacet
  facet normal -0.319297 0.947655 0
    outer loop
      vertex -0.0597735 -0.0411865 0.00254
      vertex -0.0595259 -0.0411031 0.00254
      vertex -0.0595259 -0.0411031 -6.93889e-18
    endloop
  endfacet
  facet normal -0.419901 0.90757 0
    outer loop
      vertex -0.0595259 -0.0411031 -6.93889e-18
      vertex -0.0595259 -0.0411031 0.00254
      vertex -0.0592887 -0.0409934 -6.93889e-18
    endloop
  endfacet
  facet normal -0.419901 0.90757 0
    outer loop
      vertex -0.0595259 -0.0411031 0.00254
      vertex -0.0592887 -0.0409934 0.00254
      vertex -0.0592887 -0.0409934 -6.93889e-18
    endloop
  endfacet
  facet normal -0.515548 0.856861 0
    outer loop
      vertex -0.0592887 -0.0409934 -6.93889e-18
      vertex -0.0592887 -0.0409934 0.00254
      vertex -0.0590649 -0.0408587 -6.93889e-18
    endloop
  endfacet
  facet normal -0.515548 0.856861 0
    outer loop
      vertex -0.0592887 -0.0409934 0.00254
      vertex -0.0590649 -0.0408587 0.00254
      vertex -0.0590649 -0.0408587 -6.93889e-18
    endloop
  endfacet
  facet normal -0.605168 0.796098 0
    outer loop
      vertex -0.0590649 -0.0408587 -6.93889e-18
      vertex -0.0590649 -0.0408587 0.00254
      vertex -0.0588569 -0.0407006 -6.93889e-18
    endloop
  endfacet
  facet normal -0.605168 0.796098 0
    outer loop
      vertex -0.0590649 -0.0408587 0.00254
      vertex -0.0588569 -0.0407006 0.00254
      vertex -0.0588569 -0.0407006 -6.93889e-18
    endloop
  endfacet
  facet normal -0.687699 0.725996 0
    outer loop
      vertex -0.0588569 -0.0407006 -6.93889e-18
      vertex -0.0588569 -0.0407006 0.00254
      vertex -0.0586672 -0.0405209 -6.93889e-18
    endloop
  endfacet
  facet normal -0.687699 0.725996 0
    outer loop
      vertex -0.0588569 -0.0407006 0.00254
      vertex -0.0586672 -0.0405209 0.00254
      vertex -0.0586672 -0.0405209 -6.93889e-18
    endloop
  endfacet
  facet normal -0.76217 0.647377 0
    outer loop
      vertex -0.0586672 -0.0405209 -6.93889e-18
      vertex -0.0586672 -0.0405209 0.00254
      vertex -0.058498 -0.0403218 -6.93889e-18
    endloop
  endfacet
  facet normal -0.76217 0.647377 0
    outer loop
      vertex -0.0586672 -0.0405209 0.00254
      vertex -0.058498 -0.0403218 0.00254
      vertex -0.058498 -0.0403218 -6.93889e-18
    endloop
  endfacet
  facet normal -0.827688 0.561188 0
    outer loop
      vertex -0.058498 -0.0403218 -6.93889e-18
      vertex -0.058498 -0.0403218 0.00254
      vertex -0.0583514 -0.0401055 -6.93889e-18
    endloop
  endfacet
  facet normal -0.827688 0.561188 0
    outer loop
      vertex -0.058498 -0.0403218 0.00254
      vertex -0.0583514 -0.0401055 0.00254
      vertex -0.0583514 -0.0401055 -6.93889e-18
    endloop
  endfacet
  facet normal -0.883511 0.468411 0
    outer loop
      vertex -0.0583514 -0.0401055 -6.93889e-18
      vertex -0.0583514 -0.0401055 0.00254
      vertex -0.058229 -0.0398747 -6.93889e-18
    endloop
  endfacet
  facet normal -0.883511 0.468411 0
    outer loop
      vertex -0.0583514 -0.0401055 0.00254
      vertex -0.058229 -0.0398747 0.00254
      vertex -0.058229 -0.0398747 -6.93889e-18
    endloop
  endfacet
  facet normal -0.928975 0.370142 0
    outer loop
      vertex -0.058229 -0.0398747 -6.93889e-18
      vertex -0.058229 -0.0398747 0.00254
      vertex -0.0581323 -0.039632 -6.93889e-18
    endloop
  endfacet
  facet normal -0.928975 0.370142 0
    outer loop
      vertex -0.058229 -0.0398747 0.00254
      vertex -0.0581323 -0.039632 0.00254
      vertex -0.0581323 -0.039632 -6.93889e-18
    endloop
  endfacet
  facet normal -0.963551 0.267525 0
    outer loop
      vertex -0.0581323 -0.039632 -6.93889e-18
      vertex -0.0581323 -0.039632 0.00254
      vertex -0.0580624 -0.0393802 -6.93889e-18
    endloop
  endfacet
  facet normal -0.963551 0.267525 0
    outer loop
      vertex -0.0581323 -0.039632 0.00254
      vertex -0.0580624 -0.0393802 0.00254
      vertex -0.0580624 -0.0393802 -6.93889e-18
    endloop
  endfacet
  facet normal -0.986826 0.161786 0
    outer loop
      vertex -0.0580624 -0.0393802 -6.93889e-18
      vertex -0.0580624 -0.0393802 0.00254
      vertex -0.0580201 -0.0391224 -6.93889e-18
    endloop
  endfacet
  facet normal -0.986826 0.161786 0
    outer loop
      vertex -0.0580624 -0.0393802 0.00254
      vertex -0.0580201 -0.0391224 0.00254
      vertex -0.0580201 -0.0391224 -6.93889e-18
    endloop
  endfacet
  facet normal -0.998533 0.0541386 0
    outer loop
      vertex -0.0580201 -0.0391224 -6.93889e-18
      vertex -0.0580201 -0.0391224 0.00254
      vertex -0.058006 -0.0388615 -6.93889e-18
    endloop
  endfacet
  facet normal -0.998533 0.0541386 0
    outer loop
      vertex -0.0580201 -0.0391224 0.00254
      vertex -0.058006 -0.0388615 0.00254
      vertex -0.058006 -0.0388615 -6.93889e-18
    endloop
  endfacet
  facet normal 0 0.522499 -0.85264
    outer loop
      vertex 0.066487 0.0470945 0.000187965
      vertex 0.0665189 0.0470425 0.000156094
      vertex -0.0655099 0.0470425 0.000156094
    endloop
  endfacet
  facet normal 0 0.0261774 -0.999657
    outer loop
      vertex 0.066675 0.0464599 0
      vertex -0.0655099 0.0464599 0
      vertex 0.0666734 0.0465209 1.59673e-6
    endloop
  endfacet
  facet normal -1.2079e-5 0.0523354 -0.99863
    outer loop
      vertex -0.0655099 0.0464599 0
      vertex -0.0655099 0.0465817 6.38253e-6
      vertex 0.0666734 0.0465209 1.59673e-6
    endloop
  endfacet
  facet normal -2.41457e-5 0.182228 -0.983256
    outer loop
      vertex 0.0666495 0.0467021 2.54602e-5
      vertex 0.0666607 0.0466422 1.43443e-5
      vertex -0.0655099 0.0465817 6.38253e-6
    endloop
  endfacet
  facet normal 0 0.130532 -0.991444
    outer loop
      vertex 0.0666607 0.0466422 1.43443e-5
      vertex 0.0666686 0.0465817 6.38253e-6
      vertex -0.0655099 0.0465817 6.38253e-6
    endloop
  endfacet
  facet normal 0 0.0784562 -0.996918
    outer loop
      vertex -0.0655099 0.0465817 6.38253e-6
      vertex 0.0666686 0.0465817 6.38253e-6
      vertex 0.0666734 0.0465209 1.59673e-6
    endloop
  endfacet
  facet normal 0 0.406735 -0.913546
    outer loop
      vertex -0.0655099 0.0470425 0.000156094
      vertex 0.0665189 0.0470425 0.000156094
      vertex -0.0655099 0.0468199 5.7024e-5
    endloop
  endfacet
  facet normal -0.000144603 0.477089 -0.878855
    outer loop
      vertex 0.0665189 0.0470425 0.000156094
      vertex 0.066548 0.0469888 0.000126988
      vertex -0.0655099 0.0468199 5.7024e-5
    endloop
  endfacet
  facet normal -7.24057e-5 0.430478 -0.902601
    outer loop
      vertex -0.0655099 0.0468199 5.7024e-5
      vertex 0.066548 0.0469888 0.000126988
      vertex 0.0665743 0.0469338 0.000100728
    endloop
  endfacet
  facet normal -2.41692e-5 0.382685 -0.923879
    outer loop
      vertex 0.0665743 0.0469338 0.000100728
      vertex 0.0665976 0.0468774 7.73853e-5
      vertex -0.0655099 0.0468199 5.7024e-5
    endloop
  endfacet
  facet normal 0 0.333801 -0.942644
    outer loop
      vertex 0.0665976 0.0468774 7.73853e-5
      vertex 0.066618 0.0468199 5.7024e-5
      vertex -0.0655099 0.0468199 5.7024e-5
    endloop
  endfacet
  facet normal 0 0.207913 -0.978147
    outer loop
      vertex -0.0655099 0.0468199 5.7024e-5
      vertex 0.066618 0.0468199 5.7024e-5
      vertex -0.0655099 0.0465817 6.38253e-6
    endloop
  endfacet
  facet normal -0.000144575 0.283986 -0.958828
    outer loop
      vertex 0.066618 0.0468199 5.7024e-5
      vertex 0.0666353 0.0467615 3.96998e-5
      vertex -0.0655099 0.0465817 6.38253e-6
    endloop
  endfacet
  facet normal -7.23741e-5 0.233421 -0.972376
    outer loop
      vertex -0.0655099 0.0465817 6.38253e-6
      vertex 0.0666353 0.0467615 3.96998e-5
      vertex 0.0666495 0.0467021 2.54602e-5
    endloop
  endfacet
  facet normal 0 0.587787 -0.809016
    outer loop
      vertex -0.0655099 0.0472395 0.000299261
      vertex 0.0663757 0.0472395 0.000299261
      vertex -0.0655099 0.0470425 0.000156094
    endloop
  endfacet
  facet normal -9.65423e-5 0.629274 -0.777184
    outer loop
      vertex 0.0663757 0.0472395 0.000299261
      vertex 0.0664525 0.0471447 0.000222514
      vertex -0.0655099 0.0470425 0.000156094
    endloop
  endfacet
  facet normal -2.41806e-5 0.566399 -0.824131
    outer loop
      vertex -0.0655099 0.0470425 0.000156094
      vertex 0.0664525 0.0471447 0.000222514
      vertex 0.066487 0.0470945 0.000187965
    endloop
  endfacet
  facet normal 0 0.866023 -0.500004
    outer loop
      vertex -0.0655099 0.0474025 0.000480271
      vertex -0.0655099 0.0475243 0.00069121
      vertex 0.0659838 0.0475243 0.00069121
    endloop
  endfacet
  facet normal -9.67968e-5 0.890968 -0.454066
    outer loop
      vertex 0.0659838 0.0475243 0.00069121
      vertex 0.0660925 0.0474689 0.000582549
      vertex -0.0655099 0.0474025 0.000480271
    endloop
  endfacet
  facet normal 0 0.838665 -0.544648
    outer loop
      vertex 0.0660925 0.0474689 0.000582549
      vertex 0.0661947 0.0474025 0.000480271
      vertex -0.0655099 0.0474025 0.000480271
    endloop
  endfacet
  facet normal 0 0.743145 -0.669131
    outer loop
      vertex -0.0655099 0.0474025 0.000480271
      vertex 0.0661947 0.0474025 0.000480271
      vertex -0.0655099 0.0472395 0.000299261
    endloop
  endfacet
  facet normal -9.66401e-5 0.777095 -0.629383
    outer loop
      vertex 0.0661947 0.0474025 0.000480271
      vertex 0.0662895 0.0473257 0.000385495
      vertex -0.0655099 0.0472395 0.000299261
    endloop
  endfacet
  facet normal 0 0.70711 -0.707103
    outer loop
      vertex -0.0655099 0.0472395 0.000299261
      vertex 0.0662895 0.0473257 0.000385495
      vertex 0.0663757 0.0472395 0.000299261
    endloop
  endfacet
  facet normal 0 0.994521 -0.104537
    outer loop
      vertex -0.0655099 0.0475995 0.000922861
      vertex -0.0655099 0.047625 0.0011651
      vertex 0.0655099 0.047625 0.0011651
    endloop
  endfacet
  facet normal -9.70917e-5 0.998623 -0.0524542
    outer loop
      vertex 0.0655099 0.047625 0.0011651
      vertex 0.0656317 0.0476186 0.00104331
      vertex -0.0655099 0.0475995 0.000922861
    endloop
  endfacet
  facet normal 0 0.987689 -0.156431
    outer loop
      vertex 0.0656317 0.0476186 0.00104331
      vertex 0.0657521 0.0475995 0.000922861
      vertex -0.0655099 0.0475995 0.000922861
    endloop
  endfacet
  facet normal 0 0.951059 -0.309009
    outer loop
      vertex -0.0655099 0.0475995 0.000922861
      vertex 0.0657521 0.0475995 0.000922861
      vertex -0.0655099 0.0475243 0.00069121
    endloop
  endfacet
  facet normal -9.69177e-5 0.9659 -0.258914
    outer loop
      vertex 0.0657521 0.0475995 0.000922861
      vertex 0.0658699 0.047568 0.000805063
      vertex -0.0655099 0.0475243 0.00069121
    endloop
  endfacet
  facet normal 0 0.933588 -0.358349
    outer loop
      vertex -0.0655099 0.0475243 0.00069121
      vertex 0.0658699 0.047568 0.000805063
      vertex 0.0659838 0.0475243 0.00069121
    endloop
  endfacet
  facet normal 0.0523568 0.998628 0
    outer loop
      vertex 0.0655099 0.047625 0.0011651
      vertex 0.0655099 0.047625 0.0013749
      vertex 0.0656317 0.0476186 0.00104331
    endloop
  endfacet
  facet normal 0.104517 0.994337 0.01924
    outer loop
      vertex 0.0655099 0.047625 0.0013749
      vertex 0.0657521 0.0475995 0.0013749
      vertex 0.0656317 0.0476186 0.00104331
    endloop
  endfacet
  facet normal 0.156428 0.987689 0
    outer loop
      vertex 0.0656317 0.0476186 0.00104331
      vertex 0.0657521 0.0475995 0.0013749
      vertex 0.0657521 0.0475995 0.000922861
    endloop
  endfacet
  facet normal 0.258832 0.965922 0
    outer loop
      vertex 0.0657521 0.0475995 0.000922861
      vertex 0.0657521 0.0475995 0.0013749
      vertex 0.0658699 0.047568 0.000805063
    endloop
  endfacet
  facet normal 0.308995 0.950998 0.0111962
    outer loop
      vertex 0.0657521 0.0475995 0.0013749
      vertex 0.0659838 0.0475243 0.0013749
      vertex 0.0658699 0.047568 0.000805063
    endloop
  endfacet
  facet normal 0.358351 0.933587 0
    outer loop
      vertex 0.0658699 0.047568 0.000805063
      vertex 0.0659838 0.0475243 0.0013749
      vertex 0.0659838 0.0475243 0.00069121
    endloop
  endfacet
  facet normal 0.45397 0.891017 0
    outer loop
      vertex 0.0659838 0.0475243 0.00069121
      vertex 0.0659838 0.0475243 0.0013749
      vertex 0.0660925 0.0474689 0.000582549
    endloop
  endfacet
  facet normal 0.499985 0.865996 0.00805906
    outer loop
      vertex 0.0659838 0.0475243 0.0013749
      vertex 0.0661947 0.0474025 0.0013749
      vertex 0.0660925 0.0474689 0.000582549
    endloop
  endfacet
  facet normal 0.544664 0.838654 0
    outer loop
      vertex 0.0660925 0.0474689 0.000582549
      vertex 0.0661947 0.0474025 0.0013749
      vertex 0.0661947 0.0474025 0.000480271
    endloop
  endfacet
  facet normal 0.629311 0.777154 0
    outer loop
      vertex 0.0661947 0.0474025 0.000480271
      vertex 0.0661947 0.0474025 0.0013749
      vertex 0.0662895 0.0473257 0.000385495
    endloop
  endfacet
  facet normal 0.669111 0.743134 0.00645156
    outer loop
      vertex 0.0661947 0.0474025 0.0013749
      vertex 0.0663757 0.0472395 0.0013749
      vertex 0.0662895 0.0473257 0.000385495
    endloop
  endfacet
  facet normal 0.707107 0.707107 0
    outer loop
      vertex 0.0662895 0.0473257 0.000385495
      vertex 0.0663757 0.0472395 0.0013749
      vertex 0.0663757 0.0472395 0.000299261
    endloop
  endfacet
  facet normal 0.777142 0.629326 0
    outer loop
      vertex 0.0663757 0.0472395 0.000299261
      vertex 0.0663757 0.0472395 0.0013749
      vertex 0.0664525 0.0471447 0.000222514
    endloop
  endfacet
  facet normal 0.809013 0.587764 0.00554073
    outer loop
      vertex 0.0663757 0.0472395 0.0013749
      vertex 0.0665189 0.0470425 0.0013749
      vertex 0.0664525 0.0471447 0.000222514
    endloop
  endfacet
  facet normal 0.824967 0.565175 0.00261646
    outer loop
      vertex 0.0664525 0.0471447 0.000222514
      vertex 0.0665189 0.0470425 0.0013749
      vertex 0.066487 0.0470945 0.000187965
    endloop
  endfacet
  facet normal 0.924227 0.381836 0.00242222
    outer loop
      vertex 0.0665976 0.0468774 7.73853e-5
      vertex 0.0665743 0.0469338 0.000100728
      vertex 0.066618 0.0468199 0.0013749
    endloop
  endfacet
  facet normal 0.903877 0.427731 0.00722101
    outer loop
      vertex 0.0665743 0.0469338 0.000100728
      vertex 0.066548 0.0469888 0.000126988
      vertex 0.066618 0.0468199 0.0013749
    endloop
  endfacet
  facet normal 0.913538 0.406734 0.00383745
    outer loop
      vertex 0.066618 0.0468199 0.0013749
      vertex 0.066548 0.0469888 0.000126988
      vertex 0.0665189 0.0470425 0.0013749
    endloop
  endfacet
  facet normal 0.878795 0.4772 0
    outer loop
      vertex 0.066548 0.0469888 0.000126988
      vertex 0.0665189 0.0470425 0.000156094
      vertex 0.0665189 0.0470425 0.0013749
    endloop
  endfacet
  facet normal 0.852676 0.52244 0
    outer loop
      vertex 0.0665189 0.0470425 0.0013749
      vertex 0.0665189 0.0470425 0.000156094
      vertex 0.066487 0.0470945 0.000187965
    endloop
  endfacet
  facet normal 0.991454 0.130459 0
    outer loop
      vertex 0.0666686 0.0465817 0.0013749
      vertex 0.0666686 0.0465817 6.38253e-6
      vertex 0.0666607 0.0466422 1.43443e-5
    endloop
  endfacet
  facet normal 0.983329 0.18182 0.00233034
    outer loop
      vertex 0.0666607 0.0466422 1.43443e-5
      vertex 0.0666495 0.0467021 2.54602e-5
      vertex 0.0666686 0.0465817 0.0013749
    endloop
  endfacet
  facet normal 0.972731 0.231832 0.0069442
    outer loop
      vertex 0.0666495 0.0467021 2.54602e-5
      vertex 0.0666353 0.0467615 3.96998e-5
      vertex 0.0666686 0.0465817 0.0013749
    endloop
  endfacet
  facet normal 0.978141 0.207913 0.00358882
    outer loop
      vertex 0.0666686 0.0465817 0.0013749
      vertex 0.0666353 0.0467615 3.96998e-5
      vertex 0.066618 0.0468199 0.0013749
    endloop
  endfacet
  facet normal 0.958791 0.284113 0
    outer loop
      vertex 0.0666353 0.0467615 3.96998e-5
      vertex 0.066618 0.0468199 5.7024e-5
      vertex 0.066618 0.0468199 0.0013749
    endloop
  endfacet
  facet normal 0.942676 0.333708 0
    outer loop
      vertex 0.066618 0.0468199 0.0013749
      vertex 0.066618 0.0468199 5.7024e-5
      vertex 0.0665976 0.0468774 7.73853e-5
    endloop
  endfacet
  facet normal 0.996911 0.0785364 0
    outer loop
      vertex 0.0666686 0.0465817 6.38253e-6
      vertex 0.0666686 0.0465817 0.0013749
      vertex 0.0666734 0.0465209 1.59673e-6
    endloop
  endfacet
  facet normal 0.998628 0.0523568 0.00116525
    outer loop
      vertex 0.0666686 0.0465817 0.0013749
      vertex 0.066675 0.0464599 0.0013749
      vertex 0.0666734 0.0465209 1.59673e-6
    endloop
  endfacet
  facet normal 0.999658 0.0261396 0
    outer loop
      vertex 0.0666734 0.0465209 1.59673e-6
      vertex 0.066675 0.0464599 0.0013749
      vertex 0.066675 0.0464599 0
    endloop
  endfacet
  facet normal 0.0523359 0 0.99863
    outer loop
      vertex 0.0655099 0.0464599 0.00254
      vertex 0.0655099 -0.0464599 0.00254
      vertex 0.0656317 -0.0464599 0.00253362
    endloop
  endfacet
  facet normal 0.998628 0 0.0523574
    outer loop
      vertex 0.066675 -0.0464599 0.0013749
      vertex 0.066675 0.0464599 0.0013749
      vertex 0.0666686 -0.0464599 0.00149669
    endloop
  endfacet
  facet normal 0.998628 0 0.0523574
    outer loop
      vertex 0.066675 0.0464599 0.0013749
      vertex 0.0666686 0.0464599 0.00149669
      vertex 0.0666686 -0.0464599 0.00149669
    endloop
  endfacet
  facet normal 0.987694 0 0.156401
    outer loop
      vertex 0.0666686 -0.0464599 0.00149669
      vertex 0.0666686 0.0464599 0.00149669
      vertex 0.0666495 -0.0464599 0.00161714
    endloop
  endfacet
  facet normal 0.987694 0 0.156401
    outer loop
      vertex 0.0666686 0.0464599 0.00149669
      vertex 0.0666495 0.0464599 0.00161714
      vertex 0.0666495 -0.0464599 0.00161714
    endloop
  endfacet
  facet normal 0.965917 0 0.258852
    outer loop
      vertex 0.0666495 -0.0464599 0.00161714
      vertex 0.0666495 0.0464599 0.00161714
      vertex 0.066618 -0.0464599 0.00173494
    endloop
  endfacet
  facet normal 0.965917 0 0.258852
    outer loop
      vertex 0.0666495 0.0464599 0.00161714
      vertex 0.066618 0.0464599 0.00173494
      vertex 0.066618 -0.0464599 0.00173494
    endloop
  endfacet
  facet normal 0.933598 0 0.358322
    outer loop
      vertex 0.066618 -0.0464599 0.00173494
      vertex 0.066618 0.0464599 0.00173494
      vertex 0.0665743 -0.0464599 0.00184879
    endloop
  endfacet
  facet normal 0.933598 0 0.358322
    outer loop
      vertex 0.066618 0.0464599 0.00173494
      vertex 0.0665743 0.0464599 0.00184879
      vertex 0.0665743 -0.0464599 0.00184879
    endloop
  endfacet
  facet normal 0.890983 0 0.454038
    outer loop
      vertex 0.0665743 -0.0464599 0.00184879
      vertex 0.0665743 0.0464599 0.00184879
      vertex 0.0665189 -0.0464599 0.00195745
    endloop
  endfacet
  facet normal 0.890983 0 0.454038
    outer loop
      vertex 0.0665743 0.0464599 0.00184879
      vertex 0.0665189 0.0464599 0.00195745
      vertex 0.0665189 -0.0464599 0.00195745
    endloop
  endfacet
  facet normal 0.838693 0 0.544605
    outer loop
      vertex 0.0665189 -0.0464599 0.00195745
      vertex 0.0665189 0.0464599 0.00195745
      vertex 0.0664525 -0.0464599 0.00205973
    endloop
  endfacet
  facet normal 0.838693 0 0.544605
    outer loop
      vertex 0.0665189 0.0464599 0.00195745
      vertex 0.0664525 0.0464599 0.00205973
      vertex 0.0664525 -0.0464599 0.00205973
    endloop
  endfacet
  facet normal 0.777142 0 0.629326
    outer loop
      vertex 0.0664525 -0.0464599 0.00205973
      vertex 0.0664525 0.0464599 0.00205973
      vertex 0.0663757 -0.0464599 0.0021545
    endloop
  endfacet
  facet normal 0.777142 0 0.629326
    outer loop
      vertex 0.0664525 0.0464599 0.00205973
      vertex 0.0663757 0.0464599 0.0021545
      vertex 0.0663757 -0.0464599 0.0021545
    endloop
  endfacet
  facet normal 0.707111 0 0.707103
    outer loop
      vertex 0.0663757 -0.0464599 0.0021545
      vertex 0.0663757 0.0464599 0.0021545
      vertex 0.0662895 -0.0464599 0.00224074
    endloop
  endfacet
  facet normal 0.707111 0 0.707103
    outer loop
      vertex 0.0663757 0.0464599 0.0021545
      vertex 0.0662895 0.0464599 0.00224074
      vertex 0.0662895 -0.0464599 0.00224074
    endloop
  endfacet
  facet normal 0.629306 0 0.777158
    outer loop
      vertex 0.0662895 -0.0464599 0.00224074
      vertex 0.0662895 0.0464599 0.00224074
      vertex 0.0661947 -0.0464599 0.00231749
    endloop
  endfacet
  facet normal 0.629306 0 0.777158
    outer loop
      vertex 0.0662895 0.0464599 0.00224074
      vertex 0.0661947 0.0464599 0.00231749
      vertex 0.0661947 -0.0464599 0.00231749
    endloop
  endfacet
  facet normal 0.544655 0 0.83866
    outer loop
      vertex 0.0661947 -0.0464599 0.00231749
      vertex 0.0661947 0.0464599 0.00231749
      vertex 0.0660925 -0.0464599 0.00238391
    endloop
  endfacet
  facet normal 0.544655 0 0.83866
    outer loop
      vertex 0.0661947 0.0464599 0.00231749
      vertex 0.0660925 0.0464599 0.00238391
      vertex 0.0660925 -0.0464599 0.00238391
    endloop
  endfacet
  facet normal 0.453971 0 0.891016
    outer loop
      vertex 0.0660925 -0.0464599 0.00238391
      vertex 0.0660925 0.0464599 0.00238391
      vertex 0.0659838 -0.0464599 0.00243927
    endloop
  endfacet
  facet normal 0.453971 0 0.891016
    outer loop
      vertex 0.0660925 0.0464599 0.00238391
      vertex 0.0659838 0.0464599 0.00243927
      vertex 0.0659838 -0.0464599 0.00243927
    endloop
  endfacet
  facet normal 0.358371 0 0.933579
    outer loop
      vertex 0.0659838 -0.0464599 0.00243927
      vertex 0.0659838 0.0464599 0.00243927
      vertex 0.0658699 -0.0464599 0.00248298
    endloop
  endfacet
  facet normal 0.358371 0 0.933579
    outer loop
      vertex 0.0659838 0.0464599 0.00243927
      vertex 0.0658699 0.0464599 0.00248298
      vertex 0.0658699 -0.0464599 0.00248298
    endloop
  endfacet
  facet normal 0.258826 0 0.965924
    outer loop
      vertex 0.0658699 -0.0464599 0.00248298
      vertex 0.0658699 0.0464599 0.00248298
      vertex 0.0657521 -0.0464599 0.00251454
    endloop
  endfacet
  facet normal 0.258826 0 0.965924
    outer loop
      vertex 0.0658699 0.0464599 0.00248298
      vertex 0.0657521 0.0464599 0.00251454
      vertex 0.0657521 -0.0464599 0.00251454
    endloop
  endfacet
  facet normal 0.156432 0 0.987689
    outer loop
      vertex 0.0657521 -0.0464599 0.00251454
      vertex 0.0657521 0.0464599 0.00251454
      vertex 0.0656317 -0.0464599 0.00253362
    endloop
  endfacet
  facet normal 0.156432 0 0.987689
    outer loop
      vertex 0.0657521 0.0464599 0.00251454
      vertex 0.0656317 0.0464599 0.00253362
      vertex 0.0656317 -0.0464599 0.00253362
    endloop
  endfacet
  facet normal 0.0523359 0 0.99863
    outer loop
      vertex 0.0656317 -0.0464599 0.00253362
      vertex 0.0656317 0.0464599 0.00253362
      vertex 0.0655099 0.0464599 0.00254
    endloop
  endfacet
  facet normal 0.852676 -0.52244 0
    outer loop
      vertex 0.066487 -0.0470945 0.000187965
      vertex 0.0665189 -0.0470425 0.000156094
      vertex 0.0665189 -0.0470425 0.0013749
    endloop
  endfacet
  facet normal 0.999658 -0.0261396 0
    outer loop
      vertex 0.066675 -0.0464599 0
      vertex 0.066675 -0.0464599 0.0013749
      vertex 0.0666734 -0.0465209 1.59673e-6
    endloop
  endfacet
  facet normal 0.998628 -0.0523568 0.00116525
    outer loop
      vertex 0.066675 -0.0464599 0.0013749
      vertex 0.0666686 -0.0465817 0.0013749
      vertex 0.0666734 -0.0465209 1.59673e-6
    endloop
  endfacet
  facet normal 0.983329 -0.18182 0.00233034
    outer loop
      vertex 0.0666495 -0.0467021 2.54602e-5
      vertex 0.0666607 -0.0466422 1.43443e-5
      vertex 0.0666686 -0.0465817 0.0013749
    endloop
  endfacet
  facet normal 0.991454 -0.130459 0
    outer loop
      vertex 0.0666607 -0.0466422 1.43443e-5
      vertex 0.0666686 -0.0465817 6.38253e-6
      vertex 0.0666686 -0.0465817 0.0013749
    endloop
  endfacet
  facet normal 0.996911 -0.0785364 0
    outer loop
      vertex 0.0666686 -0.0465817 0.0013749
      vertex 0.0666686 -0.0465817 6.38253e-6
      vertex 0.0666734 -0.0465209 1.59673e-6
    endloop
  endfacet
  facet normal 0.913545 -0.406737 0
    outer loop
      vertex 0.0665189 -0.0470425 0.0013749
      vertex 0.0665189 -0.0470425 0.000156094
      vertex 0.066618 -0.0468199 0.0013749
    endloop
  endfacet
  facet normal 0.881946 -0.471133 0.0143251
    outer loop
      vertex 0.0665189 -0.0470425 0.000156094
      vertex 0.066548 -0.0469888 0.000126988
      vertex 0.066618 -0.0468199 0.0013749
    endloop
  endfacet
  facet normal 0.903877 -0.427731 0.00722101
    outer loop
      vertex 0.066618 -0.0468199 0.0013749
      vertex 0.066548 -0.0469888 0.000126988
      vertex 0.0665743 -0.0469338 0.000100728
    endloop
  endfacet
  facet normal 0.924227 -0.381836 0.00242222
    outer loop
      vertex 0.0665743 -0.0469338 0.000100728
      vertex 0.0665976 -0.0468774 7.73853e-5
      vertex 0.066618 -0.0468199 0.0013749
    endloop
  endfacet
  facet normal 0.942676 -0.333708 0
    outer loop
      vertex 0.0665976 -0.0468774 7.73853e-5
      vertex 0.066618 -0.0468199 5.7024e-5
      vertex 0.066618 -0.0468199 0.0013749
    endloop
  endfacet
  facet normal 0.978147 -0.207914 0
    outer loop
      vertex 0.066618 -0.0468199 0.0013749
      vertex 0.066618 -0.0468199 5.7024e-5
      vertex 0.0666686 -0.0465817 0.0013749
    endloop
  endfacet
  facet normal 0.959805 -0.280327 0.0137958
    outer loop
      vertex 0.066618 -0.0468199 5.7024e-5
      vertex 0.0666353 -0.0467615 3.96998e-5
      vertex 0.0666686 -0.0465817 0.0013749
    endloop
  endfacet
  facet normal 0.972731 -0.231832 0.0069442
    outer loop
      vertex 0.0666686 -0.0465817 0.0013749
      vertex 0.0666353 -0.0467615 3.96998e-5
      vertex 0.0666495 -0.0467021 2.54602e-5
    endloop
  endfacet
  facet normal 0.809026 -0.587773 0
    outer loop
      vertex 0.0663757 -0.0472395 0.0013749
      vertex 0.0663757 -0.0472395 0.000299261
      vertex 0.0665189 -0.0470425 0.0013749
    endloop
  endfacet
  facet normal 0.781193 -0.624203 0.0103781
    outer loop
      vertex 0.0663757 -0.0472395 0.000299261
      vertex 0.0664525 -0.0471447 0.000222514
      vertex 0.0665189 -0.0470425 0.0013749
    endloop
  endfacet
  facet normal 0.824967 -0.565175 0.00261646
    outer loop
      vertex 0.0665189 -0.0470425 0.0013749
      vertex 0.0664525 -0.0471447 0.000222514
      vertex 0.066487 -0.0470945 0.000187965
    endloop
  endfacet
  facet normal 0.500001 -0.866025 0
    outer loop
      vertex 0.0661947 -0.0474025 0.0013749
      vertex 0.0659838 -0.0475243 0.0013749
      vertex 0.0659838 -0.0475243 0.00069121
    endloop
  endfacet
  facet normal 0.465131 -0.885129 0.0141618
    outer loop
      vertex 0.0659838 -0.0475243 0.00069121
      vertex 0.0660925 -0.0474689 0.000582549
      vertex 0.0661947 -0.0474025 0.0013749
    endloop
  endfacet
  facet normal 0.544664 -0.838654 0
    outer loop
      vertex 0.0660925 -0.0474689 0.000582549
      vertex 0.0661947 -0.0474025 0.000480271
      vertex 0.0661947 -0.0474025 0.0013749
    endloop
  endfacet
  facet normal 0.669125 -0.74315 0
    outer loop
      vertex 0.0661947 -0.0474025 0.0013749
      vertex 0.0661947 -0.0474025 0.000480271
      vertex 0.0663757 -0.0472395 0.0013749
    endloop
  endfacet
  facet normal 0.636345 -0.771315 0.0117634
    outer loop
      vertex 0.0661947 -0.0474025 0.000480271
      vertex 0.0662895 -0.0473257 0.000385495
      vertex 0.0663757 -0.0472395 0.0013749
    endloop
  endfacet
  facet normal 0.707107 -0.707107 0
    outer loop
      vertex 0.0663757 -0.0472395 0.0013749
      vertex 0.0662895 -0.0473257 0.000385495
      vertex 0.0663757 -0.0472395 0.000299261
    endloop
  endfacet
  facet normal 0.104536 -0.994521 0
    outer loop
      vertex 0.0657521 -0.0475995 0.0013749
      vertex 0.0655099 -0.047625 0.0013749
      vertex 0.0655099 -0.047625 0.0011651
    endloop
  endfacet
  facet normal 0.0803674 -0.996368 0.0281293
    outer loop
      vertex 0.0655099 -0.047625 0.0011651
      vertex 0.0656317 -0.0476186 0.00104331
      vertex 0.0657521 -0.0475995 0.0013749
    endloop
  endfacet
  facet normal 0.156428 -0.987689 0
    outer loop
      vertex 0.0656317 -0.0476186 0.00104331
      vertex 0.0657521 -0.0475995 0.000922861
      vertex 0.0657521 -0.0475995 0.0013749
    endloop
  endfacet
  facet normal 0.309015 -0.951057 0
    outer loop
      vertex 0.0657521 -0.0475995 0.0013749
      vertex 0.0657521 -0.0475995 0.000922861
      vertex 0.0659838 -0.0475243 0.0013749
    endloop
  endfacet
  facet normal 0.276048 -0.960965 0.0185436
    outer loop
      vertex 0.0657521 -0.0475995 0.000922861
      vertex 0.0658699 -0.047568 0.000805063
      vertex 0.0659838 -0.0475243 0.0013749
    endloop
  endfacet
  facet normal 0.358351 -0.933587 0
    outer loop
      vertex 0.0659838 -0.0475243 0.0013749
      vertex 0.0658699 -0.047568 0.000805063
      vertex 0.0659838 -0.0475243 0.00069121
    endloop
  endfacet
  facet normal 0 -0.998628 -0.0523574
    outer loop
      vertex 0.0655099 -0.047625 0.0011651
      vertex -0.0655099 -0.047625 0.0011651
      vertex 0.0656317 -0.0476186 0.00104331
    endloop
  endfacet
  facet normal -4.86574e-5 -0.994521 -0.104537
    outer loop
      vertex -0.0655099 -0.047625 0.0011651
      vertex -0.0655099 -0.0475995 0.000922861
      vertex 0.0656317 -0.0476186 0.00104331
    endloop
  endfacet
  facet normal 0 -0.987689 -0.156431
    outer loop
      vertex 0.0656317 -0.0476186 0.00104331
      vertex -0.0655099 -0.0475995 0.000922861
      vertex 0.0657521 -0.0475995 0.000922861
    endloop
  endfacet
  facet normal 0 -0.965925 -0.258824
    outer loop
      vertex 0.0657521 -0.0475995 0.000922861
      vertex -0.0655099 -0.0475995 0.000922861
      vertex 0.0658699 -0.047568 0.000805063
    endloop
  endfacet
  facet normal -4.85688e-5 -0.951059 -0.309009
    outer loop
      vertex -0.0655099 -0.0475995 0.000922861
      vertex -0.0655099 -0.0475243 0.00069121
      vertex 0.0658699 -0.047568 0.000805063
    endloop
  endfacet
  facet normal 0 -0.933588 -0.358349
    outer loop
      vertex 0.0658699 -0.047568 0.000805063
      vertex -0.0655099 -0.0475243 0.00069121
      vertex 0.0659838 -0.0475243 0.00069121
    endloop
  endfacet
  facet normal 0 -0.891007 -0.453989
    outer loop
      vertex 0.0659838 -0.0475243 0.00069121
      vertex -0.0655099 -0.0475243 0.00069121
      vertex 0.0660925 -0.0474689 0.000582549
    endloop
  endfacet
  facet normal -4.85044e-5 -0.866023 -0.500004
    outer loop
      vertex -0.0655099 -0.0475243 0.00069121
      vertex -0.0655099 -0.0474025 0.000480271
      vertex 0.0660925 -0.0474689 0.000582549
    endloop
  endfacet
  facet normal 0 -0.838665 -0.544648
    outer loop
      vertex 0.0660925 -0.0474689 0.000582549
      vertex -0.0655099 -0.0474025 0.000480271
      vertex 0.0661947 -0.0474025 0.000480271
    endloop
  endfacet
  facet normal 0 -0.777142 -0.629325
    outer loop
      vertex 0.0661947 -0.0474025 0.000480271
      vertex -0.0655099 -0.0474025 0.000480271
      vertex 0.0662895 -0.0473257 0.000385495
    endloop
  endfacet
  facet normal -4.84212e-5 -0.743145 -0.669131
    outer loop
      vertex -0.0655099 -0.0474025 0.000480271
      vertex -0.0655099 -0.0472395 0.000299261
      vertex 0.0662895 -0.0473257 0.000385495
    endloop
  endfacet
  facet normal 0 -0.70711 -0.707103
    outer loop
      vertex 0.0662895 -0.0473257 0.000385495
      vertex -0.0655099 -0.0472395 0.000299261
      vertex 0.0663757 -0.0472395 0.000299261
    endloop
  endfacet
  facet normal 0 -0.629321 -0.777145
    outer loop
      vertex 0.0663757 -0.0472395 0.000299261
      vertex -0.0655099 -0.0472395 0.000299261
      vertex 0.0664525 -0.0471447 0.000222514
    endloop
  endfacet
  facet normal -4.83654e-5 -0.587787 -0.809016
    outer loop
      vertex -0.0655099 -0.0472395 0.000299261
      vertex -0.0655099 -0.0470425 0.000156094
      vertex 0.0664525 -0.0471447 0.000222514
    endloop
  endfacet
  facet normal -2.41806e-5 -0.566399 -0.824131
    outer loop
      vertex 0.0664525 -0.0471447 0.000222514
      vertex -0.0655099 -0.0470425 0.000156094
      vertex 0.066487 -0.0470945 0.000187965
    endloop
  endfacet
  facet normal -2.41692e-5 -0.382685 -0.923879
    outer loop
      vertex 0.0665976 -0.0468774 7.73853e-5
      vertex 0.0665743 -0.0469338 0.000100728
      vertex -0.0655099 -0.0468199 5.7024e-5
    endloop
  endfacet
  facet normal -7.24057e-5 -0.430478 -0.902601
    outer loop
      vertex 0.0665743 -0.0469338 0.000100728
      vertex 0.066548 -0.0469888 0.000126988
      vertex -0.0655099 -0.0468199 5.7024e-5
    endloop
  endfacet
  facet normal -3.62371e-5 -0.406735 -0.913546
    outer loop
      vertex -0.0655099 -0.0468199 5.7024e-5
      vertex 0.066548 -0.0469888 0.000126988
      vertex -0.0655099 -0.0470425 0.000156094
    endloop
  endfacet
  facet normal 0 -0.47715 -0.878822
    outer loop
      vertex 0.066548 -0.0469888 0.000126988
      vertex 0.0665189 -0.0470425 0.000156094
      vertex -0.0655099 -0.0470425 0.000156094
    endloop
  endfacet
  facet normal 0 -0.522499 -0.85264
    outer loop
      vertex -0.0655099 -0.0470425 0.000156094
      vertex 0.0665189 -0.0470425 0.000156094
      vertex 0.066487 -0.0470945 0.000187965
    endloop
  endfacet
  facet normal 0 -0.130532 -0.991444
    outer loop
      vertex -0.0655099 -0.0465817 6.38253e-6
      vertex 0.0666686 -0.0465817 6.38253e-6
      vertex 0.0666607 -0.0466422 1.43443e-5
    endloop
  endfacet
  facet normal -2.41457e-5 -0.182228 -0.983256
    outer loop
      vertex 0.0666607 -0.0466422 1.43443e-5
      vertex 0.0666495 -0.0467021 2.54602e-5
      vertex -0.0655099 -0.0465817 6.38253e-6
    endloop
  endfacet
  facet normal -7.23741e-5 -0.233421 -0.972376
    outer loop
      vertex 0.0666495 -0.0467021 2.54602e-5
      vertex 0.0666353 -0.0467615 3.96998e-5
      vertex -0.0655099 -0.0465817 6.38253e-6
    endloop
  endfacet
  facet normal -3.62189e-5 -0.207913 -0.978147
    outer loop
      vertex -0.0655099 -0.0465817 6.38253e-6
      vertex 0.0666353 -0.0467615 3.96998e-5
      vertex -0.0655099 -0.0468199 5.7024e-5
    endloop
  endfacet
  facet normal 0 -0.284025 -0.958817
    outer loop
      vertex 0.0666353 -0.0467615 3.96998e-5
      vertex 0.066618 -0.0468199 5.7024e-5
      vertex -0.0655099 -0.0468199 5.7024e-5
    endloop
  endfacet
  facet normal 0 -0.333801 -0.942644
    outer loop
      vertex -0.0655099 -0.0468199 5.7024e-5
      vertex 0.066618 -0.0468199 5.7024e-5
      vertex 0.0665976 -0.0468774 7.73853e-5
    endloop
  endfacet
  facet normal 0 -0.0784562 -0.996918
    outer loop
      vertex 0.0666686 -0.0465817 6.38253e-6
      vertex -0.0655099 -0.0465817 6.38253e-6
      vertex 0.0666734 -0.0465209 1.59673e-6
    endloop
  endfacet
  facet normal -1.2079e-5 -0.0523354 -0.99863
    outer loop
      vertex -0.0655099 -0.0465817 6.38253e-6
      vertex -0.0655099 -0.0464599 0
      vertex 0.0666734 -0.0465209 1.59673e-6
    endloop
  endfacet
  facet normal 0 -0.0261774 -0.999657
    outer loop
      vertex 0.0666734 -0.0465209 1.59673e-6
      vertex -0.0655099 -0.0464599 0
      vertex 0.066675 -0.0464599 0
    endloop
  endfacet
  facet normal -0.0523354 0 -0.99863
    outer loop
      vertex -0.0655099 0.0464599 0
      vertex -0.0655099 -0.0464599 0
      vertex -0.0656317 -0.0464599 6.38253e-6
    endloop
  endfacet
  facet normal -0.0523354 0 -0.99863
    outer loop
      vertex -0.0655099 0.0464599 0
      vertex -0.0656317 -0.0464599 6.38253e-6
      vertex -0.0656317 0.0464599 6.38253e-6
    endloop
  endfacet
  facet normal -0.207913 0 -0.978147
    outer loop
      vertex -0.0656317 -0.0464599 6.38253e-6
      vertex -0.0658699 -0.0464599 5.7024e-5
      vertex -0.0656317 0.0464599 6.38253e-6
    endloop
  endfacet
  facet normal -0.207913 0 -0.978147
    outer loop
      vertex -0.0656317 0.0464599 6.38253e-6
      vertex -0.0658699 -0.0464599 5.7024e-5
      vertex -0.0658699 0.0464599 5.7024e-5
    endloop
  endfacet
  facet normal -0.406729 0 -0.913549
    outer loop
      vertex -0.0658699 -0.0464599 5.7024e-5
      vertex -0.0660925 -0.0464599 0.000156094
      vertex -0.0658699 0.0464599 5.7024e-5
    endloop
  endfacet
  facet normal -0.406729 0 -0.913549
    outer loop
      vertex -0.0658699 0.0464599 5.7024e-5
      vertex -0.0660925 -0.0464599 0.000156094
      vertex -0.0660925 0.0464599 0.000156094
    endloop
  endfacet
  facet normal -0.587787 0 -0.809016
    outer loop
      vertex -0.0660925 -0.0464599 0.000156094
      vertex -0.0662895 -0.0464599 0.000299261
      vertex -0.0660925 0.0464599 0.000156094
    endloop
  endfacet
  facet normal -0.587787 0 -0.809016
    outer loop
      vertex -0.0660925 0.0464599 0.000156094
      vertex -0.0662895 -0.0464599 0.000299261
      vertex -0.0662895 0.0464599 0.000299261
    endloop
  endfacet
  facet normal -0.743145 0 -0.669131
    outer loop
      vertex -0.0662895 -0.0464599 0.000299261
      vertex -0.0664525 -0.0464599 0.000480271
      vertex -0.0662895 0.0464599 0.000299261
    endloop
  endfacet
  facet normal -0.743145 0 -0.669131
    outer loop
      vertex -0.0662895 0.0464599 0.000299261
      vertex -0.0664525 -0.0464599 0.000480271
      vertex -0.0664525 0.0464599 0.000480271
    endloop
  endfacet
  facet normal -0.866023 0 -0.500004
    outer loop
      vertex -0.0664525 -0.0464599 0.000480271
      vertex -0.0665743 -0.0464599 0.00069121
      vertex -0.0664525 0.0464599 0.000480271
    endloop
  endfacet
  facet normal -0.866023 0 -0.500004
    outer loop
      vertex -0.0664525 0.0464599 0.000480271
      vertex -0.0665743 -0.0464599 0.00069121
      vertex -0.0665743 0.0464599 0.00069121
    endloop
  endfacet
  facet normal -0.951059 0 -0.309009
    outer loop
      vertex -0.0665743 -0.0464599 0.00069121
      vertex -0.0666495 -0.0464599 0.000922861
      vertex -0.0665743 0.0464599 0.00069121
    endloop
  endfacet
  facet normal -0.951059 0 -0.309009
    outer loop
      vertex -0.0665743 0.0464599 0.00069121
      vertex -0.0666495 -0.0464599 0.000922861
      vertex -0.0666495 0.0464599 0.000922861
    endloop
  endfacet
  facet normal -0.994523 0 -0.104522
    outer loop
      vertex -0.0666495 -0.0464599 0.000922861
      vertex -0.066675 -0.0464599 0.0011651
      vertex -0.0666495 0.0464599 0.000922861
    endloop
  endfacet
  facet normal -0.994523 0 -0.104522
    outer loop
      vertex -0.0666495 0.0464599 0.000922861
      vertex -0.066675 -0.0464599 0.0011651
      vertex -0.066675 0.0464599 0.0011651
    endloop
  endfacet
endsolid Mesh
